;;Tibia;Tibia;Tibia;Tibia;Tibia;Tibia;Tibia;Femur;Femur;Femur;Femur;Femur;Femur;Femur;MP;MP;MP;MP;MP;MP;MP
;;Rotation;Rotation;Rotation;Rotation;Position;Position;Position;Rotation;Rotation;Rotation;Rotation;Position;Position;Position;Rotation;Rotation;Rotation;Rotation;Position;Position;Position
Frame;Time (Seconds);X;Y;Z;W;X;Y;Z;X;Y;Z;W;X;Y;Z;X;Y;Z;W;X;Y;Z
0;0;0,721231;0,006073;-0,135412;-0,679303;8,746752;599,16687;24,680012;0,162536;-0,097431;-0,018414;-0,981708;-12,111693;396,461121;-521,234314;;;;;;;
1;0,01;0,721189;0,006228;-0,135932;-0,679242;8,68674;599,029419;24,750967;0,162536;-0,097397;-0,018306;-0,981713;-12,127123;396,43927;-521,22168;;;;;;;
2;0,02;;;;;;;;;;;;;;;;;;;;;
3;0,03;0,721289;0,006253;-0,136357;-0,679051;8,671523;599,006042;24,78964;;;;;;;;;;;;;;
4;0,04;0,72143;0,005922;-0,136235;-0,678928;8,717919;599,072327;24,76734;;;;;;;;;;;;;;
5;0,05;0,721445;0,005952;-0,136463;-0,678866;8,707762;599,08905;24,776674;0,162578;-0,09728;-0,018011;-0,981723;-12,188335;396,333679;-521,158752;;;;;;;
6;0,06;0,721401;0,006117;-0,136552;-0,678894;8,67891;599,043823;24,801249;0,16256;-0,097297;-0,018226;-0,981721;-12,183671;396,354248;-521,158875;;;;;;;
7;0,07;0,721346;0,006008;-0,136524;-0,678959;8,700991;599,020142;24,824358;0,162547;-0,097259;-0,018364;-0,981724;-12,160439;396,36441;-521,149841;;;;;;;
8;0,08;0,72129;0,005961;-0,136408;-0,679042;8,720342;599,007996;24,836779;0,162523;-0,097271;-0,018221;-0,981729;-12,16981;396,385071;-521,15387;;;;;;;
9;0,09;0,721179;0,005993;-0,13645;-0,679151;8,725544;598,977173;24,863642;0,162524;-0,097331;-0,018001;-0,981727;-12,209394;396,387817;-521,152466;;;;;;;
10;0,1;0,721039;0,006083;-0,136423;-0,679305;8,732317;598,924438;24,892092;0,162497;-0,097367;-0,018225;-0,981724;-12,200593;396,420044;-521,158508;;;;;;;
11;0,11;0,720987;0,006088;-0,136353;-0,679374;8,745241;598,868896;24,926216;0,162503;-0,097263;-0,018412;-0,98173;-12,099463;396,427795;-521,144775;;;;;;;
12;0,12;0,720788;0,006181;-0,13639;-0,679576;8,754994;598,8302;24,962099;0,162482;-0,09722;-0,018079;-0,981744;-12,097783;396,429138;-521,133484;;;;;;;
13;0,13;0,720736;0,006177;-0,136256;-0,679658;8,774685;598,799011;24,991182;0,162452;-0,097183;-0,017835;-0,981757;-12,085258;396,448151;-521,130249;;;;;;;
14;0,14;0,720698;0,006129;-0,13623;-0,679704;8,793257;598,768555;25,008677;0,162459;-0,097289;-0,018269;-0,981737;-12,08426;396,471313;-521,141479;;;;;;;
15;0,15;0,720526;0,006186;-0,13644;-0,679844;8,795877;598,722595;25,034838;0,162466;-0,09733;-0,018383;-0,98173;-12,097358;396,470856;-521,140869;;;;;;;
16;0,16;0,720448;0,006262;-0,136446;-0,679925;8,80075;598,681458;25,063572;0,162457;-0,097308;-0,018127;-0,981739;-12,084052;396,465942;-521,139282;;;;;;;
17;0,17;0,720405;0,006115;-0,136214;-0,680019;8,829994;598,671875;25,07884;0,16242;-0,097317;-0,018092;-0,981744;-12,084401;396,505615;-521,148682;;;;;;;
18;0,18;0,720385;0,005991;-0,136145;-0,680055;8,85291;598,662415;25,091339;0,162436;-0,097319;-0,01808;-0,981742;-12,10734;396,493408;-521,130981;;;;;;;
19;0,19;0,7203;0,006055;-0,136284;-0,680116;8,848067;598,645325;25,11138;0,162402;-0,097383;-0,018194;-0,981739;-12,123069;396,539337;-521,149597;;;;;;;
20;0,2;0,720285;0,00605;-0,136196;-0,68015;8,845627;598,646362;25,125086;0,162405;-0,097445;-0,018213;-0,981732;-12,129312;396,562958;-521,156311;;;;;;;
21;0,21;0,720291;0,005911;-0,136111;-0,680162;8,876516;598,661011;25,122307;0,162365;-0,097391;-0,01808;-0,981746;-12,134542;396,574799;-521,155579;;;;;;;
22;0,22;0,720277;0,005829;-0,135984;-0,680202;8,900506;598,67395;25,125082;0,162351;-0,097433;-0,018234;-0,981742;-12,151276;396,592834;-521,155151;;;;;;;
23;0,23;0,720272;0,005889;-0,136188;-0,680167;8,886593;598,658691;25,140253;0,162374;-0,097413;-0,018062;-0,981743;-12,153719;396,568054;-521,140625;;;;;;;
24;0,24;0,720239;0,005942;-0,136216;-0,680196;8,881086;598,648376;25,147226;0,162378;-0,097472;-0,018104;-0,981736;-12,186113;396,569489;-521,144653;;;;;;;
25;0,25;0,720246;0,005781;-0,136117;-0,68021;8,896628;598,651733;25,143906;0,162392;-0,097452;-0,018158;-0,981734;-12,187858;396,550232;-521,141724;;;;;;;
26;0,26;0,720279;0,005856;-0,136015;-0,680194;8,884105;598,640869;25,142382;0,162371;-0,097446;-0,018239;-0,981737;-12,176443;396,572968;-521,152954;;;;;;;
27;0,27;0,720192;0,005997;-0,136247;-0,680238;8,842237;598,617676;25,155787;0,162362;-0,097402;-0,018087;-0,981746;-12,174826;396,562134;-521,155029;;;;;;;
28;0,28;0,72015;0,006106;-0,13636;-0,680259;8,81595;598,598083;25,161509;0,162386;-0,097358;-0,018035;-0,981747;-12,175409;396,526703;-521,134705;;;;;;;
29;0,29;0,720155;0,005989;-0,136212;-0,680285;8,802355;598,583557;25,160746;0,162385;-0,097341;-0,018152;-0,981747;-12,168923;396,522217;-521,132751;;;;;;;
30;0,3;0,720068;0,006137;-0,136298;-0,680358;8,76775;598,554382;25,178017;0,162395;-0,097312;-0,017953;-0,981752;-12,203837;396,488892;-521,124084;;;;;;;
31;0,31;0,720026;0,006251;-0,136321;-0,680397;8,726656;598,527283;25,187746;0,16245;-0,097333;-0,018003;-0,981739;-12,220105;396,456787;-521,110168;;;;;;;
32;0,32;0,719994;0,006264;-0,136268;-0,680441;8,713835;598,509766;25,192604;0,162418;-0,097457;-0,018246;-0,981728;-12,298796;396,486206;-521,136963;;;;;;;
33;0,33;0,719954;0,006228;-0,136317;-0,680474;8,691229;598,494568;25,194921;0,162426;-0,097395;-0,018196;-0,981734;-12,301499;396,466766;-521,131714;;;;;;;
34;0,34;0,719867;0,006402;-0,136342;-0,68056;8,64761;598,45636;25,204319;0,162414;-0,097466;-0,018269;-0,981727;-12,33346;396,483337;-521,145813;;;;;;;
35;0,35;0,71979;0,006473;-0,136381;-0,680632;8,607601;598,434387;25,2061;0,162408;-0,097515;-0,018279;-0,981723;-12,389922;396,477783;-521,156006;;;;;;;
36;0,36;0,719838;0,006409;-0,13625;-0,680608;8,582422;598,426086;25,194515;0,162365;-0,097368;-0,01844;-0,981742;-12,304893;396,505341;-521,172607;;;;;;;
37;0,37;0,719794;0,006514;-0,136447;-0,680614;8,546686;598,407959;25,18214;0,162399;-0,097411;-0,018494;-0,981731;-12,342299;396,480865;-521,170654;;;;;;;
38;0,38;0,719794;0,006614;-0,13655;-0,680594;8,492954;598,39679;25,179289;0,162413;-0,097337;-0,018303;-0,98174;-12,334552;396,446259;-521,16687;;;;;;;
39;0,39;0,719852;0,006633;-0,136547;-0,680533;8,472152;598,406128;25,161352;0,162439;-0,097315;-0,018373;-0,981736;-12,332971;396,429291;-521,157959;;;;;;;
40;0,4;0,719953;0,006591;-0,136446;-0,680446;8,460595;598,44281;25,138966;0,162425;-0,097523;-0,018717;-0,981711;-12,445172;396,469055;-521,18219;;;;;;;
41;0,41;0,720073;0,006661;-0,136376;-0,680333;8,451908;598,480652;25,111994;0,162436;-0,097336;-0,018454;-0,981733;-12,35025;396,443939;-521,170044;;;;;;;
42;0,42;0,720135;0,006619;-0,136502;-0,680242;8,43686;598,512085;25,090689;0,162444;-0,097293;-0,01832;-0,981739;-12,343511;396,41864;-521,168335;;;;;;;
43;0,43;0,720224;0,006659;-0,136471;-0,680154;8,44338;598,545349;25,062895;0,162452;-0,097294;-0,018522;-0,981733;-12,323343;396,432983;-521,164307;;;;;;;
44;0,44;0,720356;0,006653;-0,136433;-0,680021;8,445358;598,586365;25,028744;0,162445;-0,097291;-0,018424;-0,981737;-12,337644;396,426514;-521,172913;;;;;;;
45;0,45;0,72051;0,006546;-0,136277;-0,679891;8,454701;598,644958;24,987749;0,162451;-0,097235;-0,018251;-0,981744;-12,302886;396,422699;-521,173645;;;;;;;
46;0,46;0,720664;0,006412;-0,136173;-0,679749;8,454862;598,690002;24,949196;0,162444;-0,097464;-0,018463;-0,981719;-12,424727;396,446594;-521,207092;;;;;;;
47;0,47;0,720732;0,006429;-0,136222;-0,679667;8,451663;598,728149;24,905897;0,16247;-0,097255;-0,018476;-0,981735;-12,277096;396,426819;-521,190735;;;;;;;
48;0,48;0,720867;0,006366;-0,136141;-0,679542;8,439556;598,763184;24,867455;0,162464;-0,097233;-0,018358;-0,98174;-12,277621;396,416534;-521,200806;;;;;;;
49;0,49;0,72102;0,006283;-0,136079;-0,679392;8,437129;598,809082;24,833666;0,162458;-0,097252;-0,01822;-0,981742;-12,292686;396,417358;-521,210999;;;;;;;
50;0,5;0,721124;0,006273;-0,136016;-0,679294;8,447791;598,872192;24,792229;0,162459;-0,097287;-0,018324;-0,981737;-12,299727;396,429749;-521,219727;;;;;;;
51;0,51;0,721244;0,006302;-0,13594;-0,679182;8,454754;598,915833;24,766357;0,16249;-0,097268;-0,018364;-0,981733;-12,272731;396,413788;-521,211121;;;;;;;
52;0,52;0,721259;0,006351;-0,136146;-0,679124;8,44521;598,955017;24,743378;0,162491;-0,097197;-0,018227;-0,981742;-12,229897;396,410217;-521,210938;;;;;;;
53;0,53;0,721365;0,006367;-0,13609;-0,679022;8,459633;599,003357;24,716011;0,162487;-0,097286;-0,018228;-0,981734;-12,266728;396,430389;-521,223511;;;;;;;
54;0,54;0,721448;0,006266;-0,136055;-0,678943;8,484109;599,045105;24,688213;0,162534;-0,097247;-0,01817;-0,981731;-12,24354;396,396179;-521,205505;;;;;;;
55;0,55;0,721539;0,006264;-0,136017;-0,678854;8,49591;599,080383;24,666668;0,162584;-0,097251;-0,018258;-0,981721;-12,218993;396,376801;-521,195557;;;;;;;
56;0,56;0,721536;0,006233;-0,13624;-0,678812;8,498543;599,095642;24,659388;0,162548;-0,097307;-0,018193;-0,981722;-12,256337;396,403534;-521,208679;;;;;;;
57;0,57;0,721624;0,00619;-0,136196;-0,678728;8,519869;599,126892;24,650875;0,162533;-0,097289;-0,018226;-0,981726;-12,232155;396,421753;-521,211548;;;;;;;
58;0,58;0,721695;0,006099;-0,136188;-0,678654;8,543711;599,15448;24,640108;0,162513;-0,097336;-0,018274;-0,981724;-12,264425;396,437134;-521,218506;;;;;;;
59;0,59;0,72168;0,006125;-0,136162;-0,678676;8,53881;599,158203;24,643225;0,1625;-0,097319;-0,018218;-0,981729;-12,256112;396,443024;-521,219055;;;;;;;
60;0,6;0,721692;0,00615;-0,136323;-0,678631;8,534728;599,156006;24,650898;0,162543;-0,097323;-0,018192;-0,981722;-12,258256;396,4104;-521,203613;;;;;;;
61;0,61;0,721712;0,00616;-0,136201;-0,678633;8,534134;599,15509;24,652452;0,162514;-0,097335;-0,018265;-0,981724;-12,267538;396,431244;-521,209167;;;;;;;
62;0,62;0,721694;0,006127;-0,136141;-0,678665;8,535069;599,147827;24,653227;0,162521;-0,097321;-0,018307;-0,981723;-12,254773;396,430054;-521,203125;;;;;;;
63;0,63;0,721634;0,006172;-0,136269;-0,678703;8,512519;599,132202;24,662457;0,162541;-0,097305;-0,018217;-0,981723;-12,255947;396,407776;-521,197388;;;;;;;
64;0,64;0,72159;0,006281;-0,1362;-0,678762;8,494895;599,108215;24,668106;0,162543;-0,097212;-0,018137;-0,981734;-12,210932;396,394196;-521,184387;;;;;;;
65;0,65;0,721591;0,006203;-0,136048;-0,678792;8,492638;599,085754;24,677916;0,162546;-0,097269;-0,018323;-0,981724;-12,226402;396,403076;-521,19104;;;;;;;
66;0,66;0,721451;0,006255;-0,136221;-0,678905;8,484124;599,055542;24,691893;0,162521;-0,097245;-0,018212;-0,981732;-12,235493;396,408173;-521,191467;;;;;;;
67;0,67;0,721447;0,006286;-0,136026;-0,678949;8,474429;599,026306;24,713701;0,162509;-0,097255;-0,018168;-0,981734;-12,250454;396,416962;-521,195801;;;;;;;
68;0,68;0,721379;0,006341;-0,136048;-0,679017;8,465815;599,000061;24,726665;0,162452;-0,097322;-0,018348;-0,981734;-12,279594;396,459625;-521,219238;;;;;;;
69;0,69;0,721325;0,006334;-0,136021;-0,679079;8,458929;598,976746;24,739052;0,162499;-0,09729;-0,01843;-0,981728;-12,262201;396,429291;-521,193115;;;;;;;
70;0,7;0,721305;0,006412;-0,136139;-0,679076;8,438294;598,952881;24,746769;0,16251;-0,097274;-0,01829;-0,98173;-12,268675;396,407928;-521,191467;;;;;;;
71;0,71;0,721249;0,006403;-0,13607;-0,67915;8,426083;598,942688;24,751457;0,162519;-0,09723;-0,01823;-0,981734;-12,255216;396,389648;-521,182922;;;;;;;
72;0,72;0,721296;0,006317;-0,136023;-0,67911;8,421597;598,937012;24,758091;0,162525;-0,097202;-0,018313;-0,981734;-12,245741;396,38562;-521,172546;;;;;;;
73;0,73;0,72131;0,006367;-0,13597;-0,679105;8,408818;598,927124;24,759378;0,162472;-0,097213;-0,018461;-0,981739;-12,242857;396,428864;-521,189148;;;;;;;
74;0,74;0,721346;0,006409;-0,135975;-0,679066;8,39073;598,921143;24,766266;0,162491;-0,097176;-0,018305;-0,981743;-12,244802;396,400299;-521,173462;;;;;;;
75;0,75;0,721314;0,006358;-0,136157;-0,679064;8,387105;598,917114;24,765287;0,162446;-0,097208;-0,018319;-0,981747;-12,276814;396,426147;-521,193176;;;;;;;
76;0,76;0,72132;0,00633;-0,135951;-0,679098;8,379743;598,920227;24,759434;0,162493;-0,097187;-0,018463;-0,981738;-12,25422;396,400696;-521,182739;;;;;;;
77;0,77;0,721353;0,006429;-0,136024;-0,679048;8,360981;598,918396;24,759296;0,162481;-0,097169;-0,018392;-0,981743;-12,258469;396,404968;-521,182556;;;;;;;
78;0,78;0,721329;0,00638;-0,136124;-0,679054;8,340287;598,914185;24,760763;0,162476;-0,097156;-0,018301;-0,981747;-12,272012;396,401215;-521,184448;;;;;;;
79;0,79;0,721352;0,006355;-0,135965;-0,679061;8,328846;598,913696;24,752995;0,16245;-0,097265;-0,01852;-0,981737;-12,330875;396,434082;-521,208252;;;;;;;
80;0,8;0,721298;0,006287;-0,136143;-0,679084;8,323811;598,919922;24,74884;0,162463;-0,097408;-0,018697;-0,981717;-12,416008;396,435669;-521,212036;;;;;;;
81;0,81;0,721374;0,006364;-0,136;-0,679031;8,308421;598,918701;24,750561;0,162524;-0,097106;-0,018314;-0,981744;-12,267836;396,350555;-521,169067;;;;;;;
82;0,82;0,721351;0,006381;-0,136026;-0,67905;8,298736;598,919556;24,748684;0,162471;-0,097404;-0,018627;-0,981717;-12,42707;396,41922;-521,208923;;;;;;;
83;0,83;0,721407;0,00636;-0,136014;-0,678993;8,297345;598,920166;24,745455;0,162484;-0,097387;-0,018676;-0,981716;-12,422123;396,409973;-521,198425;;;;;;;
84;0,84;0,721436;0,006401;-0,13597;-0,678971;8,295603;598,922546;24,745014;0,162499;-0,097408;-0,018706;-0,981711;-12,435054;396,398163;-521,195007;;;;;;;
85;0,85;0,72138;0,006366;-0,136103;-0,679004;8,280059;598,937073;24,737751;0,162496;-0,097136;-0,018401;-0,981744;-12,282973;396,37027;-521,177429;;;;;;;
86;0,86;0,721454;0,006324;-0,136022;-0,678942;8,289408;598,950928;24,725693;0,162509;-0,097284;-0,018515;-0,981725;-12,372784;396,370056;-521,179749;;;;;;;
87;0,87;0,721491;0,006293;-0,136054;-0,678896;8,284023;598,97406;24,715738;0,16248;-0,097454;-0,018753;-0,981708;-12,459831;396,416779;-521,206726;;;;;;;
88;0,88;0,721527;0,006294;-0,13612;-0,678845;8,281506;598,996399;24,70257;0,16251;-0,097463;-0,018726;-0,981703;-12,468909;396,393707;-521,196899;;;;;;;
89;0,89;0,721564;0,006324;-0,136162;-0,678797;8,287253;599,017212;24,692863;0,162508;-0,097487;-0,0187;-0,981701;-12,48173;396,390381;-521,200439;;;;;;;
90;0,9;0,721621;0,006287;-0,136055;-0,678758;8,293494;599,044556;24,686035;0,162499;-0,097474;-0,018782;-0,981703;-12,468436;396,409668;-521,202332;;;;;;;
91;0,91;0,721614;0,006288;-0,136119;-0,678753;8,295262;599,049011;24,686468;0,162504;-0,097457;-0,018745;-0,981704;-12,466453;396,395325;-521,196838;;;;;;;
92;0,92;0,721675;0,006221;-0,136127;-0,678687;8,283103;599,051331;24,682898;0,162536;-0,097171;-0,018404;-0,981734;-12,319344;396,338776;-521,160706;;;;;;;
93;0,93;0,721689;0,006292;-0,136238;-0,678649;8,279156;599,064026;24,675335;0,162516;-0,097463;-0,01874;-0,981702;-12,466956;396,384399;-521,189941;;;;;;;
94;0,94;0,721773;0,006294;-0,136086;-0,67859;8,290878;599,086914;24,661121;0,162518;-0,097391;-0,018728;-0,981709;-12,420562;396,38266;-521,182983;;;;;;;
95;0,95;0,721778;0,006268;-0,136125;-0,678578;8,286158;599,104187;24,648281;0,162515;-0,097291;-0,018623;-0,981721;-12,351661;396,384918;-521,180969;;;;;;;
96;0,96;0,721819;0,006313;-0,136105;-0,678537;8,285347;599,114014;24,642357;0,162514;-0,0974;-0,018616;-0,981711;-12,422848;396,385925;-521,184082;;;;;;;
97;0,97;0,721825;0,006285;-0,136072;-0,678538;8,295228;599,131104;24,629406;0,162524;-0,097456;-0,018729;-0,981701;-12,447951;396,388733;-521,189087;;;;;;;
98;0,98;0,721828;0,006324;-0,136123;-0,678525;8,307236;599,137634;24,625093;0,162552;-0,097421;-0,018826;-0,981698;-12,391743;396,38269;-521,179565;;;;;;;
99;0,99;0,721837;0,00634;-0,136159;-0,678507;8,307281;599,141174;24,626141;0,162533;-0,09739;-0,01856;-0,98171;-12,41501;396,373749;-521,174133;;;;;;;
100;1;0,721881;0,006335;-0,136141;-0,678464;8,305761;599,147278;24,62022;0,162536;-0,09738;-0,018624;-0,981709;-12,39266;396,381042;-521,178345;;;;;;;
101;1,01;0,721919;0,006252;-0,13611;-0,678431;8,311854;599,167664;24,613245;0,16253;-0,097424;-0,018712;-0,981704;-12,413279;396,39325;-521,181152;;;;;;;
102;1,02;0,721959;0,006272;-0,136133;-0,678383;8,318722;599,183411;24,605858;0,162545;-0,097095;-0,018277;-0,981742;-12,26134;396,339874;-521,146423;;;;;;;
103;1,03;0,721968;0,006264;-0,136125;-0,678375;8,317808;599,183655;24,614649;0,162545;-0,097172;-0,018282;-0,981735;-12,301053;396,343201;-521,150635;;;;;;;
104;1,04;0,721968;0,006309;-0,136097;-0,67838;8,314157;599,178284;24,618162;0,162532;-0,097355;-0,018519;-0,981714;-12,395979;396,363556;-521,161621;;;;;;;
105;1,05;0,721978;0,006301;-0,136191;-0,678351;8,326107;599,18335;24,616833;0,16251;-0,097417;-0,018682;-0,981708;-12,414671;396,39679;-521,171082;;;;;;;
106;1,06;0,722008;0,006141;-0,136121;-0,678334;8,331845;599,194214;24,6164;0,16254;-0,097292;-0,018469;-0,98172;-12,335749;396,362274;-521,154663;;;;;;;
107;1,07;0,721989;0,006219;-0,136142;-0,67835;8,347615;599,200012;24,616398;0,16255;-0,097104;-0,018181;-0,981742;-12,252251;396,339325;-521,135498;;;;;;;
108;1,08;0,721964;0,006197;-0,136205;-0,678364;8,360127;599,195068;24,618141;0,162548;-0,097171;-0,018338;-0,981733;-12,265818;396,355865;-521,144897;;;;;;;
109;1,09;0,721939;0,006233;-0,136165;-0,678398;8,362845;599,192139;24,623148;0,162575;-0,097262;-0,018487;-0,981717;-12,299078;396,359375;-521,145447;;;;;;;
110;1,1;0,721938;0,006247;-0,136277;-0,678377;8,378342;599,192261;24,631643;0,162565;-0,097281;-0,01836;-0,981719;-12,312688;396,365173;-521,146606;;;;;;;
111;1,11;0,721923;0,006203;-0,136345;-0,678379;8,404558;599,196899;24,63686;0,162553;-0,097254;-0,018333;-0,981724;-12,288798;396,374084;-521,148804;;;;;;;
112;1,12;0,721906;0,006166;-0,13632;-0,678403;8,417168;599,192871;24,643993;0,162544;-0,097256;-0,018372;-0,981725;-12,288538;396,380554;-521,147827;;;;;;;
113;1,13;0,721831;0,006194;-0,136309;-0,678485;8,417253;599,166443;24,663071;0,16253;-0,097416;-0,018536;-0,981708;-12,372828;396,401001;-521,157715;;;;;;;
114;1,14;0,721785;0,006261;-0,136413;-0,678513;8,418747;599,156494;24,677233;0,162579;-0,097247;-0,018351;-0,98172;-12,268682;396,361572;-521,125122;;;;;;;
115;1,15;0,72178;0,006259;-0,136328;-0,678534;8,437369;599,158325;24,682056;0,162564;-0,097241;-0,018337;-0,981723;-12,261039;396,375671;-521,129211;;;;;;;
116;1,16;0,721759;0,006207;-0,136309;-0,678561;8,440611;599,151123;24,686945;0,162557;-0,0972;-0,018293;-0,981729;-12,245978;396,374939;-521,125916;;;;;;;
117;1,17;0,721698;0,00626;-0,13627;-0,678633;8,43457;599,124084;24,70443;0,16256;-0,097275;-0,018374;-0,98172;-12,272573;396,383484;-521,134399;;;;;;;
118;1,18;0,721631;0,006292;-0,136295;-0,6787;8,432889;599,103516;24,715727;0,16252;-0,097311;-0,018392;-0,981723;-12,288297;396,409821;-521,149414;;;;;;;
119;1,19;0,721643;0,006248;-0,136173;-0,678711;8,457856;599,097534;24,723808;0,162543;-0,097358;-0,018446;-0,981713;-12,307328;396,407257;-521,143555;;;;;;;
120;1,2;0,721563;0,006237;-0,136303;-0,67877;8,487067;599,092407;24,735565;0,162565;-0,097315;-0,018391;-0,981715;-12,278108;396,394684;-521,131653;;;;;;;
121;1,21;0,721533;0,006322;-0,136277;-0,678807;8,485394;599,070496;24,751423;0,16251;-0,097311;-0,018277;-0,981727;-12,278351;396,425598;-521,146118;;;;;;;
122;1,22;0,721483;0,006307;-0,136321;-0,678851;8,499065;599,053894;24,770185;0,162552;-0,097402;-0,018304;-0,98171;-12,329636;396,398651;-521,131592;;;;;;;
123;1,23;0,721447;0,006226;-0,136283;-0,678898;8,523059;599,049622;24,777443;0,162539;-0,097387;-0,018322;-0,981713;-12,307657;396,410431;-521,135498;;;;;;;
124;1,24;0,721463;0,006148;-0,136116;-0,678916;8,545757;599,047729;24,784468;0,162545;-0,097329;-0,018172;-0,981721;-12,274431;396,398682;-521,122131;;;;;;;
125;1,25;0,721408;0,006235;-0,13621;-0,678954;8,548622;599,032104;24,796446;0,162514;-0,0973;-0,018151;-0,981729;-12,241256;396,421936;-521,130127;;;;;;;
126;1,26;0,721419;0,006293;-0,136156;-0,678952;8,559435;599,011108;24,806477;0,162493;-0,097355;-0,01829;-0,981725;-12,251796;396,441254;-521,141052;;;;;;;
127;1,27;0,721376;0,006232;-0,136113;-0,679007;8,569139;599,005066;24,812773;0,162482;-0,097312;-0,018337;-0,98173;-12,218794;396,45285;-521,13916;;;;;;;
128;1,28;0,721365;0,006227;-0,136105;-0,679021;8,577539;599,000305;24,812283;0,162495;-0,097379;-0,018299;-0,981722;-12,245617;396,45343;-521,143127;;;;;;;
129;1,29;0,721328;0,006224;-0,136086;-0,679063;8,577225;598,997864;24,813883;0,162503;-0,097408;-0,018179;-0,98172;-12,273593;396,441162;-521,141907;;;;;;;
130;1,3;0,721319;0,006219;-0,136125;-0,679066;8,579103;598,994507;24,817993;0,162515;-0,097363;-0,0184;-0,981718;-12,210475;396,455719;-521,140015;;;;;;;
131;1,31;0,721308;0,006261;-0,136228;-0,679056;8,583762;598,996277;24,821413;0,162466;-0,097383;-0,018312;-0,981726;-12,250862;396,479614;-521,154358;;;;;;;
132;1,32;0,721324;0,006217;-0,13619;-0,679048;8,592472;599,000549;24,821426;0,162438;-0,097289;-0,018043;-0,981745;-12,206435;396,48822;-521,143555;;;;;;;
133;1,33;0,721323;0,006146;-0,136124;-0,679062;8,605568;599,008423;24,818699;0,162441;-0,097316;-0,018104;-0,981741;-12,207031;396,498077;-521,145142;;;;;;;
134;1,34;0,721328;0,00621;-0,136164;-0,679048;8,613147;599,009338;24,814671;0,162462;-0,097336;-0,018185;-0,981734;-12,221406;396,479919;-521,142517;;;;;;;
135;1,35;0,721334;0,006264;-0,136228;-0,679029;8,609502;599,005188;24,818472;0,162476;-0,097415;-0,018312;-0,981721;-12,242771;396,480835;-521,149414;;;;;;;
136;1,36;0,721325;0,006229;-0,13624;-0,679036;8,61073;599,009583;24,814804;0,162458;-0,097294;-0,018103;-0,98174;-12,185705;396,478241;-521,145691;;;;;;;
137;1,37;0,721394;0,006101;-0,136126;-0,678987;8,622423;599,027222;24,802469;0,162468;-0,097415;-0,018299;-0,981723;-12,237384;396,487427;-521,159119;;;;;;;
138;1,38;0,721409;0,006117;-0,136161;-0,678963;8,62516;599,033325;24,794722;0,162486;-0,097293;-0,018244;-0,981733;-12,168289;396,466888;-521,146118;;;;;;;
139;1,39;0,721412;0,006246;-0,136241;-0,678943;8,618035;599,033325;24,791277;0,162482;-0,097333;-0,018174;-0,981731;-12,194771;396,463623;-521,141846;;;;;;;
140;1,4;0,721414;0,006182;-0,136289;-0,678933;8,619562;599,04364;24,783819;0,162486;-0,097267;-0,018058;-0,981739;-12,16641;396,446075;-521,135437;;;;;;;
141;1,41;0,721444;0,006199;-0,136322;-0,678894;8,627591;599,064209;24,770277;0,162489;-0,097185;-0,018089;-0,981746;-12,107828;396,44751;-521,129578;;;;;;;
142;1,42;0,72152;0,006165;-0,136169;-0,678844;8,618377;599,07489;24,760082;0,162501;-0,097346;-0,018234;-0,981725;-12,19819;396,444672;-521,145691;;;;;;;
143;1,43;0,721524;0,006235;-0,136299;-0,678813;8,607356;599,079956;24,758793;0,162492;-0,097346;-0,018159;-0,981728;-12,211219;396,439606;-521,14502;;;;;;;
144;1,44;0,721535;0,006228;-0,136351;-0,678791;8,603975;599,088379;24,754036;0,162455;-0,097317;-0,018217;-0,981736;-12,18871;396,473938;-521,153564;;;;;;;
145;1,45;0,721588;0,006172;-0,136319;-0,678741;8,609933;599,105835;24,748283;0,162479;-0,097369;-0,018244;-0,981727;-12,233099;396,454681;-521,152039;;;;;;;
146;1,46;0,721608;0,006185;-0,136374;-0,67871;8,609021;599,112549;24,747549;0,162485;-0,097384;-0,018215;-0,981725;-12,252501;396,452118;-521,150879;;;;;;;
147;1,47;0,721601;0,006176;-0,136394;-0,678713;8,601015;599,106934;24,748741;0,16247;-0,097395;-0,01824;-0,981726;-12,253068;396,465485;-521,158325;;;;;;;
148;1,48;0,721572;0,006201;-0,13632;-0,678758;8,591149;599,095154;24,748972;0,162502;-0,097398;-0,01833;-0,981718;-12,248391;396,449402;-521,148804;;;;;;;
149;1,49;0,721599;0,006193;-0,136222;-0,678749;8,590266;599,089722;24,75058;0,162518;-0,097337;-0,018328;-0,981722;-12,207279;396,434784;-521,141724;;;;;;;
150;1,5;0,721538;0,0063;-0,136362;-0,678785;8,576768;599,077271;24,75025;0,162539;-0,097269;-0,018209;-0,981727;-12,180487;396,409058;-521,130554;;;;;;;
151;1,51;0,721513;0,006296;-0,136339;-0,678816;8,570513;599,066162;24,755987;0,162482;-0,097464;-0,018438;-0,981713;-12,282018;396,469482;-521,168945;;;;;;;
152;1,52;0,721513;0,006324;-0,136279;-0,678827;8,563763;599,059875;24,754169;0,162505;-0,097245;-0,018251;-0,981735;-12,17812;396,42334;-521,140137;;;;;;;
153;1,53;0,721481;0,006328;-0,136321;-0,678853;8,555284;599,057617;24,755661;0,162551;-0,097239;-0,018199;-0,981728;-12,180904;396,388;-521,124512;;;;;;;
154;1,54;0,721482;0,006346;-0,136282;-0,67886;8,55592;599,051575;24,760914;0,16254;-0,097199;-0,018101;-0,981736;-12,161873;396,387787;-521,127991;;;;;;;
155;1,55;0,721476;0,006327;-0,136216;-0,678879;8,558914;599,04126;24,759193;0,162552;-0,097258;-0,018218;-0,981726;-12,187901;396,385834;-521,126648;;;;;;;
156;1,56;0,721442;0,00635;-0,136302;-0,678898;8,558455;599,033264;24,765688;0,162557;-0,097256;-0,018227;-0,981725;-12,189548;396,380371;-521,119995;;;;;;;
157;1,57;0,72143;0,006342;-0,136321;-0,678907;8,557137;599,018555;24,774475;0,162541;-0,09722;-0,018206;-0,981732;-12,161689;396,388763;-521,126343;;;;;;;
158;1,58;0,721419;0,006311;-0,136185;-0,678947;8,556948;599,007935;24,782158;0,162561;-0,097275;-0,018184;-0,981723;-12,203522;396,367767;-521,121704;;;;;;;
159;1,59;0,72143;0,00635;-0,136148;-0,678942;8,556319;598,995911;24,78772;0,162559;-0,097281;-0,018344;-0,98172;-12,182638;396,38028;-521,124512;;;;;;;
160;1,6;0,721388;0,006368;-0,136145;-0,678987;8,551151;598,982788;24,794043;0,162543;-0,097214;-0,018299;-0,98173;-12,154707;396,384949;-521,123779;;;;;;;
161;1,61;0,721386;0,006414;-0,136174;-0,678983;8,546021;598,97467;24,796755;0,162574;-0,097256;-0,01827;-0,981722;-12,177752;396,363892;-521,120422;;;;;;;
162;1,62;0,721352;0,006383;-0,136126;-0,679029;8,542026;598,973694;24,79505;0,162569;-0,097177;-0,018121;-0,981733;-12,15452;396,351593;-521,109314;;;;;;;
163;1,63;0,721331;0,006401;-0,136156;-0,679045;8,538436;598,967896;24,793409;0,162553;-0,09714;-0,018256;-0,981737;-12,10997;396,377289;-521,113403;;;;;;;
164;1,64;0,721343;0,00641;-0,136004;-0,679062;8,514776;598,961304;24,792622;0,162522;-0,097176;-0,018229;-0,981739;-12,134761;396,395142;-521,126038;;;;;;;
165;1,65;0,721329;0,006469;-0,136042;-0,679069;8,507869;598,953003;24,788582;0,162547;-0,097205;-0,01816;-0,981733;-12,164521;396,370544;-521,122681;;;;;;;
166;1,66;0,721332;0,006431;-0,135972;-0,679081;8,499994;598,951477;24,78735;0,162578;-0,097137;-0,018165;-0,981735;-12,123114;396,345093;-521,104797;;;;;;;
167;1,67;0,721289;0,006399;-0,136022;-0,679117;8,492148;598,944458;24,792986;0,162537;-0,09714;-0,018264;-0,981739;-12,121363;396,378174;-521,118591;;;;;;;
168;1,68;0,721277;0,006423;-0,136131;-0,679107;8,483946;598,930115;24,802567;0,162559;-0,097141;-0,018194;-0,981737;-12,134372;396,355438;-521,110962;;;;;;;
169;1,69;0,721316;0,006388;-0,13603;-0,679086;8,483056;598,907959;24,814962;0,162543;-0,097076;-0,018209;-0,981746;-12,096854;396,364319;-521,108459;;;;;;;
170;1,7;0,7213;0,006419;-0,136002;-0,679109;8,490252;598,894897;24,828699;0,162545;-0,097333;-0,018478;-0,981715;-12,24508;396,381256;-521,118958;;;;;;;
171;1,71;0,721257;0,006377;-0,136069;-0,679141;8,482242;598,874939;24,844112;0,162507;-0,097175;-0,0185;-0,981736;-12,133393;396,40741;-521,12146;;;;;;;
172;1,72;0,721244;0,006456;-0,136077;-0,679153;8,483236;598,865601;24,849419;0,162526;-0,097127;-0,018274;-0,981742;-12,13843;396,370209;-521,101685;;;;;;;
173;1,73;0,721265;0,006396;-0,136102;-0,679126;8,472475;598,876709;24,851236;0,162528;-0,097152;-0,018351;-0,981738;-12,150555;396,375458;-521,102905;;;;;;;
174;1,74;0,7213;0,006348;-0,136078;-0,679094;8,478811;598,883728;24,845322;0,162545;-0,097181;-0,018418;-0,981731;-12,162029;396,369354;-521,102295;;;;;;;
175;1,75;0,721267;0,00636;-0,13619;-0,679107;8,475985;598,895996;24,84272;0,162537;-0,097162;-0,018359;-0,981735;-12,15737;396,369324;-521,098999;;;;;;;
176;1,76;0,72133;0,006388;-0,13613;-0,679051;8,470478;598,906311;24,847086;0,162551;-0,09707;-0,01829;-0,981743;-12,105442;396,35498;-521,085815;;;;;;;
177;1,77;0,72133;0,00636;-0,136231;-0,679032;8,485;598,924011;24,836842;0,162536;-0,097157;-0,018461;-0,981734;-12,133321;396,37912;-521,096619;;;;;;;
178;1,78;0,721414;0,00633;-0,136174;-0,678954;8,499002;598,948486;24,830839;0,16253;-0,097161;-0,01842;-0,981735;-12,141471;396,377716;-521,093384;;;;;;;
179;1,79;0,721412;0,006354;-0,13622;-0,678947;8,51585;598,973511;24,828035;0,16254;-0,097222;-0,018409;-0,981728;-12,179374;396,366058;-521,091797;;;;;;;
180;1,8;0,721458;0,006408;-0,136367;-0,678867;8,537598;598,991211;24,826551;0,162532;-0,097194;-0,018338;-0,981733;-12,164788;396,363342;-521,08136;;;;;;;
181;1,81;0,721476;0,0063;-0,136398;-0,678843;8,557759;599,010498;24,827093;0,162539;-0,097128;-0,018437;-0,981737;-12,097631;396,372894;-521,080566;;;;;;;
182;1,82;0,721508;0,006251;-0,13637;-0,678815;8,576042;599,018311;24,83322;0,162505;-0,097274;-0,018359;-0,98173;-12,204983;396,385254;-521,096436;;;;;;;
183;1,83;0,721519;0,006325;-0,136512;-0,678775;8,589881;599,018921;24,836403;0,162473;-0,097246;-0,018362;-0,981738;-12,170608;396,406982;-521,103149;;;;;;;
184;1,84;0,721518;0,006297;-0,136562;-0,678765;8,602393;599,019165;24,842161;0,162517;-0,097236;-0,01841;-0,98173;-12,151165;396,38031;-521,085144;;;;;;;
185;1,85;0,721534;0,006265;-0,136594;-0,678743;8,612608;599,010376;24,846498;0,162496;-0,097356;-0,018407;-0,981722;-12,23245;396,40332;-521,099548;;;;;;;
186;1,86;0,721575;0,006332;-0,136818;-0,678653;8,614213;598,977844;24,859524;0,16248;-0,097232;-0,018276;-0,981739;-12,159146;396,407959;-521,095581;;;;;;;
187;1,87;0,721563;0,00639;-0,137049;-0,678619;8,604878;598,927368;24,886347;0,162456;-0,097322;-0,018253;-0,981735;-12,226151;396,422211;-521,105774;;;;;;;
188;1,88;0,721563;0,00646;-0,137264;-0,678575;8,599682;598,867432;24,925249;0,162481;-0,097342;-0,018462;-0,981725;-12,202222;396,428772;-521,102966;;;;;;;
189;1,89;0,721526;0,006504;-0,137534;-0,678559;8,60642;598,805359;24,972467;0,162447;-0,097388;-0,018408;-0,981727;-12,247695;396,440491;-521,109619;;;;;;;
190;1,9;0,721429;0,00659;-0,137911;-0,678585;8,602955;598,755676;25,017954;0,162461;-0,097639;-0,018622;-0,981696;-12,381598;396,455688;-521,115173;;;;;;;
191;1,91;0,721427;0,006505;-0,138118;-0,678545;8,615935;598,733582;25,042665;0,162453;-0,097547;-0,018576;-0,981707;-12,332511;396,456482;-521,098877;;;;;;;
192;1,92;0,721445;0,006499;-0,138235;-0,678503;8,638179;598,737427;25,058449;0,162472;-0,097542;-0,018598;-0,981704;-12,330645;396,442169;-521,086853;;;;;;;
193;1,93;0,721514;0,006494;-0,138368;-0,678402;8,648666;598,74707;25,068167;0,162461;-0,097546;-0,018547;-0,981706;-12,335486;396,446808;-521,094299;;;;;;;
194;1,94;0,721565;0,006489;-0,138591;-0,678303;8,661222;598,744324;25,073189;0,162457;-0,09749;-0,018423;-0,981715;-12,312379;396,437164;-521,090027;;;;;;;
195;1,95;0,721675;0,006464;-0,138756;-0,678152;8,670904;598,752197;25,073549;0,162471;-0,097413;-0,018385;-0,981721;-12,264357;396,425415;-521,074402;;;;;;;
196;1,96;0,721789;0,006411;-0,138868;-0,678008;8,695646;598,784729;25,057148;0,162482;-0,097452;-0,018488;-0,981713;-12,274049;396,423981;-521,069458;;;;;;;
197;1,97;0,721897;0,006349;-0,138984;-0,67787;8,725574;598,826111;25,033245;0,162468;-0,097345;-0,018335;-0,981729;-12,199061;396,432922;-521,081177;;;;;;;
198;1,98;0,721986;0,006383;-0,139132;-0,677744;8,747719;598,867188;25,01339;0,162515;-0,097241;-0,01812;-0,981736;-12,13849;396,398926;-521,051636;;;;;;;
199;1,99;0,722093;0,006395;-0,139386;-0,677578;8,766287;598,888245;25,005493;0,162533;-0,097383;-0,01817;-0,981718;-12,226283;396,39444;-521,059509;;;;;;;
200;2;0,722162;0,0064;-0,139547;-0,677472;8,779168;598,887817;25,011709;0,162509;-0,097418;-0,018325;-0,981715;-12,215546;396,424347;-521,076294;;;;;;;
201;2,01;0,722229;0,006431;-0,139894;-0,677328;8,800595;598,908203;25,0177;0,162498;-0,097281;-0,01805;-0,981736;-12,161644;396,409363;-521,054932;;;;;;;
202;2,02;0,722315;0,006326;-0,140044;-0,677207;8,84572;598,941162;25,015038;0,1625;-0,097296;-0,017965;-0,981736;-12,180436;396,403534;-521,046082;;;;;;;
203;2,03;0,722382;0,006256;-0,14014;-0,677116;8,888475;598,980835;25,013462;0,162437;-0,097374;-0,018091;-0,981736;-12,209138;396,471863;-521,069153;;;;;;;
204;2,04;0,722515;0,006147;-0,140296;-0,676943;8,913485;598,966614;25,023201;0,162434;-0,097466;-0,018148;-0,981726;-12,258992;396,491943;-521,078674;;;;;;;
205;2,05;0,72266;0,006218;-0,140638;-0,676717;8,895212;598,790466;25,07485;0,162437;-0,097479;-0,018068;-0,981726;-12,261754;396,501678;-521,081848;;;;;;;
206;2,06;0,722508;0,00718;-0,141693;-0,676649;8,7843;598,429993;25,193794;0,162429;-0,097429;-0,018037;-0,981733;-12,216161;396,518951;-521,083191;;;;;;;
207;2,07;0,722247;0,008448;-0,143518;-0,676529;8,622345;597,824707;25,34235;0,16242;-0,097511;-0,018225;-0,981723;-12,229093;396,546387;-521,0896;;;;;;;
208;2,08;0,721776;0,009751;-0,145402;-0,676611;8,475393;597,297241;25,584351;0,162451;-0,097381;-0,018086;-0,981733;-12,164545;396,466614;-521,074524;;;;;;;
209;2,09;0,721348;0,01028;-0,146356;-0,676854;8,422669;596,985168;25,780626;0,162413;-0,09739;-0,018432;-0,981732;-12,12853;396,53891;-521,099609;;;;;;;
210;2,1;0,721486;0,009983;-0,146152;-0,676756;8,48417;596,842407;25,828566;0,162406;-0,097435;-0,018164;-0,981734;-12,190898;396,525574;-521,084656;;;;;;;
211;2,11;0,721172;0,009874;-0,146272;-0,677066;8,516986;596,856567;25,900171;0,162419;-0,097458;-0,018078;-0,981731;-12,205802;396,531921;-521,085571;;;;;;;
212;2,12;0,721323;0,009828;-0,1463;-0,676899;8,542295;596,835571;25,88924;0,162363;-0,097471;-0,018143;-0,981738;-12,221157;396,573975;-521,094116;;;;;;;
213;2,13;0,721277;0,009745;-0,146342;-0,676941;8,569568;596,815063;25,915415;0,162442;-0,097483;-0,018219;-0,981722;-12,213545;396,519379;-521,074097;;;;;;;
214;2,14;0,721134;0,009942;-0,146569;-0,677041;8,566468;596,792664;25,946629;0,162363;-0,097488;-0,018169;-0,981735;-12,212544;396,584167;-521,096313;;;;;;;
215;2,15;0,72129;0,009927;-0,146434;-0,676904;8,572595;596,747314;25,937502;0,16243;-0,097494;-0,018114;-0,981725;-12,207993;396,544586;-521,087402;;;;;;;
216;2,16;0,721073;0,009861;-0,146578;-0,677105;8,582015;596,713623;25,996258;0,162358;-0,09744;-0,018133;-0,981742;-12,179035;396,589996;-521,104675;;;;;;;
217;2,17;0,721064;0,009997;-0,146846;-0,677055;8,552284;596,654602;25,995459;0,162438;-0,097554;-0,018275;-0,981714;-12,247097;396,536804;-521,090027;;;;;;;
218;2,18;0,720951;0,009997;-0,146808;-0,677184;8,538494;596,584534;26,033091;0,162397;-0,097414;-0,0181;-0,981739;-12,175981;396,553436;-521,087585;;;;;;;
219;2,19;0,720853;0,009973;-0,146873;-0,677273;8,521379;596,528503;26,086826;0,16242;-0,097372;-0,018145;-0,981738;-12,137047;396,541077;-521,08075;;;;;;;
220;2,2;0,720827;0,009922;-0,147055;-0,677263;8,51123;596,439392;26,113749;0,162407;-0,097451;-0,018203;-0,981731;-12,196185;396,542297;-521,080994;;;;;;;
221;2,21;0,720572;0,009963;-0,147424;-0,677453;8,516845;596,343384;26,200672;0,162389;-0,097454;-0,018202;-0,981734;-12,206622;396,559753;-521,08551;;;;;;;
222;2,22;0,720648;0,010255;-0,147714;-0,677305;8,520648;596,190674;26,276264;0,162411;-0,097506;-0,018269;-0,981724;-12,211523;396,563232;-521,090515;;;;;;;
223;2,23;0,720484;0,010488;-0,148327;-0,677341;8,526085;595,994629;26,384645;0,162385;-0,097526;-0,01819;-0,981728;-12,236081;396,580322;-521,087341;;;;;;;
224;2,24;0,720135;0,010886;-0,14931;-0,677491;8,515023;595,838013;26,519176;0,162431;-0,097468;-0,018168;-0,981726;-12,210037;396,525177;-521,063049;;;;;;;
225;2,25;0,720006;0,010865;-0,149755;-0,67753;8,565673;595,689636;26,620924;0,162374;-0,09747;-0,018267;-0,981733;-12,191336;396,590363;-521,08606;;;;;;;
226;2,26;0,719925;0,010789;-0,15009;-0,677544;8,615088;595,506653;26,744621;0,162427;-0,097484;-0,018163;-0,981725;-12,182652;396,566528;-521,075073;;;;;;;
227;2,27;0,719713;0,011255;-0,15102;-0,677554;8,574687;595,248779;26,903282;0,162409;-0,097576;-0,018119;-0,98172;-12,250452;396,588043;-521,080078;;;;;;;
228;2,28;0,71945;0,011471;-0,152014;-0,677607;8,547182;594,929993;27,083826;0,162403;-0,097581;-0,018252;-0,981718;-12,237423;396,588654;-521,085999;;;;;;;
229;2,29;0,719222;0,011928;-0,153195;-0,677575;8,55172;594,611572;27,276615;0,162392;-0,097489;-0,01823;-0,981729;-12,173327;396,600006;-521,076721;;;;;;;
230;2,3;0,718975;0,012421;-0,154467;-0,67754;8,559577;594,317383;27,456659;0,162433;-0,097507;-0,018083;-0,981723;-12,188109;396,569092;-521,065552;;;;;;;
231;2,31;0,71873;0,012483;-0,155483;-0,677566;8,605116;594,091064;27,63633;0,162369;-0,097607;-0,018117;-0,981724;-12,258805;396,607117;-521,092529;;;;;;;
232;2,32;0,718626;0,012376;-0,156175;-0,67752;8,675348;593,944153;27,777414;0,162345;-0,097487;-0,018217;-0,981738;-12,169021;396,629791;-521,085327;;;;;;;
233;2,33;0,718463;0,012224;-0,156691;-0,677576;8,762233;593,912048;27,906036;0,162406;-0,09755;-0,018273;-0,98172;-12,197308;396,587494;-521,078918;;;;;;;
234;2,34;0,71854;0,011832;-0,156535;-0,677538;8,912774;594,007202;28,007154;0,162408;-0,097546;-0,018119;-0,981723;-12,211653;396,58905;-521,078796;;;;;;;
235;2,35;0,718713;0,01112;-0,156282;-0,677425;9,095295;594,212402;28,050817;0,162428;-0,097573;-0,018163;-0,981716;-12,228368;396,580292;-521,078918;;;;;;;
236;2,36;0,718901;0,01046;-0,156044;-0,677291;9,290022;594,477356;28,078547;0,162357;-0,097579;-0,018263;-0,981726;-12,22616;396,639954;-521,097473;;;;;;;
237;2,37;0,719234;0,009516;-0,155814;-0,677004;9,50516;594,787048;28,100605;0,162403;-0,097548;-0,018244;-0,981721;-12,196157;396,613922;-521,084473;;;;;;;
238;2,38;0,719433;0,008533;-0,155546;-0,676867;9,749963;595,126282;28,14636;0,162349;-0,097583;-0,018147;-0,981729;-12,233274;396,650238;-521,093506;;;;;;;
239;2,39;0,719778;0,007599;-0,155209;-0,676589;9,981213;595,447937;28,190216;0,16236;-0,097625;-0,018302;-0,98172;-12,240419;396,660645;-521,099792;;;;;;;
240;2,4;0,719952;0,006646;-0,155192;-0,676417;10,221599;595,740967;28,236977;0,162388;-0,097487;-0,018124;-0,981732;-12,180671;396,623901;-521,067932;;;;;;;
241;2,41;0,720192;0,005912;-0,155389;-0,676123;10,47416;596,038452;28,3009;0,162372;-0,097606;-0,018063;-0,981724;-12,264151;396,628693;-521,079407;;;;;;;
242;2,42;0,720417;0,004879;-0,155503;-0,675865;10,721404;596,313843;28,370466;0,162373;-0,0976;-0,018138;-0,981723;-12,238392;396,641663;-521,086121;;;;;;;
243;2,43;0,720694;0,004055;-0,15532;-0,675618;10,962838;596,58844;28,434534;0,162339;-0,097591;-0,018099;-0,98173;-12,241584;396,658447;-521,083923;;;;;;;
244;2,44;0,721061;0,003089;-0,15511;-0,67528;11,220606;596,890808;28,500744;0,162368;-0,097689;-0,018221;-0,981714;-12,278754;396,651245;-521,094849;;;;;;;
245;2,45;0,721226;0,002254;-0,15557;-0,675001;11,478835;597,212463;28,56345;0,162358;-0,097708;-0,01818;-0,981714;-12,285245;396,666382;-521,096619;;;;;;;
246;2,46;0,721537;0,001438;-0,155479;-0,674691;11,746179;597,532288;28,603533;0,162397;-0,09769;-0,018071;-0,981712;-12,281534;396,630402;-521,083557;;;;;;;
247;2,47;0,72189;0,000379;-0,155053;-0,674413;11,994925;597,840698;28,652508;0,162412;-0,09763;-0,018045;-0,981716;-12,231994;396,621887;-521,067566;;;;;;;
248;2,48;0,722162;-0,000487;-0,155079;-0,674115;12,231608;598,131042;28,695953;0,162441;-0,097707;-0,018088;-0,981702;-12,269794;396,610199;-521,069641;;;;;;;
249;2,49;0,722443;-0,001471;-0,154927;-0,673849;12,468651;598,445313;28,729286;0,16243;-0,097719;-0,018056;-0,981703;-12,270967;396,623291;-521,070496;;;;;;;
250;2,5;0,722739;-0,00241;-0,154684;-0,673584;12,710508;598,748352;28,778994;0,162443;-0,097701;-0,01799;-0,981704;-12,276939;396,612152;-521,062988;;;;;;;
251;2,51;0,723011;-0,003033;-0,15441;-0,673352;12,940529;599,013977;28,842997;0,162431;-0,097766;-0,018064;-0,981698;-12,318541;396,628174;-521,069336;;;;;;;
252;2,52;0,723207;-0,003768;-0,154407;-0,673139;13,159926;599,247559;28,911932;0,16241;-0,097747;-0,018;-0,981705;-12,319983;396,638184;-521,073669;;;;;;;
253;2,53;0,723364;-0,004515;-0,154744;-0,672888;13,391454;599,443665;28,985205;0,162438;-0,097746;-0,017942;-0,981701;-12,329435;396,611359;-521,064758;;;;;;;
254;2,54;0,723541;-0,005223;-0,155045;-0,672623;13,573594;599,629517;29,055767;0,162421;-0,097761;-0,01802;-0,981701;-12,330057;396,629761;-521,064758;;;;;;;
255;2,55;0,723647;-0,005878;-0,155371;-0,672428;13,746516;599,795349;29,13184;0,162414;-0,097748;-0,018087;-0,981703;-12,314161;396,640503;-521,071716;;;;;;;
256;2,56;0,723734;-0,006493;-0,155502;-0,672299;13,918424;599,961731;29,203419;0,162418;-0,097755;-0,017962;-0,981703;-12,347278;396,628235;-521,064575;;;;;;;
257;2,57;0,723817;-0,007024;-0,155649;-0,67217;14,085855;600,115112;29,267471;0,16244;-0,097732;-0,017904;-0,981703;-12,342934;396,605804;-521,056641;;;;;;;
258;2,58;0,723864;-0,007574;-0,15576;-0,672088;14,253806;600,256653;29,344919;0,162407;-0,097777;-0,018058;-0,981701;-12,340449;396,643646;-521,068359;;;;;;;
259;2,59;0,723891;-0,008007;-0,156053;-0,671986;14,418742;600,355103;29,434738;0,162412;-0,097739;-0,017956;-0,981706;-12,33817;396,631805;-521,057251;;;;;;;
260;2,6;0,723844;-0,008348;-0,156621;-0,6719;14,59189;600,426331;29,539358;0,162409;-0,097784;-0,017961;-0,981702;-12,35402;396,640778;-521,056885;;;;;;;
261;2,61;0,723829;-0,008769;-0,157086;-0,671803;14,747243;600,482422;29,655739;0,162436;-0,097784;-0,017933;-0,981698;-12,356732;396,619568;-521,049866;;;;;;;
262;2,62;0,723794;-0,009123;-0,157451;-0,671751;14,913774;600,531799;29,794813;0,162431;-0,097759;-0,017952;-0,981701;-12,339725;396,626282;-521,045288;;;;;;;
263;2,63;0,723823;-0,009618;-0,157647;-0,671666;15,088636;600,599976;29,920063;0,16241;-0,097788;-0,017989;-0,981701;-12,349346;396,651733;-521,041077;;;;;;;
264;2,64;0,723815;-0,010054;-0,157796;-0,671633;15,266291;600,669189;30,043066;0,162413;-0,097828;-0,017888;-0,981699;-12,388937;396,638428;-521,035645;;;;;;;
265;2,65;0,723783;-0,010571;-0,158041;-0,671602;15,435077;600,745789;30,161957;0,162376;-0,097863;-0,01805;-0,981698;-12,385915;396,684296;-521,044617;;;;;;;
266;2,66;0,723854;-0,011228;-0,158235;-0,671469;15,620687;600,849182;30,285358;0,162412;-0,097822;-0,017918;-0,981699;-12,382657;396,642487;-521,028809;;;;;;;
267;2,67;0,723893;-0,011773;-0,158374;-0,671385;15,820648;600,955139;30,399643;0,162399;-0,097823;-0,017839;-0,981702;-12,400564;396,644745;-521,030518;;;;;;;
268;2,68;0,723887;-0,012405;-0,15873;-0,671297;16,019342;601,06488;30,509953;0,162402;-0,097856;-0,017903;-0,981697;-12,412054;396,647766;-521,037964;;;;;;;
269;2,69;0,723917;-0,012975;-0,158931;-0,671205;16,193642;601,151794;30,619179;0,162424;-0,097756;-0,01787;-0,981704;-12,358164;396,625763;-521,02063;;;;;;;
270;2,7;0,723866;-0,01344;-0,159232;-0,67118;16,340166;601,215027;30,732655;0,162406;-0,097777;-0,017973;-0,981703;-12,362817;396,644257;-521,030029;;;;;;;
271;2,71;0,723862;-0,013902;-0,159534;-0,671104;16,490864;601,259827;30,854378;0,162376;-0,097802;-0,017932;-0,981706;-12,392152;396,661682;-521,032837;;;;;;;
272;2,72;0,723844;-0,014427;-0,159834;-0,67104;16,647491;601,289734;30,983124;0,162401;-0,097827;-0,01784;-0,981701;-12,427521;396,632477;-521,017517;;;;;;;
273;2,73;0,723791;-0,014932;-0,16033;-0,670968;16,805109;601,320984;31,110046;0,1624;-0,097841;-0,017956;-0,981698;-12,421706;396,642578;-521,024902;;;;;;;
274;2,74;0,723814;-0,015293;-0,160605;-0,670869;16,95664;601,352356;31,23185;0,162369;-0,097863;-0,018017;-0,9817;-12,430378;396,667542;-521,03595;;;;;;;
275;2,75;0,723806;-0,015678;-0,160833;-0,670814;17,07766;601,377869;31,337608;0,162395;-0,097892;-0,017977;-0,981693;-12,458818;396,647583;-521,023376;;;;;;;
276;2,76;0,723765;-0,015884;-0,16113;-0,670782;17,194016;601,406433;31,430573;0,162408;-0,097855;-0,017918;-0,981696;-12,445162;396,63327;-521,015564;;;;;;;
277;2,77;0,723793;-0,016168;-0,161097;-0,670753;17,294809;601,448303;31,501688;0,162405;-0,097926;-0,018031;-0,981687;-12,476547;396,642731;-521,019409;;;;;;;
278;2,78;0,723755;-0,016377;-0,161113;-0,670785;17,395615;601,477905;31,537786;0,162445;-0,098164;-0,018167;-0,981654;-12,611965;396,617371;-520,985962;;;;;;;
279;2,79;0,723899;-0,016513;-0,16101;-0,670652;17,516474;601,496521;31,495892;0,162319;-0,098547;-0,018332;-0,981634;-12,822833;396,712402;-520,940002;;;;;;;
280;2,8;0,723919;-0,016542;-0,160996;-0,670633;17,647768;601,496216;31,462215;0,162348;-0,099234;-0,018615;-0,981555;-13,214035;396,75885;-520,861145;;;;;;;
281;2,81;0,723877;-0,016746;-0,161119;-0,670643;17,756351;601,4823;31,492174;0,162277;-0,09947;-0,018271;-0,981549;-13,362424;396,82077;-520,830383;;;;;;;
282;2,82;0,723711;-0,01693;-0,161598;-0,670703;17,860859;601,439148;31,61138;0,162374;-0,099432;-0,018235;-0,981537;-13,331868;396,763977;-520,800659;;;;;;;
283;2,83;0,723501;-0,017036;-0,162073;-0,670812;17,973064;601,378174;31,755213;0,16234;-0,099505;-0,018526;-0,98153;-13,365224;396,785309;-520,802185;;;;;;;
284;2,84;0,723347;-0,017363;-0,162583;-0,670846;18,090366;601,281311;31,913179;0,16237;-0,099523;-0,018568;-0,981522;-13,367117;396,774353;-520,792786;;;;;;;
285;2,85;0,723123;-0,017701;-0,163379;-0,670885;18,196297;601,185913;32,110233;0,162291;-0,099498;-0,018278;-0,981544;-13,349672;396,827332;-520,821228;;;;;;;
286;2,86;0,722918;-0,01793;-0,164159;-0,67091;18,330046;601,101624;32,287926;0,162398;-0,099501;-0,018352;-0,981524;-13,35056;396,757751;-520,795776;;;;;;;
287;2,87;0,722787;-0,018196;-0,164669;-0,670919;18,474937;601,026733;32,465176;0,162304;-0,099623;-0,018719;-0,98152;-13,410054;396,831055;-520,815613;;;;;;;
288;2,88;0,722731;-0,018618;-0,165098;-0,670862;18,633858;600,993774;32,639225;0,162335;-0,099465;-0,018482;-0,981536;-13,329741;396,787872;-520,796875;;;;;;;
289;2,89;0,722579;-0,019118;-0,165671;-0,67087;18,813198;601,000488;32,809677;0,162319;-0,099556;-0,018321;-0,981532;-13,387251;396,798645;-520,811707;;;;;;;
290;2,9;0,722496;-0,019803;-0,166008;-0,670857;19,019707;601,055603;32,954708;0,162298;-0,099638;-0,018442;-0,981525;-13,454638;396,811676;-520,808594;;;;;;;
291;2,91;0,722395;-0,020305;-0,166346;-0,670866;19,216953;601,15564;33,068119;0,1623;-0,099553;-0,018701;-0,981529;-13,379121;396,810028;-520,812134;;;;;;;
292;2,92;0,722422;-0,020825;-0,166589;-0,670762;19,42087;601,314575;33,170666;0,162305;-0,099481;-0,018495;-0,981539;-13,34648;396,801697;-520,806824;;;;;;;
293;2,93;0,722532;-0,021503;-0,166627;-0,670612;19,65753;601,509216;33,258614;0,162357;-0,099591;-0,018332;-0,981522;-13,43424;396,762604;-520,797119;;;;;;;
294;2,94;0,722519;-0,022446;-0,166687;-0,67058;19,920187;601,722961;33,351013;0,162305;-0,099519;-0,018439;-0,981536;-13,395398;396,796844;-520,810364;;;;;;;
295;2,95;0,722466;-0,023356;-0,166731;-0,670595;20,15704;601,934021;33,453274;0,162334;-0,099426;-0,018642;-0,981537;-13,311745;396,784546;-520,817078;;;;;;;
296;2,96;0,722424;-0,024169;-0,166776;-0,670601;20,424179;602,101379;33,571674;0,162334;-0,099491;-0,018399;-0,981535;-13,377676;396,777496;-520,810669;;;;;;;
297;2,97;0,722332;-0,024926;-0,167018;-0,670612;20,6758;602,234131;33,711945;0,162372;-0,099528;-0,018317;-0,981526;-13,395595;396,756012;-520,814941;;;;;;;
298;2,98;0,722266;-0,025604;-0,167481;-0,670542;20,910572;602,327576;33,873436;0,162317;-0,099482;-0,01852;-0,981536;-13,348194;396,799072;-520,830017;;;;;;;
299;2,99;0,722221;-0,026258;-0,167837;-0,670476;21,159187;602,399109;34,046238;0,162319;-0,099464;-0,018625;-0,981536;-13,327579;396,794678;-520,833008;;;;;;;
300;3;0,722175;-0,026996;-0,168069;-0,670438;21,42309;602,470642;34,217056;0,16234;-0,0995;-0,018408;-0,981533;-13,358877;396,771393;-520,831604;;;;;;;
301;3,01;0,722047;-0,027535;-0,168701;-0,670396;21,67775;602,569031;34,389038;0,162316;-0,099451;-0,018346;-0,981543;-13,325382;396,78598;-520,834656;;;;;;;
302;3,02;0,722049;-0,028358;-0,168831;-0,670326;21,94969;602,690674;34,538986;0,162313;-0,099427;-0,018555;-0,981542;-13,294881;396,779938;-520,837402;;;;;;;
303;3,03;0,722092;-0,029194;-0,168944;-0,670216;22,218481;602,835571;34,682858;0,162292;-0,099418;-0,018622;-0,981545;-13,28272;396,791809;-520,838989;;;;;;;
304;3,04;0,722098;-0,03011;-0,168947;-0,670168;22,498173;602,989441;34,839863;0,162329;-0,099469;-0,018503;-0,981536;-13,312654;396,761658;-520,835388;;;;;;;
305;3,05;0,722013;-0,031046;-0,168995;-0,670205;22,791084;603,151917;34,984734;0,162236;-0,099435;-0,018518;-0,981555;-13,292566;396,825684;-520,864136;;;;;;;
306;3,06;0,721928;-0,031749;-0,169623;-0,670105;23,059141;603,302246;35,127579;0,162248;-0,099381;-0,018593;-0,981557;-13,264254;396,804047;-520,857605;;;;;;;
307;3,07;0,721864;-0,03241;-0,170298;-0,669971;23,315226;603,452637;35,255081;0,162249;-0,099303;-0,018456;-0,981567;-13,237208;396,789246;-520,847229;;;;;;;
308;3,08;0,721874;-0,033171;-0,170466;-0,66988;23,572132;603,607056;35,395084;0,162234;-0,099334;-0,018374;-0,981568;-13,2561;396,807892;-520,862244;;;;;;;
309;3,09;0,721833;-0,0341;-0,170542;-0,669859;23,842945;603,761047;35,535458;0,162225;-0,099379;-0,01847;-0,981563;-13,262272;396,821198;-520,874939;;;;;;;
310;3,1;0,721803;-0,034854;-0,17071;-0,669809;24,121664;603,902832;35,681103;0,162229;-0,099316;-0,018498;-0,981568;-13,237173;396,809692;-520,864136;;;;;;;
311;3,11;0,721792;-0,035545;-0,17101;-0,669708;24,38936;604,003052;35,844795;0,162228;-0,099329;-0,018517;-0,981567;-13,233364;396,815643;-520,868774;;;;;;;
312;3,12;0,721763;-0,036231;-0,171518;-0,669572;24,639441;604,084534;36,018074;0,162163;-0,099271;-0,018305;-0,981587;-13,21239;396,851013;-520,889099;;;;;;;
313;3,13;0,721703;-0,036793;-0,172258;-0,669416;24,884855;604,149963;36,188511;0,162183;-0,099251;-0,018345;-0,981585;-13,194289;396,835907;-520,884888;;;;;;;
314;3,14;0,721649;-0,037552;-0,172663;-0,669328;25,137035;604,253418;36,335476;0,16217;-0,099281;-0,01856;-0,98158;-13,188208;396,8479;-520,889648;;;;;;;
315;3,15;0,721724;-0,038387;-0,173027;-0,669106;25,40699;604,40271;36,460117;0,162142;-0,099252;-0,018538;-0,981588;-13,161728;396,861023;-520,903015;;;;;;;
316;3,16;0,721812;-0,039248;-0,173248;-0,668904;25,700878;604,622986;36,552502;0,162129;-0,099226;-0,018469;-0,981594;-13,134072;396,872406;-520,901367;;;;;;;
317;3,17;0,721907;-0,040249;-0,173418;-0,668698;25,99778;604,889587;36,628574;0,162128;-0,09926;-0,018561;-0,981589;-13,139423;396,876617;-520,912231;;;;;;;
318;3,18;0,722091;-0,041228;-0,173259;-0,66848;26,30422;605,201294;36,693485;0,162107;-0,099165;-0,0185;-0,981604;-13,10084;396,869415;-520,91571;;;;;;;
319;3,19;0,722263;-0,042291;-0,172997;-0,668296;26,643671;605,527222;36,761185;0,162082;-0,099151;-0,018598;-0,981607;-13,063615;396,904114;-520,925293;;;;;;;
320;3,2;0,72237;-0,043311;-0,173243;-0,668052;26,984554;605,85437;36,816833;0,162089;-0,099243;-0,018554;-0,981598;-13,125132;396,897797;-520,93219;;;;;;;
321;3,21;0,722509;-0,044414;-0,173149;-0,667853;27,324352;606,188965;36,876938;0,162033;-0,099244;-0,018592;-0,981606;-13,126248;396,932587;-520,951233;;;;;;;
322;3,22;0,722689;-0,045617;-0,173148;-0,667578;27,646824;606,488708;36,954643;0,162075;-0,099161;-0,018607;-0,981607;-13,071666;396,901703;-520,934143;;;;;;;
323;3,23;0,72281;-0,046684;-0,17316;-0,667369;27,982578;606,758179;37,050064;0,162054;-0,09909;-0,018459;-0,981621;-13,03781;396,913605;-520,940308;;;;;;;
324;3,24;0,722929;-0,047748;-0,173085;-0,667185;28,308277;606,986694;37,162441;0,162069;-0,099205;-0,018526;-0,981605;-13,08422;396,921509;-520,951172;;;;;;;
325;3,25;0,722943;-0,048744;-0,173514;-0,666987;28,647783;607,207703;37,306744;0,162069;-0,099136;-0,018559;-0,981612;-13,037234;396,929413;-520,944214;;;;;;;
326;3,26;0,7231;-0,049772;-0,173512;-0,666741;28,97979;607,434387;37,441212;0,162062;-0,09908;-0,018496;-0,98162;-13,022923;396,923157;-520,94696;;;;;;;
327;3,27;0,723185;-0,05079;-0,173565;-0,666557;29,311981;607,670227;37,553802;0,162056;-0,09917;-0,01859;-0,98161;-13,043583;396,949402;-520,955872;;;;;;;
328;3,28;0,723178;-0,051753;-0,173839;-0,66642;29,645605;607,908142;37,654198;0,162018;-0,099163;-0,018466;-0,981619;-13,051858;396,967163;-520,968445;;;;;;;
329;3,29;0,723219;-0,05273;-0,173995;-0,666258;29,972784;608,145874;37,740543;0,162019;-0,099191;-0,018647;-0,981613;-13,034289;396,986908;-520,972595;;;;;;;
330;3,3;0,723226;-0,053736;-0,174014;-0,666165;30,289234;608,383972;37,828541;0,162021;-0,099156;-0,018677;-0,981615;-12,994816;396,986816;-520,970215;;;;;;;
331;3,31;0,723313;-0,054627;-0,174146;-0,665963;30,60494;608,622803;37,900398;0,162046;-0,099137;-0,018515;-0,981616;-12,990741;396,961945;-520,967957;;;;;;;
332;3,32;0,723377;-0,055562;-0,174095;-0,66583;30,899597;608,841125;37,995007;0,16204;-0,099037;-0,018366;-0,98163;-12,939932;396,958923;-520,959839;;;;;;;
333;3,33;0,723314;-0,056486;-0,174175;-0,665799;31,176329;609,03241;38,097866;0,162031;-0,099005;-0,018392;-0,981634;-12,919409;396,965454;-520,965332;;;;;;;
334;3,34;0,723025;-0,057204;-0,174213;-0,666043;31,460476;609,146057;38,180683;0,161902;-0,098903;-0,018281;-0,981668;-12,879526;397,039063;-521,023865;;;;;;;
335;3,35;0,722254;-0,057263;-0,174402;-0,666824;31,743124;609,003601;38,148754;0,161992;-0,098143;-0,017814;-0,981738;-12,455643;396,996185;-521,090149;;;;;;;
336;3,36;0,719285;-0,054229;-0,176686;-0,66968;31,930387;608,665466;38,153091;0,162059;-0,096902;-0,017346;-0,981858;-11,722465;396,850037;-521,213928;;;;;;;
337;3,37;0,718104;-0,053006;-0,178422;-0,670584;32,206699;608,385071;37,910084;0,162099;-0,096362;-0,018695;-0,98188;-11,305785;396,869904;-521,461487;;;;;;;
338;3,38;0,718326;-0,055533;-0,177433;-0,670404;32,747616;608,479919;38,009228;0,162079;-0,096456;-0,018867;-0,981871;-11,420255;396,829193;-521,570679;;;;;;;
339;3,39;0,717352;-0,05558;-0,178831;-0,671071;32,980942;608,728027;38,400475;0,162334;-0,096067;-0,017686;-0,981889;-11,269661;396,640717;-521,520691;;;;;;;
340;3,4;0,717999;-0,056081;-0,179536;-0,670149;33,25975;608,93158;38,469067;0,16196;-0,095386;-0,017309;-0,982024;-10,857736;396,878906;-521,562317;;;;;;;
341;3,41;0,718024;-0,058736;-0,178078;-0,670283;33,896103;609,199158;38,66021;0,162028;-0,095843;-0,018929;-0,981938;-11,050656;396,867432;-521,568054;;;;;;;
342;3,42;0,718348;-0,059463;-0,179351;-0,669533;34,171429;609,575256;38,729301;0,162096;-0,096218;-0,018971;-0,98189;-11,330295;396,812164;-521,559082;;;;;;;
343;3,43;0,71818;-0,060631;-0,178978;-0,669708;34,605286;609,94696;38,885361;0,162212;-0,095698;-0,017682;-0,981945;-11,029638;396,725677;-521,523499;;;;;;;
344;3,44;0,71881;-0,062795;-0,177834;-0,669137;35,175228;610,308594;38,869732;0,162;-0,095627;-0,017512;-0,98199;-10,993523;396,865204;-521,538879;;;;;;;
345;3,45;0,718908;-0,063511;-0,178937;-0,66867;35,509396;610,709473;38,921776;0,162032;-0,09629;-0,018835;-0,981896;-11,355323;396,906708;-521,543274;;;;;;;
346;3,46;0,718584;-0,064729;-0,179199;-0,668831;35,908447;611,08429;39,054028;0,162151;-0,095965;-0,018241;-0,981919;-11,161257;396,795502;-521,496826;;;;;;;
347;3,47;0,719826;-0,066415;-0,177925;-0,667669;36,348156;611,399292;38,915253;0,162069;-0,095468;-0,017138;-0,982001;-10,828968;396,840515;-521,489258;;;;;;;
348;3,48;0,719456;-0,067156;-0,178075;-0,667953;36,654076;611,7099;39,021194;0,162139;-0,095978;-0,017723;-0,981929;-11,117383;396,82663;-521,502014;;;;;;;
349;3,49;0,719571;-0,067797;-0,178851;-0,667558;36,900394;611,953674;39,05727;0,16207;-0,096373;-0,018716;-0,981884;-11,295011;396,925079;-521,538757;;;;;;;
350;3,5;0,720102;-0,069172;-0,17835;-0,666978;37,217522;612,131042;39,037979;0,162089;-0,095649;-0,017868;-0,981967;-10,817992;396,875366;-521,505859;;;;;;;
351;3,51;0,720002;-0,069409;-0,178772;-0,666949;37,392273;612,298096;39,117603;0,162093;-0,09575;-0,017096;-0,98197;-10,92945;396,847382;-521,490662;;;;;;;
352;3,52;0,720353;-0,069446;-0,179179;-0,666456;37,484875;612,391235;39,135921;0,162169;-0,096217;-0,017862;-0,981898;-11,196122;396,850708;-521,500122;;;;;;;
353;3,53;0,720352;-0,07048;-0,178958;-0,666408;37,687458;612,431519;39,235809;0,162032;-0,095866;-0,018204;-0,981949;-10,937458;396,931824;-521,50415;;;;;;;
354;3,54;0,720503;-0,070526;-0,179879;-0,665992;37,737278;612,427368;39,29364;0,161989;-0,095691;-0,017754;-0,981982;-10,836588;396,968292;-521,507019;;;;;;;
355;3,55;0,720268;-0,070397;-0,180608;-0,666062;37,803104;612,385071;39,420685;0,162199;-0,095985;-0,017129;-0,981929;-11,119049;396,782562;-521,447327;;;;;;;
356;3,56;0,720279;-0,070756;-0,180804;-0,665959;37,923248;612,334167;39,514919;0,162081;-0,095978;-0,01773;-0,981939;-11,083385;396,884949;-521,469604;;;;;;;
357;3,57;0,720389;-0,070915;-0,181543;-0,665623;38,007008;612,322998;39,576221;0,161966;-0,095717;-0,018243;-0,981974;-10,868217;396,996399;-521,505371;;;;;;;
358;3,58;0,720072;-0,071174;-0,182082;-0,66579;38,126328;612,362854;39,689377;0,162078;-0,095878;-0,017607;-0,981951;-11,036471;396,900482;-521,481506;;;;;;;
359;3,59;0,720324;-0,071414;-0,182302;-0,665432;38,25779;612,427612;39,693569;0,162192;-0,095956;-0,017082;-0,981934;-11,152367;396,783752;-521,444641;;;;;;;
360;3,6;0,720178;-0,071745;-0,182439;-0,665516;38,420238;612,522339;39,767509;0,162002;-0,095787;-0,017929;-0,981967;-10,963615;396,965363;-521,501282;;;;;;;
361;3,61;0,720105;-0,072318;-0,182692;-0,665464;38,599819;612,602661;39,85574;0,161991;-0,095746;-0,018142;-0,981969;-10,921198;396,991516;-521,505249;;;;;;;
362;3,62;0,720051;-0,072905;-0,182921;-0,665395;38,812523;612,652161;39,945808;0,162144;-0,095985;-0,017231;-0,981937;-11,161299;396,825958;-521,462158;;;;;;;
363;3,63;0,719759;-0,073423;-0,183311;-0,665547;39,040573;612,702637;40,087898;0,162105;-0,09584;-0,017233;-0,981957;-11,046709;396,862579;-521,458496;;;;;;;
364;3,64;0,71969;-0,073989;-0,183641;-0,665468;39,2756;612,745056;40,214668;0,161989;-0,095744;-0,018043;-0,981971;-10,917546;396,990051;-521,491638;;;;;;;
365;3,65;0,71943;-0,07483;-0,183857;-0,665596;39,571701;612,795471;40,390263;0,162047;-0,095831;-0,017723;-0,981959;-11,000709;396,913483;-521,456299;;;;;;;
366;3,66;0,71933;-0,075575;-0,184208;-0,665523;39,855122;612,83197;40,561005;0,162093;-0,095924;-0,017145;-0,981952;-11,091077;396,855347;-521,442871;;;;;;;
367;3,67;0,719059;-0,076148;-0,184387;-0,665701;40,135002;612,826111;40,756741;0,162014;-0,095745;-0,017599;-0,981975;-10,903001;396,964325;-521,468567;;;;;;;
368;3,68;0,718696;-0,076709;-0,184739;-0,665931;40,410992;612,787842;40,988991;0,162029;-0,09577;-0,017902;-0,981965;-10,90523;396,951172;-521,466858;;;;;;;
369;3,69;0,718442;-0,077352;-0,185377;-0,665953;40,694645;612,718689;41,22662;0,162061;-0,096038;-0,017631;-0,981938;-11,093701;396,918243;-521,471191;;;;;;;
370;3,7;0,717989;-0,07797;-0,186157;-0,666152;41,004753;612,640198;41,50499;0,162105;-0,095919;-0,017253;-0,981949;-11,016174;396,895386;-521,457397;;;;;;;
371;3,71;0,717687;-0,078428;-0,186662;-0,666282;41,294003;612,564819;41,756763;0,162055;-0,095824;-0,017464;-0,981963;-10,940773;396,945984;-521,462097;;;;;;;
372;3,72;0,717291;-0,079094;-0,187086;-0,666511;41,600868;612,502686;42,00843;0,162031;-0,096097;-0,017951;-0,981931;-11,075231;396,989777;-521,495972;;;;;;;
373;3,73;0,716899;-0,079813;-0,187781;-0,666652;41,921951;612,45575;42,255054;0,16209;-0,096029;-0,017353;-0,981939;-11,096813;396,910126;-521,454834;;;;;;;
374;3,74;0,716581;-0,080659;-0,188223;-0,666767;42,232719;612,412354;42,499386;0,162093;-0,09585;-0,016926;-0,981963;-11,006208;396,8927;-521,432556;;;;;;;
375;3,75;0,716244;-0,081274;-0,188531;-0,666967;42,518921;612,365723;42,727875;0,162106;-0,095935;-0,017379;-0,981945;-11,020762;396,910065;-521,440979;;;;;;;
376;3,76;0,71587;-0,081927;-0,188955;-0,667169;42,793171;612,305908;42,954922;0,162042;-0,096003;-0,017571;-0,981946;-11,064768;396,959351;-521,459595;;;;;;;
377;3,77;0,715389;-0,0827;-0,189487;-0,667438;43,100113;612,245605;43,20599;0,162095;-0,095995;-0,017314;-0,981942;-11,04374;396,918732;-521,455811;;;;;;;
378;3,78;0,714937;-0,083341;-0,190121;-0,667663;43,391117;612,166504;43,455574;0,162076;-0,096008;-0,017173;-0,981946;-11,057858;396,92276;-521,457581;;;;;;;
379;3,79;0,714371;-0,083685;-0,190877;-0,66801;43,665131;612,051086;43,722301;0,162056;-0,096184;-0,0178;-0,981921;-11,113095;396,974731;-521,483398;;;;;;;
380;3,8;0,713713;-0,084168;-0,191729;-0,668409;43,921268;611,897949;44,006504;0,161993;-0,096102;-0,017756;-0,981941;-11,066601;397,008759;-521,492065;;;;;;;
381;3,81;0,713163;-0,084805;-0,192519;-0,668687;44,173923;611,731628;44,283207;0,162063;-0,09604;-0,017229;-0,981945;-11,069242;396,934052;-521,462769;;;;;;;
382;3,82;0,712597;-0,085252;-0,193178;-0,669044;44,422932;611,582581;44,559616;0,162061;-0,096149;-0,017222;-0,981934;-11,148846;396,937561;-521,46637;;;;;;;
383;3,83;0,712165;-0,085836;-0,193326;-0,669386;44,670517;611,470825;44,810417;0,162025;-0,096113;-0,017549;-0,981938;-11,107021;396,976624;-521,47113;;;;;;;
384;3,84;0,711729;-0,086523;-0,193548;-0,669698;44,960812;611,39093;45,059437;0,162032;-0,096065;-0,017564;-0,981941;-11,054252;396,978607;-521,471436;;;;;;;
385;3,85;0,711311;-0,087211;-0,193811;-0,669976;45,236412;611,330566;45,285919;0,162042;-0,096028;-0,017028;-0,981953;-11,102926;396,937805;-521,453796;;;;;;;
386;3,86;0,710822;-0,087673;-0,19441;-0,670261;45,489254;611,27179;45,490646;0,162073;-0,096117;-0,017135;-0,981937;-11,167994;396,91568;-521,451233;;;;;;;
387;3,87;0,710591;-0,088028;-0,194403;-0,670462;45,742195;611,211853;45,614731;0,162048;-0,096046;-0,017664;-0,981939;-11,065053;396,964142;-521,473755;;;;;;;
388;3,88;0,710787;-0,08838;-0,194074;-0,670303;46,036407;611,086975;45,52961;0,162039;-0,095988;-0,017523;-0,981949;-11,059198;396,954132;-521,468445;;;;;;;
389;3,89;0,710755;-0,088718;-0,193638;-0,670418;46,346054;610,943665;45,447338;0,162017;-0,096031;-0,017153;-0,981954;-11,1465;396,933167;-521,458679;;;;;;;
390;3,9;0,710339;-0,089396;-0,193788;-0,670726;46,641411;610,862488;45,609261;0,162018;-0,096092;-0,017529;-0,981941;-11,156286;396,953979;-521,492371;;;;;;;
391;3,91;0,70947;-0,089867;-0,194372;-0,671414;46,929245;610,775208;45,918297;0,162056;-0,096027;-0,017816;-0,981936;-11,100208;396,940521;-521,488708;;;;;;;
392;3,92;0,709177;-0,090275;-0,195047;-0,671473;47,195782;610,650208;46,124401;0,161963;-0,096055;-0,01756;-0,981954;-11,156597;396,986633;-521,485107;;;;;;;
393;3,93;0,708531;-0,091175;-0,195584;-0,671877;47,511211;610,532349;46,41573;0,161998;-0,096034;-0,017207;-0,981956;-11,179693;396,936707;-521,465088;;;;;;;
394;3,94;0,708081;-0,091609;-0,19643;-0,672044;47,79282;610,471985;46,671452;0,162021;-0,096015;-0,017411;-0,981951;-11,150297;396,929993;-521,460815;;;;;;;
395;3,95;0,707762;-0,092255;-0,197072;-0,672105;48,107552;610,474792;46,833454;0,162014;-0,096088;-0,017818;-0,981937;-11,141226;396,974335;-521,468567;;;;;;;
396;3,96;0,707516;-0,093197;-0,197176;-0,672203;48,459755;610,566101;46,979916;0,161957;-0,096044;-0,01738;-0,981959;-11,142115;396,989807;-521,463501;;;;;;;
397;3,97;0,707432;-0,09394;-0,197427;-0,672114;48,754341;610,702148;47,080994;0,162086;-0,096074;-0,017034;-0,981941;-11,187155;396,880859;-521,427612;;;;;;;
398;3,98;0,707298;-0,094808;-0,1973;-0,672171;49,062572;610,85968;47,172558;0,161984;-0,096125;-0,017426;-0,981946;-11,173228;396,976044;-521,457764;;;;;;;
399;3,99;0,707473;-0,09548;-0,19718;-0,671927;49,327076;611,016663;47,194733;0,161975;-0,096042;-0,017626;-0,981952;-11,073452;397,009521;-521,473083;;;;;;;
400;4;0,707391;-0,096092;-0,19729;-0,671894;49,561672;611,17926;47,255375;0,162079;-0,096115;-0,017194;-0,981935;-11,139278;396,917633;-521,450623;;;;;;;
401;4,01;0,707492;-0,096925;-0,19734;-0,671653;49,809696;611,322021;47,294773;0,16206;-0,09621;-0,017133;-0,98193;-11,197315;396,925537;-521,454285;;;;;;;
402;4,02;0,707587;-0,097602;-0,19752;-0,671402;50,038239;611,410889;47,347786;0,16197;-0,096174;-0,017673;-0,981939;-11,10306;397,027618;-521,488647;;;;;;;
403;4,03;0,707293;-0,097828;-0,198239;-0,671466;50,20985;611,440063;47,475399;0,161994;-0,096239;-0,017581;-0,98193;-11,143058;397,002594;-521,481812;;;;;;;
404;4,04;0,707283;-0,098145;-0,198811;-0,671263;50,355812;611,402344;47,587601;0,162059;-0,096262;-0,017173;-0,981925;-11,196539;396,937744;-521,453674;;;;;;;
405;4,05;0,707248;-0,098538;-0,199215;-0,671122;50,547874;611,361389;47,728912;0,162037;-0,096239;-0,017239;-0,981929;-11,182668;396,961304;-521,451477;;;;;;;
406;4,06;0,707162;-0,098729;-0,199857;-0,670993;50,699955;611,346252;47,850906;0,162005;-0,096187;-0,017552;-0,981934;-11,107758;397,010254;-521,466003;;;;;;;
407;4,07;0,707149;-0,099132;-0,200262;-0,670827;50,881618;611,349121;47,954285;0,162041;-0,09622;-0,01734;-0,981929;-11,147771;396,977234;-521,452026;;;;;;;
408;4,08;0,707082;-0,099646;-0,200811;-0,670657;51,090725;611,393433;48,052677;0,162074;-0,096219;-0,017093;-0,981928;-11,165673;396,947327;-521,446411;;;;;;;
409;4,09;0,706971;-0,100137;-0,201765;-0,670415;51,293968;611,47052;48,125607;0,16202;-0,09614;-0,017299;-0,981941;-11,09823;397,008606;-521,458496;;;;;;;
410;4,1;0,70688;-0,10079;-0,202414;-0,670217;51,524658;611,606506;48,193058;0,16205;-0,096224;-0,017515;-0,981924;-11,126485;396,997803;-521,463684;;;;;;;
411;4,11;0,707044;-0,101602;-0,202515;-0,66989;51,792435;611,793396;48,225338;0,162091;-0,096112;-0,01714;-0,981934;-11,104623;396,943787;-521,435364;;;;;;;
412;4,12;0,707276;-0,102542;-0,202202;-0,669598;52,08728;612,037964;48,242916;0,162082;-0,096088;-0,017012;-0,981941;-11,109509;396,942566;-521,430115;;;;;;;
413;4,13;0,707478;-0,10364;-0,202085;-0,669249;52,419796;612,332336;48,244602;0,162083;-0,096135;-0,017355;-0,98193;-11,102568;396,966125;-521,434509;;;;;;;
414;4,14;0,707772;-0,104836;-0,201855;-0,668822;52,7631;612,642029;48,230961;0,162062;-0,096106;-0,01737;-0,981936;-11,086135;396,983368;-521,436157;;;;;;;
415;4,15;0,708071;-0,105682;-0,201536;-0,668468;53,122654;612,96167;48,224125;0,162103;-0,09625;-0,017181;-0,981918;-11,200008;396,943634;-521,427856;;;;;;;
416;4,16;0,708222;-0,106633;-0,201622;-0,668132;53,474468;613,26532;48,222118;0,162117;-0,096143;-0,016991;-0,98193;-11,151068;396,929138;-521,411194;;;;;;;
417;4,17;0,708222;-0,107688;-0,201885;-0,667883;53,828144;613,525085;48,256199;0,162141;-0,096143;-0,017038;-0,981925;-11,150763;396,919067;-521,404175;;;;;;;
418;4,18;0,708228;-0,108688;-0,202139;-0,667638;54,173672;613,715271;48,332771;0,162088;-0,096207;-0,01705;-0,981927;-11,181851;396,96994;-521,422302;;;;;;;
419;4,19;0,708168;-0,109579;-0,202367;-0,667487;54,512272;613,841003;48,436317;0,162142;-0,096214;-0,016921;-0,98192;-11,184299;396,941406;-521,411438;;;;;;;
420;4,2;0,707931;-0,110369;-0,202843;-0,667463;54,84362;613,911133;48,592319;0,162149;-0,096308;-0,017005;-0,981908;-11,224325;396,956635;-521,414246;;;;;;;
421;4,21;0,707781;-0,111051;-0,203596;-0,66728;55,164715;613,943115;48,755257;0,16215;-0,096381;-0,017094;-0,981899;-11,262827;396,972748;-521,417297;;;;;;;
422;4,22;0,707578;-0,111837;-0,204158;-0,667192;55,507706;613,986694;48,929325;0,16217;-0,096482;-0,017027;-0,981887;-11,312422;396,97702;-521,413879;;;;;;;
423;4,23;0,707552;-0,112656;-0,204265;-0,667049;55,843899;614,07074;49,06517;0,162187;-0,096524;-0,016873;-0,981883;-11,33566;396,978546;-521,398804;;;;;;;
424;4,24;0,707475;-0,113355;-0,204598;-0,666911;56,203983;614,199646;49,123825;0,162188;-0,096936;-0,017036;-0,981839;-11,578466;396,980286;-521,363647;;;;;;;
425;4,25;0,707005;-0,114152;-0,206598;-0,666656;56,634804;614,395813;49,043865;0,162647;-0,097442;-0,017158;-0,981711;-11,889262;396,696136;-521,193176;;;;;;;
426;4,26;0,70692;-0,115024;-0,207197;-0,66641;57,03133;614,57843;49,000854;0,162233;-0,097815;-0,01705;-0,981744;-12,099329;397,020508;-521,174744;;;;;;;
427;4,27;0,707345;-0,116011;-0,205851;-0,666206;57,337307;614,718567;49,093803;0,162124;-0,098123;-0,016596;-0,981739;-12,332218;397,088989;-521,131897;;;;;;;
428;4,28;0,706992;-0,116838;-0,207014;-0,666076;57,708992;614,905029;49,142765;0,1621;-0,098185;-0,016786;-0,981734;-12,35665;397,113129;-521,119568;;;;;;;
429;4,29;0,706775;-0,117933;-0,207327;-0,666016;58,056557;615,050903;49,221214;0,162112;-0,098123;-0,017165;-0,981732;-12,275201;397,130737;-521,114807;;;;;;;
430;4,3;0,707129;-0,119008;-0,206083;-0,665834;58,349659;615,130066;49,379715;0,162156;-0,098173;-0,016728;-0,981727;-12,344392;397,074036;-521,096497;;;;;;;
431;4,31;0,707161;-0,119882;-0,205737;-0,665751;58,636425;615,217834;49,496532;0,162095;-0,098369;-0,016819;-0,981716;-12,41471;397,159882;-521,146057;;;;;;;
432;4,32;0,707018;-0,120657;-0,206009;-0,665678;58,918884;615,308533;49,592808;0,162117;-0,098208;-0,016907;-0,981727;-12,325315;397,12854;-521,118103;;;;;;;
433;4,33;0,706446;-0,12132;-0,207588;-0,665675;59,211449;615,422913;49,639545;0,162127;-0,098245;-0,017106;-0,981718;-12,352033;397,123169;-521,107666;;;;;;;
434;4,34;0,705952;-0,122035;-0,208834;-0,665679;59,509998;615,505615;49,713753;0,162158;-0,098264;-0,016721;-0,981718;-12,40219;397,079468;-521,100403;;;;;;;
435;4,35;0,705726;-0,122814;-0,209055;-0,665705;59,76313;615,562744;49,815632;0,162109;-0,098215;-0,016591;-0,981733;-12,377878;397,111755;-521,115417;;;;;;;
436;4,36;0,705437;-0,123332;-0,209628;-0,665736;59,988586;615,597717;49,938828;0,162136;-0,09825;-0,017033;-0,981717;-12,364278;397,112732;-521,104858;;;;;;;
437;4,37;0,705201;-0,123865;-0,209999;-0,66577;60,202618;615,620728;50,053642;0,162136;-0,098309;-0,017149;-0,981709;-12,399148;397,113586;-521,101746;;;;;;;
438;4,38;0,704968;-0,124352;-0,210481;-0,665774;60,39925;615,648621;50,150341;0,162135;-0,098246;-0,016677;-0,981724;-12,406863;397,091827;-521,096375;;;;;;;
439;4,39;0,704839;-0,124935;-0,210585;-0,665768;60,59436;615,687866;50,251022;0,16212;-0,098192;-0,016615;-0,981733;-12,381063;397,103088;-521,09491;;;;;;;
440;4,4;0,704685;-0,125589;-0,210628;-0,665795;60,782494;615,725281;50,342224;0,162118;-0,0982;-0,016967;-0,981726;-12,36683;397,118713;-521,094666;;;;;;;
441;4,41;0,704539;-0,126154;-0,21087;-0,665765;60,971642;615,763794;50,429306;0,16214;-0,098227;-0,01697;-0,98172;-12,391775;397,098358;-521,088257;;;;;;;
442;4,42;0,70442;-0,126758;-0,211048;-0,66572;61,154503;615,794373;50,500259;0,162121;-0,098159;-0,016614;-0,981736;-12,380871;397,093719;-521,089539;;;;;;;
443;4,43;0,704339;-0,127215;-0,211198;-0,665672;61,322517;615,832947;50,569973;0,162135;-0,098166;-0,01668;-0,981732;-12,390227;397,082458;-521,0849;;;;;;;
444;4,44;0,704172;-0,12763;-0,211481;-0,665678;61,483685;615,860657;50,655991;0,162161;-0,098293;-0,017148;-0,981707;-12,434238;397,087341;-521,076172;;;;;;;
445;4,45;0,704056;-0,128089;-0,211787;-0,665616;61,637558;615,878174;50,737629;0,162165;-0,098245;-0,016984;-0,981714;-12,424446;397,067474;-521,067383;;;;;;;
446;4,46;0,703981;-0,128533;-0,212005;-0,665541;61,803356;615,903992;50,821354;0,162173;-0,098215;-0,016732;-0,98172;-12,427195;397,054077;-521,060669;;;;;;;
447;4,47;0,703865;-0,128987;-0,212284;-0,665486;61,97509;615,93988;50,897717;0,162179;-0,098223;-0,016825;-0,981716;-12,438403;397,046326;-521,048218;;;;;;;
448;4,48;0,703789;-0,129574;-0,212498;-0,665385;62,146778;615,988892;50,96706;0,162152;-0,098205;-0,017178;-0,981717;-12,399789;397,083282;-521,050293;;;;;;;
449;4,49;0,703727;-0,130181;-0,212782;-0,66524;62,336861;616,05426;51,036961;0,162121;-0,098198;-0,016939;-0,981727;-12,423367;397,085022;-521,057739;;;;;;;
450;4,5;0,703732;-0,130748;-0,212872;-0,665095;62,541603;616,133606;51,092228;0,162144;-0,098251;-0,016763;-0,98172;-12,468971;397,063263;-521,050598;;;;;;;
451;4,51;0,703762;-0,131483;-0,212891;-0,664912;62,748135;616,22583;51,139015;0,162131;-0,098285;-0,017015;-0,981715;-12,464668;397,087463;-521,052063;;;;;;;
452;4,52;0,703211;-0,132045;-0,214724;-0,664795;63,012711;616,354736;51,158344;0,162137;-0,098176;-0,017093;-0,981723;-12,388069;397,085785;-521,043884;;;;;;;
453;4,53;0,703082;-0,132571;-0,215333;-0,66463;63,234158;616,485107;51,176243;0,162142;-0,098192;-0,016815;-0,981726;-12,418329;397,074829;-521,04364;;;;;;;
454;4,54;0,703061;-0,133264;-0,215468;-0,664469;63,418812;616,628662;51,179932;0,162147;-0,098203;-0,016629;-0,981727;-12,435863;397,072052;-521,050598;;;;;;;
455;4,55;0,703165;-0,133991;-0,215401;-0,664235;63,585377;616,772949;51,175415;0,162125;-0,098234;-0,016852;-0,981724;-12,4311;397,106628;-521,062378;;;;;;;
456;4,56;0,703336;-0,134609;-0,215238;-0,663982;63,761086;616,909058;51,178894;0,162167;-0,098219;-0,016918;-0,981717;-12,405932;397,085144;-521,050171;;;;;;;
457;4,57;0,703565;-0,134114;-0,214217;-0,664169;64,020081;617,048523;51,146786;0,162149;-0,098297;-0,016733;-0,981716;-12,473395;397,092712;-521,059265;;;;;;;
458;4,58;0,703596;-0,134172;-0,214156;-0,664145;64,207954;617,133667;51,171223;0,162147;-0,098237;-0,016602;-0,981724;-12,450108;397,085907;-521,049011;;;;;;;
459;4,59;0,703574;-0,134493;-0,214436;-0,664012;64,354958;617,167053;51,239155;0,162145;-0,098216;-0,016792;-0,981723;-12,420253;397,09198;-521,04126;;;;;;;
460;4,6;0,703539;-0,134708;-0,214808;-0,663886;64,501167;617,157898;51,324825;0,162145;-0,098309;-0,016873;-0,981713;-12,472473;397,094177;-521,043396;;;;;;;
461;4,61;0,70338;-0,134967;-0,215286;-0,663846;64,634697;617,123901;51,419968;0,16215;-0,098297;-0,01667;-0,981717;-12,488008;397,078339;-521,03595;;;;;;;
462;4,62;0,703181;-0,135081;-0,215879;-0,663841;64,765022;617,091919;51,518932;0,162163;-0,098247;-0,0166;-0,981721;-12,473924;397,062592;-521,018188;;;;;;;
463;4,63;0,703072;-0,135327;-0,216385;-0,663742;64,895782;617,092163;51,600128;0,162159;-0,098186;-0,016845;-0,981723;-12,409067;397,082031;-521,017334;;;;;;;
464;4,64;0,703061;-0,135865;-0,216614;-0,663569;65,052895;617,154419;51,644577;0,162147;-0,098212;-0,016764;-0,981724;-12,44522;397,082123;-521,017029;;;;;;;
465;4,65;0,70315;-0,136539;-0,216519;-0,663368;65,224762;617,282532;51,651955;0,162168;-0,098199;-0,016527;-0,981726;-12,471379;397,054199;-521,007202;;;;;;;
466;4,66;0,703224;-0,137873;-0,21702;-0,66285;65,371613;617,417603;51,665649;0,162153;-0,098242;-0,016668;-0,981722;-12,479852;397,085083;-521,021851;;;;;;;
467;4,67;0,703904;-0,138951;-0,215227;-0,662488;65,50222;617,574158;51,702343;0,162181;-0,09824;-0,016803;-0,981715;-12,473062;397,075684;-521,011658;;;;;;;
468;4,68;0,704124;-0,139552;-0,214588;-0,662334;65,676361;617,712585;51,727737;0,162194;-0,09825;-0,01671;-0,981713;-12,495677;397,06192;-521,002502;;;;;;;
469;4,69;0,70414;-0,140172;-0,214536;-0,662203;65,853889;617,790161;51,767254;0,16218;-0,09823;-0,016583;-0,98172;-12,490912;397,062378;-521,011841;;;;;;;
470;4,7;0,704107;-0,140617;-0,214599;-0,662123;66,023827;617,815674;51,841858;0,162165;-0,098249;-0,0167;-0,981718;-12,494018;397,083984;-521,011841;;;;;;;
471;4,71;0,704002;-0,140978;-0,214938;-0,662049;66,177498;617,808411;51,93832;0,16217;-0,098268;-0,016769;-0,981714;-12,506611;397,085266;-521,000122;;;;;;;
472;4,72;0,703862;-0,141349;-0,215259;-0,662014;66,317307;617,794006;52,010189;0,162192;-0,098298;-0,016612;-0,98171;-12,538276;397,058014;-520,988159;;;;;;;
473;4,73;0,702032;-0,141098;-0,220245;-0,662371;66,585732;617,824951;51,895367;0,162178;-0,098446;-0,01653;-0,981699;-12,640351;397,050903;-520,916443;;;;;;;
474;4,74;0,70201;-0,141434;-0,220559;-0,662218;66,780563;617,818604;51,913544;0,162113;-0,09914;-0,017246;-0,981628;-12,985524;397,198944;-520,880371;;;;;;;
475;4,75;0,702212;-0,142;-0,220147;-0,662019;66,953857;617,83252;51,976067;0,162096;-0,099112;-0,016621;-0,981644;-13,01348;397,176025;-520,774292;;;;;;;
476;4,76;0,702127;-0,142432;-0,220466;-0,661911;67,131149;617,901978;52,012505;0,162164;-0,099331;-0,016614;-0,981611;-13,144207;397,142242;-520,727112;;;;;;;
477;4,77;0,702228;-0,142997;-0,220353;-0,661719;67,305649;618,019714;52,019184;0,162104;-0,099552;-0,017209;-0,981588;-13,212536;397,225433;-520,751465;;;;;;;
478;4,78;0,702486;-0,142497;-0,219118;-0,661964;67,570869;618,196228;51,957912;0,162129;-0,099552;-0,017166;-0,981585;-13,206615;397,205872;-520,753906;;;;;;;
479;4,79;0,702616;-0,14261;-0,218656;-0,661954;67,752747;618,322998;51,930828;0,162168;-0,099329;-0,0164;-0,981614;-13,135652;397,133118;-520,711914;;;;;;;
480;4,8;0,704385;-0,143522;-0,213425;-0,661583;67,709816;618,311157;52,067924;0,16217;-0,099473;-0,016536;-0,981597;-13,206978;397,145874;-520,72113;;;;;;;
481;4,81;0,704154;-0,143563;-0,214395;-0,661507;67,80777;618,325134;52,089302;0,162134;-0,099527;-0,017033;-0,981589;-13,180813;397,199097;-520,738098;;;;;;;
482;4,82;0,703801;-0,143455;-0,215746;-0,661467;67,91925;618,325989;52,121326;0,162158;-0,099431;-0,016901;-0,981597;-13,127474;397,167511;-520,72821;;;;;;;
483;4,83;0,703792;-0,143618;-0,216014;-0,661354;67,997879;618,324036;52,155674;0,162181;-0,099238;-0,01632;-0,981623;-13,061887;397,109802;-520,702881;;;;;;;
484;4,84;0,703769;-0,143814;-0,216254;-0,661257;68,077606;618,351929;52,173512;0,162125;-0,099403;-0,016595;-0,981611;-13,142258;397,165222;-520,728088;;;;;;;
485;4,85;0,703706;-0,143983;-0,216592;-0,661177;68,15107;618,397827;52,18396;0,162133;-0,099398;-0,01705;-0,981602;-13,076612;397,185913;-520,736511;;;;;;;
486;4,86;0,703799;-0,144278;-0,216582;-0,661016;68,236168;618,458984;52,185249;0,16213;-0,099439;-0,016907;-0,981601;-13,115438;397,181732;-520,733521;;;;;;;
487;4,87;0,703818;-0,144653;-0,216764;-0,660854;68,34446;618,527405;52,186855;0,162165;-0,099455;-0,016576;-0,981599;-13,165057;397,138855;-520,71759;;;;;;;
488;4,88;0,703821;-0,144985;-0,216952;-0,660717;68,44754;618,594055;52,197239;0,162136;-0,099463;-0,016766;-0,9816;-13,159145;397,16864;-520,721375;;;;;;;
489;4,89;0,703799;-0,145266;-0,21708;-0,660637;68,561165;618,655334;52,222332;0,162133;-0,099436;-0,017075;-0,981598;-13,108609;397,187286;-520,726807;;;;;;;
490;4,9;0,703768;-0,145627;-0,217285;-0,660523;68,68145;618,714905;52,247345;0,162113;-0,099454;-0,016837;-0,981603;-13,149246;397,181915;-520,728943;;;;;;;
491;4,91;0,703843;-0,146104;-0,217266;-0,660343;68,80278;618,781738;52,263454;0,162126;-0,099344;-0,016544;-0,981617;-13,107984;397,151123;-520,714905;;;;;;;
492;4,92;0,703919;-0,146442;-0,217301;-0,660176;68,937859;618,866211;52,266739;0,162112;-0,0994;-0,016913;-0,981607;-13,097456;397,191986;-520,72876;;;;;;;
493;4,93;0,703991;-0,146964;-0,217261;-0,659997;69,086105;618,971375;52,259403;0,162123;-0,099467;-0,017022;-0,981597;-13,131956;397,190155;-520,731934;;;;;;;
494;4,94;0,70485;-0,147827;-0,214658;-0,659739;69,160774;619,070068;52,315426;0,162133;-0,099399;-0,016673;-0,981608;-13,127474;397,161316;-520,725769;;;;;;;
495;4,95;0,704476;-0,14816;-0,216043;-0,659612;69,36306;619,244019;52,253651;0,162113;-0,099385;-0,016578;-0,981615;-13,128434;397,17984;-520,733215;;;;;;;
496;4,96;0,704246;-0,148554;-0,216977;-0,659462;69,560928;619,38855;52,206108;0,162104;-0,099458;-0,016852;-0,981604;-13,149908;397,204102;-520,742676;;;;;;;
497;4,97;0,704271;-0,149105;-0,217043;-0,65929;69,709702;619,479309;52,217102;0,162102;-0,09951;-0,016947;-0,981598;-13,166286;397,211578;-520,743652;;;;;;;
498;4,98;0,704265;-0,149514;-0,217175;-0,65916;69,84095;619,535828;52,248718;0,162127;-0,099392;-0,016668;-0,98161;-13,11243;397,179565;-520,722717;;;;;;;
499;4,99;0,704254;-0,149768;-0,217471;-0,659016;69,975754;619,570984;52,289486;0,162103;-0,099326;-0,016625;-0,981622;-13,067711;397,193848;-520,722229;;;;;;;
500;5;0,704218;-0,150037;-0,217713;-0,658914;70,098541;619,608521;52,324265;0,162111;-0,099429;-0,016881;-0,981605;-13,103909;397,208649;-520,728943;;;;;;;
501;5,01;0,704198;-0,150285;-0,217937;-0,658805;70,213661;619,668335;52,333515;0,162083;-0,099357;-0,016742;-0,98162;-13,071054;397,222992;-520,735107;;;;;;;
502;5,02;0,704299;-0,150572;-0,217759;-0,65869;70,327812;619,747009;52,324444;0,162114;-0,099281;-0,016418;-0,981628;-13,058021;397,190338;-520,724304;;;;;;;
503;5,03;0,704381;-0,150819;-0,217529;-0,658621;70,44883;619,8396;52,303402;0,162099;-0,099268;-0,016419;-0,981632;-13,054005;397,210419;-520,732483;;;;;;;
504;5,04;0,704363;-0,15109;-0,217493;-0,658591;70,548592;619,922729;52,293182;0,162121;-0,099386;-0,016647;-0,981612;-13,106307;397,211151;-520,739868;;;;;;;
505;5,05;0,704323;-0,151369;-0,21754;-0,658553;70,63192;619,985168;52,296452;0,162131;-0,099141;-0,016354;-0,98164;-12,976952;397,179016;-520,718384;;;;;;;
506;5,06;0,704395;-0,151598;-0,217409;-0,658467;70,69519;620,037903;52,289841;0,162096;-0,099216;-0,016356;-0,981638;-13,024715;397,213867;-520,73291;;;;;;;
507;5,07;0,704417;-0,151839;-0,217452;-0,658375;70,735023;620,097412;52,267254;0,162114;-0,09915;-0,016298;-0,981643;-12,985143;397,194031;-520,723938;;;;;;;
508;5,08;0,70451;-0,15198;-0,21729;-0,658296;70,75547;620,145935;52,235821;0,162089;-0,099275;-0,01651;-0,981631;-13,046187;397,226196;-520,739441;;;;;;;
509;5,09;0,704554;-0,151998;-0,217239;-0,658261;70,746887;620,165161;52,219063;0,162113;-0,099251;-0,016507;-0,981629;-13,021;397,217468;-520,733643;;;;;;;
510;5,1;0,704636;-0,151845;-0,217048;-0,658272;70,690376;620,139099;52,222759;0,162091;-0,099289;-0,016384;-0,981631;-13,063822;397,227448;-520,739014;;;;;;;
511;5,11;0,704613;-0,151476;-0,217129;-0,658355;70,610771;620,055542;52,251984;0,162106;-0,099094;-0,01619;-0,981652;-12,970598;397,190399;-520,719666;;;;;;;
512;5,12;0,704481;-0,150991;-0,217684;-0,658424;70,514275;619,931885;52,299088;0,162082;-0,099133;-0,016481;-0,981647;-12,966735;397,231354;-520,729736;;;;;;;
513;5,13;0,704323;-0,150776;-0,218083;-0,65851;70,402367;619,79126;52,358582;0,162075;-0,099119;-0,016355;-0,981651;-12,979045;397,219421;-520,734802;;;;;;;
514;5,14;0,704186;-0,150598;-0,21831;-0,658622;70,31514;619,667786;52,415958;0,162083;-0,099086;-0,016305;-0,981654;-12,969975;397,210449;-520,72998;;;;;;;
515;5,15;0,704047;-0,150364;-0,218451;-0,658778;70,235092;619,564697;52,464207;0,162077;-0,099265;-0,01662;-0,981632;-13,06947;397,239441;-520,737244;;;;;;;
516;5,16;0,703979;-0,150158;-0,218543;-0,658867;70,174583;619,499634;52,492744;0,162071;-0,099391;-0,016814;-0,981617;-13,140108;397,249878;-520,752625;;;;;;;
517;5,17;0,703953;-0,150071;-0,218529;-0,658919;70,149681;619,479553;52,501278;0,16207;-0,099338;-0,01658;-0,981627;-13,141869;397,225861;-520,744934;;;;;;;
518;5,18;0,703986;-0,15015;-0,218392;-0,658911;70,158623;619,496948;52,49139;0,162068;-0,099369;-0,016627;-0,981623;-13,164719;397,22699;-520,748718;;;;;;;
519;5,19;0,704008;-0,150294;-0,218309;-0,658882;70,184456;619,540588;52,474716;0,16204;-0,09944;-0,016945;-0,981615;-13,178011;397,272156;-520,763977;;;;;;;
520;5,2;0,70406;-0,150449;-0,218186;-0,658831;70,209076;619,589539;52,453987;0,162057;-0,099402;-0,016863;-0,981617;-13,168945;397,248993;-520,753174;;;;;;;
521;5,21;0,704109;-0,150524;-0,218162;-0,658771;70,230034;619,622986;52,434147;0,162088;-0,099361;-0,016698;-0,981619;-13,160171;397,217133;-520,731323;;;;;;;
522;5,22;0,704134;-0,150555;-0,218127;-0,658748;70,228157;619,624023;52,425781;0,162107;-0,099394;-0,016811;-0,981611;-13,163543;397,214203;-520,731018;;;;;;;
523;5,23;0,704089;-0,15041;-0,21831;-0,658769;70,196869;619,592163;52,43446;0,16208;-0,099479;-0,017012;-0,981603;-13,193278;397,240265;-520,752441;;;;;;;
524;5,24;0,704079;-0,150182;-0,218544;-0,658754;70,145828;619,553833;52,442245;0,16209;-0,099352;-0,016863;-0,981617;-13,12662;397,225464;-520,742188;;;;;;;
525;5,25;0,704131;-0,150047;-0,218555;-0,658725;70,106895;619,528381;52,436867;0,162081;-0,099347;-0,016755;-0,981621;-13,127151;397,224152;-520,749939;;;;;;;
526;5,26;0,704193;-0,149957;-0,218562;-0,658677;70,082764;619,531372;52,419498;0,162066;-0,099336;-0,016862;-0,981622;-13,105782;397,24704;-520,75885;;;;;;;
527;5,27;0,704264;-0,149929;-0,218616;-0,65859;70,06736;619,560852;52,390923;0,162066;-0,099362;-0,016912;-0,981619;-13,118969;397,246796;-520,762634;;;;;;;
528;5,28;0,704342;-0,149979;-0,218622;-0,658493;70,073975;619,610474;52,352829;0,162059;-0,099332;-0,016692;-0,981627;-13,129849;397,236023;-520,754944;;;;;;;
529;5,29;0,704419;-0,150047;-0,218559;-0,658415;70,09079;619,665527;52,323208;0,162074;-0,099318;-0,016665;-0,981626;-13,11574;397,229858;-520,753662;;;;;;;
530;5,3;0,70451;-0,150126;-0,218492;-0,658324;70,115776;619,716919;52,297218;0,162049;-0,099323;-0,016708;-0,981629;-13,112813;397,250305;-520,761536;;;;;;;
531;5,31;0,704612;-0,150234;-0,218337;-0,65824;70,137863;619,759888;52,271465;0,162072;-0,099289;-0,016641;-0,98163;-13,100762;397,228424;-520,749084;;;;;;;
532;5,32;0,704672;-0,150324;-0,218217;-0,658195;70,160423;619,792969;52,25034;0,16206;-0,099182;-0,01649;-0,981645;-13,035156;397,234436;-520,751953;;;;;;;
533;5,33;0,704704;-0,150351;-0,218152;-0,658176;70,161789;619,808105;52,235252;0,162051;-0,099207;-0,016466;-0,981645;-13,055784;397,244629;-520,759216;;;;;;;
534;5,34;0,704728;-0,15031;-0,218126;-0,658169;70,149635;619,803894;52,230896;0,162048;-0,09936;-0,016649;-0,981627;-13,133744;397,26059;-520,775085;;;;;;;
535;5,35;0,704701;-0,150195;-0,218183;-0,658206;70,130348;619,778748;52,234055;0,162068;-0,099324;-0,016615;-0,981628;-13,112544;397,243774;-520,76709;;;;;;;
536;5,36;0,704632;-0,150097;-0,2184;-0,65823;70,105255;619,739868;52,247009;0,162092;-0,099093;-0,016397;-0,981651;-12,975646;397,211395;-520,749268;;;;;;;
537;5,37;0,704572;-0,149956;-0,218528;-0,658284;70,065033;619,685913;52,262596;0,162072;-0,09922;-0,016511;-0,981639;-13,038352;397,232697;-520,765503;;;;;;;
538;5,38;0,70452;-0,149792;-0,218578;-0,65836;70,022644;619,632629;52,277424;0,162058;-0,099181;-0,016528;-0,981645;-13,013849;397,236572;-520,765198;;;;;;;
539;5,39;0,704498;-0,149596;-0,218561;-0,658434;69,970238;619,58252;52,290977;0,162042;-0,099212;-0,01658;-0,981644;-13,022799;397,252563;-520,77124;;;;;;;
540;5,4;0,704508;-0,149429;-0,218467;-0,658492;69,92421;619,542297;52,295818;0,162068;-0,099228;-0,016481;-0,98164;-13,045204;397,226013;-520,764099;;;;;;;
541;5,41;0,704484;-0,149323;-0,21852;-0,658525;69,867218;619,514221;52,295414;0,162063;-0,099092;-0,016428;-0,981655;-12,963511;397,223602;-520,756226;;;;;;;
542;5,42;0,704473;-0,149315;-0,218466;-0,658555;69,80999;619,497192;52,288994;0,162049;-0,099254;-0,016704;-0,981636;-13,045974;397,253571;-520,770325;;;;;;;
543;5,43;0,704457;-0,149315;-0,218308;-0,658625;69,772125;619,485291;52,28302;0,162057;-0,099149;-0,016553;-0,981648;-13,006277;397,232697;-520,761108;;;;;;;
544;5,44;0,704444;-0,149248;-0,218193;-0,658692;69,747253;619,459412;52,286282;0,162055;-0,099021;-0,016398;-0,981664;-12,946428;397,220673;-520,755432;;;;;;;
545;5,45;0,704314;-0,149127;-0,218369;-0,6588;69,711624;619,399353;52,316448;0,162059;-0,099296;-0,016726;-0,98163;-13,093946;397,239685;-520,772949;;;;;;;
546;5,46;0,704219;-0,148881;-0,218451;-0,65893;69,687271;619,295471;52,379414;0,162021;-0,099397;-0,016907;-0,981623;-13,143327;397,272888;-520,789001;;;;;;;
547;5,47;0,70407;-0,148557;-0,218649;-0,659097;69,66552;619,164124;52,460846;0,162036;-0,099339;-0,016828;-0,981628;-13,116166;397,254883;-520,779419;;;;;;;
548;5,48;0,703903;-0,148184;-0,219095;-0,659211;69,640961;619,045593;52,529938;0,162016;-0,099384;-0,016825;-0,981627;-13,145267;397,267578;-520,786865;;;;;;;
549;5,49;0,703775;-0,148115;-0,219506;-0,659227;69,619263;618,978027;52,570911;0,162019;-0,099419;-0,016903;-0,981621;-13,157388;397,2724;-520,784729;;;;;;;
550;5,5;0,703763;-0,148107;-0,219453;-0,659259;69,627373;618,971069;52,571423;0,162008;-0,099414;-0,01689;-0,981624;-13,158551;397,279724;-520,786255;;;;;;;
551;5,51;0,703816;-0,148178;-0,219249;-0,659254;69,644363;618,995789;52,552792;0,162022;-0,09935;-0,016791;-0,98163;-13,124436;397,26358;-520,779724;;;;;;;
552;5,52;0,703868;-0,148247;-0,219087;-0,659238;69,661621;619,021912;52,537048;0,16205;-0,099335;-0,016747;-0,981627;-13,116055;397,238434;-520,770386;;;;;;;
553;5,53;0,703875;-0,148257;-0,219068;-0,659234;69,670883;619,036377;52,52874;0,162046;-0,099311;-0,01683;-0,981629;-13,089601;397,249359;-520,775452;;;;;;;
554;5,54;0,704669;-0,148565;-0,216628;-0,659122;69,609955;619,003113;52,591728;0,162045;-0,099172;-0,016696;-0,981645;-13,013142;397,23822;-520,76886;;;;;;;
555;5,55;0,704241;-0,148425;-0,217965;-0,659171;69,64888;619,013428;52,563099;0,162047;-0,099261;-0,016653;-0,981637;-13,082112;397,234253;-520,770691;;;;;;;
556;5,56;0,703832;-0,148258;-0,219163;-0,659248;69,680733;619,009827;52,547493;0,162061;-0,099367;-0,016794;-0,981621;-13,13029;397,235382;-520,778687;;;;;;;
557;5,57;0,703761;-0,148244;-0,219311;-0,659278;69,673416;618,982605;52,573692;0,162037;-0,099358;-0,016869;-0,981625;-13,119811;397,254395;-520,787659;;;;;;;
558;5,58;0,703712;-0,148222;-0,219441;-0,659292;69,667702;618,962341;52,596931;0,162056;-0,09936;-0,016878;-0,981621;-13,124204;397,242889;-520,782227;;;;;;;
559;5,59;0,70367;-0,148282;-0,219503;-0,659302;69,66423;618,956299;52,606873;0,162062;-0,09941;-0,016846;-0,981616;-13,166738;397,239471;-520,780579;;;;;;;
560;5,6;0,703675;-0,148302;-0,21941;-0,659324;69,672272;618,964966;52,601822;0,16207;-0,09935;-0,016912;-0,98162;-13,124976;397,239624;-520,774597;;;;;;;
561;5,61;0,703683;-0,148282;-0,219232;-0,659378;69,670876;618,97406;52,593925;0,162069;-0,099525;-0,01713;-0,981598;-13,220797;397,252167;-520,795471;;;;;;;
562;5,62;0,703636;-0,148263;-0,219131;-0,659466;69,659714;618,97168;52,589783;0,162067;-0,099501;-0,017039;-0,981602;-13,217237;397,241882;-520,796997;;;;;;;
563;5,63;0,703636;-0,14822;-0,218899;-0,659553;69,637222;618,945679;52,597359;0,162073;-0,099475;-0,016982;-0,981605;-13,210142;397,237366;-520,793396;;;;;;;
564;5,64;0,703545;-0,148173;-0,218908;-0,659658;69,58886;618,887634;52,619816;0,162081;-0,099394;-0,017046;-0,981611;-13,146596;397,232117;-520,793213;;;;;;;
565;5,65;0,703416;-0,147973;-0,219021;-0,659803;69,528038;618,794312;52,663483;0,162113;-0,099397;-0,017222;-0,981602;-13,125405;397,226563;-520,788147;;;;;;;
566;5,66;0,703234;-0,147762;-0,219165;-0,659996;69,471848;618,6745;52,724136;0,162073;-0,099453;-0,017138;-0,981605;-13,179399;397,240692;-520,801025;;;;;;;
567;5,67;0,703071;-0,147604;-0,219275;-0,660169;69,428894;618,524902;52,806217;0,162081;-0,099489;-0,017132;-0,9816;-13,203019;397,22934;-520,793762;;;;;;;
568;5,68;0,702836;-0,147419;-0,219373;-0,660428;69,406067;618,357483;52,918003;0,162074;-0,099462;-0,017276;-0,981601;-13,176455;397,238129;-520,790588;;;;;;;
569;5,69;0,702526;-0,147269;-0,219548;-0,660733;69,385345;618,192932;53,030331;0,162058;-0,09942;-0,017351;-0,981607;-13,143538;397,247559;-520,784119;;;;;;;
570;5,7;0,702234;-0,147086;-0,219735;-0,661021;69,380539;618,056396;53,127151;0,162032;-0,099479;-0,01732;-0,981606;-13,183455;397,257874;-520,783691;;;;;;;
571;5,71;0,702859;-0,147181;-0,21738;-0,661115;69,3153;617,925903;53,253242;0,162039;-0,099477;-0,017252;-0,981606;-13,194836;397,244202;-520,775757;;;;;;;
572;5,72;0,703133;-0,147254;-0,216253;-0,661177;69,280029;617,863464;53,318298;0,162044;-0,099473;-0,017333;-0,981604;-13,185864;397,244507;-520,776001;;;;;;;
573;5,73;0,703164;-0,147354;-0,216048;-0,661189;69,290146;617,858337;53,32019;0,162038;-0,099468;-0,017431;-0,981604;-13,164859;397,257202;-520,780212;;;;;;;
574;5,74;0,703153;-0,147368;-0,215987;-0,661217;69,294373;617,870544;53,309151;0,162044;-0,099495;-0,017405;-0,9816;-13,184801;397,250244;-520,783142;;;;;;;
575;5,75;0,70315;-0,147374;-0,215993;-0,661217;69,297798;617,881897;53,302795;0,162037;-0,099494;-0,017277;-0,981604;-13,213455;397,24176;-520,783142;;;;;;;
576;5,76;0,703148;-0,147405;-0,21601;-0,661207;69,29985;617,876526;53,299568;0,162033;-0,099474;-0,017342;-0,981606;-13,194551;397,25;-520,789185;;;;;;;
577;5,77;0,703139;-0,147345;-0,216097;-0,661202;69,295731;617,855225;53,312332;0,16205;-0,099468;-0,017357;-0,981603;-13,184684;397,244202;-520,786255;;;;;;;
578;5,78;0,703139;-0,14729;-0,216258;-0,661161;69,284126;617,82605;53,335011;0,162055;-0,099489;-0,017317;-0,981601;-13,195699;397,245117;-520,786133;;;;;;;
579;5,79;0,703121;-0,147291;-0,216409;-0,661131;69,286942;617,803345;53,347275;0,16207;-0,099508;-0,017239;-0,981598;-13,217345;397,230103;-520,778687;;;;;;;
580;5,8;0,703136;-0,147322;-0,216512;-0,661074;69,305405;617,806763;53,34692;0,162059;-0,099517;-0,017351;-0,981597;-13,203496;397,251434;-520,784119;;;;;;;
581;5,81;0,703179;-0,147332;-0,216554;-0,661012;69,333374;617,841125;53,333664;0,162054;-0,099507;-0,017332;-0,981599;-13,197273;397,254242;-520,783203;;;;;;;
582;5,82;0,7025;-0,14715;-0,218922;-0,660995;69,435783;617,934326;53,244705;0,162063;-0,099525;-0,017187;-0,981598;-13,226308;397,235809;-520,775513;;;;;;;
583;5,83;0,702214;-0,147227;-0,220058;-0,660904;69,510635;618,025635;53,177818;0,162063;-0,09951;-0,017137;-0,981601;-13,220537;397,235901;-520,775879;;;;;;;
584;5,84;0,702381;-0,147497;-0,219853;-0,660734;69,558334;618,10437;53,137356;0,162069;-0,09954;-0,017199;-0,981596;-13,229302;397,238678;-520,776855;;;;;;;
585;5,85;0,702454;-0,147694;-0,219899;-0,660597;69,599442;618,178101;53,097164;0,162062;-0,099586;-0,017229;-0,981591;-13,249949;397,24649;-520,787476;;;;;;;
586;5,86;0,702515;-0,147806;-0,219957;-0,660488;69,620033;618,22876;53,06776;0,16207;-0,099546;-0,017145;-0,981596;-13,229883;397,239105;-520,781982;;;;;;;
587;5,87;0,702558;-0,147779;-0,220047;-0,660419;69,627655;618,257507;53,051632;0,162108;-0,099531;-0,017137;-0,981591;-13,214987;397,213593;-520,769043;;;;;;;
588;5,88;0,702572;-0,14776;-0,22016;-0,660371;69,630623;618,260803;53,044437;0,162107;-0,099519;-0,017109;-0,981593;-13,214902;397,211029;-520,764099;;;;;;;
589;5,89;0,702599;-0,147712;-0,220109;-0,660369;69,616287;618,230774;53,056591;0,162084;-0,099455;-0,017028;-0,981605;-13,179618;397,227264;-520,761536;;;;;;;
590;5,9;0,703361;-0,147851;-0,217746;-0,66031;69,512047;618,135559;53,146481;0,162097;-0,099489;-0,01698;-0,9816;-13,204157;397,215179;-520,758545;;;;;;;
591;5,91;0,702898;-0,147491;-0,219143;-0,660422;69,495476;618,087646;53,146568;0,162098;-0,099523;-0,017076;-0,981595;-13,213367;397,219696;-520,759583;;;;;;;
592;5,92;0,70243;-0,147186;-0,2205;-0,660536;69,491837;618,055542;53,1371;0,162066;-0,099501;-0,017124;-0,981601;-13,194332;397,244385;-520,765808;;;;;;;
593;5,93;0,702411;-0,147131;-0,220518;-0,660563;69,466537;618,030518;53,145279;0,16208;-0,099419;-0,016987;-0,98161;-13,16087;397,220978;-520,75354;;;;;;;
594;5,94;0,702438;-0,147045;-0,220455;-0,660574;69,44265;618,037537;53,131741;0,162084;-0,099445;-0,017029;-0,981606;-13,179349;397,223846;-520,758972;;;;;;;
595;5,95;0,702468;-0,147064;-0,22035;-0,660573;69,424255;618,053711;53,112453;0,162066;-0,099551;-0,017196;-0,981595;-13,233434;397,247742;-520,776672;;;;;;;
596;5,96;0,702496;-0,147106;-0,220176;-0,660592;69,414818;618,064392;53,101482;0,162087;-0,09948;-0,017084;-0,981601;-13,207728;397,218933;-520,764771;;;;;;;
597;5,97;0,70243;-0,147106;-0,220168;-0,660665;69,410294;618,050171;53,110577;0,162075;-0,099487;-0,017062;-0,981602;-13,217797;397,228973;-520,770691;;;;;;;
598;5,98;0,70234;-0,146979;-0,22025;-0,660761;69,404442;617,995483;53,152565;0,162049;-0,099485;-0,017062;-0,981607;-13,21823;397,25058;-520,773438;;;;;;;
599;5,99;0,703033;-0,147116;-0,218022;-0,660733;69,327484;617,878296;53,273918;0,162063;-0,099433;-0,017115;-0,981609;-13,176741;397,247284;-520,75592;;;;;;;
600;6;0,703361;-0,147071;-0,216952;-0,660746;69,283951;617,775391;53,364059;0,162065;-0,099405;-0,017048;-0,981613;-13,167651;397,239899;-520,744934;;;;;;;
601;6,01;0,703248;-0,146974;-0,217212;-0,660802;69,2724;617,710449;53,405254;0,162051;-0,099416;-0,016922;-0,981616;-13,192242;397,23703;-520,74176;;;;;;;
602;6,02;0,703201;-0,146846;-0,217298;-0,660852;69,253502;617,679688;53,422241;0,162058;-0,099473;-0,016983;-0,981608;-13,217684;397,234192;-520,746338;;;;;;;
603;6,03;0,703245;-0,146843;-0,217189;-0,660843;69,247139;617,68158;53,411114;0,162042;-0,099501;-0,017172;-0,981604;-13,204718;397,264648;-520,76593;;;;;;;
604;6,04;0,703245;-0,146877;-0,217215;-0,660827;69,246452;617,701843;53,388393;0,162049;-0,099502;-0,017183;-0,981603;-13,197594;397,264648;-520,769104;;;;;;;
605;6,05;0,70334;-0,146901;-0,217059;-0,660771;69,245377;617,722046;53,36594;0,162042;-0,099468;-0,017076;-0,981609;-13,190033;397,265228;-520,771057;;;;;;;
606;6,06;0,703397;-0,146875;-0,217034;-0,660724;69,24501;617,736694;53,351288;0,162067;-0,099418;-0,016979;-0,981612;-13,171356;397,239075;-520,759583;;;;;;;
607;6,07;0,703445;-0,146858;-0,217035;-0,660676;69,243607;617,751587;53,338634;0,162059;-0,099433;-0,017019;-0,981611;-13,175897;397,249268;-520,768494;;;;;;;
608;6,08;0,703461;-0,146942;-0,217067;-0,66063;69,249229;617,77301;53,322769;0,162032;-0,099397;-0,016986;-0,98162;-13,154653;397,270508;-520,775452;;;;;;;
609;6,09;0,703473;-0,147069;-0,217092;-0,660581;69,256477;617,80249;53,302231;0,162044;-0,099377;-0,016833;-0,981622;-13,162943;397,253876;-520,767273;;;;;;;
610;6,1;0,702759;-0,146861;-0,219386;-0,66063;69,325981;617,871033;53,217129;0,162087;-0,099442;-0,016935;-0,981607;-13,186612;397,23468;-520,763306;;;;;;;
611;6,11;0,70238;-0,146766;-0,220609;-0,660647;69,369019;617,921021;53,161934;0,162068;-0,099421;-0,016974;-0,981612;-13,167871;397,25293;-520,767395;;;;;;;
612;6,12;0,702423;-0,146835;-0,220609;-0,660586;69,378769;617,946167;53,147533;0,162054;-0,099445;-0,016911;-0,981613;-13,192984;397,257843;-520,770203;;;;;;;
613;6,13;0,702454;-0,14691;-0,220605;-0,660537;69,375175;617,963379;53,136852;0,162076;-0,099412;-0,016836;-0,981614;-13,181422;397,238281;-520,760193;;;;;;;
614;6,14;0,702468;-0,146879;-0,220667;-0,660508;69,368141;617,968689;53,128971;0,162082;-0,09948;-0,016928;-0,981604;-13,22279;397,234131;-520,766479;;;;;;;
615;6,15;0,702481;-0,146858;-0,220705;-0,660487;69,355515;617,966003;53,122543;0,162081;-0,099541;-0,017116;-0,981595;-13,242552;397,246674;-520,776855;;;;;;;
616;6,16;0,702503;-0,146819;-0,220727;-0,660465;69,337006;617,958008;53,114422;0,162088;-0,09954;-0,017068;-0,981595;-13,254084;397,237579;-520,776611;;;;;;;
617;6,17;0,702496;-0,146754;-0,220799;-0,660462;69,316895;617,935547;53,119015;0,162087;-0,099495;-0,01696;-0,981601;-13,242042;397,222748;-520,77417;;;;;;;
618;6,18;0,702497;-0,14658;-0,220874;-0,660475;69,278252;617,90509;53,133411;0,162077;-0,099597;-0,017158;-0,981589;-13,293473;397,240112;-520,785706;;;;;;;
619;6,19;0,702485;-0,146366;-0,220984;-0,660499;69,23719;617,870667;53,143955;0,162083;-0,099615;-0,017206;-0,981585;-13,31224;397,236938;-520,785461;;;;;;;
620;6,2;0,703273;-0,146436;-0,218607;-0,660435;69,123459;617,796875;53,21862;0,16209;-0,09957;-0,01709;-0,981591;-13,30561;397,223297;-520,777588;;;;;;;
621;6,21;0,703673;-0,146435;-0,217475;-0,660383;69,027512;617,728699;53,270679;0,162088;-0,099581;-0,017182;-0,981589;-13,30424;397,233673;-520,782471;;;;;;;
622;6,22;0,703652;-0,146237;-0,217729;-0,660366;68,96981;617,671021;53,291538;0,162091;-0,099559;-0,0173;-0,981588;-13,283923;397,238861;-520,779541;;;;;;;
623;6,23;0,703632;-0,146011;-0,2179;-0,660381;68,924339;617,608398;53,312809;0,162091;-0,099549;-0,017271;-0,98159;-13,288524;397,229126;-520,772522;;;;;;;
624;6,24;0,706062;-0,146543;-0,210836;-0,659962;68,622971;617,529968;53,410336;0,162087;-0,099562;-0,017283;-0,981589;-13,292596;397,230927;-520,776062;;;;;;;
625;6,25;0,704191;-0,145852;-0,21639;-0,660316;68,758224;617,537537;53,325191;0,162082;-0,099551;-0,017335;-0,98159;-13,27981;397,237823;-520,777344;;;;;;;
626;6,26;0,702354;-0,145228;-0,221667;-0,66066;68,901428;617,537231;53,251186;0,162057;-0,099522;-0,017338;-0,981597;-13,268712;397,249817;-520,781494;;;;;;;
627;6,27;0,702299;-0,145089;-0,221726;-0,66073;68,881645;617,505981;53,25444;0,16207;-0,099521;-0,017338;-0,981595;-13,262598;397,242676;-520,776978;;;;;;;
628;6,28;0,702238;-0,144976;-0,2217;-0,660827;68,870392;617,47699;53,264648;0,162077;-0,099545;-0,017327;-0,981591;-13,264844;397,241699;-520,777466;;;;;;;
629;6,29;0,702217;-0,144883;-0,221739;-0,660857;68,864983;617,443176;53,27969;0,162052;-0,099497;-0,017203;-0,981603;-13,242122;397,243011;-520,778137;;;;;;;
630;6,3;0,702177;-0,144788;-0,221781;-0,660906;68,862633;617,415161;53,295639;0,162047;-0,099575;-0,01726;-0,981595;-13,276645;397,252777;-520,786072;;;;;;;
631;6,31;0,702137;-0,144754;-0,221756;-0,660964;68,870262;617,398682;53,307079;0,162043;-0,099635;-0,017282;-0,981589;-13,300324;397,265778;-520,789734;;;;;;;
632;6,32;0,702149;-0,144793;-0,221639;-0,660982;68,8974;617,387024;53,316959;0,162052;-0,099524;-0,017143;-0,981601;-13,230376;397,256805;-520,77417;;;;;;;
633;6,33;0,702094;-0,144814;-0,22157;-0,661059;68,926643;617,370483;53,336998;0,162037;-0,099508;-0,017096;-0,981606;-13,216453;397,268036;-520,775452;;;;;;;
634;6,34;0,701991;-0,144788;-0,221671;-0,661141;68,944092;617,346436;53,357868;0,162053;-0,099534;-0,017108;-0,9816;-13,221395;397,261169;-520,769775;;;;;;;
635;6,35;0,701928;-0,144779;-0,221758;-0,661181;68,962158;617,325623;53,376427;0,162073;-0,099474;-0,016964;-0,981606;-13,195827;397,237915;-520,75531;;;;;;;
636;6,36;0,701923;-0,144805;-0,221742;-0,661185;68,982582;617,319702;53,381153;0,162066;-0,099451;-0,016891;-0,98161;-13,187078;397,240692;-520,756958;;;;;;;
637;6,37;0,701944;-0,144839;-0,221694;-0,661172;68,99691;617,330627;53,382935;0,162074;-0,099458;-0,016916;-0,981608;-13,184548;397,242676;-520,753479;;;;;;;
638;6,38;0,701959;-0,144837;-0,221658;-0,661168;69,001381;617,346924;53,373917;0,162079;-0,099214;-0,016656;-0,981636;-13,056176;397,221039;-520,730286;;;;;;;
639;6,39;0,702007;-0,144933;-0,221581;-0,661122;69,006516;617,375732;53,357666;0,162063;-0,099256;-0,016645;-0,981635;-13,083307;397,229523;-520,742981;;;;;;;
640;6,4;0,705223;-0,146003;-0,212071;-0,660583;68,699524;617,353821;53,477177;0,162039;-0,099394;-0,016748;-0,981623;-13,156745;397,25528;-520,760925;;;;;;;
641;6,41;0,70706;-0,146699;-0,206557;-0,660212;68,532639;617,362854;53,529152;0,162051;-0,09933;-0,01673;-0,981628;-13,117355;397,247589;-520,749573;;;;;;;
642;6,42;0,703939;-0,14584;-0,215959;-0,660729;68,86541;617,451843;53,372452;0,162046;-0,099406;-0,016797;-0,98162;-13,159325;397,255005;-520,757507;;;;;;;
643;6,43;0,702081;-0,145264;-0,221483;-0,661004;69,05098;617,491638;53,292645;0,162033;-0,099391;-0,01673;-0,981625;-13,153996;397,257507;-520,760681;;;;;;;
644;6,44;0,705285;-0,14614;-0,212166;-0,660456;68,7314;617,410645;53,442242;0,162041;-0,099337;-0,01673;-0,981629;-13,113845;397,257141;-520,75238;;;;;;;
645;6,45;0,703984;-0,145675;-0,216126;-0,660662;68,850716;617,406616;53,395668;0,162044;-0,099323;-0,016754;-0,981629;-13,099924;397,262146;-520,752441;;;;;;;
646;6,46;0,705311;-0,145954;-0,212251;-0,660442;68,701057;617,354431;53,465538;0,162035;-0,099361;-0,016728;-0,981627;-13,128078;397,262146;-520,762939;;;;;;;
647;6,47;0,707134;-0,146407;-0,206921;-0,660084;68,504944;617,302429;53,547894;0,162039;-0,099359;-0,016716;-0,981627;-13,126543;397,255066;-520,759705;;;;;;;
648;6,48;0,70406;-0,145393;-0,216349;-0,66057;68,800171;617,372559;53,389221;0,162048;-0,099459;-0,01683;-0,981614;-13,178015;397,25589;-520,767944;;;;;;;
649;6,49;0,705462;-0,145871;-0,212416;-0,660246;68,660454;617,398315;53,407001;0,162055;-0,099454;-0,016858;-0,981612;-13,172912;397,255554;-520,76886;;;;;;;
650;6,5;0,707432;-0,146664;-0,206668;-0,659787;68,47142;617,442627;53,439377;0,162043;-0,099409;-0,016753;-0,981621;-13,16532;397,255066;-520,768616;;;;;;;
651;6,51;0,705151;-0,146066;-0,213601;-0,660153;68,731125;617,532959;53,313099;0,162045;-0,099408;-0,016783;-0,98162;-13,159076;397,252258;-520,773865;;;;;;;
652;6,52;0,703003;-0,145355;-0,220106;-0,660464;68,934952;617,609131;53,181618;0,162062;-0,099429;-0,016842;-0,981614;-13,166586;397,244446;-520,772583;;;;;;;
653;6,53;0,703317;-0,145397;-0,219259;-0,660402;68,888176;617,582397;53,212944;0,162064;-0,099428;-0,016866;-0,981614;-13,167302;397,249115;-520,771118;;;;;;;
654;6,54;0,702976;-0,145251;-0,220251;-0,660466;68,890572;617,5672;53,204945;0,162065;-0,099427;-0,016826;-0,981614;-13,174231;397,244049;-520,768494;;;;;;;
655;6,55;0,705701;-0,145986;-0,212235;-0,660023;68,597603;617,503723;53,320797;0,162071;-0,099344;-0,016721;-0,981623;-13,133277;397,234314;-520,758362;;;;;;;
656;6,56;0,707557;-0,146526;-0,206663;-0,659684;68,404617;617,465759;53,402302;0,162077;-0,099398;-0,016773;-0,981616;-13,162384;397,234314;-520,762451;;;;;;;
657;6,57;0,707621;-0,14658;-0,206489;-0,659658;68,398506;617,485229;53,383709;0,162057;-0,099423;-0,016855;-0,981615;-13,168652;397,257904;-520,773071;;;;;;;
658;6,58;0,705242;-0,145936;-0,213496;-0,660118;68,65139;617,543701;53,276108;0,162053;-0,09944;-0,016831;-0,981615;-13,186201;397,2565;-520,775146;;;;;;;
659;6,59;0,703816;-0,14565;-0,217625;-0,660355;68,800987;617,597534;53,193161;0,162061;-0,099449;-0,016847;-0,981612;-13,187212;397,249634;-520,772705;;;;;;;
660;6,6;0,703848;-0,14571;-0,21751;-0,660346;68,791756;617,635132;53,156017;0,162055;-0,099441;-0,016845;-0,981614;-13,183176;397,25589;-520,774292;;;;;;;
661;6,61;0,703917;-0,145697;-0,217238;-0,660364;68,768501;617,665466;53,122551;0,162058;-0,099434;-0,016783;-0,981615;-13,186516;397,251251;-520,773315;;;;;;;
662;6,62;0,703903;-0,145692;-0,217305;-0,660359;68,729248;617,677063;53,098351;0,162056;-0,099421;-0,016741;-0,981618;-13,177058;397,250458;-520,773804;;;;;;;
663;6,63;0,703917;-0,145512;-0,217324;-0,660376;68,682396;617,671875;53,081738;0,162047;-0,099403;-0,016751;-0,981621;-13,163153;397,256531;-520,776794;;;;;;;
664;6,64;0,703965;-0,14531;-0,217209;-0,660408;68,636314;617,65686;53,064705;0,162049;-0,099412;-0,016777;-0,981619;-13,159701;397,259308;-520,779236;;;;;;;
665;6,65;0,704005;-0,145182;-0,217199;-0,660397;68,592697;617,62915;53,056122;0,16207;-0,099359;-0,016634;-0,981623;-13,143901;397,232361;-520,766602;;;;;;;
666;6,66;0,703203;-0,144841;-0,219606;-0,66053;68,603752;617,628845;52,999065;0,162059;-0,099357;-0,016645;-0,981625;-13,141094;397,242493;-520,770264;;;;;;;
667;6,67;0,702709;-0,144523;-0,221124;-0,660619;68,586472;617,61908;52,961197;0,16204;-0,099337;-0,016712;-0,981629;-13,119125;397,259521;-520,775452;;;;;;;
668;6,68;0,702802;-0,144344;-0,221005;-0,660599;68,543137;617,608337;52,945042;0,162061;-0,099382;-0,016715;-0,981621;-13,151771;397,240875;-520,769409;;;;;;;
669;6,69;0,702863;-0,14423;-0,220875;-0,660602;68,497177;617,630371;52,902596;0,162052;-0,099453;-0,016831;-0,981614;-13,181719;397,259247;-520,779358;;;;;;;
670;6,7;0,702937;-0,144081;-0,220742;-0,660601;68,444733;617,688843;52,830032;0,162076;-0,099432;-0,016731;-0,981613;-13,191666;397,230988;-520,771973;;;;;;;
671;6,71;0,703097;-0,143926;-0,220395;-0,66058;68,391731;617,782104;52,73122;0,162092;-0,099477;-0,016775;-0,981605;-13,216417;397,222534;-520,776123;;;;;;;
672;6,72;0,703335;-0,143881;-0,219915;-0,660497;68,328934;617,889282;52,620598;0,162093;-0,099528;-0,016876;-0,981598;-13,232191;397,236267;-520,786255;;;;;;;
673;6,73;0,703598;-0,14389;-0,219368;-0,660396;68,250282;617,987488;52,515396;0,162097;-0,099366;-0,016699;-0,981617;-13,150368;397,224792;-520,770447;;;;;;;
674;6,74;0,704552;-0,144004;-0,216728;-0,660226;68,092834;618,02301;52,482075;0,162118;-0,099329;-0,016641;-0,981618;-13,132525;397,205475;-520,764221;;;;;;;
675;6,75;0,705142;-0,143834;-0,21502;-0,660192;67,93959;618,022339;52,448612;0,162112;-0,09941;-0,016737;-0,98161;-13,170566;397,212738;-520,775085;;;;;;;
676;6,76;0,705241;-0,143433;-0,214759;-0,660258;67,803329;618,005127;52,399235;0,162102;-0,099245;-0,016575;-0,981631;-13,080712;397,202789;-520,765869;;;;;;;
677;6,77;0,704544;-0,142779;-0,216924;-0,660437;67,723236;618,006775;52,292664;0,162105;-0,099275;-0,016497;-0,981628;-13,117694;397,196686;-520,764343;;;;;;;
678;6,78;0,704128;-0,14227;-0,218167;-0,660581;67,59272;618,010193;52,191055;0,162123;-0,099419;-0,016672;-0,981608;-13,189974;397,201172;-520,775146;;;;;;;
679;6,79;0,702928;-0,141614;-0,221482;-0,660895;67,504951;618,05658;51,989838;0,162116;-0,09945;-0,016775;-0,981604;-13,196654;397,213531;-520,786255;;;;;;;
680;6,8;0,702198;-0,142015;-0,224036;-0,660726;67,328629;618,084656;51,850266;0,162095;-0,099414;-0,016774;-0,981611;-13,176039;397,225677;-520,795166;;;;;;;
681;6,81;0,702353;-0,142224;-0,22388;-0,660568;67,119835;618,116394;51,752338;0,162096;-0,099417;-0,016762;-0,981611;-13,190016;397,225189;-520,797607;;;;;;;
682;6,82;0,702594;-0,141805;-0,223101;-0,660666;66,936966;618,171753;51,614101;0,162089;-0,0995;-0,016839;-0,981603;-13,24906;397,235718;-520,808716;;;;;;;
683;6,83;0,702811;-0,141438;-0,222356;-0,660765;66,739639;618,235718;51,466412;0,162132;-0,099476;-0,016922;-0,981596;-13,226848;397,212921;-520,799866;;;;;;;
684;6,84;0,703046;-0,141042;-0,221622;-0,660846;66,535439;618,304749;51,320343;0,162136;-0,099482;-0,016929;-0,981595;-13,238851;397,215485;-520,804077;;;;;;;
685;6,85;0,705284;-0,141239;-0,215083;-0,660579;66,186111;618,297241;51,336571;0,162135;-0,099479;-0,016931;-0,981595;-13,237995;397,220978;-520,807983;;;;;;;
686;6,86;0,70477;-0,140644;-0,216517;-0,660787;66,023842;618,376099;51,12429;0,162133;-0,099474;-0,016948;-0,981596;-13,235934;397,22406;-520,812622;;;;;;;
687;6,87;0,703693;-0,139863;-0,219421;-0,661142;65,883476;618,469666;50,864151;0,162147;-0,099411;-0,016978;-0,981599;-13,188125;397,218994;-520,802551;;;;;;;
688;6,88;0,705952;-0,139963;-0,212618;-0,660936;65,490288;618,442627;50,87722;0,162132;-0,099428;-0,0169;-0,981602;-13,212532;397,222382;-520,808899;;;;;;;
689;6,89;0,705389;-0,139186;-0,213793;-0,661322;65,287582;618,468628;50,665752;0,162086;-0,099561;-0,017001;-0,981594;-13,280122;397,268585;-520,840637;;;;;;;
690;6,9;0,704129;-0,137973;-0,216906;-0,661905;65,101707;618,478455;50,415291;0,162077;-0,099586;-0,017069;-0,981592;-13,279399;397,28952;-520,850098;;;;;;;
691;6,91;0,704162;-0,136891;-0,216438;-0,662248;64,79483;618,417603;50,287827;0,162095;-0,099498;-0,016901;-0,981601;-13,239948;397,261139;-520,837463;;;;;;;
692;6,92;0,705227;-0,136145;-0,213146;-0,662336;64,416176;618,307678;50,252579;0,162105;-0,099461;-0,016873;-0,981603;-13,210593;397,257141;-520,833496;;;;;;;
693;6,93;0,70599;-0,135403;-0,210451;-0,662536;64,028221;618,195862;50,179585;0,162091;-0,099346;-0,016727;-0,98162;-13,148742;397,253204;-520,830261;;;;;;;
694;6,94;0,706073;-0,134424;-0,209732;-0,662875;63,659588;618,080627;50,047821;0,162079;-0,099312;-0,016711;-0,981625;-13,122821;397,260437;-520,832825;;;;;;;
695;6,95;0,706078;-0,133272;-0,20941;-0,663205;63,27655;617,930908;49,928623;0,162079;-0,099408;-0,016802;-0,981614;-13,169991;397,268585;-520,837158;;;;;;;
696;6,96;0,706109;-0,131992;-0,208808;-0,663617;62,874577;617,758301;49,823067;0,162063;-0,099455;-0,01686;-0,981611;-13,193325;397,288849;-520,847229;;;;;;;
697;6,97;0,706131;-0,130546;-0,207997;-0,664134;62,442547;617,567017;49,711639;0,162074;-0,099343;-0,016727;-0,981623;-13,140782;397,263184;-520,839478;;;;;;;
698;6,98;0,706266;-0,129118;-0,206703;-0,664674;61,961948;617,356445;49,611507;0,162048;-0,099397;-0,016797;-0,98162;-13,175098;397,285736;-520,847229;;;;;;;
699;6,99;0,70679;-0,127892;-0,204394;-0,665068;61,460449;617,115173;49,550652;0,162049;-0,099493;-0,016937;-0,981608;-13,221197;397,298401;-520,8526;;;;;;;
700;7;0,707004;-0,126688;-0,203013;-0,665493;60,989597;616,873169;49,476215;0,162076;-0,099444;-0,016891;-0,981609;-13,199875;397,273926;-520,834656;;;;;;;
701;7,01;0,706892;-0,125484;-0,202371;-0,666035;60,540974;616,618835;49,390373;0,162064;-0,099444;-0,016959;-0,98161;-13,196803;397,281097;-520,83252;;;;;;;
702;7,02;0,706686;-0,124144;-0,201965;-0,666628;60,096367;616,340332;49,334934;0,162069;-0,099469;-0,017035;-0,981606;-13,20793;397,274017;-520,830627;;;;;;;
703;7,03;0,706496;-0,122683;-0,201704;-0,667179;59,65826;616,031433;49,306999;0,162059;-0,099489;-0,017035;-0,981605;-13,223287;397,276154;-520,837097;;;;;;;
704;7,04;0,706392;-0,121351;-0,201175;-0,667693;59,207394;615,707031;49,28965;0,162066;-0,099527;-0,017115;-0,981599;-13,239495;397,274597;-520,84198;;;;;;;
705;7,05;0,70623;-0,120426;-0,200872;-0,668122;58,739105;615,408081;49,252274;0,162052;-0,099523;-0,017185;-0,9816;-13,236236;397,281158;-520,848633;;;;;;;
706;7,06;0,70607;-0,119326;-0,200711;-0,668537;58,318504;615,161621;49,184509;0,162037;-0,09953;-0,017269;-0,981601;-13,229437;397,294403;-520,854675;;;;;;;
707;7,07;0,706002;-0,118135;-0,200322;-0,668937;57,921955;614,973633;49,081818;0,16205;-0,099583;-0,017296;-0,981593;-13,258665;397,290039;-520,852905;;;;;;;
708;7,08;0,706005;-0,116945;-0,199932;-0,669259;57,522724;614,840027;48,942081;0,162054;-0,099575;-0,017247;-0,981594;-13,267493;397,278442;-520,849121;;;;;;;
709;7,09;0,70613;-0,115938;-0,199125;-0,669543;57,137028;614,760071;48,774509;0,162035;-0,099557;-0,017249;-0,981598;-13,260677;397,286407;-520,853943;;;;;;;
710;7,1;0,706376;-0,115222;-0,197999;-0,669741;56,790623;614,728943;48,59029;0,162041;-0,099598;-0,017337;-0,981592;-13,265427;397,292023;-520,855896;;;;;;;
711;7,11;0,706644;-0,114497;-0,196877;-0,669913;56,45562;614,728027;48,39035;0,162059;-0,099624;-0,017339;-0,981586;-13,279648;397,282349;-520,849121;;;;;;;
712;7,12;0,706853;-0,113759;-0,195833;-0,670125;56,116817;614,74176;48,179173;0,162038;-0,09959;-0,017269;-0,981594;-13,280169;397,288971;-520,851257;;;;;;;
713;7,13;0,707123;-0,112915;-0,194639;-0,67033;55,784912;614,752075;47,960697;0,162046;-0,099543;-0,017283;-0,981598;-13,246264;397,284851;-520,847961;;;;;;;
714;7,14;0,707269;-0,112109;-0,193772;-0,670562;55,456207;614,72583;47,770523;0,162067;-0,099534;-0,017274;-0,981595;-13,237652;397,269897;-520,84436;;;;;;;
715;7,15;0,707362;-0,111246;-0,193336;-0,670735;55,115776;614,646729;47,613106;0,162045;-0,099603;-0,017331;-0,981591;-13,274914;397,293335;-520,856323;;;;;;;
716;7,16;0,70745;-0,110285;-0,193062;-0,670879;54,723381;614,510376;47,479332;0,162046;-0,099618;-0,017363;-0,981588;-13,274236;397,2966;-520,855713;;;;;;;
717;7,17;0,707496;-0,109226;-0,192846;-0,671066;54,297447;614,328003;47,366241;0,162051;-0,099625;-0,017369;-0,981587;-13,272647;397,292145;-520,855408;;;;;;;
718;7,18;0,707492;-0,108059;-0,192713;-0,671297;53,896076;614,132813;47,251701;0,162062;-0,099543;-0,017226;-0,981596;-13,231039;397,274445;-520,843079;;;;;;;
719;7,19;0,707483;-0,106976;-0,192409;-0,671568;53,51165;613,957153;47,133781;0,162077;-0,099463;-0,017135;-0,981603;-13,179552;397,263397;-520,829102;;;;;;;
720;7,2;0,707642;-0,105864;-0,19184;-0,671739;53,114265;613,804565;46,999073;0,162074;-0,099428;-0,0171;-0,981608;-13,149297;397,265961;-520,824768;;;;;;;
721;7,21;0,707883;-0,104907;-0,191;-0,671874;52,714912;613,678833;46,838783;0,16206;-0,099316;-0,016969;-0,981624;-13,082657;397,267883;-520,817322;;;;;;;
722;7,22;0,70808;-0,103997;-0,190301;-0,672007;52,343941;613,586487;46,663033;0,162038;-0,099264;-0,01684;-0,981635;-13,057767;397,275452;-520,816589;;;;;;;
723;7,23;0,708174;-0,103103;-0,189792;-0,672189;51,976749;613,520874;46,472294;0,16205;-0,099267;-0,016806;-0,981633;-13,059998;397,269745;-520,816223;;;;;;;
724;7,24;0,7083;-0,102184;-0,189071;-0,6724;51,604488;613,468872;46,26532;0,162076;-0,09922;-0,016796;-0,981634;-13,02605;397,252625;-520,816223;;;;;;;
725;7,25;0,708494;-0,101158;-0,188298;-0,672568;51,2402;613,409851;46,055031;0,162066;-0,099151;-0,016671;-0,981645;-12,992415;397,244537;-520,819641;;;;;;;
726;7,26;0,708622;-0,10019;-0,187721;-0,672739;50,881886;613,343689;45,865753;0,162066;-0,099056;-0,016572;-0,981656;-12,936534;397,236542;-520,812744;;;;;;;
727;7,27;0,708768;-0,099372;-0,187053;-0,672893;50,520405;613,274475;45,682541;0,162069;-0,099061;-0,016553;-0,981655;-12,939957;397,236877;-520,811401;;;;;;;
728;7,28;0,708933;-0,098465;-0,186456;-0,673018;50,143604;613,202698;45,489098;0,16205;-0,099079;-0,016502;-0,981657;-12,9589;397,247803;-520,814758;;;;;;;
729;7,29;0,709084;-0,097404;-0,185831;-0,673186;49,760464;613,119385;45,308216;0,162047;-0,099183;-0,016619;-0,981645;-13,010354;397,264313;-520,821472;;;;;;;
730;7,3;0,70927;-0,096436;-0,185023;-0,673352;49,386311;613,018738;45,134521;0,162064;-0,099133;-0,016606;-0,981648;-12,975669;397,255707;-520,812622;;;;;;;
731;7,31;0,709455;-0,095472;-0,184154;-0,673532;48,993877;612,904846;44,946701;0,162053;-0,099222;-0,016647;-0,98164;-13,029366;397,269257;-520,82074;;;;;;;
732;7,32;0,709624;-0,094381;-0,183394;-0,673716;48,569843;612,794373;44,745796;0,162044;-0,099161;-0,016573;-0,981649;-12,991953;397,27121;-520,819275;;;;;;;
733;7,33;0,709789;-0,093354;-0,182769;-0,673855;48,154972;612,691589;44,538151;0,162042;-0,099089;-0,016512;-0,981657;-12,9447;397,267517;-520,82019;;;;;;;
734;7,34;0,709942;-0,09227;-0,182059;-0,674035;47,724968;612,583374;44,315056;0,162041;-0,099095;-0,01654;-0,981656;-12,942408;397,266571;-520,825195;;;;;;;
735;7,35;0,710062;-0,090954;-0,1814;-0,674265;47,257767;612,45459;44,084103;0,162054;-0,099048;-0,016475;-0,98166;-12,915193;397,25058;-520,814514;;;;;;;
736;7,36;0,710091;-0,089582;-0,180855;-0,674565;46,757572;612,269775;43,87991;0,162065;-0,099025;-0,016374;-0,981662;-12,906646;397,235382;-520,8078;;;;;;;
737;7,37;0,710044;-0,088193;-0,180386;-0,674922;46,231289;612,025818;43,701008;0,162058;-0,099051;-0,016409;-0,98166;-12,914522;397,243225;-520,816711;;;;;;;
738;7,38;0,710002;-0,086707;-0,179906;-0,675287;45,689583;611,732361;43,550987;0,162048;-0,099073;-0,016522;-0,981658;-12,911469;397,259827;-520,820801;;;;;;;
739;7,39;0,70987;-0,085187;-0,179749;-0,675661;45,172371;611,379272;43,447407;0,162055;-0,099159;-0,016609;-0,981646;-12,95994;397,263489;-520,818237;;;;;;;
740;7,4;0,709614;-0,083613;-0,179918;-0,676082;44,664356;610,957642;43,387547;0,162071;-0,099064;-0,016437;-0,981656;-12,926039;397,236115;-520,804688;;;;;;;
741;7,41;0,709267;-0,082114;-0,179977;-0,676613;44,163181;610,497253;43,365166;0,162077;-0,098974;-0,016384;-0,981665;-12,87313;397,223846;-520,802856;;;;;;;
742;7,42;0,708959;-0,080638;-0,179968;-0,677117;43,670429;610,02887;43,362076;0,16207;-0,099017;-0,016457;-0,981661;-12,896086;397,231384;-520,812012;;;;;;;
743;7,43;0,708674;-0,079135;-0,180191;-0,677532;43,218742;609,565125;43,35648;0,162079;-0,09909;-0,016443;-0,981652;-12,944745;397,223358;-520,813904;;;;;;;
744;7,44;0,708299;-0,077612;-0,180553;-0,678003;42,812428;609,156189;43,341057;0,162086;-0,099065;-0,016481;-0,981653;-12,920722;397,227264;-520,816833;;;;;;;
745;7,45;0,707968;-0,07648;-0,180715;-0,678435;42,447887;608,845093;43,300114;0,162101;-0,099087;-0,016568;-0,981647;-12,929777;397,223328;-520,819214;;;;;;;
746;7,46;0,707857;-0,075637;-0,180563;-0,678686;42,106449;608,629456;43,207905;0,162106;-0,099169;-0,01662;-0,981637;-12,987611;397,222351;-520,820862;;;;;;;
747;7,47;0,707864;-0,07477;-0,180135;-0,678889;41,7714;608,514282;43,055424;0,162076;-0,099179;-0,016619;-0,981641;-13,000242;397,246552;-520,820862;;;;;;;
748;7,48;0,707976;-0,074091;-0,179319;-0,679062;41,463249;608,511658;42,852356;0,162099;-0,099149;-0,016517;-0,981642;-13,000708;397,218964;-520,806885;;;;;;;
749;7,49;0,708289;-0,07363;-0,178351;-0,67904;41,197105;608,617432;42,598732;0,16212;-0,099083;-0,016538;-0,981645;-12,960885;397,202423;-520,799377;;;;;;;
750;7,5;0,708719;-0,073348;-0,177072;-0,678957;40,962742;608,754395;42,319759;0,162146;-0,099086;-0,016575;-0,98164;-12,959435;397,189056;-520,790833;;;;;;;
751;7,51;0,709068;-0,072891;-0,175834;-0,678964;40,684547;608,878967;42,039902;0,162134;-0,099206;-0,01657;-0,981629;-13,038777;397,200836;-520,796753;;;;;;;
752;7,52;0,709361;-0,072158;-0,174726;-0,679022;40,376251;608,971558;41,772747;0,16215;-0,099269;-0,016642;-0,981619;-13,075077;397,191589;-520,805725;;;;;;;
753;7,53;0,709712;-0,071428;-0,173661;-0,679006;40,078423;609,027222;41,503483;0,162122;-0,09941;-0,016945;-0,981604;-13,136285;397,228607;-520,83551;;;;;;;
754;7,54;0,709997;-0,070673;-0,172657;-0,679043;39,754467;609,071289;41,238708;0,16211;-0,099329;-0,016928;-0,981615;-13,080181;397,234192;-520,835938;;;;;;;
755;7,55;0,710198;-0,069954;-0,171797;-0,679125;39,427444;609,122559;40,971371;0,162164;-0,099131;-0,016545;-0,981632;-12,992687;397,166382;-520,800781;;;;;;;
756;7,56;0,71043;-0,06937;-0,170914;-0,679165;39,136292;609,200684;40,690205;0,162154;-0,099084;-0,016475;-0,98164;-12,971878;397,165466;-520,795654;;;;;;;
757;7,57;0,710709;-0,068907;-0,169877;-0,67918;38,842339;609,306641;40,407509;0,162136;-0,0992;-0,016774;-0,981626;-13,002068;397,204041;-520,812744;;;;;;;
758;7,58;0,711004;-0,068331;-0,168818;-0,679194;38,524376;609,407532;40,118656;0,162163;-0,099196;-0,016639;-0,981624;-13,010386;397,175476;-520,800903;;;;;;;
759;7,59;0,711383;-0,067621;-0,167837;-0,679112;38,20219;609,497498;39,819984;0,162157;-0,099172;-0,016405;-0,981632;-13,018063;397,157379;-520,7948;;;;;;;
760;7,6;0,711764;-0,066846;-0,166919;-0,679016;37,867958;609,593567;39,506905;0,162111;-0,099223;-0,016567;-0,981631;-13,032945;397,204651;-520,806641;;;;;;;
761;7,61;0,712107;-0,066034;-0,165961;-0,67897;37,52367;609,689758;39,179012;0,162137;-0,09917;-0,01657;-0,981633;-12,995396;397,18988;-520,796143;;;;;;;
762;7,62;0,712406;-0,065194;-0,16505;-0,67896;37,170731;609,778992;38,834625;0,162173;-0,099129;-0,016383;-0,981634;-12,980462;397,149261;-520,784119;;;;;;;
763;7,63;0,712808;-0,064362;-0,163972;-0,678878;36,79554;609,858521;38,471901;0,162152;-0,099155;-0,016384;-0,981635;-12,988673;397,168854;-520,793701;;;;;;;
764;7,64;0,713215;-0,06342;-0,162778;-0,678826;36,403648;609,942017;38,114929;0,162139;-0,099181;-0,016423;-0,981634;-12,99684;397,182587;-520,802856;;;;;;;
765;7,65;0,713588;-0,062332;-0,161619;-0,678812;36,004124;610,036987;37,744553;0,162156;-0,099128;-0,016281;-0,981638;-12,983065;397,161011;-520,792053;;;;;;;
766;7,66;0,713994;-0,061371;-0,160341;-0,678776;35,593197;610,132629;37,355171;0,162155;-0,099133;-0,016217;-0,981639;-12,987899;397,163513;-520,791931;;;;;;;
767;7,67;0,714493;-0,060557;-0,159234;-0,678585;35,164478;610,232849;36,975658;0,162142;-0,099147;-0,016238;-0,98164;-12,987614;397,175079;-520,794556;;;;;;;
768;7,68;0,714879;-0,05977;-0,158154;-0,6785;34,709957;610,289429;36,644512;0,162153;-0,099121;-0,016272;-0,98164;-12,963997;397,172333;-520,789246;;;;;;;
769;7,69;0,715204;-0,058542;-0,157129;-0,678503;34,213982;610,247742;36,318859;0,162112;-0,099069;-0,016173;-0,981653;-12,943981;397,198486;-520,791443;;;;;;;
770;7,7;0,715512;-0,057121;-0,156228;-0,678508;33,697578;610,109619;36,013565;0,162124;-0,099092;-0,01614;-0,98165;-12,961398;397,191284;-520,787476;;;;;;;
771;7,71;0,715616;-0,055801;-0,155438;-0,67869;33,188873;609,920654;35,759995;0,162169;-0,099096;-0,016183;-0,981641;-12,959576;397,161499;-520,779541;;;;;;;
772;7,72;0,715667;-0,054235;-0,155259;-0,678803;32,668442;609,697327;35,499947;0,16215;-0,099059;-0,016188;-0,981648;-12,940204;397,178436;-520,786682;;;;;;;
773;7,73;0,715638;-0,052611;-0,15513;-0,678992;32,151405;609,438782;35,24242;0,162148;-0,099065;-0,016095;-0,981649;-12,955884;397,176147;-520,784363;;;;;;;
774;7,74;0,715655;-0,051084;-0,154656;-0,679198;31,618647;609,167114;34,98896;0,162158;-0,099081;-0,016105;-0,981646;-12,962914;397,169342;-520,782471;;;;;;;
775;7,75;0,715642;-0,049478;-0,154374;-0,679395;31,073353;608,911011;34,728519;0,162149;-0,099078;-0,01627;-0,981645;-12,944159;397,187164;-520,78949;;;;;;;
776;7,76;0,71566;-0,048023;-0,1539;-0,679587;30,551601;608,69397;34,455376;0,162148;-0,099046;-0,016221;-0,981649;-12,938639;397,182526;-520,784241;;;;;;;
777;7,77;0,715828;-0,046704;-0,152835;-0,679743;30,046255;608,530273;34,158012;0,162166;-0,099029;-0,01607;-0,98165;-12,945548;397,158203;-520,785828;;;;;;;
778;7,78;0,716003;-0,045405;-0,15167;-0,679908;29,559128;608,422546;33,847794;0,162144;-0,09912;-0,016232;-0,981642;-12,986006;397,187286;-520,802429;;;;;;;
779;7,79;0,71622;-0,044173;-0,15038;-0,680047;29,106733;608,35376;33,504192;0,162142;-0,09915;-0,016394;-0,981637;-12,999117;397,200043;-520,801636;;;;;;;
780;7,8;0,716242;-0,042941;-0,149365;-0,680326;28,660152;608,313538;33,15551;0,162182;-0,099136;-0,016312;-0,981633;-13,00282;397,163422;-520,793457;;;;;;;
781;7,81;0,716301;-0,041817;-0,14834;-0,680559;28,196804;608,278992;32,789543;0,162222;-0,099095;-0,016255;-0,981631;-12,981568;397,135223;-520,781921;;;;;;;
782;7,82;0,716571;-0,040727;-0,146944;-0,680643;27,731644;608,241455;32,402225;0,162225;-0,09907;-0,016376;-0,981631;-12,956898;397,140198;-520,786743;;;;;;;
783;7,83;0,716977;-0,039986;-0,145664;-0,680534;27,260643;608,272583;32,089355;0,162217;-0,099157;-0,016472;-0,981622;-13,007099;397,150146;-520,798462;;;;;;;
784;7,84;0,717423;-0,039872;-0,144278;-0,680367;26,795294;608,398865;31,919174;0,162272;-0,099122;-0,016396;-0,981618;-12,983504;397,112732;-520,790344;;;;;;;
785;7,85;0,718245;-0,040311;-0,142768;-0,679792;26,327646;608,543274;31,775646;0,162257;-0,099026;-0,016339;-0,981631;-12,918469;397,129974;-520,801758;;;;;;;
786;7,86;0,718511;-0,039749;-0,141485;-0,679812;25,812668;608,548889;31,619127;0,162236;-0,099105;-0,0164;-0,981626;-12,96919;397,144501;-520,80481;;;;;;;
787;7,87;0,718451;-0,037884;-0,140542;-0,680178;25,233135;608,370178;31,351351;0,162202;-0,099164;-0,016525;-0,981623;-12,999624;397,171112;-520,801331;;;;;;;
788;7,88;0,718551;-0,036349;-0,139379;-0,680394;24,702843;608,092041;31,004936;0,162227;-0,09914;-0,016504;-0,981622;-12,988225;397,143829;-520,794861;;;;;;;
789;7,89;0,718247;-0,034801;-0,138543;-0,680967;24,136988;607,776978;30,736017;0,162236;-0,099145;-0,016454;-0,981621;-12,993977;397,130981;-520,79541;;;;;;;
790;7,9;0,717985;-0,032616;-0,138439;-0,681372;23,471415;607,419067;30,432959;0,16221;-0,099117;-0,016509;-0,981627;-12,962773;397,158905;-520,792969;;;;;;;
791;7,91;0,717761;-0,031053;-0,137362;-0,6819;22,908274;607,029053;30,145512;0,16223;-0,09906;-0,016538;-0,981629;-12,923479;397,135193;-520,780212;;;;;;;
792;7,92;0,717625;-0,029705;-0,136112;-0,682352;22,35153;606,667786;29,873508;0,162226;-0,099059;-0,016637;-0,981628;-12,915911;397,137604;-520,794617;;;;;;;
793;7,93;0,717288;-0,027781;-0,135555;-0,682899;21,769558;606,330017;29,615467;0,162229;-0,09906;-0,016561;-0,981629;-12,930296;397,13324;-520,801453;;;;;;;
794;7,94;0,717041;-0,026173;-0,134656;-0,683399;21,277323;605,984741;29,383968;0,16221;-0,09913;-0,016613;-0,981624;-12,962623;397,152924;-520,821594;;;;;;;
795;7,95;0,716847;-0,024962;-0,133816;-0,683813;20,763182;605,631714;29,229429;0,162194;-0,09913;-0,016776;-0,981624;-12,936547;397,176758;-520,835022;;;;;;;
796;7,96;0,716391;-0,023461;-0,133828;-0,684342;20,195669;605,221985;29,147352;0,162219;-0,099121;-0,016757;-0,981621;-12,941278;397,163208;-520,818604;;;;;;;
797;7,97;0,716214;-0,021981;-0,133454;-0,684649;19,648911;604,732849;29,008541;0,162224;-0,099097;-0,016591;-0,981625;-12,947466;397,147766;-520,808105;;;;;;;
798;7,98;0,715809;-0,020441;-0,133252;-0,685159;19,115873;604,244812;28,959387;0,162211;-0,098967;-0,016537;-0,981641;-12,863919;397,148315;-520,804077;;;;;;;
799;7,99;0,715383;-0,018623;-0,133734;-0,685562;18,529375;603,744629;28,915909;0,162195;-0,099013;-0,016731;-0,981636;-12,873631;397,17453;-520,804932;;;;;;;
800;8;0,715055;-0,017063;-0,133944;-0,685904;17,984081;603,249329;28,82959;0,162223;-0,09912;-0,016755;-0,98162;-12,942074;397,152435;-520,796509;;;;;;;
801;8,01;0,71487;-0,015569;-0,133816;-0,686157;17,463873;602,819275;28,68985;0,162175;-0,099036;-0,016682;-0,981638;-12,900561;397,177216;-520,801941;;;;;;;
802;8,02;0,714809;-0,014211;-0,133505;-0,686311;16,9314;602,527039;28,524227;0,162161;-0,09917;-0,016997;-0,981621;-12,962733;397,20871;-520,82135;;;;;;;
803;8,03;0,714577;-0,01335;-0,132802;-0,686706;16,49148;602,3974;28,399025;0,162227;-0,099406;-0,017221;-0,981582;-13,094295;397,174225;-520,830017;;;;;;;
804;8,04;0,714673;-0,012687;-0,131505;-0,686868;16,10474;602,368469;28,171837;0,162201;-0,099172;-0,016913;-0,981616;-12,983451;397,162903;-520,824036;;;;;;;
805;8,05;0,714689;-0,012181;-0,130013;-0,687145;15,752548;602,393127;27,923174;0,162174;-0,099108;-0,016989;-0,981626;-12,937905;397,194244;-520,829163;;;;;;;
806;8,06;0,714631;-0,011487;-0,129084;-0,687392;15,396591;602,411621;27,67621;0,162197;-0,099214;-0,017047;-0,98161;-13,012103;397,181488;-520,828857;;;;;;;
807;8,07;0,714585;-0,01089;-0,128319;-0,687593;15,017504;602,402222;27,476984;0,16219;-0,09919;-0,016952;-0,981615;-13,006909;397,17807;-520,836487;;;;;;;
808;8,08;0,714478;-0,010349;-0,127483;-0,687868;14,633038;602,356323;27,34651;0,162188;-0,09905;-0,016874;-0,981631;-12,913432;397,185242;-520,820618;;;;;;;
809;8,09;0,714677;-0,009746;-0,126895;-0,687779;14,227571;602,28064;27,235542;0,162206;-0,099087;-0,016885;-0,981624;-12,929062;397,172699;-520,810242;;;;;;;
810;8,1;0,714726;-0,009212;-0,126307;-0,687843;13,810488;602,17572;27,206617;0,16224;-0,099206;-0,01702;-0,981604;-12,988317;397,154755;-520,817993;;;;;;;
811;8,11;0,715059;-0,008701;-0,126018;-0,687557;13,37641;602,044922;27,142326;0,16219;-0,099082;-0,016967;-0,981626;-12,914837;397,192841;-520,821472;;;;;;;
812;8,12;0,714976;-0,008149;-0,125878;-0,687676;12,973973;601,911316;27,117525;0,162184;-0,099072;-0,01689;-0,981629;-12,917596;397,192749;-520,826538;;;;;;;
813;8,13;0,714856;-0,007077;-0,125627;-0,687858;12,599181;601,758118;26,980585;0,162223;-0,099343;-0,017088;-0,981592;-13,081599;397,175781;-520,836365;;;;;;;
814;8,14;0,715181;-0,006179;-0,124777;-0,687683;12,305979;601,6073;26,680483;0,162192;-0,099502;-0,017488;-0,981574;-13,138067;397,227631;-520,855713;;;;;;;
815;8,15;0,714968;-0,005392;-0,12399;-0,688054;12,018686;601,502502;26,452881;0,162197;-0,09926;-0,017289;-0,981601;-12,991485;397,207703;-520,847839;;;;;;;
816;8,16;0,714919;-0,004319;-0,1237;-0,688165;11,659048;601,458496;26,199255;0,162273;-0,098832;-0,01664;-0,981643;-12,79954;397,081238;-520,866943;;;;;;;
817;8,17;0,714873;-0,003657;-0,122557;-0,688421;11,455231;601,542847;25,924305;0,162379;-0,098629;-0,016728;-0,981644;-12,680801;396,983521;-520,891296;;;;;;;
818;8,18;0,715302;-0,003841;-0,120697;-0,688303;11,387806;601,781982;25,596771;0,162229;-0,09881;-0,01736;-0,98164;-12,731815;397,143829;-520,922485;;;;;;;
819;8,19;0,715351;-0,00413;-0,119205;-0,68851;11,327347;602,138611;25,363504;0,162293;-0,098887;-0,017141;-0,981625;-12,832089;397,078094;-520,904846;;;;;;;
820;8,2;0,715458;-0,004698;-0,117629;-0,688666;11,323219;602,545288;25,146101;0,16235;-0,098749;-0,016796;-0,981636;-12,835011;397,011444;-520,909912;;;;;;;
821;8,21;0,715997;-0,00563;-0,115723;-0,688422;11,372465;602,947754;24,880182;0,162322;-0,098558;-0,017055;-0,981655;-12,70015;397,030487;-520,931702;;;;;;;
822;8,22;0,716022;-0,005937;-0,114465;-0,688604;11,366399;603,328735;24,71258;0,162312;-0,098247;-0,016936;-0,98169;-12,548622;397,002472;-520,95282;;;;;;;
823;8,23;0,716279;-0,006096;-0,113485;-0,688497;11,373973;603,655457;24,477415;0,16239;-0,098103;-0,016416;-0,981701;-12,543693;396,896515;-520,942749;;;;;;;
824;8,24;0,716536;-0,006421;-0,112064;-0,68846;11,457095;603,944885;24,194067;0,162378;-0,098373;-0,016635;-0,981672;-12,684165;396,928833;-520,914978;;;;;;;
825;8,25;0,716969;-0,006416;-0,110757;-0,688221;11,435648;604,198792;23,891777;0,162219;-0,098368;-0,01697;-0,981693;-12,646644;397,077942;-520,942688;;;;;;;
826;8,26;0,717151;-0,006173;-0,109978;-0,688158;11,333735;604,404541;23,691687;0,162378;-0,098408;-0,01683;-0,981665;-12,678005;396,946564;-520,920776;;;;;;;
827;8,27;0,7173;-0,006095;-0,109344;-0,688104;11,254944;604,602783;23,512974;0,162438;-0,098257;-0,016532;-0,981675;-12,611194;396,873413;-520,933411;;;;;;;
828;8,28;0,717688;-0,006352;-0,108226;-0,687874;11,220025;604,842773;23,27174;0,162396;-0,098151;-0,016839;-0,981688;-12,516807;396,928619;-520,97583;;;;;;;
829;8,29;0,717791;-0,006779;-0,106722;-0,687998;11,216798;605,123169;23,090485;0,162317;-0,098266;-0,017102;-0,981685;-12,572704;397,02182;-521,030884;;;;;;;
830;8,3;0,718018;-0,006887;-0,105554;-0,68794;11,148375;605,350281;22,894096;0,162344;-0,098038;-0,016634;-0,981711;-12,480244;396,976532;-521,072632;;;;;;;
831;8,31;0,718101;-0,00687;-0,104756;-0,687976;11,027543;605,469482;22,778917;0,162377;-0,097571;-0,016472;-0,981755;-12,204903;396,945343;-521,117493;;;;;;;
832;8,32;0,718107;-0,006804;-0,104202;-0,688054;10,871424;605,465332;22,74342;0,162369;-0,097192;-0,01686;-0,981787;-11,943966;396,967407;-521,203064;;;;;;;
833;8,33;0,718066;-0,006268;-0,104037;-0,688126;10,664553;605,362671;22,734657;0,162403;-0,097018;-0,016887;-0,981798;-11,850204;396,917938;-521,261047;;;;;;;
834;8,34;0,71778;-0,005791;-0,104087;-0,688421;10,477362;605,262573;22,763494;0,162396;-0,096732;-0,016802;-0,981829;-11,684063;396,911926;-521,305237;;;;;;;
835;8,35;0,717722;-0,005868;-0,103705;-0,68854;10,372718;605,215759;22,747515;0,162422;-0,096361;-0,016902;-0,98186;-11,456663;396,905304;-521,338135;;;;;;;
836;8,36;0,717618;-0,006086;-0,103368;-0,688696;10,280674;605,187195;22,744406;0,162423;-0,096135;-0,016782;-0,981883;-11,366162;396,87912;-521,354675;;;;;;;
837;8,37;0,717441;-0,005883;-0,103458;-0,688869;10,153275;605,124512;22,762369;0,162486;-0,096017;-0,01663;-0,981887;-11,328085;396,814636;-521,362671;;;;;;;
838;8,38;0,717315;-0,005714;-0,103365;-0,689015;10,076048;605,061401;22,780476;0,16246;-0,095841;-0,016635;-0,981909;-11,224806;396,825256;-521,380737;;;;;;;
839;8,39;0,717218;-0,005916;-0,103172;-0,689144;10,067852;605,025879;22,80612;0,162415;-0,095841;-0,016881;-0,981912;-11,213924;396,862671;-521,410522;;;;;;;
840;8,4;0,717144;-0,005944;-0,103229;-0,689212;10,063575;604,996277;22,830088;0,162405;-0,095903;-0,016878;-0,981908;-11,265432;396,868042;-521,423218;;;;;;;
841;8,41;0,717037;-0,005748;-0,103322;-0,689311;10,051422;604,974915;22,853039;0,162409;-0,095818;-0,016652;-0,981919;-11,226308;396,849823;-521,413574;;;;;;;
842;8,42;0,717084;-0,005767;-0,103148;-0,689288;10,075427;604,982483;22,846581;0,162412;-0,095765;-0,016692;-0,981923;-11,180401;396,855621;-521,414063;;;;;;;
843;8,43;0,717106;-0,005946;-0,103025;-0,689282;10,11936;605,010193;22,835796;0,162413;-0,095845;-0,016778;-0,981914;-11,219749;396,867554;-521,419312;;;;;;;
844;8,44;0,7171;-0,005934;-0,103163;-0,689268;10,13197;605,01709;22,834532;0,162438;-0,095893;-0,016577;-0,981908;-11,253927;396,844574;-521,418457;;;;;;;
845;8,45;0,717097;-0,00585;-0,103244;-0,68926;10,141706;605,021362;22,83518;0,162455;-0,095814;-0,016494;-0,981914;-11,177996;396,841309;-521,414612;;;;;;;
846;8,46;0,717117;-0,005893;-0,103097;-0,689261;10,187049;605,042297;22,82761;0,162457;-0,095845;-0,016709;-0,981908;-11,153952;396,860657;-521,423218;;;;;;;
847;8,47;0,717161;-0,00597;-0,103083;-0,689215;10,231272;605,058777;22,82037;0,162452;-0,096023;-0,016853;-0,981889;-11,229903;396,885468;-521,439758;;;;;;;
848;8,48;0,717098;-0,005949;-0,103311;-0,689247;10,252077;605,057129;22,836674;0,1625;-0,095992;-0,016684;-0,981886;-11,192294;396,851074;-521,426819;;;;;;;
849;8,49;0,717081;-0,005916;-0,103356;-0,689259;10,27244;605,052979;22,845169;0,162466;-0,095938;-0,016643;-0,981898;-11,152109;396,871216;-521,428223;;;;;;;
850;8,5;0,717112;-0,00592;-0,103184;-0,689252;10,315506;605,066223;22,844633;0,162446;-0,096052;-0,016869;-0,981886;-11,197338;396,900757;-521,437988;;;;;;;
851;8,51;0,717125;-0,005992;-0,103188;-0,689238;10,338957;605,076172;22,847523;0,16249;-0,096097;-0,016744;-0,981877;-11,225977;396,868256;-521,42511;;;;;;;
852;8,52;0,717119;-0,006034;-0,103264;-0,689232;10,334034;605,078674;22,852514;0,162495;-0,096085;-0,016574;-0,98188;-11,214928;396,863586;-521,428284;;;;;;;
853;8,53;0,717098;-0,005954;-0,103166;-0,689269;10,347634;605,077087;22,856579;0,162445;-0,096091;-0,016749;-0,981885;-11,194283;396,911804;-521,442932;;;;;;;
854;8,54;0,717084;-0,005911;-0,103098;-0,689295;10,364114;605,070007;22,857468;0,162397;-0,096162;-0,016925;-0,981883;-11,22647;396,958893;-521,45575;;;;;;;
855;8,55;0,717018;-0,005959;-0,103175;-0,689351;10,356476;605,056519;22,877214;0,162437;-0,096133;-0,016708;-0,981883;-11,220101;396,920441;-521,442688;;;;;;;
856;8,56;0,716966;-0,006037;-0,103189;-0,689402;10,347553;605,0354;22,897192;0,162452;-0,096034;-0,016471;-0,981894;-11,182529;396,894043;-521,42749;;;;;;;
857;8,57;0,7169;-0,006004;-0,103127;-0,68948;10,35282;605,008606;22,911055;0,162443;-0,096059;-0,016661;-0,98189;-11,192204;396,906738;-521,429321;;;;;;;
858;8,58;0,716783;-0,005951;-0,103101;-0,689607;10,339607;604,965698;22,944923;0,162412;-0,096093;-0,016833;-0,981889;-11,18358;396,94046;-521,444336;;;;;;;
859;8,59;0,716678;-0,00594;-0,103158;-0,689708;10,320767;604,918152;22,981325;0,162422;-0,096056;-0,016677;-0,981893;-11,15871;396,927063;-521,445007;;;;;;;
860;8,6;0,71661;-0,005977;-0,103126;-0,689783;10,336529;604,889587;23,007092;0,16245;-0,096078;-0,016609;-0,981888;-11,191482;396,899231;-521,430542;;;;;;;
861;8,61;0,716566;-0,006063;-0,102937;-0,689855;10,36524;604,873901;23,026823;0,162425;-0,096125;-0,016784;-0,981884;-11,20899;396,924072;-521,438721;;;;;;;
862;8,62;0,716465;-0,006022;-0,102946;-0,689959;10,373837;604,853516;23,049541;0,162428;-0,096134;-0,016783;-0,981883;-11,189332;396,926941;-521,445496;;;;;;;
863;8,63;0,716351;-0,005954;-0,10317;-0,690045;10,378869;604,83252;23,075037;0,162444;-0,096144;-0,016662;-0,981881;-11,190561;396,915253;-521,441284;;;;;;;
864;8,64;0,716295;-0,006065;-0,103189;-0,6901;10,402167;604,823364;23,090076;0,162411;-0,096145;-0,016778;-0,981885;-11,182002;396,946655;-521,446167;;;;;;;
865;8,65;0,716236;-0,006097;-0,103048;-0,690181;10,422794;604,814026;23,105587;0,162386;-0,096151;-0,016826;-0,981887;-11,188956;396,966492;-521,451111;;;;;;;
866;8,66;0,716169;-0,005977;-0,103164;-0,690235;10,41841;604,789246;23,128233;0,162424;-0,096152;-0,016662;-0,981884;-11,201596;396,930634;-521,440796;;;;;;;
867;8,67;0,716097;-0,005975;-0,103295;-0,69029;10,417266;604,765747;23,150167;0,162442;-0,096202;-0,016643;-0,981876;-11,238233;396,920929;-521,43457;;;;;;;
868;8,68;0,716034;-0,006079;-0,103256;-0,69036;10,430794;604,748657;23,167669;0,162425;-0,096191;-0,016764;-0,981878;-11,228024;396,939514;-521,435242;;;;;;;
869;8,69;0,71598;-0,006046;-0,103252;-0,690416;10,42765;604,725342;23,185377;0,162394;-0,096124;-0,016741;-0,98189;-11,177135;396,958038;-521,442749;;;;;;;
870;8,7;0,715914;-0,005948;-0,103256;-0,690485;10,417166;604,70459;23,200626;0,162402;-0,096107;-0,016569;-0,981893;-11,185227;396,940308;-521,443115;;;;;;;
871;8,71;0,715894;-0,006046;-0,103178;-0,690518;10,422526;604,696167;23,209251;0,162413;-0,09618;-0,01672;-0,981882;-11,218261;396,945709;-521,447998;;;;;;;
872;8,72;0,715862;-0,006076;-0,103209;-0,690545;10,42496;604,686951;23,215946;0,162407;-0,096246;-0,016966;-0,981872;-11,227007;396,969788;-521,458313;;;;;;;
873;8,73;0,715809;-0,005943;-0,103351;-0,69058;10,413101;604,671936;23,22439;0,162425;-0,096184;-0,016806;-0,981878;-11,205977;396,942902;-521,440125;;;;;;;
874;8,74;0,715783;-0,005924;-0,103344;-0,690608;10,414874;604,666321;23,231483;0,162429;-0,096168;-0,016622;-0,981882;-11,226804;396,923615;-521,425354;;;;;;;
875;8,75;0,715794;-0,006058;-0,103193;-0,690618;10,432418;604,671021;23,235664;0,162433;-0,096193;-0,016723;-0,981877;-11,236931;396,928009;-521,426819;;;;;;;
876;8,76;0,715777;-0,006086;-0,103191;-0,690636;10,43377;604,666565;23,241884;0,162415;-0,096173;-0,016781;-0,981881;-11,212007;396,949127;-521,437622;;;;;;;
877;8,77;0,715714;-0,005981;-0,103349;-0,690679;10,422814;604,652161;23,251108;0,162415;-0,096208;-0,016702;-0,981879;-11,237308;396,945404;-521,446472;;;;;;;
878;8,78;0,715695;-0,005975;-0,103325;-0,690701;10,426376;604,647034;23,254223;0,162427;-0,096223;-0,016704;-0,981876;-11,250343;396,934235;-521,44397;;;;;;;
879;8,79;0,715683;-0,006032;-0,103278;-0,69072;10,434769;604,646912;23,253397;0,162403;-0,096195;-0,016815;-0,981881;-11,22592;396,957794;-521,453003;;;;;;;
880;8,8;0,715659;-0,005997;-0,103347;-0,690736;10,430193;604,644348;23,258533;0,162406;-0,096218;-0,016814;-0,981878;-11,232003;396,959412;-521,456726;;;;;;;
881;8,81;0,715674;-0,005958;-0,103335;-0,690722;10,431135;604,653687;23,253435;0,162466;-0,096199;-0,016651;-0,981872;-11,238726;396,90918;-521,432068;;;;;;;
882;8,82;0,71575;-0,006087;-0,103182;-0,690666;10,451187;604,674805;23,23893;0,162441;-0,096149;-0,016629;-0,981882;-11,220612;396,924072;-521,432739;;;;;;;
883;8,83;0,71579;-0,006173;-0,103143;-0,690629;10,455462;604,686157;23,231871;0,162423;-0,096127;-0,016618;-0,981887;-11,21017;396,936584;-521,434814;;;;;;;
884;8,84;0,715767;-0,006069;-0,103222;-0,690642;10,435477;604,679504;23,233751;0,162443;-0,096157;-0,0165;-0,981883;-11,245489;396,914124;-521,427002;;;;;;;
885;8,85;0,715768;-0,006019;-0,103198;-0,690645;10,427166;604,674011;23,230618;0,162423;-0,096182;-0,016521;-0,981883;-11,261889;396,929871;-521,437927;;;;;;;
886;8,86;0,7158;-0,006087;-0,103131;-0,690621;10,43245;604,682251;23,220186;0,162431;-0,096158;-0,016654;-0,981882;-11,231792;396,936829;-521,44281;;;;;;;
887;8,87;0,715814;-0,006079;-0,103101;-0,690611;10,422265;604,688904;23,209351;0,162415;-0,096159;-0,01662;-0,981885;-11,234272;396,946136;-521,451233;;;;;;;
888;8,88;0,715819;-0,005996;-0,10314;-0,690601;10,402357;604,686096;23,19805;0,162437;-0,096145;-0,016495;-0,981885;-11,238621;396,91861;-521,44635;;;;;;;
889;8,89;0,715847;-0,00596;-0,103142;-0,690572;10,394906;604,686401;23,188368;0,162436;-0,096109;-0,016559;-0,981888;-11,214325;396,921692;-521,447266;;;;;;;
890;8,9;0,715877;-0,005963;-0,103122;-0,690544;10,395042;604,692383;23,180374;0,162422;-0,096107;-0,016634;-0,981889;-11,203958;396,934631;-521,450745;;;;;;;
891;8,91;0,715902;-0,005954;-0,103154;-0,690513;10,396188;604,698792;23,174099;0,162441;-0,09617;-0,016552;-0,981881;-11,249851;396,914948;-521,450256;;;;;;;
892;8,92;0,715937;-0,005979;-0,103155;-0,690477;10,396359;604,707031;23,166872;0,162438;-0,09617;-0,016453;-0,981883;-11,265491;396,908356;-521,450623;;;;;;;
893;8,93;0,715975;-0,005967;-0,103112;-0,690443;10,398259;604,71814;23,157932;0,162434;-0,096119;-0,016527;-0,981888;-11,231227;396,916992;-521,446899;;;;;;;
894;8,94;0,716008;-0,00593;-0,103154;-0,690403;10,396932;604,727783;23,147551;0,162434;-0,096183;-0,01662;-0,98188;-11,261136;396,925568;-521,450134;;;;;;;
895;8,95;0,716048;-0,005942;-0,103198;-0,690355;10,388794;604,736816;23,138601;0,162442;-0,096208;-0,016531;-0,981877;-11,285413;396,916412;-521,45105;;;;;;;
896;8,96;0,716086;-0,005991;-0,103108;-0,690329;10,385884;604,747314;23,130516;0,162442;-0,096141;-0,016481;-0,981885;-11,253775;396,91333;-521,450256;;;;;;;
897;8,97;0,716105;-0,006006;-0,103116;-0,690308;10,387978;604,753479;23,121231;0,162454;-0,096099;-0,016514;-0,981887;-11,231225;396,905945;-521,446228;;;;;;;
898;8,98;0,7161;-0,005928;-0,103181;-0,690304;10,386055;604,752686;23,118502;0,162459;-0,096141;-0,016496;-0,981882;-11,260583;396,902435;-521,447876;;;;;;;
899;8,99;0,716085;-0,005936;-0,103167;-0,690322;10,388515;604,752991;23,123611;0,162462;-0,096175;-0,016522;-0,981878;-11,271326;396,907135;-521,453613;;;;;;;
900;9;0,716077;-0,006054;-0,103154;-0,69033;10,398775;604,761353;23,12291;0,162456;-0,096197;-0,016634;-0,981874;-11,272268;396,922302;-521,459534;;;;;;;
901;9,01;0,716075;-0,006097;-0,103132;-0,690336;10,404464;604,763123;23,122032;0,162461;-0,096198;-0,016569;-0,981875;-11,289559;396,909882;-521,455444;;;;;;;
902;9,02;0,716056;-0,005992;-0,103169;-0,690351;10,395335;604,753357;23,128736;0,162482;-0,09616;-0,016435;-0,981877;-11,278252;396,885162;-521,444458;;;;;;;
903;9,03;0,716034;-0,00596;-0,103167;-0,690374;10,386834;604,743347;23,132786;0,162478;-0,096164;-0,016501;-0,981876;-11,265371;396,892395;-521,445984;;;;;;;
904;9,04;0,716014;-0,005993;-0,103107;-0,690404;10,388762;604,731567;23,137104;0,162469;-0,096186;-0,016613;-0,981874;-11,267902;396,89978;-521,450134;;;;;;;
905;9,05;0,715973;-0,005917;-0,103131;-0,690443;10,384703;604,716187;23,148338;0,162468;-0,096214;-0,016618;-0,981871;-11,287074;396,898682;-521,450989;;;;;;;
906;9,06;0,715931;-0,005862;-0,10318;-0,69048;10,376401;604,703003;23,159397;0,162471;-0,096228;-0,016644;-0,981869;-11,282305;396,89859;-521,449707;;;;;;;
907;9,07;0,715905;-0,005904;-0,103151;-0,690511;10,380152;604,695129;23,166727;0,162471;-0,096204;-0,016724;-0,98187;-11,254195;396,902863;-521,445374;;;;;;;
908;9,08;0,715895;-0,005937;-0,103128;-0,690525;10,383983;604,690552;23,169657;0,162471;-0,0962;-0,016736;-0,98187;-11,261722;396,898376;-521,442627;;;;;;;
909;9,09;0,71589;-0,005903;-0,103141;-0,690528;10,375835;604,683594;23,17021;0,162467;-0,096195;-0,016635;-0,981873;-11,271112;396,891418;-521,442383;;;;;;;
910;9,1;0,715866;-0,005875;-0,103176;-0,690547;10,36993;604,671692;23,175219;0,16247;-0,096165;-0,016579;-0,981876;-11,255084;396,885223;-521,441467;;;;;;;
911;9,11;0,715839;-0,005912;-0,103198;-0,690572;10,367892;604,660034;23,181967;0,162452;-0,096168;-0,016675;-0,981877;-11,250124;396,900665;-521,447571;;;;;;;
912;9,12;0,715785;-0,00589;-0,103199;-0,690628;10,366834;604,648376;23,189009;0,162454;-0,096133;-0,016638;-0,981881;-11,235821;396,890625;-521,443237;;;;;;;
913;9,13;0,715744;-0,005832;-0,103234;-0,690666;10,363592;604,63678;23,196447;0,162457;-0,096107;-0,016542;-0,981885;-11,224608;396,884033;-521,443054;;;;;;;
914;9,14;0,715737;-0,00584;-0,103179;-0,690681;10,362164;604,632263;23,198391;0,162457;-0,096109;-0,016615;-0,981883;-11,205957;396,895416;-521,447205;;;;;;;
915;9,15;0,715699;-0,005866;-0,10313;-0,690728;10,367583;604,633667;23,196976;0,162484;-0,096098;-0,016652;-0,981879;-11,193296;396,876343;-521,438354;;;;;;;
916;9,16;0,715688;-0,005846;-0,103136;-0,690739;10,365011;604,630615;23,197554;0,162468;-0,096086;-0,016556;-0,981885;-11,200213;396,876984;-521,4422;;;;;;;
917;9,17;0,715684;-0,005805;-0,103137;-0,690743;10,362025;604,627502;23,197495;0,16245;-0,09608;-0,016507;-0,981889;-11,195515;396,885742;-521,448853;;;;;;;
918;9,18;0,715691;-0,00584;-0,103089;-0,690742;10,36581;604,628296;23,19495;0,162454;-0,0961;-0,016551;-0,981886;-11,201158;396,889221;-521,446289;;;;;;;
919;9,19;0,715712;-0,005876;-0,103075;-0,690723;10,367261;604,630127;23,191679;0,162471;-0,096094;-0,016576;-0,981883;-11,189125;396,881317;-521,439819;;;;;;;
920;9,2;0,71569;-0,00582;-0,103082;-0,690745;10,363983;604,630188;23,188461;0,162501;-0,096051;-0,016531;-0,981883;-11,158407;396,859833;-521,429443;;;;;;;
921;9,21;0,71567;-0,005746;-0,10304;-0,690772;10,355844;604,644409;23,17671;0,162508;-0,096067;-0,016521;-0,981881;-11,171456;396,848083;-521,431274;;;;;;;
922;9,22;0,716086;-0,006151;-0,102461;-0,690424;10,385891;604,778076;23,11334;0,162503;-0,096167;-0,016698;-0,981869;-11,225773;396,85022;-521,441467;;;;;;;
923;9,23;0,717016;-0,006964;-0,100731;-0,689705;10,523335;605,040222;22,913101;0,162514;-0,096225;-0,016871;-0,981858;-11,23922;396,842133;-521,437195;;;;;;;
924;9,24;0,717561;-0,007656;-0,099019;-0,689379;10,662311;605,257629;22,728125;0,16253;-0,09609;-0,016701;-0,981872;-11,163032;396,843903;-521,434875;;;;;;;
925;9,25;0,71724;-0,007571;-0,099168;-0,689692;10,60506;605,259888;22,758112;0,162528;-0,096037;-0,016415;-0,981882;-11,157045;396,845398;-521,445496;;;;;;;
926;9,26;0,716949;-0,006726;-0,100261;-0,689846;10,429801;605,09552;22,81658;0,162515;-0,09612;-0,016623;-0,981872;-11,194514;396,823883;-521,449219;;;;;;;
927;9,27;0,716872;-0,006613;-0,099982;-0,689968;10,416598;605,023499;22,851757;0,162429;-0,096049;-0,01723;-0,981883;-11,115459;396,897736;-521,469604;;;;;;;
928;9,28;0,716841;-0,007169;-0,099176;-0,69011;10,51725;605,066895;22,866955;0,162397;-0,095976;-0,016977;-0,9819;-11,111359;396,922119;-521,472473;;;;;;;
929;9,29;0,716808;-0,007266;-0,09927;-0,690129;10,51097;605,054138;22,8869;0,162479;-0,095973;-0,016087;-0,981902;-11,208775;396,818176;-521,437866;;;;;;;
930;9,3;0,71649;-0,006992;-0,099766;-0,690391;10,453181;604,961731;22,980104;0,162449;-0,096022;-0,016522;-0,981895;-11,214499;396,834778;-521,441162;;;;;;;
931;9,31;0,716457;-0,00691;-0,099837;-0,690416;10,447997;604,905823;22,997595;0,162345;-0,095986;-0,017421;-0,9819;-11,128461;396,942047;-521,451904;;;;;;;
932;9,32;0,716355;-0,007226;-0,099495;-0,690568;10,49603;604,928345;23,016363;0,162432;-0,095932;-0,016852;-0,981901;-11,147165;396,861511;-521,423401;;;;;;;
933;9,33;0,716347;-0,007524;-0,09947;-0,690576;10,508644;604,948059;23,018047;0,162534;-0,096082;-0,016103;-0,981882;-11,300218;396,762299;-521,415955;;;;;;;
934;9,34;0,716367;-0,007407;-0,09959;-0,69054;10,490047;604,919556;23,010477;0,162414;-0,096084;-0,01676;-0,98189;-11,251256;396,884277;-521,455078;;;;;;;
935;9,35;0,7162;-0,007255;-0,099635;-0,690708;10,476255;604,882141;23,04192;0,162394;-0,09589;-0,017261;-0,981904;-11,091895;396,898468;-521,446716;;;;;;;
936;9,36;0,716277;-0,007146;-0,099678;-0,690623;10,457143;604,874451;23,02317;0,162459;-0,095944;-0,016582;-0,9819;-11,182901;396,810791;-521,424744;;;;;;;
937;9,37;0,716252;-0,007314;-0,09953;-0,690669;10,469609;604,902405;23,02253;0,162499;-0,096039;-0,016239;-0,981889;-11,264592;396,78476;-521,430969;;;;;;;
938;9,38;0,716289;-0,007455;-0,099374;-0,690652;10,483435;604,901672;23,0177;0,162425;-0,095912;-0,016857;-0,981904;-11,133136;396,869659;-521,450073;;;;;;;
939;9,39;0,716248;-0,007114;-0,099605;-0,690664;10,442765;604,848938;23,02387;0,162381;-0,095923;-0,017195;-0,981904;-11,109161;396,898682;-521,461548;;;;;;;
940;9,4;0,716116;-0,006808;-0,099892;-0,690763;10,402266;604,830505;23,046032;0,162442;-0,096077;-0,016743;-0,981887;-11,246462;396,827271;-521,452332;;;;;;;
941;9,41;0,716301;-0,007152;-0,09953;-0,690619;10,44632;604,875427;23,010664;0,162429;-0,095981;-0,016553;-0,981902;-11,20887;396,836273;-521,449036;;;;;;;
942;9,42;0,716364;-0,00747;-0,099187;-0,6906;10,487685;604,902893;22,995169;0,162386;-0,095844;-0,016894;-0,981916;-11,100144;396,879547;-521,453247;;;;;;;
943;9,43;0,716302;-0,007046;-0,099728;-0,690592;10,415597;604,871155;23,002069;0,162404;-0,095938;-0,016914;-0,981904;-11,164864;396,860077;-521,453979;;;;;;;
944;9,44;0,716298;-0,006742;-0,100006;-0,690558;10,370173;604,867188;22,992201;0,16245;-0,095939;-0,016651;-0,9819;-11,167617;396,818115;-521,443787;;;;;;;
945;9,45;0,716487;-0,007134;-0,099388;-0,690447;10,427911;604,939941;22,944607;0,16242;-0,095877;-0,016724;-0,98191;-11,118834;396,859589;-521,449646;;;;;;;
946;9,46;0,716693;-0,007209;-0,099059;-0,69028;10,442741;605,027893;22,87373;0,162424;-0,095919;-0,016825;-0,981904;-11,151273;396,857574;-521,44751;;;;;;;
947;9,47;0,716803;-0,006985;-0,09908;-0,690165;10,412542;605,141235;22,790241;0,162431;-0,095975;-0,016681;-0,9819;-11,193176;396,835968;-521,444458;;;;;;;
948;9,48;0,717161;-0,007491;-0,098224;-0,68991;10,47709;605,323792;22,658243;0,162421;-0,095854;-0,016617;-0,981914;-11,116164;396,839569;-521,440369;;;;;;;
949;9,49;0,717602;-0,008195;-0,097158;-0,689594;10,582184;605,576172;22,512306;0,162376;-0,095885;-0,016911;-0,981914;-11,103337;396,88855;-521,454163;;;;;;;
950;9,5;0,718116;-0,008556;-0,096343;-0,689169;10,657443;605,845459;22,342354;0,162386;-0,095991;-0,016902;-0,981902;-11,174757;396,879486;-521,457825;;;;;;;
951;9,51;0,718566;-0,009022;-0,095126;-0,688864;10,750278;606,088379;22,174118;0,162446;-0,095914;-0,01665;-0,981903;-11,135034;396,827881;-521,442017;;;;;;;
952;9,52;0,718843;-0,00926;-0,094342;-0,688679;10,806207;606,286621;22,039068;0,16241;-0,095915;-0,016773;-0,981907;-11,105606;396,880676;-521,456726;;;;;;;
953;9,53;0,719029;-0,009357;-0,094143;-0,68851;10,812655;606,417786;21,934267;0,162392;-0,095989;-0,016827;-0,981902;-11,152416;396,891357;-521,466492;;;;;;;
954;9,54;0,719151;-0,00958;-0,093822;-0,688424;10,850044;606,582092;21,836132;0,162399;-0,096018;-0,016853;-0,981898;-11,154239;396,876343;-521,46936;;;;;;;
955;9,55;0,719489;-0,010153;-0,092894;-0,688189;10,978103;606,830566;21,680485;0,162398;-0,095897;-0,016867;-0,98191;-11,06333;396,889343;-521,467712;;;;;;;
956;9,56;0,719754;-0,010837;-0,091716;-0,688059;11,129462;607,069519;21,541325;0,162441;-0,095865;-0,016724;-0,981908;-11,055597;396,868469;-521,455383;;;;;;;
957;9,57;0,719859;-0,010844;-0,0915;-0,687978;11,149621;607,174072;21,471235;0,162493;-0,09599;-0,016559;-0,98189;-11,144022;396,827271;-521,445984;;;;;;;
958;9,58;0,71986;-0,010487;-0,091771;-0,687946;11,079366;607,162781;21,457676;0,162458;-0,095994;-0,016775;-0,981892;-11,112168;396,857635;-521,459839;;;;;;;
959;9,59;0,719812;-0,010433;-0,091675;-0,68801;11,063643;607,137329;21,466572;0,162365;-0,095967;-0,017167;-0,981903;-11,047453;396,940582;-521,48645;;;;;;;
960;9,6;0,719885;-0,010461;-0,091517;-0,687954;11,081021;607,179626;21,427961;0,162375;-0,095983;-0,016954;-0,981903;-11,090899;396,914825;-521,477234;;;;;;;
961;9,61;0,720001;-0,010612;-0,091086;-0,687887;11,119621;607,29071;21,365236;0,162439;-0,095996;-0,016695;-0,981896;-11,126694;396,856628;-521,462769;;;;;;;
962;9,62;0,720243;-0,010992;-0,09028;-0,687735;11,179491;607,434814;21,26902;0,162399;-0,095942;-0,01687;-0,981905;-11,078128;396,890625;-521,471252;;;;;;;
963;9,63;0,720423;-0,011178;-0,089745;-0,687613;11,213663;607,551331;21,183565;0,162353;-0,095947;-0,017057;-0,981909;-11,063017;396,937378;-521,479431;;;;;;;
964;9,64;0,720475;-0,011001;-0,089706;-0,687567;11,188691;607,608337;21,139055;0,162393;-0,095953;-0,016784;-0,981906;-11,084851;396,898895;-521,467468;;;;;;;
965;9,65;0,720566;-0,010869;-0,089588;-0,687489;11,157934;607,654297;21,080093;0,162384;-0,095948;-0,016671;-0,98191;-11,090605;396,893219;-521,470337;;;;;;;
966;9,66;0,720716;-0,011144;-0,088939;-0,687411;11,191547;607,75647;20,997484;0,162317;-0,095892;-0,016956;-0,981922;-11,030865;396,952972;-521,487305;;;;;;;
967;9,67;0,721043;-0,011555;-0,087862;-0,6872;11,261862;607,926941;20,873915;0,162354;-0,095957;-0,01702;-0,981908;-11,051919;396,935944;-521,483032;;;;;;;
968;9,68;0,721358;-0,0119;-0,086867;-0,68699;11,336361;608,118591;20,747681;0,162403;-0,096071;-0,016745;-0,981894;-11,139393;396,90094;-521,478088;;;;;;;
969;9,69;0,721634;-0,012269;-0,085996;-0,686803;11,383652;608,276978;20,635576;0,162383;-0,096027;-0,016716;-0,981902;-11,11296;396,916534;-521,481384;;;;;;;
970;9,7;0,721831;-0,012389;-0,085428;-0,686665;11,385013;608,36499;20,546776;0,162356;-0,096034;-0,016994;-0,981901;-11,090709;396,949005;-521,483826;;;;;;;
971;9,71;0,721812;-0,012182;-0,085337;-0,6867;11,332226;608,359375;20,516541;0,162376;-0,09612;-0,016964;-0,98189;-11,142781;396,937134;-521,480774;;;;;;;
972;9,72;0,721714;-0,011642;-0,085462;-0,686796;11,226261;608,255066;20,522596;0,162375;-0,096053;-0,01664;-0,981902;-11,119694;396,923126;-521,473999;;;;;;;
973;9,73;0,721439;-0,010775;-0,085974;-0,687036;11,067486;608,082886;20,564079;0,162367;-0,09605;-0,016804;-0,981901;-11,087705;396,938141;-521,476746;;;;;;;
974;9,74;0,72114;-0,009864;-0,086524;-0,687295;10,888782;607,879517;20,607327;0,162349;-0,09614;-0,017068;-0,98189;-11,124085;396,960907;-521,480896;;;;;;;
975;9,75;0,720965;-0,009087;-0,086692;-0,687468;10,712739;607,699646;20,641983;0,162343;-0,096196;-0,016998;-0,981887;-11,155149;396,966278;-521,48584;;;;;;;
976;9,76;0,720793;-0,008541;-0,086869;-0,687633;10,535584;607,549927;20,66778;0,162337;-0,096178;-0,016777;-0,981894;-11,159142;396,960205;-521,491516;;;;;;;
977;9,77;0,720647;-0,008079;-0,087066;-0,687766;10,362344;607,392822;20,664762;0,162325;-0,096182;-0,016893;-0,981893;-11,162056;396,972839;-521,489502;;;;;;;
978;9,78;0,720422;-0,007455;-0,087074;-0,688008;10,18495;607,245483;20,658665;0,162318;-0,096195;-0,017071;-0,98189;-11,154739;396,985535;-521,492493;;;;;;;
979;9,79;0,720253;-0,006776;-0,086962;-0,688206;10,000072;607,114319;20,646055;0,162312;-0,096125;-0,016764;-0,981903;-11,14;396,972351;-521,487854;;;;;;;
980;9,8;0,720138;-0,006226;-0,086635;-0,688373;9,825684;607,001526;20,623325;0,162334;-0,096123;-0,016588;-0,981903;-11,158642;396,949646;-521,478455;;;;;;;
981;9,81;0,720069;-0,005692;-0,086353;-0,688485;9,665985;606,921814;20,578842;0,162335;-0,096182;-0,01685;-0,981892;-11,178608;396,964386;-521,476868;;;;;;;
982;9,82;0,720043;-0,005242;-0,085959;-0,688564;9,528814;606,858887;20,52001;0,162317;-0,096168;-0,016995;-0,981894;-11,153945;396,987305;-521,479614;;;;;;;
983;9,83;0,719916;-0,00475;-0,08568;-0,688736;9,388218;606,798462;20,473831;0,162326;-0,096147;-0,016752;-0,981899;-11,163203;396,970337;-521,478271;;;;;;;
984;9,84;0,719782;-0,004229;-0,085679;-0,68888;9,227275;606,713745;20,436514;0,162332;-0,09618;-0,01667;-0,981896;-11,197875;396,961517;-521,478271;;;;;;;
985;9,85;0,719554;-0,003579;-0,085802;-0,689106;9,061305;606,590881;20,424925;0,162282;-0,096217;-0,016994;-0,981895;-11,192592;397,009827;-521,496704;;;;;;;
986;9,86;0,719343;-0,002731;-0,086097;-0,689294;8,880147;606,438538;20,428595;0,162278;-0,096167;-0,017036;-0,9819;-11,159912;397,009338;-521,491089;;;;;;;
987;9,87;0,719158;-0,001972;-0,086614;-0,689424;8,683394;606,281738;20,436106;0,162301;-0,09615;-0,016784;-0,981902;-11,179101;396,973389;-521,48053;;;;;;;
988;9,88;0,719027;-0,001391;-0,086844;-0,689533;8,508496;606,149658;20,431381;0,162277;-0,09616;-0,016839;-0,981904;-11,176664;396,990601;-521,487854;;;;;;;
989;9,89;0,719043;-0,000944;-0,086586;-0,68955;8,383518;606,07605;20,38842;0,16226;-0,096112;-0,017045;-0,981908;-11,123797;397,012543;-521,492249;;;;;;;
990;9,9;0,719082;-0,000543;-0,086118;-0,689568;8,289449;606,062805;20,32736;0,162286;-0,096102;-0,016977;-0,981906;-11,119502;396,991028;-521,483887;;;;;;;
991;9,91;0,719156;-0,000254;-0,085595;-0,689556;8,213944;606,078735;20,23863;0,162325;-0,096129;-0,016722;-0,981901;-11,164292;396,951202;-521,471924;;;;;;;
992;9,92;0,719217;-0,000121;-0,085232;-0,689538;8,130955;606,107178;20,142454;0,162305;-0,09614;-0,016784;-0,981902;-11,164157;396,972839;-521,483765;;;;;;;
993;9,93;0,719345;0,000096;-0,084732;-0,689466;8,036994;606,132507;20,046804;0,162324;-0,096107;-0,016926;-0,9819;-11,124916;396,973297;-521,476501;;;;;;;
994;9,94;0,719501;0,000338;-0,084212;-0,689367;7,933485;606,153137;19,945656;0,162356;-0,0961;-0,016739;-0,981899;-11,135614;396,939697;-521,465088;;;;;;;
995;9,95;0,719565;0,000669;-0,083954;-0,689331;7,831751;606,166504;19,855753;0,162322;-0,096134;-0,01661;-0,981903;-11,166675;396,957458;-521,482361;;;;;;;
996;9,96;0,719648;0,001029;-0,083716;-0,689273;7,725814;606,15387;19,775564;0,162298;-0,096135;-0,016816;-0,981904;-11,141713;396,990967;-521,495728;;;;;;;
997;9,97;0,719637;0,001577;-0,083699;-0,689286;7,585413;606,094849;19,717571;0,162296;-0,096121;-0,016957;-0,981903;-11,116177;396,995819;-521,49707;;;;;;;
998;9,98;0,719565;0,002286;-0,083802;-0,689346;7,412501;605,993408;19,67864;0,162306;-0,096143;-0,016859;-0,981901;-11,137747;396,978149;-521,491455;;;;;;;
999;9,99;0,719519;0,002948;-0,083694;-0,689405;7,228429;605,876587;19,655094;0,1623;-0,096125;-0,016734;-0,981906;-11,146903;396,969788;-521,485535;;;;;;;
1000;10;0,719487;0,003603;-0,08356;-0,689451;7,034888;605,754883;19,626625;0,162297;-0,096083;-0,016832;-0,981909;-11,11609;396,970764;-521,482422;;;;;;;
1001;10,01;0,719461;0,004358;-0,083587;-0,689471;6,844839;605,644653;19,573055;0,162285;-0,096102;-0,016962;-0,981907;-11,111089;396,988464;-521,488159;;;;;;;
1002;10,02;0,719429;0,005094;-0,083462;-0,689514;6,662036;605,580078;19,506809;0,1623;-0,096094;-0,016843;-0,981907;-11,118849;396,973846;-521,485474;;;;;;;
1003;10,03;0,719473;0,005564;-0,083199;-0,689497;6,513586;605,563538;19,413193;0,162309;-0,096036;-0,016758;-0,981912;-11,098952;396,959869;-521,477356;;;;;;;
1004;10,04;0,719576;0,005904;-0,082581;-0,689461;6,402515;605,581299;19,304052;0,162282;-0,096057;-0,016912;-0,981912;-11,11049;396,985382;-521,485779;;;;;;;
1005;10,05;0,719679;0,006203;-0,081957;-0,689425;6,295609;605,607483;19,198515;0,162269;-0,096053;-0,016926;-0,981915;-11,111406;396,996185;-521,490967;;;;;;;
1006;10,06;0,719718;0,006619;-0,081698;-0,689412;6,175282;605,609985;19,101116;0,162287;-0,096055;-0,016819;-0,981913;-11,120806;396,979797;-521,483521;;;;;;;
1007;10,07;0,719652;0,007276;-0,081606;-0,689484;6,027992;605,565796;19,024477;0,16228;-0,096055;-0,01688;-0,981913;-11,121893;396,987457;-521,484314;;;;;;;
1008;10,08;0,71959;0,007958;-0,08167;-0,689534;5,8453;605,475769;18,960814;0,16224;-0,096036;-0,01702;-0,981919;-11,103952;397,016693;-521,492981;;;;;;;
1009;10,09;0,719476;0,008529;-0,081824;-0,689628;5,649005;605,365417;18,914028;0,162252;-0,096064;-0,016999;-0,981915;-11,128959;397,004486;-521,491028;;;;;;;
1010;10,1;0,719395;0,009099;-0,081719;-0,689718;5,453456;605,250732;18,868227;0,162279;-0,096066;-0,016934;-0,981911;-11,134787;396,981812;-521,479431;;;;;;;
1011;10,11;0,719382;0,009688;-0,08157;-0,689741;5,270862;605,154846;18,811449;0,162278;-0,096041;-0,017063;-0,981912;-11,108672;396,982605;-521,47522;;;;;;;
1012;10,12;0,719347;0,010267;-0,081519;-0,689775;5,114849;605,091125;18,748331;0,162255;-0,096086;-0,017209;-0,981909;-11,13131;397,000244;-521,488159;;;;;;;
1013;10,13;0,719401;0,010712;-0,081263;-0,689741;4,988595;605,06488;18,664625;0,162251;-0,096026;-0,017129;-0,981917;-11,095241;397,000183;-521,490417;;;;;;;
1014;10,14;0,719474;0,011054;-0,080843;-0,68971;4,883559;605,083679;18,564768;0,162254;-0,095974;-0,016965;-0,981924;-11,089624;396,986908;-521,487671;;;;;;;
1015;10,15;0,71958;0,011361;-0,080342;-0,689653;4,786269;605,124573;18,445429;0,162274;-0,095991;-0,017017;-0,981918;-11,11077;396,972137;-521,477722;;;;;;;
1016;10,16;0,719697;0,011667;-0,079859;-0,689582;4,698942;605,164978;18,331026;0,162279;-0,095929;-0,016976;-0,981924;-11,090299;396,958954;-521,468689;;;;;;;
1017;10,17;0,71977;0,011913;-0,079446;-0,689548;4,601197;605,190063;18,235239;0,162269;-0,095935;-0,016879;-0,981927;-11,107005;396,96402;-521,475891;;;;;;;
1018;10,18;0,719852;0,012164;-0,078965;-0,689515;4,489352;605,195007;18,139917;0,162281;-0,095954;-0,016864;-0,981923;-11,123528;396,958099;-521,472839;;;;;;;
1019;10,19;0,719884;0,012541;-0,07851;-0,689526;4,360457;605,178955;18,054497;0,162246;-0,095956;-0,017055;-0,981926;-11,107457;396,990723;-521,485107;;;;;;;
1020;10,2;0,719908;0,012972;-0,078267;-0,68952;4,214697;605,133972;17,980209;0,162269;-0,095922;-0,017074;-0,981925;-11,086457;396,975922;-521,466309;;;;;;;
1021;10,21;0,719844;0,013566;-0,078337;-0,689568;4,054485;605,065918;17,917629;0,162288;-0,095935;-0,016921;-0,981923;-11,114956;396,950592;-521,458618;;;;;;;
1022;10,22;0,719781;0,014215;-0,078464;-0,689606;3,899755;604,992981;17,859383;0,162248;-0,095955;-0,016892;-0,981928;-11,138659;396,973297;-521,477478;;;;;;;
1023;10,23;0,719789;0,014737;-0,078311;-0,689604;3,757091;604,941345;17,792763;0,162226;-0,095973;-0,017065;-0,981927;-11,132707;397,000488;-521,487061;;;;;;;
1024;10,24;0,719819;0,015191;-0,077903;-0,68961;3,636291;604,924927;17,708843;0,162247;-0,095926;-0,017022;-0,981929;-11,107452;396,977081;-521,478516;;;;;;;
1025;10,25;0,719901;0,015561;-0,077448;-0,689567;3,534611;604,943604;17,605589;0,162249;-0,095864;-0,016805;-0,981938;-11,10148;396,956909;-521,46936;;;;;;;
1026;10,26;0,720019;0,01591;-0,076876;-0,6895;3,441538;604,985229;17,483957;0,162252;-0,095898;-0,016829;-0,981934;-11,122682;396,957672;-521,471069;;;;;;;
1027;10,27;0,720168;0,016148;-0,076196;-0,689414;3,342576;605,036499;17,353289;0,16226;-0,095935;-0,016964;-0,981927;-11,121713;396,963593;-521,474609;;;;;;;
1028;10,28;0,72028;0,016425;-0,075581;-0,689358;3,241953;605,088379;17,229706;0,162254;-0,095932;-0,016913;-0,981929;-11,119319;396,96933;-521,478455;;;;;;;
1029;10,29;0,7204;0,016714;-0,074972;-0,689292;3,138138;605,11499;17,120026;0,162251;-0,095968;-0,016842;-0,981927;-11,151113;396,972107;-521,481995;;;;;;;
1030;10,3;0,720444;0,017094;-0,074536;-0,689285;3,015657;605,09613;17,038919;0,162249;-0,095967;-0,01692;-0,981926;-11,140536;396,979523;-521,481934;;;;;;;
1031;10,31;0,720368;0,017585;-0,074413;-0,689364;2,869483;605,035645;16,985167;0,162257;-0,09594;-0,016905;-0,981928;-11,134328;396,964844;-521,472778;;;;;;;
1032;10,32;0,720252;0,018062;-0,074417;-0,689473;2,710493;604,949707;16,940746;0,162252;-0,095926;-0,016857;-0,981931;-11,136452;396,9646;-521,470886;;;;;;;
1033;10,33;0,720135;0,018571;-0,074159;-0,68961;2,548836;604,863953;16,901564;0,162253;-0,095884;-0,016804;-0,981936;-11,121478;396,960663;-521,464539;;;;;;;
1034;10,34;0,720053;0,019145;-0,07394;-0,689703;2,406242;604,794373;16,848043;0,162231;-0,095915;-0,016913;-0,981935;-11,131282;396,982666;-521,477173;;;;;;;
1035;10,35;0,71999;0,019622;-0,073607;-0,689791;2,279853;604,74884;16,777168;0,162243;-0,095977;-0,017011;-0,981925;-11,155103;396,979401;-521,479614;;;;;;;
1036;10,36;0,719973;0,020051;-0,073086;-0,689852;2,16772;604,72998;16,695961;0,162219;-0,096001;-0,016955;-0,981927;-11,180498;396,993286;-521,489868;;;;;;;
1037;10,37;0,720044;0,020395;-0,072539;-0,689826;2,073031;604,748718;16,596962;0,162219;-0,095949;-0,016799;-0,981935;-11,174673;396,978912;-521,48175;;;;;;;
1038;10,38;0,720179;0,020658;-0,071784;-0,689756;2,000428;604,802429;16,481401;0,162245;-0,09594;-0,016927;-0,98193;-11,137467;396,974609;-521,468872;;;;;;;
1039;10,39;0,720325;0,020867;-0,070901;-0,689687;1,93163;604,872742;16,350035;0,162254;-0,095965;-0,016959;-0,981925;-11,144237;396,97287;-521,463135;;;;;;;
1040;10,4;0,720432;0,020992;-0,0702;-0,689644;1,836286;604,924683;16,216337;0,16223;-0,096048;-0,016967;-0,981921;-11,193525;396,992523;-521,471497;;;;;;;
1041;10,41;0,720466;0,021382;-0,069869;-0,68963;1,693899;604,922913;16,10034;0,162226;-0,09609;-0,016979;-0,981917;-11,220802;396,996429;-521,470398;;;;;;;
1042;10,42;0,720438;0,022058;-0,069888;-0,689636;1,506798;604,862183;16,003616;0,162219;-0,096035;-0,016972;-0,981924;-11,190269;396,995117;-521,471008;;;;;;;
1043;10,43;0,720384;0,022837;-0,069737;-0,689683;1,301531;604,771912;15,916717;0,162206;-0,095951;-0,01689;-0,981936;-11,147296;396,994232;-521,470276;;;;;;;
1044;10,44;0,720335;0,023583;-0,069458;-0,689737;1,100675;604,683044;15,829647;0,162212;-0,095965;-0,016839;-0,981934;-11,163633;396,983673;-521,471497;;;;;;;
1045;10,45;0,720319;0,024334;-0,069374;-0,689736;0,912136;604,615479;15,728626;0,162246;-0,095998;-0,016922;-0,981924;-11,169095;396,973175;-521,468811;;;;;;;
1046;10,46;0,720347;0,024954;-0,069066;-0,689715;0,745112;604,586609;15,607761;0,162227;-0,096;-0,016946;-0,981926;-11,167964;396,988647;-521,483093;;;;;;;
1047;10,47;0,720473;0,025452;-0,068543;-0,689618;0,615062;604,608398;15,46753;0,162214;-0,09598;-0,016937;-0,981931;-11,158318;396,997284;-521,491516;;;;;;;
1048;10,48;0,72066;0,025767;-0,067868;-0,689478;0,508997;604,664673;15,314731;0,162202;-0,095925;-0,016794;-0,98194;-11,155016;396,992218;-521,491333;;;;;;;
1049;10,49;0,720755;0,026029;-0,067167;-0,689437;0,398087;604,717285;15,164889;0,162211;-0,095948;-0,016824;-0,981936;-11,166657;396,989105;-521,492371;;;;;;;
1050;10,5;0,720815;0,026463;-0,066581;-0,689414;0,261369;604,735352;15,029639;0,162219;-0,095988;-0,016906;-0,981929;-11,180246;396,992218;-521,494019;;;;;;;
1051;10,51;0,720885;0,02702;-0,066451;-0,689332;0,087215;604,709229;14,919808;0,162219;-0,095924;-0,016836;-0,981937;-11,153028;396,985535;-521,48822;;;;;;;
1052;10,52;0,720932;0,027667;-0,066433;-0,689259;-0,092307;604,662537;14,825158;0,162226;-0,095898;-0,016837;-0,981938;-11,133107;396,979156;-521,482483;;;;;;;
1053;10,53;0,72097;0,028232;-0,066351;-0,689204;-0,252337;604,620544;14,725339;0,162242;-0,095944;-0,016878;-0,98193;-11,160554;396,972351;-521,477783;;;;;;;
1054;10,54;0,720999;0,028859;-0,066179;-0,689165;-0,402812;604,596191;14,614347;0,162245;-0,095942;-0,016804;-0,981931;-11,179123;396,963837;-521,472839;;;;;;;
1055;10,55;0,721081;0,029409;-0,06576;-0,689095;-0,540667;604,58374;14,495265;0,162218;-0,095931;-0,016822;-0,981937;-11,164304;396,986298;-521,486572;;;;;;;
1056;10,56;0,721171;0,029859;-0,065214;-0,689034;-0,678444;604,573975;14,375149;0,162196;-0,095952;-0,016824;-0,981938;-11,174455;397,000153;-521,494995;;;;;;;
1057;10,57;0,721215;0,030426;-0,064661;-0,689015;-0,838984;604,540588;14,263433;0,162216;-0,095966;-0,016834;-0,981933;-11,178275;396,985901;-521,489075;;;;;;;
1058;10,58;0,721233;0,03102;-0,06421;-0,689012;-1,022317;604,471924;14,158638;0,16223;-0,095919;-0,016824;-0,981936;-11,1411;396,975616;-521,484497;;;;;;;
1059;10,59;0,721139;0,031759;-0,06416;-0,689082;-1,222766;604,373901;14,072683;0,162238;-0,095923;-0,016887;-0,981933;-11,120625;396,975159;-521,484131;;;;;;;
1060;10,6;0,721029;0,032577;-0,064259;-0,68915;-1,425107;604,249146;14,006149;0,162248;-0,095928;-0,016919;-0,98193;-11,111367;396,973907;-521,481812;;;;;;;
1061;10,61;0,720929;0,033328;-0,064165;-0,689227;-1,622441;604,113647;13,937284;0,162236;-0,095924;-0,016896;-0,981933;-11,114452;396,978333;-521,487671;;;;;;;
1062;10,62;0,720803;0,034166;-0,064093;-0,689324;-1,816379;603,992493;13,86832;0,162243;-0,095949;-0,016916;-0,981929;-11,130184;396,97467;-521,490784;;;;;;;
1063;10,63;0,720746;0,034752;-0,063978;-0,689365;-1,976252;603,909851;13,79214;0,162233;-0,095875;-0,01687;-0,981939;-11,089213;396,974243;-521,490356;;;;;;;
1064;10,64;0,720781;0,035112;-0,063411;-0,689363;-2,099038;603,872498;13,702428;0,162217;-0,09579;-0,016699;-0,981953;-11,068651;396,963654;-521,487854;;;;;;;
1065;10,65;0,720816;0,035391;-0,062921;-0,689356;-2,208018;603,86377;13,614866;0,162225;-0,095869;-0,016799;-0,981942;-11,107656;396,969177;-521,491882;;;;;;;
1066;10,66;0,720819;0,035714;-0,062562;-0,689369;-2,314313;603,855652;13,536495;0,162232;-0,095841;-0,016842;-0,981943;-11,077652;396,971466;-521,489258;;;;;;;
1067;10,67;0,720826;0,036026;-0,062372;-0,689363;-2,416235;603,833618;13,472961;0,162235;-0,095926;-0,016974;-0,981932;-11,106779;396,980286;-521,499451;;;;;;;
1068;10,68;0,720843;0,036351;-0,062258;-0,689339;-2,514408;603,80542;13,41884;0,162237;-0,095917;-0,016939;-0,981933;-11,108305;396,970917;-521,495483;;;;;;;
1069;10,69;0,720815;0,036657;-0,062131;-0,689363;-2,609543;603,780701;13,366076;0,162237;-0,095893;-0,01699;-0,981934;-11,075558;396,980988;-521,493103;;;;;;;
1070;10,7;0,720819;0,036942;-0,061861;-0,689369;-2,694494;603,768066;13,299076;0,162242;-0,095897;-0,016921;-0,981934;-11,084437;396,972656;-521,49115;;;;;;;
1071;10,71;0,720871;0,037157;-0,061527;-0,689332;-2,759073;603,781372;13,22055;0,162238;-0,095866;-0,016805;-0,98194;-11,079567;396,967834;-521,490112;;;;;;;
1072;10,72;0,720951;0,037389;-0,061199;-0,689265;-2,821629;603,807251;13,131252;0,16224;-0,095833;-0,016797;-0,981943;-11,044329;396,97525;-521,491028;;;;;;;
1073;10,73;0,72103;0,037688;-0,060914;-0,689191;-2,899412;603,82428;13,038626;0,162277;-0,095925;-0,016912;-0,981926;-11,068547;396,961029;-521,49054;;;;;;;
1074;10,74;0,721091;0,03804;-0,060548;-0,689141;-2,999847;603,81366;12,954086;0,162275;-0,095984;-0,017039;-0,981918;-11,082314;396,977966;-521,497009;;;;;;;
1075;10,75;0,721126;0,038502;-0,060208;-0,689108;-3,130219;603,764771;12,883978;0,162284;-0,095944;-0,017075;-0,98192;-11,043336;396,976929;-521,496765;;;;;;;
1076;10,76;0,721075;0,03909;-0,060144;-0,689133;-3,279799;603,692566;12,824778;0,162273;-0,095888;-0,016925;-0,98193;-11,03144;396,968231;-521,490723;;;;;;;
1077;10,77;0,720991;0,039671;-0,060181;-0,689185;-3,423426;603,625122;12,761644;0,162264;-0,095918;-0,016915;-0,981929;-11,055167;396,973785;-521,492004;;;;;;;
1078;10,78;0,720981;0,040114;-0,060025;-0,689183;-3,554627;603,587891;12,685954;0,162269;-0,095886;-0,016965;-0,98193;-11,030953;396,970337;-521,488708;;;;;;;
1079;10,79;0,721014;0,040571;-0,059677;-0,689152;-3,658912;603,589417;12,588605;0,162264;-0,095896;-0,016966;-0,98193;-11,050573;396,967468;-521,488159;;;;;;;
1080;10,8;0,721093;0,040963;-0,059127;-0,689094;-3,738753;603,623352;12,474578;0,162248;-0,09598;-0,017032;-0,981923;-11,102039;396,984406;-521,496521;;;;;;;
1081;10,81;0,721162;0,041234;-0,058434;-0,689065;-3,821805;603,673767;12,351146;0,162233;-0,09598;-0,016996;-0,981926;-11,116935;396,994995;-521,494324;;;;;;;
1082;10,82;0,721267;0,041559;-0,057661;-0,689;-3,925864;603,727356;12,207501;0,162211;-0,096004;-0,017058;-0,981927;-11,131506;397,017792;-521,498352;;;;;;;
1083;10,83;0,721373;0,04196;-0,056877;-0,688931;-4,055202;603,769287;12,063146;0,162223;-0,095975;-0,017058;-0,981928;-11,115704;397,005402;-521,493896;;;;;;;
1084;10,84;0,721409;0,042316;-0,056331;-0,688916;-4,197837;603,774231;11,930854;0,162248;-0,09595;-0,016928;-0,981928;-11,120687;396,97171;-521,482178;;;;;;;
1085;10,85;0,721385;0,042853;-0,056023;-0,688933;-4,371161;603,729553;11,813821;0,162223;-0,095937;-0,016932;-0,981933;-11,112193;396,98584;-521,489197;;;;;;;
1086;10,86;0,721286;0,043656;-0,055898;-0,688996;-4,581464;603,638062;11,706585;0,162234;-0,0959;-0,016981;-0,981934;-11,080751;396,978302;-521,486023;;;;;;;
1087;10,87;0,721187;0,044422;-0,055729;-0,689064;-4,803679;603,519409;11,6001;0,162237;-0,095901;-0,016977;-0,981934;-11,084592;396,974274;-521,482666;;;;;;;
1088;10,88;0,721124;0,045173;-0,055379;-0,68911;-5,025926;603,420471;11,487785;0,16224;-0,095886;-0,016945;-0,981935;-11,072807;396,971405;-521,484253;;;;;;;
1089;10,89;0,721172;0,045948;-0,054709;-0,689062;-5,241293;603,368652;11,359043;0,162272;-0,095896;-0,016968;-0,981929;-11,066379;396,957336;-521,480469;;;;;;;
1090;10,9;0,721365;0,046324;-0,054073;-0,688885;-5,44089;603,359497;11,256114;0,162278;-0,095936;-0,017006;-0,981923;-11,083154;396,964417;-521,482483;;;;;;;
1091;10,91;0,721503;0,046625;-0,053871;-0,688736;-5,674357;603,334045;11,200436;0,162232;-0,095986;-0,016953;-0,981927;-11,124783;396,994293;-521,496765;;;;;;;
1092;10,92;0,721395;0,047483;-0,053853;-0,688793;-5,937909;603,22113;11,107355;0,1622;-0,095959;-0,016967;-0,981934;-11,104607;397,013611;-521,502014;;;;;;;
1093;10,93;0,721317;0,048177;-0,053517;-0,688851;-6,164859;603,054626;10,998302;0,162218;-0,095895;-0,017015;-0,981937;-11,063595;397,007477;-521,495178;;;;;;;
1094;10,94;0,721109;0,049167;-0,053503;-0,689;-6,417507;602,920105;10,912354;0,162272;-0,095877;-0,016924;-0,981931;-11,06342;396,949402;-521,475098;;;;;;;
1095;10,95;0,721193;0,050122;-0,053273;-0,688862;-6,675447;602,821533;10,765404;0,162212;-0,095917;-0,017038;-0,981935;-11,07206;397,012604;-521,492126;;;;;;;
1096;10,96;0,721175;0,05068;-0,052624;-0,68889;-6,864516;602,768677;10,627131;0,16217;-0,095914;-0,017104;-0,981941;-11,063791;397,048859;-521,500183;;;;;;;
1097;10,97;0,721199;0,051418;-0,052178;-0,688844;-7,046365;602,75177;10,458437;0,162218;-0,095952;-0,017154;-0,981929;-11,087386;397,015106;-521,494629;;;;;;;
1098;10,98;0,721245;0,05235;-0,052;-0,688738;-7,243454;602,712952;10,290645;0,162266;-0,09586;-0,016979;-0,981933;-11,057126;396,957397;-521,481384;;;;;;;
1099;10,99;0,721226;0,053132;-0,051716;-0,688721;-7,456832;602,664917;10,159973;0,162231;-0,095793;-0,016958;-0,981946;-11,022505;396,977539;-521,487061;;;;;;;
1100;11;0,721449;0,053657;-0,051301;-0,688477;-7,67948;602,652771;10,001489;0,162201;-0,0957;-0,01689;-0,981961;-10,994894;396,99881;-521,512939;;;;;;;
1101;11,01;0,721551;0,054003;-0,050816;-0,688379;-7,881859;602,717102;9,888716;0,162262;-0,095429;-0,016842;-0,981978;-10,827652;396,97171;-521,590149;;;;;;;
1102;11,02;0,721721;0,054008;-0,050177;-0,688247;-8,056182;602,83313;9,757998;0,162367;-0,094778;-0,016893;-0,982023;-10,373058;396,909607;-521,710754;;;;;;;
1103;11,03;0,721931;0,05382;-0,049504;-0,68809;-8,201342;602,956421;9,601812;0,162297;-0,094249;-0,017052;-0,982083;-10,030169;396,934662;-521,862366;;;;;;;
1104;11,04;0,722088;0,053943;-0,048789;-0,687967;-8,339245;603,065491;9,44186;0,162357;-0,094353;-0,01736;-0,982057;-10,104624;396,896637;-521,952148;;;;;;;
1105;11,05;0,722401;0,054358;-0,047924;-0,687667;-8,492661;603,137634;9,253879;0,162451;-0,094307;-0,017204;-0,982049;-10,092352;396,828125;-521,982422;;;;;;;
1106;11,06;0,722557;0,054879;-0,047342;-0,687502;-8,668849;603,182312;9,088413;0,16237;-0,094052;-0,017121;-0,982088;-9,929096;396,882538;-522,007568;;;;;;;
1107;11,07;0,722839;0,05531;-0,046973;-0,687196;-8,851184;603,211975;8,900869;0,162357;-0,094183;-0,01751;-0,982071;-9,999662;396,903931;-522,023254;;;;;;;
1108;11,08;0,72302;0,055703;-0,046671;-0,686995;-9,040737;603,264343;8,734995;0,162345;-0,09415;-0,017436;-0,982077;-10,007814;396,890259;-522,01416;;;;;;;
1109;11,09;0,723239;0,056344;-0,046313;-0,686736;-9,210002;603,318848;8,532108;0,162344;-0,093907;-0,017088;-0,982107;-9,863872;396,88443;-522,002197;;;;;;;
1110;11,1;0,723643;0,056632;-0,045561;-0,686336;-9,386005;603,394592;8,310223;0,16238;-0,093923;-0,017093;-0,982099;-9,87062;396,859406;-521,999451;;;;;;;
1111;11,11;0,723872;0,057134;-0,044829;-0,686101;-9,582017;603,49707;8,131978;0,162333;-0,094218;-0,017539;-0,982071;-10,038959;396,91275;-522,029602;;;;;;;
1112;11,12;0,724286;0,057834;-0,044215;-0,685646;-9,7596;603,550415;7,914662;0,162311;-0,094162;-0,017543;-0,98208;-9,995566;396,925415;-522,031006;;;;;;;
1113;11,13;0,724511;0,058282;-0,043635;-0,685407;-9,917518;603,585938;7,74637;0,162307;-0,093959;-0,017244;-0,982105;-9,877978;396,917633;-522,027649;;;;;;;
1114;11,14;0,724865;0,05824;-0,043446;-0,685049;-10,121904;603,626343;7,626055;0,162336;-0,09409;-0,017261;-0,982088;-9,984178;396,890625;-522,032166;;;;;;;
1115;11,15;0,725298;0,058313;-0,043723;-0,684566;-10,41562;603,612366;7,56392;0,162277;-0,094285;-0,017632;-0,982072;-10,077324;396,95752;-522,06012;;;;;;;
1116;11,16;0,72541;0,059357;-0,044029;-0,684338;-10,720024;603,482117;7,480468;0,162278;-0,093921;-0,01738;-0,982111;-9,841051;396,943756;-522,02594;;;;;;;
1117;11,17;0,725655;0,059885;-0,044011;-0,684033;-10,989483;603,326782;7,392888;0,162328;-0,093942;-0,017212;-0,982104;-9,867861;396,910583;-522,022461;;;;;;;
1118;11,18;0,725535;0,060636;-0,044327;-0,684074;-11,280445;603,209961;7,376712;0,162372;-0,094207;-0,017295;-0,98207;-10,056069;396,855225;-522,026489;;;;;;;
1119;11,19;0,725716;0,061773;-0,044894;-0,683744;-11,527367;603,0979;7,228851;0,162272;-0,094111;-0,017626;-0,98209;-9,956571;396,946106;-522,052856;;;;;;;
1120;11,2;0,725917;0,062127;-0,044845;-0,683501;-11,671975;603,067871;7,071404;0,162228;-0,093849;-0,017416;-0,982126;-9,787984;396,964325;-522,040833;;;;;;;
1121;11,21;0,726033;0,062686;-0,044474;-0,683351;-11,81896;603,140259;6,905572;0,162377;-0,09406;-0,017142;-0,982086;-9,976611;396,832947;-522,00647;;;;;;;
1122;11,22;0,726505;0,063148;-0,043711;-0,682856;-11,962296;603,212952;6,671427;0,162294;-0,094176;-0,017433;-0,982083;-10,038501;396,903931;-522,047546;;;;;;;
1123;11,23;0,726619;0,063443;-0,043074;-0,682748;-12,073169;603,270264;6,52387;0,162223;-0,09388;-0,017645;-0,98212;-9,816442;396,974609;-522,068909;;;;;;;
1124;11,24;0,726925;0,063839;-0,043088;-0,682384;-12,220586;603,296875;6,345852;0,162265;-0,093988;-0,017395;-0,982107;-9,924786;396,925934;-522,064636;;;;;;;
1125;11,25;0,727082;0,06421;-0,043137;-0,682179;-12,366891;603,335876;6,218347;0,162361;-0,09424;-0,017342;-0,982068;-10,118402;396,843384;-522,057312;;;;;;;
1126;11,26;0,727211;0,064489;-0,042929;-0,682028;-12,491246;603,428772;6,102034;0,162197;-0,093957;-0,017594;-0,982118;-9,911696;396,98291;-522,087463;;;;;;;
1127;11,27;0,72748;0,064843;-0,042553;-0,681731;-12,583095;603,532959;5,937564;0,162275;-0,093792;-0,017497;-0,982122;-9,810559;396,925415;-522,064636;;;;;;;
1128;11,28;0,727795;0,064679;-0,041987;-0,681446;-12,645522;603,618652;5,801542;0,16233;-0,094162;-0,017287;-0,982081;-10,094576;396,862152;-522,066284;;;;;;;
1129;11,29;0,728051;0,064855;-0,041552;-0,681182;-12,744006;603,661682;5,6824;0,162303;-0,094059;-0,017477;-0,982092;-10,013019;396,900452;-522,082275;;;;;;;
1130;11,3;0,728211;0,065406;-0,041436;-0,680965;-12,869231;603,683228;5,585259;0,162264;-0,093607;-0,017622;-0,982139;-9,683771;396,94696;-522,101563;;;;;;;
1131;11,31;0,728378;0,065688;-0,041386;-0,680763;-12,97404;603,720154;5,486117;0,162366;-0,09352;-0,017282;-0,982137;-9,672503;396,846008;-522,119751;;;;;;;
1132;11,32;0,728597;0,06554;-0,041128;-0,680559;-13,049446;603,797424;5,357801;0,162507;-0,093352;-0,01695;-0,982135;-9,614974;396,710144;-522,139648;;;;;;;
1133;11,33;0,728836;0,065462;-0,040501;-0,680348;-13,101803;603,897644;5,21019;0,16239;-0,093127;-0,017228;-0,982171;-9,417552;396,834717;-522,15509;;;;;;;
1134;11,34;0,729126;0,065766;-0,040083;-0,680032;-13,168691;603,978027;5,04702;0,162391;-0,093309;-0,01744;-0,98215;-9,488986;396,862518;-522,129944;;;;;;;
1135;11,35;0,729288;0,066168;-0,040101;-0,679818;-13,288472;604,032776;4,918083;0,162414;-0,093655;-0,017357;-0,982115;-9,727941;396,844849;-522,134033;;;;;;;
1136;11,36;0,72938;0,06659;-0,0401;-0,679678;-13,425093;604,069824;4,80778;0,162367;-0,093547;-0,017373;-0,982133;-9,639699;396,888763;-522,144592;;;;;;;
1137;11,37;0,729561;0,067002;-0,039556;-0,679475;-13,55153;604,068359;4,65634;0,162316;-0,093341;-0,017486;-0,982159;-9,475568;396,93573;-522,16156;;;;;;;
1138;11,38;0,729693;0,067483;-0,038941;-0,679322;-13,67313;604,069214;4,514196;0,162369;-0,093553;-0,017432;-0,982131;-9,631216;396,878082;-522,151672;;;;;;;
1139;11,39;0,729759;0,067842;-0,038653;-0,679232;-13,8079;604,085571;4,411171;0,1624;-0,093507;-0,017259;-0,982133;-9,625379;396,836334;-522,152771;;;;;;;
1140;11,4;0,729815;0,068292;-0,038691;-0,679124;-13,975329;604,084473;4,33169;0,162337;-0,093151;-0,017136;-0,982179;-9,391073;396,865723;-522,161133;;;;;;;
1141;11,41;0,72989;0,069137;-0,039034;-0,678938;-14,154616;604,026917;4,218834;0,162322;-0,0933;-0,017321;-0,982164;-9,468914;396,886841;-522,157776;;;;;;;
1142;11,42;0,730062;0,069765;-0,039332;-0,678672;-14,325267;603,980896;4,075281;0,162363;-0,093372;-0,01728;-0,982151;-9,538359;396,837769;-522,16748;;;;;;;
1143;11,43;0,730179;0,07001;-0,039253;-0,678525;-14,476572;604,014038;3,948971;0,162318;-0,093444;-0,017442;-0,982149;-9,548889;396,896851;-522,147278;;;;;;;
1144;11,44;0,730518;0,07;-0,038549;-0,678202;-14,584467;604,116333;3,788129;0,162242;-0,093403;-0,017444;-0,982166;-9,512555;396,958008;-522,158264;;;;;;;
1145;11,45;0,73065;0,070234;-0,03782;-0,678076;-14,652175;604,225403;3,659944;0,16226;-0,093511;-0,017408;-0,982153;-9,596032;396,940643;-522,153748;;;;;;;
1146;11,46;0,731056;0,070484;-0,037529;-0,677628;-14,729121;604,265991;3,491162;0,162272;-0,09349;-0,017353;-0,982154;-9,583787;396,933075;-522,152588;;;;;;;
1147;11,47;0,731136;0,070946;-0,037727;-0,677483;-14,845559;604,256409;3,403262;0,162328;-0,093246;-0,017264;-0,98217;-9,422015;396,881042;-522,163696;;;;;;;
1148;11,48;0,731272;0,071405;-0,037956;-0,677276;-14,955728;604,215576;3,318144;0,162373;-0,093044;-0,017065;-0,982185;-9,322235;396,812164;-522,180237;;;;;;;
1149;11,49;0,731612;0,071652;-0,037989;-0,67688;-15,035963;604,221313;3,198822;0,162366;-0,093155;-0,0171;-0,982175;-9,389316;396,813263;-522,179932;;;;;;;
1150;11,5;0,731797;0,07177;-0,037778;-0,67668;-15,073012;604,297974;3,093857;0,162313;-0,093273;-0,017301;-0,982169;-9,431637;396,876007;-522,183533;;;;;;;
1151;11,51;0,732324;0,071783;-0,037408;-0,676129;-15,07255;604,406189;2,935292;0,16226;-0,093301;-0,017308;-0,982175;-9,447824;396,919434;-522,176575;;;;;;;
1152;11,52;0,73262;0,071874;-0,037167;-0,675812;-15,088369;604,515015;2,827759;0,162364;-0,093088;-0,016999;-0,982183;-9,359585;396,797546;-522,172913;;;;;;;
1153;11,53;0,733035;0,071994;-0,037114;-0,675352;-15,141217;604,581482;2,702721;0,162275;-0,093247;-0,017243;-0,982178;-9,432361;396,892853;-522,178162;;;;;;;
1154;11,54;0,733388;0,072209;-0,0372;-0,67494;-15,220996;604,636841;2,592098;0,162219;-0,093442;-0,017459;-0,982165;-9,532669;396,965363;-522,161743;;;;;;;
1155;11,55;0,733714;0,072203;-0,037176;-0,674587;-15,277391;604,714539;2,486337;0,162231;-0,093341;-0,017265;-0,982176;-9,508057;396,929932;-522,166626;;;;;;;
1156;11,56;0,734248;0,072094;-0,037001;-0,674027;-15,307335;604,806396;2,336256;0,162285;-0,093278;-0,01729;-0,982173;-9,474007;396,877991;-522,173218;;;;;;;
1157;11,57;0,734574;0,072273;-0,036972;-0,673655;-15,34145;604,909851;2,215848;0,162198;-0,093438;-0,017578;-0,982167;-9,548823;396,966339;-522,166016;;;;;;;
1158;11,58;0,735121;0,072548;-0,037072;-0,673023;-15,397533;604,98999;2,060546;0,162225;-0,093301;-0,017358;-0,98218;-9,495622;396,919708;-522,170532;;;;;;;
1159;11,59;0,735544;0,072689;-0,037251;-0,672535;-15,451327;605,083496;1,920704;0,16231;-0,093109;-0,017062;-0,982189;-9,416223;396,817932;-522,176147;;;;;;;
1160;11,6;0,736079;0,072741;-0,037409;-0,671935;-15,482248;605,220825;1,751138;0,162267;-0,093065;-0,017201;-0,982198;-9,369172;396,857574;-522,188171;;;;;;;
1161;11,61;0,736739;0,072725;-0,037311;-0,671219;-15,488263;605,402222;1,558996;0,162256;-0,093011;-0,01724;-0,982204;-9,327024;396,862976;-522,188843;;;;;;;
1162;11,62;0,737207;0,072753;-0,037104;-0,670713;-15,497366;605,577637;1,389855;0,162216;-0,093194;-0,017297;-0,982192;-9,435886;396,908508;-522,182739;;;;;;;
1163;11,63;0,737824;0,07284;-0,036829;-0,67004;-15,53186;605,692932;1,203177;0,162159;-0,093506;-0,017527;-0,982168;-9,603823;396,984711;-522,173096;;;;;;;
1164;11,64;0,738222;0,073088;-0,036856;-0,669573;-15,607208;605,750793;1,073367;0,162124;-0,093487;-0,01766;-0,982173;-9,573731;397,017944;-522,181152;;;;;;;
1165;11,65;0,738624;0,073474;-0,037078;-0,669075;-15,707512;605,753601;0,957378;0,162129;-0,093516;-0,017673;-0,982169;-9,589642;397,011078;-522,181824;;;;;;;
1166;11,66;0,738955;0,073907;-0,037389;-0,668644;-15,811369;605,74823;0,848432;0,162126;-0,093524;-0,017537;-0,982172;-9,602362;397,000275;-522,179382;;;;;;;
1167;11,67;0,739281;0,074238;-0,037486;-0,668242;-15,887341;605,77478;0,726739;0,162098;-0,093475;-0,017546;-0,982181;-9,55482;397,023285;-522,184265;;;;;;;
1168;11,68;0,739788;0,074359;-0,037351;-0,667675;-15,933849;605,852722;0,552101;0,162088;-0,093487;-0,017584;-0,98218;-9,547661;397,031158;-522,1875;;;;;;;
1169;11,69;0,740188;0,074441;-0,037246;-0,667228;-15,952144;605,990723;0,37247;0,162088;-0,093508;-0,017548;-0,982179;-9,55517;397,036163;-522,190308;;;;;;;
1170;11,7;0,740727;0,074515;-0,037051;-0,666632;-15,963737;606,144287;0,169139;0,162122;-0,093472;-0,017446;-0,982179;-9,529819;397,018036;-522,180725;;;;;;;
1171;11,71;0,741197;0,074509;-0,036782;-0,666125;-15,991535;606,28833;-0,0083;0,162095;-0,093486;-0,017466;-0,982182;-9,533705;397,040771;-522,19104;;;;;;;
1172;11,72;0,741618;0,074701;-0,036377;-0,665657;-16,039406;606,411011;-0,17584;0,162114;-0,093473;-0,017497;-0,982179;-9,527756;397,025818;-522,184631;;;;;;;
1173;11,73;0,741977;0,074928;-0,035979;-0,665253;-16,097694;606,497864;-0,345266;0,162141;-0,093367;-0,017304;-0,982188;-9,483963;396,986877;-522,188049;;;;;;;
1174;11,74;0,742182;0,075131;-0,035848;-0,665009;-16,16909;606,554138;-0,467962;0,162194;-0,093221;-0,017127;-0,982196;-9,402934;396,931641;-522,194092;;;;;;;
1175;11,75;0,74246;0,075401;-0,03576;-0,664672;-16,253696;606,567688;-0,593019;0,162141;-0,093416;-0,017374;-0,982182;-9,49641;396,99472;-522,205811;;;;;;;
1176;11,76;0,742605;0,07578;-0,035855;-0,664462;-16,350864;606,552856;-0,681376;0,162191;-0,093299;-0,017349;-0,982186;-9,424515;396,948456;-522,21228;;;;;;;
1177;11,77;0,742722;0,075998;-0,035995;-0,664299;-16,477036;606,535522;-0,732111;0,162106;-0,093514;-0,017489;-0,982177;-9,532177;397,036713;-522,19751;;;;;;;
1178;11,78;0,742673;0,07622;-0,036178;-0,664318;-16,613539;606,54834;-0,739697;0,1621;-0,093533;-0,017377;-0,982178;-9,555804;397,037018;-522,189148;;;;;;;
1179;11,79;0,742756;0,076655;-0,036159;-0,664176;-16,693232;606,532104;-0,809136;0,162131;-0,093539;-0,017413;-0,982171;-9,557595;397,025574;-522,189148;;;;;;;
1180;11,8;0,743057;0,076734;-0,035872;-0,663846;-16,733177;606,535583;-0,921162;0,162134;-0,093392;-0,017361;-0,982186;-9,467997;397,00528;-522,209351;;;;;;;
1181;11,81;0,742909;0,076871;-0,035759;-0,664002;-16,793997;606,594299;-0,968549;0,162192;-0,093243;-0,017201;-0,982193;-9,399399;396,949127;-522,205811;;;;;;;
1182;11,82;0,743139;0,076909;-0,035492;-0,663754;-16,820562;606,621887;-1,083775;0,16218;-0,093413;-0,017271;-0,982178;-9,501886;396,97998;-522,192627;;;;;;;
1183;11,83;0,743006;0,077032;-0,035157;-0,663907;-16,85668;606,643188;-1,129156;0,162201;-0,09312;-0,017079;-0,982206;-9,338258;396,928009;-522,214905;;;;;;;
1184;11,84;0,743007;0,077225;-0,034976;-0,663892;-16,921675;606,624695;-1,183657;0,162196;-0,093125;-0,017239;-0,982203;-9,329461;396,941498;-522,224548;;;;;;;
1185;11,85;0,742939;0,077433;-0,034737;-0,663957;-16,999523;606,571228;-1,217764;0,162207;-0,093226;-0,01722;-0,982192;-9,403692;396,931335;-522,208679;;;;;;;
1186;11,86;0,742708;0,077773;-0,034661;-0,66418;-17,080278;606,501099;-1,214243;0,162109;-0,093489;-0,017383;-0,98218;-9,550909;397,025818;-522,199219;;;;;;;
1187;11,87;0,742722;0,078166;-0,034687;-0,664117;-17,162485;606,412598;-1,244706;0,162096;-0,093437;-0,017485;-0,982186;-9,510338;397,040955;-522,201294;;;;;;;
1188;11,88;0,742389;0,078497;-0,034673;-0,66445;-17,238945;606,345642;-1,215493;0,162103;-0,093487;-0,017553;-0,982178;-9,54773;397,035828;-522,203857;;;;;;;
1189;11,89;0,742391;0,07872;-0,034403;-0,664436;-17,306454;606,282837;-1,252267;0,162124;-0,093413;-0,01739;-0,982185;-9,520389;397,007874;-522,213684;;;;;;;
1190;11,9;0,742187;0,078966;-0,034175;-0,664646;-17,36677;606,256592;-1,260449;0,162183;-0,093234;-0,017235;-0,982195;-9,42065;396,951782;-522,216003;;;;;;;
1191;11,91;0,742033;0,079109;-0,033921;-0,664814;-17,407555;606,243347;-1,286714;0,162091;-0,093485;-0,017561;-0,982181;-9,546583;397,055695;-522,210022;;;;;;;
1192;11,92;0,742057;0,079276;-0,033616;-0,664783;-17,447178;606,217468;-1,342585;0,162083;-0,093493;-0,017496;-0,982182;-9,56447;397,047089;-522,210022;;;;;;;
1193;11,93;0,741764;0,079547;-0,033414;-0,665088;-17,503607;606,200562;-1,351649;0,162098;-0,093462;-0,017439;-0,982184;-9,542723;397,040405;-522,205566;;;;;;;
1194;11,94;0,741786;0,079687;-0,033169;-0,665058;-17,55625;606,159424;-1,407119;0,162148;-0,093291;-0,017308;-0,982194;-9,45671;396,988556;-522,207153;;;;;;;
1195;11,95;0,741572;0,079891;-0,032937;-0,665285;-17,617641;606,127136;-1,417554;0,162205;-0,093109;-0,017175;-0,982204;-9,372602;396,91568;-522,232727;;;;;;;
1196;11,96;0,741497;0,080025;-0,032791;-0,66536;-17,684212;606,077881;-1,449268;0,162165;-0,093193;-0,017281;-0,982201;-9,415956;396,956848;-522,229675;;;;;;;
1197;11,97;0,741368;0,080221;-0,032741;-0,665482;-17,767036;606,028076;-1,471343;0,162123;-0,093406;-0,017457;-0,982185;-9,523819;397,015381;-522,205566;;;;;;;
1198;11,98;0,741083;0,080507;-0,032637;-0,66577;-17,888468;606,016296;-1,440031;0,162169;-0,093291;-0,01736;-0,98219;-9,460214;396,964081;-522,194519;;;;;;;
1199;11,99;0,740952;0,080671;-0,032707;-0,665892;-18,01363;606,013306;-1,448182;0,162153;-0,093177;-0,017319;-0,982204;-9,395536;396,960602;-522,216187;;;;;;;
1200;12;0,740963;0,080702;-0,032369;-0,665893;-18,053446;605,967285;-1,521313;0,16213;-0,093314;-0,017405;-0,982193;-9,470387;396,988678;-522,217163;;;;;;;
1201;12,01;0,740827;0,081118;-0,031846;-0,666019;-18,109715;605,939392;-1,573742;0,16221;-0,09308;-0,0172;-0,982206;-9,345494;396,902557;-522,229858;;;;;;;
1202;12,02;0,740734;0,081505;-0,031722;-0,666081;-18,202513;605,906494;-1,615302;0,162192;-0,092996;-0,017199;-0,982217;-9,290776;396,920502;-522,230164;;;;;;;
1203;12,03;0,740788;0,081546;-0,031542;-0,666025;-18,258074;605,863708;-1,66726;0,162164;-0,093014;-0,017127;-0,982221;-9,312667;396,930206;-522,232605;;;;;;;
1204;12,04;0,740671;0,081903;-0,031365;-0,666119;-18,31321;605,875366;-1,717456;0,162177;-0,093043;-0,017133;-0,982216;-9,327661;396,92514;-522,22467;;;;;;;
1205;12,05;0,740858;0,082039;-0,030698;-0,665925;-18,336603;605,949829;-1,830295;0,16219;-0,093044;-0,017195;-0,982213;-9,311652;396,936462;-522,212219;;;;;;;
1206;12,06;0,741035;0,081822;-0,029782;-0,665796;-18,303741;606,096436;-1,944242;0,16212;-0,093341;-0,017446;-0,982192;-9,462217;397,030029;-522,205383;;;;;;;
1207;12,07;0,741309;0,081443;-0,029106;-0,665568;-18,250429;606,28009;-2,089562;0,162161;-0,09337;-0,017323;-0,982184;-9,504474;396,9888;-522,217407;;;;;;;
1208;12,08;0,741512;0,081296;-0,028582;-0,665383;-18,236052;606,432373;-2,209003;0,162233;-0,093151;-0,017171;-0,982196;-9,38431;396,917023;-522,214539;;;;;;;
1209;12,09;0,741607;0,081287;-0,028222;-0,665294;-18,251728;606,497253;-2,287712;0,16217;-0,093213;-0,017342;-0,982197;-9,395455;396,984406;-522,216064;;;;;;;
1210;12,1;0,741757;0,081446;-0,028351;-0,665101;-18,311371;606,490112;-2,350492;0,162254;-0,093033;-0,017072;-0,982205;-9,328604;396,882141;-522,226379;;;;;;;
1211;12,11;0,741691;0,081801;-0,028865;-0,665109;-18,393925;606,472717;-2,375524;0,162266;-0,093178;-0,017178;-0,982188;-9,413909;396,887604;-522,213501;;;;;;;
1212;12,12;0,741832;0,081883;-0,028699;-0,664948;-18,422699;606,483154;-2,437679;0,1622;-0,093071;-0,017193;-0,982208;-9,336172;396,943176;-522,198547;;;;;;;
1213;12,13;0,741955;0,081863;-0,028157;-0,664837;-18,42205;606,549561;-2,511549;0,162256;-0,092728;-0,016828;-0,982238;-9,164031;396,86441;-522,204407;;;;;;;
1214;12,14;0,742049;0,081801;-0,027785;-0,664755;-18,419056;606,632324;-2,594872;0,162294;-0,093004;-0,017008;-0,982203;-9,326268;396,860107;-522,219116;;;;;;;
1215;12,15;0,742189;0,081717;-0,027504;-0,664621;-18,416605;606,698975;-2,679695;0,162314;-0,092959;-0,017062;-0,982203;-9,290737;396,85083;-522,213318;;;;;;;
1216;12,16;0,742206;0,081845;-0,027166;-0,6646;-18,434031;606,740479;-2,731747;0,162312;-0,092868;-0,01707;-0,982211;-9,230639;396,856171;-522,210938;;;;;;;
1217;12,17;0,742248;0,082039;-0,026872;-0,664541;-18,450981;606,76123;-2,788977;0,162305;-0,093093;-0,017217;-0,982189;-9,361771;396,880707;-522,209534;;;;;;;
1218;12,18;0,742191;0,082052;-0,026645;-0,664612;-18,469885;606,779724;-2,811934;0,162283;-0,093273;-0,017366;-0,982173;-9,460555;396,91745;-522,204041;;;;;;;
1219;12,19;0,742124;0,082073;-0,026387;-0,664695;-18,482658;606,773132;-2,828791;0,162306;-0,093024;-0,017263;-0,982194;-9,307614;396,888702;-522,210449;;;;;;;
1220;12,2;0,741931;0,082248;-0,026173;-0,664898;-18,516161;606,728149;-2,818386;0,16228;-0,093255;-0,017418;-0,982174;-9,432137;396,927002;-522,20636;;;;;;;
1221;12,21;0,741638;0,082532;-0,02602;-0,665196;-18,5763;606,647827;-2,786423;0,162359;-0,092911;-0,016938;-0,982202;-9,274984;396,815521;-522,199524;;;;;;;
1222;12,22;0,741399;0,08282;-0,026104;-0,665422;-18,626041;606,559265;-2,763849;0,162378;-0,092682;-0,01682;-0,982222;-9,123697;396,799011;-522,181702;;;;;;;
1223;12,23;0,741127;0,082915;-0,02593;-0,665721;-18,651829;606,509094;-2,731723;0,162324;-0,092865;-0,016981;-0,982211;-9,213911;396,858185;-522,188904;;;;;;;
1224;12,24;0,741005;0,0828;-0,025526;-0,665886;-18,667898;606,513489;-2,709042;0,162263;-0,093272;-0,017196;-0,982179;-9,448737;396,925507;-522,202393;;;;;;;
1225;12,25;0,740675;0,082413;-0,025176;-0,666314;-18,735924;606,621399;-2,595568;0,16232;-0,092926;-0,016796;-0,982209;-9,262556;396,844604;-522,184509;;;;;;;
1226;12,26;0,739892;0,08221;-0,025378;-0,667201;-18,838564;606,803894;-2,429937;0,162229;-0,093115;-0,016976;-0,982203;-9,344962;396,948395;-522,172424;;;;;;;
1227;12,27;0,739652;0,081767;-0,02458;-0,667552;-18,870436;606,889282;-2,426233;0,162214;-0,093335;-0,017027;-0,982184;-9,459835;396,988403;-522,143188;;;;;;;
1228;12,28;0,739464;0,0818;-0,024014;-0,667776;-18,891487;606,843201;-2,468337;0,162335;-0,093213;-0,016778;-0,98218;-9,402507;396,876892;-522,135254;;;;;;;
1229;12,29;0,739073;0,082328;-0,02396;-0,668145;-19,000597;606,766235;-2,472554;0,162393;-0,09268;-0,0165;-0,982225;-9,081626;396,797882;-522,13855;;;;;;;
1230;12,3;0,738835;0,082595;-0,023623;-0,668388;-19,101616;606,674011;-2,467777;0,162345;-0,092633;-0,016478;-0,982238;-9,05287;396,83429;-522,151184;;;;;;;
1231;12,31;0,738664;0,082613;-0,023118;-0,668593;-19,143381;606,611511;-2,461129;0,162265;-0,092823;-0,016438;-0,982234;-9,191683;396,884613;-522,148254;;;;;;;
1232;12,32;0,738459;0,082783;-0,022679;-0,668813;-19,185631;606,577454;-2,469177;0,162228;-0,093163;-0,016934;-0,9822;-9,361135;396,956421;-522,169739;;;;;;;
1233;12,33;0,738177;0,082959;-0,022262;-0,669116;-19,22971;606,52594;-2,446465;0,162356;-0,092628;-0,01666;-0,982234;-9,053675;396,825806;-522,165405;;;;;;;
1234;12,34;0,737935;0,083163;-0,022056;-0,669365;-19,28821;606,423157;-2,406744;0,162305;-0,092955;-0,01682;-0,982208;-9,250045;396,873047;-522,170654;;;;;;;
1235;12,35;0,737693;0,083445;-0,022148;-0,669593;-19,361362;606,317017;-2,36481;0,162205;-0,093536;-0,017287;-0,982162;-9,580644;396,990112;-522,178406;;;;;;;
1236;12,36;0,737432;0,0836;-0,022006;-0,669866;-19,395315;606,269653;-2,334766;0,162175;-0,093401;-0,01738;-0,982178;-9,484442;397,016083;-522,17572;;;;;;;
1237;12,37;0,737359;0,083571;-0,021557;-0,669964;-19,378487;606,284241;-2,354695;0,162145;-0,093406;-0,017392;-0,982182;-9,486226;397,043579;-522,177795;;;;;;;
1238;12,38;0,737311;0,083373;-0,021078;-0,670057;-19,359812;606,344116;-2,37616;0,162196;-0,093484;-0,017227;-0,982169;-9,567222;396,995331;-522,161865;;;;;;;
1239;12,39;0,737251;0,083226;-0,020814;-0,67015;-19,345724;606,40332;-2,408104;0,162217;-0,093345;-0,017207;-0,982179;-9,484941;396,976593;-522,174072;;;;;;;
1240;12,4;0,737267;0,083174;-0,020445;-0,670151;-19,333607;606,434204;-2,445387;0,162215;-0,093105;-0,017168;-0,982203;-9,337231;396,967285;-522,191711;;;;;;;
1241;12,41;0,737163;0,083274;-0,020292;-0,670257;-19,352098;606,433838;-2,45376;0,16218;-0,093422;-0,017258;-0,982177;-9,53147;397,013275;-522,165771;;;;;;;
1242;12,42;0,737108;0,083394;-0,020312;-0,670302;-19,384678;606,407776;-2,459292;0,162215;-0,093496;-0,01721;-0,982165;-9,586105;396,988678;-522,161133;;;;;;;
1243;12,43;0,73706;0,083489;-0,020288;-0,670344;-19,407679;606,402832;-2,480641;0,162219;-0,093166;-0,017098;-0,982198;-9,382703;396,970154;-522,162231;;;;;;;
1244;12,44;0,737099;0,083526;-0,019982;-0,670305;-19,404488;606,44458;-2,536232;0,162292;-0,092748;-0,016725;-0,982232;-9,164246;396,874023;-522,164612;;;;;;;
1245;12,45;0,737155;0,083364;-0,019454;-0,670279;-19,369974;606,537292;-2,597054;0,162305;-0,093051;-0,016738;-0,982201;-9,362944;396,869141;-522,182983;;;;;;;
1246;12,46;0,737186;0,083102;-0,01902;-0,670291;-19,320719;606,643738;-2,66892;0,16228;-0,093097;-0,01683;-0,982199;-9,369936;396,905396;-522,176758;;;;;;;
1247;12,47;0,737226;0,083113;-0,018639;-0,670256;-19,297794;606,706726;-2,73243;0,162205;-0,093342;-0,017291;-0,98218;-9,462789;397,010376;-522,171875;;;;;;;
1248;12,48;0,737142;0,083311;-0,01839;-0,670331;-19,32819;606,702148;-2,75391;0,162222;-0,093434;-0,017289;-0,982169;-9,525687;396,994263;-522,170044;;;;;;;
1249;12,49;0,737055;0,083554;-0,018372;-0,670397;-19,382181;606,65625;-2,770751;0,162201;-0,0934;-0,017155;-0,982178;-9,511644;397,001495;-522,1698;;;;;;;
1250;12,5;0,736939;0,083795;-0,018339;-0,670494;-19,425053;606,626648;-2,786466;0,162165;-0,093284;-0,017114;-0,982195;-9,434204;397,02533;-522,168579;;;;;;;
1251;12,51;0,736897;0,083925;-0,017821;-0,670538;-19,423044;606,635681;-2,819202;0,162184;-0,093368;-0,017232;-0,982182;-9,477694;397,023041;-522,167664;;;;;;;
1252;12,52;0,736821;0,083972;-0,017398;-0,670628;-19,41342;606,667847;-2,854599;0,162181;-0,093318;-0,017037;-0,982191;-9,464017;397,016632;-522,162964;;;;;;;
1253;12,53;0,736714;0,084053;-0,01718;-0,670741;-19,411179;606,692749;-2,88492;0,162196;-0,093112;-0,016816;-0,982212;-9,345213;396,993134;-522,166626;;;;;;;
1254;12,54;0,73664;0,084105;-0,016955;-0,670821;-19,41861;606,695007;-2,913207;0,162238;-0,092924;-0,016702;-0,982225;-9,233446;396,949585;-522,171204;;;;;;;
1255;12,55;0,736561;0,0842;-0,016747;-0,6709;-19,438786;606,68335;-2,923737;0,162232;-0,093116;-0,016808;-0,982206;-9,338037;396,967346;-522,150757;;;;;;;
1256;12,56;0,736511;0,084365;-0,016458;-0,670942;-19,448866;606,686829;-2,949779;0,162309;-0,092643;-0,016307;-0,982246;-9,075124;396,865326;-522,140015;;;;;;;
1257;12,57;0,736426;0,08447;-0,015991;-0,671033;-19,434795;606,735535;-2,988018;0,162265;-0,092741;-0,016398;-0,982243;-9,112258;396,911621;-522,135864;;;;;;;
1258;12,58;0,736412;0,084409;-0,01542;-0,67107;-19,380775;606,824402;-3,045762;0,162209;-0,092979;-0,016637;-0,982225;-9,228515;396,979034;-522,129883;;;;;;;
1259;12,59;0,736475;0,084288;-0,014799;-0,67103;-19,322792;606,931458;-3,117111;0,16229;-0,09262;-0,016267;-0,982252;-9,039773;396,874084;-522,123962;;;;;;;
1260;12,6;0,73654;0,084144;-0,014146;-0,670991;-19,292215;607,011658;-3,167624;0,162242;-0,092637;-0,016224;-0,982259;-9,040037;396,916199;-522,117493;;;;;;;
1261;12,61;0,736501;0,084214;-0,013815;-0,671031;-19,30393;607,029663;-3,209693;0,162219;-0,092964;-0,016551;-0,982226;-9,202344;396,972473;-522,116272;;;;;;;
1262;12,62;0,736361;0,08442;-0,013611;-0,671163;-19,350761;606,990601;-3,228928;0,162237;-0,092778;-0,016362;-0,982244;-9,119735;396,922729;-522,125488;;;;;;;
1263;12,63;0,736212;0,084681;-0,013538;-0,671296;-19,411102;606,933594;-3,237504;0,162163;-0,092955;-0,016618;-0,982235;-9,195997;397,004364;-522,130554;;;;;;;
1264;12,64;0,736093;0,084947;-0,013364;-0,671396;-19,461414;606,89624;-3,257836;0,162212;-0,092513;-0,016188;-0,982276;-8,947646;396,924622;-522,112366;;;;;;;
1265;12,65;0,73601;0,085008;-0,012907;-0,671488;-19,483934;606,890259;-3,295871;0,162168;-0,092781;-0,016414;-0,982254;-9,077361;396,987061;-522,085754;;;;;;;
1266;12,66;0,735952;0,08508;-0,01262;-0,671548;-19,507875;606,89801;-3,353625;0,162163;-0,09284;-0,016491;-0,982248;-9,102088;396,994659;-522,087585;;;;;;;
1267;12,67;0,735886;0,085226;-0,012265;-0,671609;-19,535448;606,912109;-3,413833;0,162156;-0,092853;-0,016503;-0,982248;-9,096022;397,004608;-522,096497;;;;;;;
1268;12,68;0,735842;0,085328;-0,011868;-0,671651;-19,559963;606,922607;-3,47866;0,162159;-0,0927;-0,01628;-0,982266;-9,013624;396,987762;-522,081482;;;;;;;
1269;12,69;0,735733;0,085561;-0,0116;-0,671745;-19,602779;606,921631;-3,529234;0,162175;-0,09276;-0,016331;-0,982257;-9,043944;396,985168;-522,081421;;;;;;;
1270;12,7;0,73562;0,085875;-0,01155;-0,67183;-19,675911;606,883667;-3,563744;0,162172;-0,09274;-0,016378;-0,982258;-9,033115;396,987976;-522,08728;;;;;;;
1271;12,71;0,735475;0,086121;-0,011593;-0,671956;-19,770046;606,820618;-3,581997;0,162207;-0,092633;-0,016328;-0,982263;-8,975873;396,956177;-522,091919;;;;;;;
1272;12,72;0,735343;0,086434;-0,011688;-0,672059;-19,866428;606,756836;-3,595476;0,16223;-0,092477;-0,016131;-0,982278;-8,930067;396,899628;-522,131897;;;;;;;
1273;12,73;0,735283;0,08658;-0,01145;-0,67211;-19,935108;606,706116;-3,614325;0,162218;-0,09247;-0,016204;-0,982279;-8,935696;396,905243;-522,138855;;;;;;;
1274;12,74;0,735168;0,086667;-0,011197;-0,672229;-19,971758;606,679077;-3,622667;0,162215;-0,092483;-0,016309;-0,982277;-8,941129;396,909454;-522,14563;;;;;;;
1275;12,75;0,735099;0,086749;-0,011126;-0,672294;-20,010069;606,658386;-3,638783;0,162186;-0,092587;-0,016379;-0,98227;-9,011129;396,939148;-522,143799;;;;;;;
1276;12,76;0,735018;0,08688;-0,010967;-0,672369;-20,033997;606,658325;-3,654227;0,16213;-0,093004;-0,016755;-0,982234;-9,247311;397,016876;-522,164246;;;;;;;
1277;12,77;0,734967;0,086918;-0,010563;-0,672426;-20,033718;606,682861;-3,679039;0,162185;-0,092798;-0,016609;-0,982247;-9,15176;396,949463;-522,164368;;;;;;;
1278;12,78;0,734954;0,086843;-0,01025;-0,672455;-20,028982;606,719299;-3,710843;0,162162;-0,093077;-0,016874;-0,98222;-9,309693;396,995667;-522,160889;;;;;;;
1279;12,79;0,734939;0,086819;-0,01;-0,672479;-20,033037;606,749634;-3,730961;0,16222;-0,092811;-0,016625;-0,98224;-9,177803;396,924744;-522,156494;;;;;;;
1280;12,8;0,734876;0,086775;-0,009802;-0,672555;-20,043362;606,75293;-3,731806;0,162138;-0,093364;-0,017211;-0,982191;-9,472985;397,046021;-522,173157;;;;;;;
1281;12,81;0,734747;0,086872;-0,00968;-0,672686;-20,078499;606,721985;-3,718166;0,162107;-0,093282;-0,017158;-0,982204;-9,441823;397,055573;-522,170715;;;;;;;
1282;12,82;0,73465;0,087035;-0,0096;-0,672772;-20,128008;606,676819;-3,708192;0,162132;-0,093388;-0,017265;-0,982188;-9,50918;397,040039;-522,16803;;;;;;;
1283;12,83;0,734547;0,087048;-0,009421;-0,672885;-20,153355;606,646423;-3,693079;0,162118;-0,0934;-0,017319;-0,982189;-9,513314;397,050476;-522,175964;;;;;;;
1284;12,84;0,734445;0,08708;-0,009194;-0,672996;-20,164326;606,628906;-3,69535;0,16209;-0,093349;-0,017343;-0,982198;-9,479011;397,069183;-522,181702;;;;;;;
1285;12,85;0,734359;0,087152;-0,008951;-0,673083;-20,1759;606,619324;-3,702249;0,16209;-0,093373;-0,01738;-0,982195;-9,496005;397,070953;-522,184753;;;;;;;
1286;12,86;0,734266;0,087222;-0,008798;-0,673178;-20,18372;606,619507;-3,704118;0,162118;-0,093376;-0,017312;-0,982191;-9,510265;397,047089;-522,170898;;;;;;;
1287;12,87;0,7342;0,087145;-0,008576;-0,673262;-20,179663;606,628723;-3,702967;0,162097;-0,093454;-0,017366;-0,982186;-9,55946;397,066956;-522,185059;;;;;;;
1288;12,88;0,734128;0,087101;-0,008357;-0,67335;-20,169363;606,65155;-3,702327;0,162112;-0,093435;-0,017351;-0,982186;-9,554487;397,057037;-522,179565;;;;;;;
1289;12,89;0,734083;0,086988;-0,008073;-0,673416;-20,146807;606,675781;-3,69921;0,162114;-0,093358;-0,017332;-0,982193;-9,506982;397,059326;-522,170837;;;;;;;
1290;12,9;0,733996;0,086846;-0,007812;-0,673533;-20,125576;606,68573;-3,684341;0,162127;-0,093372;-0,017323;-0,98219;-9,51803;397,051331;-522,166626;;;;;;;
1291;12,91;0,733886;0,086824;-0,007671;-0,673658;-20,117653;606,681763;-3,666521;0,162097;-0,093411;-0,017341;-0,982191;-9,549179;397,070038;-522,173889;;;;;;;
1292;12,92;0,733798;0,086754;-0,007455;-0,673765;-20,102501;606,686218;-3,650441;0,162073;-0,093435;-0,017419;-0,982191;-9,548312;397,092041;-522,178467;;;;;;;
1293;12,93;0,733702;0,086663;-0,007071;-0,673885;-20,067255;606,699951;-3,635853;0,162069;-0,093397;-0,017324;-0,982197;-9,539849;397,0849;-522,171875;;;;;;;
1294;12,94;0,733597;0,086568;-0,006726;-0,674015;-20,035528;606,725525;-3,632652;0,162086;-0,093402;-0,017306;-0,982194;-9,540854;397,074738;-522,16394;;;;;;;
1295;12,95;0,733477;0,086469;-0,006349;-0,674162;-20,012318;606,741821;-3,62055;0,162106;-0,093279;-0,017193;-0,982204;-9,475654;397,04364;-522,165527;;;;;;;
1296;12,96;0,733298;0,086386;-0,006011;-0,67437;-20,00481;606,719055;-3,601652;0,162143;-0,093118;-0,017044;-0,982216;-9,389967;396,997528;-522,168701;;;;;;;
1297;12,97;0,733066;0,086564;-0,005947;-0,674601;-20,029135;606,665588;-3,558239;0,162069;-0,093422;-0,017339;-0,982194;-9,54113;397,091614;-522,158264;;;;;;;
1298;12,98;0,732801;0,086763;-0,005893;-0,674863;-20,055246;606,60144;-3,511447;0,162073;-0,093302;-0,017231;-0,982207;-9,47486;397,083771;-522,143005;;;;;;;
1299;12,99;0,732601;0,086784;-0,005613;-0,67508;-20,060524;606,556519;-3,476647;0,162041;-0,093385;-0,017313;-0,982203;-9,519343;397,115356;-522,163818;;;;;;;
1300;13;0,732396;0,086729;-0,005368;-0,675311;-20,055498;606,522461;-3,442317;0,162047;-0,0934;-0,017306;-0,982201;-9,523913;397,114563;-522,165894;;;;;;;
1301;13,01;0,73218;0,086764;-0,005304;-0,675542;-20,051682;606,485596;-3,411892;0,162048;-0,093372;-0,017246;-0,982204;-9,506665;397,10968;-522,161377;;;;;;;
1302;13,02;0,731974;0,086913;-0,005151;-0,675747;-20,044384;606,445251;-3,386848;0,162019;-0,093323;-0,017191;-0,982214;-9,477602;397,125854;-522,163635;;;;;;;
1303;13,03;0,731822;0,08693;-0,005093;-0,67591;-20,021402;606,404175;-3,370821;0,16206;-0,093412;-0,017288;-0,982198;-9,516595;397,10849;-522,161926;;;;;;;
1304;13,04;0,731718;0,08685;-0,004693;-0,676035;-20,004169;606,350403;-3,356659;0,162094;-0,093353;-0,017159;-0,9822;-9,484432;397,077576;-522,146912;;;;;;;
1305;13,05;0,731412;0,086961;-0,004557;-0,676353;-20,018343;606,31488;-3,301444;0,162059;-0,093189;-0,016985;-0,982224;-9,394046;397,088562;-522,137024;;;;;;;
1306;13,06;0,731248;0,086969;-0,004457;-0,67653;-20,014225;606,262329;-3,263177;0,162061;-0,093298;-0,017063;-0,982212;-9,454696;397,090302;-522,141724;;;;;;;
1307;13,07;0,731037;0,08706;-0,004184;-0,676748;-20,029583;606,216492;-3,227322;0,16202;-0,093216;-0,016986;-0,982228;-9,405839;397,118561;-522,140564;;;;;;;
1308;13,08;0,730809;0,087116;-0,004049;-0,676988;-20,053431;606,182251;-3,198453;0,16202;-0,093154;-0,016885;-0,982236;-9,378627;397,113037;-522,133423;;;;;;;
1309;13,09;0,730711;0,0872;-0,003829;-0,677084;-20,071444;606,158752;-3,200122;0,162021;-0,093183;-0,016894;-0,982233;-9,399413;397,116547;-522,136597;;;;;;;
1310;13,1;0,730573;0,087266;-0,003568;-0,677226;-20,069443;606,155273;-3,193622;0,162021;-0,093195;-0,016868;-0,982232;-9,414992;397,108795;-522,133362;;;;;;;
1311;13,11;0,730646;0,087159;-0,003175;-0,677162;-20,055504;606,146301;-3,228242;0,16206;-0,093289;-0,016999;-0,982214;-9,455584;397,099274;-522,131287;;;;;;;
1312;13,12;0,730583;0,087186;-0,003026;-0,677228;-20,061342;606,149048;-3,236774;0,162023;-0,093238;-0,016926;-0,982226;-9,422673;397,120728;-522,137878;;;;;;;
1313;13,13;0,730498;0,087266;-0,002956;-0,67731;-20,080616;606,150146;-3,252544;0,162053;-0,093315;-0,017094;-0,982211;-9,443555;397,127625;-522,141418;;;;;;;
1314;13,14;0,730553;0,087304;-0,00268;-0,677247;-20,095749;606,151306;-3,292729;0,162015;-0,093206;-0,016887;-0,982231;-9,403022;397,131439;-522,136353;;;;;;;
1315;13,15;0,730476;0,087299;-0,002448;-0,677331;-20,111967;606,167053;-3,301703;0,162049;-0,093203;-0,016933;-0,982225;-9,386119;397,116974;-522,124512;;;;;;;
1316;13,16;0,730657;0,087314;-0,002201;-0,677135;-20,119961;606,186768;-3,363949;0,162052;-0,093057;-0,01669;-0,982243;-9,328643;397,085876;-522,132874;;;;;;;
1317;13,17;0,730611;0,0874;-0,001957;-0,677174;-20,138927;606,217346;-3,397311;0,162132;-0,092629;-0,016284;-0,982277;-9,100397;396,986328;-522,131897;;;;;;;
1318;13,18;0,730712;0,087419;-0,001831;-0,677063;-20,149887;606,246521;-3,453888;0,162133;-0,092906;-0,016631;-0,982245;-9,232463;397,035034;-522,134155;;;;;;;
1319;13,19;0,730792;0,087452;-0,001653;-0,676973;-20,164854;606,27179;-3,501398;0,16204;-0,093196;-0,016825;-0,982229;-9,404422;397,125366;-522,133972;;;;;;;
1320;13,2;0,730757;0,087555;-0,001483;-0,676998;-20,194931;606,282043;-3,528818;0,162043;-0,093183;-0,016822;-0,98223;-9,39407;397,127777;-522,135315;;;;;;;
1321;13,21;0,730867;0,087674;-0,001325;-0,676864;-20,222538;606,2901;-3,590559;0,16205;-0,093153;-0,016735;-0,982233;-9,388815;397,113922;-522,122253;;;;;;;
1322;13,22;0,730823;0,087752;-0,001095;-0,676902;-20,228266;606,332764;-3,628778;0,162104;-0,093117;-0,016777;-0,982227;-9,351555;397,085327;-522,122864;;;;;;;
1323;13,23;0,730896;0,087797;-0,000803;-0,676818;-20,21722;606,394714;-3,70366;0,162177;-0,092798;-0,016462;-0,982251;-9,178311;397,0047;-522,131409;;;;;;;
1324;13,24;0,73091;0,087752;-0,000464;-0,676808;-20,19842;606,465088;-3,771434;0,162188;-0,092881;-0,016483;-0,982241;-9,224778;397,004608;-522,123169;;;;;;;
1325;13,25;0,730851;0,087813;-0,000205;-0,676865;-20,200123;606,508606;-3,813488;0,16212;-0,093134;-0,016756;-0,982223;-9,355973;397,083527;-522,132751;;;;;;;
1326;13,26;0,730846;0,087896;0,000048;-0,676859;-20,221403;606,513489;-3,852474;0,162201;-0,092962;-0,016606;-0,982229;-9,271873;396,998352;-522,153503;;;;;;;
1327;13,27;0,730685;0,088091;0,000176;-0,677008;-20,259464;606,50061;-3,869103;0,162163;-0,092887;-0,016449;-0,982245;-9,244069;397,016479;-522,15564;;;;;;;
1328;13,28;0,730642;0,088234;0,000385;-0,677035;-20,285501;606,488281;-3,899945;0,162182;-0,092874;-0,016454;-0,982243;-9,222219;397,012909;-522,124023;;;;;;;
1329;13,29;0,730488;0,088309;0,000759;-0,677192;-20,283222;606,503479;-3,919722;0,162117;-0,093142;-0,016726;-0,982223;-9,349823;397,09668;-522,110107;;;;;;;
1330;13,3;0,730411;0,088218;0,001203;-0,677286;-20,26705;606,528625;-3,942903;0,162126;-0,093041;-0,016636;-0,982233;-9,296327;397,078857;-522,124084;;;;;;;
1331;13,31;0,730296;0,08813;0,001567;-0,677421;-20,252365;606,537598;-3,95196;0,162213;-0,092721;-0,016298;-0,982255;-9,132114;396,972504;-522,128967;;;;;;;
1332;13,32;0,730092;0,088151;0,001774;-0,677637;-20,261436;606,510376;-3,934803;0,162138;-0,092768;-0,016338;-0,982262;-9,155666;397,026855;-522,137268;;;;;;;
1333;13,33;0,729944;0,088347;0,001886;-0,677771;-20,297985;606,436951;-3,916217;0,162088;-0,093153;-0,016786;-0,982226;-9,339967;397,117981;-522,120422;;;;;;;
1334;13,34;0,729689;0,088543;0,00189;-0,67802;-20,337429;606,378052;-3,875025;0,162074;-0,093087;-0,016743;-0,982235;-9,306366;397,11908;-522,115784;;;;;;;
1335;13,35;0,72961;0,088478;0,002169;-0,678112;-20,33029;606,357849;-3,863488;0,162087;-0,093057;-0,016681;-0,982237;-9,30259;397,098602;-522,128845;;;;;;;
1336;13,36;0,729533;0,088324;0,002521;-0,678214;-20,300522;606,384827;-3,854786;0,162135;-0,092723;-0,016306;-0,982267;-9,139125;397,019196;-522,128784;;;;;;;
1337;13,37;0,729491;0,088178;0,002744;-0,678277;-20,278862;606,428772;-3,860698;0,162067;-0,093216;-0,016841;-0,982223;-9,389717;397,141113;-522,131714;;;;;;;
1338;13,38;0,729472;0,088106;0,00285;-0,678307;-20,261234;606,473328;-3,892584;0,162075;-0,093233;-0,016828;-0,98222;-9,407395;397,137482;-522,125183;;;;;;;
1339;13,39;0,729406;0,087994;0,003215;-0,67839;-20,258648;606,506165;-3,902402;0,162098;-0,093141;-0,016699;-0,982227;-9,375589;397,102264;-522,12738;;;;;;;
1340;13,4;0,729378;0,088031;0,003267;-0,678415;-20,273197;606,504944;-3,935465;0,162147;-0,092903;-0,01642;-0,982246;-9,276927;397,030334;-522,130676;;;;;;;
1341;13,41;0,729287;0,088156;0,003261;-0,678498;-20,324545;606,487915;-3,946143;0,162052;-0,093166;-0,016704;-0,982232;-9,414042;397,127197;-522,127808;;;;;;;
1342;13,42;0,72928;0,08828;0,003467;-0,678487;-20,374577;606,459045;-3,963384;0,162043;-0,093138;-0,016764;-0,982235;-9,402457;397,123352;-522,135681;;;;;;;
1343;13,43;0,729261;0,088502;0,003486;-0,678479;-20,410286;606,441956;-3,987547;0,162053;-0,093224;-0,016917;-0,982223;-9,447981;397,12027;-522,138062;;;;;;;
1344;13,44;0,72925;0,088632;0,003554;-0,678473;-20,45364;606,426819;-4,006023;0,162076;-0,09334;-0,017055;-0,982206;-9,517057;397,111176;-522,141785;;;;;;;
1345;13,45;0,729273;0,088781;0,003603;-0,678429;-20,502357;606,402039;-4,028209;0,162064;-0,093268;-0,016991;-0,982216;-9,488534;397,110535;-522,165833;;;;;;;
1346;13,46;0,729255;0,089015;0,003555;-0,678418;-20,543585;606,391785;-4,046953;0,162056;-0,092923;-0,016686;-0,982255;-9,320789;397,075195;-522,201965;;;;;;;
1347;13,47;0,729305;0,089009;0,003848;-0,678364;-20,560305;606,408264;-4,084586;0,162101;-0,092965;-0,016741;-0,982243;-9,342162;397,049988;-522,188843;;;;;;;
1348;13,48;0,729309;0,089017;0,004044;-0,678357;-20,556623;606,462158;-4,132668;0,162185;-0,092998;-0,016707;-0,982226;-9,358561;396,991852;-522,162903;;;;;;;
1349;13,49;0,729399;0,089124;0,004385;-0,678244;-20,531641;606,53302;-4,199169;0,162165;-0,093066;-0,016733;-0,982223;-9,397697;397,017853;-522,153992;;;;;;;
1350;13,5;0,729527;0,089085;0,004608;-0,67811;-20,509321;606,612183;-4,273396;0,162063;-0,093275;-0,01699;-0,982215;-9,491842;397,128326;-522,148376;;;;;;;
1351;13,51;0,729592;0,089093;0,004946;-0,678036;-20,500883;606,683044;-4,335783;0,162092;-0,093149;-0,016816;-0,982225;-9,44108;397,088196;-522,147034;;;;;;;
1352;13,52;0,729733;0,089136;0,005132;-0,677878;-20,500967;606,735596;-4,395007;0,162163;-0,092835;-0,016482;-0,982249;-9,278329;397,003357;-522,164124;;;;;;;
1353;13,53;0,729803;0,08921;0,005259;-0,677791;-20,520479;606,765991;-4,435139;0,162152;-0,092896;-0,016483;-0,982245;-9,327247;397,012451;-522,172424;;;;;;;
1354;13,54;0,729898;0,089269;0,005373;-0,677681;-20,537653;606,784546;-4,475386;0,162126;-0,092919;-0,016578;-0,982246;-9,345023;397,031555;-522,187805;;;;;;;
1355;13,55;0,729919;0,089339;0,005394;-0,677649;-20,55582;606,79126;-4,504682;0,162135;-0,092891;-0,016632;-0,982246;-9,320662;397,026825;-522,189392;;;;;;;
1356;13,56;0,729947;0,089472;0,005372;-0,677601;-20,599068;606,779114;-4,524774;0,162186;-0,092932;-0,016619;-0,982234;-9,351784;396,985321;-522,156616;;;;;;;
1357;13,57;0,729952;0,089703;0,005295;-0,677566;-20,647148;606,755005;-4,552674;0,162126;-0,093438;-0,017222;-0,982185;-9,609476;397,085999;-522,160828;;;;;;;
1358;13,58;0,729984;0,089793;0,005282;-0,67752;-20,691799;606,743958;-4,5693;0,162122;-0,093487;-0,017389;-0,982178;-9,636851;397,09729;-522,188293;;;;;;;
1359;13,59;0,730052;0,089797;0,005296;-0,677446;-20,716106;606,745667;-4,59879;0,162156;-0,093212;-0,017057;-0,982205;-9,518227;397,035553;-522,200439;;;;;;;
1360;13,6;0,730005;0,089872;0,005292;-0,677486;-20,727856;606,751648;-4,623884;0,162118;-0,093438;-0,017249;-0,982186;-9,641367;397,093262;-522,1922;;;;;;;
1361;13,61;0,73001;0,089931;0,005423;-0,677473;-20,752104;606,75;-4,638034;0,162176;-0,09326;-0,01725;-0,982194;-9,531271;397,041016;-522,211426;;;;;;;
1362;13,62;0,730009;0,089973;0,00547;-0,677468;-20,788099;606,721802;-4,642197;0,162096;-0,093572;-0,017509;-0,982172;-9,712601;397,127075;-522,201294;;;;;;;
1363;13,63;0,729955;0,090096;0,005208;-0,677511;-20,822128;606,690735;-4,654034;0,16212;-0,093484;-0,017368;-0,982179;-9,671167;397,100372;-522,203064;;;;;;;
1364;13,64;0,729926;0,090156;0,005399;-0,677533;-20,821022;606,700989;-4,662986;0,16219;-0,093019;-0,016949;-0,982219;-9,420776;397,006897;-522,204285;;;;;;;
1365;13,65;0,729889;0,090142;0,005642;-0,677572;-20,801264;606,716064;-4,674027;0,162193;-0,093221;-0,017118;-0,982197;-9,53435;397,020813;-522,20282;;;;;;;
1366;13,66;0,729874;0,090141;0,005729;-0,677589;-20,809978;606,716187;-4,688966;0,162156;-0,093474;-0,017319;-0,982175;-9,669853;397,078583;-522,190063;;;;;;;
1367;13,67;0,729816;0,090231;0,005764;-0,677639;-20,834793;606,701904;-4,697252;0,162211;-0,093115;-0,016913;-0,982207;-9,492769;396,988556;-522,204346;;;;;;;
1368;13,68;0,729755;0,090167;0,005732;-0,677713;-20,864464;606,667969;-4,695236;0,162191;-0,093128;-0,016967;-0,982208;-9,494456;397,008514;-522,215515;;;;;;;
1369;13,69;0,729681;0,090216;0,005679;-0,677786;-20,900368;606,620117;-4,685997;0,162209;-0,093126;-0,017056;-0,982204;-9,48584;396,999298;-522,213135;;;;;;;
1370;13,7;0,729574;0,090432;0,005711;-0,677872;-20,937912;606,578857;-4,668808;0,162184;-0,093095;-0,017027;-0,982212;-9,472083;397,009369;-522,218445;;;;;;;
1371;13,71;0,729565;0,090443;0,005857;-0,67788;-20,94397;606,570618;-4,669155;0,162194;-0,0931;-0,017053;-0,982209;-9,469158;397,003723;-522,216187;;;;;;;
1372;13,72;0,72957;0,090354;0,005953;-0,677886;-20,920872;606,596924;-4,682178;0,162163;-0,093231;-0,017185;-0,9822;-9,533876;397,041565;-522,218628;;;;;;;
1373;13,73;0,729567;0,090291;0,006006;-0,677897;-20,907978;606,621643;-4,699196;0,162094;-0,093512;-0,017387;-0,982181;-9,690787;397,121033;-522,219421;;;;;;;
1374;13,74;0,72958;0,090328;0,005929;-0,677878;-20,91371;606,626709;-4,711695;0,162167;-0,093218;-0,017046;-0,982203;-9,544961;397,032684;-522,220459;;;;;;;
1375;13,75;0,729589;0,090359;0,005898;-0,677865;-20,925961;606,620605;-4,717893;0,162129;-0,09342;-0,017255;-0,982186;-9,647636;397,086273;-522,204102;;;;;;;
1376;13,76;0,729599;0,090369;0,005988;-0,677852;-20,934046;606,619507;-4,72491;0,162192;-0,093121;-0,017102;-0,982207;-9,47428;397,01767;-522,218994;;;;;;;
1377;13,77;0,729608;0,090378;0,006035;-0,677841;-20,930929;606,624512;-4,732727;0,162191;-0,093131;-0,016991;-0,982208;-9,494281;397,006897;-522,210266;;;;;;;
1378;13,78;0,729618;0,090397;0,005995;-0,677827;-20,942741;606,622681;-4,7444;0,162208;-0,093132;-0,016972;-0,982205;-9,493532;396,997925;-522,212463;;;;;;;
1379;13,79;0,729606;0,090494;0,006028;-0,677827;-20,955919;606,617554;-4,752283;0,162199;-0,093064;-0,016958;-0,982213;-9,452991;397,003357;-522,219971;;;;;;;
1380;13,8;0,729629;0,090485;0,005949;-0,677804;-20,961241;606,613342;-4,765495;0,16219;-0,093141;-0,017006;-0,982207;-9,495316;397,016296;-522,218262;;;;;;;
1381;13,81;0,729631;0,090492;0,005864;-0,677802;-20,966955;606,61554;-4,773754;0,1621;-0,093473;-0,017266;-0,982186;-9,669682;397,118591;-522,216125;;;;;;;
1382;13,82;0,729657;0,090486;0,005924;-0,677774;-20,966642;606,619507;-4,780507;0,162118;-0,093598;-0,017457;-0,982167;-9,720901;397,126129;-522,227966;;;;;;;
1383;13,83;0,729699;0,090483;0,005865;-0,67773;-20,967531;606,629883;-4,790249;0,162105;-0,093611;-0,017441;-0,982169;-9,734389;397,130524;-522,229248;;;;;;;
1384;13,84;0,729709;0,090437;0,005992;-0,677724;-20,952421;606,645447;-4,793987;0,162104;-0,093408;-0,017303;-0,98219;-9,619984;397,114258;-522,233459;;;;;;;
1385;13,85;0,729713;0,090391;0,006054;-0,677726;-20,94219;606,654175;-4,796694;0,162174;-0,092956;-0,016822;-0,98223;-9,390413;397,009552;-522,229614;;;;;;;
1386;13,86;0,729683;0,090406;0,006061;-0,677756;-20,947853;606,643188;-4,784006;0,162218;-0,0931;-0,016979;-0,982206;-9,466434;396,98938;-522,226929;;;;;;;
1387;13,87;0,729646;0,09044;0,005991;-0,677792;-20,960468;606,618896;-4,769619;0,16218;-0,09321;-0,017129;-0,9822;-9,527828;397,024445;-522,226746;;;;;;;
1388;13,88;0,729595;0,090474;0,006005;-0,677841;-20,976185;606,594116;-4,75334;0,162124;-0,093455;-0,017438;-0,98218;-9,648308;397,096436;-522,21936;;;;;;;
1389;13,89;0,729538;0,090525;0,006;-0,677897;-20,993052;606,569153;-4,737309;0,162174;-0,093232;-0,017216;-0,982197;-9,53925;397,03186;-522,230042;;;;;;;
1390;13,9;0,7295;0,090565;0,006133;-0,677931;-21,012571;606,545776;-4,722351;0,162109;-0,093536;-0,017489;-0,982174;-9,704947;397,108398;-522,220703;;;;;;;
1391;13,91;0,729427;0,090592;0,005978;-0,678007;-21,03055;606,514954;-4,704285;0,162089;-0,093512;-0,017651;-0,982177;-9,676615;397,13208;-522,23468;;;;;;;
1392;13,92;0,7294;0,090565;0,005851;-0,678041;-21,049593;606,480896;-4,687691;0,162074;-0,093495;-0,017628;-0,982181;-9,683997;397,134735;-522,236023;;;;;;;
1393;13,93;0,729355;0,090608;0,00576;-0,678084;-21,063269;606,456543;-4,662736;0,162081;-0,093468;-0,01753;-0,982184;-9,679298;397,119934;-522,236511;;;;;;;
1394;13,94;0,72933;0,090599;0,005642;-0,678114;-21,068499;606,438293;-4,640652;0,162102;-0,093479;-0,017526;-0,98218;-9,695539;397,102081;-522,232544;;;;;;;
1395;13,95;0,729323;0,090565;0,005408;-0,678127;-21,070978;606,420898;-4,61627;0,16212;-0,093444;-0,017621;-0,982179;-9,670541;397,088898;-522,250549;;;;;;;
1396;13,96;0,729328;0,090468;0,005234;-0,678136;-21,080793;606,385193;-4,578983;0,162175;-0,09319;-0,017338;-0,982199;-9,548644;397,012512;-522,254761;;;;;;;
1397;13,97;0,729331;0,090583;0,004949;-0,67812;-21,103775;606,333313;-4,534896;0,162106;-0,093506;-0,017639;-0,982175;-9,712191;397,104248;-522,241211;;;;;;;
1398;13,98;0,729345;0,090722;0,00455;-0,678089;-21,125059;606,281372;-4,488395;0,162108;-0,093476;-0,017658;-0,982177;-9,697142;397,092163;-522,259521;;;;;;;
1399;13,99;0,729395;0,09077;0,004172;-0,678031;-21,123312;606,259399;-4,456676;0,162177;-0,093153;-0,017376;-0,982201;-9,541113;397,002747;-522,26532;;;;;;;
1400;14;0,729464;0,090598;0,003916;-0,677982;-21,094633;606,274597;-4,438006;0,162166;-0,093118;-0,017322;-0,982207;-9,52158;397,013428;-522,252075;;;;;;;
1401;14,01;0,729562;0,090332;0,003923;-0,677911;-21,056063;606,307434;-4,421509;0,162143;-0,093405;-0,017535;-0,98218;-9,672793;397,066345;-522,241699;;;;;;;
1402;14,02;0,729662;0,090278;0,003913;-0,677811;-21,025457;606,319458;-4,401526;0,162214;-0,093138;-0,017297;-0,982198;-9,536278;396,980927;-522,261475;;;;;;;
1403;14,03;0,729734;0,09018;0,003487;-0,677749;-21,033724;606,292664;-4,359076;0,162201;-0,093221;-0,017473;-0,982189;-9,573915;397,005554;-522,275513;;;;;;;
1404;14,04;0,729719;0,090302;0,002829;-0,677752;-21,054014;606,22876;-4,300997;0,162227;-0,093146;-0,017296;-0,982195;-9,545701;396,972015;-522,255554;;;;;;;
1405;14,05;0,729733;0,090348;0,00228;-0,677733;-21,076052;606,156677;-4,239547;0,162219;-0,093155;-0,017267;-0,982196;-9,543897;396,979736;-522,256836;;;;;;;
1406;14,06;0,729782;0,090323;0,001759;-0,677685;-21,067354;606,123962;-4,189751;0,162226;-0,093128;-0,017219;-0,982198;-9,531866;396,963531;-522,244873;;;;;;;
1407;14,07;0,729886;0,090144;0,001641;-0,677597;-21,015667;606,151489;-4,167131;0,162236;-0,093097;-0,017259;-0,982199;-9,501303;396,959015;-522,228882;;;;;;;
1408;14,08;0,729995;0,089862;0,001549;-0,677517;-20,932362;606,21283;-4,163023;0,162214;-0,093062;-0,017164;-0,982208;-9,478028;396,973328;-522,229004;;;;;;;
1409;14,09;0,730106;0,08954;0,001605;-0,677441;-20,867702;606,259521;-4,14882;0,162221;-0,093196;-0,01718;-0,982193;-9,549784;396,982513;-522,215637;;;;;;;
1410;14,1;0,730201;0,08954;0,00139;-0,677338;-20,853994;606,261902;-4,128724;0,162167;-0,093436;-0,017434;-0,982175;-9,676328;397,049591;-522,204651;;;;;;;
1411;14,11;0,730265;0,089576;0,000889;-0,677266;-20,849575;606,245239;-4,105555;0,162187;-0,093327;-0,017407;-0,982183;-9,618258;397,018188;-522,234436;;;;;;;
1412;14,12;0,730337;0,089481;0,000773;-0,6772;-20,834845;606,254456;-4,091967;0,162141;-0,09352;-0,017579;-0,982169;-9,702421;397,084839;-522,19165;;;;;;;
1413;14,13;0,730428;0,089391;0,000766;-0,677115;-20,795719;606,30188;-4,103157;0,162151;-0,093459;-0,017367;-0,982177;-9,685379;397,057068;-522,192566;;;;;;;
1414;14,14;0,730583;0,08925;0,00099;-0,676965;-20,745802;606,366028;-4,128098;0,16216;-0,093262;-0,017234;-0,982196;-9,57164;397,032684;-522,219543;;;;;;;
1415;14,15;0,730663;0,089244;0,001003;-0,676879;-20,722391;606,400818;-4,154457;0,162123;-0,093648;-0,017589;-0,982159;-9,767321;397,111328;-522,200989;;;;;;;
1416;14,16;0,730717;0,089371;0,000881;-0,676805;-20,731009;606,414185;-4,177161;0,162155;-0,093574;-0,017391;-0,982165;-9,726493;397,075256;-522,19873;;;;;;;
1417;14,17;0,730796;0,089459;0,000905;-0,676708;-20,727137;606,436401;-4,21173;0,162232;-0,093227;-0,017021;-0,982191;-9,543792;396,977112;-522,199646;;;;;;;
1418;14,18;0,730963;0,089314;0,001171;-0,676547;-20,696482;606,501587;-4,266759;0,162221;-0,093273;-0,017085;-0,982188;-9,558333;396,997925;-522,20459;;;;;;;
1419;14,19;0,731109;0,089244;0,001337;-0,676398;-20,649773;606,592102;-4,33892;0,162231;-0,093301;-0,016992;-0,982185;-9,571279;396,996216;-522,203857;;;;;;;
1420;14,2;0,731166;0,089344;0,001729;-0,676322;-20,63332;606,652588;-4,405056;0,162255;-0,0932;-0,016743;-0,982195;-9,523354;396,96759;-522,194092;;;;;;;
1421;14,21;0,731198;0,08947;0,002051;-0,676269;-20,658131;606,666931;-4,464486;0,162213;-0,093051;-0,016717;-0,982216;-9,425337;396,996063;-522,200439;;;;;;;
1422;14,22;0,731196;0,089642;0,00222;-0,676248;-20,701813;606,651245;-4,505544;0,162205;-0,093059;-0,016842;-0,982215;-9,405871;397,013763;-522,209106;;;;;;;
1423;14,23;0,73113;0,089919;0,00223;-0,676283;-20,745977;606,636658;-4,540154;0,162181;-0,093117;-0,01669;-0,982216;-9,459698;397,022369;-522,204163;;;;;;;
1424;14,24;0,731109;0,089943;0,002497;-0,676301;-20,771753;606,63147;-4,575658;0,162146;-0,093432;-0,016931;-0,982188;-9,622317;397,090057;-522,185669;;;;;;;
1425;14,25;0,731042;0,090053;0,002707;-0,676359;-20,804054;606,615356;-4,603967;0,162156;-0,093416;-0,01704;-0,982186;-9,602665;397,089478;-522,207458;;;;;;;
1426;14,26;0,730972;0,090194;0,002796;-0,676414;-20,857695;606,574768;-4,624425;0,162199;-0,0931;-0,016772;-0,982213;-9,440199;397,013794;-522,235413;;;;;;;
1427;14,27;0,730837;0,090294;0,002682;-0,676548;-20,917561;606,523926;-4,632554;0,162238;-0,093043;-0,016648;-0,982214;-9,418966;396,977356;-522,2229;;;;;;;
1428;14,28;0,73069;0,090435;0,002893;-0,676687;-20,953827;606,475098;-4,62674;0,162226;-0,093224;-0,016887;-0,982195;-9,507784;397,006592;-522,232239;;;;;;;
1429;14,29;0,730577;0,090486;0,00304;-0,676802;-20,97484;606,442688;-4,617746;0,16211;-0,093504;-0,017272;-0,982181;-9,648588;397,130005;-522,234131;;;;;;;
1430;14,3;0,730422;0,090543;0,003183;-0,67696;-20,997501;606,405334;-4,588474;0,162161;-0,09349;-0,017273;-0,982174;-9,64948;397,087891;-522,22937;;;;;;;
1431;14,31;0,730292;0,090597;0,003269;-0,677093;-21,022179;606,373047;-4,560691;0,162208;-0,093143;-0,016892;-0,982205;-9,479525;397,007629;-522,244507;;;;;;;
1432;14,32;0,730184;0,090637;0,003291;-0,677204;-21,025898;606,359192;-4,543675;0,162194;-0,093008;-0,016795;-0,982222;-9,410282;397,007813;-522,230896;;;;;;;
1433;14,33;0,730131;0,090473;0,003627;-0,677281;-21,005621;606,373169;-4,545614;0,162181;-0,093142;-0,016987;-0,982208;-9,47946;397,029205;-522,243652;;;;;;;
1434;14,34;0,730063;0,090415;0,003884;-0,677361;-20,993601;606,400513;-4,554845;0,162147;-0,093035;-0,016843;-0,982227;-9,423521;397,042267;-522,225647;;;;;;;
1435;14,35;0,729984;0,090374;0,004085;-0,677451;-20,988508;606,404663;-4,554611;0,162088;-0,093555;-0,017286;-0,982179;-9,705436;397,131439;-522,22937;;;;;;;
1436;14,36;0,729863;0,090458;0,004151;-0,677569;-21,010941;606,363464;-4,536182;0,162101;-0,093585;-0,01738;-0,982173;-9,721806;397,122375;-522,227112;;;;;;;
1437;14,37;0,729695;0,090759;0,004016;-0,677711;-21,071196;606,286682;-4,506379;0,162086;-0,093468;-0,017361;-0,982187;-9,652545;397,121796;-522,239685;;;;;;;
1438;14,38;0,729565;0,09098;0,003935;-0,677821;-21,115486;606,222229;-4,483653;0,162175;-0,093099;-0,016949;-0,982214;-9,469715;397,00531;-522,241638;;;;;;;
1439;14,39;0,729462;0,091;0,00395;-0,67793;-21,121939;606,201294;-4,473074;0,162156;-0,093188;-0,017058;-0,982207;-9,514268;397,030487;-522,249817;;;;;;;
1440;14,4;0,729449;0,090897;0,004155;-0,677957;-21,108627;606,202759;-4,472324;0,162075;-0,093542;-0,017503;-0,982179;-9,688508;397,142365;-522,253845;;;;;;;
1441;14,41;0,729417;0,09098;0,003974;-0,677981;-21,116886;606,192139;-4,458256;0,162099;-0,093462;-0,017438;-0,982184;-9,642656;397,1185;-522,240845;;;;;;;
1442;14,42;0,729396;0,09098;0,003804;-0,678004;-21,130873;606,174377;-4,438196;0,162115;-0,093446;-0,017371;-0,982184;-9,637791;397,096313;-522,240356;;;;;;;
1443;14,43;0,729474;0,090871;0,003721;-0,677935;-21,11578;606,191406;-4,428984;0,162183;-0,093089;-0,017098;-0,982211;-9,442793;397,009888;-522,247192;;;;;;;
1444;14,44;0,729553;0,090728;0,00391;-0,677869;-21,060854;606,235291;-4,42702;0,162167;-0,093178;-0,017178;-0,982204;-9,490884;397,032715;-522,241882;;;;;;;
1445;14,45;0,729664;0,090611;0,003866;-0,677765;-21,012587;606,274353;-4,418923;0,162123;-0,09345;-0,017331;-0,982183;-9,641931;397,088501;-522,223511;;;;;;;
1446;14,46;0,729731;0,090579;0,003675;-0,677698;-20,995464;606,283813;-4,404644;0,162201;-0,093221;-0,017142;-0,982195;-9,517884;397,003113;-522,22583;;;;;;;
1447;14,47;0,729811;0,090481;0,003317;-0,677627;-20,985008;606,287415;-4,37907;0,162099;-0,093511;-0,017531;-0,982177;-9,659927;397,113861;-522,22345;;;;;;;
1448;14,48;0,72989;0,090361;0,003191;-0,677558;-20,944281;606,319824;-4,376989;0,162116;-0,093539;-0,017515;-0,982172;-9,675717;397,100708;-522,216797;;;;;;;
1449;14,49;0,730007;0,090188;0,003462;-0,677454;-20,885662;606,372986;-4,384517;0,162143;-0,093515;-0,017367;-0,982173;-9,665071;397,077209;-522,215881;;;;;;;
1450;14,5;0,730082;0,090013;0,003415;-0,677396;-20,853712;606,405823;-4,378167;0,162208;-0,093082;-0,016895;-0,982211;-9,450685;396,979431;-522,227966;;;;;;;
1451;14,51;0,730105;0,08999;0,003024;-0,677377;-20,859009;606,382935;-4,355483;0,162182;-0,093157;-0,017054;-0,982206;-9,476326;397,011444;-522,236816;;;;;;;
1452;14,52;0,730085;0,089981;0,002492;-0,677402;-20,87682;606,316223;-4,297902;0,162139;-0,09355;-0,017453;-0,982168;-9,667663;397,087708;-522,220764;;;;;;;
1453;14,53;0,730048;0,090099;0,001931;-0,677427;-20,894131;606,238525;-4,230783;0,162153;-0,093471;-0,017305;-0,982176;-9,633589;397,069977;-522,216553;;;;;;;
1454;14,54;0,730045;0,090221;0,001317;-0,677416;-20,912516;606,177795;-4,166007;0,162194;-0,093166;-0,016995;-0,982204;-9,480231;397,003418;-522,225586;;;;;;;
1455;14,55;0,730059;0,090023;0,001013;-0,677428;-20,901274;606,132507;-4,098767;0,162143;-0,093438;-0,017311;-0,982181;-9,616311;397,072876;-522,194031;;;;;;;
1456;14,56;0,730038;0,089869;0,000523;-0,677471;-20,893108;606,074219;-4,01809;0,162182;-0,093336;-0,017293;-0,982185;-9,556386;397,038483;-522,19342;;;;;;;
1457;14,57;0,72998;0,089993;-0,000313;-0,677518;-20,914675;605,994385;-3,91924;0,162208;-0,093076;-0,016949;-0,982211;-9,444455;396,982361;-522,215393;;;;;;;
1458;14,58;0,729928;0,090104;-0,001124;-0,677558;-20,946112;605,918335;-3,821179;0,162169;-0,093528;-0,017479;-0,982165;-9,670672;397,067688;-522,205566;;;;;;;
1459;14,59;0,729914;0,089966;-0,001439;-0,677591;-20,916317;605,887085;-3,747699;0,162143;-0,093509;-0,017522;-0,982171;-9,671926;397,078857;-522,217529;;;;;;;
1460;14,6;0,729982;0,089575;-0,00142;-0,67757;-20,848774;605,906799;-3,68544;0,162179;-0,093255;-0,01723;-0,982194;-9,552919;397,016022;-522,225708;;;;;;;
1461;14,61;0,730039;0,089232;-0,001522;-0,677553;-20,781204;605,929321;-3,636947;0,162142;-0,09359;-0,017436;-0,982165;-9,735325;397,078644;-522,200562;;;;;;;
1462;14,62;0,730028;0,089075;-0,001762;-0,677585;-20,73509;605,928223;-3,574945;0,162147;-0,093662;-0,017638;-0,982153;-9,762284;397,096069;-522,210449;;;;;;;
1463;14,63;0,730037;0,088946;-0,002177;-0,677591;-20,722898;605,882568;-3,493364;0,162129;-0,093613;-0,017678;-0,98216;-9,731991;397,106354;-522,213257;;;;;;;
1464;14,64;0,730031;0,088933;-0,002827;-0,677597;-20,735472;605,798767;-3,39401;0,162147;-0,093533;-0,017522;-0,982168;-9,706931;397,075012;-522,207214;;;;;;;
1465;14,65;0,729923;0,089175;-0,00372;-0,677677;-20,771042;605,698181;-3,281651;0,162209;-0,093196;-0,017167;-0,982196;-9,538213;396,988098;-522,213196;;;;;;;
1466;14,66;0,729985;0,089121;-0,004558;-0,677612;-20,782856;605,608521;-3,182556;0,162152;-0,093473;-0,017523;-0,982172;-9,679045;397,067657;-522,203003;;;;;;;
1467;14,67;0,729957;0,088944;-0,005201;-0,677661;-20,76602;605,556824;-3,09288;0,162232;-0,093177;-0,017328;-0,982191;-9,520512;396,975464;-522,223267;;;;;;;
1468;14,68;0,729986;0,088701;-0,005675;-0,677658;-20,712517;605,543823;-3,031468;0,162193;-0,093361;-0,017391;-0,982179;-9,638337;397,009094;-522,236206;;;;;;;
1469;14,69;0,730027;0,088397;-0,005931;-0,677652;-20,643827;605,559326;-2,966767;0,162124;-0,09362;-0,017619;-0,982161;-9,768732;397,095123;-522,213074;;;;;;;
1470;14,7;0,730054;0,088127;-0,006326;-0,677654;-20,595528;605,560242;-2,903864;0,162109;-0,093589;-0,017614;-0,982167;-9,756757;397,099762;-522,226318;;;;;;;
1471;14,71;0,730082;0,088054;-0,006945;-0,677628;-20,568632;605,523132;-2,828871;0,162199;-0,093256;-0,017313;-0,982189;-9,581892;396,998718;-522,213196;;;;;;;
1472;14,72;0,730019;0,088113;-0,007588;-0,67768;-20,566883;605,457397;-2,743403;0,162157;-0,093538;-0,017522;-0,982165;-9,735967;397,059113;-522,181274;;;;;;;
1473;14,73;0,729999;0,088146;-0,008106;-0,677691;-20,567154;605,381653;-2,659882;0,162107;-0,093624;-0,017577;-0,982164;-9,788855;397,097504;-522,200623;;;;;;;
1474;14,74;0,730011;0,088055;-0,008605;-0,677684;-20,552944;605,344116;-2,589236;0,162111;-0,093673;-0,017709;-0,982157;-9,80297;397,105225;-522,208191;;;;;;;
1475;14,75;0,730062;0,087883;-0,008663;-0,677651;-20,497658;605,341003;-2,536223;0,162106;-0,093691;-0,017738;-0,982155;-9,803373;397,112793;-522,211365;;;;;;;
1476;14,76;0,73015;0,08758;-0,008697;-0,677595;-20,441231;605,358459;-2,496128;0,162155;-0,093578;-0,01754;-0,982162;-9,750001;397,061279;-522,18866;;;;;;;
1477;14,77;0,730181;0,087472;-0,008985;-0,677572;-20,395885;605,34967;-2,448524;0,162133;-0,093634;-0,017594;-0,982159;-9,776773;397,079437;-522,202515;;;;;;;
1478;14,78;0,730241;0,087533;-0,009414;-0,677493;-20,37574;605,297974;-2,380152;0,162165;-0,093541;-0,017597;-0,982162;-9,706688;397,058472;-522,20636;;;;;;;
1479;14,79;0,7303;0,087462;-0,010179;-0,677428;-20,377668;605,180481;-2,286459;0,16226;-0,093209;-0,017212;-0,982185;-9,540455;396,951324;-522,206665;;;;;;;
1480;14,8;0,730557;0,087275;-0,010914;-0,677164;-20,379938;604,962158;-2,182302;0,162262;-0,093604;-0,01747;-0,982143;-9,758165;396,996277;-522,206177;;;;;;;
1481;14,81;0,730363;0,087549;-0,012135;-0,677316;-20,42617;604,805603;-2,021487;0,162312;-0,093171;-0,01709;-0,982182;-9,530946;396,884735;-522,211548;;;;;;;
1482;14,82;0,730164;0,087305;-0,01287;-0,677549;-20,38851;604,726196;-1,865218;0,162285;-0,093202;-0,017481;-0,982177;-9,511227;396,950562;-522,231323;;;;;;;
1483;14,83;0,730375;0,08672;-0,013071;-0,677392;-20,258617;604,744446;-1,805455;0,162302;-0,09327;-0,017271;-0,982171;-9,574242;396,916504;-522,203918;;;;;;;
1484;14,84;0,730267;0,086408;-0,013301;-0,677545;-20,146563;604,813904;-1,698456;0,162255;-0,093474;-0,017266;-0,98216;-9,693067;396,960846;-522,159546;;;;;;;
1485;14,85;0,73048;0,08598;-0,013498;-0,677365;-20,057392;604,824036;-1,645018;0,162325;-0,093214;-0,017302;-0,982172;-9,533103;396,911255;-522,184326;;;;;;;
1486;14,86;0,730354;0,085726;-0,013952;-0,677524;-20,000793;604,825623;-1,521425;0,162183;-0,093715;-0,017816;-0,982139;-9,791348;397,058868;-522,193665;;;;;;;
1487;14,87;0,730448;0,085393;-0,014162;-0,677461;-19,922071;604,80835;-1,427774;0,162185;-0,093763;-0,017662;-0,982137;-9,836468;397,048035;-522,190002;;;;;;;
1488;14,88;0,730496;0,085088;-0,014512;-0,67744;-19,839132;604,799072;-1,329517;0,162174;-0,093687;-0,017548;-0,982148;-9,797598;397,044769;-522,174805;;;;;;;
1489;14,89;0,730423;0,084853;-0,014877;-0,67754;-19,750303;604,821533;-1,210683;0,16215;-0,09361;-0,01765;-0,982157;-9,725976;397,072906;-522,179749;;;;;;;
1490;14,9;0,730626;0,084391;-0,015198;-0,677372;-19,640312;604,829956;-1,150539;0,162197;-0,093541;-0,017455;-0,98216;-9,704049;397,010895;-522,161987;;;;;;;
1491;14,91;0,730465;0,084019;-0,015596;-0,677583;-19,534966;604,834106;-1,017459;0,162269;-0,093361;-0,01718;-0,98217;-9,614207;396,942352;-522,181824;;;;;;;
1492;14,92;0,73056;0,083837;-0,01619;-0,677489;-19,470457;604,77356;-0,921943;0,162267;-0,093479;-0,017291;-0,982157;-9,652662;396,970398;-522,131104;;;;;;;
1493;14,93;0,730398;0,083759;-0,017122;-0,67765;-19,43539;604,646729;-0,765533;0,162251;-0,093525;-0,017411;-0,982153;-9,67027;396,99176;-522,147034;;;;;;;
1494;14,94;0,730224;0,083752;-0,018218;-0,67781;-19,430799;604,492188;-0,590832;0,162279;-0,093584;-0,01741;-0,982143;-9,717949;396,966614;-522,14856;;;;;;;
1495;14,95;0,730373;0,083479;-0,019138;-0,677658;-19,417744;604,376587;-0,443413;0,162226;-0,093626;-0,017499;-0,982146;-9,726317;397,019501;-522,171509;;;;;;;
1496;14,96;0,730285;0,083022;-0,019675;-0,677794;-19,316217;604,354919;-0,291978;0,162243;-0,093541;-0,017375;-0,982153;-9,688025;396,991241;-522,148254;;;;;;;
1497;14,97;0,73048;0,082391;-0,020038;-0,67765;-19,16633;604,422119;-0,223802;0,162211;-0,09371;-0,017555;-0,98214;-9,787806;397,033447;-522,179199;;;;;;;
1498;14,98;0,730466;0,081779;-0,020162;-0,677735;-18,996027;604,534119;-0,123559;0,162305;-0,093332;-0,01714;-0,982167;-9,594505;396,923767;-522,175537;;;;;;;
1499;14,99;0,730618;0,081159;-0,020451;-0,677637;-18,864304;604,594055;-0,028394;0,162266;-0,093497;-0,017228;-0,982157;-9,678022;396,975769;-522,132507;;;;;;;
1500;15;0,730747;0,080912;-0,021143;-0,677507;-18,786041;604,591553;0,085751;0,162266;-0,093587;-0,017393;-0,982145;-9,72376;396,985413;-522,141479;;;;;;;
1501;15,01;0,73068;0,080567;-0,021736;-0,677601;-18,722786;604,546082;0,222353;0,162255;-0,093667;-0,017525;-0,982137;-9,772774;396,99762;-522,153076;;;;;;;
1502;15,02;0,730902;0,080352;-0,022328;-0,677368;-18,654657;604,475647;0,321379;0,162205;-0,093741;-0,017573;-0,982137;-9,813155;397,047028;-522,171143;;;;;;;
1503;15,03;0,730921;0,080135;-0,022996;-0,677351;-18,591784;604,445129;0,423686;0,162275;-0,093725;-0,017488;-0,982129;-9,80587;396,994171;-522,152893;;;;;;;
1504;15,04;0,731015;0,079844;-0,023266;-0,677275;-18,500463;604,477539;0,498207;0,162285;-0,093533;-0,017314;-0,982148;-9,703717;396,964783;-522,137207;;;;;;;
1505;15,05;0,731146;0,07938;-0,023417;-0,677183;-18,369444;604,543335;0,550968;0,162362;-0,093215;-0,017011;-0,982171;-9,536665;396,870361;-522,154968;;;;;;;
1506;15,06;0,731227;0,079063;-0,023699;-0,677123;-18,239065;604,614624;0,619205;0,162336;-0,093296;-0,016932;-0,982169;-9,58786;396,898834;-522,176025;;;;;;;
1507;15,07;0,731338;0,078805;-0,024312;-0,677011;-18,157177;604,627808;0,688404;0,162332;-0,093282;-0,016832;-0,982173;-9,582381;396,89859;-522,174316;;;;;;;
1508;15,08;0,731329;0,078651;-0,025073;-0,67701;-18,104998;604,575256;0,800284;0,162289;-0,093691;-0,0174;-0,982131;-9,778403;396,987122;-522,164734;;;;;;;
1509;15,09;0,731407;0,078527;-0,026038;-0,676905;-18,079529;604,487854;0,922006;0,162351;-0,09329;-0,017077;-0,982165;-9,562711;396,904205;-522,178406;;;;;;;
1510;15,1;0,73144;0,078417;-0,02679;-0,676852;-18,053082;604,424011;1,02748;0,162326;-0,09324;-0,016851;-0,982178;-9,546057;396,912598;-522,17041;;;;;;;
1511;15,11;0,73157;0,077932;-0,026966;-0,676761;-17,962679;604,434509;1,112923;0,162324;-0,0936;-0,017128;-0,982139;-9,739442;396,945343;-522,133362;;;;;;;
1512;15,12;0,731784;0,0775;-0,027221;-0,676569;-17,836823;604,520569;1,155186;0,162399;-0,093353;-0,017074;-0,982151;-9,589611;396,875946;-522,164917;;;;;;;
1513;15,13;0,731934;0,076833;-0,027318;-0,676478;-17,687578;604,6427;1,207855;0,162404;-0,093218;-0,016805;-0,982168;-9,526104;396,855042;-522,14978;;;;;;;
1514;15,14;0,732173;0,07634;-0,027647;-0,676263;-17,558077;604,728699;1,25853;0,162458;-0,093246;-0,016634;-0,982159;-9,553612;396,81485;-522,134888;;;;;;;
1515;15,15;0,73236;0,076138;-0,028198;-0,67606;-17,461922;604,775208;1,331883;0,162369;-0,09323;-0,016664;-0,982175;-9,555627;396,883118;-522,14801;;;;;;;
1516;15,16;0,732501;0,075803;-0,029277;-0,675899;-17,381998;604,771118;1,429319;0,162368;-0,093651;-0,017268;-0,982124;-9,748328;396,945831;-522,135437;;;;;;;
1517;15,17;0,73258;0,075686;-0,03041;-0,675776;-17,305954;604,736084;1,551165;0,162427;-0,093361;-0,016858;-0,982149;-9,619968;396,858551;-522,168274;;;;;;;
1518;15,18;0,732685;0,075419;-0,031165;-0,675658;-17,225704;604,742126;1,648791;0,162415;-0,093295;-0,016658;-0,982161;-9,603112;396,857239;-522,159851;;;;;;;
1519;15,19;0,732872;0,074848;-0,031567;-0,6755;-17,087166;604,801147;1,740097;0,162337;-0,093626;-0,017202;-0,982133;-9,738931;396,97879;-522,158325;;;;;;;
1520;15,2;0,733054;0,074076;-0,031883;-0,675373;-16,930994;604,892578;1,856399;0,162417;-0,093678;-0,017283;-0,982113;-9,761292;396,928131;-522,156555;;;;;;;
1521;15,21;0,733217;0,073383;-0,032232;-0,675255;-16,755735;604,970276;1,961647;0,162489;-0,093288;-0,016682;-0,982149;-9,580997;396,818237;-522,161682;;;;;;;
1522;15,22;0,733279;0,072754;-0,032888;-0,675223;-16,582394;605,041077;2,091825;0,162422;-0,093715;-0,017144;-0,982111;-9,784222;396,924194;-522,156189;;;;;;;
1523;15,23;0,733429;0,072211;-0,03388;-0,67507;-16,396446;605,099609;2,228926;0,162445;-0,0937;-0,017246;-0,982107;-9,764182;396,911835;-522,151123;;;;;;;
1524;15,24;0,733546;0,071567;-0,034401;-0,674985;-16,22925;605,165405;2,356894;0,162419;-0,093728;-0,017243;-0,982109;-9,781495;396,930634;-522,170532;;;;;;;
1525;15,25;0,733702;0,070747;-0,034472;-0,674899;-16,037907;605,261719;2,496216;0,162525;-0,093339;-0,016757;-0,982137;-9,590002;396,802856;-522,167175;;;;;;;
1526;15,26;0,733895;0,069769;-0,034417;-0,674793;-15,800793;605,371521;2,615474;0,16248;-0,093286;-0,016689;-0,98215;-9,566228;396,832031;-522,161804;;;;;;;
1527;15,27;0,733921;0,06881;-0,034592;-0,674854;-15,58265;605,454895;2,762844;0,16242;-0,093708;-0,017216;-0,982111;-9,76926;396,933105;-522,151611;;;;;;;
1528;15,28;0,733896;0,068198;-0,035494;-0,674896;-15,421063;605,464233;2,933186;0,162393;-0,09362;-0,017032;-0,982127;-9,737816;396,933258;-522,157288;;;;;;;
1529;15,29;0,733805;0,067838;-0,036442;-0,674982;-15,292967;605,405029;3,135197;0,162459;-0,09319;-0,016556;-0,982165;-9,519885;396,830872;-522,171509;;;;;;;
1530;15,3;0,733626;0,067655;-0,037233;-0,675151;-15,202563;605,300415;3,353096;0,162521;-0,092975;-0,016395;-0,982178;-9,39275;396,772552;-522,118469;;;;;;;
1531;15,31;0,733416;0,067467;-0,038214;-0,675344;-15,122495;605,167236;3,577743;0,162374;-0,093565;-0,016967;-0,982137;-9,707773;396,944916;-522,146484;;;;;;;
1532;15,32;0,733209;0,067134;-0,039354;-0,675536;-15,011342;605,08844;3,805689;0,162406;-0,093561;-0,01696;-0,982132;-9,696877;396,923706;-522,151855;;;;;;;
1533;15,33;0,733083;0,066528;-0,040222;-0,675682;-14,823325;605,063721;4,008253;0,162467;-0,093248;-0,016616;-0,982157;-9,540468;396,837463;-522,163513;;;;;;;
1534;15,34;0,732994;0,065793;-0,040657;-0,675824;-14,622744;605,084351;4,187697;0,162407;-0,093526;-0,016959;-0,982135;-9,67157;396,91806;-522,13739;;;;;;;
1535;15,35;0,733041;0,064967;-0,040834;-0,675843;-14,426693;605,096191;4,376501;0,162406;-0,093488;-0,016975;-0,982139;-9,642575;396,92627;-522,134766;;;;;;;
1536;15,36;0,732966;0,064288;-0,041603;-0,675942;-14,250921;605,081177;4,598562;0,162418;-0,093456;-0,016829;-0,982142;-9,637781;396,902771;-522,130127;;;;;;;
1537;15,37;0,732909;0,063667;-0,042752;-0,675991;-14,070251;605,069519;4,808547;0,162459;-0,093222;-0,016586;-0,982162;-9,524307;396,843689;-522,151978;;;;;;;
1538;15,38;0,732941;0,063028;-0,043706;-0,675955;-13,852916;605,108521;4,99137;0,162422;-0,093643;-0,017041;-0,98212;-9,739462;396,921539;-522,139099;;;;;;;
1539;15,39;0,733015;0,062033;-0,044144;-0,675938;-13,629948;605,200623;5,148801;0,162476;-0,093113;-0,016492;-0,982171;-9,468319;396,825958;-522,141907;;;;;;;
1540;15,4;0,733156;0,061133;-0,044477;-0,675845;-13,376082;605,301147;5,300505;0,162469;-0,093207;-0,016474;-0,982163;-9,523999;396,836121;-522,143127;;;;;;;
1541;15,41;0,733211;0,060142;-0,045153;-0,675829;-13,139355;605,369507;5,481765;0,162434;-0,093471;-0,016748;-0,98214;-9,660651;396,893524;-522,122437;;;;;;;
1542;15,42;0,733171;0,059607;-0,04638;-0,675837;-12,941873;605,348206;5,717553;0,162498;-0,093015;-0,016402;-0,982178;-9,41878;396,799866;-522,125732;;;;;;;
1543;15,43;0,733059;0,05907;-0,047715;-0,675913;-12,819755;605,26062;5,969629;0,162418;-0,093591;-0,016983;-0,982127;-9,715077;396,924805;-522,139099;;;;;;;
1544;15,44;0,732983;0,058634;-0,049034;-0,675939;-12,687901;605,193848;6,217336;0,162422;-0,093527;-0,016879;-0,982134;-9,692062;396,910767;-522,141846;;;;;;;
1545;15,45;0,732993;0,057826;-0,049983;-0,675928;-12,468314;605,210327;6,422238;0,162497;-0,093285;-0,016751;-0,982147;-9,559591;396,834198;-522,154297;;;;;;;
1546;15,46;0,733155;0,056794;-0,050542;-0,675799;-12,179948;605,335266;6,58001;0,162434;-0,093708;-0,017098;-0,982111;-9,794349;396,921234;-522,137756;;;;;;;
1547;15,47;0,733477;0,055558;-0,050426;-0,675561;-11,879161;605,510742;6,698294;0,162453;-0,093538;-0,016815;-0,982129;-9,717129;396,886353;-522,125427;;;;;;;
1548;15,48;0,733727;0,054632;-0,050711;-0,675343;-11,608002;605,651184;6,8499;0,16256;-0,093404;-0,016686;-0,982126;-9,651002;396,789856;-522,13916;;;;;;;
1549;15,49;0,73382;0,053799;-0,051595;-0,675242;-11,392122;605,743835;7,02272;0,162432;-0,093609;-0,017018;-0,982122;-9,734436;396,921875;-522,129822;;;;;;;
1550;15,5;0,733865;0,052936;-0,052425;-0,675197;-11,162829;605,785583;7,215719;0,162422;-0,093612;-0,017011;-0,982124;-9,748781;396,921387;-522,129028;;;;;;;
1551;15,51;0,733805;0,052193;-0,053155;-0,675264;-10,941938;605,834961;7,402387;0,162465;-0,093687;-0,017091;-0,982108;-9,782777;396,89978;-522,132324;;;;;;;
1552;15,52;0,733869;0,051363;-0,053682;-0,675216;-10,724139;605,883484;7,566257;0,162547;-0,093351;-0,016764;-0,982132;-9,609446;396,798584;-522,153564;;;;;;;
1553;15,53;0,733879;0,050648;-0,054466;-0,675197;-10,520227;605,920288;7,744165;0,162521;-0,093274;-0,016693;-0,982145;-9,573985;396,814545;-522,150635;;;;;;;
1554;15,54;0,733862;0,049997;-0,055319;-0,675194;-10,302758;605,937622;7,934024;0,162477;-0,093609;-0,017004;-0,982115;-9,742917;396,888397;-522,127808;;;;;;;
1555;15,55;0,733851;0,049168;-0,056024;-0,675209;-10,099068;605,954102;8,127295;0,162494;-0,093773;-0,017083;-0,982095;-9,84114;396,881958;-522,141174;;;;;;;
1556;15,56;0,733823;0,048373;-0,056668;-0,675242;-9,90626;605,975037;8,317098;0,162468;-0,093493;-0,016865;-0,98213;-9,689734;396,880768;-522,131531;;;;;;;
1557;15,57;0,733872;0,047641;-0,057202;-0,675196;-9,693873;606,006836;8,483419;0,162547;-0,093344;-0,016783;-0,982132;-9,602359;396,7995;-522,149292;;;;;;;
1558;15,58;0,733876;0,046865;-0,057863;-0,675191;-9,468306;606,069214;8,64918;0,162463;-0,093572;-0,016935;-0,982122;-9,719015;396,887939;-522,11377;;;;;;;
1559;15,59;0,733923;0,045947;-0,058642;-0,675135;-9,222306;606,151794;8,808313;0,162458;-0,09374;-0,017051;-0,982105;-9,804044;396,910797;-522,125;;;;;;;
1560;15,6;0,734027;0,04487;-0,058858;-0,675075;-8,979784;606,24585;8,948491;0,162461;-0,093488;-0,016755;-0,982133;-9,672676;396,878723;-522,112488;;;;;;;
1561;15,61;0,734144;0,044047;-0,059126;-0,674979;-8,74866;606,307251;9,106936;0,162511;-0,093137;-0,016431;-0,982164;-9,486327;396,802856;-522,134216;;;;;;;
1562;15,62;0,734148;0,043408;-0,059968;-0,674942;-8,56075;606,314514;9,292658;0,162523;-0,093157;-0,016377;-0,982161;-9,498482;396,794128;-522,128845;;;;;;;
1563;15,63;0,734038;0,042957;-0,061467;-0,674955;-8,395424;606,267456;9,491264;0,162533;-0,093077;-0,016285;-0,982168;-9,439343;396,781708;-522,11731;;;;;;;
1564;15,64;0,733961;0,042414;-0,062442;-0,674984;-8,217465;606,216187;9,689694;0,162583;-0,092907;-0,016074;-0,98218;-9,345468;396,72049;-522,089111;;;;;;;
1565;15,65;0,733901;0,041832;-0,063164;-0,675018;-8,037896;606,198364;9,871359;0,162528;-0,093217;-0,016398;-0,982154;-9,498412;396,796143;-522,119751;;;;;;;
1566;15,66;0,733991;0,041062;-0,063504;-0,674936;-7,83722;606,220947;10,026855;0,162447;-0,09357;-0,016691;-0,982129;-9,66785;396,894806;-522,114502;;;;;;;
1567;15,67;0,734049;0,040541;-0,064257;-0,674833;-7,626323;606,272644;10,162645;0,162489;-0,093458;-0,01657;-0,982135;-9,601959;396,859772;-522,096252;;;;;;;
1568;15,68;0,734124;0,040041;-0,065187;-0,674692;-7,430398;606,32489;10,293109;0,162591;-0,092968;-0,016174;-0,982171;-9,32067;396,739594;-522,087708;;;;;;;
1569;15,69;0,734272;0,039431;-0,065763;-0,674511;-7,250041;606,359375;10,427219;0,162568;-0,093011;-0,016194;-0,98217;-9,344167;396,760254;-522,100586;;;;;;;
1570;15,7;0,73429;0,038778;-0,066616;-0,674445;-7,099317;606,387085;10,576856;0,162584;-0,093215;-0,016387;-0,982145;-9,451224;396,772583;-522,106323;;;;;;;
1571;15,71;0,734312;0,038181;-0,067238;-0,674394;-6,946891;606,411804;10,700945;0,162536;-0,093281;-0,016438;-0,982146;-9,492555;396,812531;-522,132324;;;;;;;
1572;15,72;0,734377;0,037539;-0,067592;-0,674324;-6,782607;606,451111;10,812188;0,162524;-0,093197;-0,016449;-0,982156;-9,428275;396,826141;-522,129517;;;;;;;
1573;15,73;0,734441;0,036903;-0,068139;-0,674234;-6,609166;606,493225;10,927298;0,162507;-0,093554;-0,016791;-0,982119;-9,600682;396,88678;-522,106995;;;;;;;
1574;15,74;0,734417;0,036547;-0,069107;-0,674181;-6,449231;606,504761;11,051145;0,162608;-0,092955;-0,016135;-0,98217;-9,303957;396,734039;-522,099243;;;;;;;
1575;15,75;0,734339;0,036162;-0,06998;-0,674197;-6,319214;606,470703;11,197905;0,162568;-0,093104;-0,016365;-0,982159;-9,385797;396,778625;-522,138672;;;;;;;
1576;15,76;0,734204;0,035743;-0,071;-0,67426;-6,212797;606,376404;11,398368;0,162544;-0,093132;-0,016383;-0,98216;-9,417295;396,795105;-522,151123;;;;;;;
1577;15,77;0,734059;0,03543;-0,071991;-0,674329;-6,109781;606,284424;11,605795;0,162479;-0,093389;-0,016707;-0,982141;-9,532598;396,887115;-522,134399;;;;;;;
1578;15,78;0,734004;0,034932;-0,072686;-0,674341;-5,972277;606,225403;11,788879;0,162659;-0,092822;-0,016023;-0,982176;-9,27045;396,674622;-522,086426;;;;;;;
1579;15,79;0,733898;0,034209;-0,073499;-0,674405;-5,789276;606,243164;11,946027;0,162571;-0,09297;-0,01621;-0,982173;-9,361399;396,752716;-522,143005;;;;;;;
1580;15,8;0,733899;0,033514;-0,074352;-0,674345;-5,563315;606,336853;12,068273;0,162576;-0,09309;-0,016347;-0,982159;-9,426999;396,766174;-522,143127;;;;;;;
1581;15,81;0,733962;0,032484;-0,074398;-0,674322;-5,332907;606,444702;12,191008;0,16252;-0,093572;-0,016757;-0,982116;-9,688997;396,857178;-522,142883;;;;;;;
1582;15,82;0,733957;0,031464;-0,074311;-0,674386;-5,102343;606,488892;12,358866;0,162584;-0,093021;-0,01624;-0,982166;-9,409472;396,745972;-522,137695;;;;;;;
1583;15,83;0,733804;0,030913;-0,074849;-0,674518;-4,925712;606,440796;12,57133;0,162506;-0,093602;-0,016857;-0,982113;-9,726506;396,864288;-522,137146;;;;;;;
1584;15,84;0,733438;0,030842;-0,076516;-0,674732;-4,772143;606,302063;12,833597;0,162519;-0,093589;-0,016939;-0,982111;-9,71631;396,862305;-522,141785;;;;;;;
1585;15,85;0,732987;0,030591;-0,077903;-0,675074;-4,660734;606,121704;13,115391;0,162521;-0,093662;-0,017046;-0,982102;-9,751884;396,866364;-522,169922;;;;;;;
1586;15,86;0,732577;0,030247;-0,078786;-0,675432;-4,537588;605,928284;13,404827;0,162601;-0,093011;-0,016418;-0,982161;-9,426735;396,732056;-522,142273;;;;;;;
1587;15,87;0,732123;0,029807;-0,079809;-0,675824;-4,399613;605,698364;13,711919;0,162534;-0,093769;-0,017258;-0,982086;-9,816229;396,866608;-522,160278;;;;;;;
1588;15,88;0,73168;0,029419;-0,081305;-0,676142;-4,271172;605,482727;14,032236;0,16252;-0,093517;-0,017022;-0,982116;-9,688435;396,852417;-522,1474;;;;;;;
1589;15,89;0,731204;0,029034;-0,08277;-0,676496;-4,150536;605,277222;14,347742;0,162667;-0,093036;-0,016604;-0,982145;-9,428266;396,68811;-522,12738;;;;;;;
1590;15,9;0,730803;0,028478;-0,08357;-0,676854;-3,976432;605,108582;14,632146;0,162645;-0,093365;-0,016916;-0,982112;-9,627726;396,732086;-522,149475;;;;;;;
1591;15,91;0,730455;0,028067;-0,084274;-0,67716;-3,772244;604,957092;14,869547;0,162583;-0,093751;-0,01733;-0,982078;-9,822214;396,827911;-522,133484;;;;;;;
1592;15,92;0,730072;0,0277;-0,085617;-0,67742;-3,557542;604,843567;15,09097;0,162596;-0,093665;-0,017211;-0,982086;-9,782932;396,802338;-522,134155;;;;;;;
1593;15,93;0,729619;0,027357;-0,086507;-0,677809;-3,305503;604,793701;15,293029;0,162557;-0,093649;-0,017272;-0,982093;-9,777271;396,831848;-522,139343;;;;;;;
1594;15,94;0,729453;0,026291;-0,086886;-0,677981;-3,015499;604,838501;15,508192;0,162578;-0,093705;-0,017342;-0,982083;-9,822104;396,830078;-522,134888;;;;;;;
1595;15,95;0,729366;0,025221;-0,087178;-0,678078;-2,661687;604,980408;15,654873;0,162606;-0,093674;-0,017267;-0,982083;-9,817421;396,79187;-522,124878;;;;;;;
1596;15,96;0,729519;0,024004;-0,087566;-0,677907;-2,258228;605,160645;15,762968;0,162594;-0,093723;-0,017348;-0,982079;-9,848858;396,812897;-522,134521;;;;;;;
1597;15,97;0,72917;0,022963;-0,087531;-0,678323;-1,883428;605,295105;15,890876;0,162595;-0,093695;-0,01728;-0,982082;-9,851746;396,816193;-522,144897;;;;;;;
1598;15,98;0,729774;0,021759;-0,08758;-0,677706;-1,561046;605,35614;15,922131;0,162623;-0,093707;-0,017167;-0,982078;-9,871697;396,770935;-522,142456;;;;;;;
1599;15,99;0,729113;0,021344;-0,087975;-0,67838;-1,237055;605,423279;16,17622;0,162702;-0,093332;-0,017107;-0,982102;-9,64712;396,694153;-522,159607;;;;;;;
1600;16;0,729414;0,020545;-0,088765;-0,677978;-0,898726;605,462402;16,277681;0,162683;-0,093211;-0,017029;-0,982118;-9,580339;396,703979;-522,146973;;;;;;;
1601;16,01;0,729166;0,019074;-0,089393;-0,678205;-0,549168;605,519897;16,46595;0,162628;-0,093689;-0,017194;-0,982079;-9,861501;396,762939;-522,13446;;;;;;;
1602;16,02;0,728964;0,018398;-0,089819;-0,678385;-0,222044;605,636597;16,600456;0,162712;-0,093376;-0,01699;-0,982098;-9,699611;396,667053;-522,142395;;;;;;;
1603;16,03;0,729118;0,017672;-0,08981;-0,678239;0,136022;605,780945;16,634665;0,162671;-0,093178;-0,017038;-0,982123;-9,55261;396,711029;-522,130127;;;;;;;
1604;16,04;0,729039;0,016711;-0,0901;-0,67831;0,530728;605,988892;16,699715;0,162687;-0,093228;-0,016837;-0,982119;-9,590442;396,680145;-522,129456;;;;;;;
1605;16,05;0,729577;0,015421;-0,089921;-0,677786;0,899138;606,241638;16,667601;0,162474;-0,093878;-0,017199;-0,982086;-9,976377;396,876709;-522,144409;;;;;;;
1606;16,06;0,729758;0,013853;-0,088981;-0,677749;1,303798;606,569214;16,720779;0,162713;-0,093348;-0,017047;-0,9821;-9,628009;396,691193;-522,122681;;;;;;;
1607;16,07;0,730244;0,013099;-0,08813;-0,677352;1,673355;606,846497;16,699533;0,16259;-0,093531;-0,017159;-0,982101;-9,693695;396,81308;-522,103088;;;;;;;
1608;16,08;0,730294;0,012211;-0,088083;-0,677321;1,96302;607,004272;16,716171;0,16256;-0,093726;-0,016947;-0,982091;-9,851935;396,830872;-522,115723;;;;;;;
1609;16,09;0,730259;0,011441;-0,088556;-0,67731;2,213583;607,021423;16,789631;0,162596;-0,093836;-0,016905;-0,982075;-9,918585;396,801697;-522,12207;;;;;;;
1610;16,1;0,730206;0,011427;-0,089786;-0,677206;2,38811;606,90564;16,875177;0,162592;-0,093561;-0,017064;-0,982099;-9,682781;396,822235;-522,116211;;;;;;;
1611;16,11;0,729625;0,011661;-0,090859;-0,677684;2,540335;606,749268;17,090359;0,162541;-0,093738;-0,017247;-0,982088;-9,768992;396,88266;-522,154968;;;;;;;
1612;16,12;0,729279;0,011423;-0,091912;-0,677919;2,676667;606,576294;17,2738;0,162539;-0,093687;-0,016764;-0,982101;-9,814415;396,848572;-522,150146;;;;;;;
1613;16,13;0,728878;0,010864;-0,092876;-0,678228;2,829707;606,467407;17,485155;0,162724;-0,093161;-0,016319;-0,982128;-9,511108;396,647919;-522,133667;;;;;;;
1614;16,14;0,728679;0,010419;-0,093292;-0,678391;3,039862;606,462463;17,615358;0,162519;-0,093566;-0,017187;-0,982109;-9,667823;396,890656;-522,146484;;;;;;;
1615;16,15;0,728767;0,009887;-0,093176;-0,678321;3,301983;606,570435;17,675097;0,16265;-0,093775;-0,017161;-0,982068;-9,808794;396,795776;-522,139099;;;;;;;
1616;16,16;0,728546;0,00895;-0,093329;-0,67855;3,560481;606,720276;17,767681;0,162711;-0,093232;-0,016229;-0,982125;-9,58242;396,656311;-522,115906;;;;;;;
1617;16,17;0,728612;0,008275;-0,093697;-0,678437;3,736786;606,755432;17,821253;0,16258;-0,093596;-0,016823;-0,982102;-9,73577;396,83017;-522,12146;;;;;;;
1618;16,18;0,728217;0,008016;-0,094121;-0,678806;3,825586;606,710815;17,969584;0,162677;-0,093775;-0,017178;-0,982063;-9,811379;396,787781;-522,117188;;;;;;;
1619;16,19;0,728069;0,008026;-0,094334;-0,678934;3,890423;606,564331;18,094271;0,162659;-0,09372;-0,016764;-0,982078;-9,837778;396,752289;-522,092224;;;;;;;
1620;16,2;0,727789;0,008089;-0,094592;-0,679198;3,921196;606,396362;18,223289;0,162634;-0,093528;-0,016688;-0,982102;-9,697649;396,778259;-522,093994;;;;;;;
1621;16,21;0,727299;0,008141;-0,095022;-0,679663;3,927654;606,249512;18,37529;0,162558;-0,093586;-0,016906;-0,982105;-9,701159;396,855286;-522,129333;;;;;;;
1622;16,22;0,727101;0,008351;-0,095256;-0,679839;3,955819;606,114258;18,443668;0,162676;-0,093838;-0,017071;-0,982059;-9,861059;396,765839;-522,104065;;;;;;;
1623;16,23;0,726749;0,00836;-0,095223;-0,680219;3,984436;605,994446;18,573563;0,162584;-0,093832;-0,016965;-0,982077;-9,877513;396,818878;-522,118408;;;;;;;
1624;16,24;0,726542;0,008316;-0,095516;-0,6804;3,982232;605,845032;18,680084;0,16259;-0,093508;-0,016846;-0,982108;-9,658388;396,816711;-522,108215;;;;;;;
1625;16,25;0,726154;0,008449;-0,096123;-0,680727;3,968416;605,660461;18,811142;0,16255;-0,093405;-0,016643;-0,982128;-9,6323;396,808716;-522,088623;;;;;;;
1626;16,26;0,725861;0,008798;-0,096809;-0,680938;3,947977;605,46405;18,957062;0,162592;-0,09389;-0,017234;-0,982065;-9,897061;396,826416;-522,116089;;;;;;;
1627;16,27;0,725614;0,009052;-0,097544;-0,681093;3,956753;605,285095;19,085909;0,162522;-0,0937;-0,017202;-0,982095;-9,763499;396,881378;-522,131104;;;;;;;
1628;16,28;0,725171;0,009173;-0,09822;-0,681466;4,001023;605,136841;19,240908;0,162573;-0,093658;-0,016984;-0,982095;-9,76467;396,82608;-522,102051;;;;;;;
1629;16,29;0,724988;0,0092;-0,098806;-0,681575;4,053337;604,996826;19,344934;0,1626;-0,093828;-0,017224;-0,98207;-9,86336;396,826752;-522,109497;;;;;;;
1630;16,3;0,724597;0,009577;-0,099619;-0,681867;4,095404;604,82135;19,418009;0,162546;-0,093677;-0,017285;-0,982092;-9,758569;396,869171;-522,122742;;;;;;;
1631;16,31;0,72456;0,00919;-0,100124;-0,681838;4,18876;604,751221;19,535627;0,162532;-0,093418;-0,016948;-0,982125;-9,636023;396,841095;-522,105957;;;;;;;
1632;16,32;0,724319;0,008888;-0,100399;-0,682058;4,358007;604,76947;19,633085;0,162562;-0,093768;-0,017244;-0,982081;-9,855351;396,844482;-522,126892;;;;;;;
1633;16,33;0,724547;0,008235;-0,100728;-0,681775;4,566067;604,823364;19,659676;0,162652;-0,093704;-0,017326;-0,982071;-9,811189;396,775757;-522,1203;;;;;;;
1634;16,34;0,724386;0,007399;-0,101437;-0,681851;4,779818;604,914185;19,773144;0,162658;-0,09321;-0,016957;-0,982124;-9,549578;396,721832;-522,144958;;;;;;;
1635;16,35;0,72464;0,006564;-0,101633;-0,68156;5,028095;604,987854;19,848015;0,162633;-0,093694;-0,017307;-0,982076;-9,825786;396,789673;-522,113342;;;;;;;
1636;16,36;0,724444;0,006171;-0,102084;-0,681705;5,271066;605,019897;19,955624;0,162713;-0,09375;-0,017303;-0,982057;-9,853997;396,743134;-522,093506;;;;;;;
1637;16,37;0,724125;0,006574;-0,102878;-0,681921;5,461213;605,037781;19,944002;0,162593;-0,093594;-0,01718;-0,982094;-9,755408;396,785339;-522,120605;;;;;;;
1638;16,38;0,723821;0,005409;-0,103123;-0,682216;5,768974;605,223328;20,07589;0,162518;-0,093637;-0,01756;-0,982096;-9,759168;396,906738;-522,157532;;;;;;;
1639;16,39;0,723974;0,003996;-0,102914;-0,682095;6,153347;605,484192;20,116089;0,162653;-0,093822;-0,017191;-0,982062;-9,922008;396,749481;-522,116577;;;;;;;
1640;16,4;0,724669;0,00302;-0,102857;-0,681371;6,538355;605,769348;20,021048;0,162687;-0,093704;-0,017226;-0,982067;-9,821259;396,744751;-522,114319;;;;;;;
1641;16,41;0,724071;0,002071;-0,103274;-0,681947;6,944447;606,015869;20,147623;0,162627;-0,093536;-0,01747;-0,982089;-9,675192;396,817841;-522,117065;;;;;;;
1642;16,42;0,724935;0,001083;-0,104044;-0,680913;7,242117;606,171326;20,042107;0,162723;-0,093848;-0,017303;-0,982046;-9,917447;396,728821;-522,099792;;;;;;;
1643;16,43;0,724384;0,000485;-0,104238;-0,681471;7,582361;606,324646;20,17787;0,162657;-0,093778;-0,017015;-0,982069;-9,89189;396,730621;-522,10907;;;;;;;
1644;16,44;0,724722;0,000098;-0,104457;-0,681078;7,887965;606,524048;20,178638;0,162676;-0,093387;-0,017266;-0,982099;-9,592263;396,756409;-522,079468;;;;;;;
1645;16,45;0,724819;-0,001283;-0,104157;-0,681019;8,221262;606,739319;20,253029;0,162613;-0,093772;-0,017309;-0,982071;-9,8347;396,819427;-522,101868;;;;;;;
1646;16,46;0,725132;-0,002657;-0,103898;-0,680722;8,494285;606,974731;20,266573;0,162829;-0,094129;-0,016848;-0,98201;-10,110773;396,610901;-522,041748;;;;;;;
1647;16,47;0,725886;-0,003193;-0,10365;-0,679954;8,682054;607,131836;20,166332;0,162566;-0,093933;-0,017022;-0,982069;-9,938722;396,85553;-522,081116;;;;;;;
1648;16,48;0,725366;-0,003129;-0,103622;-0,680512;8,794953;607,195557;20,283709;0,16278;-0,093272;-0,016453;-0,982106;-9,528044;396,664185;-522,04718;;;;;;;
1649;16,49;0,725961;-0,002894;-0,104338;-0,679769;8,730828;607,119995;20,201309;0,162671;-0,093795;-0,016279;-0,982077;-9,868678;396,744202;-522,094727;;;;;;;
1650;16,5;0,725473;-0,0029;-0,104826;-0,680215;8,710524;606,983154;20,327337;0,16271;-0,094113;-0,016718;-0,982033;-10,010643;396,76593;-522,070007;;;;;;;
1651;16,51;0,72537;-0,002274;-0,105417;-0,680236;8,643486;606,853333;20,357962;0,162603;-0,093622;-0,016877;-0,982095;-9,631206;396,863068;-522,07428;;;;;;;
1652;16,52;0,725434;-0,001932;-0,105286;-0,680189;8,600126;606,76062;20,355656;0,162753;-0,093172;-0,016015;-0,982127;-9,450085;396,654297;-522,050781;;;;;;;
1653;16,53;0,724887;-0,002174;-0,105421;-0,68075;8,626677;606,713196;20,463984;0,162843;-0,093465;-0,016112;-0,982083;-9,646104;396,599426;-522,051331;;;;;;;
1654;16,54;0,725187;-0,002142;-0,105482;-0,680421;8,596258;606,650024;20,423065;0,16242;-0,093595;-0,016733;-0,98213;-9,638154;396,983887;-522,101624;;;;;;;
1655;16,55;0,724492;-0,001747;-0,106218;-0,681048;8,596953;606,537598;20,579803;0,162844;-0,09308;-0,016144;-0,982119;-9,365646;396,596313;-522,030396;;;;;;;
1656;16,56;0,724582;-0,001498;-0,106468;-0,680914;8,548421;606,301086;20,642681;0,162534;-0,093987;-0,016702;-0,982074;-9,911046;396,90921;-522,088196;;;;;;;
1657;16,57;0,724355;-0,001364;-0,107223;-0,681037;8,489887;605,997681;20,815889;0,16277;-0,093401;-0,016245;-0,982099;-9,586325;396,680023;-522,074463;;;;;;;
1658;16,58;0,724029;-0,001113;-0,10797;-0,681266;8,447907;605,657837;21,039677;0,162631;-0,093146;-0,016217;-0,982147;-9,421035;396,784607;-522,073547;;;;;;;
1659;16,59;0,724002;-0,000313;-0,10943;-0,681063;8,356344;605,305237;21,141294;0,162703;-0,093917;-0,016758;-0,982052;-9,887906;396,792084;-522,037231;;;;;;;
1660;16,6;0,72321;0,000353;-0,110645;-0,681707;8,276369;604,98938;21,3514;0,162683;-0,093703;-0,016483;-0,982081;-9,788898;396,761871;-522,093201;;;;;;;
1661;16,61;0,723283;0,00055;-0,110994;-0,681573;8,181809;604,711426;21,425669;0,162663;-0,092948;-0,01602;-0,982163;-9,350908;396,725647;-522,039063;;;;;;;
1662;16,62;0,722879;0,000607;-0,111206;-0,681967;8,130843;604,514587;21,524408;0,162682;-0,093349;-0,016476;-0,982115;-9,580217;396,738159;-522,084534;;;;;;;
1663;16,63;0,722626;0,001133;-0,111429;-0,682198;8,048974;604,458252;21,552662;0,162645;-0,093529;-0,016457;-0,982104;-9,72369;396,74765;-522,084656;;;;;;;
1664;16,64;0,722887;0,001016;-0,111101;-0,681975;8,013776;604,446106;21,489334;0,162619;-0,093595;-0,016704;-0,982098;-9,721449;396,801758;-522,066223;;;;;;;
1665;16,65;0,722708;0,000923;-0,110996;-0,682182;8,002362;604,466675;21,50577;0,162545;-0,093222;-0,016426;-0,98215;-9,530695;396,813049;-522,128479;;;;;;;
1666;16,66;0,722924;0,001207;-0,111292;-0,681904;7,91498;604,443237;21,462942;0,162628;-0,093775;-0,016949;-0,982075;-9,847617;396,805389;-522,09729;;;;;;;
1667;16,67;0,722726;0,001383;-0,111421;-0,682093;7,892108;604,424255;21,494677;0,162524;-0,093705;-0,016833;-0,982101;-9,835143;396,849548;-522,105469;;;;;;;
1668;16,68;0,72288;0,001302;-0,111281;-0,681953;7,915767;604,46344;21,463121;0,16265;-0,093733;-0,017225;-0,982071;-9,793186;396,80899;-522,106018;;;;;;;
1669;16,69;0,723066;0,000998;-0,111111;-0,681783;7,935735;604,508118;21,424063;0,162623;-0,09345;-0,016719;-0,982111;-9,687369;396,768372;-522,154663;;;;;;;
1670;16,7;0,723015;0,00107;-0,111387;-0,681793;7,932013;604,536499;21,421318;0,162724;-0,093172;-0,016183;-0,982129;-9,584972;396,641724;-522,084839;;;;;;;
1671;16,71;0,723234;0,001239;-0,111496;-0,681542;7,906012;604,55072;21,371086;0,162572;-0,093627;-0,016906;-0,982099;-9,78842;396,830505;-522,111877;;;;;;;
1672;16,72;0,723205;0,001119;-0,111357;-0,681596;7,914123;604,604065;21,356674;0,1626;-0,093692;-0,017137;-0,982084;-9,797457;396,830109;-522,125305;;;;;;;
1673;16,73;0,723577;0,001102;-0,111205;-0,681226;7,912073;604,65979;21,276747;0,162775;-0,093343;-0,016384;-0,982101;-9,681035;396,62265;-522,111328;;;;;;;
1674;16,74;0,7236;0,001156;-0,111355;-0,681177;7,872177;604,702332;21,249622;0,162601;-0,093655;-0,016804;-0,982093;-9,821195;396,803009;-522,128906;;;;;;;
1675;16,75;0,723686;0,001307;-0,111441;-0,681071;7,84;604,721497;21,221535;0,162676;-0,093701;-0,017372;-0,982067;-9,776531;396,797913;-522,136719;;;;;;;
1676;16,76;0,723869;0,001313;-0,111439;-0,680877;7,823793;604,738708;21,174997;0,162656;-0,093575;-0,017115;-0,982086;-9,739163;396,778717;-522,120483;;;;;;;
1677;16,77;0,723795;0,001187;-0,111469;-0,680951;7,835233;604,764221;21,189257;0,162876;-0,093224;-0,016569;-0,982093;-9,582519;396,563232;-522,103516;;;;;;;
1678;16,78;0,72395;0,001063;-0,111415;-0,680795;7,852054;604,765564;21,165272;0,162645;-0,093633;-0,016993;-0,982085;-9,783808;396,784821;-522,121887;;;;;;;
1679;16,79;0,723839;0,001157;-0,111456;-0,680906;7,873562;604,770325;21,191063;0,162711;-0,093742;-0,01728;-0,982058;-9,813069;396,761383;-522,12146;;;;;;;
1680;16,8;0,723865;0,001102;-0,11144;-0,680881;7,904285;604,769714;21,191454;0,162659;-0,093839;-0,017073;-0,982062;-9,904109;396,782227;-522,124817;;;;;;;
1681;16,81;0,723903;0,000991;-0,111421;-0,680845;7,944748;604,794495;21,190844;0,162751;-0,093156;-0,016274;-0,982125;-9,530749;396,648804;-522,113831;;;;;;;
1682;16,82;0,72384;0,00083;-0,111322;-0,680928;7,984934;604,80542;21,206266;0,162591;-0,093576;-0,016727;-0,982104;-9,735207;396,828857;-522,128174;;;;;;;
1683;16,83;0,723869;0,001016;-0,11146;-0,680874;7,982418;604,781799;21,204697;0,16271;-0,093156;-0,016397;-0,98213;-9,502194;396,701233;-522,1203;;;;;;;
1684;16,84;0,723711;0,001108;-0,111389;-0,681054;7,977081;604,751526;21,242086;0,162731;-0,093101;-0,016232;-0,982134;-9,481675;396,667633;-522,100586;;;;;;;
1685;16,85;0,723723;0,001045;-0,111356;-0,681046;7,977155;604,727966;21,248146;0,162667;-0,093029;-0,016211;-0,982152;-9,431946;396,715912;-522,108459;;;;;;;
1686;16,86;0,723646;0,000947;-0,111179;-0,681157;7,978859;604,704285;21,266487;0,162591;-0,093684;-0,016843;-0,982092;-9,78921;396,829102;-522,12146;;;;;;;
1687;16,87;0,723482;0,00112;-0,111259;-0,681318;7,960974;604,65686;21,295586;0,162656;-0,093128;-0,016218;-0,982144;-9,522243;396,699402;-522,108826;;;;;;;
1688;16,88;0,723442;0,001342;-0,111401;-0,681337;7,922682;604,610901;21,308836;0,16261;-0,093626;-0,016767;-0,982095;-9,76275;396,794678;-522,106384;;;;;;;
1689;16,89;0,723266;0,001174;-0,11145;-0,681516;7,928874;604,593201;21,350266;0,162671;-0,093121;-0,01638;-0,98214;-9,490665;396,699493;-522,11676;;;;;;;
1690;16,9;0,723395;0,00102;-0,111319;-0,681401;7,957429;604,609802;21,333372;0,162728;-0,093062;-0,016301;-0,982137;-9,452127;396,661407;-522,089661;;;;;;;
1691;16,91;0,723358;0,000978;-0,111209;-0,681458;7,977514;604,619263;21,346571;0,16252;-0,093783;-0,016871;-0,982093;-9,850245;396,880524;-522,139282;;;;;;;
1692;16,92;0,723338;0,001163;-0,111243;-0,681473;7,994053;604,612671;21,35297;0,162592;-0,093643;-0,016797;-0,982096;-9,74642;396,828247;-522,104797;;;;;;;
1693;16,93;0,723358;0,001053;-0,111281;-0,681446;8,013917;604,603821;21,354221;0,16256;-0,093602;-0,016763;-0,982106;-9,716992;396,837799;-522,103455;;;;;;;
1694;16,94;0,723231;0,000894;-0,111246;-0,681587;8,034063;604,590881;21,386028;0,16254;-0,093791;-0,016817;-0,98209;-9,835226;396,858063;-522,117615;;;;;;;
1695;16,95;0,723278;0,001093;-0,111339;-0,681521;8,034801;604,585144;21,382484;0,162607;-0,093502;-0,016631;-0,98211;-9,649297;396,80307;-522,075134;;;;;;;
1696;16,96;0,723308;0,001044;-0,11122;-0,681509;8,048296;604,606567;21,377541;0,162601;-0,093111;-0,016385;-0,982152;-9,412876;396,780151;-522,122192;;;;;;;
1697;16,97;0,723405;0,000871;-0,111128;-0,681422;8,085534;604,634949;21,360361;0,162629;-0,093729;-0,016772;-0,982082;-9,764812;396,804565;-522,091858;;;;;;;
1698;16,98;0,723435;0,000779;-0,111065;-0,681399;8,104066;604,638428;21,355684;0,162714;-0,093122;-0,016181;-0,982136;-9,413275;396,682434;-522,081848;;;;;;;
1699;16,99;0,723336;0,000944;-0,111085;-0,681502;8,099473;604,600403;21,379749;0,162736;-0,092937;-0,016147;-0,98215;-9,277982;396,662964;-522,071838;;;;;;;
1700;17;0,723228;0,001061;-0,111184;-0,6816;8,102047;604,560425;21,399006;0,162667;-0,093021;-0,016149;-0,982154;-9,340573;396,695343;-522,083252;;;;;;;
1701;17,01;0,723155;0,001041;-0,111295;-0,681659;8,109477;604,552979;21,413668;0,162712;-0,092978;-0,01612;-0,982151;-9,317607;396,65451;-522,06488;;;;;;;
1702;17,02;0,723244;0,001002;-0,111316;-0,681562;8,134314;604,575684;21,401426;0,162615;-0,09347;-0,016532;-0,982113;-9,547976;396,796326;-522,067261;;;;;;;
1703;17,03;0,723317;0,000831;-0,111129;-0,681515;8,167226;604,607666;21,394625;0,162741;-0,093093;-0,016048;-0,982136;-9,368637;396,65213;-522,06366;;;;;;;
1704;17,04;0,723343;0,000828;-0,111102;-0,681491;8,1766;604,620422;21,397259;0,162663;-0,093433;-0,016382;-0,982111;-9,553644;396,750275;-522,035339;;;;;;;
1705;17,05;0,723363;0,000854;-0,111232;-0,681449;8,162157;604,615234;21,401022;0,162678;-0,09298;-0,016233;-0,982154;-9,265037;396,716858;-522,065002;;;;;;;
1706;17,06;0,723326;0,000871;-0,11128;-0,68148;8,165677;604,618042;21,41143;0,162635;-0,093245;-0,016448;-0,982133;-9,396934;396,783539;-522,029419;;;;;;;
1707;17,07;0,723395;0,0008;-0,111238;-0,681414;8,176954;604,631104;21,40098;0,162704;-0,0931;-0,016095;-0,982141;-9,369417;396,688873;-522,055664;;;;;;;
1708;17,08;0,723357;0,000774;-0,111209;-0,681459;8,181178;604,636292;21,404554;0,162765;-0,093052;-0,016144;-0,982134;-9,333069;396,647552;-522,045959;;;;;;;
1709;17,09;0,723369;0,000831;-0,111241;-0,681442;8,182559;604,630249;21,406269;0,162674;-0,092992;-0,016253;-0,982154;-9,266365;396,726776;-522,067078;;;;;;;
1710;17,1;0,723366;0,000823;-0,111313;-0,681433;8,186073;604,626892;21,407585;0,162679;-0,093411;-0,016402;-0,98211;-9,52453;396,745483;-522,020569;;;;;;;
1711;17,11;0,723344;0,000764;-0,111259;-0,681465;8,196543;604,626709;21,409548;0,162564;-0,09346;-0,016647;-0,982121;-9,517551;396,851318;-522,063416;;;;;;;
1712;17,12;0,723398;0,00081;-0,111256;-0,681408;8,189032;604,631042;21,396461;0,162626;-0,093357;-0,016505;-0,982123;-9,467654;396,786133;-522,032471;;;;;;;
1713;17,13;0,723373;0,000902;-0,111428;-0,681406;8,186874;604,634216;21,396391;0,162663;-0,093397;-0,0165;-0,982113;-9,480825;396,763916;-522,036072;;;;;;;
1714;17,14;0,723467;0,000885;-0,111425;-0,681307;8,189784;604,664185;21,375261;0,162771;-0,093026;-0,016172;-0,982136;-9,279669;396,646118;-522,042908;;;;;;;
1715;17,15;0,723553;0,000835;-0,11141;-0,681219;8,212076;604,709229;21,347427;0,162744;-0,093007;-0,01609;-0,982143;-9,284043;396,661591;-522,044312;;;;;;;
1716;17,16;0,723629;0,000775;-0,111417;-0,681136;8,224649;604,745789;21,331192;0,162646;-0,093472;-0,016522;-0,982108;-9,515738;396,794128;-522,039978;;;;;;;
1717;17,17;0,723739;0,000767;-0,111518;-0,681003;8,225334;604,767944;21,309292;0,162713;-0,093422;-0,016414;-0,982104;-9,497361;396,739532;-522,019409;;;;;;;
1718;17,18;0,723766;0,000668;-0,11149;-0,680979;8,238285;604,788452;21,304829;0,162694;-0,093445;-0,01637;-0,982105;-9,527338;396,739838;-522,020996;;;;;;;
1719;17,19;0,723829;0,000779;-0,111546;-0,680903;8,239025;604,801514;21,288979;0,16272;-0,093386;-0,016514;-0,982104;-9,460271;396,740356;-522,027527;;;;;;;
1720;17,2;0,723875;0,000706;-0,111702;-0,680828;8,248635;604,825012;21,275318;0,162779;-0,093048;-0,016088;-0,982133;-9,30437;396,648987;-522,04895;;;;;;;
1721;17,21;0,723945;0,000609;-0,111533;-0,680782;8,244741;604,847168;21,261982;0,162829;-0,093103;-0,016092;-0,98212;-9,340089;396,613434;-522,044861;;;;;;;
1722;17,22;0,723984;0,000581;-0,111668;-0,680718;8,253771;604,862183;21,250484;0,162683;-0,093435;-0,016479;-0,982106;-9,507744;396,769379;-522,036255;;;;;;;
1723;17,23;0,724008;0,000712;-0,111831;-0,680666;8,240488;604,870483;21,252434;0,162691;-0,093433;-0,016457;-0,982105;-9,514073;396,761383;-522,032043;;;;;;;
1724;17,24;0,724053;0,000785;-0,111845;-0,680616;8,223236;604,838867;21,261084;0,162685;-0,093453;-0,016421;-0,982105;-9,536346;396,764954;-522,037109;;;;;;;
1725;17,25;0,72406;0,000834;-0,111874;-0,680603;8,211081;604,816406;21,267832;0,162779;-0,093002;-0,015926;-0,982141;-9,317966;396,629547;-522,028442;;;;;;;
1726;17,26;0,724076;0,000782;-0,111972;-0,68057;8,219483;604,831848;21,27627;0,162772;-0,092965;-0,01615;-0,982141;-9,265039;396,654358;-522,032349;;;;;;;
1727;17,27;0,724122;0,000743;-0,112062;-0,680507;8,244504;604,848755;21,259176;0,162775;-0,093067;-0,016131;-0,982132;-9,336029;396,653107;-522,031677;;;;;;;
1728;17,28;0,724158;0,000731;-0,111938;-0,680488;8,232539;604,861938;21,256159;0,162837;-0,093048;-0,015996;-0,982126;-9,33384;396,598358;-522,012817;;;;;;;
1729;17,29;0,724129;0,000835;-0,112077;-0,680496;8,215518;604,853394;21,247194;0,162664;-0,09346;-0,016471;-0,982107;-9,54088;396,780914;-522,033691;;;;;;;
1730;17,3;0,724124;0,000884;-0,112039;-0,680508;8,202741;604,847412;21,237272;0,162741;-0,093366;-0,016386;-0,982105;-9,502018;396,70752;-522,006165;;;;;;;
1731;17,31;0,724109;0,000884;-0,111982;-0,680533;8,196032;604,842041;21,225849;0,162784;-0,093156;-0,016138;-0,982122;-9,398984;396,643585;-522,057251;;;;;;;
1732;17,32;0,724141;0,000892;-0,11174;-0,680539;8,174631;604,834351;21,220921;0,162824;-0,092957;-0,015921;-0,982137;-9,292624;396,597046;-522,029602;;;;;;;
1733;17,33;0,724069;0,000969;-0,112042;-0,680566;8,166674;604,820435;21,231604;0,162782;-0,093064;-0,016069;-0,982132;-9,358682;396,631226;-522,050781;;;;;;;
1734;17,34;0,724072;0,000995;-0,111995;-0,680571;8,155035;604,8125;21,236454;0,162768;-0,093316;-0,016359;-0,982105;-9,49784;396,664581;-522,07428;;;;;;;
1735;17,35;0,724085;0,000868;-0,111825;-0,680585;8,165776;604,817688;21,241642;0,162766;-0,093088;-0,016169;-0,982131;-9,365339;396,654053;-522,050964;;;;;;;
1736;17,36;0,724076;0,000954;-0,112048;-0,680558;8,164598;604,819763;21,24604;0,16267;-0,093365;-0,01629;-0,982118;-9,52333;396,752594;-522,015869;;;;;;;
1737;17,37;0,724126;0,000869;-0,111916;-0,680526;8,172993;604,828613;21,24785;0,162755;-0,093074;-0,016244;-0,982132;-9,348297;396,668121;-522,05249;;;;;;;
1738;17,38;0,724141;0,000955;-0,112008;-0,680494;8,1739;604,842896;21,24704;0,162766;-0,093034;-0,016059;-0,982138;-9,362243;396,641907;-522,028809;;;;;;;
1739;17,39;0,724227;0,00087;-0,111999;-0,680405;8,187553;604,874207;21,229055;0,16269;-0,093441;-0,016324;-0,982107;-9,571672;396,743744;-522,024536;;;;;;;
1740;17,4;0,72421;0,000824;-0,112055;-0,680414;8,193847;604,887207;21,212475;0,162673;-0,093388;-0,016309;-0,982115;-9,535885;396,759155;-522,0271;;;;;;;
1741;17,41;0,724244;0,000912;-0,112039;-0,68038;8,17691;604,887329;21,199961;0,162833;-0,093048;-0,016084;-0,982125;-9,362449;396,601654;-522,03772;;;;;;;
1742;17,42;0,724237;0,000918;-0,112021;-0,680391;8,163003;604,880615;21,198427;0,162783;-0,093042;-0,01607;-0,982134;-9,36619;396,630188;-522,053406;;;;;;;
1743;17,43;0,724254;0,000915;-0,111942;-0,680386;8,154986;604,875427;21,187298;0,162851;-0,093079;-0,016059;-0,982119;-9,384406;396,584595;-522,04425;;;;;;;
1744;17,44;0,724248;0,000954;-0,112031;-0,680377;8,151286;604,879761;21,190784;0,162782;-0,093042;-0,016137;-0,982133;-9,358043;396,637604;-522,061218;;;;;;;
1745;17,45;0,724279;0,000943;-0,11201;-0,680348;8,141675;604,884521;21,184515;0,162702;-0,093678;-0,016593;-0,982078;-9,732895;396,741852;-522,059692;;;;;;;
1746;17,46;0,724292;0,000948;-0,112093;-0,68032;8,138546;604,888672;21,175734;0,162782;-0,093159;-0,016185;-0,982121;-9,434969;396,645233;-522,076172;;;;;;;
1747;17,47;0,724295;0,000903;-0,112036;-0,680327;8,143394;604,899902;21,179586;0,162789;-0,093176;-0,0162;-0,982118;-9,44346;396,644012;-522,075684;;;;;;;
1748;17,48;0,72434;0,000885;-0,112082;-0,680271;8,146199;604,905457;21,17244;0,16279;-0,093202;-0,0162;-0,982115;-9,48039;396,63092;-522,073792;;;;;;;
1749;17,49;0,724342;0,000889;-0,112157;-0,680257;8,158281;604,91449;21,177858;0,162788;-0,093193;-0,016204;-0,982116;-9,462017;396,634766;-522,067078;;;;;;;
1750;17,5;0,724378;0,000835;-0,112258;-0,680202;8,170546;604,925659;21,173199;0,162816;-0,093158;-0,016148;-0,982116;-9,439648;396,618317;-522,061584;;;;;;;
1751;17,51;0,724442;0,000805;-0,112113;-0,680158;8,179645;604,934509;21,159113;0,1628;-0,093276;-0,016215;-0,982106;-9,505643;396,647644;-522,078674;;;;;;;
1752;17,52;0,724516;0,000858;-0,112233;-0,680058;8,193016;604,944397;21,156382;0,162808;-0,093179;-0,016019;-0,982118;-9,473539;396,613922;-522,06488;;;;;;;
1753;17,53;0,724522;0,000829;-0,112227;-0,680053;8,192529;604,944519;21,157547;0,162772;-0,09326;-0,016229;-0,982112;-9,481642;396,667938;-522,085327;;;;;;;
1754;17,54;0,724527;0,000832;-0,112294;-0,680037;8,202264;604,956665;21,148983;0,162842;-0,093089;-0,016015;-0,98212;-9,386366;396,600311;-522,043823;;;;;;;
1755;17,55;0,72456;0,000862;-0,112375;-0,679988;8,217762;604,969727;21,145475;0,162847;-0,093198;-0,016015;-0,982109;-9,453942;396,598175;-522,048462;;;;;;;
1756;17,56;0,724556;0,000819;-0,11239;-0,67999;8,22111;604,969604;21,143353;0,162819;-0,093145;-0,016165;-0,982117;-9,378286;396,63678;-522,058044;;;;;;;
1757;17,57;0,72456;0,000894;-0,112364;-0,67999;8,223833;604,961731;21,149858;0,162825;-0,093144;-0,016088;-0,982117;-9,389916;396,623352;-522,050354;;;;;;;
