nan;nan;MP;MP;MP;MP;MP;MP;MP;Patella;Patella;Patella;Patella;Patella;Patella;Patella;Tibia;Tibia;Tibia;Tibia;Tibia;Tibia;Tibia;Femur;Femur;Femur;Femur;Femur;Femur;Femur
nan;nan;Rotation;Rotation;Rotation;Rotation;Position;Position;Position;Rotation;Rotation;Rotation;Rotation;Position;Position;Position;Rotation;Rotation;Rotation;Rotation;Position;Position;Position;Rotation;Rotation;Rotation;Rotation;Position;Position;Position
Frame;Time (Seconds);X;Y;Z;W;X;Y;Z;X;Y;Z;W;X;Y;Z;X;Y;Z;W;X;Y;Z;X;Y;Z;W;X;Y;Z
0;0;;;;;;;;0,276309;-0,012443;0,174512;-0,94501;394,288818;657,540771;-416,958618;0,137057;0,029217;-0,283325;-0,94873;263,356354;661,853333;-278,219788;0,170644;-0,045645;-0,039818;-0,983469;327,687897;399,460449;-776,380737
1;0,01;;;;;;;;0,276316;-0,012557;0,17452;-0,945005;394,287476;657,540039;-416,954865;0,1371;0,029259;-0,28327;-0,948739;263,354919;661,853455;-278,218719;0,170667;-0,045643;-0,039758;-0,983468;327,672241;399,433167;-776,368347
2;0,02;;;;;;;;0,276312;-0,012461;0,174484;-0,945014;394,288422;657,540955;-416,955475;0,137023;0,029212;-0,283449;-0,948698;263,353333;661,851135;-278,217041;0,17067;-0,045719;-0,039828;-0,983461;327,636658;399,441071;-776,383057
3;0,03;;;;;;;;;;;;;;;0,137047;0,029264;-0,283312;-0,948734;263,361359;661,851868;-278,216125;0,170663;-0,045684;-0,039832;-0,983463;327,668488;399,451996;-776,381653
4;0,04;;;;;;;;;;;;;;;;;;;;;;;;;;;;
5;0,05;;;;;;;;0,276285;-0,012474;0,174519;-0,945016;394,287506;657,541748;-416,958282;;;;;;;;;;;;;;
6;0,06;;;;;;;;0,276247;-0,012573;0,174508;-0,945027;394,290985;657,543213;-416,957977;0,137065;0,029253;-0,283331;-0,948726;263,358551;661,856934;-278,221649;0,17065;-0,045702;-0,039769;-0,983468;327,634949;399,445587;-776,389709
7;0,07;;;;;;;;0,276307;-0,012502;0,174483;-0,945016;394,290741;657,544739;-416,963654;0,137068;0,029225;-0,283321;-0,94873;263,358795;661,858215;-278,221771;0,170659;-0,045653;-0,039778;-0,983468;327,674713;399,445221;-776,378662
8;0,08;;;;;;;;0,276293;-0,012582;0,174418;-0,94503;394,293915;657,542969;-416,959137;0,137065;0,029238;-0,283355;-0,94872;263,35376;661,857239;-278,221649;0,170647;-0,045763;-0,039871;-0,983461;327,618774;399,463959;-776,400208
9;0,09;;;;;;;;0,276257;-0,012457;0,174574;-0,945014;394,288788;657,542053;-416,958923;0,137047;0,02921;-0,283375;-0,948717;263,361633;661,855408;-278,217896;0,170648;-0,045594;-0,039681;-0,983476;327,687561;399,434235;-776,366882
10;0,1;;;;;;;;0,27626;-0,012508;0,174477;-0,94503;394,291931;657,540833;-416,956451;0,137053;0,029227;-0,283401;-0,948708;263,360016;661,851868;-278,216278;0,170651;-0,045514;-0,039695;-0,983479;327,749054;399,441162;-776,356018
11;0,11;;;;;;;;0,276258;-0,012544;0,174537;-0,945019;394,295837;657,539551;-416,950226;0,137058;0,029272;-0,283329;-0,948727;263,364044;661,849915;-278,210388;0,170667;-0,045698;-0,039833;-0,983462;327,661163;399,445923;-776,376282
12;0,12;;;;;;;;0,276265;-0,012631;0,174475;-0,945027;394,295319;657,539673;-416,95047;0,13702;0,029233;-0,283375;-0,94872;263,363892;661,852356;-278,209167;0,170654;-0,045632;-0,039769;-0,98347;327,690216;399,445007;-776,368103
13;0,13;;;;;;;;0,27627;-0,012521;0,174554;-0,945013;394,296844;657,538513;-416,949799;0,13702;0,029213;-0,283407;-0,948711;263,363678;661,850098;-278,210663;0,170669;-0,045592;-0,039763;-0,98347;327,71875;399,435822;-776,356201
14;0,14;;;;;;;;0,276233;-0,012496;0,174568;-0,945021;394,2948;657,537842;-416,949585;0,137044;0,029272;-0,283347;-0,948724;263,363129;661,848572;-278,209198;0,170666;-0,045686;-0,039792;-0,983465;327,662323;399,437897;-776,371704
15;0,15;;;;;;;;0,276227;-0,012515;0,174519;-0,945032;394,293823;657,536743;-416,949951;0,137078;0,02929;-0,283357;-0,948715;263,362732;661,848755;-278,206207;0,17066;-0,04555;-0,039712;-0,983475;327,734985;399,434357;-776,348633
16;0,16;;;;;;;;0,276232;-0,012479;0,174658;-0,945005;394,292328;657,536804;-416,953979;0,137041;0,029256;-0,283348;-0,948724;263,362885;661,849792;-278,213348;0,17068;-0,045776;-0,039904;-0,983453;327,626068;399,44574;-776,384216
17;0,17;;;;;;;;0,276263;-0,012436;0,174484;-0,945029;394,294922;657,538086;-416,95578;0,137087;0,029262;-0,283369;-0,948711;263,363861;661,851135;-278,211975;0,170677;-0,045644;-0,039817;-0,983464;327,700378;399,441315;-776,365356
18;0,18;;;;;;;;0,276252;-0,012465;0,174344;-0,945057;394,294128;657,539185;-416,951599;0,137059;0,029307;-0,283315;-0,94873;263,358887;661,848999;-278,206757;0,170706;-0,045672;-0,03978;-0,983459;327,662811;399,413269;-776,353516
19;0,19;;;;;;;;0,276248;-0,01244;0,174571;-0,945017;394,2883;657,53833;-416,953339;0,137043;0,029271;-0,283368;-0,948718;263,35965;661,848206;-278,209778;0,17063;-0,045585;-0,039706;-0,983479;327,700317;399,447906;-776,365601
20;0,2;;;;;;;;0,276214;-0,012482;0,174556;-0,945029;394,293549;657,540344;-416,952972;0,137047;0,02927;-0,283362;-0,948719;263,358643;661,847412;-278,205414;0,170661;-0,045607;-0,03979;-0,983469;327,708344;399,443939;-776,362366
21;0,21;;;;;;;;0,276193;-0,012531;0,174527;-0,94504;394,291931;657,539612;-416,950378;0,137004;0,029205;-0,283441;-0,948703;263,357758;661,848022;-278,203156;0,170675;-0,045614;-0,039738;-0,983469;327,692047;399,427612;-776,352722
22;0,22;;;;;;;;0,276232;-0,01247;0,174591;-0,945018;394,28775;657,539734;-416,95163;0,137009;0,029287;-0,283385;-0,948717;263,354645;661,849121;-278,203156;0,170643;-0,045691;-0,039817;-0,983467;327,653046;399,457733;-776,381165
23;0,23;;;;;;;;0,276205;-0,012397;0,174542;-0,945036;394,286255;657,544617;-416,955139;0,137047;0,029274;-0,283404;-0,948706;263,355164;661,852722;-278,20639;0,170643;-0,045753;-0,03985;-0,983463;327,618744;399,464081;-776,394226
24;0,24;;;;;;;;0,276204;-0,0125;0,174513;-0,94504;394,287079;657,542908;-416,951355;0,13705;0,029237;-0,283352;-0,948722;263,358093;661,851624;-278,204468;0,170662;-0,045772;-0,039861;-0,983459;327,611237;399,453735;-776,388367
25;0,25;;;;;;;;0,276176;-0,012558;0,174479;-0,945054;394,285522;657,543335;-416,950012;0,137033;0,029277;-0,283336;-0,948728;263,347656;661,851257;-278,201324;0,170633;-0,045618;-0,0398;-0,983473;327,697144;399,464722;-776,372742
26;0,26;;;;;;;;0,276219;-0,012493;0,17448;-0,945042;394,283569;657,542664;-416,95047;0,137035;0,029266;-0,283334;-0,948729;263,349182;661,851257;-278,206848;0,170641;-0,045563;-0,039747;-0,983476;327,721405;399,453003;-776,357605
27;0,27;;;;;;;;0,276202;-0,012486;0,174587;-0,945027;394,287628;657,541321;-416,954224;0,137015;0,029298;-0,283374;-0,948719;263,348816;661,84729;-278,201324;0,170639;-0,04563;-0,039786;-0,983472;327,686279;399,457031;-776,372437
28;0,28;;;;;;;;0,276214;-0,012503;0,174436;-0,945051;394,290253;657,54126;-416,947815;0,137024;0,0293;-0,283325;-0,948732;263,357788;661,845947;-278,194702;0,170669;-0,045559;-0,039736;-0,983472;327,725586;399,430573;-776,343689
29;0,29;;;;;;;;0,276198;-0,012575;0,174498;-0,945044;394,2901;657,536987;-416,948517;0,137046;0,029268;-0,283377;-0,948715;263,354187;661,843994;-278,196899;0,170664;-0,0456;-0,039754;-0,98347;327,699158;399,431732;-776,353455
30;0,3;;;;;;;;0,276217;-0,012523;0,174502;-0,945038;394,296448;657,534729;-416,940674;0,13701;0,029274;-0,283364;-0,948723;263,362762;661,842957;-278,186737;0,170641;-0,04562;-0,039822;-0,983471;327,71463;399,458588;-776,366211
31;0,31;;;;;;;;0,27619;-0,012565;0,174494;-0,945047;394,301819;657,529358;-416,939209;0,137031;0,029276;-0,283351;-0,948724;263,36499;661,841492;-278,185669;0,170656;-0,045735;-0,039794;-0,983464;327,625458;399,434998;-776,370239
32;0,32;;;;;;;;0,276213;-0,012496;0,174552;-0,94503;394,302307;657,529175;-416,940826;0,137005;0,029266;-0,283374;-0,948721;263,369812;661,84082;-278,187469;0,170629;-0,045648;-0,039755;-0,983474;327,683777;399,450928;-776,36853
33;0,33;;;;;;;;0,276161;-0,012589;0,174515;-0,945051;394,309113;657,527161;-416,937531;0,137003;0,029291;-0,283358;-0,948726;263,376221;661,839966;-278,185852;0,170626;-0,04568;-0,039789;-0,983472;327,672058;399,457367;-776,374023
34;0,34;;;;;;;;0,276176;-0,012552;0,174487;-0,945052;394,314453;657,527893;-416,940155;0,136961;0,029259;-0,283404;-0,948719;263,377319;661,841492;-278,184967;0,17062;-0,045656;-0,039788;-0,983474;327,688568;399,462555;-776,370056
35;0,35;;;;;;;;0,276229;-0,012575;0,174454;-0,945043;394,314087;657,530518;-416,941925;0,136975;0,029235;-0,283375;-0,948726;263,374146;661,841187;-278,18988;0,170636;-0,045693;-0,039818;-0,983468;327,672058;399,455078;-776,376526
36;0,36;;;;;;;;0,276226;-0,01251;0,174431;-0,945049;394,312225;657,533264;-416,945435;0,136996;0,029281;-0,283399;-0,948715;263,378082;661,844482;-278,191772;0,170651;-0,045637;-0,039735;-0,983472;327,692871;399,435425;-776,359924
37;0,37;;;;;;;;0,276218;-0,012547;0,174468;-0,945043;394,308624;657,532715;-416,946716;0,136992;0,029243;-0,283392;-0,948718;263,376343;661,847656;-278,19104;0,170645;-0,045667;-0,039817;-0,983468;327,688019;399,456635;-776,370056
38;0,38;;;;;;;;0,276239;-0,012518;0,174503;-0,945031;394,312134;657,535828;-416,946472;0,136983;0,029262;-0,283359;-0,948729;263,371094;661,849976;-278,196228;0,170675;-0,045608;-0,039746;-0,983469;327,711853;399,429352;-776,350708
39;0,39;;;;;;;;0,276223;-0,01247;0,174599;-0,945019;394,302856;657,536194;-416,948151;0,136979;0,029254;-0,283438;-0,948706;263,368011;661,852783;-278,196075;0,170668;-0,045693;-0,039788;-0,983464;327,654877;399,437073;-776,36853
40;0,4;;;;;;;;0,276216;-0,012613;0,174519;-0,945034;394,296936;657,539795;-416,941772;0,13699;0,029244;-0,283392;-0,948719;263,362762;661,852173;-278,197083;0,170661;-0,045643;-0,039755;-0,983469;327,679596;399,438843;-776,362854
41;0,41;;;;;;;;0,276223;-0,012469;0,174519;-0,945034;394,292023;657,544312;-416,942291;0,137004;0,029254;-0,283403;-0,948713;263,357574;661,851685;-278,196716;0,170662;-0,045679;-0,039803;-0,983465;327,659637;399,447021;-776,371704
42;0,42;;;;;;;;0,276236;-0,012522;0,174479;-0,945036;394,284698;657,547791;-416,94223;0,136984;0,029213;-0,283524;-0,948681;263,347626;661,853149;-278,198242;0,170688;-0,045798;-0,039876;-0,983452;327,591461;399,441223;-776,381348
43;0,43;;;;;;;;0,276196;-0,012527;0,174554;-0,945034;394,277832;657,548767;-416,943085;0,136972;0,029271;-0,283387;-0,948722;263,341461;661,854675;-278,191986;0,170632;-0,045655;-0,039784;-0,983472;327,662262;399,466827;-776,374023
44;0,44;;;;;;;;0,276205;-0,012564;0,174508;-0,94504;394,276825;657,551147;-416,947449;0,13698;0,029291;-0,283411;-0,948713;263,342987;661,857178;-278,195953;0,170698;-0,04575;-0,039842;-0,983454;327,60968;399,433533;-776,368286
45;0,45;;;;;;;;0,276183;-0,012535;0,174487;-0,94505;394,278717;657,55127;-416,947968;0,136994;0,029276;-0,283435;-0,948705;263,339203;661,855835;-278,197937;0,170669;-0,045641;-0,039803;-0,983466;327,67392;399,445892;-776,363708
46;0,46;;;;;;;;0,276178;-0,012586;0,174473;-0,945053;394,277924;657,549866;-416,95047;0,136957;0,029236;-0,283404;-0,94872;263,34259;661,857483;-278,196503;0,170688;-0,04564;-0,039738;-0,983465;327,660217;399,421204;-776,357727
47;0,47;;;;;;;;0,276127;-0,012601;0,174551;-0,945054;394,284271;657,544983;-416,953735;0,136972;0,029314;-0,283404;-0,948716;263,344727;661,855225;-278,195221;0,170649;-0,04565;-0,039811;-0,983468;327,676636;399,46048;-776,372131
48;0,48;;;;;;;;0,276142;-0,012588;0,174471;-0,945064;394,285431;657,542236;-416,94931;0,136963;0,02928;-0,283454;-0,948703;263,347473;661,849243;-278,196259;0,170645;-0,045581;-0,039704;-0,983477;327,698883;399,444336;-776,357239
49;0,49;;;;;;;;0,276174;-0,012554;0,174478;-0,945054;394,297821;657,540466;-416,947205;0,136982;0,029309;-0,283342;-0,948733;263,353821;661,846252;-278,191803;0,170653;-0,045703;-0,039791;-0,983466;327,64212;399,44574;-776,374817
50;0,5;;;;;;;;0,276138;-0,012508;0,174516;-0,945058;394,2948;657,538147;-416,945343;0,13692;0,029281;-0,283428;-0,948717;263,354614;661,841125;-278,191833;0,170651;-0,045747;-0,039813;-0,983463;327,621338;399,450195;-776,382263
51;0,51;;;;;;;;0,276145;-0,012526;0,174501;-0,945059;394,301544;657,535828;-416,94104;0,136951;0,029305;-0,283364;-0,948731;263,361572;661,838196;-278,187866;0,17065;-0,045585;-0,039742;-0,983474;327,717621;399,441803;-776,353027
52;0,52;;;;;;;;0,276197;-0,012585;0,174457;-0,945051;394,31012;657,534363;-416,93811;0,13693;0,029281;-0,283464;-0,948705;263,364441;661,838074;-278,188721;0,170629;-0,045568;-0,039697;-0,98348;327,72348;399,449036;-776,35321
53;0,53;;;;;;;;0,276148;-0,012539;0,174499;-0,945058;394,310638;657,533997;-416,936279;0,136977;0,029271;-0,283398;-0,948718;263,364197;661,838806;-278,185364;0,170643;-0,045616;-0,039768;-0,983473;327,709778;399,451416;-776,361633
54;0,54;;;;;;;;0,276187;-0,0125;0,174563;-0,945036;394,313477;657,533264;-416,940857;0,136992;0,029261;-0,283383;-0,948721;263,364746;661,839172;-278,189056;0,170649;-0,045583;-0,039724;-0,983475;327,724457;399,444031;-776,349121
55;0,55;;;;;;;;0,276182;-0,012426;0,174548;-0,945041;394,307709;657,537354;-416,944519;0,137019;0,02926;-0,283427;-0,948704;263,364197;661,840698;-278,200836;0,170662;-0,045595;-0,039683;-0,983474;327,702759;399,427582;-776,349854
56;0,56;;;;;;;;0,276145;-0,01263;0,174518;-0,945055;394,303833;657,534607;-416,945587;0,137048;0,029204;-0,283436;-0,948699;263,360931;661,840759;-278,205597;0,170656;-0,045564;-0,039691;-0,983476;327,720612;399,429077;-776,349976
57;0,57;;;;;;;;0,27619;-0,012458;0,174556;-0,945037;394,295746;657,537476;-416,948975;0,137077;0,029245;-0,283416;-0,948699;263,356628;661,838623;-278,204315;0,170649;-0,0457;-0,039795;-0,983467;327,643463;399,444916;-776,377502
58;0,58;;;;;;;;0,276153;-0,012521;0,174617;-0,945035;394,289398;657,535156;-416,949677;0,13706;0,029192;-0,283466;-0,948688;263,347168;661,838989;-278,206543;0,170677;-0,04547;-0,039657;-0,983478;327,765533;399,413422;-776,327393
59;0,59;;;;;;;;0,276165;-0,012593;0,174519;-0,945049;394,286774;657,5401;-416,953552;0,137067;0,029164;-0,283456;-0,948691;263,34787;661,840332;-278,208405;0,170663;-0,045614;-0,03973;-0,983471;327,683472;399,427704;-776,361511
60;0,6;;;;;;;;0,276164;-0,012579;0,174492;-0,945054;394,282135;657,538513;-416,954071;0,13706;0,029205;-0,283459;-0,94869;263,340393;661,842163;-278,211823;0,170656;-0,045565;-0,039684;-0,983476;327,699677;399,428009;-776,353638
61;0,61;;;;;;;;0,276152;-0,012542;0,174558;-0,945046;394,275848;657,536072;-416,94751;0,137069;0,029213;-0,283388;-0,94871;263,338257;661,842102;-278,203644;0,170665;-0,04563;-0,039756;-0,983469;327,667755;399,428894;-776,36438
62;0,62;;;;;;;;0,276135;-0,012577;0,174614;-0,94504;394,279114;657,533997;-416,952728;0,137071;0,029175;-0,283458;-0,94869;263,340393;661,840698;-278,210236;0,170665;-0,045583;-0,039677;-0,983474;327,68335;399,416504;-776,355591
63;0,63;;;;;;;;0,276179;-0,012581;0,174503;-0,945048;394,282776;657,535156;-416,950592;0,137092;0,029126;-0,283479;-0,948682;263,342712;661,839966;-278,208496;0,170666;-0,045567;-0,039683;-0,983475;327,701324;399,415924;-776,349792
64;0,64;;;;;;;;0,27614;-0,012584;0,174581;-0,945045;394,28891;657,537048;-416,941467;0,137111;0,029116;-0,283411;-0,9487;263,344818;661,840149;-278,204193;0,170711;-0,045612;-0,039746;-0,983462;327,684937;399,398285;-776,34198
65;0,65;;;;;;;;0,27617;-0,012484;0,174589;-0,945036;394,285065;657,533936;-416,945587;0,137077;0,02917;-0,283512;-0,948673;263,348999;661,836914;-278,21051;0,170699;-0,045574;-0,039691;-0,983468;327,701202;399,399109;-776,341614
66;0,66;;;;;;;;0,276129;-0,012554;0,174569;-0,945051;394,294464;657,531921;-416,95108;0,137039;0,02917;-0,283481;-0,948687;263,3508;661,838135;-278,209656;0,170709;-0,045628;-0,039768;-0,983461;327,691071;399,404388;-776,352722
67;0,67;;;;;;;;0,276175;-0,012445;0,174641;-0,945025;394,296753;657,534546;-416,946594;0,137056;0,029192;-0,283442;-0,948696;263,356995;661,839417;-278,206299;0,170705;-0,045642;-0,039723;-0,983463;327,67337;399,398132;-776,35022
68;0,68;;;;;;;;0,276154;-0,012634;0,174486;-0,945058;394,303375;657,534119;-416,952759;0,13703;0,029227;-0,28343;-0,948702;263,361359;661,841003;-278,209534;0,170707;-0,045604;-0,039748;-0,983463;327,705536;399,407318;-776,350464
69;0,69;;;;;;;;0,276143;-0,012525;0,174529;-0,945054;394,307037;657,536743;-416,96167;0,137074;0,029217;-0,283429;-0,948697;263,368317;661,840027;-278,21405;0,170693;-0,045628;-0,039705;-0,983466;327,683319;399,409851;-776,359741
70;0,7;;;;;;;;0,27614;-0,012515;0,174558;-0,94505;394,308807;657,536377;-416,959229;0,137029;0,029216;-0,283461;-0,948694;263,365631;661,838501;-278,211365;0,17072;-0,045703;-0,039735;-0,983457;327,641571;399,389679;-776,363037
71;0,71;;;;;;;;0,276126;-0,012499;0,174491;-0,945067;394,303711;657,538879;-416,964355;0,137052;0,029253;-0,283455;-0,948691;263,362305;661,838318;-278,220825;0,170704;-0,045565;-0,039681;-0,983468;327,71936;399,402557;-776,348938
72;0,72;;;;;;;;0,276124;-0,012599;0,174584;-0,945049;394,298035;657,539246;-416,969879;0,137067;0,029228;-0,283366;-0,948716;263,36203;661,840576;-278,224548;0,170698;-0,045603;-0,039706;-0,983466;327,696655;399,408661;-776,366028
73;0,73;;;;;;;;0,276082;-0,012498;0,174575;-0,945064;394,298462;657,545532;-416,967224;0,137048;0,029252;-0,283438;-0,948696;263,359283;661,842041;-278,227448;0,170665;-0,045486;-0,039601;-0,983482;327,743347;399,419128;-776,36084
74;0,74;;;;;;;;0,276097;-0,012424;0,174522;-0,94507;394,290558;657,552307;-416,968414;0,137039;0,02925;-0,283422;-0,948703;263,34613;661,845886;-278,233826;0,170693;-0,045705;-0,039779;-0,983459;327,632263;399,429016;-776,397339
75;0,75;;;;;;;;0,276032;-0,01252;0,174552;-0,945083;394,278839;657,565125;-416,981018;0,137039;0,029253;-0,283388;-0,948713;263,338531;661,855347;-278,244904;0,170666;-0,045556;-0,039639;-0,983477;327,684845;399,437134;-776,388855
76;0,76;;;;;;;;0,276111;-0,012522;0,174531;-0,945063;394,271271;657,572021;-416,978943;0,136982;0,029237;-0,283445;-0,948704;263,325531;661,86615;-278,252289;0,170709;-0,045517;-0,039638;-0,983471;327,704285;399,417297;-776,372437
77;0,77;;;;;;;;0,276092;-0,012602;0,174407;-0,945091;394,257965;657,57843;-416,986237;0,137041;0,029292;-0,283358;-0,94872;263,311951;661,872864;-278,258911;0,170689;-0,045565;-0,039704;-0,98347;327,668915;399,441986;-776,399292
78;0,78;;;;;;;;0,276189;-0,012561;0,174454;-0,945054;394,244568;657,584656;-417,00061;0,13703;0,029282;-0,283411;-0,948706;263,293976;661,877014;-278,268494;0,170892;-0,045524;-0,039599;-0,983441;327,67041;399,278931;-776,338196
79;0,79;;;;;;;;0,276229;-0,012664;0,174434;-0,945045;394,231384;657,591919;-416,999664;0,137012;0,029272;-0,283416;-0,948708;263,28183;661,880859;-278,270172;0,170648;-0,045497;-0,039697;-0,98348;327,689056;399,471588;-776,417114
80;0,8;;;;;;;;0,276293;-0,012658;0,17437;-0,945038;394,220581;657,593445;-416,992737;0,137016;0,029309;-0,283456;-0,948694;263,26535;661,877441;-278,264191;0,170702;-0,045567;-0,039765;-0,983465;327,646301;399,441498;-776,406494
81;0,81;;;;;;;;0,276276;-0,012701;0,174388;-0,945039;394,20697;657,588379;-416,999725;0,136973;0,029292;-0,283443;-0,948705;263,258453;661,870728;-278,271423;0,170955;-0,045566;-0,039628;-0,983427;327,615997;399,235413;-776,327454
82;0,82;;;;;;;;0,276273;-0,012591;0,174484;-0,945024;394,208984;657,586548;-417,004089;0,136986;0,029297;-0,28342;-0,94871;263,254608;661,862671;-278,267212;0,17097;-0,045518;-0,039528;-0,98343;327,623993;399,199493;-776,311646
83;0,83;;;;;;;;0,276294;-0,012701;0,174369;-0,945037;394,209137;657,582458;-416,998444;0,136969;0,029298;-0,283479;-0,948694;263,257446;661,856018;-278,262543;0,17071;-0,045605;-0,039814;-0,98346;327,626953;399,428192;-776,412476
84;0,84;;;;;;;;0,276289;-0,01256;0,174498;-0,945017;394,21402;657,572449;-417,002136;0,136994;0,029313;-0,283433;-0,948704;263,262848;661,851379;-278,260986;0,170702;-0,045523;-0,039702;-0,98347;327,656738;399,409668;-776,396423
85;0,85;;;;;;;;0,276272;-0,01251;0,174482;-0,945026;394,225739;657,563049;-417,008453;0,136985;0,029299;-0,28346;-0,948698;263,280365;661,846802;-278,260193;0,170879;-0,045558;-0,039587;-0,983442;327,630402;399,248932;-776,346924
86;0,86;;;;;;;;0,276237;-0,01255;0,174571;-0,945019;394,24585;657,556396;-417,008209;0,136973;0,029265;-0,283394;-0,94872;263,304932;661,841125;-278,258453;0,170658;-0,045563;-0,03972;-0,983475;327,666382;399,426422;-776,418091
87;0,87;;;;;;;;0,276218;-0,012478;0,174534;-0,945032;394,264984;657,552551;-417,006866;0,136992;0,029295;-0,283449;-0,9487;263,31308;661,841431;-278,25885;0,170646;-0,045531;-0,039699;-0,983479;327,69339;399,43045;-776,420532
88;0,88;;;;;;;;0,276216;-0,012466;0,174497;-0,94504;394,279053;657,547546;-417,009705;0,136969;0,029278;-0,283446;-0,948705;263,331573;661,838989;-278,257629;0,170613;-0,045538;-0,039639;-0,983487;327,685852;399,442566;-776,440552
89;0,89;;;;;;;;0,276223;-0,012548;0,174592;-0,945019;394,298279;657,543518;-417,002167;0,136986;0,02928;-0,283387;-0,94872;263,344879;661,839294;-278,253174;0,17065;-0,045485;-0,039658;-0,983482;327,742584;399,42392;-776,41687
90;0,9;;;;;;;;0,276229;-0,012586;0,174405;-0,945051;394,308197;657,538269;-416,992584;0,13697;0,029256;-0,283459;-0,948702;263,351044;661,834778;-278,247131;0,170645;-0,045674;-0,039689;-0,983473;327,625397;399,421112;-776,443787
91;0,91;;;;;;;;0,276183;-0,012686;0,174424;-0,94506;394,305328;657,540405;-416,988983;0,136957;0,029257;-0,283435;-0,94871;263,346283;661,833679;-278,246368;0,170656;-0,045627;-0,039695;-0,983473;327,660614;399,419647;-776,43457
92;0,92;;;;;;;;0,276229;-0,012721;0,174417;-0,945047;394,299164;657,544495;-416,986633;0,136937;0,029267;-0,283452;-0,948708;263,339935;661,830139;-278,24231;0,170641;-0,04565;-0,039688;-0,983475;327,636078;399,430725;-776,438843
93;0,93;;;;;;;;0,276255;-0,012561;0,174396;-0,945046;394,290588;657,551392;-416,981232;0,136925;0,029291;-0,283455;-0,948708;263,326538;661,830566;-278,234222;0,170649;-0,045492;-0,039615;-0,983484;327,718842;399,421692;-776,408508
94;0,94;;;;;;;;0,27624;-0,012501;0,174635;-0,945007;394,268921;657,557373;-416,984314;0,136917;0,02931;-0,283437;-0,948714;263,307373;661,829346;-278,234558;0,170621;-0,045489;-0,039588;-0,98349;327,694916;399,438568;-776,419189
95;0,95;;;;;;;;0,276254;-0,012464;0,174548;-0,945019;394,250092;657,565308;-416,990662;0,136927;0,029307;-0,283392;-0,948726;263,290558;661,835144;-278,242889;0,170605;-0,045481;-0,039648;-0,98349;327,702728;399,463867;-776,432007
96;0,96;;;;;;;;0,276207;-0,012484;0,174578;-0,945027;394,237671;657,577454;-416,997375;0,136929;0,029289;-0,283409;-0,948721;263,281647;661,844727;-278,243988;0,170856;-0,045436;-0,039458;-0,983457;327,687317;399,26062;-776,338562
97;0,97;;;;;;;;0,27626;-0,012365;0,174631;-0,945003;394,221283;657,587036;-416,999634;0,136969;0,029295;-0,283368;-0,948727;263,263916;661,852356;-278,252686;0,17063;-0,045507;-0,039641;-0,983485;327,657349;399,45578;-776,432922
98;0,98;;;;;;;;0,276231;-0,012323;0,174774;-0,944986;394,207336;657,593567;-417,007996;0,136986;0,029357;-0,283352;-0,948728;263,254608;661,858643;-278,257996;0,170849;-0,045502;-0,039521;-0,983452;327,630066;399,278625;-776,363647
99;0,99;;;;;;;;0,27623;-0,012301;0,174632;-0,945013;394,210876;657,598145;-417,004211;0,136953;0,029312;-0,283418;-0,948714;263,25415;661,860535;-278,260651;0,170659;-0,045532;-0,039662;-0,983478;327,635559;399,442535;-776,43457
100;1;;;;;;;;0,276231;-0,012332;0,174625;-0,945013;394,211395;657,602722;-416,996063;0,136967;0,029332;-0,283376;-0,948724;263,250366;661,862305;-278,256622;0,170634;-0,045528;-0,039686;-0,983482;327,646606;399,467682;-776,443909
101;1,01;;;;;;;;0,276202;-0,012364;0,174671;-0,945013;394,212982;657,598999;-416,99408;0,136985;0,02934;-0,283364;-0,948725;263,253387;661,860291;-278,257507;0,170641;-0,045478;-0,039637;-0,983485;327,669708;399,454956;-776,430298
102;1,02;;;;;;;;0,276185;-0,012229;0,174714;-0,945012;394,227448;657,597717;-416,989685;0,136952;0,029342;-0,283351;-0,948734;263,264771;661,856079;-278,252594;0,170664;-0,045457;-0,039647;-0,983481;327,703064;399,442413;-776,414063
103;1,03;;;;;;;;0,276165;-0,012264;0,174753;-0,94501;394,240082;657,589722;-416,982452;0,136984;0,029387;-0,283272;-0,948751;263,277802;661,849792;-278,244812;0,170654;-0,045435;-0,039592;-0,983486;327,718384;399,43631;-776,406616
104;1,04;;;;;;;;0,276165;-0,012305;0,174675;-0,945024;394,255005;657,587646;-416,97821;0,137008;0,029423;-0,283221;-0,948762;263,293121;661,848145;-278,24054;0,170627;-0,045528;-0,039602;-0,983486;327,665131;399,453949;-776,424866
105;1,05;;;;;;;;0,27617;-0,012367;0,174713;-0,945015;394,263031;657,581787;-416,973663;0,136947;0,029394;-0,283243;-0,948765;263,300201;661,838867;-278,232513;0,170605;-0,04557;-0,03958;-0,983489;327,640045;399,458496;-776,430115
106;1,06;;;;;;;;0,27618;-0,012484;0,174696;-0,945013;394,275482;657,579041;-416,970184;0,136953;0,029387;-0,283276;-0,948754;263,312195;661,832153;-278,223907;0,170602;-0,04554;-0,039556;-0,983492;327,666595;399,457153;-776,420105
107;1,07;;;;;;;;0,276144;-0,012377;0,174702;-0,945024;394,278107;657,574585;-416,974457;0,136974;0,029418;-0,283229;-0,948765;263,315887;661,826111;-278,223022;0,170593;-0,045514;-0,03955;-0,983495;327,688873;399,460968;-776,419189
108;1,08;;;;;;;;0,276117;-0,012574;0,17464;-0,945041;394,280151;657,571594;-416,972565;0,136911;0,029388;-0,283308;-0,948751;263,317352;661,826294;-278,218964;0,170564;-0,04575;-0,039675;-0,983484;327,558228;399,492462;-776,470825
109;1,09;;;;;;;;0,27609;-0,012504;0,174633;-0,945051;394,271332;657,57196;-416,98468;0,136925;0,029395;-0,283309;-0,948748;263,316956;661,827393;-278,222687;0,170543;-0,045574;-0,039581;-0,9835;327,651062;399,497986;-776,452148
110;1,1;;;;;;;;0,276113;-0,012586;0,174663;-0,945038;394,266113;657,572266;-416,989746;0,136949;0,029388;-0,283245;-0,948764;263,310852;661,831848;-278,228333;0,170542;-0,045624;-0,039561;-0,983498;327,601715;399,496979;-776,46759
111;1,11;;;;;;;;0,276097;-0,012474;0,174722;-0,945033;394,254486;657,572754;-416,996429;0,136961;0,029348;-0,283272;-0,948756;263,301178;661,833374;-278,235718;0,170522;-0,045693;-0,039645;-0,983495;327,563538;399,518982;-776,496094
112;1,12;;;;;;;;0,276078;-0,012603;0,174677;-0,945045;394,240875;657,574707;-416,992493;0,136984;0,029426;-0,283237;-0,948761;263,287079;661,835754;-278,236206;0,170523;-0,045644;-0,03966;-0,983497;327,589508;399,524048;-776,491943
113;1,13;;;;;;;;0,276096;-0,012492;0,174703;-0,945036;394,235565;657,577515;-416,991547;0,136945;0,029369;-0,283342;-0,948737;263,278748;661,83667;-278,234955;0,170515;-0,045669;-0,039656;-0,983497;327,560913;399,524384;-776,499756
114;1,14;;;;;;;;0,276049;-0,012662;0,174579;-0,945071;394,227234;657,572937;-416,987244;0,136928;0,029392;-0,283315;-0,948746;263,264709;661,830872;-278,232147;0,17052;-0,045651;-0,039632;-0,983498;327,557312;399,513519;-776,492371
115;1,15;;;;;;;;0,276087;-0,012522;0,1747;-0,945039;394,213684;657,569885;-416,980896;0,136917;0,02939;-0,283368;-0,948732;263,255005;661,825806;-278,22644;0,170522;-0,045652;-0,039657;-0,983497;327,555145;399,512115;-776,490784
116;1,16;;;;;;;;0,276049;-0,012546;0,174653;-0,945059;394,215759;657,566833;-416,975555;0,136898;0,029351;-0,283436;-0,948716;263,252258;661,820129;-278,219452;0,170525;-0,045607;-0,03963;-0,983499;327,581879;399,506989;-776,475464
117;1,17;;;;;;;;0,276106;-0,012681;0,174537;-0,945062;394,213074;657,565735;-416,976624;0,136934;0,029435;-0,283365;-0,948729;263,258179;661,819031;-278,222565;0,170539;-0,04565;-0,039645;-0,983494;327,555756;399,497803;-776,473572
118;1,18;;;;;;;;0,27612;-0,012608;0,174623;-0,945043;394,226501;657,566162;-416,976349;0,136923;0,029376;-0,283332;-0,948743;263,265839;661,821716;-278,220245;0,170565;-0,045579;-0,039648;-0,983493;327,61319;399,487152;-776,448608
119;1,19;;;;;;;;0,276143;-0,012618;0,174534;-0,945052;394,234741;657,564575;-416,974579;0,136953;0,029373;-0,283331;-0,948739;263,277405;661,820801;-278,223022;0,170546;-0,045618;-0,039612;-0,983496;327,586975;399,489166;-776,459839
120;1,2;;;;;;;;0,276202;-0,012653;0,174565;-0,945029;394,249268;657,560486;-416,980591;0,136929;0,029324;-0,283388;-0,948726;263,292084;661,824951;-278,226563;0,170541;-0,0456;-0,03961;-0,983498;327,61441;399,494843;-776,459473
121;1,21;;;;;;;;0,276232;-0,012599;0,174559;-0,945022;394,258118;657,56134;-416,982849;0,136904;0,029328;-0,283349;-0,948742;263,301727;661,824707;-278,226288;0,170553;-0,045631;-0,039667;-0,983492;327,61792;399,495361;-776,462708
122;1,22;;;;;;;;0,276269;-0,012614;0,174535;-0,945015;394,268433;657,561768;-416,979584;0,136916;0,029334;-0,283348;-0,94874;263,312164;661,825073;-278,222809;0,170543;-0,045645;-0,039615;-0,983495;327,596497;399,495911;-776,46405
123;1,23;;;;;;;;0,276206;-0,01258;0,174641;-0,945015;394,278442;657,560852;-416,978577;0,13691;0,029326;-0,283364;-0,948736;263,324677;661,823914;-278,21933;0,170536;-0,045675;-0,039634;-0,983494;327,589355;399,506866;-776,475708
124;1,24;;;;;;;;0,27622;-0,012624;0,174631;-0,945012;394,282104;657,558777;-416,978851;0,136869;0,029331;-0,283456;-0,948715;263,32843;661,816589;-278,217072;0,170517;-0,045654;-0,039571;-0,983501;327,592377;399,504944;-776,474426
125;1,25;;;;;;;;0,276183;-0,012665;0,174547;-0,945038;394,276886;657,560242;-416,973175;0,136863;0,029286;-0,283424;-0,948726;263,324799;661,815247;-278,212769;0,170523;-0,045767;-0,039733;-0,983488;327,554382;399,526398;-776,491943
126;1,26;;;;;;;;0,276187;-0,01268;0,174518;-0,945042;394,273529;657,564392;-416,968689;0,136837;0,029304;-0,283438;-0,948725;263,318176;661,816223;-278,214752;0,170493;-0,045673;-0,039648;-0,983501;327,589233;399,538849;-776,486328
127;1,27;;;;;;;;0,27618;-0,012611;0,174645;-0,945021;394,27005;657,564453;-416,970856;0,136835;0,02931;-0,283488;-0,948711;263,312286;661,815918;-278,214722;0,170504;-0,045623;-0,039582;-0,983504;327,604431;399,523132;-776,468628
128;1,28;;;;;;;;0,276177;-0,012639;0,174574;-0,945035;394,260468;657,567444;-416,969696;0,136819;0,029269;-0,283495;-0,948712;263,303619;661,818176;-278,21109;0,17048;-0,045741;-0,039657;-0,9835;327,527161;399,54834;-776,500061
129;1,29;;;;;;;;0,276139;-0,012613;0,174562;-0,945048;394,243011;657,566772;-416,969055;0,136821;0,029278;-0,283451;-0,948725;263,291199;661,818481;-278,217285;0,170474;-0,04569;-0,039602;-0,983505;327,537628;399,546478;-776,494629
130;1,3;;;;;;;;0,276157;-0,012539;0,174594;-0,945038;394,232758;657,567383;-416,971039;0,136788;0,029268;-0,283561;-0,948697;263,286469;661,815369;-278,218475;0,170512;-0,045663;-0,039638;-0,983499;327,559296;399,530548;-776,484253
131;1,31;;;;;;;;0,27608;-0,012623;0,174562;-0,945065;394,229279;657,569031;-416,96817;0,136769;0,029269;-0,283494;-0,94872;263,275696;661,814453;-278,215363;0,170454;-0,045639;-0,039628;-0,98351;327,56723;399,570129;-776,507385
132;1,32;;;;;;;;0,276098;-0,012464;0,174624;-0,945051;394,223022;657,571411;-416,965668;0,136776;0,029288;-0,283512;-0,948713;263,270294;661,813477;-278,214264;0,170461;-0,045591;-0,03958;-0,983513;327,583252;399,559174;-776,496765
133;1,33;;;;;;;;0,276084;-0,012614;0,174496;-0,945077;394,223328;657,570313;-416,966156;0,136785;0,029334;-0,283464;-0,948724;263,270569;661,810303;-278,216522;0,17048;-0,045555;-0,039587;-0,983511;327,611176;399,549194;-776,487976
134;1,34;;;;;;;;0,276082;-0,012532;0,174466;-0,945084;394,230011;657,566528;-416,964691;0,136799;0,029335;-0,283449;-0,948727;263,271759;661,809265;-278,217041;0,170452;-0,045603;-0,039631;-0,983512;327,593201;399,57254;-776,505859
135;1,35;;;;;;;;0,276117;-0,012645;0,17448;-0,945069;394,237213;657,566284;-416,965637;0,136802;0,029389;-0,283414;-0,948735;263,276428;661,812622;-278,218567;0,17044;-0,045593;-0,039618;-0,983515;327,603485;399,582001;-776,50592
136;1,36;;;;;;;;0,276078;-0,012477;0,174578;-0,945065;394,243561;657,564941;-416,967163;0,136888;0,029436;-0,283272;-0,948763;263,284698;661,814697;-278,22229;0,170451;-0,045569;-0,039535;-0,983518;327,606628;399,561127;-776,492432
137;1,37;;;;;;;;0,276111;-0,012576;0,174497;-0,945069;394,252625;657,564758;-416,968231;0,136887;0,02948;-0,283221;-0,948778;263,292603;661,815674;-278,220184;0,170451;-0,045572;-0,039571;-0,983516;327,621979;399,571503;-776,491272
138;1,38;;;;;;;;0,276108;-0,012547;0,174512;-0,945068;394,262146;657,562988;-416,966553;0,136911;0,029505;-0,283211;-0,948776;263,296356;661,817139;-278,218903;0,170412;-0,045553;-0,039553;-0,983524;327,636475;399,596313;-776,496765
139;1,39;;;;;;;;0,276046;-0,01254;0,174593;-0,945071;394,266632;657,560791;-416,96698;0,13689;0,029502;-0,283191;-0,948785;263,299408;661,812256;-278,218079;0,170428;-0,045617;-0,039568;-0,983518;327,596954;399,587891;-776,503235
140;1,4;;;;;;;;0,276078;-0,012592;0,174514;-0,945075;394,274139;657,561523;-416,969238;0,136934;0,029534;-0,283175;-0,948783;263,30368;661,81189;-278,220306;0,170424;-0,045652;-0,039625;-0,983515;327,597595;399,598846;-776,514771
141;1,41;;;;;;;;0,276039;-0,012631;0,174588;-0,945073;394,278137;657,559509;-416,97229;0,136909;0,029496;-0,28318;-0,948786;263,306671;661,811768;-278,220825;0,170418;-0,045609;-0,039582;-0,98352;327,616272;399,596741;-776,506592
142;1,42;;;;;;;;0,276069;-0,012591;0,174521;-0,945077;394,277527;657,557556;-416,975555;0,136937;0,029546;-0,283147;-0,94879;263,300934;661,811646;-278,225067;0,170469;-0,045557;-0,039567;-0,983514;327,648193;399,559814;-776,478394
143;1,43;;;;;;;;0,27607;-0,012568;0,174512;-0,945078;394,275818;657,552917;-416,982117;0,136937;0,029553;-0,283149;-0,94879;263,302826;661,812073;-278,230713;0,170471;-0,04559;-0,03959;-0,983511;327,630432;399,555359;-776,490601
144;1,44;;;;;;;;0,27609;-0,012555;0,174493;-0,945076;394,281097;657,550659;-416,986755;0,136952;0,029575;-0,283122;-0,948795;263,300446;661,809326;-278,23468;0,170469;-0,045561;-0,039592;-0,983513;327,651794;399,558533;-776,487915
145;1,45;;;;;;;;0,276098;-0,012579;0,174552;-0,945063;394,268982;657,549561;-416,981506;0,136945;0,029581;-0,283088;-0,948806;263,292908;661,806335;-278,231323;0,170474;-0,045609;-0,039625;-0,983508;327,62088;399,55365;-776,493347
146;1,46;;;;;;;;0,276057;-0,012576;0,174531;-0,945079;394,264343;657,547424;-416,979614;0,136974;0,029609;-0,283039;-0,948815;263,28595;661,803406;-278,2276;0,170447;-0,045587;-0,039603;-0,983515;327,625397;399,56778;-776,495605
147;1,47;;;;;;;;0,276053;-0,012584;0,174444;-0,945096;394,263458;657,542847;-416,980255;0,136986;0,029624;-0,283058;-0,948807;263,287201;661,800354;-278,226837;0,170457;-0,045597;-0,039669;-0,98351;327,637573;399,567078;-776,496948
148;1,48;;;;;;;;0,27602;-0,012683;0,174585;-0,945078;394,263367;657,543579;-416,976532;0,136962;0,02964;-0,283025;-0,94882;263,285828;661,796936;-278,220184;0,170429;-0,045644;-0,039696;-0,983512;327,605865;399,585266;-776,514709
149;1,49;;;;;;;;0,276001;-0,012559;0,17449;-0,945103;394,258423;657,540161;-416,96933;0,136987;0,029682;-0,283057;-0,948806;263,280823;661,796082;-278,216614;0,170447;-0,045649;-0,039658;-0,98351;327,593353;399,564819;-776,501892
150;1,5;;;;;;;;0,276016;-0,012643;0,174616;-0,945074;394,260223;657,539612;-416,971863;0,136982;0,029659;-0,282968;-0,948834;263,283295;661,79657;-278,217804;0,170418;-0,045628;-0,039706;-0,983514;327,618835;399,593689;-776,512146
151;1,51;;;;;;;;0,276032;-0,012605;0,17461;-0,945071;394,26474;657,539246;-416,972076;0,136974;0,029623;-0,283065;-0,948807;263,28653;661,797668;-278,215393;0,170449;-0,045606;-0,039675;-0,983511;327,627899;399,565063;-776,495361
152;1,52;;;;;;;;0,276039;-0,012551;0,174626;-0,945066;394,26413;657,535339;-416,973511;0,137001;0,029617;-0,283054;-0,948807;263,289459;661,79364;-278,219025;0,170485;-0,045736;-0,039797;-0,983493;327,577576;399,55368;-776,506531
153;1,53;;;;;;;;0,276028;-0,012535;0,174623;-0,945071;394,259552;657,538757;-416,973938;0,136956;0,029607;-0,28306;-0,948812;263,285614;661,796631;-278,216309;0,170477;-0,045639;-0,039711;-0,983503;327,617981;399,55188;-776,49707
154;1,54;;;;;;;;0,276048;-0,012496;0,174654;-0,94506;394,266266;657,537781;-416,974792;0,13699;0,029696;-0,282999;-0,948822;263,289124;661,797852;-278,213928;0,17049;-0,045533;-0,039619;-0,983509;327,66983;399,531433;-776,469849
155;1,55;;;;;;;;0,276048;-0,012617;0,174587;-0,94507;394,27005;657,532898;-416,972443;0,13697;0,029629;-0,283074;-0,948805;263,290527;661,79248;-278,214966;0,170508;-0,045582;-0,039668;-0,983502;327,64975;399,521729;-776,471558
156;1,56;;;;;;;;0,276077;-0,012478;0,174604;-0,94506;394,270966;657,543884;-416,976868;0,136995;0,029661;-0,283012;-0,948819;263,295502;661,799011;-278,20932;0,170551;-0,045574;-0,039683;-0,983494;327,666718;399,501312;-776,455017
157;1,57;;;;;;;;0,276068;-0,012598;0,174467;-0,945087;394,272827;657,545715;-416,976898;0,136985;0,02969;-0,283004;-0,948822;263,291168;661,801941;-278,216125;0,170552;-0,045627;-0,039678;-0,983492;327,628357;399,502258;-776,469421
158;1,58;;;;;;;;0,276066;-0,012494;0,174546;-0,945074;394,26651;657,546997;-416,978058;0,136995;0,029635;-0,283058;-0,948806;263,290588;661,80426;-278,212555;0,170591;-0,045518;-0,039666;-0,98349;327,700317;399,479614;-776,429626
159;1,59;;;;;;;;0,276051;-0,012713;0,174575;-0,94507;394,266937;657,55365;-416,979553;0,136987;0,029688;-0,283009;-0,94882;263,288055;661,811523;-278,214203;0,170579;-0,045599;-0,039738;-0,983486;327,657959;399,504181;-776,455139
160;1,6;;;;;;;;0,276106;-0,012567;0,174529;-0,945065;394,269562;657,560913;-416,989899;0,137001;0,029647;-0,283017;-0,948817;263,289612;661,821472;-278,226746;0,170614;-0,045648;-0,039712;-0,983479;327,626373;399,484344;-776,458557
161;1,61;;;;;;;;0,276046;-0,012657;0,174494;-0,945087;394,263794;657,559326;-416,986755;0,137008;0,029644;-0,282959;-0,948833;263,28537;661,820374;-278,225342;0,17062;-0,045599;-0,03964;-0,983483;327,634369;399,469604;-776,439392
162;1,62;;;;;;;;0,276056;-0,012638;0,174581;-0,945069;394,254028;657,561951;-416,984039;0,136963;0,029609;-0,283065;-0,948809;263,279694;661,820129;-278,224182;0,170611;-0,045604;-0,039697;-0,983482;327,63089;399,480011;-776,449219
163;1,63;;;;;;;;0,276076;-0,01264;0,174464;-0,945085;394,249664;657,563843;-416,988403;0,13696;0,029579;-0,283141;-0,948788;263,274323;661,818909;-278,23056;0,170831;-0,045638;-0,03964;-0,983444;327,610046;399,316193;-776,387268
164;1,64;;;;;;;;0,276096;-0,012551;0,174572;-0,94506;394,258026;657,563232;-416,983093;0,136926;0,029576;-0,283118;-0,9488;263,276398;661,817505;-278,223083;0,170639;-0,045666;-0,039678;-0,983475;327,588593;399,452759;-776,45282
165;1,65;;;;;;;;0,276088;-0,012579;0,174457;-0,945083;394,249847;657,561951;-416,981476;0,136955;0,029564;-0,283114;-0,948797;263,272675;661,813721;-278,224701;0,170622;-0,045582;-0,039653;-0,983483;327,63501;399,46225;-776,443665
166;1,66;;;;;;;;0,276095;-0,0126;0,174551;-0,945063;394,250793;657,558228;-416,979492;0,13691;0,029541;-0,283198;-0,948779;263,270386;661,813354;-278,224731;0,170626;-0,045581;-0,03966;-0,983482;327,636841;399,459625;-776,443176
167;1,67;;;;;;;;0,276059;-0,012519;0,174491;-0,945086;394,254425;657,558838;-416,980011;0,136943;0,029579;-0,283134;-0,948792;263,278534;661,812744;-278,223755;0,170616;-0,045629;-0,039651;-0,983482;327,60498;399,463409;-776,45343
168;1,68;;;;;;;;0,276089;-0,012587;0,17452;-0,945071;394,261047;657,55658;-416,977417;0,136943;0,029516;-0,283193;-0,948777;263,283386;661,813904;-278,220154;0,170611;-0,04559;-0,039671;-0,983483;327,638702;399,469116;-776,44873
169;1,69;;;;;;;;0,276054;-0,012541;0,174497;-0,945086;394,264221;657,551697;-416,976074;0,136933;0,02951;-0,283257;-0,948759;263,285461;661,809814;-278,219299;0,17059;-0,045566;-0,039631;-0,98349;327,653595;399,474762;-776,448669
170;1,7;;;;;;;;0,276071;-0,012574;0,174533;-0,945074;394,274109;657,545288;-416,972168;0,136952;0,029521;-0,283147;-0,948789;263,292084;661,802795;-278,217773;0,170565;-0,045556;-0,039632;-0,983495;327,661652;399,490631;-776,454651
171;1,71;;;;;;;;0,276037;-0,012525;0,174551;-0,945081;394,276123;657,541992;-416,970459;0,136944;0,029545;-0,283156;-0,948787;263,293152;661,797852;-278,208801;0,170555;-0,045553;-0,039612;-0,983497;327,66568;399,489532;-776,44989
172;1,72;;;;;;;;0,276053;-0,012553;0,174512;-0,945084;394,279419;657,538513;-416,968323;0,136935;0,029528;-0,283139;-0,948794;263,299164;661,791565;-278,20636;0,170544;-0,045573;-0,039626;-0,983498;327,660736;399,495117;-776,45636
173;1,73;;;;;;;;0,276056;-0,012566;0,174523;-0,94508;394,284851;657,534485;-416,967255;0,136945;0,029564;-0,283149;-0,948788;263,302734;661,786926;-278,203278;0,170776;-0,045634;-0,03956;-0,983457;327,61673;399,31076;-776,389954
174;1,74;;;;;;;;0,276046;-0,012505;0,174584;-0,945073;394,291534;657,528076;-416,964935;0,136954;0,029583;-0,283113;-0,948797;263,305969;661,783203;-278,203979;0,170588;-0,045542;-0,039595;-0,983493;327,684906;399,451904;-776,433289
175;1,75;;;;;;;;0,276069;-0,012471;0,174546;-0,945073;394,288116;657,524597;-416,964417;0,136984;0,029633;-0,283096;-0,948796;263,303528;661,779602;-278,204865;0,170567;-0,04562;-0,039658;-0,98349;327,644836;399,47403;-776,454468
176;1,76;;;;;;;;0,276031;-0,012583;0,174636;-0,945067;394,285461;657,527405;-416,967255;0,136953;0,029586;-0,283139;-0,948789;263,30722;661,779968;-278,205597;0,170591;-0,045546;-0,039635;-0,98349;327,693909;399,456879;-776,433838
177;1,77;;;;;;;;0,276046;-0,012539;0,174632;-0,945064;394,285309;657,527527;-416,9646;0,136987;0,02961;-0,283113;-0,948791;263,302155;661,783203;-278,206787;0,170591;-0,045585;-0,039625;-0,983489;327,658752;399,454071;-776,438782
178;1,78;;;;;;;;0,276032;-0,012547;0,174632;-0,945067;394,283295;657,531189;-416,966675;0,136967;0,02953;-0,283229;-0,948762;263,301666;661,784912;-278,20639;0,170574;-0,045673;-0,039699;-0,983485;327,62146;399,476318;-776,465698
179;1,79;;;;;;;;0,276062;-0,012504;0,174595;-0,945066;394,281281;657,536865;-416,970886;0,136988;0,029582;-0,283174;-0,948774;263,302826;661,788818;-278,207092;0,170592;-0,045666;-0,0397;-0,983482;327,62027;399,466705;-776,455627
180;1,8;;;;;;;;0,276064;-0,012537;0,174611;-0,945062;394,277374;657,541992;-416,974457;0,136992;0,029609;-0,283166;-0,948775;263,297485;661,790649;-278,209991;0,17059;-0,045537;-0,039637;-0,983491;327,687897;399,468201;-776,437134
181;1,81;;;;;;;;0,276048;-0,012637;0,174536;-0,945079;394,281036;657,545349;-416,976715;0,137005;0,029578;-0,283169;-0,948773;263,292664;661,793396;-278,211639;0,170613;-0,04547;-0,039582;-0,983492;327,721771;399,450409;-776,418335
182;1,82;;;;;;;;0,27603;-0,012502;0,174622;-0,945071;394,279022;657,548706;-416,977081;0,137018;0,02961;-0,283181;-0,948767;263,292297;661,797607;-278,212769;0,170615;-0,045515;-0,039608;-0,983489;327,696228;399,454468;-776,425537
183;1,83;;;;;;;;0,276027;-0,012521;0,174582;-0,945079;394,273621;657,55249;-416,978485;0,136994;0,029599;-0,283174;-0,948773;263,284668;661,799927;-278,216736;0,17062;-0,045488;-0,039615;-0,983489;327,716431;399,458405;-776,42395
184;1,84;;;;;;;;0,276057;-0,012586;0,174561;-0,945073;394,273499;657,554504;-416,982941;0,137056;0,029622;-0,283088;-0,948789;263,286621;661,801025;-278,219055;0,170845;-0,045502;-0,039502;-0,983454;327,691772;399,280731;-776,35321
185;1,85;;;;;;;;0,276064;-0,012479;0,174596;-0,945066;394,276672;657,556641;-416,983917;0,137053;0,029623;-0,283092;-0,948788;263,288666;661,804016;-278,221924;0,17065;-0,045491;-0,039578;-0,983485;327,710663;399,430695;-776,41626
186;1,86;;;;;;;;0,276063;-0,012522;0,174495;-0,945084;394,277161;657,553284;-416,981689;0,137041;0,029567;-0,283048;-0,948804;263,28714;661,801331;-278,222137;0,170639;-0,045489;-0,039567;-0,983488;327,706726;399,435852;-776,419983
187;1,87;;;;;;;;0,276079;-0,0124;0,1746;-0,945062;394,27951;657,551331;-416,988129;0,137053;0,029561;-0,283058;-0,9488;263,287018;661,797058;-278,227783;0,170631;-0,045473;-0,039611;-0,983488;327,72876;399,447174;-776,422668
188;1,88;;;;;;;;0,276033;-0,012493;0,174557;-0,945082;394,289368;657,551086;-416,988922;0,137043;0,029539;-0,283117;-0,948784;263,295776;661,794556;-278,226715;0,170632;-0,045514;-0,039602;-0,983486;327,704071;399,440765;-776,432861
189;1,89;;;;;;;;0,276066;-0,012493;0,174482;-0,945086;394,290405;657,549561;-416,987579;0,137078;0,02959;-0,282995;-0,948814;263,298737;661,794495;-278,224854;0,170644;-0,045598;-0,039686;-0,983477;327,672974;399,446472;-776,443726
190;1,9;;;;;;;;0,276052;-0,012507;0,174569;-0,945074;394,293915;657,546021;-416,984924;0,13706;0,029549;-0,283022;-0,94881;263,301453;661,79126;-278,224182;0,170673;-0,045627;-0,039732;-0,983469;327,669556;399,431915;-776,437988
191;1,91;;;;;;;;0,276044;-0,012542;0,174543;-0,945081;394,300659;657,541992;-416,985382;0,137069;0,029551;-0,283024;-0,948808;263,309601;661,788879;-278,226349;0,170662;-0,045497;-0,039599;-0,983482;327,731445;399,416351;-776,41449
192;1,92;;;;;;;;0,276077;-0,012456;0,174559;-0,945069;394,305573;657,538818;-416,987579;0,137055;0,029556;-0,283013;-0,948813;263,313385;661,784485;-278,226898;0,170899;-0,045518;-0,039498;-0,983444;327,709747;399,22995;-776,341187
193;1,93;;;;;;;;0,276023;-0,0126;0,174528;-0,945089;394,300293;657,541931;-416,980591;0,137067;0,029547;-0,283046;-0,948802;263,316559;661,78717;-278,223083;0,170705;-0,045458;-0,03957;-0,983477;327,75885;399,384216;-776,385986
194;1,94;;;;;;;;0,276045;-0,012473;0,174504;-0,945088;394,304871;657,54425;-416,979584;0,137033;0,029545;-0,283104;-0,948789;263,312866;661,78949;-278,22171;0,170681;-0,045401;-0,039508;-0,983487;327,779785;399,395935;-776,380066
195;1,95;;;;;;;;0,276063;-0,012599;0,17453;-0,945076;394,305176;657,54364;-416,981873;0,13705;0,029512;-0,283075;-0,948796;263,315155;661,788574;-278,223328;0,170663;-0,045498;-0,039563;-0,983483;327,725433;399,41214;-776,407959
196;1,96;;;;;;;;0,276073;-0,012501;0,174553;-0,945071;394,299042;657,547852;-416,985382;0,137014;0,029494;-0,28308;-0,948801;263,312592;661,789917;-278,224365;0,170677;-0,04555;-0,039658;-0,983474;327,715546;399,420105;-776,415283
197;1,97;;;;;;;;0,276035;-0,012577;0,174585;-0,945075;394,291412;657,548889;-416,984192;0,137042;0,029519;-0,28306;-0,948802;263,301117;661,793945;-278,223175;0,170669;-0,045575;-0,03965;-0,983475;327,683868;399,428314;-776,425232
198;1,98;;;;;;;;0,27608;-0,012532;0,174507;-0,945077;394,28656;657,554626;-416,98526;0,137036;0,029512;-0,28303;-0,948812;263,296204;661,795288;-278,222778;0,17068;-0,045539;-0,039646;-0,983475;327,703796;399,425415;-776,413391
199;1,99;;;;;;;;0,276047;-0,012604;0,174446;-0,945097;394,274506;657,5578;-416,964294;0,137013;0,029572;-0,283018;-0,948817;263,291931;661,77887;-278,203705;0,17065;-0,045506;-0,039632;-0,983482;327,721832;399,4422;-776,411499
200;2;;;;;;;;0,275989;-0,01263;0,1745;-0,945103;394,258972;657,553345;-416,91925;0,136858;0,029622;-0,28309;-0,948817;263,276886;661,731689;-278,148102;0,170597;-0,04556;-0,039674;-0,983487;327,687134;399,475006;-776,416687
201;2,01;;;;;;;;0,275886;-0,012574;0,174333;-0,945165;394,238708;657,548096;-416,847809;0,136613;0,029696;-0,283216;-0,948812;263,250458;661,658386;-278,060822;0,17051;-0,045534;-0,039728;-0,983501;327,716705;399,536316;-776,414673
202;2,02;;;;;;;;0,275714;-0,012753;0,174163;-0,945244;394,214142;657,548096;-416,768372;0,136259;0,029762;-0,283373;-0,948814;263,220673;661,562683;-277,955536;0,170407;-0,045564;-0,039674;-0,98352;327,680298;399,58316;-776,424316
203;2,03;;;;;;;;0,275561;-0,012782;0,173978;-0,945322;394,190735;657,550964;-416,678741;0,135918;0,02982;-0,283567;-0,948803;263,187836;661,465027;-277,840515;0,17033;-0,045473;-0,039639;-0,983539;327,734375;399,624847;-776,401917
204;2,04;;;;;;;;0,275367;-0,012799;0,173832;-0,945406;394,162903;657,552734;-416,599243;0,135591;0,029912;-0,283697;-0,948808;263,157806;661,37384;-277,732086;0,170291;-0,045467;-0,039735;-0,983542;327,766144;399,657227;-776,389099
205;2,05;;;;;;;;0,275271;-0,012683;0,173827;-0,945436;394,144928;657,557434;-416,536774;0,13532;0,030026;-0,28382;-0,948806;263,132538;661,297546;-277,644012;0,17024;-0,045531;-0,039746;-0,983547;327,731598;399,68335;-776,397156
206;2,06;;;;;;;;0,275185;-0,012816;0,173618;-0,945498;394,133423;657,557556;-416,481903;0,135113;0,030115;-0,283887;-0,948813;263,122284;661,225281;-277,568115;0,170224;-0,045394;-0,039674;-0,983559;327,815399;399,67807;-776,355713
207;2,07;;;;;;;;0,275073;-0,012735;0,173526;-0,945548;394,124054;657,56366;-416,421814;0,134847;0,030171;-0,283956;-0,948828;263,114502;661,159485;-277,488403;0,170169;-0,045413;-0,03966;-0,983569;327,810333;399,705902;-776,35907
208;2,08;;;;;;;;0,27488;-0,012822;0,173155;-0,945671;394,110382;657,576172;-416,348785;0,134507;0,030215;-0,284146;-0,948818;263,100983;661,078918;-277,39093;0,170121;-0,045484;-0,039727;-0,983571;327,786194;399,742035;-776,370911
209;2,09;;;;;;;;0,274715;-0,012783;0,17304;-0,945741;394,096252;657,583679;-416,276642;0,134117;0,03035;-0,284116;-0,948878;263,077881;660,971313;-277,280579;0,170057;-0,045412;-0,03965;-0,983589;327,830933;399,766571;-776,362854
210;2,1;;;;;;;;0,274502;-0,012814;0,173009;-0,945808;394,061401;657,598877;-416,182098;0,133666;0,030533;-0,284082;-0,948946;263,044403;660,830688;-277,135864;0,169985;-0,0453;-0,039586;-0,983609;327,898529;399,798828;-776,34314
211;2,11;;;;;;;;0,274218;-0,012737;0,172547;-0,945976;394,002014;657,624573;-416,064697;0,133089;0,03072;-0,284166;-0,948996;262,995056;660,672729;-276,966766;0,169891;-0,045399;-0,03965;-0,983618;327,848938;399,863434;-776,37146
212;2,12;;;;;;;;0,273927;-0,012811;0,172234;-0,946116;393,938873;657,656128;-415,935699;0,132528;0,030866;-0,284286;-0,949034;262,930084;660,504089;-276,790405;0,169775;-0,045458;-0,039673;-0,983634;327,812378;399,937988;-776,390625
213;2,13;;;;;;;;0,273681;-0,012687;0,171829;-0,946262;393,873291;657,69342;-415,807922;0,131961;0,031127;-0,284348;-0,949086;262,850494;660,340088;-276,605255;0,169737;-0,045459;-0,039701;-0,98364;327,818054;399,966064;-776,375305
214;2,14;;;;;;;;0,273507;-0,012469;0,171544;-0,946367;393,793152;657,731506;-415,687195;0,131321;0,031339;-0,284561;-0,949104;262,767792;660,182617;-276,426666;0,169699;-0,045378;-0,039698;-0,98365;327,863495;399,995575;-776,345947
215;2,15;;;;;;;;0,273348;-0,0123;0,171308;-0,946458;393,70578;657,773499;-415,572357;0,130793;0,031729;-0,284736;-0,949111;262,692841;660,038696;-276,250275;0,16964;-0,045418;-0,039714;-0,983658;327,829346;400,037567;-776,347534
216;2,16;;;;;;;;0,27319;-0,01219;0,170965;-0,946567;393,626801;657,817993;-415,454498;0,130209;0,031901;-0,285129;-0,949068;262,614655;659,89624;-276,080444;0,169582;-0,045329;-0,039651;-0,983674;327,86499;400,068848;-776,327637
217;2,17;;;;;;;;0,273084;-0,012147;0,170511;-0,94668;393,55481;657,86438;-415,334015;0,129507;0,032085;-0,285457;-0,949059;262,540375;659,739014;-275,902618;0,169512;-0,045402;-0,039722;-0,98368;327,827271;400,12616;-776,347595
218;2,18;;;;;;;;0,272849;-0,012156;0,170068;-0,946828;393,471344;657,908875;-415,220032;0,128839;0,03237;-0,285564;-0,949108;262,465759;659,574646;-275,726837;0,169498;-0,045373;-0,039658;-0,983687;327,823608;400,125977;-776,327393
219;2,19;;;;;;;;0,272561;-0,012178;0,169826;-0,946954;393,377625;657,958435;-415,101654;0,1282;0,032715;-0,285505;-0,9492;262,385773;659,40033;-275,547668;0,169445;-0,045303;-0,039651;-0,983699;327,869232;400,15979;-776,330322
220;2,2;;;;;;;;0,272265;-0,012151;0,169449;-0,947107;393,273376;658,007141;-414,968445;0,127414;0,03264;-0,285744;-0,949237;262,296661;659,19751;-275,355957;0,169384;-0,045345;-0,039704;-0,983706;327,850983;400,201141;-776,34845
221;2,21;;;;;;;;0,271875;-0,012112;0,16867;-0,947358;393,153137;658,063904;-414,811462;0,126654;0,032719;-0,285931;-0,94928;262,2005;658,974121;-275,132233;0,16937;-0,045187;-0,039642;-0,983718;327,952545;400,202087;-776,30481
222;2,22;;;;;;;;0,271454;-0,01214;0,16796;-0,947605;393,031219;658,120972;-414,647064;0,125541;0,033232;-0,286258;-0,949311;262,118958;658,7771;-274,865875;0,169316;-0,045262;-0,039664;-0,983723;327,907806;400,228546;-776,3125
223;2,23;;;;;;;;0,271055;-0,011985;0,167357;-0,947828;392,901276;658,18396;-414,470947;0,124466;0,033445;-0,286993;-0,949223;262,013458;658,5271;-274,605011;0,169262;-0,045252;-0,039678;-0,983732;327,919739;400,256775;-776,307312
224;2,24;;;;;;;;0,270677;-0,011649;0,166961;-0,94801;392,763;658,250305;-414,285217;0,123497;0,033898;-0,287363;-0,949222;261,90329;658,258057;-274,330505;0,169179;-0,045285;-0,0397;-0,983744;327,906372;400,302338;-776,316101
225;2,25;;;;;;;;0,270315;-0,011362;0,166515;-0,948195;392,62326;658,319885;-414,092804;0,122528;0,034233;-0,287649;-0,949249;261,793884;657,993042;-274,052277;0,169136;-0,045271;-0,039657;-0,983754;327,915741;400,313538;-776,29541
226;2,26;;;;;;;;0,269876;-0,011363;0,166045;-0,948402;392,495178;658,396057;-413,893433;0,121585;0,03462;-0,287762;-0,949322;261,695557;657,720642;-273,761993;0,16906;-0,045273;-0,039628;-0,983768;327,915894;400,349457;-776,290344
227;2,27;;;;;;;;0,269273;-0,011514;0,165038;-0,948748;392,337555;658,475769;-413,686676;0,120516;0,034955;-0,287928;-0,949395;261,597809;657,433838;-273,480347;0,168963;-0,045228;-0,039596;-0,983788;327,952148;400,403351;-776,290405
228;2,28;;;;;;;;0,268778;-0,011459;0,164124;-0,949047;392,162476;658,555298;-413,487671;0,119448;0,035381;-0,288335;-0,949391;261,480103;657,137268;-273,194031;0,168945;-0,04511;-0,039438;-0,983803;328,003174;400,38266;-776,249329
229;2,29;;;;;;;;0,268263;-0,01141;0,163371;-0,949323;391,992584;658,640198;-413,29129;0,118346;0,035771;-0,288834;-0,949363;261,348175;656,824219;-272,888947;0,168849;-0,045276;-0,039507;-0,983809;327,896545;400,442444;-776,302063
230;2,3;;;;;;;;0,267752;-0,011519;0,162407;-0,949632;391,81308;658,733459;-413,087494;0,117138;0,035967;-0,289659;-0,949254;261,196289;656,500916;-272,57962;0,168786;-0,045307;-0,039579;-0,983815;327,897369;400,487671;-776,323181
231;2,31;;;;;;;;0,267209;-0,011526;0,161711;-0,949903;391,622192;658,83075;-412,875;0,115835;0,036225;-0,290163;-0,94925;261,043335;656,155884;-272,25473;0,168736;-0,045252;-0,039576;-0,983826;327,929413;400,518219;-776,317078
232;2,32;;;;;;;;0,266494;-0,011444;0,16069;-0,950278;391,403809;658,933228;-412,638367;0,114655;0,036745;-0,290259;-0,949344;260,891327;655,803223;-271,908417;0,168684;-0,045335;-0,039671;-0,983828;327,886169;400,556366;-776,337036
233;2,33;;;;;;;;0,265784;-0,011797;0,159107;-0,950739;391,179749;659,038086;-412,388885;0,113178;0,037195;-0,290884;-0,949312;260,72171;655,424988;-271,547272;0,16866;-0,045342;-0,039733;-0,983829;327,891266;400,57428;-776,331787
234;2,34;;;;;;;;0,265109;-0,012179;0,157908;-0,951123;390,954102;659,146301;-412,1185;0,111699;0,03774;-0,291714;-0,949211;260,526672;655,027832;-271,1698;0,168606;-0,04535;-0,03974;-0,983837;327,885468;400,605377;-776,335388
235;2,35;;;;;;;;0,264375;-0,012778;0,156435;-0,951562;390,729401;659,267578;-411,823273;0,110287;0,038225;-0,292208;-0,949205;260,349579;654,61615;-270,766296;0,168543;-0,045379;-0,039775;-0,983846;327,870239;400,648315;-776,335449
236;2,36;;;;;;;;0,263407;-0,013307;0,154807;-0,95209;390,483185;659,392456;-411,515625;0,108702;0,038799;-0,292694;-0,949215;260,155792;654,16333;-270,341644;0,168502;-0,045407;-0,039883;-0,983847;327,876923;400,693726;-776,333496
237;2,37;;;;;;;;0,262397;-0,013603;0,153162;-0,95263;390,242584;659,520813;-411,202576;0,106905;0,039293;-0,293511;-0,949146;259,949677;653,701172;-269,896698;0,168497;-0,045338;-0,039856;-0,983852;327,922241;400,694275;-776,304993
238;2,38;;;;;;;;0,261535;-0,014027;0,151801;-0,953079;390,013367;659,655884;-410,8703;0,105071;0,039874;-0,29408;-0,949151;259,730011;653,216003;-269,443573;0,168413;-0,045324;-0,03984;-0,983868;327,926666;400,746521;-776,322388
239;2,39;;;;;;;;0,260624;-0,015007;0,149702;-0,953645;389,776672;659,800232;-410,523438;0,10324;0,040308;-0,294956;-0,949061;259,516113;652,695984;-268,984528;0,168389;-0,04536;-0,039945;-0,983866;327,927765;400,780334;-776,33252
240;2,4;;;;;;;;0,259746;-0,01558;0,147737;-0,954182;389,539429;659,943054;-410,178131;0,101339;0,040942;-0,295993;-0,948916;259,285095;652,175232;-268,515503;0,168376;-0,045352;-0,039988;-0,983867;327,952179;400,798523;-776,328125
241;2,41;;;;;;;;0,258757;-0,015864;0,146155;-0,95469;389,313995;660,086304;-409,831238;0,099455;0,04167;-0,296547;-0,948911;259,053192;651,639832;-268,032623;0,168335;-0,045349;-0,039959;-0,983875;327,948639;400,82077;-776,336853
242;2,42;;;;;;;;0,258438;-0,013266;0,148215;-0,954498;389,010315;660,293091;-409,529694;0,097475;0,042353;-0,297141;-0,9489;258,814758;651,072754;-267,546783;0,168307;-0,045352;-0,040007;-0,983878;327,960358;400,845856;-776,342163
243;2,43;;;;;;;;0,257522;-0,012966;0,147251;-0,954899;388,781677;660,442139;-409,182129;0,095439;0,04299;-0,29818;-0,948753;258,575317;650,506104;-267,050934;0,168295;-0,045424;-0,040025;-0,983876;327,923187;400,849884;-776,355286
244;2,44;;;;;;;;0,25659;-0,012984;0,146428;-0,955276;388,605499;660,59314;-408,826141;0,093434;0,043696;-0,29913;-0,948621;258,35437;649,924011;-266,55127;0,168208;-0,045436;-0,040075;-0,983888;327,934631;400,920166;-776,384521
245;2,45;;;;;;;;0,255765;-0,012844;0,146084;-0,955552;388,445282;660,746643;-408,464294;0,091282;0,044327;-0,299806;-0,948588;258,121735;649,352112;-266,041626;0,16816;-0,045352;-0,039973;-0,983904;327,970825;400,94397;-776,371887
246;2,46;;;;;;;;0,254763;-0,01275;0,145894;-0,955849;388,30896;660,89209;-408,108917;0,089201;0,045068;-0,300551;-0,948515;257,854584;648,746948;-265,527985;0,168131;-0,045424;-0,040068;-0,983902;327,941772;400,981537;-776,38446
247;2,47;;;;;;;;0,253665;-0,012776;0,145442;-0,95621;388,211914;661,024231;-407,739166;0,087105;0,045748;-0,301307;-0,948438;257,605347;648,147461;-265,030457;0,168081;-0,045429;-0,040116;-0,983908;327,951263;401,023865;-776,393555
248;2,48;;;;;;;;0,252687;-0,012901;0,145172;-0,956508;388,142273;661,161987;-407,359131;0,085102;0,046589;-0,301999;-0,948358;257,37912;647,554382;-264,532562;0,168016;-0,045448;-0,040189;-0,983916;327,95108;401,085968;-776,410217
249;2,49;;;;;;;;0,251219;-0,015325;0,142909;-0,9572;388,160858;661,266235;-406,951233;0,083026;0,04731;-0,302895;-0,948221;257,140472;646,968445;-264,039581;0,168012;-0,045439;-0,040216;-0,983916;327,958344;401,101685;-776,408508
250;2,5;;;;;;;;0,250787;-0,013344;0,143881;-0,957197;388,037537;661,49353;-406,62439;0,080972;0,048021;-0,303636;-0,948126;256,921814;646,393127;-263,568573;0,167973;-0,045446;-0,04025;-0,983921;327,957794;401,136505;-776,420898
251;2,51;;;;;;;;0,249898;-0,012596;0,144058;-0,957413;387,968414;661,646729;-406,290039;0,078863;0,048625;-0,304387;-0,948032;256,677856;645,835022;-263,112823;0,167939;-0,045436;-0,040302;-0,983925;327,966888;401,17392;-776,433533
252;2,52;;;;;;;;0,248954;-0,012928;0,143524;-0,957735;387,924561;661,785645;-405,920105;0,076951;0,049424;-0,304871;-0,947992;256,457428;645,274475;-262,669861;0,167953;-0,04546;-0,040383;-0,983918;327,961243;401,178558;-776,43811
253;2,53;;;;;;;;0,247967;-0,012745;0,143551;-0,957989;387,900116;661,921387;-405,553131;0,075123;0,050302;-0,305268;-0,947965;256,263245;644,732056;-262,230499;0,167921;-0,045489;-0,040355;-0,983923;327,930084;401,191437;-776,452881
254;2,54;;;;;;;;0,246929;-0,012825;0,143802;-0,958218;387,867249;662,053589;-405,198364;0,073114;0,050889;-0,30593;-0,947877;256,066833;644,187927;-261,803833;0,167932;-0,045376;-0,0403;-0,983929;327,990448;401,175507;-776,4245
255;2,55;;;;;;;;0,24592;-0,013054;0,144136;-0,958425;387,839905;662,180908;-404,842834;0,071138;0,051715;-0,306452;-0,947814;255,871536;643,652283;-261,384705;0,167885;-0,04546;-0,040437;-0,983927;327,960999;401,219116;-776,454834
256;2,56;;;;;;;;0,244845;-0,013272;0,144034;-0,958712;387,815186;662,310791;-404,471741;0,069062;0,05245;-0,306276;-0,947985;255,701721;643,054321;-260,943756;0,167882;-0,045443;-0,040439;-0,983929;327,97998;401,213562;-776,444153
257;2,57;;;;;;;;0,243799;-0,013382;0,143867;-0,959002;387,798065;662,434448;-404,098938;0,067301;0,053308;-0,306309;-0,948053;255,520554;642,503174;-260,514435;0,167849;-0,045462;-0,040398;-0,983935;327,956299;401,216583;-776,448425
258;2,58;;;;;;;;0,242727;-0,013268;0,143975;-0,959259;387,782379;662,558899;-403,714142;0,06552;0,054119;-0,30698;-0,947914;255,339951;641,959595;-260,080994;0,167824;-0,045524;-0,040511;-0,983932;327,951294;401,241302;-776,459351
259;2,59;;;;;;;;0,241663;-0,013041;0,144301;-0,959482;387,777039;662,687378;-403,320801;0,063408;0,054791;-0,307929;-0,947711;255,163345;641,414063;-259,669281;0,167797;-0,045526;-0,040478;-0,983938;327,950073;401,242371;-776,457153
260;2,6;;;;;;;;0,240499;-0,01308;0,144696;-0,959715;387,777771;662,811584;-402,941284;0,061517;0,055519;-0,308397;-0,947641;254,995499;640,867126;-259,255524;0,167802;-0,045504;-0,040407;-0,983941;327,960754;401,216919;-776,443726
261;2,61;;;;;;;;0,239514;-0,013108;0,144545;-0,959983;387,789886;662,939819;-402,554352;0,059594;0,056212;-0,308851;-0,947576;254,835312;640,333435;-258,840546;0,167772;-0,045483;-0,040351;-0,983949;327,97641;401,218567;-776,445923
262;2,62;;;;;;;;0,238166;-0,013719;0,144403;-0,960332;387,783325;663,078186;-402,172668;0,057618;0,057049;-0,309364;-0,947481;254,650467;639,771606;-258,435242;0,167813;-0,045556;-0,040466;-0,983934;327,970612;401,197784;-776,442139
263;2,63;;;;;;;;0,236985;-0,013963;0,144588;-0,960592;387,76767;663,207825;-401,779449;0,055811;0,057931;-0,309671;-0,947435;254,483963;639,23938;-258,032501;0,167764;-0,045572;-0,040408;-0,983944;327,951172;401,215302;-776,459778
264;2,64;;;;;;;;0,235867;-0,014062;0,144617;-0,960862;387,760162;663,344299;-401,375977;0,053835;0,058719;-0,31004;-0,94738;254,321243;638,686523;-257,626343;0,167758;-0,045606;-0,040414;-0,983943;327,939087;401,215637;-776,467468
265;2,65;;;;;;;;0,234692;-0,013577;0,144724;-0,96114;387,764191;663,487671;-400,963501;0,051896;0,059513;-0,31038;-0,947328;254,158081;638,143066;-257,223969;0,167732;-0,045586;-0,040392;-0,983949;327,951965;401,232391;-776,471497
266;2,66;;;;;;;;0,233404;-0,013715;0,144943;-0,961419;387,768066;663,636292;-400,549835;0,049976;0,060484;-0,310727;-0,947255;253,995651;637,598816;-256,8284;0,167716;-0,04564;-0,04047;-0,983946;327,935669;401,262268;-776,482605
267;2,67;;;;;;;;0,232292;-0,009833;0,149074;-0,961104;387,620056;663,831482;-400,214417;0,047941;0,061142;-0,311421;-0,947091;253,814819;637,058044;-256,433258;0,167684;-0,045609;-0,040439;-0,983955;327,944885;401,28656;-776,488831
268;2,68;;;;;;;;0,231141;-0,009365;0,149468;-0,961325;387,601929;663,983154;-399,820648;0,045965;0,061907;-0,311745;-0,947032;253,619339;636,511597;-256,042206;0,167625;-0,045646;-0,040474;-0,983962;327,919891;401,34198;-776,516846
269;2,69;;;;;;;;0,230463;-0,009128;0,148726;-0,961605;387,611023;664,100891;-399,398407;0,044004;0,062802;-0,311847;-0,947033;253,425186;635,976318;-255,648224;0,167637;-0,04564;-0,040498;-0,983959;327,92041;401,352783;-776,511414
270;2,7;;;;;;;;0,229421;-0,009776;0,148159;-0,961935;387,606781;664,241882;-398,983246;0,042059;0,063746;-0,312034;-0,946997;253,237549;635,4422;-255,265976;0,167596;-0,045662;-0,040472;-0,983966;327,884857;401,389587;-776,533142
271;2,71;;;;;;;;0,227058;-0,011704;0,148329;-0,962448;387,560394;664,440002;-398,601624;0,040252;0,064678;-0,312334;-0,946913;253,062164;634,925659;-254,902832;0,167586;-0,045568;-0,040483;-0,983971;327,942444;401,415283;-776,526184
272;2,72;;;;;;;;0,226158;-0,013327;0,147123;-0,962824;387,611572;664,633972;-398,164948;0,038221;0,065367;-0,312933;-0,946752;252,878372;634,386047;-254,5383;0,167545;-0,045679;-0,040536;-0,983971;327,862946;401,457733;-776,566772
273;2,73;;;;;;;;0,224906;-0,013608;0,146453;-0,963215;387,5979;664,772278;-397,748016;0,036373;0,066077;-0,31337;-0,946631;252,718948;633,875366;-254,18457;0,167512;-0,04565;-0,040521;-0,983979;327,870605;401,486603;-776,580444
274;2,74;;;;;;;;0,223471;-0,013825;0,145861;-0,963636;387,585388;664,896484;-397,345642;0,034608;0,066918;-0,313324;-0,946653;252,570953;633,368591;-253,845337;0,167478;-0,045683;-0,040534;-0,983982;327,843414;401,514984;-776,6026
275;2,75;;;;;;;;0,222087;-0,013983;0,145939;-0,963942;387,584717;665,013733;-396,939819;0,032761;0,067651;-0,313741;-0,946529;252,411758;632,875244;-253,515305;0,167441;-0,045612;-0,040461;-0,983995;327,871246;401,529297;-776,604736
276;2,76;;;;;;;;0,222008;-0,012841;0,145638;-0,964021;387,635529;665,070923;-396,517853;0,031118;0,068512;-0,313943;-0,946455;252,249481;632,396973;-253,196121;0,167389;-0,045651;-0,040487;-0,984001;327,846069;401,564606;-776,63269
277;2,77;;;;;;;;0,221038;-0,012653;0,145422;-0,964279;387,625153;665,170959;-396,123077;0,029445;0,069284;-0,314238;-0,946355;252,110123;631,932129;-252,882599;0,167353;-0,045689;-0,040475;-0,984006;327,817627;401,580719;-776,653259
278;2,78;;;;;;;;0,219768;-0,01255;0,145086;-0,964621;387,597565;665,279602;-395,712921;0,027797;0,070189;-0,314129;-0,946374;251,986084;631,455322;-252,572922;0,167307;-0,045735;-0,040467;-0,984012;327,78891;401,602325;-776,675659
279;2,79;;;;;;;;0,218359;-0,012323;0,145084;-0,964945;387,580353;665,381836;-395,291138;0,026188;0,070932;-0,313958;-0,946422;251,869385;630,972839;-252,260452;0,167219;-0,045759;-0,040501;-0,984024;327,783539;401,659119;-776,703491
280;2,8;;;;;;;;0,217059;-0,012329;0,144974;-0,965255;387,590851;665,484741;-394,878784;0,024506;0,071702;-0,314066;-0,946373;251,747604;630,497681;-251,954025;0,167121;-0,04573;-0,040456;-0,984044;327,800323;401,710205;-776,727295
281;2,81;;;;;;;;0,215858;-0,01263;0,145126;-0,965497;387,60495;665,586914;-394,47522;0,022644;0,07242;-0,314563;-0,946199;251,612152;629,993408;-251,641922;0,167025;-0,045786;-0,040453;-0,984058;327,765869;401,764038;-776,764771
282;2,82;;;;;;;;0,214663;-0,012592;0,144698;-0,965828;387,59021;665,683777;-394,079712;0,020941;0,073077;-0,314946;-0,94606;251,463501;629,503052;-251,337616;0,166982;-0,045771;-0,040439;-0,984066;327,779053;401,779358;-776,778442
283;2,83;;;;;;;;0,213578;-0,012565;0,14421;-0,966142;387,551147;665,778931;-393,69693;0,019271;0,073811;-0,315015;-0,946016;251,33255;629,019714;-251,035568;0,166897;-0,045748;-0,04042;-0,984083;327,788055;401,825714;-776,800537
284;2,84;;;;;;;;0,212447;-0,012533;0,143882;-0,966441;387,520905;665,881897;-393,316406;0,017686;0,074525;-0,314997;-0,945997;251,208481;628,545898;-250,745331;0,166834;-0,045799;-0,040426;-0,984091;327,757904;401,857971;-776,835815
285;2,85;;;;;;;;0,211275;-0,012599;0,144125;-0,96666;387,504883;665,976318;-392,934082;0,016115;0,075403;-0,31497;-0,945964;251,078491;628,065674;-250,45195;0,166792;-0,045737;-0,040399;-0,984102;327,798615;401,87854;-776,835693
286;2,86;;;;;;;;0,210201;-0,012514;0,144321;-0,966866;387,496216;666,065125;-392,554352;0,014603;0,076221;-0,315353;-0,945796;250,934189;627,602844;-250,17482;0,166714;-0,045755;-0,040388;-0,984115;327,776978;401,918427;-776,861816
287;2,87;;;;;;;;0,209162;-0,012449;0,143685;-0,967187;387,47818;666,150879;-392,169708;0,012952;0,077153;-0,315614;-0,945657;250,801743;627,117126;-249,879257;0,16669;-0,045786;-0,040425;-0,984116;327,76413;401,929871;-776,87384
288;2,88;;;;;;;;0,207955;-0,012581;0,143361;-0,967494;387,469513;666,290039;-391,76651;0,011309;0,077956;-0,315609;-0,945614;250,669449;626,634277;-249,592468;0,166615;-0,045779;-0,040399;-0,98413;327,761627;401,972961;-776,892212
289;2,89;;;;;;;;0,206729;-0,012571;0,143378;-0,967754;387,440277;666,399719;-391,367157;0,009578;0,078563;-0,315751;-0,945536;250,534378;626,1427;-249,294373;0,166555;-0,045856;-0,040463;-0,984134;327,715759;402,017334;-776,922852
290;2,9;;;;;;;;0,205487;-0,012528;0,143623;-0,967983;387,417145;666,493652;-390,979523;0,007889;0,079339;-0,315663;-0,945516;250,390793;625,655884;-249,01358;0,166494;-0,045885;-0,040505;-0,984141;327,701843;402,062256;-776,947205
291;2,91;;;;;;;;0,204412;-0,012512;0,143728;-0,968195;387,401917;666,585632;-390,604584;0,006177;0,079992;-0,3161;-0,945328;250,233017;625,171997;-248,737015;0,166437;-0,045819;-0,040445;-0,984156;327,734039;402,093536;-776,952515
292;2,92;;;;;;;;0,203405;-0,012618;0,143277;-0,968472;387,396332;666,678284;-390,228912;0,00457;0,080744;-0,316479;-0,945146;250,067764;624,720703;-248,473724;0,166403;-0,045827;-0,040516;-0,984159;327,745026;402,137146;-776,971924
293;2,93;;;;;;;;0,203543;-0,010177;0,142521;-0,968584;387,462463;666,727234;-389,805725;0,002382;0,081032;-0,316495;-0,945124;249,900101;624,291687;-248,24176;0,166365;-0,045778;-0,040451;-0,98417;327,763092;402,159882;-776,977295
294;2,94;;;;;;;;0,202367;-0,009702;0,1422;-0,968882;387,446167;666,812988;-389,423737;0,000741;0,081683;-0,316387;-0,945107;249,77919;623,84613;-247,994858;0,16635;-0,045743;-0,040462;-0,984174;327,798462;402,180573;-776,978149
295;2,95;;;;;;;;0,201165;-0,009778;0,142381;-0,969105;387,429413;666,904297;-389,073059;-0,000662;0,082357;-0,316362;-0,945057;249,67984;623,421509;-247,740173;0,166344;-0,045736;-0,040481;-0,984174;327,813049;402,196655;-776,9823
296;2,96;;;;;;;;0,200232;-0,009857;0,142359;-0,969301;387,390137;667,00116;-388,736115;-0,002269;0,08316;-0,316464;-0,94495;249,565048;622,985718;-247,5;0,166354;-0,045751;-0,040441;-0,984174;327,796387;402,188812;-776,982666
297;2,97;;;;;;;;0,199214;-0,010368;0,14223;-0,969524;387,349487;667,096863;-388,397034;-0,003876;0,084057;-0,316679;-0,944793;249,43956;622,558777;-247,257568;0,166352;-0,045767;-0,040505;-0,984171;327,806183;402,212341;-776,993896
298;2,98;;;;;;;;0,197868;-0,010663;0,141593;-0,96989;387,326599;667,246094;-388,016449;-0,00539;0,084794;-0,317075;-0,944587;249,308044;622,134216;-247,01622;0,16632;-0,045741;-0,040471;-0,984179;327,815063;402,238708;-776,999146
299;2,99;;;;;;;;0,196638;-0,010523;0,141205;-0,970198;387,300507;667,342163;-387,641602;-0,006827;0,085591;-0,317173;-0,944473;249,185486;621,690674;-246,775024;0,166325;-0,045715;-0,040473;-0,984179;327,828949;402,249268;-776,99353
300;3;;;;;;;;0,195355;-0,010623;0,1412;-0,970457;387,270264;667,423645;-387,284729;-0,007742;0,086641;-0,317229;-0,944351;249,096603;621,231018;-246,528183;0,166315;-0,04571;-0,04055;-0,984178;327,84967;402,281403;-777,003174
301;3,01;;;;;;;;0,194151;-0,010851;0,141494;-0,970653;387,240234;667,499634;-386,931396;-0,009126;0,087408;-0,31722;-0,944271;248,965668;620,784302;-246,288757;0,166277;-0,045718;-0,040571;-0,984183;327,84137;402,319977;-777,017883
302;3,02;;;;;;;;0,192806;-0,011611;0,141856;-0,970859;387,18927;667,58606;-386,596863;-0,010508;0,088233;-0,317183;-0,944193;248,832825;620,345276;-246,043594;0,166809;-0,046051;-0,040537;-0,984079;327,590698;401,896667;-776,85376
303;3,03;;;;;;;;0,191575;-0,011656;0,141752;-0,971118;387,140167;667,647034;-386,255676;-0,012068;0,089036;-0,317487;-0,943996;248,688324;619,907715;-245,81778;0,166893;-0,046139;-0,040568;-0,984059;327,526306;401,833893;-776,83429
304;3,04;;;;;;;;0,190493;-0,011862;0,14189;-0,971308;387,11908;667,698242;-385,921051;-0,013517;0,08981;-0,317762;-0,943811;248,550827;619,479919;-245,59874;0,166941;-0,046188;-0,040594;-0,984048;327,491516;401,803955;-776,834656
305;3,05;;;;;;;;0,189456;-0,012003;0,141486;-0,971568;387,091034;667,743896;-385,573273;-0,014795;0,090549;-0,317889;-0,943678;248,434753;619,054138;-245,39183;0,166978;-0,046163;-0,040648;-0,98404;327,516998;401,788635;-776,824951
306;3,06;;;;;;;;0,188517;-0,012002;0,141615;-0,971732;387,066956;667,793152;-385,23111;-0,015863;0,091436;-0,318019;-0,943532;248,335663;618,614929;-245,180939;0,166992;-0,04626;-0,040678;-0,984032;327,449951;401,773682;-776,842712
307;3,07;;;;;;;;0,187636;-0,011909;0,141731;-0,971887;387,061371;667,83728;-384,902161;-0,017153;0,092126;-0,318102;-0,943414;248,233871;618,202393;-244,978058;0,167029;-0,046273;-0,040699;-0,984024;327,448151;401,74527;-776,832214
308;3,08;;;;;;;;0,186569;-0,011878;0,141633;-0,972107;387,044495;667,875977;-384,567322;-0,018512;0,092734;-0,318205;-0,943294;248,134995;617,795654;-244,781448;0,167049;-0,046268;-0,040707;-0,984021;327,458954;401,725464;-776,826843
309;3,09;;;;;;;;0,185438;-0,011825;0,141548;-0,972336;387,03183;667,913452;-384,226776;-0,02005;0,093439;-0,318396;-0,943128;248,031342;617,379578;-244,567566;0,167074;-0,04626;-0,040733;-0,984016;327,477631;401,705841;-776,81488
310;3,1;;;;;;;;0,184202;-0,011833;0,141261;-0,972613;387,006561;667,951843;-383,869873;-0,021355;0,094114;-0,318413;-0,943027;247,930084;616,966736;-244,354416;0,16713;-0,046348;-0,040782;-0,984;327,440247;401,662262;-776,804199
311;3,11;;;;;;;;0,183079;-0,011891;0,140973;-0,972866;386,995667;667,995361;-383,513763;-0,02276;0,094846;-0,318726;-0,942815;247,830505;616,546936;-244,136368;0,167137;-0,046346;-0,040805;-0,983998;327,457428;401,658844;-776,796936
312;3,12;;;;;;;;0,181954;-0,012064;0,140943;-0,973079;386,981995;668,043335;-383,164398;-0,024093;0,09547;-0,318758;-0,942708;247,739105;616,138977;-243,930374;0,167206;-0,046319;-0,040741;-0,98399;327,473938;401,593262;-776,759766
313;3,13;;;;;;;;0,180835;-0,011789;0,141253;-0,973246;386,972565;668,094727;-382,811127;-0,025343;0,096273;-0,318629;-0,942637;247,640823;615,71759;-243,72937;0,167189;-0,04631;-0,040733;-0,983994;327,483459;401,602234;-776,762024
314;3,14;;;;;;;;0,179618;-0,011573;0,141195;-0,973482;386,956146;668,137634;-382,449554;-0,026612;0,097044;-0,318637;-0,94252;247,553589;615,306519;-243,524246;0,167242;-0,046373;-0,040817;-0,983978;327,470428;401,58075;-776,756348
315;3,15;;;;;;;;0,178391;-0,011552;0,141151;-0,973714;386,937866;668,182495;-382,088776;-0,02797;0,097728;-0,318531;-0,942446;247,455338;614,903259;-243,319748;0,167306;-0,0464;-0,040875;-0,983964;327,470917;401,548859;-776,743286
316;3,16;;;;;;;;0,177127;-0,011528;0,140778;-0,973999;386,921448;668,234131;-381,728973;-0,029478;0,098435;-0,318517;-0,942331;247,334381;614,481628;-243,119293;0,167318;-0,046395;-0,040871;-0,983962;327,473206;401,541168;-776,739868
317;3,17;;;;;;;;0,175979;-0,011477;0,140545;-0,974242;386,902679;668,283508;-381,381104;-0,030954;0,099093;-0,318717;-0,942148;247,212524;614,069824;-242,92363;0,167392;-0,04639;-0,040876;-0,98395;327,478363;401,49646;-776,714905
318;3,18;;;;;;;;0,174834;-0,01143;0,140554;-0,974447;386,888092;668,328613;-381,04187;-0,032263;0,099778;-0,318985;-0,941941;247,094986;613,65863;-242,725891;0,167458;-0,046441;-0,040966;-0,983932;327,459564;401,469299;-776,705261
319;3,19;;;;;;;;0,173683;-0,011229;0,140897;-0,974606;386,880798;668,371826;-380,705322;-0,033627;0,100367;-0,319153;-0,941774;246,976852;613,243774;-242,534851;0,16747;-0,046467;-0,040965;-0,983929;327,43631;401,464844;-776,710327
320;3,2;;;;;;;;0,172556;-0,011279;0,141151;-0,974768;386,872864;668,418884;-380,362793;-0,034935;0,101054;-0,319038;-0,941691;246,867996;612,843201;-242,347473;0,167515;-0,046516;-0,04104;-0,983916;327,417023;401,453552;-776,705566
321;3,21;;;;;;;;0,171369;-0,011197;0,140876;-0,975019;386,829224;668,466797;-380,015015;-0,036336;0,101621;-0,319334;-0,941477;246,760529;612,450012;-242,16655;0,16755;-0,046471;-0,041037;-0,983912;327,44278;401,437927;-776,682495
322;3,22;;;;;;;;0,17024;-0,011107;0,14072;-0,97524;386,816345;668,510376;-379,680725;-0,037687;0,102213;-0,31935;-0,941354;246,655792;612,066406;-241,985001;0,167595;-0,046456;-0,041059;-0,983904;327,457062;401,420654;-776,667236
323;3,23;;;;;;;;0,169143;-0,01121;0,140555;-0,975453;386,820404;668,549866;-379,345032;-0,039077;0,102917;-0,319551;-0,941153;246,565765;611,682861;-241,803085;0,167632;-0,046555;-0,041112;-0,983891;327,402222;401,40683;-776,67395
324;3,24;;;;;;;;0,168563;-0,0136;0,137862;-0,975908;386,913788;668,618469;-378,946075;-0,040423;0,103537;-0,319573;-0,94102;246,469467;611,299072;-241,624863;0,167688;-0,046483;-0,041118;-0,983885;327,457275;401,382385;-776,646912
325;3,25;;;;;;;;0,167715;-0,014072;0,13741;-0,976111;386,945648;668,665649;-378,604187;-0,041662;0,104197;-0,319527;-0,940909;246,378357;610,929504;-241,445862;0,167714;-0,046446;-0,041137;-0,983881;327,489746;401,376465;-776,634094
326;3,26;;;;;;;;0,166652;-0,013988;0,13725;-0,976317;386,943695;668,707764;-378,277435;-0,043035;0,104731;-0,319781;-0,940702;246,276535;610,554016;-241,281891;0,167698;-0,046504;-0,041164;-0,98388;327,457825;401,395142;-776,652405
327;3,27;;;;;;;;0,165629;-0,013936;0,136714;-0,976566;386,93576;668,744507;-377,955627;-0,044263;0,105283;-0,319752;-0,940593;246,195145;610,176575;-241,112823;0,167727;-0,046501;-0,04119;-0,983874;327,47049;401,387115;-776,64978
328;3,28;;;;;;;;0,164521;-0,014229;0,136418;-0,976791;386,928772;668,781067;-377,632355;-0,045364;0,105926;-0,319536;-0,940542;246,113525;609,813171;-240,943634;0,167734;-0,046478;-0,041154;-0,983876;327,479248;401,381073;-776,644592
329;3,29;;;;;;;;0,163611;-0,01463;0,136133;-0,976978;386,932434;668,813599;-377,309479;-0,046638;0,106594;-0,319653;-0,940364;246,030426;609,449585;-240,774216;0,16773;-0,046497;-0,041164;-0,983875;327,472778;401,389374;-776,646729
330;3,3;;;;;;;;0,162681;-0,01485;0,13595;-0,977155;386,930573;668,84137;-376,99176;-0,047925;0,107245;-0,319786;-0,94018;245,934311;609,086487;-240,613815;0,167726;-0,04652;-0,041137;-0,983876;327,450043;401,387878;-776,651306
331;3,31;;;;;;;;0,161738;-0,015208;0,135628;-0,977351;386,935486;668,873596;-376,671967;-0,049064;0,107931;-0,319801;-0,940038;245,843552;608,724365;-240,447723;0,167727;-0,046502;-0,041156;-0,983876;327,466064;401,393494;-776,649902
332;3,32;;;;;;;;0,160688;-0,015291;0,135347;-0,977562;386,928986;668,895935;-376,352081;-0,050343;0,108571;-0,319774;-0,939906;245,751724;608,341858;-240,275436;0,16773;-0,04651;-0,041176;-0,983874;327,459503;401,3927;-776,651245
333;3,33;;;;;;;;0,159665;-0,015277;0,135176;-0,977753;386,9198;668,915955;-376,049713;-0,051533;0,109172;-0,319859;-0,939742;245,651276;607,95697;-240,109482;0,167738;-0,046509;-0,041195;-0,983872;327,459381;401,387268;-776,64679
334;3,34;;;;;;;;0,158643;-0,015146;0,134818;-0,977971;386,904541;668,940247;-375,750397;-0,052709;0,109764;-0,319846;-0,939613;245,549911;607,586121;-239,953003;0,167726;-0,046539;-0,041237;-0,983871;327,439484;401,398346;-776,65863
335;3,35;;;;;;;;0,15753;-0,013151;0,136912;-0,977889;386,801422;668,926941;-375,40567;-0,053952;0,11029;-0,319909;-0,939459;245,453415;607,224121;-239,803772;0,167738;-0,046516;-0,041193;-0,983872;327,438263;401,377441;-776,652527
336;3,36;;;;;;;;0,156552;-0,012713;0,137618;-0,977953;386,774261;668,937439;-375,079132;-0,055257;0,110828;-0,320146;-0,939239;245,354507;606,860352;-239,654541;0,16774;-0,046549;-0,041183;-0,98387;327,40799;401,367615;-776,661987
337;3,37;;;;;;;;0,155601;-0,012781;0,137858;-0,97807;386,754944;668,949097;-374,755005;-0,056438;0,111358;-0,320276;-0,939062;245,266235;606,480042;-239,495087;0,167756;-0,046536;-0,041225;-0,983866;327,427032;401,35849;-776,656982
338;3,38;;;;;;;;0,154712;-0,012797;0,138073;-0,97818;386,754089;668,960205;-374,432007;-0,057761;0,111965;-0,320433;-0,938856;245,180893;606,098083;-239,334946;0,167738;-0,046497;-0,041188;-0,983873;327,444397;401,359863;-776,652588
339;3,39;;;;;;;;0,153597;-0,013065;0,137851;-0,978384;386,753052;668,968079;-374,10141;-0,059093;0,112582;-0,320393;-0,938713;245,100479;605,710388;-239,167206;0,167732;-0,046551;-0,04119;-0,983871;327,411835;401,356689;-776,662292
340;3,4;;;;;;;;0,152349;-0,012799;0,137779;-0,978592;386,748199;668,977722;-373,751587;-0,060573;0,113144;-0,320497;-0,938515;245,012253;605,302612;-238,997894;0,167697;-0,046563;-0,04121;-0,983876;327,410828;401,377167;-776,672913
341;3,41;;;;;;;;0,151149;-0,012773;0,137407;-0,978831;386,751007;668,990906;-373,40451;-0,061901;0,113814;-0,320555;-0,938328;244,928741;604,899963;-238,820724;0,167693;-0,046558;-0,041213;-0,983877;327,422333;401,375824;-776,670044
342;3,42;;;;;;;;0,149494;-0,010367;0,140307;-0,978702;386,655579;668,981689;-373,134064;-0,063222;0,114404;-0,320716;-0,938113;244,852524;604,500916;-238,648087;0,167714;-0,046587;-0,041207;-0,983872;327,411774;401,357971;-776,661621
343;3,43;;;;;;;;0,148877;-0,01223;0,138117;-0,979086;386,737183;669,012878;-372,771729;-0,064493;0,114974;-0,320746;-0,937946;244,778107;604,101379;-238,480103;0,167698;-0,046613;-0,041194;-0,983874;327,400238;401,360504;-776,665588
344;3,44;;;;;;;;0,148006;-0,012754;0,137643;-0,979278;386,772156;669,035461;-372,436554;-0,065705;0,115694;-0,320804;-0,937754;244,692902;603,72998;-238,326645;0,167688;-0,046595;-0,041209;-0,983876;327,421021;401,372803;-776,665222
345;3,45;;;;;;;;0,146991;-0,012888;0,137583;-0,979438;386,780304;669,049744;-372,111603;-0,066966;0,116285;-0,320861;-0,937572;244,615326;603,36499;-238,174225;0,167692;-0,046589;-0,041204;-0,983876;327,43335;401,371857;-776,665466
346;3,46;;;;;;;;0,145966;-0,013419;0,137786;-0,979555;386,762512;669,092224;-371,742065;-0,068257;0,116837;-0,320945;-0,937382;244,546204;602,99707;-238,020569;0,167706;-0,046556;-0,041164;-0,983877;327,451721;401,361328;-776,654663
347;3,47;;;;;;;;0,144909;-0,013411;0,137442;-0,979761;386,740082;669,115112;-371,40387;-0,069543;0,117536;-0,320932;-0,937204;244,461014;602,631897;-237,858322;0,167695;-0,046572;-0,041199;-0,983876;327,44873;401,37619;-776,66217
348;3,48;;;;;;;;0,143832;-0,013367;0,137448;-0,979919;386,728394;669,12738;-371,084381;-0,070924;0,118139;-0,320877;-0,937044;244,373703;602,24823;-237,700287;0,167693;-0,046585;-0,041223;-0,983875;327,438416;401,383057;-776,666809
349;3,49;;;;;;;;0,142902;-0,013294;0,137618;-0,980032;386,724335;669,140991;-370,777039;-0,072131;0,11887;-0,320915;-0,936846;244,287079;601,859863;-237,544052;0,167674;-0,046621;-0,041219;-0,983876;327,408325;401,395599;-776,677307
350;3,5;;;;;;;;0,141993;-0,013265;0,137559;-0,980173;386,715942;669,151184;-370,46875;-0,073302;0,119488;-0,320879;-0,936689;244,196075;601,476929;-237,384979;0,16767;-0,046614;-0,041236;-0,983877;327,411011;401,405243;-776,675781
351;3,51;;;;;;;;0,14108;-0,013294;0,137461;-0,980318;386,713196;669,162659;-370,160797;-0,074541;0,120005;-0,32064;-0,936607;244,111557;601,098572;-237,233368;0,167686;-0,046591;-0,041205;-0,983876;327,405365;401,395355;-776,663879
352;3,52;;;;;;;;0,14001;-0,013316;0,137153;-0,980515;386,705383;669,178162;-369,847931;-0,075882;0,12055;-0,320796;-0,936376;244,012054;600,728638;-237,086685;0,167696;-0,046635;-0,041231;-0,983872;327,377014;401,396454;-776,671875
353;3,53;;;;;;;;0,139014;-0,013023;0,136963;-0,980687;386,685394;669,184998;-369,532074;-0,077214;0,121128;-0,320674;-0,936234;243,931961;600,370789;-236,935226;0,16767;-0,046649;-0,041231;-0,983875;327,363617;401,416656;-776,686401
354;3,54;;;;;;;;0,138089;-0,012713;0,136981;-0,980819;386,663849;669,193848;-369,20993;-0,078603;0,121828;-0,320814;-0,93598;243,850357;600,005554;-236,77771;0,167696;-0,046578;-0,041235;-0,983874;327,41095;401,405731;-776,663696
355;3,55;;;;;;;;0,137093;-0,012677;0,137144;-0,980937;386,658539;669,19989;-368,879669;-0,079975;0,122447;-0,320897;-0,935754;243,776749;599,621216;-236,623047;0,167668;-0,046634;-0,041259;-0,983875;327,377625;401,427917;-776,68396
356;3,56;;;;;;;;0,13606;-0,012665;0,137318;-0,981056;386,657715;669,20697;-368,541199;-0,081314;0,123038;-0,320979;-0,935533;243,697891;599,219604;-236,466919;0,167654;-0,046625;-0,041262;-0,983878;327,386597;401,440857;-776,696106
357;3,57;;;;;;;;0,13506;-0,01273;0,137243;-0,981204;386,655914;669,213623;-368,218018;-0,082659;0,123621;-0,320949;-0,935349;243,626862;598,816528;-236,310059;0,16765;-0,046601;-0,041238;-0,983881;327,398315;401,439148;-776,694092
358;3,58;;;;;;;;0,134105;-0,012513;0,13711;-0,981356;386,649536;669,211548;-367,902344;-0,084046;0,124151;-0,320943;-0,935157;243,563705;598,424805;-236,153259;0,167686;-0,046616;-0,041229;-0,983874;327,387268;401,411865;-776,682007
359;3,59;;;;;;;;0,133087;-0,012541;0,136979;-0,981513;386,653015;669,211243;-367,597565;-0,085441;0,124819;-0,320922;-0,934949;243,493942;598,032654;-236,004333;0,167685;-0,046572;-0,041188;-0,983878;327,414093;401,408783;-776,676941
360;3,6;;;;;;;;0,132028;-0,012399;0,136842;-0,981677;386,65213;669,21051;-367,285065;-0,086752;0,125429;-0,320742;-0,934808;243,42984;597,657104;-235,847687;0,167684;-0,046582;-0,041226;-0,983876;327,411255;401,416595;-776,680847
361;3,61;;;;;;;;0,130931;-0,012081;0,136781;-0,981836;386,637512;669,180603;-366,973206;-0,087986;0,12599;-0,320703;-0,934631;243,375778;597,300598;-235,70311;0,167682;-0,046577;-0,041228;-0,983877;327,419708;401,416321;-776,678833
362;3,62;;;;;;;;0,130057;-0,012118;0,13684;-0,981944;386,647217;669,198608;-366,656799;-0,089278;0,126545;-0,32052;-0,934496;243,321152;596,932678;-235,557068;0,167695;-0,046585;-0,0412;-0,983876;327,409393;401,400055;-776,674988
363;3,63;;;;;;;;0,129161;-0,012335;0,136917;-0,982048;386,643494;669,200928;-366,346863;-0,090531;0,127165;-0,320484;-0,934304;243,259048;596,574463;-235,412567;0,167675;-0,046655;-0,041246;-0,983873;327,371796;401,414886;-776,693054
364;3,64;;;;;;;;0,128068;-0,012381;0,136683;-0,982224;386,621002;669,161316;-366,049652;-0,091773;0,12778;-0,32056;-0,934072;243,195496;596,216614;-235,263336;0,167666;-0,046544;-0,041218;-0,983882;327,436554;401,417114;-776,673706
365;3,65;;;;;;;;0,127095;-0,012496;0,136619;-0,982357;386,62149;669,150879;-365,745605;-0,092996;0,128462;-0,320667;-0,933821;243,148361;595,856201;-235,113342;0,167699;-0,046589;-0,041209;-0,983874;327,405212;401,38681;-776,671265
366;3,66;;;;;;;;0,126101;-0,012659;0,13657;-0,98249;386,62381;669,147827;-365,430542;-0,09432;0,12907;-0,32076;-0,933573;243,079361;595,490845;-234,968521;0,167649;-0,046579;-0,041187;-0,983884;327,406647;401,418976;-776,689392
367;3,67;;;;;;;;0,125092;-0,012481;0,136637;-0,982612;386,617981;669,137756;-365,113678;-0,095664;0,129628;-0,320511;-0,933444;243,006836;595,119385;-234,82901;0,167659;-0,04657;-0,041224;-0,983881;327,413696;401,415802;-776,68689
368;3,68;;;;;;;;0,124068;-0,01228;0,136354;-0,982784;386,612732;669,128479;-364,79776;-0,097039;0,130151;-0,320409;-0,933264;242,937912;594,74707;-234,689026;0,16766;-0,046596;-0,041274;-0,983878;327,400635;401,421875;-776,694031
369;3,69;;;;;;;;0,123064;-0,012162;0,136445;-0,982899;386,622131;669,126892;-364,476746;-0,098303;0,130685;-0,320219;-0,933123;242,891357;594,377625;-234,536636;0,16766;-0,046561;-0,041178;-0,983883;327,409729;401,408905;-776,687744
370;3,7;;;;;;;;0,121939;-0,012025;0,13648;-0,983036;386,615997;669,12262;-364,13562;-0,099747;0,131302;-0,320049;-0,932941;242,845917;593,984253;-234,377045;0,167657;-0,046503;-0,041192;-0,983886;327,459259;401,419586;-776,676514
371;3,71;;;;;;;;0,12083;-0,012316;0,136606;-0,983152;386,632477;669,109192;-363,781189;-0,101175;0,131937;-0,319827;-0,932774;242,783585;593,579346;-234,219223;0,167637;-0,046542;-0,041233;-0,983886;327,438568;401,435211;-776,684998
372;3,72;;;;;;;;0,119663;-0,012699;0,136307;-0,983331;386,632538;669,092468;-363,419189;-0,102623;0,132557;-0,319688;-0,932575;242,733154;593,174316;-234,054535;0,167622;-0,046616;-0,041214;-0,983886;327,382507;401,438446;-776,699524
373;3,73;;;;;;;;0,118555;-0,01272;0,136171;-0,983484;386,637878;669,082458;-363,061615;-0,104135;0,133173;-0,319374;-0,932428;242,691422;592,760437;-233,891052;0,167626;-0,04656;-0,041206;-0,983888;327,432434;401,43924;-776,689636
374;3,74;;;;;;;;0,117479;-0,012499;0,136095;-0,983626;386,630524;669,07666;-362,709534;-0,105645;0,133882;-0,319461;-0,932126;242,636734;592,346313;-233,732544;0,167615;-0,046609;-0,041193;-0,983888;327,395599;401,442383;-776,700562
375;3,75;;;;;;;;0,116356;-0,012246;0,136136;-0,983757;386,622192;669,068787;-362,359528;-0,107094;0,134644;-0,319455;-0,931853;242,568878;591,933167;-233,570679;0,167624;-0,046583;-0,041171;-0,983889;327,408447;401,432526;-776,692993
376;3,76;;;;;;;;0,115254;-0,012275;0,136256;-0,98387;386,63739;669,0578;-362,01712;-0,108585;0,13536;-0,319523;-0,931554;242,511124;591,533569;-233,414886;0,167607;-0,046593;-0,041151;-0,983892;327,39798;401,439056;-776,702637
377;3,77;;;;;;;;0,114266;-0,012427;0,136305;-0,983977;386,647705;669,040466;-361,687225;-0,110051;0,135903;-0,319611;-0,931272;242,456436;591,134766;-233,266754;0,167629;-0,04662;-0,041192;-0,983885;327,391571;401,430603;-776,702454
378;3,78;;;;;;;;0,113207;-0,012388;0,136312;-0,984098;386,644135;669,028381;-361,352386;-0,111492;0,136452;-0,319444;-0,931078;242,402786;590,739563;-233,120773;0,167615;-0,046641;-0,04126;-0,983884;327,389526;401,455536;-776,719788
379;3,79;;;;;;;;0,112089;-0,012451;0,136223;-0,984238;386,637695;669,016174;-361,006989;-0,112799;0,137248;-0,319238;-0,930874;242,35347;590,355408;-232,968964;0,167624;-0,046661;-0,041244;-0,983882;327,374268;401,445129;-776,716248
380;3,8;;;;;;;;0,110897;-0,012595;0,136158;-0,98438;386,629059;668,993774;-360,646881;-0,11433;0,137916;-0,319033;-0,930659;242,302948;589,946289;-232,817505;0,167605;-0,046713;-0,041211;-0,983884;327,324463;401,446655;-776,730408
381;3,81;;;;;;;;0,109744;-0,012485;0,136222;-0,984502;386,616577;668,973694;-360,287018;-0,115893;0,138446;-0,319009;-0,930395;242,24408;589,523438;-232,669891;0,16758;-0,046711;-0,041281;-0,983886;327,336884;401,47406;-776,739136
382;3,82;;;;;;;;0,108714;-0,012346;0,136525;-0,984576;386,609467;668,954163;-359,930481;-0,117364;0,139055;-0,318853;-0,930173;242,187271;589,098389;-232,512482;0,167595;-0,046736;-0,041277;-0,983882;327,318207;401,458923;-776,736389
383;3,83;;;;;;;;0,107512;-0,012373;0,136579;-0,9847;386,605438;668,93158;-359,570557;-0,118903;0,139755;-0,318589;-0,929963;242,124573;588,658936;-232,35849;0,167581;-0,046736;-0,041246;-0,983886;327,309143;401,461151;-776,736877
384;3,84;;;;;;;;0,106394;-0,012344;0,136347;-0,984854;386,603302;668,912354;-359,219421;-0,12049;0,140392;-0,318636;-0,929647;242,06076;588,2276;-232,203415;0,167568;-0,04674;-0,041296;-0,983886;327,314667;401,478241;-776,745667
385;3,85;;;;;;;;0,105239;-0,012464;0,135854;-0,985045;386,60907;668,890686;-358,864349;-0,12205;0,141013;-0,318586;-0,929367;242,005112;587,805115;-232,058228;0,16756;-0,046752;-0,041282;-0,983887;327,30072;401,479156;-776,753662
386;3,86;;;;;;;;0,104044;-0,012378;0,135884;-0,985169;386,611755;668,864868;-358,499146;-0,123634;0,141726;-0,318275;-0,929155;241,950897;587,373962;-231,908066;0,167553;-0,046788;-0,041236;-0,983888;327,261383;401,473572;-776,766968
387;3,87;;;;;;;;0,102893;-0,012384;0,135832;-0,985297;386,596497;668,843384;-358,133545;-0,125092;0,142519;-0,318295;-0,928832;241,903824;586,954041;-231,761551;0,16758;-0,046793;-0,041275;-0,983882;327,272339;401,466675;-776,762878
388;3,88;;;;;;;;0,101728;-0,012287;0,136054;-0,985388;386,579865;668,819702;-357,765991;-0,126619;0,143267;-0,318244;-0,928527;241,860382;586,523682;-231,609192;0,167581;-0,046763;-0,041301;-0,983882;327,302643;401,47641;-776,762939
389;3,89;;;;;;;;0,100596;-0,012435;0,136355;-0,985461;386,578766;668,791748;-357,392975;-0,128208;0,144018;-0,318059;-0,928257;241,808868;586,080505;-231,451508;0,167573;-0,046783;-0,041282;-0,983883;327,284546;401,478271;-776,769165
390;3,9;;;;;;;;0,099344;-0,012452;0,136369;-0,985586;386,578766;668,761353;-357,01709;-0,129932;0,144712;-0,317955;-0,927944;241,7565;585,633606;-231,299423;0,16756;-0,046773;-0,041316;-0,983885;327,298523;401,494293;-776,772705
391;3,91;;;;;;;;0,098238;-0,010252;0,139177;-0,985329;386,476196;668,705017;-356,622528;-0,131541;0,145361;-0,317966;-0,927612;241,700089;585,192078;-231,151672;0,16746;-0,045477;-0,041353;-0,983961;328,286926;401,683929;-776,601685
392;3,92;;;;;;;;0,097074;-0,009532;0,139582;-0,985395;386,441315;668,670532;-356,262848;-0,133127;0,146081;-0,317809;-0,927327;241,636902;584,741882;-231,008408;0,167442;-0,045169;-0,041315;-0,98398;328,513184;401,717224;-776,556702
393;3,93;;;;;;;;0,09594;-0,009593;0,138901;-0,985601;386,44281;668,63916;-355,903259;-0,134603;0,146769;-0,317644;-0,927061;241,583954;584,308167;-230,862686;0,167437;-0,045136;-0,041316;-0,983982;328,531738;401,722656;-776,553284
394;3,94;;;;;;;;0,09479;-0,009869;0,138711;-0,985737;386,457672;668,610352;-355,532318;-0,136062;0,147363;-0,31732;-0,926865;241,538498;583,876526;-230,718765;0,167457;-0,04521;-0,04135;-0,983974;328,483887;401,7117;-776,558167
395;3,95;;;;;;;;0,093567;-0,010364;0,138778;-0,985839;386,463989;668,57251;-355,151581;-0,137694;0,148002;-0,317156;-0,926578;241,485245;583,424988;-230,571213;0,16746;-0,045341;-0,041353;-0,983967;328,386414;401,698822;-776,582153
396;3,96;;;;;;;;0,092286;-0,010725;0,138463;-0,986;386,45871;668,532532;-354,768738;-0,139358;0,148646;-0,316922;-0,926307;241,430313;582,978149;-230,417725;0,167437;-0,045453;-0,041384;-0,983965;328,304779;401,707642;-776,606018
397;3,97;;;;;;;;0,091047;-0,010839;0,137898;-0,986193;386,456726;668,49054;-354,381561;-0,141148;0,149419;-0,316723;-0,925979;241,37384;582,516663;-230,271805;0,167429;-0,045717;-0,04141;-0,983953;328,115997;401,695679;-776,652893
398;3,98;;;;;;;;0,089812;-0,010796;0,137798;-0,986321;386,4664;668,44635;-353,985535;-0,142908;0,150143;-0,316495;-0,92567;241,324692;582,040833;-230,121674;0,167426;-0,045822;-0,041378;-0,98395;328,031708;401,677917;-776,672668
399;3,99;;;;;;;;0,088576;-0,010805;0,137842;-0,986426;386,483856;668,402527;-353,589417;-0,144566;0,150918;-0,316488;-0,925289;241,266235;581,537354;-229,971985;0,167425;-0,045899;-0,041356;-0,983947;327,96814;401,665985;-776,68573
400;4;;;;;;;;0,087246;-0,01085;0,137642;-0,986572;386,483307;668,357239;-353,208832;-0,146162;0,151526;-0,316402;-0,924968;241,19455;581,038574;-229,823273;0,167414;-0,045986;-0,041428;-0,983942;327,92218;401,678925;-776,706604
401;4,01;;;;;;;;0,086025;-0,011024;0,137395;-0,986712;386,495087;668,316772;-352,82666;-0,147906;0,152211;-0,3163;-0,924613;241,140259;580,5578;-229,674057;0,167461;-0,045828;-0,041407;-0,983942;328,044006;401,652588;-776,662354
402;4,02;;;;;;;;0,084808;-0,011295;0,13706;-0,986861;386,504822;668,272034;-352,424011;-0,149665;0,15305;-0,315911;-0,924325;241,094238;580,088623;-229,528305;0,167573;-0,045068;-0,041378;-0,983959;328,625366;401,625519;-776,483215
403;4,03;;;;;;;;0,083537;-0,011498;0,137088;-0,986963;386,518127;668,224609;-352,012299;-0,151386;0,153894;-0,315487;-0,924049;241,054031;579,611755;-229,373367;0,167618;-0,044874;-0,041346;-0,983962;328,768768;401,602814;-776,429382
404;4,04;;;;;;;;0,082236;-0,011534;0,136897;-0,987099;386,50766;668,175842;-351,619904;-0,153138;0,154615;-0,315537;-0,923623;241,007339;579,133179;-229,223068;0,167623;-0,044948;-0,041388;-0,983956;328,727386;401,601166;-776,437683
405;4,05;;;;;;;;0,080965;-0,011562;0,136577;-0,987248;386,501251;668,128235;-351,232758;-0,15483;0,155387;-0,31505;-0,923378;240,961502;578,633057;-229,078278;0,167617;-0,045116;-0,041376;-0,98395;328,602905;401,591919;-776,46814
406;4,06;;;;;;;;0,0797;-0,011567;0,136519;-0,987358;386,504272;668,079529;-350,837646;-0,156489;0,156136;-0,314925;-0,923014;240,904114;578,141663;-228,93811;0,167616;-0,045556;-0,04142;-0,983928;328,286255;401,569489;-776,545044
407;4,07;;;;;;;;0,078438;-0,011595;0,136701;-0,987434;386,512939;668,034058;-350,450409;-0,158178;0,156906;-0,314897;-0,922605;240,836288;577,652954;-228,808655;0,167611;-0,045636;-0,041411;-0,983925;328,217163;401,566315;-776,559326
408;4,08;;;;;;;;0,077167;-0,011501;0,136131;-0,987614;386,495697;667,985535;-350,05423;-0,159993;0,157713;-0,314633;-0,922245;240,768784;577,162048;-228,671722;0,167629;-0,045638;-0,041447;-0,983921;328,223633;401,564606;-776,558899
409;4,09;;;;;;;;0,075925;-0,011449;0,135935;-0,987738;386,470367;667,928833;-349,66214;-0,161801;0,158321;-0,314548;-0,921854;240,698166;576,683167;-228,546432;0,167672;-0,045346;-0,041435;-0,983927;328,437714;401,557709;-776,495056
410;4,1;;;;;;;;0,074593;-0,011479;0,135831;-0,987853;386,443604;667,875854;-349,264069;-0,163544;0,159044;-0,314394;-0,921474;240,629379;576,170288;-228,407074;0,167716;-0,045133;-0,041407;-0,983931;328,587341;401,53949;-776,440002
411;4,11;;;;;;;;0,073233;-0,011596;0,13614;-0,987911;386,430634;667,816162;-348,860199;-0,165245;0,159711;-0,314098;-0,921156;240,570267;575,677979;-228,275391;0,167754;-0,045075;-0,041517;-0,983922;328,657745;401,542511;-776,419373
412;4,12;;;;;;;;0,071911;-0,011592;0,136311;-0,987985;386,423828;667,752991;-348,447296;-0,167101;0,160454;-0,313419;-0,920924;240,51918;575,15863;-228,143387;0,167786;-0,045018;-0,041534;-0,983919;328,705261;401,529694;-776,398926
413;4,13;;;;;;;;0,07052;-0,011473;0,136093;-0,988116;386,41684;667,681824;-348,025787;-0,168995;0,16125;-0,313173;-0,920523;240,453995;574,635803;-228,003998;0,167764;-0,044978;-0,041524;-0,983925;328,728424;401,544434;-776,399963
414;4,14;;;;;;;;0,069141;-0,011189;0,13598;-0,988233;386,400696;667,608215;-347,602234;-0,170841;0,162109;-0,312944;-0,920109;240,395874;574,102844;-227,86087;0,16778;-0,044931;-0,041538;-0,983924;328,76828;401,539459;-776,384033
415;4,15;;;;;;;;0,06782;-0,011086;0,136013;-0,988321;386,387512;667,535522;-347,177826;-0,172722;0,162919;-0,312622;-0,919724;240,334778;573,555176;-227,720688;0,167821;-0,044889;-0,041586;-0,983917;328,817169;401,523895;-776,363342
416;4,16;;;;;;;;0,066494;-0,011339;0,136077;-0,988399;386,375214;667,463623;-346,761261;-0,174605;0,16379;-0,312527;-0,919246;240,270905;573,019653;-227,596039;0,167826;-0,044734;-0,04155;-0,983924;328,927338;401,521271;-776,336914
417;4,17;;;;;;;;0,065182;-0,011372;0,13601;-0,988495;386,365784;667,38916;-346,351654;-0,176397;0,164597;-0,312459;-0,918782;240,210861;572,485352;-227,467499;0,167874;-0,044574;-0,041568;-0,983923;329,059448;401,502441;-776,291382
418;4,18;;;;;;;;0,063774;-0,011257;0,135802;-0,988617;386,351471;667,311768;-345,928436;-0,178306;0,165566;-0,312113;-0,918357;240,158691;571,946167;-227,341888;0,167887;-0,044473;-0,041558;-0,983925;329,137238;401,497314;-776,272156
419;4,19;;;;;;;;0,063031;-0,011336;0,135568;-0,988696;386,369507;667,276672;-345,469543;-0,180197;0,166256;-0,31213;-0,917857;240,102814;571,414734;-227,217056;0,167614;-0,046598;-0,041563;-0,983873;327,525482;401,525879;-776,745483
420;4,2;;;;;;;;0,061745;-0,011146;0,13525;-0,988823;386,362976;667,204163;-345,02533;-0,182145;0,167021;-0,311719;-0,917474;240,04454;570,854309;-227,084213;0,167832;-0,045156;-0,041582;-0,983903;328,638062;401,486938;-776,412231
421;4,21;;;;;;;;0,060224;-0,010958;0,135273;-0,988916;386,347534;667,112854;-344,592865;-0,184127;0,16784;-0,311287;-0,917076;239,99144;570,290649;-226,948441;0,167637;-0,046619;-0,041635;-0,983865;327,537231;401,519806;-776,738098
422;4,22;;;;;;;;0,058725;-0,010938;0,135487;-0,988977;386,330322;667,020142;-344,151947;-0,186164;0,168632;-0,311024;-0,916608;239,93457;569,722168;-226,818146;0,167554;-0,047335;-0,041629;-0,983846;326,99649;401,519897;-776,890747
423;4,23;;;;;;;;0,057247;-0,01105;0,135638;-0,989042;386,313995;666,925293;-343,705933;-0,188245;0,169504;-0,31059;-0,916169;239,870087;569,138123;-226,690262;0,167545;-0,047299;-0,041633;-0,983849;327,025024;401,527161;-776,887268
424;4,24;;;;;;;;0,055783;-0,010885;0,13575;-0,989112;386,282928;666,831421;-343,2771;-0,190137;0,170237;-0,310329;-0,915731;239,803299;568,556519;-226,57048;0,167557;-0,047373;-0,041665;-0,983842;326,979462;401,519806;-776,895569
425;4,25;;;;;;;;0,054249;-0,010501;0,135811;-0,989193;386,246033;666,740295;-342,857635;-0,192127;0,171017;-0,310168;-0,915224;239,722183;567,978638;-226,45694;0,167556;-0,047333;-0,041657;-0,983844;327,002319;401,519714;-776,889038
426;4,26;;;;;;;;0,052749;-0,010412;0,135949;-0,989256;386,223114;666,645508;-342,429749;-0,194118;0,17186;-0,309797;-0,914772;239,650558;567,422485;-226,344849;0,167582;-0,047389;-0,041719;-0,983834;326,976532;401,511475;-776,894287
427;4,27;;;;;;;;0,051316;-0,010374;0,136183;-0,989299;386,221466;666,546265;-342,005524;-0,196058;0,17276;-0,309517;-0,914284;239,591812;566,853699;-226,235809;0,167582;-0,047383;-0,041682;-0,983836;326,969177;401,503479;-776,895752
428;4,28;;;;;;;;0,049905;-0,010342;0,135954;-0,989403;386,202942;666,449097;-341,584381;-0,197922;0,173508;-0,309463;-0,913758;239,524185;566,292603;-226,125687;0,167568;-0,047403;-0,041679;-0,983838;326,949188;401,509796;-776,905212
429;4,29;;;;;;;;0,048405;-0,010318;0,135614;-0,989525;386,17099;666,349548;-341,157867;-0,199903;0,174353;-0,309043;-0,913309;239,453461;565,723755;-226,015778;0,167576;-0,047495;-0,041773;-0,983828;326,905304;401,518341;-776,922119
430;4,3;;;;;;;;0,046979;-0,010412;0,13544;-0,989616;386,141998;666,251892;-340,726959;-0,201869;0,175267;-0,30894;-0,912736;239,38855;565,168213;-225,915207;0,16758;-0,047524;-0,041753;-0,983827;326,883057;401,51181;-776,924011
431;4,31;;;;;;;;0,045464;-0,010364;0,135567;-0,98967;386,120789;666,153137;-340,30249;-0,203804;0,176195;-0,30862;-0,912235;239,324982;564,6026;-225,806854;0,167579;-0,047499;-0,041736;-0,983829;326,899384;401,511841;-776,92157
432;4,32;;;;;;;;0,043956;-0,010284;0,135581;-0,989737;386,107758;666,047607;-339,871887;-0,205772;0,177054;-0,308463;-0,91168;239,261322;564,019531;-225,706268;0,167592;-0,047492;-0,041769;-0,983826;326,913422;401,510895;-776,915161
433;4,33;;;;;;;;0,042614;-0,010049;0,135222;-0,989848;386,098846;665,947083;-339,434082;-0,207643;0,177797;-0,308201;-0,9112;239,19545;563,440918;-225,607788;0,167561;-0,047594;-0,041792;-0,983825;326,848328;401,531952;-776,9422
434;4,34;;;;;;;;0,041191;-0,010005;0,135301;-0,989897;386,091949;665,851929;-338,986816;-0,209702;0,178697;-0,308008;-0,910617;239,137344;562,85553;-225,502075;0,167567;-0,047627;-0,041806;-0,983822;326,831207;401,53064;-776,943481
435;4,35;;;;;;;;0,039611;-0,010112;0,135341;-0,989955;386,074829;665,751831;-338,538086;-0,211776;0,179484;-0,307597;-0,910121;239,074249;562,288879;-225,408585;0,167582;-0,047627;-0,041834;-0,983818;326,846436;401,530304;-776,936584
436;4,36;;;;;;;;0,038194;-0,010256;0,135113;-0,990041;386,044312;665,645874;-338,100403;-0,213885;0,180274;-0,30744;-0,909525;239,005371;561,698792;-225,311844;0,167584;-0,0476;-0,041806;-0,98382;326,862396;401,526428;-776,930359
437;4,37;;;;;;;;0,03683;-0,010331;0,135025;-0,990104;386,031372;665,536804;-337,663574;-0,215771;0,181076;-0,307027;-0,90906;238,943314;561,105957;-225,219818;0,167566;-0,047622;-0,041809;-0,983822;326,844421;401,539917;-776,94342
438;4,38;;;;;;;;0,035325;-0,010114;0,13502;-0,990161;386,015656;665,430481;-337,21637;-0,217721;0,181935;-0,306765;-0,908511;238,875366;560,512207;-225,128616;0,167567;-0,047634;-0,041834;-0,98382;326,842651;401,548096;-776,949707
439;4,39;;;;;;;;0,033758;-0,009865;0,134924;-0,990232;385,999023;665,324524;-336,775238;-0,219879;0,182756;-0,306527;-0,907907;238,804642;559,928101;-225,044907;0,167551;-0,047648;-0,041822;-0,983823;326,82489;401,55835;-776,961792
440;4,4;;;;;;;;0,032333;-0,009692;0,134559;-0,990331;385,963013;665,212524;-336,346649;-0,221914;0,18368;-0,306049;-0,907386;238,725754;559,335815;-224,972076;0,167582;-0,047661;-0,041838;-0,983816;326,81604;401,540222;-776,953857
441;4,41;;;;;;;;0,030957;-0,009738;0,134632;-0,990364;385,925659;665,096069;-335,915619;-0,223851;0,184579;-0,305918;-0,906772;238,659729;558,727844;-224,889908;0,167585;-0,047671;-0,041853;-0,983814;326,809998;401,540619;-776,957703
442;4,42;;;;;;;;0,02943;-0,009945;0,134735;-0,990395;385,897522;664,978088;-335,467499;-0,22576;0,185429;-0,305576;-0,906241;238,581009;558,127869;-224,816315;0,167605;-0,047698;-0,041819;-0,983811;326,777802;401,519379;-776,955261
443;4,43;;;;;;;;0,027837;-0,009958;0,134661;-0,990451;385,876953;664,852722;-334,998627;-0,227913;0,186247;-0,305392;-0,905596;238,509598;557,510437;-224,734558;0,167588;-0,04778;-0,041908;-0,983806;326,738251;401,543304;-776,974915
444;4,44;;;;;;;;0,026424;-0,009791;0,134398;-0,990527;385,858521;664,723755;-334,542816;-0,230065;0,187169;-0,305181;-0,904932;238,435974;556,88916;-224,650833;0,167557;-0,047728;-0,041892;-0,983815;326,766327;401,560974;-776,971863
445;4,45;;;;;;;;0,024898;-0,009725;0,13411;-0,990606;385,835175;664,59314;-334,090637;-0,232149;0,188197;-0,304586;-0,904387;238,365707;556,263245;-224,574005;0,167571;-0,047731;-0,041938;-0,98381;326,777252;401,556152;-776,965088
446;4,46;;;;;;;;0,023326;-0,009664;0,134131;-0,990642;385,808533;664,458374;-333,636871;-0,234192;0,18909;-0,304473;-0,903712;238,294449;555,618347;-224,502319;0,167596;-0,047728;-0,041905;-0,983808;326,77301;401,530029;-776,953003
447;4,47;;;;;;;;0,021869;-0,009698;0,134145;-0,990673;385,786469;664,331116;-333,178741;-0,236272;0,189992;-0,303898;-0,903175;238,223953;554,981873;-224,429428;0,167592;-0,047739;-0,041893;-0,983808;326,765747;401,528595;-776,959412
448;4,48;;;;;;;;0,020408;-0,009699;0,133601;-0,990778;385,750214;664,197144;-332,719208;-0,238447;0,190926;-0,303778;-0,902446;238,150711;554,35199;-224,367493;0,167588;-0,04778;-0,041923;-0,983806;326,748657;401,5336;-776,968689
449;4,49;;;;;;;;0,018807;-0,009634;0,133328;-0,990847;385,720459;664,061462;-332,26532;-0,240637;0,191651;-0,303451;-0,901821;238,083771;553,714417;-224,30162;0,167594;-0,047829;-0,041906;-0,983803;326,716431;401,520721;-776,974365
450;4,5;;;;;;;;0,017205;-0,009516;0,133297;-0,990881;385,697357;663,922424;-331,81012;-0,242791;0,192514;-0,303225;-0,901136;238,024689;553,070801;-224,236938;0,167583;-0,047821;-0,041901;-0,983806;326,726837;401,526459;-776,980896
451;4,51;;;;;;;;0,015715;-0,009331;0,133363;-0,990899;385,680908;663,780151;-331,360992;-0,244968;0,193352;-0,302963;-0,900455;237,965469;552,431213;-224,187317;0,167605;-0,047837;-0,041935;-0,9838;326,730133;401,517426;-776,977661
452;4,52;;;;;;;;0,014223;-0,00915;0,133313;-0,99093;385,662506;663,63916;-330,911621;-0,24714;0,194275;-0,302578;-0,899792;237,9021;551,790527;-224,135559;0,16759;-0,047825;-0,041946;-0,983802;326,744263;401,53064;-776,981445
453;4,53;;;;;;;;0,012712;-0,009176;0,132993;-0,990993;385,630554;663,50061;-330,452271;-0,24926;0,19514;-0,302423;-0,899072;237,840103;551,144897;-224,080246;0,167601;-0,047768;-0,04189;-0,983806;326,771912;401,517517;-776,966064
454;4,54;;;;;;;;0,011166;-0,009404;0,132766;-0,99104;385,5914;663,36084;-329,990601;-0,251432;0,195961;-0,302056;-0,898412;237,76944;550,501404;-224,025192;0,167868;-0,04584;-0,04188;-0,983852;328,242249;401,479584;-776,528687
455;4,55;;;;;;;;0,00963;-0,009465;0,132536;-0,991086;385,549164;663,217773;-329,523468;-0,253639;0,196822;-0,301784;-0,897694;237,692551;549,852356;-223,977768;0,16794;-0,04525;-0,041819;-0,98387;328,672028;401,461548;-776,396057
456;4,56;;;;;;;;0,008156;-0,009269;0,132364;-0,991124;385,515442;663,074463;-329,072174;-0,255781;0,197858;-0,301454;-0,896969;237,612091;549,182922;-223,929825;0,167905;-0,045449;-0,041815;-0,983867;328,514923;401,471985;-776,4422
457;4,57;;;;;;;;0,006618;-0,008945;0,132359;-0,99114;385,493042;662,931213;-328,618744;-0,257998;0,198679;-0,301186;-0,896243;237,525558;548,527954;-223,892761;0,167875;-0,045676;-0,041813;-0,983861;328,333466;401,477356;-776,493652
458;4,58;;;;;;;;0,005015;-0,008906;0,132246;-0,991164;385,452515;662,78363;-328,157532;-0,26023;0,199628;-0,300886;-0,895487;237,450394;547,87085;-223,859039;0,167852;-0,045834;-0,041848;-0,983857;328,214172;401,489136;-776,53302
459;4,59;;;;;;;;0,003469;-0,008993;0,13194;-0,991211;385,396027;662,631897;-327,705017;-0,262368;0,200635;-0,300578;-0,894741;237,37355;547,217529;-223,83725;0,167843;-0,046014;-0,04182;-0,983851;328,069;401,480133;-776,572449
460;4,6;;;;;;;;0,001976;-0,009169;0,131691;-0,991246;385,358826;662,483459;-327,25943;-0,264542;0,201518;-0,300426;-0,893953;237,302505;546,551819;-223,810257;0,167819;-0,046167;-0,041853;-0,983846;327,953644;401,495087;-776,618103
461;4,61;;;;;;;;0,000389;-0,009097;0,131836;-0,99123;385,338531;662,33313;-326,806763;-0,266749;0,202459;-0,300272;-0,893136;237,231186;545,895325;-223,776932;0,167806;-0,046321;-0,041852;-0,983842;327,834778;401,493896;-776,646545
462;4,62;;;;;;;;-0,001196;-0,008722;0,13167;-0,991255;385,318451;662,179138;-326,351227;-0,268906;0,203477;-0,299674;-0,892458;237,157852;545,247375;-223,749969;0,167793;-0,04653;-0,041884;-0,983832;327,684875;401,495209;-776,687012
463;4,63;;;;;;;;-0,002731;-0,008553;0,131329;-0,991298;385,300354;662,025208;-325,901672;-0,271109;0,204424;-0,299359;-0,891681;237,094025;544,586792;-223,723984;0,167753;-0,046703;-0,041877;-0,983831;327,555481;401,51059;-776,735657
464;4,64;;;;;;;;-0,004329;-0,0086;0,130886;-0,991351;385,279449;661,860291;-325,448456;-0,273226;0,20528;-0,299102;-0,890924;237,018631;543,914917;-223,709564;0,167741;-0,046788;-0,041798;-0,983833;327,474823;401,496429;-776,75116
465;4,65;;;;;;;;-0,006106;-0,008844;0,130389;-0,991405;385,250122;661,659668;-324,975861;-0,275358;0,206209;-0,298637;-0,890209;236,947693;543,250732;-223,686722;0,167733;-0,04687;-0,041848;-0,983828;327,424347;401,50705;-776,764832
466;4,66;;;;;;;;-0,007714;-0,008796;0,13057;-0,99137;385,228546;661,485046;-324,514221;-0,277561;0,207233;-0,298282;-0,889406;236,87674;542,585815;-223,668076;0,167722;-0,046949;-0,041835;-0,983827;327,362183;401,507904;-776,77887
467;4,67;;;;;;;;-0,009383;-0,008526;0,130029;-0,991429;385,20929;661,313049;-324,055054;-0,279834;0,208221;-0,297772;-0,888633;236,802811;541,929382;-223,661728;0,167688;-0,047084;-0,041838;-0,983826;327,271271;401,522003;-776,816284
468;4,68;;;;;;;;-0,011181;-0,008238;0,129572;-0,991473;385,185455;661,13385;-323,595886;-0,282075;0,20907;-0,297627;-0,887773;236,738098;541,256897;-223,653778;0,167699;-0,047138;-0,041844;-0,983821;327,237061;401,510956;-776,822998
469;4,69;;;;;;;;-0,012874;-0,007968;0,129473;-0,991467;385,166412;660,967285;-323,152954;-0,284223;0,210001;-0,297305;-0,886976;236,678986;540,586487;-223,644577;0,167707;-0,047159;-0,041802;-0,983821;327,207947;401,499146;-776,820251
470;4,7;;;;;;;;-0,014459;-0,007555;0,129268;-0,991475;385,143921;660,796387;-322,702454;-0,286355;0,210766;-0,297111;-0,886174;236,61467;539,925964;-223,651138;0,167714;-0,047121;-0,041779;-0,983822;327,228821;401,493713;-776,815186
471;4,71;;;;;;;;-0,015978;-0,007282;0,129203;-0,991463;385,122406;660,625793;-322,245667;-0,288553;0,211715;-0,296788;-0,885342;236,540588;539,254883;-223,660294;0,167725;-0,047163;-0,041771;-0,983819;327,196167;401,481262;-776,823425
472;4,72;;;;;;;;-0,01763;-0,007012;0,129228;-0,991434;385,079498;660,453186;-321,789276;-0,290711;0,212683;-0,296324;-0,884559;236,46077;538,568665;-223,667175;0,167716;-0,047186;-0,04178;-0,983819;327,175842;401,48349;-776,827698
473;4,73;;;;;;;;-0,019271;-0,006742;0,128828;-0,991457;385,053406;660,27832;-321,333801;-0,292945;0,213544;-0,29596;-0,883736;236,389038;537,893738;-223,673843;0,167723;-0,047188;-0,041796;-0,983817;327,170044;401,48233;-776,824158
474;4,74;;;;;;;;-0,020123;-0,008289;0,128266;-0,991501;384,943024;660,059998;-320,849945;-0,29525;0,214444;-0,295657;-0,882853;236,308304;537,206482;-223,694916;0,167741;-0,047181;-0,041812;-0,983813;327,174927;401,469574;-776,818176
475;4,75;;;;;;;;-0,021441;-0,008745;0,128317;-0,991463;384,888031;659,859924;-320,377747;-0,297396;0,215485;-0,295323;-0,88199;236,238571;536,528442;-223,70607;0,167741;-0,04722;-0,041796;-0,983812;327,140259;401,461914;-776,820129
476;4,76;;;;;;;;-0,023102;-0,008599;0,127933;-0,991477;384,844604;659,672791;-319,92218;-0,299609;0,216269;-0,2951;-0,881123;236,17485;535,852844;-223,730148;0,167752;-0,047195;-0,041805;-0,983811;327,157776;401,456421;-776,813049
477;4,77;;;;;;;;-0,024612;-0,008598;0,127906;-0,991444;384,805756;659,486145;-319,467499;-0,301751;0,217286;-0,294942;-0,880195;236,102905;535,178467;-223,752304;0,167762;-0,047186;-0,04176;-0,983812;327,153625;401,440308;-776,808105
478;4,78;;;;;;;;-0,025967;-0,008591;0,127695;-0,991436;384,769318;659,308105;-319,018311;-0,303933;0,218225;-0,294368;-0,879403;236,038025;534,500793;-223,77829;0,167755;-0,04711;-0,041696;-0,983819;327,195282;401,436829;-776,796631
479;4,79;;;;;;;;-0,027475;-0,008506;0,127507;-0,991421;384,734131;659,115967;-318,561066;-0,306123;0,21915;-0,293991;-0,878539;235,959625;533,837463;-223,81041;0,167751;-0,047168;-0,041751;-0,983815;327,165039;401,445862;-776,808655
480;4,8;;;;;;;;-0,029636;-0,00861;0,128247;-0,991262;384,727631;658,880859;-318,110382;-0,308334;0,220024;-0,293619;-0,877672;235,896118;533,156616;-223,854721;0,167763;-0,047091;-0,04169;-0,983819;327,206726;401,429901;-776,792664
481;4,81;;;;;;;;-0,031435;-0,008401;0,128251;-0,991208;384,709106;658,676636;-317,669403;-0,310426;0,220977;-0,293008;-0,876899;235,835815;532,489319;-223,889954;0,167775;-0,046963;-0,041559;-0,983829;327,270386;401,405151;-776,763489
482;4,82;;;;;;;;-0,033096;-0,008165;0,127504;-0,991252;384,654358;658,485901;-317,227051;-0,31258;0,22185;-0,292669;-0,876026;235,786987;531,83136;-223,929428;0,167792;-0,046917;-0,04153;-0,983829;327,293701;401,39389;-776,747314
483;4,83;;;;;;;;-0,034655;-0,008367;0,127346;-0,991217;384,613312;658,293945;-316,783447;-0,314712;0,22277;-0,292162;-0,875198;235,71962;531,177917;-223,969788;0,167797;-0,046912;-0,041496;-0,98383;327,287201;401,385986;-776,741943
484;4,84;;;;;;;;-0,036236;-0,00842;0,127717;-0,991113;384,593262;658,093079;-316,340454;-0,31691;0,223646;-0,291666;-0,874346;235,650604;530,518066;-224,015381;0,167807;-0,046796;-0,041413;-0,983837;327,350281;401,371277;-776,713318
485;4,85;;;;;;;;-0,037876;-0,008366;0,127819;-0,991039;384,563202;657,887024;-315,89801;-0,318967;0,22451;-0,291432;-0,873454;235,579193;529,862732;-224,06131;0,167812;-0,04679;-0,041419;-0,983837;327,353607;401,368683;-776,709778
486;4,86;;;;;;;;-0,039447;-0,008049;0,127449;-0,991028;384,523285;657,689392;-315,459106;-0,321119;0,225428;-0,290993;-0,872576;235,499054;529,193604;-224,122818;0,167795;-0,046835;-0,041447;-0,983836;327,319611;401,381531;-776,725586
487;4,87;;;;;;;;-0,041043;-0,007925;0,127066;-0,991013;384,472809;657,493103;-315,010834;-0,323222;0,226328;-0,290789;-0,871634;235,408615;528,528259;-224,18457;0,167785;-0,046776;-0,0414;-0,983843;327,346863;401,383087;-776,717651
488;4,88;;;;;;;;-0,042604;-0,008015;0,126993;-0,990956;384,435059;657,291809;-314,570892;-0,325421;0,227169;-0,290608;-0,870656;235,347839;527,86145;-224,245377;0,167795;-0,046791;-0,041424;-0,983839;327,338501;401,378571;-776,719788
489;4,89;;;;;;;;-0,044194;-0,008192;0,126785;-0,990911;384,394348;657,084717;-314,136841;-0,327531;0,228038;-0,290244;-0,869759;235,276764;527,206604;-224,316147;0,167789;-0,046903;-0,041542;-0,98383;327,283966;401,394867;-776,747314
490;4,9;;;;;;;;-0,045857;-0,008192;0,126809;-0,990833;384,351288;656,867126;-313,694061;-0,329674;0,228891;-0,289689;-0,86891;235,203232;526,537292;-224,387558;0,167784;-0,046962;-0,041521;-0,983829;327,235382;401,393036;-776,760315
491;4,91;;;;;;;;-0,047499;-0,008007;0,126673;-0,990774;384,304871;656,652466;-313,250458;-0,331692;0,229743;-0,289317;-0,86804;235,137756;525,875671;-224,458862;0,167787;-0,046884;-0,041463;-0,983835;327,276642;401,384735;-776,743774
492;4,92;;;;;;;;-0,049158;-0,007851;0,12653;-0,990713;384,279938;656,439697;-312,812531;-0,333978;0,230611;-0,288924;-0,867064;235,075439;525,205994;-224,532852;0,167789;-0,046883;-0,041478;-0,983833;327,280762;401,383484;-776,743042
493;4,93;;;;;;;;-0,050759;-0,007774;0,126358;-0,990655;384,246246;656,226318;-312,376526;-0,336126;0,23146;-0,288335;-0,866204;234,996918;524,546387;-224,607681;0,167806;-0,046944;-0,041473;-0,983828;327,243469;401,368164;-776,747192
494;4,94;;;;;;;;-0,052319;-0,007656;0,126088;-0,990609;384,21933;656,006409;-311,932709;-0,338323;0,232273;-0,288113;-0,865204;234,941986;523,879517;-224,680099;0,167823;-0,046942;-0,04137;-0,983829;327,227295;401,339264;-776,735535
495;4,95;;;;;;;;-0,053854;-0,007838;0,126398;-0,990486;384,200836;655,783142;-311,490509;-0,340456;0,233196;-0,287978;-0,864164;234,884506;523,214233;-224,76062;0,167833;-0,046886;-0,041337;-0,983832;327,265106;401,331665;-776,717285
496;4,96;;;;;;;;-0,055597;-0,007888;0,126096;-0,990427;384,155914;655,557678;-311,045837;-0,3426;0,234179;-0,287471;-0,863218;234,818192;522,541687;-224,852707;0,167857;-0,046853;-0,04128;-0,983832;327,283142;401,308838;-776,700867
497;4,97;;;;;;;;-0,057279;-0,007819;0,125666;-0,990387;384,117615;655,338806;-310,615967;-0,344719;0,23496;-0,287097;-0,862287;234,756622;521,888184;-224,94989;0,167866;-0,046878;-0,041196;-0,983833;327,254425;401,289764;-776,699097
498;4,98;;;;;;;;-0,058871;-0,007543;0,12552;-0,990314;384,088287;655,118103;-310,189026;-0,346849;0,235914;-0,286605;-0,861335;234,691757;521,22699;-225,050934;0,167908;-0,046887;-0,041093;-0,983829;327,230469;401,243988;-776,683228
499;4,99;;;;;;;;-0,060407;-0,00707;0,126159;-0,990144;384,053528;654,896729;-309,759766;-0,348856;0,23684;-0,286275;-0,860379;234,629639;520,590454;-225,148987;0,167931;-0,046912;-0,041043;-0,983826;327,203735;401,221985;-776,681091
500;5;;;;;;;;-0,061945;-0,007048;0,126822;-0,989964;384,014496;654,683472;-309,342316;-0,350937;0,237791;-0,285971;-0,859372;234,567612;519,955505;-225,248154;0,167958;-0,046891;-0,040865;-0,98383;327,18042;401,175568;-776,663269
501;5,01;;;;;;;;-0,063466;-0,00729;0,126715;-0,98988;383,969147;654,457214;-308,927002;-0,352876;0,238553;-0,285769;-0,858433;234,502075;519,309265;-225,350143;0,168004;-0,046856;-0,04072;-0,98383;327,174255;401,121277;-776,634277
502;5,02;;;;;;;;-0,065188;-0,007078;0,125887;-0,989875;383,899475;654,230103;-308,510468;-0,354936;0,23953;-0,285182;-0,857506;234,42572;518,66687;-225,461273;0,168039;-0,046837;-0,040594;-0,98383;327,154175;401,074402;-776,618286
503;5,03;;;;;;;;-0,066838;-0,006776;0,125659;-0,989796;383,863159;653,999207;-308,07959;-0,356964;0,240429;-0,284391;-0,856675;234,348175;518,030273;-225,569733;0,168105;-0,046816;-0,040341;-0,98383;327,109802;400,98172;-776,581238
504;5,04;;;;;;;;-0,068255;-0,006284;0,126838;-0,989552;383,795837;653,759827;-307,646301;-0,359097;0,241246;-0,284218;-0,855611;234,275497;517,373352;-225,677048;0,168158;-0,046773;-0,040053;-0,983835;327,06958;400,892426;-776,541565
505;5,05;;;;;;;;-0,069716;-0,006114;0,127413;-0,989378;383,751007;653,525818;-307,234558;-0,361102;0,242072;-0,284;-0,854606;234,205048;516,723145;-225,794434;0,168241;-0,046774;-0,039881;-0,983828;327,029175;400,799713;-776,503418
506;5,06;;;;;;;;-0,071091;-0,005278;0,129049;-0,989073;383,662689;653,286621;-306,819275;-0,363144;0,242937;-0,283691;-0,853597;234,145279;516,080383;-225,915466;0,168316;-0,046686;-0,039615;-0,98383;327,034332;400,701019;-776,453491
507;5,07;;;;;;;;-0,072794;-0,004786;0,12907;-0,988949;383,588257;653,044067;-306,383911;-0,365162;0,243927;-0,283143;-0,852635;234,058594;515,45343;-226,045059;0,168397;-0,046634;-0,039287;-0,983831;327,002441;400,584747;-776,403503
508;5,08;;;;;;;;-0,074417;-0,004674;0,128955;-0,988843;383,541565;652,805359;-305,954529;-0,367237;0,244795;-0,282903;-0,851574;233,984207;514,825623;-226,166061;0,168458;-0,04657;-0,03901;-0,983835;326,989868;400,489044;-776,360291
509;5,09;;;;;;;;-0,075975;-0,004769;0,12887;-0,988735;383,518524;652,572205;-305,543945;-0,369171;0,245605;-0,282666;-0,850582;233,921082;514,179138;-226,284622;0,168517;-0,04649;-0,038646;-0,983843;326,96701;400,380524;-776,309082
510;5,1;;;;;;;;-0,077438;-0,003931;0,130521;-0,988409;383,446381;652,317322;-305,123718;-0,371113;0,246525;-0,282089;-0,849663;233,86615;513,541138;-226,414322;0,168578;-0,046409;-0,038347;-0,983848;326,965179;400,284912;-776,261475
511;5,11;;;;;;;;-0,078648;-0,005929;0,130835;-0,988262;383,323822;652,047729;-304,674042;-0,373118;0,247417;-0,281677;-0,848661;233,817932;512,921143;-226,541794;0,168645;-0,046296;-0,038028;-0,983854;326,981018;400,181702;-776,206665
512;5,12;;;;;;;;-0,08016;-0,00655;0,130672;-0,988158;383,277191;651,800903;-304,248932;-0,375229;0,248239;-0,281295;-0,847616;233,762802;512,278687;-226,671906;0,168696;-0,046208;-0,037683;-0,983863;326,974701;400,08313;-776,163208
513;5,13;;;;;;;;-0,08188;-0,006176;0,130173;-0,988085;383,246552;651,56311;-303,838959;-0,377226;0,248969;-0,280798;-0,84668;233,69368;511,654724;-226,814804;0,168445;-0,046354;-0,038762;-0,983857;327,099548;400,420624;-776,317139
514;5,14;;;;;;;;-0,083876;-0,007997;0,125383;-0,988524;383,353699;651,363342;-303,473785;-0,37922;0,249817;-0,280307;-0,845702;233,634628;511,013977;-226,95874;0,168375;-0,046397;-0,039078;-0,983855;327,137451;400,511292;-776,359192
515;5,15;;;;;;;;-0,085805;-0,008602;0,123605;-0,988577;383,394226;651,130432;-303,078583;-0,381168;0,2508;-0,27995;-0,844653;233,575043;510,399994;-227,106537;0,168412;-0,046412;-0,03887;-0,983856;327,083588;400,444153;-776,340088
516;5,16;;;;;;;;-0,087714;-0,008535;0,123449;-0,98843;383,396362;650,881592;-302,675201;-0,383204;0,251796;-0,279714;-0,843512;233,51033;509,769196;-227,254181;0,168433;-0,046372;-0,038605;-0,983865;327,05246;400,37854;-776,319519
517;5,17;;;;;;;;-0,089359;-0,008035;0,124045;-0,988212;383,376648;650,637451;-302,264191;-0,385218;0,252502;-0,279525;-0,842446;233,422302;509,126617;-227,405029;0,168452;-0,046375;-0,038397;-0,983869;327,001984;400,322754;-776,306824
518;5,18;;;;;;;;-0,091119;-0,007343;0,124263;-0,988029;383,331726;650,38092;-301,851715;-0,387252;0,253367;-0,279144;-0,84138;233,339783;508,497345;-227,578766;0,168499;-0,046397;-0,03834;-0,983863;326,969452;400,280487;-776,292053
519;5,19;;;;;;;;-0,091271;-0,002183;0,135829;-0,986517;382,980255;650,154541;-301,360474;-0,38927;0,254347;-0,278399;-0,840399;233,271271;507,876526;-227,75116;0,168509;-0,046394;-0,038261;-0,983864;326,94693;400,260284;-776,287415
520;5,2;;;;;;;;-0,092487;-0,000233;0,140288;-0,985782;382,829834;649,909119;-300,925171;-0,391218;0,25517;-0,278139;-0,83933;233,198853;507,250244;-227,907822;0,16852;-0,046343;-0,038197;-0,983867;326,964508;400,243073;-776,274719
521;5,21;;;;;;;;-0,094308;-0,000339;0,139272;-0,985753;382,815613;649,652954;-300,535339;-0,393171;0,255871;-0,277815;-0,838311;233,128418;506,636627;-228,065369;0,168532;-0,046267;-0,038175;-0,983869;327,006042;400,235474;-776,260132
522;5,22;;;;;;;;-0,096178;-0,000328;0,138211;-0,985722;382,806183;649,391602;-300,139618;-0,395133;0,256614;-0,277225;-0,837356;233,06427;506,020081;-228,227295;0,168547;-0,046221;-0,038135;-0,983871;327,025848;400,221863;-776,246704
523;5,23;;;;;;;;-0,098073;-0,000263;0,13701;-0,985703;382,798737;649,12915;-299,739594;-0,397076;0,257584;-0,276929;-0,836236;232,990723;505,421997;-228,402405;0,168544;-0,046195;-0,038124;-0,983873;327,043701;400,223938;-776,240723
524;5,24;;;;;;;;-0,100076;-0,000401;0,136056;-0,985633;382,783875;648,863403;-299,347076;-0,398959;0,258482;-0,27657;-0,835181;232,919556;504,825592;-228,58017;0,168538;-0,04619;-0,038213;-0,983871;327,066559;400,245361;-776,242554
525;5,25;;;;;;;;-0,101887;-0,000729;0,135003;-0,985593;382,766876;648,600708;-298,95993;-0,400924;0,259287;-0,276225;-0,834104;232,864929;504,212494;-228,751099;0,168516;-0,046195;-0,038261;-0,983872;327,0755;400,269684;-776,252502
526;5,26;;;;;;;;-0,103647;-0,000951;0,134233;-0,985514;382,750549;648,338623;-298,567871;-0,40287;0,260067;-0,275884;-0,833036;232,81604;503,613159;-228,92157;0,168502;-0,046194;-0,038337;-0,983872;327,104401;400,293579;-776,259338
527;5,27;;;;;;;;-0,105424;-0,001101;0,133623;-0,985408;382,74527;648,066406;-298,16217;-0,404823;0,260966;-0,275664;-0,83188;232,765442;503,003357;-229,082947;0,168513;-0,046202;-0,038248;-0,983873;327,089508;400,264496;-776,25177
528;5,28;;;;;;;;-0,107299;-0,001456;0,132897;-0,985304;382,756531;647,789856;-297,761505;-0,406682;0,261773;-0,275118;-0,8309;232,703979;502,404266;-229,259644;0,168533;-0,046066;-0,037804;-0,983893;327,096344;400,162048;-776,20636
529;5,29;;;;;;;;-0,109206;-0,001602;0,131736;-0,98525;382,743225;647,5177;-297,371338;-0,408598;0,26257;-0,274585;-0,829884;232,643509;501,798157;-229,43866;0,168621;-0,046036;-0,03702;-0,983909;326,953949;399,934143;-776,142029
530;5,3;;;;;;;;-0,111149;-0,001668;0,130798;-0,985157;382,717316;647,248962;-296,984314;-0,410461;0,263649;-0,27443;-0,828673;232,556458;501,205872;-229,633057;0,168299;-0,046358;-0,039019;-0,983872;327,153564;400,541595;-776,376709
531;5,31;;;;;;;;-0,113028;-0,001927;0,129796;-0,985076;382,690735;646,978638;-296,593628;-0,412338;0,264591;-0,274184;-0,827522;232,47847;500,611176;-229,825974;0,168171;-0,046514;-0,040046;-0,983845;327,262238;400,828613;-776,482788
532;5,32;;;;;;;;-0,114798;-0,002217;0,129267;-0,98494;382,666962;646,703369;-296,199158;-0,414246;0,265354;-0,273836;-0,826439;232,411301;500,011139;-230,018341;0,168155;-0,046551;-0,040052;-0,983846;327,233734;400,836487;-776,498108
533;5,33;;;;;;;;-0,116524;-0,002569;0,128917;-0,984782;382,646088;646,423218;-295,808319;-0,416075;0,266196;-0,273279;-0,825433;232,334717;499,42099;-230,221252;0,168145;-0,046549;-0,040068;-0,983847;327,232483;400,844513;-776,500793
534;5,34;;;;;;;;-0,118358;-0,002817;0,128117;-0,984667;382,617462;646,142029;-295,415985;-0,418012;0,266984;-0,272824;-0,82435;232,261368;498,830597;-230,409821;0,168146;-0,046557;-0,040136;-0,983844;327,233002;400,854858;-776,504089
535;5,35;;;;;;;;-0,120187;-0,00277;0,127265;-0,984556;382,581757;645,868896;-295,037628;-0,419899;0,267682;-0,272626;-0,823229;232,190674;498,246796;-230,60968;0,168159;-0,046538;-0,040124;-0,983843;327,238373;400,843903;-776,500244
536;5,36;;;;;;;;-0,121845;-0,002704;0,126701;-0,984425;382,552856;645,594299;-294,657227;-0,421681;0,268563;-0,272433;-0,822094;232,108566;497,663055;-230,816742;0,168159;-0,04662;-0,040168;-0,983837;327,186157;400,847015;-776,516846
537;5,37;;;;;;;;-0,123576;-0,002668;0,126249;-0,984268;382,52597;645,322205;-294,268188;-0,423443;0,269482;-0,271954;-0,821046;232,029037;497,085388;-231,025375;0,168172;-0,046631;-0,040196;-0,983833;327,179169;400,843048;-776,513977
538;5,38;;;;;;;;-0,125406;-0,002901;0,126029;-0,984064;382,502289;645,040466;-293,886993;-0,425266;0,270316;-0,27141;-0,820009;231,965683;496,525787;-231,222427;0,168189;-0,046665;-0,040236;-0,983827;327,165588;400,83728;-776,515015
539;5,39;;;;;;;;-0,127239;-0,003167;0,12593;-0,98384;382,472107;644,748474;-293,499939;-0,427121;0,271104;-0,270896;-0,818954;231,892975;495,954498;-231,425079;0,168155;-0,046701;-0,040211;-0,983832;327,134308;400,854706;-776,532898
540;5,4;;;;;;;;-0,129041;-0,00335;0,125352;-0,983679;382,444427;644,463074;-293,119141;-0,428979;0,271901;-0,270364;-0,817894;231,826752;495,371826;-231,630676;0,168178;-0,0467;-0,040183;-0,98383;327,135498;400,833771;-776,519714
541;5,41;;;;;;;;-0,13068;-0,003374;0,124958;-0,983513;382,42395;644,190247;-292,7323;-0,430808;0,272619;-0,269818;-0,816873;231,7845;494,804688;-231,839661;0,168174;-0,046822;-0,040208;-0,983824;327,062653;400,834686;-776,540955
542;5,42;;;;;;;;-0,132374;-0,002987;0,125109;-0,983268;382,397034;643,908325;-292,33667;-0,432563;0,273614;-0,269534;-0,815706;231,725784;494,239471;-232,053741;0,168174;-0,04683;-0,040249;-0,983821;327,076721;400,847321;-776,546143
543;5,43;;;;;;;;-0,134135;-0,002783;0,125625;-0,982964;382,366119;643,618896;-291,956726;-0,434385;0,274369;-0,269186;-0,814598;231,669342;493,691284;-232,264633;0,168179;-0,046887;-0,040303;-0,983816;327,058929;400,856445;-776,557495
544;5,44;;;;;;;;-0,135854;-0,002674;0,126025;-0,982677;382,327087;643,330383;-291,576904;-0,436246;0,275078;-0,268625;-0,813549;231,611374;493,134918;-232,478271;0,168184;-0,046964;-0,040329;-0,98381;327,020081;400,856873;-776,571594
545;5,45;;;;;;;;-0,137638;-0,002651;0,126161;-0,982411;382,29306;643,045837;-291,193604;-0,437993;0,275874;-0,268084;-0,812519;231,563187;492,570862;-232,687805;0,16817;-0,047056;-0,040394;-0,983805;326,983978;400,879547;-776,59613
546;5,46;;;;;;;;-0,139384;-0,002796;0,126169;-0,982164;382,256165;642,761475;-290,802155;-0,439772;0,276602;-0,267438;-0,811523;231,50029;492,015106;-232,906158;0,168144;-0,04722;-0,040536;-0,983796;326,906616;400,919678;-776,634888
547;5,47;;;;;;;;-0,14109;-0,002596;0,126039;-0,981938;382,215729;642,466919;-290,408813;-0,441574;0,277411;-0,267056;-0,810393;231,427048;491,462494;-233,137222;0,168523;-0,047164;-0,039071;-0,983793;326,648071;400,424713;-776,439087
548;5,48;;;;;;;;-0,142803;-0,002224;0,126564;-0,981623;382,154236;642,155151;-290,011932;-0,443433;0,278292;-0,266715;-0,809187;231,347748;490,896179;-233,374832;0,168277;-0,047474;-0,040414;-0,983766;326,720123;400,839355;-776,625732
549;5,49;;;;;;;;-0,144543;-0,00205;0,126948;-0,981319;382,105072;641,845703;-289,619904;-0,44519;0,279001;-0,266481;-0,808055;231,279526;490,328369;-233,610413;0,168044;-0,047781;-0,041593;-0,983742;326,753998;401,201324;-776,800537
550;5,5;;;;;;;;-0,146252;-0,00167;0,128185;-0,980906;382,04007;641,541931;-289,227539;-0,447007;0,279828;-0,265907;-0,806954;231,216461;489,751495;-233,850693;0,167969;-0,047945;-0,041908;-0,983733;326,703979;401,302979;-776,869751
551;5,51;;;;;;;;-0,147879;-0,00134;0,129139;-0,980537;381,973694;641,235352;-288,839355;-0,448878;0,280666;-0,265419;-0,805784;231,159653;489,190521;-234,087784;0,167918;-0,048137;-0,042203;-0,98372;326,634521;401,383148;-776,931335
552;5,52;;;;;;;;-0,149663;-0,001149;0,130013;-0,980151;381,919983;640,928162;-288,457947;-0,450699;0,28146;-0,264899;-0,804661;231,080292;488,643524;-234,336182;0,167919;-0,048163;-0,041634;-0,983743;326,49588;401,246307;-776,919861
553;5,53;;;;;;;;-0,151336;-0,000282;0,131756;-0,979662;381,807739;640,595764;-288,046692;-0,452424;0,282303;-0,264368;-0,803572;231,00827;488,082886;-234,581451;0,167935;-0,046829;-0,040443;-0,983854;327,097443;401,046509;-776,633606
554;5,54;;;;;;;;-0,15307;-0,000091;0,132623;-0,979276;381,747986;640,270203;-287,636963;-0,454191;0,283086;-0,264034;-0,802408;230,952972;487,529083;-234,820953;0,167915;-0,046195;-0,0402;-0,983898;327,454987;401,042389;-776,516785
555;5,55;;;;;;;;-0,154902;-0,000035;0,132577;-0,978994;381,714874;639,946594;-287,245697;-0,456096;0,283865;-0,263379;-0,801267;230,900925;486,966858;-235,065781;0,167913;-0,046221;-0,040436;-0,983887;327,490692;401,094238;-776,526794
556;5,56;;;;;;;;-0,156755;0,000203;0,132837;-0,978663;381,688171;639,621643;-286,861267;-0,457913;0,28469;-0,262798;-0,800128;230,83168;486,404968;-235,317429;0,167909;-0,04627;-0,040665;-0,983876;327,508392;401,14566;-776,540466
557;5,57;;;;;;;;-0,158507;0,000368;0,133292;-0,978319;381,667999;639,292053;-286,474823;-0,459789;0,285363;-0,262289;-0,798979;230,768692;485,823517;-235,58696;0,167928;-0,046229;-0,040766;-0,983871;327,567505;401,15802;-776,530273
558;5,58;;;;;;;;-0,161683;-0,002976;0,12448;-0,978956;381,862854;638,937561;-286,16217;-0,461598;0,286076;-0,262109;-0,797738;230,726089;485,262634;-235,839569;0,167939;-0,046267;-0,040883;-0,983862;327,575806;401,174072;-776,5401
559;5,59;;;;;;;;-0,163789;-0,004137;0,119155;-0,979264;381,907928;638,62384;-285,815063;-0,463447;0,286903;-0,261379;-0,796608;230,678406;484,7164;-236,08963;0,167947;-0,046285;-0,041004;-0,983855;327,594879;401,192474;-776,542053
560;5,6;;;;;;;;-0,165514;-0,003818;0,118553;-0,979048;381,853302;638,30365;-285,430664;-0,465244;0,28774;-0,260503;-0,795545;230,619904;484,167236;-236,342102;0,167953;-0,04628;-0,041019;-0,983853;327,602905;401,191895;-776,536926
561;5,61;;;;;;;;-0,167482;-0,003828;0,118354;-0,978738;381,828796;637,976379;-285,05072;-0,467013;0,288424;-0,260166;-0,79437;230,558121;483,61499;-236,60701;0,167961;-0,046269;-0,041019;-0,983853;327,614105;401,187958;-776,531006
562;5,62;;;;;;;;-0,169441;-0,003958;0,118513;-0,978381;381,816284;637,630554;-284,67218;-0,468808;0,28919;-0,260065;-0,793066;230,492325;483,068176;-236,870193;0,167947;-0,04624;-0,041054;-0,983855;327,63916;401,206024;-776,532227
563;5,63;;;;;;;;-0,171343;-0,003916;0,118839;-0,97801;381,782318;637,295837;-284,306946;-0,470589;0,290056;-0,259167;-0,791989;230,42128;482,523285;-237,141968;0,167944;-0,046198;-0,041074;-0,983856;327,66571;401,213959;-776,529175
564;5,64;;;;;;;;-0,173175;-0,003831;0,119118;-0,977654;381,739807;636,973206;-283,947296;-0,472455;0,290948;-0,258281;-0,790839;230,358963;481,980225;-237,411407;0,167945;-0,046234;-0,041107;-0,983853;327,642212;401,218872;-776,539673
565;5,65;;;;;;;;-0,175092;-0,003793;0,118894;-0,97734;381,690002;636,645691;-283,571136;-0,474167;0,291668;-0,258006;-0,789638;230,299545;481,436615;-237,680405;0,167952;-0,046181;-0,041061;-0,983856;327,65976;401,208649;-776,526978
566;5,66;;;;;;;;-0,177072;-0,003607;0,118884;-0,976985;381,643127;636,311707;-283,197174;-0,475913;0,292449;-0,257872;-0,788342;230,239044;480,890442;-237,950317;0,167939;-0,04615;-0,04107;-0,98386;327,676147;401,220428;-776,528015
567;5,67;;;;;;;;-0,179029;-0,003722;0,118755;-0,976643;381,62027;635,968933;-282,821381;-0,477779;0,293228;-0,256933;-0,78723;230,15329;480,363068;-238,236481;0,167929;-0,046139;-0,041065;-0,983862;327,675659;401,228241;-776,528503
568;5,68;;;;;;;;-0,180868;-0,003802;0,118832;-0,976295;381,591583;635,631836;-282,456757;-0,479581;0,293859;-0,256313;-0,7861;230,083481;479,834503;-238,51506;0,167926;-0,046103;-0,041022;-0,983866;327,686462;401,22467;-776,519775
569;5,69;;;;;;;;-0,182674;-0,003707;0,11897;-0,975942;381,569;635,298401;-282,098755;-0,481275;0,294568;-0,255914;-0,784928;230,037094;479,282654;-238,791565;0,167922;-0,046068;-0,041036;-0,983868;327,712341;401,233185;-776,51416
570;5,7;;;;;;;;-0,184588;-0,003579;0,119021;-0,975576;381,538757;634,964478;-281,742432;-0,482986;0,295314;-0,25552;-0,783724;229,993851;478,763794;-239,062027;0,167945;-0,046069;-0,040995;-0,983866;327,706116;401,210358;-776,508118
571;5,71;;;;;;;;-0,186581;-0,003336;0,118966;-0,975204;381,51062;634,623535;-281,386078;-0,484763;0,29619;-0,254823;-0,782523;229,92453;478,24585;-239,3405;0,167938;-0,046061;-0,040923;-0,98387;327,699768;401,200043;-776,51178
572;5,72;;;;;;;;-0,188522;-0,003022;0,119104;-0,974815;381,479828;634,283997;-281,017578;-0,486567;0,296995;-0,254236;-0,781288;229,867828;477,719543;-239,628189;0,167947;-0,046065;-0,040877;-0,98387;327,690369;401,180908;-776,505737
573;5,73;;;;;;;;-0,190511;-0,0029;0,118843;-0,974461;381,447693;633,947693;-280,653259;-0,488341;0,2976;-0,253722;-0,780117;229,832993;477,192322;-239,908905;0,16795;-0,046001;-0,040695;-0,98388;327,702698;401,141174;-776,487061
574;5,74;;;;;;;;-0,19182;-0,003347;0,118592;-0,974233;381,393555;633,575867;-280,277832;-0,490064;0,298392;-0,253005;-0,778966;229,787796;476,661926;-240,183182;0,167964;-0,045928;-0,040528;-0,983888;327,72641;401,097076;-776,467346
575;5,75;;;;;;;;-0,193413;-0,003871;0,118379;-0,973942;381,365845;633,204529;-279,915283;-0,491824;0,299086;-0,252194;-0,777853;229,736893;476,145996;-240,462692;0,167982;-0,045926;-0,040404;-0,98389;327,706635;401,053162;-776,456726
576;5,76;;;;;;;;-0,195314;-0,003946;0,118187;-0,973585;381,365631;632,844543;-279,554596;-0,493626;0,299864;-0,251648;-0,776588;229,685898;475,61438;-240,765305;0,168;-0,045943;-0,040283;-0,983892;327,67215;401,009003;-776,449646
577;5,77;;;;;;;;-0,197198;-0,00385;0,118413;-0,973179;381,345032;632,486267;-279,187225;-0,495371;0,300652;-0,251013;-0,775377;229,64003;475,08783;-241,058197;0,168009;-0,045832;-0,040131;-0,983901;327,718567;400,973022;-776,423828
578;5,78;;;;;;;;-0,199067;-0,003606;0,1186;-0,972776;381,293243;632,124023;-278,822723;-0,49715;0,301487;-0,250744;-0,773999;229,58934;474,558228;-241,349213;0,168002;-0,045841;-0,040107;-0,983903;327,708374;400,966583;-776,426819
579;5,79;;;;;;;;-0,20089;-0,003222;0,118674;-0,972394;381,226837;631,758179;-278,461365;-0,498984;0,302165;-0,249867;-0,772838;229,519333;474,024292;-241,660873;0,167986;-0,045795;-0,040067;-0,98391;327,727753;400,965332;-776,423401
580;5,8;;;;;;;;-0,202809;-0,003224;0,118621;-0,972002;381,176941;631,391479;-278,1008;-0,500751;0,302895;-0,249369;-0,771568;229,453568;473,489655;-241,971909;0,167939;-0,045771;-0,040307;-0,983909;327,790619;401,079712;-776,437866
581;5,81;;;;;;;;-0,204858;-0,00356;0,118541;-0,971581;381,142426;631,022705;-277,732422;-0,502534;0,303644;-0,248576;-0,77037;229,401825;472,950195;-242,287521;0,167906;-0,045798;-0,040421;-0,983909;327,790863;401,138794;-776,454651
582;5,82;;;;;;;;-0,206846;-0,003616;0,118612;-0,97115;381,110962;630,652283;-277,369324;-0,504318;0,304368;-0,247916;-0,76913;229,327408;472,4133;-242,614761;0,167898;-0,045768;-0,040421;-0,983911;327,805328;401,144196;-776,453064
583;5,83;;;;;;;;-0,208738;-0,003603;0,118265;-0,970788;381,07309;630,277893;-277,021759;-0,506201;0,304997;-0,247384;-0,767814;229,259842;471,872223;-242,939117;0,167896;-0,045742;-0,040414;-0,983913;327,817566;401,144897;-776,451233
584;5,84;;;;;;;;-0,210628;-0,003617;0,118283;-0,970377;381,034973;629,897339;-276,665192;-0,508043;0,305813;-0,246564;-0,766535;229,20636;471,34433;-243,253174;0,167895;-0,045711;-0,040362;-0,983917;327,822968;401,134125;-776,442505
585;5,85;;;;;;;;-0,212501;-0,003534;0,118266;-0,969971;380,995514;629,521729;-276,302338;-0,509789;0,306726;-0,245791;-0,765259;229,172775;470,809326;-243,563507;0,1679;-0,045656;-0,040341;-0,98392;327,853973;401,126526;-776,429749
586;5,86;;;;;;;;-0,214388;-0,003357;0,118966;-0,969471;380,947937;629,139771;-275,935425;-0,511575;0,307452;-0,245176;-0,763971;229,122894;470,274323;-243,884628;0,167895;-0,045668;-0,040369;-0,983919;327,853729;401,132629;-776,434998
587;5,87;;;;;;;;-0,216319;-0,003186;0,118941;-0,969045;380,910156;628,753784;-275,581421;-0,513392;0,30818;-0,244528;-0,762666;229,046753;469,748413;-244,213913;0,167892;-0,045668;-0,040324;-0,983921;327,848328;401,124298;-776,432983
588;5,88;;;;;;;;-0,218361;-0,003459;0,118636;-0,968624;380,87262;628,366943;-275,230103;-0,515284;0,308732;-0,243581;-0,761469;228,988968;469,227448;-244,540817;0,16789;-0,045627;-0,040297;-0,983925;327,872131;401,123657;-776,423584
589;5,89;;;;;;;;-0,220383;-0,003805;0,118509;-0,96818;380,840851;627,980347;-274,877563;-0,517124;0,309208;-0,242819;-0,760271;228,956314;468,695313;-244,871078;0,16786;-0,045626;-0,04027;-0,983931;327,865326;401,136047;-776,429993
590;5,9;;;;;;;;-0,22232;-0,003892;0,119017;-0,967674;380,804352;627,583801;-274,518341;-0,518901;0,310049;-0,24221;-0,758911;228,910751;468,162659;-245,203827;0,16778;-0,047114;-0,041421;-0,983827;327,154266;401,347839;-776,770691
591;5,91;;;;;;;;-0,224226;-0,00361;0,119867;-0,967131;380,779907;627,187378;-274,157898;-0,520743;0,310952;-0,241421;-0,75753;228,860138;467,6315;-245,537048;0,167736;-0,047588;-0,041852;-0,983793;326,94574;401,440552;-776,888733
592;5,92;;;;;;;;-0,226136;-0,00359;0,119528;-0,966728;380,760681;626,788635;-273,796173;-0,52258;0,311618;-0,240597;-0,756253;228,813232;467,103699;-245,878448;0,16774;-0,047172;-0,041545;-0,983825;327,146179;401,398407;-776,798218
593;5,93;;;;;;;;-0,228088;-0,003904;0,119347;-0,966291;380,718414;626,383301;-273,446198;-0,524401;0,312327;-0,240027;-0,754879;228,763519;466,57193;-246,224579;0,167764;-0,046703;-0,041163;-0,98386;327,364197;401,329529;-776,687805
594;5,94;;;;;;;;-0,230014;-0,004285;0,11969;-0,96579;380,68222;625,980774;-273,095001;-0,526216;0,313256;-0,239205;-0,753491;228,686966;466,047119;-246,580627;0,167773;-0,046347;-0,040855;-0,983888;327,528534;401,280457;-776,611084
595;5,95;;;;;;;;-0,232025;-0,004758;0,119821;-0,96529;380,660156;625,579773;-272,749115;-0,52813;0,31394;-0,238282;-0,752159;228,635162;465,516968;-246,934235;0,167783;-0,046201;-0,040724;-0,983898;327,587799;401,25531;-776,575684
596;5,96;;;;;;;;-0,234049;-0,004984;0,120524;-0,964712;380,631561;625,176819;-272,405853;-0,529985;0,314563;-0,237843;-0,75073;228,592804;464,983765;-247,279739;0,167776;-0,046186;-0,040705;-0,983901;327,587708;401,258942;-776,572083
597;5,97;;;;;;;;-0,235946;-0,004991;0,121401;-0,96414;380,590759;624,768188;-272,049805;-0,531818;0,315218;-0,236952;-0,749441;228,529709;464,464905;-247,648544;0,167758;-0,046143;-0,0407;-0,983906;327,612701;401,275879;-776,569824
598;5,98;;;;;;;;-0,23767;-0,005094;0,122135;-0,963623;380,547119;624,365234;-271,70166;-0,5337;0,316015;-0,23617;-0,748012;228,464066;463,944794;-248,018402;0,16775;-0,046121;-0,040726;-0,983908;327,628601;401,288818;-776,570801
599;5,99;;;;;;;;-0,239609;-0,005331;0,122147;-0,96314;380,527008;623,952881;-271,364868;-0,535522;0,316646;-0,235638;-0,74661;228,41095;463,427795;-248,368408;0,167749;-0,046167;-0,040733;-0,983905;327,596436;401,290131;-776,577942
600;6;;;;;;;;-0,241638;-0,005962;0,1222;-0,962623;380,519592;623,528381;-271,024109;-0,537446;0,317328;-0,234516;-0,74529;228,34343;462,925323;-248,734924;0,167748;-0,046099;-0,040711;-0,98391;327,640808;401,292664;-776,564941
601;6,01;;;;;;;;-0,244288;-0,004602;0,119793;-0,962264;380,39386;623,105286;-270,643188;-0,539233;0,318247;-0,233422;-0,743949;228,288132;462,411713;-249,099579;0,167738;-0,046096;-0,040707;-0,983912;327,641022;401,299622;-776,563049
602;6,02;;;;;;;;-0,246601;-0,00376;0,118023;-0,961896;380,313934;622,686768;-270,283875;-0,540954;0,31906;-0,233079;-0,742458;228,259537;461,895233;-249,45343;0,167724;-0,046111;-0,040733;-0,983912;327,639893;401,31488;-776,567932
603;6,03;;;;;;;;-0,248678;-0,00427;0,11876;-0,961268;380,301208;622,250244;-269,95929;-0,542887;0,319729;-0,232302;-0,741001;228,207703;461,384003;-249,830139;0,167722;-0,046118;-0,040724;-0,983913;327,639557;401,315216;-776,567688
604;6,04;;;;;;;;-0,250699;-0,004569;0,119567;-0,960642;380,271423;621,813477;-269,613831;-0,544789;0,320246;-0,231154;-0,73974;228,163483;460,882629;-250,197983;0,167705;-0,046175;-0,040759;-0,983911;327,613647;401,328796;-776,582397
605;6,05;;;;;;;;-0,25251;-0,004564;0,120268;-0,96008;380,243011;621,390686;-269,255768;-0,546548;0,321034;-0,230608;-0,73827;228,125076;460,357849;-250,566483;0,167709;-0,046117;-0,040734;-0,983914;327,655243;401,324219;-776,567078
606;6,06;;;;;;;;-0,254545;-0,004324;0,120044;-0,959572;380,205811;620,969421;-268,912933;-0,548335;0,321848;-0,229938;-0,736798;228,081512;459,843567;-250,941696;0,167694;-0,046162;-0,040776;-0,983913;327,640411;401,339111;-776,578308
607;6,07;;;;;;;;-0,256763;-0,004703;0,121011;-0,958857;380,197266;620,512939;-268,590637;-0,550246;0,322609;-0,228838;-0,735382;228,029938;459,348328;-251,314194;0,167635;-0,046366;-0,040937;-0,983907;327,541504;401,39325;-776,638916
608;6,08;;;;;;;;-0,258823;-0,005297;0,121307;-0,958263;380,17511;620,076904;-268,268463;-0,552071;0,323473;-0,228158;-0,733844;227,994019;458,838348;-251,685379;0,167537;-0,046794;-0,041287;-0,983889;327,336853;401,486664;-776,759033
609;6,09;;;;;;;;-0,260876;-0,005821;0,121116;-0,957727;380,137268;619,654419;-267,931885;-0,55376;0,324259;-0,227489;-0,732431;227,948029;458,331512;-252,05925;0,167408;-0,047321;-0,041704;-0,983868;327,082092;401,603973;-776,909241
610;6,1;;;;;;;;-0,262508;-0,005167;0,119432;-0,957496;380,054352;619,251038;-267,585876;-0,555735;0,324816;-0,226399;-0,731024;227,894852;457,829498;-252,449661;0,167314;-0,047723;-0,0421;-0,983848;326,905731;401,703644;-777,025085
611;6,11;;;;;;;;-0,264291;-0,004609;0,11897;-0,957066;379,998138;618,834167;-267,247498;-0,557569;0,325473;-0,225445;-0,729629;227,848358;457,347687;-252,828537;0,167206;-0,048107;-0,042361;-0,983836;326,704681;401,789734;-777,137146
612;6,12;;;;;;;;-0,266311;-0,004292;0,119071;-0,956495;379,948303;618,400208;-266,910217;-0,559356;0,326177;-0,224857;-0,728127;227,792618;456,857178;-253,212845;0,167488;-0,046694;-0,041215;-0,983905;327,377441;401,489807;-776,740662
613;6,13;;;;;;;;-0,268182;-0,004261;0,119422;-0,955928;379,894196;617,971802;-266,585663;-0,561109;0,32703;-0,223885;-0,726694;227,724518;456,366028;-253,606674;0,16767;-0,045848;-0,040504;-0,983943;327,773315;401,293121;-776,494568
614;6,14;;;;;;;;-0,270118;-0,004282;0,119157;-0,955416;379,843597;617,531067;-266,26355;-0,562817;0,327809;-0,223112;-0,725258;227,667267;455,87973;-253,996902;0,167649;-0,045945;-0,040585;-0,983939;327,719574;401,31366;-776,518616
615;6,15;;;;;;;;-0,272111;-0,004525;0,119062;-0,954861;379,813141;617,097046;-265,950806;-0,564561;0,328554;-0,222675;-0,723698;227,617264;455,389313;-254,388748;0,167647;-0,045909;-0,040563;-0,983942;327,739471;401,311523;-776,511108
616;6,16;;;;;;;;-0,274132;-0,004976;0,119238;-0,954258;379,749298;616,658325;-265,631653;-0,566334;0,329286;-0,221796;-0,722249;227,562576;454,914734;-254,787567;0,167629;-0,04587;-0,040525;-0,983948;327,756989;401,317719;-776,508423
617;6,17;;;;;;;;-0,276188;-0,005088;0,119251;-0,953663;379,687073;616,215088;-265,301636;-0,568115;0,329888;-0,220862;-0,72086;227,511185;454,44281;-255,188705;0,167632;-0,045919;-0,040534;-0,983945;327,723846;401,312958;-776,509949
618;6,18;;;;;;;;-0,278109;-0,00499;0,11893;-0,953145;379,653809;615,781494;-264,991211;-0,569842;0,330607;-0,220177;-0,719376;227,477188;453,9646;-255,573212;0,167625;-0,045898;-0,040565;-0,983946;327,750793;401,323364;-776,508911
619;6,19;;;;;;;;-0,279993;-0,005149;0,118228;-0,95268;379,604218;615,335754;-264,681641;-0,571561;0,331513;-0,2195;-0,7178;227,424149;453,491577;-255,97731;0,167609;-0,045941;-0,040602;-0,983945;327,732727;401,338684;-776,519653
620;6,2;;;;;;;;-0,281905;-0,005416;0,118123;-0,952128;379,559082;614,893921;-264,369598;-0,573322;0,332354;-0,218673;-0,716257;227,368362;453,025116;-256,376892;0,167591;-0,045936;-0,040635;-0,983947;327,744659;401,354523;-776,518799
621;6,21;;;;;;;;-0,283805;-0,005331;0,118295;-0,951542;379,516296;614,454529;-264,052399;-0,575053;0,333044;-0,217959;-0,714766;227,321747;452,567413;-256,763;0,167565;-0,045928;-0,040649;-0,983951;327,754852;401,374939;-776,526306
622;6,22;;;;;;;;-0,285984;-0,005775;0,116809;-0,951071;379,537933;614,04126;-263,750824;-0,576745;0,33386;-0,217194;-0,713253;227,268341;452,113068;-257,167603;0,167575;-0,04594;-0,040617;-0,98395;327,743103;401,363495;-776,522278
623;6,23;;;;;;;;-0,287963;-0,007627;0,115233;-0,950653;379,470184;613,613159;-263,444244;-0,578501;0,33454;-0,216117;-0,711837;227,219818;451,650146;-257,568848;0,167577;-0,045949;-0,040636;-0,983949;327,740601;401,364807;-776,520874
624;6,24;;;;;;;;-0,289916;-0,008339;0,11435;-0,95016;379,384186;613,165039;-263,139343;-0,580226;0,335191;-0,215227;-0,710396;227,171448;451,192871;-257,975464;0,167561;-0,045996;-0,040704;-0,983947;327,722534;401,385223;-776,53186
625;6,25;;;;;;;;-0,291823;-0,009119;0,11355;-0,949665;379,302216;612,717163;-262,836182;-0,581887;0,336065;-0,214639;-0,7088;227,119797;450,751007;-258,386017;0,167533;-0,045988;-0,040704;-0,983952;327,729248;401,404724;-776,537048
626;6,26;;;;;;;;-0,293737;-0,009555;0,113802;-0,94904;379,229431;612,262512;-262,530518;-0,583496;0,33695;-0,213873;-0,707287;227,058746;450,313507;-258,795929;0,167524;-0,046025;-0,040715;-0,983951;327,704987;401,409241;-776,543213
627;6,27;;;;;;;;-0,295729;-0,009208;0,114474;-0,948344;379,201111;611,81311;-262,233246;-0,585135;0,337602;-0,213294;-0,705796;227,002289;449,875641;-259,201996;0,167531;-0,046079;-0,040786;-0,983944;327,682678;401,414642;-776,549988
628;6,28;;;;;;;;-0,297609;-0,008906;0,114958;-0,9477;379,183289;611,368042;-261,946198;-0,586758;0,338261;-0,212658;-0,704323;226,915955;449,444702;-259,625366;0,167529;-0,046071;-0,040788;-0,983945;327,686676;401,415344;-776,546265
629;6,29;;;;;;;;-0,299564;-0,008446;0,11447;-0,947147;379,143127;610,924438;-261,663879;-0,588528;0,338917;-0,211715;-0,702813;226,842789;449,013397;-260,04657;0,167493;-0,046058;-0,040771;-0,983953;327,690735;401,433594;-776,553162
630;6,3;;;;;;;;-0,301541;-0,008149;0,1143;-0,946542;379,093109;610,4776;-261,378143;-0,590139;0,339546;-0,210932;-0,701393;226,787064;448,590546;-260,458832;0,167471;-0,046063;-0,040776;-0,983956;327,686249;401,445343;-776,557434
631;6,31;;;;;;;;-0,303442;-0,00806;0,114147;-0,945954;379,056641;610,043823;-261,093842;-0,591729;0,340383;-0,210165;-0,699877;226,726227;448,165253;-260,873444;0,167487;-0,046025;-0,040758;-0,983956;327,710266;401,432343;-776,541626
632;6,32;;;;;;;;-0,305443;-0,007724;0,114028;-0,945327;379,040009;609,60199;-260,819122;-0,593258;0,341355;-0,209696;-0,698247;226,66832;447,745209;-261,279053;0,167468;-0,046062;-0,040803;-0,983955;327,696808;401,446838;-776,553528
633;6,33;;;;;;;;-0,307357;-0,006434;0,114366;-0,944675;379,044403;609,158142;-260,558197;-0,594784;0,342013;-0,208993;-0,696837;226,613098;447,346375;-261,679962;0,167443;-0,046077;-0,040801;-0,983959;327,68631;401,45874;-776,561279
634;6,34;;;;;;;;-0,309216;-0,006166;0,114589;-0,944043;379,048676;608,724121;-260,292999;-0,596323;0,342776;-0,207948;-0,695458;226,545624;446,953827;-262,096283;0,16744;-0,046054;-0,040761;-0,983962;327,699554;401,452576;-776,554565
635;6,35;;;;;;;;-0,311062;-0,006688;0,114123;-0,943489;379,011139;608,294861;-260,021606;-0,597817;0,343637;-0,207157;-0,693984;226,490341;446,559906;-262,500946;0,167417;-0,046045;-0,04077;-0,983966;327,713654;401,46814;-776,563049
636;6,36;;;;;;;;-0,312931;-0,006926;0,114104;-0,942871;378,972626;607,862732;-259,759888;-0,599277;0,344243;-0,206518;-0,692614;226,446243;446,171112;-262,889526;0,167418;-0,046025;-0,040741;-0,983968;327,71875;401,457764;-776,550293
637;6,37;;;;;;;;-0,314788;-0,006754;0,113723;-0,9423;378,928162;607,424988;-259,502289;-0,600778;0,344938;-0,205621;-0,691234;226,388733;445,791351;-263,294983;0,167421;-0,045996;-0,040678;-0,983971;327,723083;401,439301;-776,53363
638;6,38;;;;;;;;-0,316651;-0,00648;0,113075;-0,941756;378,893555;606,990295;-259,247498;-0,602245;0,345676;-0,20509;-0,689745;226,324783;445,419128;-263,689575;0,167404;-0,045982;-0,040664;-0,983976;327,731384;401,444122;-776,53241
639;6,39;;;;;;;;-0,318468;-0,006562;0,112661;-0,941192;378,864044;606,566406;-258,996399;-0,603648;0,346289;-0,204587;-0,688359;226,256668;445,067139;-264,073029;0,167369;-0,045982;-0,040655;-0,983982;327,725281;401,461182;-776,540039
640;6,4;;;;;;;;-0,320304;-0,006899;0,113136;-0,94051;378,835876;606,136292;-258,735138;-0,605036;0,346845;-0,203593;-0,687153;226,173157;444,705292;-264,473511;0,167375;-0,045979;-0,040688;-0,98398;327,731689;401,461182;-776,533752
641;6,41;;;;;;;;-0,322083;-0,007176;0,113597;-0,939844;378,810028;605,712158;-258,486084;-0,606354;0,34766;-0,202944;-0,685771;226,099228;444,345825;-264,868011;0,167382;-0,045954;-0,04065;-0,983981;327,736847;401,445923;-776,521545
642;6,42;;;;;;;;-0,323804;-0,007295;0,113319;-0,939285;378,765747;605,290039;-258,238647;-0,607678;0,348364;-0,202576;-0,684348;226,03714;444,009186;-265,251099;0,167368;-0,045854;-0,040568;-0,983992;327,781464;401,442108;-776,50531
643;6,43;;;;;;;;-0,325513;-0,007372;0,112774;-0,938759;378,714905;604,872131;-257,997223;-0,608987;0,349045;-0,201795;-0,683067;225,954224;443,691223;-265,64035;0,167365;-0,045833;-0,040568;-0,983993;327,788666;401,441589;-776,498779
644;6,44;;;;;;;;-0,327277;-0,007199;0,112457;-0,938185;378,67569;604,464539;-257,766541;-0,610257;0,34992;-0,201181;-0,681666;225,865158;443,379272;-266,027069;0,167357;-0,045809;-0,040552;-0,983996;327,796417;401,442535;-776,494141
645;6,45;;;;;;;;-0,329003;-0,007288;0,111989;-0,937636;378,640106;604,056335;-257,531464;-0,611556;0,350492;-0,20037;-0,680446;225,804718;443,062958;-266,403778;0,167337;-0,045761;-0,040525;-0,984003;327,818756;401,450165;-776,492126
646;6,46;;;;;;;;-0,330713;-0,007123;0,111458;-0,937099;378,610504;603,645386;-257,302643;-0,612691;0,351302;-0,199699;-0,679203;225,73262;442,753326;-266,763641;0,167331;-0,045765;-0,04054;-0,984003;327,818207;401,453613;-776,493164
647;6,47;;;;;;;;-0,332432;-0,006931;0,111224;-0,93652;378,591248;603,23822;-257,082458;-0,613797;0,35225;-0,199072;-0,677896;225,648865;442,450836;-267,126495;0,167312;-0,045777;-0,040569;-0,984005;327,814056;401,470734;-776,499451
648;6,48;;;;;;;;-0,334038;-0,006969;0,110668;-0,936015;378,559479;602,839722;-256,85791;-0,614909;0,352918;-0,198555;-0,676691;225,569672;442,157806;-267,486786;0,167301;-0,045735;-0,040562;-0,984009;327,841766;401,477692;-776,494019
649;6,49;;;;;;;;-0,335632;-0,00723;0,110485;-0,935464;378,52536;602,446106;-256,636963;-0,616007;0,353494;-0,19813;-0,675516;225,495911;441,881287;-267,844818;0,167281;-0,045723;-0,040604;-0,984011;327,862244;401,497833;-776,496338
650;6,5;;;;;;;;-0,337331;-0,007473;0,110041;-0,934903;378,488739;602,045593;-256,420593;-0,617146;0,354313;-0,197645;-0,674188;225,410843;441,616486;-268,201874;0,167267;-0,0457;-0,040574;-0,984016;327,87265;401,501068;-776,494629
651;6,51;;;;;;;;-0,338985;-0,00719;0,109119;-0,934415;378,456116;601,639343;-256,208588;-0,618241;0,355117;-0,197188;-0,672895;225,324005;441,356293;-268,554352;0,167254;-0,045732;-0,040586;-0,984016;327,855469;401,508148;-776,499878
652;6,52;;;;;;;;-0,340531;-0,00723;0,108528;-0,933921;378,425476;601,252075;-256,003662;-0,619232;0,355773;-0,196876;-0,671727;225,244904;441,094543;-268,896393;0,167245;-0,045755;-0,040571;-0,984017;327,838837;401,509521;-776,502258
653;6,53;;;;;;;;-0,342073;-0,00717;0,1081;-0,933407;378,395569;600,88269;-255,806747;-0,620165;0,356513;-0,196568;-0,670563;225,170441;440,836609;-269,234589;0,167233;-0,045802;-0,040622;-0,984015;327,819458;401,525513;-776,513489
654;6,54;;;;;;;;-0,343595;-0,00684;0,108013;-0,932861;378,370697;600,513733;-255,615646;-0,621175;0,357234;-0,196137;-0,66937;225,093399;440,590546;-269,572449;0,167217;-0,045831;-0,040633;-0,984016;327,804382;401,535461;-776,521729
655;6,55;;;;;;;;-0,34511;-0,006486;0,107806;-0,932328;378,334351;600,140503;-255,424225;-0,622177;0,357779;-0,195473;-0,668341;225,02095;440,35437;-269,891418;0,16721;-0,04589;-0,040661;-0,984013;327,772339;401,539429;-776,534058
656;6,56;;;;;;;;-0,345244;-0,004743;0,118045;-0,931047;378,032806;599,801208;-255,162445;-0,62311;0,358378;-0,194963;-0,6673;224,940353;440,125946;-270,210236;0,167204;-0,045927;-0,040697;-0,984011;327,752686;401,547729;-776,540466
657;6,57;;;;;;;;-0,345716;-0,003669;0,124766;-0,93;377,833679;599,467651;-254,933777;-0,624026;0,359138;-0,194575;-0,666147;224,862198;439,907166;-270,527649;0,167183;-0,045909;-0,040701;-0,984015;327,765503;401,560974;-776,543396
658;6,58;;;;;;;;-0,347063;-0,003538;0,125103;-0,929454;377,792847;599,116943;-254,745483;-0,624996;0,359818;-0,194067;-0,665018;224,7836;439,686462;-270,841156;0,167169;-0,046023;-0,040765;-0,98401;327,700287;401,574493;-776,563293
659;6,59;;;;;;;;-0,348478;-0,003617;0,125378;-0,928887;377,73291;598,764038;-254,56459;-0,625846;0,360431;-0,193826;-0,663956;224,705246;439,469604;-271,149811;0,167157;-0,046144;-0,040869;-0,984002;327,642151;401,590576;-776,592224
660;6,6;;;;;;;;-0,349938;-0,003597;0,125218;-0,928359;377,704865;598,403259;-254,389587;-0,626601;0,361177;-0,193624;-0,662896;224,629013;439,263123;-271,452118;0,167325;-0,046725;-0,04129;-0,983928;327,364868;401,567078;-776,647034
661;6,61;;;;;;;;-0,351215;-0,003101;0,125446;-0,927848;377,684235;598,05603;-254,211609;-0,627376;0,361725;-0,193297;-0,661959;224,537613;439,056213;-271,76886;0,167409;-0,046919;-0,041418;-0,983899;327,272583;401,548401;-776,65625
662;6,62;;;;;;;;-0,352391;-0,002871;0,125602;-0,927381;377,645599;597,722595;-254,03804;-0,628101;0,362411;-0,19307;-0,660963;224,453094;438,857269;-272,06488;0,167393;-0,046954;-0,041456;-0,983899;327,255676;401,561218;-776,666138
663;6,63;;;;;;;;-0,353601;-0,002671;0,125787;-0,926896;377,620941;597,402222;-253,872574;-0,628817;0,36315;-0,192748;-0,659969;224,374008;438,662994;-272,343201;0,167402;-0,046989;-0,041447;-0,983896;327,234711;401,55011;-776,662476
664;6,64;;;;;;;;-0,354796;-0,002443;0,125843;-0,926432;377,578094;597,075439;-253,708725;-0,629555;0,363805;-0,1924;-0,659006;224,297348;438,475555;-272,618622;0,167417;-0,046945;-0,04142;-0,983896;327,260223;401,536346;-776,644836
665;6,65;;;;;;;;-0,355986;-0,002338;0,12656;-0,925879;377,513245;596,75116;-253,549454;-0,630361;0,364205;-0,191913;-0,658156;224,237259;438,297211;-272,889496;0,16741;-0,04691;-0,041384;-0,983901;327,276123;401,53537;-776,639954
666;6,66;;;;;;;;-0,357277;-0,002396;0,125944;-0,925465;377,480621;596,434265;-253,391647;-0,631086;0,364645;-0,191517;-0,657332;224,172943;438,122986;-273,159607;0,167402;-0,04686;-0,041371;-0,983905;327,312103;401,538879;-776,630981
667;6,67;;;;;;;;-0,357848;-0,004274;0,127843;-0,924977;377,548035;596,14801;-253,262756;-0,631739;0,365277;-0,191289;-0,65642;224,105545;437,952759;-273,420013;0,167418;-0,04682;-0,041341;-0,983906;327,336578;401,526398;-776,617371
668;6,68;;;;;;;;-0,358563;-0,005573;0,129804;-0,92442;377,567871;595,850342;-253,124557;-0,632421;0,365934;-0,191154;-0,655436;224,047012;437,782104;-273,668732;0,167399;-0,046938;-0,041462;-0,983898;327,286987;401,556244;-776,645447
669;6,69;;;;;;;;-0,359687;-0,005421;0,130079;-0,923946;377,529877;595,544922;-252,980804;-0,633141;0,366511;-0,190884;-0,654496;223,995773;437,613647;-273,91684;0,16738;-0,047055;-0,041535;-0,983893;327,221832;401,574432;-776,674194
670;6,7;;;;;;;;-0,36114;-0,005906;0,126389;-0,923888;377,580597;595,208252;-252,861801;-0,633876;0,366909;-0,190313;-0,653728;223,944809;437,450684;-274,162048;0,167383;-0,047075;-0,041553;-0,98389;327,2146;401,575989;-776,679626
671;6,71;;;;;;;;-0,362128;-0,005726;0,127307;-0,923376;377,516266;594,936584;-252,718246;-0,634513;0,367435;-0,189983;-0,65291;223,878143;437,299805;-274,409271;0,167376;-0,0471;-0,041585;-0,983889;327,20752;401,588196;-776,685974
672;6,72;;;;;;;;-0,363095;-0,004971;0,129317;-0,922721;377,414124;594,677124;-252,56694;-0,635025;0,368039;-0,18994;-0,652084;223,808792;437,152039;-274,660065;0,167359;-0,047142;-0,04162;-0,983889;327,180817;401,60498;-776,697388
673;6,73;;;;;;;;-0,364107;-0,004562;0,129506;-0,922298;377,374969;594,398682;-252,433929;-0,635589;0,368539;-0,189925;-0,651256;223,734711;437,002533;-274,904816;0,167344;-0,047232;-0,041697;-0,983884;327,131927;401,621857;-776,719299
674;6,74;;;;;;;;-0,364997;-0,004313;0,129911;-0,92189;377,352966;594,133606;-252,307419;-0,636168;0,368977;-0,189892;-0,650451;223,667938;436,858337;-275,142059;0,167343;-0,047263;-0,041739;-0,98388;327,120361;401,62735;-776,726379
675;6,75;;;;;;;;-0,365857;-0,004362;0,130403;-0,92148;377,310425;593,874512;-252,177155;-0,636736;0,36943;-0,18957;-0,649732;223,603638;436,720123;-275,364349;0,166928;-0,047531;-0,043755;-0,98385;327,347443;402,272461;-776,986572
676;6,76;;;;;;;;-0,367241;-0,004924;0,126785;-0,921431;377,345215;593,568787;-252,071503;-0,637277;0,369953;-0,189174;-0,649019;223,534149;436,592651;-275,583344;0,166662;-0,047748;-0,044948;-0,983831;327,438782;402,664063;-777,15863
677;6,77;;;;;;;;-0,368606;-0,005021;0,124183;-0,92124;377,336212;593,274048;-251,960281;-0,637793;0,370415;-0,188843;-0,648345;223,460678;436,467468;-275,803131;0,166562;-0,047467;-0,044636;-0,983876;327,550415;402,657562;-777,132385
678;6,78;;;;;;;;-0,369275;-0,004295;0,127421;-0,920533;377,22522;593,058716;-251,829834;-0,638266;0,37093;-0,188739;-0,647615;223,394836;436,338257;-276,015747;0,166517;-0,047261;-0,044381;-0,983905;327,626526;402,637543;-777,101257
679;6,79;;;;;;;;-0,370007;-0,003884;0,129808;-0,919907;377,151642;592,8302;-251,705017;-0,638747;0,371442;-0,188626;-0,64688;223,338943;436,209656;-276,224945;0,16659;-0,047078;-0,044101;-0,983914;327,68869;402,555328;-777,040833
680;6,8;;;;;;;;-0,37083;-0,003719;0,130383;-0,919495;377,119598;592,574402;-251,583191;-0,639267;0,371801;-0,188384;-0,64623;223,298157;436,087982;-276,42038;0,166696;-0,046842;-0,04374;-0,983923;327,774109;402,4505;-776,959656
681;6,81;;;;;;;;-0,371574;-0,003559;0,130642;-0,919159;377,073975;592,317932;-251,457687;-0,639775;0,372233;-0,188243;-0,645519;223,259872;435,969482;-276,615387;0,166771;-0,046683;-0,043487;-0,983929;327,832458;402,375763;-776,900146
682;6,82;;;;;;;;-0,372926;-0,00383;0,127207;-0,919092;377,115845;592,005005;-251,354218;-0,640304;0,372747;-0,187855;-0,644811;223,206467;435,849365;-276,826843;0,166817;-0,046632;-0,043341;-0,98393;327,841858;402,322052;-776,87085
683;6,83;;;;;;;;-0,374351;-0,003612;0,124324;-0,918908;377,12204;591,702881;-251,244904;-0,640847;0,3732;-0,187484;-0,644117;223,162674;435,729095;-277,037964;0,16685;-0,046657;-0,043192;-0,98393;327,799377;402,270264;-776,857422
684;6,84;;;;;;;;-0,375342;-0,002997;0,124314;-0,918507;377,070618;591,439941;-251,127869;-0,641359;0,373643;-0,187156;-0,643445;223,118866;435,610962;-277,244507;0,166858;-0,046638;-0,04305;-0,983936;327,786804;402,239105;-776,850525
685;6,85;;;;;;;;-0,376161;-0,00136;0,12642;-0,917889;376,919495;591,217468;-250,985794;-0,641816;0,374067;-0,186985;-0,642793;223,07074;435,490662;-277,451904;0,166897;-0,046667;-0,042892;-0,983935;327,733429;402,185303;-776,831848
686;6,86;;;;;;;;-0,377061;-0,000183;0,127756;-0,917335;376,809235;590,992859;-250,854553;-0,642277;0,374374;-0,186873;-0,642186;223,022934;435,370392;-277,654999;0,166952;-0,046622;-0,042732;-0,983935;327,729187;402,121094;-776,795837
687;6,87;;;;;;;;-0,377959;0,000243;0,128069;-0,916921;376,76535;590,756287;-250,746841;-0,642695;0,374847;-0,186759;-0,641525;222,962952;435,253204;-277,863739;0,166976;-0,046542;-0,042552;-0,983942;327,74408;402,071533;-776,767639
688;6,88;;;;;;;;-0,379192;0,000178;0,124471;-0,916908;376,79184;590,470215;-250,656433;-0,643159;0,375302;-0,186507;-0,640867;222,90567;435,136047;-278,072418;0,167018;-0,046464;-0,042341;-0,983948;327,74823;402,006714;-776,731628
689;6,89;;;;;;;;-0,38027;0,000138;0,121804;-0,91682;376,789215;590,203369;-250,559128;-0,64364;0,375706;-0,186258;-0,640219;222,846893;435,025024;-278,270782;0,167054;-0,046402;-0,042184;-0,983951;327,75473;401,956085;-776,701233
690;6,9;;;;;;;;-0,381108;0,000132;0,121916;-0,916457;376,741425;589,97168;-250,456818;-0,644113;0,376037;-0,186079;-0,6396;222,785751;434,917267;-278,463837;0,167071;-0,046367;-0,042058;-0,983956;327,751373;401,922058;-776,68335
691;6,91;;;;;;;;-0,381909;-0,000021;0,122179;-0,916088;376,714172;589,752686;-250,365311;-0,644557;0,376332;-0,185796;-0,639063;222,733444;434,812225;-278,647736;0,16709;-0,04629;-0,041889;-0,983963;327,767029;401,877808;-776,659607
692;6,92;;;;;;;;-0,382725;-0,000196;0,122134;-0,915754;376,688049;589,542053;-250,282379;-0,644962;0,376631;-0,185553;-0,638548;222,688263;434,704041;-278,823914;0,167254;-0,044654;-0,040453;-0,984071;328,519531;401,56958;-776,250122
693;6,93;;;;;;;;-0,383137;0,000306;0,125862;-0,915077;376,575287;589,384521;-250,182571;-0,645357;0,376989;-0,185411;-0,637978;222,644485;434,604034;-278,996552;0,167377;-0,043683;-0,039573;-0,984129;328,963104;401,36557;-775,995117
694;6,94;;;;;;;;-0,383561;0,000748;0,128782;-0,914492;376,498688;589,231506;-250,09024;-0,645728;0,377392;-0,185282;-0,637402;222,600845;434,508026;-279,162964;0,16738;-0,043789;-0,039556;-0,984125;328,893707;401,35437;-776,014221
695;6,95;;;;;;;;-0,384514;0,000458;0,125149;-0,914597;376,556946;589,012329;-250,037079;-0,646102;0,377725;-0,185228;-0,636841;222,558105;434,412048;-279,318695;0,167402;-0,04394;-0,039571;-0,984114;328,802826;401,333679;-776,031982
696;6,96;;;;;;;;-0,385344;0,000319;0,122532;-0,914601;376,591614;588,809387;-249,980164;-0,646505;0,377991;-0,18505;-0,636326;222,529266;434,321136;-279,468445;0,16741;-0,044059;-0,039577;-0,984107;328,73233;401,323151;-776,053101
697;6,97;;;;;;;;-0,38591;0,000439;0,12255;-0,91436;376,577148;588,642334;-249,912476;-0,646873;0,378279;-0,184951;-0,63581;222,506348;434,240814;-279,6073;0,16731;-0,045472;-0,040619;-0,984017;328,046326;401,517883;-776,384827
698;6,98;;;;;;;;-0,386442;0,000578;0,122565;-0,914134;376,559723;588,483643;-249,84552;-0,647209;0,378489;-0,184795;-0,635387;222,483963;434,164948;-279,732422;0,167344;-0,045188;-0,040286;-0,984038;328,158844;401,444153;-776,311035
699;6,99;;;;;;;;-0,386908;0,000688;0,122641;-0,913926;376,539581;588,340027;-249,783127;-0,647514;0,378686;-0,184454;-0,635058;222,464981;434,093109;-279,847717;0,167427;-0,044415;-0,039579;-0,984088;328,512238;401,294434;-776,116638
700;7;;;;;;;;-0,387343;0,000624;0,122597;-0,913748;376,512817;588,209106;-249,726746;-0,647815;0,378935;-0,184283;-0,634652;222,444092;434,028564;-279,965515;0,167449;-0,044489;-0,039549;-0,984082;328,460571;401,2742;-776,120422
701;7,01;;;;;;;;-0,38779;0,00059;0,122679;-0,913547;376,483154;588,085266;-249,677841;-0,648136;0,379138;-0,184116;-0,634251;222,426178;433,962708;-280,076141;0,167477;-0,044529;-0,039517;-0,984077;328,426422;401,248322;-776,119385
702;7,02;;;;;;;;-0,388227;0,000594;0,122633;-0,913368;376,462219;587,973206;-249,631561;-0,648411;0,379371;-0,18404;-0,633853;222,405701;433,903412;-280,179138;0,167496;-0,044555;-0,039494;-0,984073;328,402283;401,231628;-776,119507
703;7,03;;;;;;;;-0,388638;0,000568;0,122491;-0,913212;376,432434;587,867615;-249,587509;-0,648622;0,379592;-0,183986;-0,633521;222,382431;433,852203;-280,275421;0,167493;-0,044642;-0,039503;-0,984069;328,341187;401,231812;-776,137512
704;7,04;;;;;;;;-0,38901;0,000592;0,122608;-0,913038;376,400604;587,767151;-249,545517;-0,648807;0,379844;-0,183936;-0,633195;222,356369;433,806335;-280,361176;0,1675;-0,044741;-0,039534;-0,984063;328,278473;401,2276;-776,154785
705;7,05;;;;;;;;-0,389397;0,000458;0,122596;-0,912875;376,380554;587,670837;-249,506622;-0,648964;0,380078;-0,183898;-0,632905;222,33551;433,763885;-280,435883;0,167498;-0,044803;-0,039529;-0,98406;328,230072;401,221497;-776,168457
706;7,06;;;;;;;;-0,389405;0,000876;0,126385;-0,912354;376,284241;587,621216;-249,451309;-0,649112;0,380226;-0,183794;-0,632693;222,315933;433,723389;-280,503876;0,167499;-0,044876;-0,039569;-0,984055;328,188049;401,222626;-776,184509
707;7,07;;;;;;;;-0,38984;0,000749;0,125326;-0,912314;376,287537;587,518738;-249,421143;-0,649231;0,380409;-0,183722;-0,632483;222,296707;433,688477;-280,562958;0,167472;-0,044936;-0,039691;-0,984052;328,176422;401,257233;-776,209534
708;7,08;;;;;;;;-0,390388;0,000425;0,122903;-0,91241;376,330963;587,405457;-249,398926;-0,649345;0,380585;-0,183621;-0,632289;222,277756;433,659607;-280,619141;0,167452;-0,045042;-0,039745;-0,984048;328,116821;401,272064;-776,236633
709;7,09;;;;;;;;-0,390695;0,000435;0,122916;-0,912277;376,324097;587,327332;-249,367065;-0,649473;0,380697;-0,18351;-0,632123;222,26622;433,634888;-280,671906;0,167476;-0,045209;-0,039843;-0,984033;328,033142;401,265015;-776,263611
710;7,1;;;;;;;;-0,390925;0,000506;0,123098;-0,912154;376,315796;587,257446;-249,34024;-0,649597;0,380786;-0,183404;-0,631972;222,258377;433,610199;-280,71759;0,167463;-0,045365;-0,039944;-0,984024;327,960052;401,281189;-776,300171
711;7,11;;;;;;;;-0,391121;0,000587;0,123185;-0,912058;376,315674;587,191895;-249,317505;-0,649717;0,380804;-0,183271;-0,631877;222,251495;433,58551;-280,758545;0,167458;-0,04546;-0,039992;-0,984018;327,915955;401,284729;-776,321167
712;7,12;;;;;;;;-0,391316;0,000697;0,123229;-0,911968;376,32019;587,128723;-249,293381;-0,649824;0,380816;-0,183167;-0,63179;222,248932;433,564972;-280,792053;0,167461;-0,045552;-0,04005;-0,984011;327,876862;401,287384;-776,338745
713;7,13;;;;;;;;-0,391521;0,000739;0,123314;-0,911869;376,317871;587,072998;-249,265732;-0,649917;0,380875;-0,183078;-0,631684;222,246826;433,547333;-280,819702;0,16745;-0,045588;-0,040035;-0,984012;327,854675;401,289764;-776,350037
714;7,14;;;;;;;;-0,391734;0,000733;0,123327;-0,911775;376,312195;587,018555;-249,243454;-0,649995;0,380911;-0,183022;-0,631598;222,244263;433,528076;-280,847717;0,167459;-0,045662;-0,040036;-0,984007;327,808044;401,278015;-776,359802
715;7,15;;;;;;;;-0,391938;0,000734;0,12318;-0,911708;376,308441;586,967224;-249,225555;-0,650047;0,380945;-0,183067;-0,631511;222,234909;433,510376;-280,883453;0,167449;-0,045756;-0,040094;-0,984002;327,76239;401,289337;-776,383667
716;7,16;;;;;;;;-0,392134;0,000676;0,122936;-0,911656;376,301453;586,919373;-249,205078;-0,650148;0,380933;-0,183137;-0,631394;222,229462;433,492279;-280,917664;0,167448;-0,045815;-0,040108;-0,983999;327,730865;401,289856;-776,395081
717;7,17;;;;;;;;-0,392305;0,000572;0,122704;-0,911614;376,291626;586,871155;-249,183624;-0,650234;0,380954;-0,183172;-0,631283;222,224884;433,472809;-280,944305;0,167464;-0,045797;-0,04008;-0,983998;327,73526;401,275513;-776,382446
718;7,18;;;;;;;;-0,392473;0,000557;0,122505;-0,911568;376,284332;586,825195;-249,164139;-0,650289;0,381033;-0,18314;-0,631188;222,215149;433,457642;-280,97229;0,167474;-0,045867;-0,040126;-0,983991;327,696228;401,273773;-776,391174
719;7,19;;;;;;;;-0,392634;0,000602;0,122311;-0,911525;376,275848;586,78125;-249,147324;-0,650356;0,381138;-0,183147;-0,631054;222,205292;433,444275;-281,004669;0,16748;-0,04595;-0,040179;-0,983984;327,652344;401,274414;-776,407349
720;7,2;;;;;;;;-0,392756;0,000581;0,122274;-0,911478;376,263794;586,73877;-249,131195;-0,650429;0,381181;-0,183118;-0,63096;222,195358;433,430359;-281,033325;0,167473;-0,045948;-0,040132;-0,983987;327,636658;401,270203;-776,408447
721;7,21;;;;;;;;-0,392871;0,000611;0,122264;-0,91143;376,251526;586,700195;-249,115585;-0,650505;0,381211;-0,183042;-0,630886;222,182602;433,418884;-281,060211;0,167461;-0,045928;-0,040134;-0,98399;327,645966;401,278503;-776,412476
722;7,22;;;;;;;;-0,39298;0,000568;0,122096;-0,911405;376,241028;586,66333;-249,098114;-0,650574;0,381249;-0,182826;-0,630854;222,164185;433,408081;-281,090973;0,167473;-0,045927;-0,040167;-0,983987;327,656219;401,277344;-776,410828
723;7,23;;;;;;;;-0,393096;0,000602;0,12216;-0,911346;376,232147;586,624023;-249,081635;-0,650654;0,381252;-0,182619;-0,63083;222,147812;433,393646;-281,122559;0,167478;-0,045982;-0,040156;-0,983984;327,614716;401,269989;-776,418091
724;7,24;;;;;;;;-0,393226;0,000563;0,122129;-0,911295;376,222443;586,586365;-249,066422;-0,650745;0,381224;-0,182449;-0,630803;222,131378;433,380737;-281,152008;0,167471;-0,046015;-0,040135;-0,983984;327,581848;401,268738;-776,428772
725;7,25;;;;;;;;-0,393364;0,000569;0,12197;-0,911256;376,220398;586,551208;-249,054001;-0,650831;0,381247;-0,182317;-0,630738;222,121536;433,368011;-281,180573;0,167469;-0,046061;-0,040171;-0,983981;327,563599;401,275879;-776,437378
726;7,26;;;;;;;;-0,39346;0,00061;0,122067;-0,911202;376,221527;586,514221;-249,040482;-0,650932;0,381266;-0,182219;-0,63065;222,116058;433,353363;-281,205597;0,167487;-0,046023;-0,040117;-0,983982;327,583374;401,2565;-776,419495
727;7,27;;;;;;;;-0,39355;0,000626;0,12215;-0,911152;376,213959;586,480103;-249,023117;-0,651028;0,381329;-0,182162;-0,63053;222,108398;433,338715;-281,233429;0,167489;-0,045999;-0,040101;-0,983984;327,600708;401,253571;-776,413879
728;7,28;;;;;;;;-0,393655;0,000681;0,122389;-0,911074;376,207123;586,442993;-249,006393;-0,651156;0,381381;-0,182033;-0,630403;222,106216;433,319824;-281,260895;0,167473;-0,046083;-0,040153;-0,98398;327,556732;401,267761;-776,436096
729;7,29;;;;;;;;-0,393788;0,000701;0,122486;-0,911004;376,202698;586,405579;-248,992691;-0,651266;0,381398;-0,181963;-0,6303;222,10257;433,302032;-281,2901;0,16749;-0,046101;-0,040145;-0,983977;327,546326;401,253815;-776,43396
730;7,3;;;;;;;;-0,393897;0,000776;0,122359;-0,910974;376,199005;586,373108;-248,979507;-0,651358;0,381429;-0,181868;-0,630213;222,098984;433,286102;-281,316315;0,167502;-0,046078;-0,040096;-0,983978;327,551849;401,2388;-776,422363
731;7,31;;;;;;;;-0,394025;0,000859;0,122281;-0,910929;376,194122;586,342102;-248,968933;-0,651437;0,38147;-0,181779;-0,630132;222,092117;433,269836;-281,344177;0,167505;-0,046072;-0,040094;-0,983978;327,555359;401,238861;-776,420593
732;7,32;;;;;;;;-0,39414;0,000863;0,122118;-0,910901;376,186188;586,313599;-248,961945;-0,651513;0,381488;-0,18173;-0,630058;222,08345;433,254913;-281,372498;0,167516;-0,046135;-0,040132;-0,983971;327,521759;401,235718;-776,429993
733;7,33;;;;;;;;-0,394172;0,000817;0,122338;-0,910857;376,171661;586,283936;-248,95195;-0,6516;0,381562;-0,181683;-0,629936;222,076569;433,235809;-281,402557;0,167516;-0,046162;-0,040111;-0,983971;327,495941;401,229218;-776,438354
734;7,34;;;;;;;;-0,394238;0,00085;0,122442;-0,910815;376,1586;586,254639;-248,941986;-0,65169;0,381597;-0,181631;-0,629837;222,063873;433,220306;-281,43338;0,167506;-0,046155;-0,040106;-0,983973;327,493469;401,2341;-776,443359
735;7,35;;;;;;;;-0,394361;0,000941;0,122322;-0,910778;376,146912;586,226318;-248,933884;-0,651748;0,381658;-0,181548;-0,629763;222,051529;433,202576;-281,4646;0,167517;-0,046166;-0,040099;-0,983971;327,482239;401,223755;-776,440796
736;7,36;;;;;;;;-0,394447;0,000947;0,122286;-0,910745;376,138;586,197876;-248,923065;-0,651809;0,381755;-0,181579;-0,629633;222,044266;433,185211;-281,492432;0,16753;-0,04617;-0,040113;-0,983968;327,484985;401,216095;-776,437561
737;7,37;;;;;;;;-0,394556;0,000933;0,122195;-0,91071;376,128784;586,16864;-248,91153;-0,651857;0,381914;-0,181562;-0,629492;222,035019;433,169067;-281,518982;0,167517;-0,046236;-0,040156;-0,983965;327,445435;401,228729;-776,455627
738;7,38;;;;;;;;-0,39468;0,001002;0,122242;-0,91065;376,122131;586,140503;-248,901962;-0,651896;0,382056;-0,181594;-0,629355;222,019501;433,15564;-281,547241;0,167511;-0,04581;-0,039862;-0,983998;327,652161;401,190155;-776,366699
739;7,39;;;;;;;;-0,394781;0,001057;0,122262;-0,910604;376,114319;586,113708;-248,891937;-0,651951;0,382098;-0,18165;-0,629257;222,009521;433,143555;-281,573151;0,167534;-0,045418;-0,039598;-0,984023;327,851044;401,138214;-776,278259
740;7,4;;;;;;;;-0,39488;0,001042;0,122278;-0,910559;376,105377;586,090027;-248,879791;-0,651996;0,382181;-0,181605;-0,629173;222,008499;433,130127;-281,591736;0,167539;-0,045437;-0,039586;-0,984022;327,835999;401,130829;-776,279541
741;7,41;;;;;;;;-0,39497;0,001077;0,122408;-0,910502;376,101624;586,066589;-248,870438;-0,652041;0,382286;-0,181595;-0,629066;222,00473;433,118744;-281,608185;0,167542;-0,045478;-0,039583;-0,98402;327,809753;401,125366;-776,2854
742;7,42;;;;;;;;-0,395077;0,001061;0,122478;-0,910446;376,101379;586,045349;-248,862915;-0,652086;0,382317;-0,181552;-0,629012;222,004089;433,108582;-281,625397;0,167547;-0,045453;-0,039564;-0,984021;327,828461;401,119873;-776,280701
743;7,43;;;;;;;;-0,395156;0,001014;0,122598;-0,910396;376,098572;586,026917;-248,854797;-0,652125;0,382369;-0,181514;-0,628951;222,011719;433,095215;-281,639038;0,167554;-0,045519;-0,039625;-0,984014;327,804199;401,122803;-776,292419
744;7,44;;;;;;;;-0,395194;0,001041;0,122686;-0,910367;376,101624;586,008484;-248,848572;-0,652157;0,382423;-0,181501;-0,62889;222,016632;433,086456;-281,651123;0,167553;-0,045519;-0,039619;-0,984014;327,806885;401,123291;-776,292847
745;7,45;;;;;;;;-0,395273;0,000999;0,12277;-0,910322;376,104004;585,992737;-248,841629;-0,652222;0,382415;-0,18144;-0,628844;222,013367;433,082458;-281,666504;0,167524;-0,045939;-0,039914;-0,983988;327,601135;401,181519;-776,392212
746;7,46;;;;;;;;-0,395376;0,001025;0,122773;-0,910277;376,102264;585,974121;-248,832092;-0,652259;0,382464;-0,181427;-0,628779;222,016144;433,069946;-281,68219;0,167533;-0,04585;-0,039854;-0,983993;327,650787;401,169556;-776,371704
747;7,47;;;;;;;;-0,395429;0,001047;0,122809;-0,910249;376,097992;585,954041;-248,82338;-0,652279;0,382524;-0,181435;-0,62872;222,016861;433,056671;-281,696594;0,167565;-0,045559;-0,039607;-0,984011;327,784027;401,114777;-776,295105
748;7,48;;;;;;;;-0,395495;0,001;0,122838;-0,910216;376,093567;585,934204;-248,815704;-0,652349;0,382548;-0,181367;-0,628653;222,006958;433,050568;-281,713348;0,167576;-0,045594;-0,039601;-0,984008;327,758087;401,105103;-776,293884
749;7,49;;;;;;;;-0,395566;0,001013;0,122956;-0,910169;376,091522;585,915222;-248,809601;-0,652399;0,382558;-0,181302;-0,628613;222,001114;433,040253;-281,730988;0,167567;-0,045583;-0,039602;-0,98401;327,766113;401,111664;-776,297058
750;7,5;;;;;;;;-0,395619;0,001021;0,123091;-0,910128;376,081299;585,900208;-248,80069;-0,652433;0,382623;-0,181329;-0,628531;221,995926;433,029175;-281,747498;0,167566;-0,045562;-0,039624;-0,98401;327,78421;401,117035;-776,295532
751;7,51;;;;;;;;-0,395262;0,000525;0,123575;-0,910218;376,096191;585,908447;-248,808289;-0,652481;0,382665;-0,181296;-0,628465;221,984863;433,02298;-281,763367;0,167557;-0,04559;-0,03965;-0,984009;327,767365;401,127777;-776,305176
752;7,52;;;;;;;;-0,395451;0,000729;0,12342;-0,910157;376,078766;585,884705;-248,800034;-0,652527;0,382665;-0,181177;-0,628451;221,975708;433,019958;-281,779633;0,167555;-0,045603;-0,039616;-0,98401;327,746643;401,122345;-776,309143
753;7,53;;;;;;;;-0,395842;0,001038;0,122993;-0,910044;376,04837;585,847168;-248,784058;-0,652559;0,382663;-0,181116;-0,628437;221,970612;433,013092;-281,793243;0,167574;-0,045656;-0,039639;-0,984004;327,715759;401,111053;-776,313171
754;7,54;;;;;;;;-0,395909;0,000975;0,12297;-0,910018;376,038818;585,829407;-248,778061;-0,652603;0,382685;-0,181103;-0,628382;221,965332;433,009399;-281,807373;0,167577;-0,045704;-0,039675;-0,984;327,69104;401,112915;-776,322144
755;7,55;;;;;;;;-0,395952;0,000976;0,123013;-0,909994;376,030457;585,812805;-248,771637;-0,652631;0,38272;-0,181057;-0,628345;221,960098;433,00235;-281,820313;0,16756;-0,045703;-0,039658;-0,984003;327,687134;401,121979;-776,330322
756;7,56;;;;;;;;-0,395563;0,000538;0,123634;-0,910079;376,052368;585,818909;-248,778275;-0,652652;0,382763;-0,181001;-0,628312;221,958328;432,990326;-281,830658;0,167544;-0,045688;-0,039635;-0,984007;327,69101;401,126831;-776,33252
757;7,57;;;;;;;;-0,395313;0,000116;0,124017;-0,910136;376,067505;585,819824;-248,781067;-0,652704;0,382766;-0,180961;-0,628268;221,959793;432,977905;-281,841644;0,167561;-0,045701;-0,039625;-0,984004;327,681183;401,111908;-776,325317
758;7,58;;;;;;;;-0,395385;0,000065;0,124069;-0,910098;376,06485;585,803528;-248,772552;-0,652762;0,38274;-0,180957;-0,628224;221,961304;432,964508;-281,853973;0,167581;-0,045726;-0,039644;-0,983999;327,67511;401,101044;-776,32074
759;7,59;;;;;;;;-0,39547;0,00003;0,124098;-0,910057;376,065735;585,787415;-248,763916;-0,652808;0,38274;-0,180906;-0,628191;221,959579;432,954895;-281,863525;0,167589;-0,045724;-0,03965;-0,983998;327,681732;401,09671;-776,316406
760;7,6;;;;;;;;-0,395528;-0,000028;0,124123;-0,910028;376,062286;585,773438;-248,759521;-0,652854;0,382744;-0,180818;-0,628167;221,958694;432,946869;-281,874176;0,167591;-0,045736;-0,039636;-0,983997;327,671631;401,092468;-776,316772
761;7,61;;;;;;;;-0,395623;-0,00004;0,124018;-0,910001;376,06131;585,761963;-248,757004;-0,652894;0,382737;-0,18079;-0,628137;221,956161;432,937317;-281,888153;0,167584;-0,045779;-0,039651;-0,983996;327,648407;401,097687;-776,328308
762;7,62;;;;;;;;-0,395717;-0,000077;0,123955;-0,909969;376,057159;585,749939;-248,754623;-0,652928;0,382743;-0,180719;-0,628119;221,953094;432,928741;-281,90094;0,167587;-0,045803;-0,039696;-0,983992;327,641541;401,102051;-776,335693
763;7,63;;;;;;;;-0,395742;-0,000131;0,124041;-0,909946;376,047241;585,739746;-248,752716;-0,652953;0,38277;-0,180737;-0,628072;221,949432;432,921661;-281,91156;0,1676;-0,045807;-0,039725;-0,983989;327,644104;401,098724;-776,335449
764;7,64;;;;;;;;-0,395784;-0,000262;0,123976;-0,909937;376,040527;585,732117;-248,750565;-0,653007;0,382743;-0,180604;-0,62807;221,94104;432,916168;-281,924438;0,167594;-0,045815;-0,039711;-0,98399;327,634155;401,099518;-776,342285
765;7,65;;;;;;;;-0,395827;-0,000301;0,123907;-0,909927;376,036163;585,724792;-248,747833;-0,653029;0,382767;-0,180518;-0,628056;221,934402;432,908112;-281,939636;0,1676;-0,045796;-0,039691;-0,983991;327,641846;401,091766;-776,337708
766;7,66;;;;;;;;-0,395867;-0,000299;0,123981;-0,9099;376,032806;585,714111;-248,745834;-0,653046;0,382787;-0,180573;-0,628012;221,928955;432,899109;-281,953003;0,1676;-0,045815;-0,03971;-0,983989;327,631012;401,093109;-776,342407
767;7,67;;;;;;;;-0,3959;-0,000396;0,123938;-0,909891;376,026245;585,703796;-248,743683;-0,653074;0,382779;-0,180569;-0,627988;221,926712;432,891907;-281,963837;0,167575;-0,046168;-0,039996;-0,983965;327,462128;401,14859;-776,426636
768;7,68;;;;;;;;-0,395928;-0,000437;0,123881;-0,909887;376,022827;585,69574;-248,740555;-0,653113;0,382794;-0,180519;-0,627954;221,923782;432,886719;-281,973694;0,167591;-0,04609;-0,039939;-0,983969;327,500641;401,132172;-776,403198
769;7,69;;;;;;;;-0,395956;-0,000463;0,123945;-0,909866;376,020264;585,689819;-248,736694;-0,653135;0,382815;-0,180452;-0,627937;221,920197;432,882996;-281,979675;0,167594;-0,045853;-0,039726;-0,983988;327,607361;401,099152;-776,351196
770;7,7;;;;;;;;-0,395983;-0,000496;0,123869;-0,909865;376,019012;585,683716;-248,732849;-0,653152;0,382855;-0,180411;-0,627906;221,920578;432,879547;-281,986237;0,167578;-0,045866;-0,03974;-0,983989;327,601288;401,111969;-776,362671
771;7,71;;;;;;;;-0,395999;-0,000573;0,123758;-0,909873;376,023102;585,680359;-248,73465;-0,653177;0,382875;-0,180413;-0,627868;221,923386;432,878998;-281,99231;0,167567;-0,046191;-0,040002;-0,983965;327,453552;401,158264;-776,43811
772;7,72;;;;;;;;-0,396003;-0,000657;0,123777;-0,909868;376,024902;585,678345;-248,735367;-0,653195;0,382865;-0,180417;-0,627854;221,926727;432,879578;-281,993103;0,167588;-0,046095;-0,039898;-0,98397;327,495148;401,129669;-776,406555
773;7,73;;;;;;;;-0,396015;-0,000609;0,123745;-0,909867;376,025604;585,67572;-248,732864;-0,653196;0,382858;-0,180407;-0,62786;221,928986;432,878967;-281,992401;0,167603;-0,045866;-0,039728;-0,983985;327,606323;401,098267;-776,3526
774;7,74;;;;;;;;-0,39603;-0,000668;0,123721;-0,909864;376,024353;585,675415;-248,733429;-0,653203;0,382891;-0,180389;-0,627838;221,931015;432,880829;-281,994995;0,167615;-0,045819;-0,039703;-0,983986;327,637726;401,09021;-776,341309
775;7,75;;;;;;;;-0,396028;-0,000705;0,12382;-0,909852;376,024902;585,676575;-248,736053;-0,653223;0,382915;-0,180402;-0,627798;221,936386;432,881989;-281,996857;0,167622;-0,045797;-0,039659;-0,983988;327,64621;401,079865;-776,334778
776;7,76;;;;;;;;-0,396025;-0,000734;0,123764;-0,909861;376,025085;585,676697;-248,736053;-0,653231;0,382904;-0,180403;-0,627797;221,939117;432,880341;-281,996582;0,167596;-0,046153;-0,03995;-0,983964;327,479828;401,137238;-776,419373
777;7,77;;;;;;;;-0,396015;-0,000853;0,123767;-0,909864;376,021149;585,677612;-248,735428;-0,653232;0,38291;-0,180426;-0,627786;221,937271;432,879028;-281,998077;0,167573;-0,046441;-0,040187;-0,983945;327,342224;401,184692;-776,487854
778;7,78;;;;;;;;-0,395992;-0,00085;0,12383;-0,909866;376,020782;585,677002;-248,733368;-0,653241;0,382951;-0,180467;-0,627739;221,940994;432,877472;-281,999359;0,167595;-0,046077;-0,039875;-0,983971;327,508331;401,127625;-776,401978
779;7,79;;;;;;;;-0,39602;-0,000813;0,123707;-0,909871;376,021912;585,67395;-248,732483;-0,653253;0,382983;-0,180514;-0,627693;221,943283;432,876038;-282,000183;0,167613;-0,045783;-0,039652;-0,983991;327,650452;401,086273;-776,331787
780;7,8;;;;;;;;-0,396039;-0,000846;0,123601;-0,909876;376,019073;585,671448;-248,733246;-0,653262;0,382988;-0,18056;-0,627668;221,938477;432,873657;-282,003052;0,16762;-0,045817;-0,039699;-0,983986;327,635742;401,087646;-776,333923
781;7,81;;;;;;;;-0,396042;-0,00081;0,123528;-0,909885;376,016724;585,669128;-248,730637;-0,653263;0,383018;-0,180599;-0,627638;221,936218;432,869598;-282,004608;0,167611;-0,045832;-0,039708;-0,983986;327,623901;401,091827;-776,341919
782;7,82;;;;;;;;-0,396053;-0,000805;0,123545;-0,909878;376,011353;585,666077;-248,730179;-0,653259;0,383045;-0,180661;-0,627608;221,935471;432,8685;-282,005859;0,167603;-0,045861;-0,039704;-0,983987;327,599121;401,093964;-776,349243
783;7,83;;;;;;;;-0,396034;-0,000858;0,123585;-0,909881;376,006958;585,664978;-248,732224;-0,65327;0,383027;-0,180702;-0,627595;221,933212;432,866943;-282,006866;0,167613;-0,045794;-0,039676;-0,983989;327,637573;401,083832;-776,334045
784;7,84;;;;;;;;-0,396056;-0,000868;0,123526;-0,90988;376,008148;585,664185;-248,732574;-0,653273;0,383058;-0,180785;-0,627549;221,930771;432,866821;-282,009003;0,167614;-0,045773;-0,03967;-0,98399;327,65274;401,080902;-776,330383
785;7,85;;;;;;;;-0,396069;-0,000887;0,123538;-0,909872;376,007568;585,66095;-248,732086;-0,653268;0,383098;-0,180795;-0,627527;221,932358;432,865509;-282,009949;0,16761;-0,045796;-0,039693;-0,983989;327,641388;401,085022;-776,336609
786;7,86;;;;;;;;-0,396071;-0,00089;0,123491;-0,909878;376,007263;585,658508;-248,732895;-0,653289;0,383089;-0,180756;-0,627522;221,935806;432,863953;-282,00589;0,167601;-0,045755;-0,039665;-0,983993;327,663666;401,085083;-776,333557
787;7,87;;;;;;;;-0,396096;-0,000909;0,12342;-0,909876;376,007446;585,655823;-248,732498;-0,653296;0,383112;-0,180798;-0,627488;221,938431;432,86145;-282,004059;0,167612;-0,045803;-0,039672;-0,983989;327,633759;401,07605;-776,335938
788;7,88;;;;;;;;-0,396226;-0,000715;0,123303;-0,909835;375,993622;585,644104;-248,725021;-0,653296;0,383133;-0,180817;-0,62747;221,942398;432,856995;-282,005432;0,167614;-0,045822;-0,039686;-0,983987;327,62616;401,076202;-776,336914
789;7,89;;;;;;;;-0,396205;-0,000798;0,123319;-0,909842;375,99707;585,642212;-248,723877;-0,653315;0,38312;-0,180806;-0,627461;221,946777;432,853821;-282,006073;0,167609;-0,045833;-0,039709;-0,983987;327,625763;401,082947;-776,340942
790;7,9;;;;;;;;-0,396258;-0,000774;0,123185;-0,909838;375,995422;585,640808;-248,723083;-0,653337;0,383116;-0,180811;-0,62744;221,952057;432,849762;-282,008362;0,167607;-0,045837;-0,039681;-0,983988;327,618958;401,080322;-776,343018
791;7,91;;;;;;;;-0,396371;-0,000589;0,122946;-0,909821;375,98761;585,635559;-248,71846;-0,653361;0,383137;-0,180783;-0,627409;221,952408;432,846832;-282,012054;0,167605;-0,045817;-0,03967;-0,98399;327,630341;401,081024;-776,340393
792;7,92;;;;;;;;-0,396356;-0,000614;0,122981;-0,909823;375,988831;585,63562;-248,717911;-0,65336;0,383179;-0,180761;-0,627391;221,952774;432,845154;-282,014954;0,167614;-0,045822;-0,0397;-0,983987;327,635193;401,082336;-776,33844
793;7,93;;;;;;;;-0,396383;-0,000657;0,122875;-0,909825;375,988922;585,635681;-248,719788;-0,653386;0,383175;-0,180796;-0,627356;221,954376;432,84494;-282,019989;0,167624;-0,045835;-0,039707;-0,983984;327,626709;401,079376;-776,337036
794;7,94;;;;;;;;-0,396387;-0,000642;0,12288;-0,909823;375,986206;585,636475;-248,722137;-0,653408;0,383157;-0,180788;-0,627347;221,953506;432,843658;-282,025146;0,167626;-0,045842;-0,039721;-0,983983;327,62262;401,08197;-776,338928
795;7,95;;;;;;;;-0,396386;-0,000675;0,12284;-0,909829;375,981964;585,637634;-248,722672;-0,653412;0,383157;-0,180801;-0,627339;221,951736;432,841705;-282,029388;0,1676;-0,046205;-0,040006;-0,983959;327,447235;401,137878;-776,42627
796;7,96;;;;;;;;-0,396387;-0,000639;0,122976;-0,90981;375,977386;585,639343;-248,724197;-0,653442;0,383129;-0,180823;-0,627319;221,947067;432,841919;-282,036133;0,167608;-0,046181;-0,039963;-0,98396;327,449097;401,127289;-776,417358
797;7,97;;;;;;;;-0,396255;-0,0008;0,1233;-0,909823;375,983398;585,647034;-248,72908;-0,653457;0,383116;-0,180785;-0,627323;221,944244;432,842438;-282,043182;0,16763;-0,045882;-0,039733;-0,98398;327,592621;401,084961;-776,350159
798;7,98;;;;;;;;-0,39618;-0,001003;0,123339;-0,909851;375,992065;585,651611;-248,733047;-0,653463;0,383128;-0,180754;-0,627318;221,942215;432,841736;-282,045959;0,167621;-0,045836;-0,039716;-0,983984;327,617188;401,091492;-776,34906
799;7,99;;;;;;;;-0,396309;-0,000846;0,123024;-0,909837;375,98056;585,64209;-248,728424;-0,653478;0,383151;-0,180729;-0,627294;221,939148;432,840485;-282,047424;0,167616;-0,04582;-0,0397;-0,983986;327,621521;401,091858;-776,346863
800;8;;;;;;;;-0,396398;-0,000676;0,122809;-0,909828;375,972107;585,636108;-248,724289;-0,653495;0,383164;-0,180705;-0,627277;221,938675;432,83963;-282,048828;0,167626;-0,045826;-0,039682;-0,983985;327,614471;401,081848;-776,341187
801;8,01;;;;;;;;-0,396404;-0,000599;0,122789;-0,909828;375,973358;585,632446;-248,722672;-0,653512;0,383163;-0,180659;-0,627273;221,939713;432,837067;-282,050507;0,16763;-0,045855;-0,039698;-0,983983;327,599457;401,081635;-776,341919
802;8,02;;;;;;;;-0,396414;-0,000529;0,122776;-0,909825;375,973053;585,626099;-248,719833;-0,65354;0,383128;-0,180577;-0,627289;221,941589;432,835083;-282,05188;0,167627;-0,045835;-0,039702;-0,983984;327,615265;401,085846;-776,340393
803;8,03;;;;;;;;-0,396426;-0,00054;0,122763;-0,909822;375,975189;585,624084;-248,718964;-0,653548;0,383129;-0,180552;-0,627286;221,944168;432,831573;-282,050781;0,167632;-0,045826;-0,039691;-0,983984;327,623688;401,080261;-776,337646
804;8,04;;;;;;;;-0,396439;-0,000558;0,122726;-0,909821;375,978271;585,621338;-248,717133;-0,653554;0,383126;-0,180556;-0,62728;221,946594;432,828003;-282,050201;0,167632;-0,045826;-0,039682;-0,983984;327,625458;401,076569;-776,335938
805;8,05;;;;;;;;-0,396434;-0,000537;0,122669;-0,909831;375,98175;585,618713;-248,717514;-0,653569;0,383143;-0,180518;-0,627265;221,951843;432,825348;-282,048889;0,167618;-0,045814;-0,039651;-0,983988;327,627777;401,08017;-776,33728
806;8,06;;;;;;;;-0,396433;-0,000449;0,122691;-0,909828;375,98468;585,617554;-248,71843;-0,653585;0,383139;-0,180456;-0,62727;221,954224;432,823059;-282,048706;0,167619;-0,045826;-0,039646;-0,983988;327,620361;401,075745;-776,337341
807;8,07;;;;;;;;-0,39644;-0,000446;0,122736;-0,909819;375,982819;585,613831;-248,716766;-0,653595;0,383115;-0,180427;-0,627282;221,953766;432,820496;-282,051636;0,167627;-0,045839;-0,039658;-0,983985;327,616699;401,071442;-776,337036
808;8,08;;;;;;;;-0,396455;-0,000402;0,122685;-0,909819;375,983154;585,612549;-248,717361;-0,653601;0,383132;-0,180438;-0,627262;221,955658;432,816772;-282,052032;0,167632;-0,045861;-0,039679;-0,983983;327,605682;401,071533;-776,3396
809;8,09;;;;;;;;-0,39644;-0,000358;0,122718;-0,909822;375,981842;585,610901;-248,716354;-0,653602;0,383142;-0,180401;-0,627266;221,957108;432,811859;-282,053345;0,167598;-0,046139;-0,039929;-0,983965;327,480072;401,127197;-776,414246
810;8,1;;;;;;;;-0,396434;-0,000358;0,122747;-0,909821;375,980591;585,606201;-248,713348;-0,653613;0,383153;-0,180411;-0,627244;221,952759;432,807281;-282,057098;0,167603;-0,046094;-0,039901;-0,983968;327,502563;401,117188;-776,400085
811;8,11;;;;;;;;-0,39646;-0,000305;0,122796;-0,909802;375,97699;585,601868;-248,712082;-0,653638;0,383139;-0,18038;-0,627236;221,947098;432,802673;-282,060669;0,1676;-0,046186;-0,039955;-0,983962;327,449036;401,123657;-776,416687
812;8,12;;;;;;;;-0,39645;-0,00033;0,122751;-0,909813;375,971497;585,59845;-248,711594;-0,653647;0,383126;-0,180319;-0,627252;221,946808;432,798889;-282,063416;0,167586;-0,046454;-0,04019;-0,983942;327,325562;401,16391;-776,479492
813;8,13;;;;;;;;-0,39646;-0,000273;0,122712;-0,909814;375,968445;585,594177;-248,708344;-0,653652;0,383152;-0,180316;-0,627232;221,94313;432,7966;-282,066406;0,1676;-0,04615;-0,039938;-0,983964;327,463989;401,120056;-776,409058
814;8,14;;;;;;;;-0,396467;-0,000214;0,122756;-0,909805;375,965759;585,590698;-248,708221;-0,653665;0,383186;-0,180303;-0,627202;221,940308;432,794006;-282,069519;0,167603;-0,045915;-0,039725;-0,983983;327,566315;401,086761;-776,357605
815;8,15;;;;;;;;-0,39646;-0,000259;0,122814;-0,9098;375,964569;585,591858;-248,710632;-0,653666;0,383196;-0,180287;-0,627198;221,939468;432,792084;-282,072296;0,167623;-0,045882;-0,039715;-0,983982;327,585541;401,07309;-776,345032
816;8,16;;;;;;;;-0,396458;-0,000277;0,12295;-0,909782;375,963867;585,591125;-248,710632;-0,653674;0,383185;-0,180265;-0,627204;221,940018;432,793121;-282,071594;0,167648;-0,045822;-0,039696;-0,983981;327,621826;401,055847;-776,326355
817;8,17;;;;;;;;-0,39648;-0,00028;0,122889;-0,909781;375,963928;585,589661;-248,712234;-0,653666;0,383202;-0,180288;-0,627195;221,944199;432,795654;-282,071777;0,167661;-0,045848;-0,03971;-0,983977;327,609314;401,049805;-776,327026
818;8,18;;;;;;;;-0,396481;-0,000256;0,122788;-0,909794;375,966797;585,590698;-248,714005;-0,653666;0,383211;-0,180291;-0,627189;221,944077;432,795349;-282,074951;0,167651;-0,045889;-0,039731;-0,983976;327,586487;401,058899;-776,337891
819;8,19;;;;;;;;-0,396461;-0,000186;0,122809;-0,9098;375,96875;585,59082;-248,713043;-0,653678;0,38323;-0,180267;-0,627172;221,946213;432,792969;-282,07666;0,167649;-0,045899;-0,039722;-0,983976;327,579681;401,059265;-776,34082
820;8,2;;;;;;;;-0,396486;-0,000221;0,122792;-0,909792;375,968658;585,588867;-248,712936;-0,653679;0,383252;-0,180239;-0,627165;221,95253;432,790771;-282,077667;0,167646;-0,045875;-0,039713;-0,983978;327,595123;401,062988;-776,338806
821;8,21;;;;;;;;-0,396503;-0,000255;0,122777;-0,909786;375,968872;585,588562;-248,712448;-0,653693;0,38325;-0,180191;-0,627165;221,954407;432,78952;-282,080719;0,167643;-0,045859;-0,039705;-0,98398;327,605377;401,066132;-776,336182
822;8,22;;;;;;;;-0,396492;-0,000253;0,122725;-0,909798;375,972321;585,589233;-248,712601;-0,653704;0,383229;-0,18018;-0,62717;221,954193;432,786987;-282,08374;0,16763;-0,046231;-0,039996;-0,983953;327,427032;401,115265;-776,417114
823;8,23;;;;;;;;-0,396481;-0,000255;0,122802;-0,909793;375,972107;585,58606;-248,711349;-0,653712;0,383277;-0,180161;-0,627138;221,958282;432,784088;-282,084412;0,167647;-0,046187;-0,039939;-0,983954;327,44397;401,096527;-776,399475
824;8,24;;;;;;;;-0,396492;-0,00024;0,1228;-0,909788;375,969238;585,585449;-248,711212;-0,653712;0,383301;-0,180144;-0,627127;221,961655;432,784149;-282,088409;0,167662;-0,045887;-0,03968;-0,983976;327,583923;401,052643;-776,332886
825;8,25;;;;;;;;-0,396505;-0,000275;0,122649;-0,909803;375,971436;585,588562;-248,713287;-0,653727;0,383242;-0,18012;-0,627155;221,958817;432,785919;-282,094482;0,167653;-0,045873;-0,03968;-0,983979;327,592957;401,06131;-776,335876
826;8,26;;;;;;;;-0,396496;-0,000264;0,122744;-0,909794;375,966339;585,588562;-248,711578;-0,653747;0,383221;-0,180059;-0,627164;221,95697;432,786285;-282,096619;0,167633;-0,046185;-0,039953;-0,983956;327,447937;401,113068;-776,40918
827;8,27;;;;;;;;-0,396498;-0,000233;0,122813;-0,909783;375,963104;585,585449;-248,71347;-0,653743;0,383212;-0,180082;-0,627167;221,954819;432,786224;-282,101746;0,167601;-0,046478;-0,040189;-0,983938;327,309967;401,168396;-776,486633
828;8,28;;;;;;;;-0,396515;-0,000269;0,122704;-0,909791;375,965302;585,58429;-248,716827;-0,653739;0,383243;-0,180092;-0,62715;221,953308;432,786224;-282,106384;0,167618;-0,046133;-0,039911;-0,983963;327,474182;401,121002;-776,412354
829;8,29;;;;;;;;-0,396545;-0,000281;0,122653;-0,909785;375,964325;585,584717;-248,713806;-0,653763;0,38324;-0,180017;-0,627149;221,953064;432,784973;-282,106689;0,167632;-0,045835;-0,039656;-0,983985;327,609772;401,075348;-776,341919
830;8,3;;;;;;;;-0,39654;-0,000263;0,122689;-0,909782;375,964569;585,581665;-248,710983;-0,653781;0,383239;-0,179969;-0,627144;221,9496;432,783081;-282,109558;0,167631;-0,045857;-0,039657;-0,983984;327,592072;401,074036;-776,345032
831;8,31;;;;;;;;-0,396528;-0,00031;0,1227;-0,909786;375,966461;585,578003;-248,711929;-0,653796;0,383246;-0,179996;-0,627116;221,948029;432,779724;-282,112366;0,167636;-0,045876;-0,039676;-0,983981;327,582825;401,072449;-776,348206
832;8,32;;;;;;;;-0,396563;-0,000322;0,122717;-0,909768;375,966614;585,57489;-248,709183;-0,653813;0,383252;-0,179982;-0,627099;221,952408;432,775604;-282,114014;0,16763;-0,045872;-0,039677;-0,983983;327,588318;401,076569;-776,347412
833;8,33;;;;;;;;-0,396593;-0,000357;0,122652;-0,909764;375,964966;585,568481;-248,704346;-0,65384;0,383237;-0,179876;-0,62711;221,952957;432,771851;-282,113495;0,16765;-0,045861;-0,039661;-0,98398;327,595184;401,058411;-776,333679
834;8,34;;;;;;;;-0,396607;-0,000364;0,122596;-0,909765;375,965881;585,56189;-248,702698;-0,653889;0,383204;-0,179808;-0,627099;221,950317;432,766693;-282,112244;0,167655;-0,04589;-0,039675;-0,983978;327,579132;401,05307;-776,335571
835;8,35;;;;;;;;-0,396629;-0,000377;0,122692;-0,909743;375,970612;585,556885;-248,699463;-0,65389;0,383242;-0,179807;-0,627074;221,952377;432,762268;-282,110748;0,167658;-0,045904;-0,039703;-0,983975;327,579865;401,054504;-776,336426
836;8,36;;;;;;;;-0,396644;-0,000412;0,122776;-0,909725;375,971893;585,551392;-248,69696;-0,65388;0,383259;-0,179806;-0,627075;221,955536;432,759613;-282,113007;0,167663;-0,045875;-0,039671;-0,983977;327,593414;401,044708;-776,330322
837;8,37;;;;;;;;-0,396642;-0,000413;0,122696;-0,909736;375,972107;585,549805;-248,699127;-0,653894;0,383239;-0,179781;-0,62708;221,954529;432,757782;-282,116058;0,167648;-0,045876;-0,039672;-0,98398;327,5914;401,054016;-776,336243
838;8,38;;;;;;;;-0,396635;-0,000391;0,122626;-0,909749;375,974731;585,550354;-248,69986;-0,653899;0,383228;-0,179802;-0,627075;221,951431;432,755829;-282,118744;0,167641;-0,045857;-0,039677;-0,983981;327,608185;401,058746;-776,335571
839;8,39;;;;;;;;-0,396666;-0,000428;0,122575;-0,909742;375,973236;585,549011;-248,700226;-0,65391;0,383245;-0,179793;-0,627056;221,950409;432,751495;-282,123138;0,16764;-0,045899;-0,039701;-0,983979;327,583435;401,060242;-776,343201
840;8,4;;;;;;;;-0,396689;-0,000442;0,122539;-0,909737;375,970001;585,544922;-248,699814;-0,653938;0,383267;-0,179751;-0,627025;221,952652;432,745697;-282,125641;0,167653;-0,045907;-0,039691;-0,983976;327,57486;401,048187;-776,339294
841;8,41;;;;;;;;-0,396684;-0,000426;0,122596;-0,909732;375,966431;585,540161;-248,697281;-0,653958;0,383266;-0,179762;-0,627002;221,952164;432,741821;-282,128998;0,167646;-0,045878;-0,039679;-0,983979;327,592621;401,051331;-776,336609
842;8,42;;;;;;;;-0,396681;-0,000486;0,122563;-0,909737;375,96405;585,537903;-248,694138;-0,653969;0,38328;-0,179704;-0,626999;221,948059;432,740082;-282,1315;0,167639;-0,045905;-0,039699;-0,983979;327,575867;401,058014;-776,340515
843;8,43;;;;;;;;-0,396702;-0,00046;0,122527;-0,909733;375,964813;585,535645;-248,692001;-0,653975;0,383296;-0,179724;-0,626977;221,946243;432,736023;-282,133575;0,167641;-0,045906;-0,039699;-0,983978;327,57373;401,056793;-776,338318
844;8,44;;;;;;;;-0,396739;-0,000432;0,122452;-0,909727;375,964478;585,53363;-248,692276;-0,653985;0,383297;-0,179761;-0,626956;221,94487;432,733887;-282,139435;0,167642;-0,045916;-0,039715;-0,983977;327,568176;401,06015;-776,341614
845;8,45;;;;;;;;-0,396736;-0,000391;0,122431;-0,909732;375,962738;585,533325;-248,690689;-0,654006;0,383277;-0,179702;-0,626963;221,944626;432,734406;-282,139374;0,167653;-0,045927;-0,039724;-0,983974;327,562256;401,056732;-776,340393
846;8,46;;;;;;;;-0,396711;-0,000379;0,122503;-0,909733;375,960632;585,534668;-248,690033;-0,654015;0,383275;-0,17972;-0,62695;221,940918;432,73587;-282,140289;0,167649;-0,045916;-0,039726;-0,983975;327,570435;401,060822;-776,339905
847;8,47;;;;;;;;-0,396718;-0,000378;0,122455;-0,909736;375,960632;585,537048;-248,69458;-0,654011;0,38329;-0,179703;-0,626948;221,939682;432,738861;-282,144257;0,167638;-0,04589;-0,039703;-0,983979;327,580536;401,067078;-776,342041
848;8,48;;;;;;;;-0,396727;-0,000464;0,122447;-0,909733;375,958435;585,53717;-248,695557;-0,654008;0,383295;-0,179679;-0,626956;221,941589;432,740814;-282,144653;0,167647;-0,045901;-0,039709;-0,983977;327,575439;401,064026;-776,343201
849;8,49;;;;;;;;-0,396719;-0,000472;0,122425;-0,909739;375,958405;585,537231;-248,695526;-0,654016;0,383294;-0,179698;-0,626943;221,940613;432,741272;-282,145142;0,167654;-0,045891;-0,039713;-0,983976;327,584473;401,062958;-776,340027
850;8,5;;;;;;;;-0,396721;-0,000414;0,122398;-0,909742;375,96286;585,539673;-248,698242;-0,65402;0,38332;-0,179682;-0,626928;221,941498;432,741577;-282,145966;0,167646;-0,045883;-0,039718;-0,983978;327,590942;401,071533;-776,343994
851;8,51;;;;;;;;-0,39671;-0,000455;0,122434;-0,909742;375,963104;585,542786;-248,69841;-0,654029;0,383329;-0,179634;-0,626926;221,943878;432,741333;-282,146912;0,167654;-0,045901;-0,039724;-0,983975;327,581207;401,068878;-776,346497
852;8,52;;;;;;;;-0,396704;-0,000481;0,122471;-0,90974;375,959412;585,542786;-248,69664;-0,65404;0,383323;-0,179618;-0,626923;221,945526;432,739319;-282,148254;0,167664;-0,045913;-0,039711;-0,983974;327,573303;401,060211;-776,341675
853;8,53;;;;;;;;-0,396698;-0,000526;0,122478;-0,909742;375,95993;585,539795;-248,695114;-0,654043;0,383329;-0,179613;-0,626918;221,944901;432,737396;-282,150391;0,167668;-0,045913;-0,039724;-0,983972;327,57724;401,06076;-776,340454
854;8,54;;;;;;;;-0,396683;-0,000516;0,122481;-0,909748;375,961182;585,536743;-248,694107;-0,654041;0,383346;-0,179584;-0,626918;221,944382;432,735962;-282,150635;0,167666;-0,045889;-0,039734;-0,983974;327,595764;401,065521;-776,337158
855;8,55;;;;;;;;-0,396698;-0,000483;0,122411;-0,909751;375,962067;585,533386;-248,692993;-0,654043;0,383406;-0,179638;-0,626863;221,944305;432,733917;-282,154083;0,167663;-0,045837;-0,039685;-0,983978;327,619568;401,061188;-776,326111
856;8,56;;;;;;;;-0,396718;-0,000508;0,12237;-0,909747;375,963287;585,53363;-248,69339;-0,654067;0,383379;-0,179627;-0,626858;221,943588;432,732574;-282,157532;0,167649;-0,045848;-0,039658;-0,983981;327,603302;401,06369;-776,334167
857;8,57;;;;;;;;-0,396721;-0,000459;0,122454;-0,909735;375,962677;585,534546;-248,696411;-0,654071;0,383325;-0,179573;-0,626903;221,941833;432,73349;-282,158325;0,167649;-0,045921;-0,039716;-0,983975;327,568634;401,070007;-776,350281
858;8,58;;;;;;;;-0,396712;-0,000508;0,122417;-0,909743;375,963104;585,530762;-248,69696;-0,654076;0,383336;-0,17956;-0,626895;221,940628;432,732727;-282,158997;0,167663;-0,045896;-0,039728;-0,983974;327,592499;401,063416;-776,341919
859;8,59;;;;;;;;-0,396702;-0,000617;0,122342;-0,909758;375,963623;585,528503;-248,697906;-0,654078;0,383342;-0,179563;-0,626888;221,941299;432,730011;-282,160858;0,167665;-0,045905;-0,039742;-0,983972;327,587769;401,061951;-776,345459
860;8,6;;;;;;;;-0,396715;-0,000593;0,122306;-0,909757;375,967987;585,529663;-248,700027;-0,654064;0,383383;-0,179608;-0,626864;221,940338;432,726746;-282,164459;0,167648;-0,045908;-0,03972;-0,983976;327,578156;401,066589;-776,354004
861;8,61;;;;;;;;-0,396726;-0,000503;0,12235;-0,909747;375,967133;585,525452;-248,69722;-0,654074;0,383409;-0,179595;-0,626841;221,939499;432,723816;-282,163788;0,167643;-0,045895;-0,039679;-0,983979;327,5755;401,060272;-776,348694
862;8,62;;;;;;;;-0,396749;-0,000456;0,122338;-0,909738;375,966003;585,516907;-248,692383;-0,654098;0,383398;-0,179531;-0,626842;221,941223;432,719055;-282,162659;0,167658;-0,045947;-0,039712;-0,983973;327,545715;401,05127;-776,349304
863;8,63;;;;;;;;-0,396776;-0,000498;0,122155;-0,909751;375,967041;585,51062;-248,690475;-0,6541;0,383441;-0,179546;-0,626809;221,940369;432,714417;-282,164886;0,167644;-0,04593;-0,039707;-0,983976;327,556732;401,058685;-776,352356
864;8,64;;;;;;;;-0,396783;-0,000555;0,122028;-0,909765;375,963806;585,506348;-248,687714;-0,654109;0,383449;-0,179604;-0,626778;221,936203;432,708374;-282,164642;0,167646;-0,045913;-0,039681;-0,983978;327,561432;401,053131;-776,34552
865;8,65;;;;;;;;-0,396781;-0,000522;0,122133;-0,909752;375,961487;585,502808;-248,682892;-0,654131;0,383403;-0,179574;-0,626791;221,932632;432,703796;-282,164917;0,167627;-0,046207;-0,039939;-0,983957;327,429535;401,100861;-776,411438
866;8,66;;;;;;;;-0,39678;-0,000426;0,122258;-0,909736;375,961365;585,500977;-248,683151;-0,654151;0,383371;-0,179511;-0,626809;221,930969;432,704285;-282,167786;0,16762;-0,04617;-0,03992;-0,983961;327,452057;401,102203;-776,408997
867;8,67;;;;;;;;-0,396784;-0,000462;0,122229;-0,909738;375,961395;585,501648;-248,685303;-0,654142;0,383395;-0,179548;-0,626793;221,928711;432,703735;-282,167328;0,167625;-0,046182;-0,039906;-0,98396;327,443451;401,094269;-776,410339
868;8,68;;;;;;;;-0,396776;-0,000575;0,122211;-0,909744;375,96405;585,502197;-248,685104;-0,654135;0,383421;-0,179572;-0,626777;221,926773;432,703156;-282,167664;0,167628;-0,046195;-0,039927;-0,983958;327,440613;401,097229;-776,411194
869;8,69;;;;;;;;-0,396781;-0,000628;0,122194;-0,909743;375,967194;585,499146;-248,686462;-0,654152;0,383442;-0,179566;-0,626748;221,927292;432,703125;-282,170532;0,167646;-0,04592;-0,03972;-0,983976;327,575195;401,059387;-776,349487
870;8,7;;;;;;;;-0,396777;-0,00066;0,122238;-0,909739;375,966858;585,497498;-248,686966;-0,654146;0,383482;-0,179557;-0,626732;221,929932;432,701599;-282,17218;0,167648;-0,045926;-0,039718;-0,983975;327,572296;401,057312;-776,352173
871;8,71;;;;;;;;-0,396768;-0,00068;0,122361;-0,909726;375,967072;585,496643;-248,685684;-0,654144;0,383499;-0,179576;-0,626719;221,931992;432,698853;-282,175446;0,167635;-0,045966;-0,03974;-0,983975;327,546906;401,067505;-776,363953
872;8,72;;;;;;;;-0,3968;-0,000646;0,122295;-0,909722;375,965454;585,496277;-248,686111;-0,654158;0,38348;-0,179568;-0,626718;221,931412;432,694855;-282,179718;0,16764;-0,045945;-0,039756;-0,983974;327,564606;401,07019;-776,358948
873;8,73;;;;;;;;-0,3968;-0,000574;0,122126;-0,909744;375,962738;585,498718;-248,686447;-0,654178;0,383481;-0,179504;-0,626715;221,933121;432,694305;-282,181854;0,167651;-0,045933;-0,039735;-0,983974;327,568634;401,061646;-776,351074
874;8,74;;;;;;;;-0,396782;-0,000619;0,122106;-0,909755;375,960846;585,497986;-248,683151;-0,654189;0,383484;-0,179469;-0,626712;221,933594;432,695618;-282,183411;0,167632;-0,045919;-0,039714;-0,983979;327,572113;401,07135;-776,354736
875;8,75;;;;;;;;-0,396794;-0,000645;0,122061;-0,909756;375,960052;585,495972;-248,681656;-0,654203;0,383457;-0,179469;-0,626714;221,932175;432,694916;-282,185547;0,167637;-0,045928;-0,039732;-0,983977;327,569611;401,072693;-776,35498
876;8,76;;;;;;;;-0,396792;-0,000644;0,122066;-0,909756;375,960297;585,495972;-248,682709;-0,654206;0,383485;-0,179525;-0,626677;221,931778;432,691742;-282,186157;0,167651;-0,045961;-0,039745;-0,983972;327,548859;401,065765;-776,355652
877;8,77;;;;;;;;-0,396767;-0,000662;0,122114;-0,90976;375,959534;585,496277;-248,682632;-0,654192;0,383502;-0,179532;-0,62668;221,932373;432,692352;-282,187469;0,167647;-0,045928;-0,039714;-0,983976;327,566162;401,065186;-776,350159
878;8,78;;;;;;;;-0,396785;-0,000629;0,122072;-0,909758;375,95932;585,496704;-248,684235;-0,654197;0,383495;-0,17951;-0,626685;221,932465;432,696747;-282,18866;0,167646;-0,045897;-0,039694;-0,983978;327,581573;401,065155;-776,345764
879;8,79;;;;;;;;-0,396797;-0,000649;0,122001;-0,909763;375,959412;585,497375;-248,687393;-0,654203;0,383508;-0,179473;-0,626681;221,934479;432,697815;-282,18988;0,167635;-0,046206;-0,039942;-0,983955;327,434418;401,105713;-776,417358
880;8,8;;;;;;;;-0,396794;-0,000614;0,12209;-0,909752;375,959747;585,497986;-248,689117;-0,654212;0,383488;-0,179418;-0,6267;221,936081;432,698517;-282,19278;0,16764;-0,046206;-0,039949;-0,983954;327,439789;401,104614;-776,417114
881;8,81;;;;;;;;-0,396795;-0,000547;0,122105;-0,909749;375,960815;585,496399;-248,687805;-0,65423;0,383469;-0,179466;-0,626679;221,937134;432,696655;-282,195435;0,167651;-0,046184;-0,039943;-0,983954;327,453125;401,099091;-776,409485
882;8,82;;;;;;;;-0,396785;-0,000509;0,121993;-0,909769;375,964264;585,492615;-248,687332;-0,654229;0,383479;-0,179481;-0,62667;221,937363;432,693359;-282,19812;0,167647;-0,046206;-0,03994;-0,983953;327,436462;401,10022;-776,412964
883;8,83;;;;;;;;-0,396811;-0,0006;0,122017;-0,909754;375,967316;585,490784;-248,68428;-0,654237;0,383485;-0,179417;-0,626676;221,933487;432,68988;-282,199554;0,167629;-0,046212;-0,03993;-0,983957;327,430176;401,108337;-776,420227
884;8,84;;;;;;;;-0,396847;-0,000641;0,121976;-0,909744;375,966187;585,492004;-248,682419;-0,654255;0,383505;-0,179407;-0,626648;221,93483;432,686096;-282,19989;0,167616;-0,046518;-0,040172;-0,983935;327,285065;401,149048;-776,488403
885;8,85;;;;;;;;-0,396836;-0,000585;0,122085;-0,909734;375,96344;585,491211;-248,686188;-0,654258;0,383506;-0,179436;-0,626636;221,934525;432,68399;-282,200989;0,167643;-0,04622;-0,039949;-0,983953;327,427612;401,10257;-776,414246
886;8,86;;;;;;;;-0,396832;-0,0006;0,122073;-0,909737;375,966125;585,486511;-248,684738;-0,654263;0,383504;-0,179466;-0,626624;221,931808;432,68222;-282,203033;0,167659;-0,045924;-0,039707;-0,983974;327,564545;401,058197;-776,348022
887;8,87;;;;;;;;-0,39685;-0,000619;0,121931;-0,909748;375,966705;585,482178;-248,682373;-0,654274;0,383524;-0,179467;-0,6266;221,931595;432,679413;-282,203491;0,167638;-0,046221;-0,039946;-0,983954;327,424988;401,101227;-776,419861
888;8,88;;;;;;;;-0,396859;-0,000588;0,121886;-0,909751;375,9646;585,478943;-248,682053;-0,654289;0,38352;-0,179462;-0,626587;221,929276;432,675171;-282,203491;0,167623;-0,046236;-0,039971;-0,983955;327,422119;401,112854;-776,428101
889;8,89;;;;;;;;-0,396868;-0,000624;0,121824;-0,909755;375,967133;585,476501;-248,682144;-0,654293;0,383499;-0,179449;-0,6266;221,927521;432,673676;-282,207489;0,167623;-0,046245;-0,039966;-0,983955;327,414276;401,111176;-776,428467
890;8,9;;;;;;;;-0,396836;-0,000646;0,121896;-0,909759;375,967194;585,477722;-248,683899;-0,654294;0,383486;-0,179418;-0,626616;221,927017;432,67453;-282,210754;0,167609;-0,046521;-0,040173;-0,983935;327,280304;401,146362;-776,494019
891;8,91;;;;;;;;-0,39684;-0,000623;0,121863;-0,909762;375,970825;585,476624;-248,684647;-0,654309;0,383482;-0,179411;-0,626605;221,926117;432,669952;-282,210388;0,167629;-0,04621;-0,039905;-0,983958;327,426025;401,094177;-776,423035
892;8,92;;;;;;;;-0,396867;-0,00072;0,121704;-0,909771;375,973999;585,47113;-248,682922;-0,654317;0,383504;-0,179439;-0,626575;221,927887;432,663513;-282,210419;0,167657;-0,04593;-0,039693;-0,983975;327,561859;401,04715;-776,353699
893;8,93;;;;;;;;-0,39687;-0,000779;0,121639;-0,909779;375,973114;585,466003;-248,677887;-0,654317;0,38352;-0,179409;-0,626573;221,931152;432,661591;-282,21109;0,167656;-0,045937;-0,039717;-0,983974;327,563812;401,051697;-776,351929
894;8,94;;;;;;;;-0,396874;-0,00083;0,121575;-0,909786;375,975006;585,460999;-248,672699;-0,654339;0,383519;-0,179377;-0,62656;221,931671;432,658844;-282,21106;0,167661;-0,045952;-0,039741;-0,983971;327,562164;401,051941;-776,349304
895;8,95;;;;;;;;-0,39687;-0,000904;0,121445;-0,909805;375,978943;585,456848;-248,669739;-0,654347;0,38354;-0,179369;-0,626541;221,932144;432,655762;-282,212128;0,167659;-0,045939;-0,039739;-0,983972;327,569855;401,05307;-776,3479
896;8,96;;;;;;;;-0,396869;-0,000944;0,121345;-0,909819;375,980835;585,45636;-248,669861;-0,654348;0,383537;-0,179372;-0,626541;221,93399;432,654602;-282,214996;0,167648;-0,045956;-0,039692;-0,983975;327,545044;401,048828;-776,353943
897;8,97;;;;;;;;-0,396853;-0,000861;0,12129;-0,909833;375,97345;585,461243;-248,673431;-0,654361;0,383536;-0,179355;-0,626533;221,935654;432,654083;-282,215668;0,167643;-0,045963;-0,039698;-0,983975;327,544556;401,053314;-776,359802
898;8,98;;;;;;;;-0,396801;-0,000733;0,121214;-0,909866;375,964539;585,467468;-248,678955;-0,654368;0,383538;-0,179316;-0,626535;221,934952;432,653778;-282,21698;0,167653;-0,045896;-0,03969;-0,983977;327,589752;401,049835;-776,345215
899;8,99;;;;;;;;-0,396761;-0,000671;0,121149;-0,909892;375,964691;585,466919;-248,680252;-0,654371;0,383534;-0,179311;-0,626536;221,933044;432,653534;-282,218414;0,167667;-0,04591;-0,039676;-0,983975;327,572632;401,039215;-776,340271
900;9;;;;;;;;-0,396684;-0,000619;0,121292;-0,909907;375,968384;585,460205;-248,680801;-0,654369;0,383537;-0,179342;-0,626528;221,932861;432,652466;-282,220612;0,167644;-0,04622;-0,039907;-0,983955;327,419403;401,084473;-776,413818
901;9,01;;;;;;;;-0,396594;-0,00052;0,121385;-0,909934;375,968872;585,456482;-248,682602;-0,654391;0,38351;-0,179335;-0,626523;221,932526;432,650879;-282,223755;0,167647;-0,046222;-0,039897;-0,983954;327,41571;401,080902;-776,413696
902;9,02;;;;;;;;-0,396592;-0,000406;0,121471;-0,909923;375,96637;585,459106;-248,681274;-0,654405;0,383503;-0,179286;-0,626527;221,931427;432,652924;-282,2258;0,16767;-0,045935;-0,039673;-0,983973;327,553619;401,038605;-776,341736
903;9,03;;;;;;;;-0,396636;-0,000413;0,121707;-0,909872;375,961548;585,463501;-248,681183;-0,654409;0,383491;-0,17928;-0,626532;221,927689;432,651764;-282,227783;0,167663;-0,04595;-0,039714;-0,983972;327,553223;401,052582;-776,3479
904;9,04;;;;;;;;-0,396643;-0,000466;0,121889;-0,909845;375,953613;585,461853;-248,684128;-0,654406;0,383495;-0,179267;-0,626537;221,92662;432,651367;-282,22934;0,167644;-0,046214;-0,039939;-0,983954;327,429657;401,097534;-776,41333
905;9,05;;;;;;;;-0,396601;-0,000469;0,122038;-0,909843;375,945679;585,45697;-248,684814;-0,65441;0,383504;-0,179228;-0,626538;221,929123;432,651459;-282,22934;0,167642;-0,046185;-0,039905;-0,983957;327,441864;401,094482;-776,408386
906;9,06;;;;;;;;-0,396597;-0,000422;0,122197;-0,909823;375,940643;585,455627;-248,683182;-0,654433;0,383489;-0,17918;-0,626536;221,929916;432,650391;-282,230133;0,167628;-0,046181;-0,039887;-0,98396;327,440308;401,09967;-776,412476
907;9,07;;;;;;;;-0,396656;-0,000409;0,122386;-0,909772;375,939667;585,457947;-248,680679;-0,654443;0,383486;-0,17918;-0,626528;221,929016;432,649872;-282,231873;0,167629;-0,046219;-0,039927;-0,983956;327,423279;401,105042;-776,419861
908;9,08;;;;;;;;-0,396715;-0,000413;0,122453;-0,909738;375,940552;585,461121;-248,679901;-0,654451;0,383476;-0,179213;-0,626516;221,927048;432,645355;-282,233551;0,16766;-0,045937;-0,039712;-0,983973;327,558167;401,057251;-776,34906
909;9,09;;;;;;;;-0,396714;-0,000531;0,122422;-0,909742;375,936981;585,461121;-248,685165;-0,654445;0,383475;-0,179198;-0,626527;221,927383;432,644409;-282,236694;0,167642;-0,046253;-0,039958;-0,983951;327,403778;401,101105;-776,425476
910;9,1;;;;;;;;-0,396655;-0,000718;0,122421;-0,909768;375,929047;585,462097;-248,690613;-0,654442;0,383472;-0,179169;-0,626541;221,929657;432,646515;-282,238159;0,167654;-0,046255;-0,039964;-0,983949;327,406952;401,094574;-776,424988
911;9,11;;;;;;;;-0,396606;-0,000861;0,122367;-0,909796;375,91864;585,464722;-248,69162;-0,65446;0,383458;-0,17914;-0,626538;221,929489;432,646637;-282,238556;0,167675;-0,045952;-0,039727;-0,983969;327,553436;401,048767;-776,351074
912;9,12;;;;;;;;-0,396612;-0,001055;0,122253;-0,909809;375,911896;585,460693;-248,690613;-0,654472;0,383428;-0,179108;-0,626554;221,930649;432,642487;-282,237885;0,167665;-0,046244;-0,039959;-0,983948;327,415222;401,086273;-776,414612
913;9,13;;;;;;;;-0,396665;-0,001177;0,122165;-0,909797;375,91095;585,451965;-248,690628;-0,654498;0,38341;-0,179084;-0,626544;221,931366;432,634125;-282,238312;0,167653;-0,046528;-0,040178;-0,983928;327,281952;401,121094;-776,478516
914;9,14;;;;;;;;-0,396695;-0,001224;0,122098;-0,909793;375,907806;585,447205;-248,689819;-0,654536;0,383412;-0,179089;-0,626502;221,927963;432,627869;-282,23822;0,167638;-0,046543;-0,040173;-0,98393;327,269379;401,128235;-776,484009
915;9,15;;;;;;;;-0,396707;-0,001275;0,122072;-0,909792;375,906281;585,445251;-248,687363;-0,65455;0,383398;-0,179067;-0,626503;221,926331;432,625;-282,238159;0,167653;-0,0463;-0,039966;-0,983947;327,381348;401,089142;-776,424866
916;9,16;;;;;;;;-0,396694;-0,001312;0,122003;-0,909806;375,904724;585,443237;-248,688477;-0,654552;0,383395;-0,17903;-0,626513;221,924698;432,621704;-282,241852;0,167666;-0,045976;-0,039718;-0,98397;327,54007;401,047119;-776,354492
917;9,17;;;;;;;;-0,396675;-0,001332;0,121847;-0,909836;375,901672;585,441711;-248,689743;-0,654541;0,383399;-0,179024;-0,626523;221,926453;432,622742;-282,246124;0,167662;-0,045955;-0,03971;-0,983972;327,55249;401,048309;-776,354309
918;9,18;;;;;;;;-0,39669;-0,001347;0,121798;-0,909835;375,902771;585,440125;-248,690567;-0,654544;0,383405;-0,178972;-0,626532;221,929428;432,624695;-282,246887;0,167658;-0,046263;-0,039943;-0,983949;327,404388;401,07962;-776,418335
919;9,19;;;;;;;;-0,396693;-0,001338;0,121813;-0,909832;375,902252;585,436462;-248,691345;-0,654551;0,383423;-0,178967;-0,626514;221,930145;432,622955;-282,246399;0,167644;-0,046293;-0,039977;-0,983948;327,391266;401,093719;-776,431213
920;9,2;;;;;;;;-0,396695;-0,001378;0,121767;-0,909837;375,902832;585,433838;-248,690552;-0,65455;0,383411;-0,178967;-0,626523;221,930389;432,620697;-282,248688;0,167665;-0,045962;-0,039739;-0,98397;327,553741;401,050354;-776,355835
921;9,21;;;;;;;;-0,396668;-0,001442;0,121842;-0,909839;375,904633;585,434937;-248,690903;-0,654573;0,383384;-0,178914;-0,626531;221,931015;432,617889;-282,249268;0,167668;-0,04596;-0,039732;-0,98397;327,555054;401,046173;-776,353394
922;9,22;;;;;;;;-0,396673;-0,001549;0,121841;-0,909837;375,904633;585,435181;-248,688873;-0,654589;0,383375;-0,17888;-0,626529;221,932358;432,615631;-282,251038;0,167661;-0,045977;-0,039746;-0,98397;327,546417;401,051636;-776,36084
923;9,23;;;;;;;;-0,396687;-0,001507;0,121752;-0,909843;375,907227;585,431763;-248,685516;-0,654589;0,383366;-0,178882;-0,626533;221,932526;432,613617;-282,251434;0,167679;-0,045989;-0,03974;-0,983966;327,536316;401,038757;-776,353821
924;9,24;;;;;;;;-0,39669;-0,001442;0,121883;-0,909824;375,906769;585,428345;-248,681061;-0,654624;0,383357;-0,178879;-0,626504;221,932678;432,6091;-282,249603;0,167676;-0,04597;-0,039716;-0,983969;327,543976;401,037231;-776,345581
925;9,25;;;;;;;;-0,396729;-0,001547;0,121905;-0,909804;375,905182;585,423462;-248,676147;-0,654651;0,383356;-0,178845;-0,626486;221,932236;432,605682;-282,249786;0,16767;-0,045962;-0,039725;-0,98397;327,551056;401,044434;-776,343445
926;9,26;;;;;;;;-0,396739;-0,001569;0,121813;-0,909811;375,905579;585,419067;-248,674011;-0,654663;0,383353;-0,178874;-0,626467;221,929489;432,60437;-282,251251;0,167675;-0,045984;-0,039742;-0,983967;327,539063;401,043884;-776,346069
927;9,27;;;;;;;;-0,396739;-0,001572;0,121813;-0,909812;375,906403;585,419067;-248,673477;-0,654668;0,383349;-0,17891;-0,626454;221,927856;432,604858;-282,254669;0,167667;-0,045985;-0,039719;-0,983969;327,533234;401,044312;-776,34967
928;9,28;;;;;;;;-0,396766;-0,001632;0,121742;-0,90981;375,905029;585,419312;-248,67511;-0,654655;0,383342;-0,178893;-0,626477;221,927292;432,606049;-282,256958;0,167656;-0,045976;-0,039691;-0,983973;327,531647;401,047241;-776,355957
929;9,29;;;;;;;;-0,396762;-0,001698;0,121703;-0,909816;375,903107;585,420898;-248,677338;-0,654646;0,383359;-0,178877;-0,62648;221,924759;432,60849;-282,259766;0,167669;-0,04595;-0,039701;-0,983971;327,551239;401,043243;-776,349609
930;9,3;;;;;;;;-0,396749;-0,001781;0,121717;-0,90982;375,902191;585,422852;-248,677994;-0,654668;0,383347;-0,178831;-0,626478;221,925323;432,608459;-282,26123;0,167686;-0,04596;-0,039722;-0,983967;327,549347;401,036987;-776,345215
931;9,31;;;;;;;;-0,396783;-0,001797;0,121674;-0,909811;375,901825;585,422485;-248,679764;-0,65467;0,383381;-0,178884;-0,62644;221,927582;432,606384;-282,263824;0,167678;-0,045962;-0,039712;-0,983969;327,547333;401,041382;-776,34906
932;9,32;;;;;;;;-0,39678;-0,001733;0,121729;-0,909805;375,901947;585,420959;-248,679642;-0,654663;0,38343;-0,178942;-0,626401;221,926895;432,607941;-282,268188;0,167683;-0,045989;-0,039722;-0,983966;327,53009;401,039459;-776,352051
933;9,33;;;;;;;;-0,396765;-0,00178;0,121729;-0,909811;375,897858;585,423218;-248,676193;-0,654692;0,383406;-0,178896;-0,626399;221,925934;432,606476;-282,269257;0,167678;-0,045994;-0,039715;-0,983967;327,523712;401,041595;-776,353638
934;9,34;;;;;;;;-0,396753;-0,001837;0,121672;-0,909824;375,89444;585,428223;-248,676941;-0,654687;0,383418;-0,178925;-0,626387;221,927795;432,602875;-282,270905;0,167674;-0,046021;-0,039723;-0,983966;327,505768;401,044861;-776,360291
935;9,35;;;;;;;;-0,396755;-0,001777;0,12168;-0,909822;375,897064;585,427795;-248,678619;-0,65469;0,383396;-0,178917;-0,626401;221,928741;432,602417;-282,272247;0,167673;-0,046057;-0,039746;-0,983964;327,485199;401,047394;-776,367432
936;9,36;;;;;;;;-0,396809;-0,001807;0,121575;-0,909813;375,897644;585,421936;-248,675797;-0,654719;0,383371;-0,178901;-0,626389;221,92543;432,600189;-282,271698;0,167673;-0,045995;-0,039718;-0,983968;327,522064;401,044434;-776,353821
937;9,37;;;;;;;;-0,396824;-0,001814;0,121635;-0,909798;375,898804;585,418579;-248,675171;-0,654715;0,383429;-0,178935;-0,626349;221,923767;432,598785;-282,272888;0,167666;-0,046019;-0,039737;-0,983967;327,507385;401,050323;-776,360779
938;9,38;;;;;;;;-0,396828;-0,00179;0,121614;-0,909799;375,897644;585,419189;-248,676804;-0,654704;0,383454;-0,178921;-0,626349;221,925262;432,598602;-282,275299;0,167665;-0,046015;-0,039744;-0,983967;327,510986;401,05246;-776,363525
939;9,39;;;;;;;;-0,396839;-0,001807;0,121584;-0,909798;375,89267;585,419739;-248,676086;-0,654706;0,383462;-0,178915;-0,626343;221,927048;432,598846;-282,27652;0,167677;-0,045963;-0,039709;-0,983969;327,540497;401,04068;-776,351257
940;9,4;;;;;;;;-0,396827;-0,001812;0,12164;-0,909796;375,892761;585,42218;-248,677399;-0,654697;0,383471;-0,178954;-0,626336;221,926041;432,599426;-282,276917;0,167691;-0,046004;-0,039732;-0,983964;327,519592;401,032135;-776,351318
941;9,41;;;;;;;;-0,396814;-0,001785;0,121658;-0,909799;375,897308;585,422791;-248,680115;-0,654686;0,3835;-0,179015;-0,626312;221,925232;432,598724;-282,279175;0,167692;-0,045984;-0,039718;-0,983965;327,531799;401,029358;-776,34845
942;9,42;;;;;;;;-0,396842;-0,00184;0,121687;-0,909783;375,897827;585,419983;-248,680908;-0,654699;0,38352;-0,179028;-0,626283;221,929901;432,596771;-282,28186;0,167667;-0,045971;-0,039716;-0,98397;327,53891;401,0448;-776,359314
943;9,43;;;;;;;;-0,396855;-0,00187;0,121648;-0,909783;375,898224;585,418091;-248,676392;-0,654723;0,383517;-0,179038;-0,626257;221,933777;432,594971;-282,282104;0,167643;-0,046306;-0,03998;-0,983948;327,375946;401,09491;-776,435974
944;9,44;;;;;;;;-0,396888;-0,001795;0,121511;-0,909787;375,898834;585,413818;-248,671829;-0,654739;0,383519;-0,179003;-0,626249;221,932709;432,590485;-282,281677;0,167644;-0,046325;-0,039997;-0,983946;327,368866;401,095917;-776,435547
945;9,45;;;;;;;;-0,396919;-0,001764;0,121516;-0,909773;375,900269;585,408325;-248,66861;-0,654761;0,383525;-0,178997;-0,626224;221,932953;432,586731;-282,282043;0,167672;-0,045999;-0,039755;-0,983966;327,530518;401,04599;-776,355164
946;9,46;;;;;;;;-0,396908;-0,001739;0,121638;-0,909761;375,900055;585,405334;-248,668259;-0,654773;0,383537;-0,179053;-0,626188;221,932327;432,586121;-282,283661;0,167678;-0,046013;-0,039757;-0,983965;327,522705;401,042389;-776,353149
947;9,47;;;;;;;;-0,396906;-0,001733;0,121576;-0,90977;375,898651;585,404907;-248,669388;-0,65476;0,383573;-0,179041;-0,626184;221,931137;432,587311;-282,285095;0,167653;-0,046262;-0,039965;-0,983949;327,404388;401,088379;-776,415344
948;9,48;;;;;;;;-0,396908;-0,001776;0,12146;-0,909785;375,899506;585,403931;-248,669189;-0,654745;0,383586;-0,179047;-0,626189;221,930893;432,590668;-282,286377;0,167654;-0,046304;-0,040004;-0,983945;327,384705;401,094299;-776,425232
949;9,49;;;;;;;;-0,396897;-0,00178;0,121446;-0,909792;375,897278;585,403992;-248,670334;-0,654753;0,383581;-0,179064;-0,62618;221,930023;432,593109;-282,289856;0,167671;-0,045981;-0,039738;-0,983968;327,534668;401,04599;-776,354004
950;9,5;;;;;;;;-0,396891;-0,00179;0,121444;-0,909794;375,896973;585,403442;-248,668106;-0,654777;0,383575;-0,179037;-0,626166;221,93045;432,593109;-282,292053;0,167664;-0,045995;-0,039743;-0,983968;327,52536;401,050323;-776,359741
951;9,51;;;;;;;;-0,396902;-0,001764;0,121408;-0,909794;375,900909;585,401917;-248,668198;-0,654794;0,383567;-0,179042;-0,626151;221,930649;432,592438;-282,294342;0,167669;-0,046008;-0,039771;-0,983966;327,525085;401,052795;-776,362305
952;9,52;;;;;;;;-0,396912;-0,001738;0,121496;-0,909778;375,897827;585,401062;-248,66864;-0,654814;0,383573;-0,179056;-0,626123;221,930435;432,592407;-282,297241;0,167677;-0,045993;-0,039757;-0,983966;327,532532;401,045807;-776,356689
953;9,53;;;;;;;;-0,396915;-0,001752;0,12151;-0,909775;375,894409;585,397461;-248,665848;-0,654826;0,383591;-0,179043;-0,626102;221,927383;432,591797;-282,29834;0,167677;-0,045988;-0,039741;-0,983967;327,532104;401,044495;-776,352295
954;9,54;;;;;;;;-0,396907;-0,001697;0,121463;-0,909785;375,895996;585,393311;-248,663757;-0,654833;0,383622;-0,179052;-0,626074;221,926544;432,589233;-282,300995;0,167675;-0,045968;-0,039783;-0,983966;327,556976;401,055084;-776,34967
955;9,55;;;;;;;;-0,396929;-0,001789;0,121437;-0,909779;375,896637;585,390625;-248,661072;-0,654842;0,383616;-0,179049;-0,626069;221,929428;432,587982;-282,304962;0,167678;-0,045982;-0,03978;-0,983965;327,547791;401,051392;-776,351563
956;9,56;;;;;;;;-0,396942;-0,001867;0,121463;-0,90977;375,894745;585,390991;-248,659348;-0,654863;0,383607;-0,178998;-0,626067;221,929901;432,587219;-282,306061;0,167665;-0,045999;-0,039756;-0,983968;327,527222;401,055389;-776,358337
957;9,57;;;;;;;;-0,396925;-0,00177;0,121464;-0,909777;375,894836;585,392456;-248,660858;-0,654857;0,383651;-0,179009;-0,626043;221,928513;432,586029;-282,307434;0,167677;-0,045975;-0,039763;-0,983966;327,545929;401,050934;-776,347961
958;9,58;;;;;;;;-0,396915;-0,001767;0,121503;-0,909776;375,896881;585,392517;-248,662659;-0,654844;0,383664;-0,179042;-0,626039;221,927948;432,587158;-282,310425;0,167686;-0,045981;-0,039746;-0,983965;327,539307;401,041168;-776,346497
959;9,59;;;;;;;;-0,396951;-0,001857;0,121545;-0,909755;375,898438;585,390564;-248,661484;-0,654862;0,383642;-0,179008;-0,626044;221,929108;432,588409;-282,310791;0,167684;-0,045975;-0,039753;-0,983966;327,546387;401,044312;-776,349365
960;9,6;;;;;;;;-0,396974;-0,001785;0,121476;-0,909754;375,894775;585,389954;-248,663574;-0,654874;0,383642;-0,179029;-0,626026;221,929825;432,587311;-282,314056;0,167681;-0,046006;-0,039778;-0,983964;327,528961;401,049194;-776,358154
961;9,61;;;;;;;;-0,396975;-0,001784;0,121388;-0,909765;375,893066;585,39032;-248,665024;-0,654889;0,383643;-0,179004;-0,626016;221,927948;432,586426;-282,317169;0,16769;-0,045981;-0,039728;-0,983965;327,535645;401,034302;-776,348938
962;9,62;;;;;;;;-0,396988;-0,001807;0,121405;-0,909757;375,89682;585,38916;-248,663651;-0,6549;0,383651;-0,178923;-0,626023;221,927689;432,583557;-282,318237;0,167697;-0,045935;-0,039706;-0,983967;327,564453;401,02829;-776,338806
963;9,63;;;;;;;;-0,396979;-0,001756;0,121433;-0,909757;375,899414;585,389404;-248,665054;-0,654901;0,38366;-0,178952;-0,626008;221,927933;432,5802;-282,320923;0,167683;-0,045971;-0,039742;-0,983966;327,547852;401,043182;-776,351501
964;9,64;;;;;;;;-0,396982;-0,001798;0,121405;-0,90976;375,899048;585,387817;-248,664764;-0,654909;0,38367;-0,178979;-0,625986;221,925583;432,577698;-282,323883;0,167682;-0,046013;-0,039744;-0,983965;327,516541;401,041382;-776,358582
965;9,65;;;;;;;;-0,397018;-0,001834;0,121403;-0,909744;375,899719;585,386047;-248,660919;-0,654904;0,383698;-0,178955;-0,62598;221,928207;432,574982;-282,324188;0,167681;-0,046009;-0,039736;-0,983965;327,516083;401,039459;-776,357239
966;9,66;;;;;;;;-0,397041;-0,001824;0,121447;-0,909728;375,895935;585,382568;-248,656876;-0,65491;0,383713;-0,178946;-0,625967;221,929565;432,572052;-282,324738;0,167674;-0,04602;-0,039724;-0,983966;327,50473;401,040527;-776,360168
967;9,67;;;;;;;;-0,397031;-0,001829;0,121544;-0,90972;375,893524;585,378174;-248,656662;-0,654905;0,383737;-0,178935;-0,625962;221,9272;432,571533;-282,327728;0,167668;-0,046023;-0,039728;-0,983967;327,502441;401,043488;-776,364563
968;9,68;;;;;;;;-0,397022;-0,001833;0,121457;-0,909735;375,894287;585,376709;-248,658356;-0,654915;0,383737;-0,178936;-0,625951;221,925827;432,571594;-282,329865;0,167658;-0,046287;-0,039962;-0,983947;327,384186;401,082367;-776,427368
969;9,69;;;;;;;;-0,397027;-0,00189;0,121405;-0,90974;375,892578;585,377563;-248,658432;-0,654929;0,383733;-0,178923;-0,625942;221,924072;432,56955;-282,330353;0,16765;-0,04636;-0,040003;-0,983943;327,34491;401,093384;-776,442993
970;9,7;;;;;;;;-0,397041;-0,001856;0,121451;-0,909728;375,895752;585,376526;-248,658783;-0,654925;0,383726;-0,178857;-0,62597;221,92218;432,570038;-282,331787;0,167674;-0,046065;-0,039755;-0,983963;327,481018;401,043121;-776,371338
971;9,71;;;;;;;;-0,397033;-0,001762;0,121482;-0,909727;375,898956;585,374695;-248,659164;-0,654932;0,383716;-0,17887;-0,625965;221,92189;432,571228;-282,33432;0,167702;-0,045999;-0,039726;-0,983962;327,523346;401,022552;-776,349304
972;9,72;;;;;;;;-0,397041;-0,001756;0,121499;-0,909721;375,901031;585,371765;-248,657715;-0,654948;0,383724;-0,178871;-0,625943;221,924225;432,567291;-282,337067;0,167675;-0,046226;-0,039919;-0,983948;327,418243;401,066895;-776,408203
973;9,73;;;;;;;;-0,397047;-0,00177;0,121457;-0,909724;375,900177;585,369141;-248,654953;-0,654951;0,383737;-0,17887;-0,625932;221,924805;432,563354;-282,338531;0,167625;-0,046602;-0,040207;-0,983928;327,234863;401,136353;-776,504456
974;9,74;;;;;;;;-0,397054;-0,001784;0,121432;-0,909725;375,898773;585,366699;-248,652725;-0,654948;0,383806;-0,178896;-0,625886;221,921295;432,560913;-282,340454;0,167635;-0,046616;-0,040214;-0,983925;327,227173;401,129486;-776,499756
975;9,75;;;;;;;;-0,397068;-0,001829;0,121371;-0,909727;375,900085;585,363647;-248,649948;-0,654972;0,383801;-0,178866;-0,625872;221,921783;432,557526;-282,342804;0,167668;-0,046367;-0,039984;-0,983941;327,338165;401,075562;-776,430115
976;9,76;;;;;;;;-0,39706;-0,001826;0,121445;-0,909721;375,897858;585,362244;-248,647095;-0,654994;0,383751;-0,178841;-0,625886;221,924637;432,555359;-282,342194;0,167671;-0,046062;-0,039755;-0,983964;327,487396;401,044006;-776,365417
977;9,77;;;;;;;;-0,397044;-0,001759;0,121498;-0,909721;375,900177;585,364075;-248,647751;-0,654986;0,383787;-0,178848;-0,625871;221,924423;432,554993;-282,343903;0,167662;-0,04627;-0,039932;-0,983948;327,394318;401,075958;-776,414978
978;9,78;;;;;;;;-0,397038;-0,001767;0,121462;-0,909728;375,902649;585,36731;-248,64801;-0,655004;0,383756;-0,178808;-0,625882;221,923447;432,556122;-282,345642;0,167669;-0,04635;-0,039972;-0,983942;327,35022;401,07663;-776,427856
979;9,79;;;;;;;;-0,397029;-0,001795;0,121523;-0,909724;375,900909;585,366577;-248,648911;-0,654988;0,38383;-0,17889;-0,625831;221,920135;432,558411;-282,348206;0,167691;-0,046039;-0,039731;-0,983962;327,498505;401,030365;-776,354675
980;9,8;;;;;;;;-0,39705;-0,001769;0,12143;-0,909727;375,902985;585,363831;-248,649002;-0,654988;0,383844;-0,178932;-0,62581;221,920792;432,557892;-282,34964;0,167665;-0,046269;-0,039905;-0,983949;327,385651;401,070892;-776,4151
981;9,81;;;;;;;;-0,397044;-0,001716;0,121433;-0,909729;375,90802;585,361633;-248,65007;-0,655001;0,383806;-0,178865;-0,625838;221,920486;432,557037;-282,352478;0,167655;-0,046347;-0,039989;-0,983944;327,352814;401,089783;-776,438293
982;9,82;;;;;;;;-0,397031;-0,001699;0,121614;-0,909711;375,903168;585,361267;-248,649918;-0,654984;0,383891;-0,178893;-0,625797;221,913528;432,556305;-282,358795;0,167689;-0,046025;-0,039763;-0,983962;327,515289;401,039948;-776,358582
983;9,83;;;;;;;;-0,397043;-0,001713;0,121592;-0,909708;375,904449;585,361633;-248,648102;-0,654991;0,38392;-0,178912;-0,625765;221,913971;432,553162;-282,359161;0,167681;-0,046036;-0,039756;-0,983963;327,504578;401,043701;-776,361938
984;9,84;;;;;;;;-0,397027;-0,00165;0,121585;-0,909716;375,907898;585,361145;-248,64827;-0,654999;0,383921;-0,178922;-0,625754;221,915634;432,553101;-282,361511;0,167678;-0,046032;-0,039742;-0,983964;327,503082;401,042297;-776,362366
985;9,85;;;;;;;;-0,397065;-0,001643;0,121539;-0,909706;375,906616;585,35907;-248,647324;-0,655011;0,383858;-0,178832;-0,625806;221,917953;432,550812;-282,358673;0,167682;-0,045987;-0,039726;-0,983966;327,53186;401,036987;-776,353821
986;9,86;;;;;;;;-0,397077;-0,001668;0,12165;-0,909686;375,907776;585,357056;-248,644424;-0,655058;0,383762;-0,178772;-0,625832;221,922104;432,547577;-282,356171;0,167686;-0,046018;-0,039743;-0,983964;327,517151;401,036438;-776,356445
987;9,87;;;;;;;;-0,397049;-0,001665;0,121725;-0,909688;375,908539;585,357544;-248,642868;-0,655064;0,3838;-0,178776;-0,625802;221,920242;432,546021;-282,359558;0,167667;-0,046319;-0,039956;-0,983944;327,364929;401,076294;-776,423218
988;9,88;;;;;;;;-0,397058;-0,001654;0,121598;-0,909701;375,911896;585,360107;-248,645065;-0,655051;0,383827;-0,178795;-0,625794;221,919632;432,546722;-282,358734;0,167659;-0,04634;-0,039969;-0,983944;327,353729;401,083527;-776,432007
989;9,89;;;;;;;;-0,39707;-0,001657;0,121639;-0,90969;375,913452;585,361572;-248,646988;-0,655057;0,383763;-0,17875;-0,625839;221,924515;432,546417;-282,354523;0,167653;-0,046249;-0,039911;-0,983952;327,403381;401,080109;-776,418335
990;9,9;;;;;;;;-0,397071;-0,001677;0,121695;-0,909683;375,915833;585,36261;-248,649323;-0,655057;0,383748;-0,178733;-0,625854;221,925797;432,545807;-282,355988;0,167652;-0,046608;-0,040203;-0,983923;327,236542;401,119202;-776,496399
991;9,91;;;;;;;;-0,397064;-0,001677;0,121705;-0,909684;375,918518;585,363159;-248,649811;-0,655063;0,383731;-0,17873;-0,625859;221,924728;432,54541;-282,357086;0,167652;-0,046583;-0,040205;-0,983924;327,251556;401,120117;-776,493408
992;9,92;;;;;;;;-0,39708;-0,001657;0,121727;-0,909674;375,916138;585,36145;-248,647598;-0,655078;0,383731;-0,178705;-0,62585;221,926483;432,544281;-282,35791;0,16765;-0,046583;-0,0402;-0,983925;327,249512;401,121094;-776,493286
993;9,93;;;;;;;;-0,397079;-0,001634;0,121791;-0,909666;375,918091;585,360046;-248,645721;-0,655076;0,383816;-0,178741;-0,625789;221,92453;432,542023;-282,362396;0,167667;-0,046613;-0,040225;-0,983919;327,235474;401,113556;-776,492004
994;9,94;;;;;;;;-0,397054;-0,001665;0,121777;-0,909679;375,918579;585,359802;-248,646133;-0,655047;0,38392;-0,178821;-0,625734;221,91951;432,540955;-282,368134;0,167663;-0,046629;-0,040233;-0,983919;327,227905;401,116425;-776,497498
995;9,95;;;;;;;;-0,397041;-0,001692;0,121814;-0,909679;375,916443;585,360413;-248,643341;-0,655046;0,383904;-0,178804;-0,625749;221,918655;432,539581;-282,366913;0,167651;-0,046581;-0,040169;-0,983926;327,245178;401,114258;-776,491699
996;9,96;;;;;;;;-0,397067;-0,001588;0,121887;-0,909659;375,916656;585,358765;-248,642715;-0,65507;0,383881;-0,178771;-0,625747;221,919373;432,536987;-282,366791;0,167664;-0,046319;-0,039954;-0,983945;327,364868;401,077026;-776,428284
997;9,97;;;;;;;;-0,397064;-0,001549;0,121854;-0,909665;375,920898;585,356506;-248,643433;-0,655098;0,383816;-0,17872;-0,625772;221,922028;432,537598;-282,365784;0,167699;-0,046006;-0,039742;-0,983962;327,523346;401,027313;-776,350403
998;9,98;;;;;;;;-0,397056;-0,001643;0,121773;-0,909679;375,920532;585,353882;-248,63974;-0,655111;0,383785;-0,178676;-0,62579;221,92157;432,536896;-282,366516;0,16769;-0,04601;-0,039754;-0,983963;327,522278;401,033447;-776,353516
999;9,99;;;;;;;;-0,397087;-0,001629;0,1217;-0,909675;375,919617;585,352417;-248,639435;-0,655082;0,38388;-0,17878;-0,625733;221,913589;432,540283;-282,372223;0,167655;-0,046277;-0,039955;-0,983948;327,391174;401,082489;-776,424194
1000;10;;;;;;;;-0,397057;-0,001595;0,121806;-0,909674;375,920074;585,351807;-248,642471;-0,655081;0,383844;-0,178741;-0,625767;221,916031;432,542725;-282,37146;0,167643;-0,04635;-0,040012;-0,983944;327,357483;401,099274;-776,447083
1001;10,01;;;;;;;;-0,397043;-0,00163;0,121831;-0,909676;375,92218;585,353149;-248,643845;-0,65508;0,383842;-0,178745;-0,625768;221,919601;432,540955;-282,368713;0,167654;-0,046229;-0,039882;-0,983953;327,407227;401,074036;-776,418945
1002;10,02;;;;;;;;-0,397078;-0,00163;0,121691;-0,90968;375,922974;585,353638;-248,643204;-0,655098;0,383837;-0,17874;-0,625754;221,919464;432,540863;-282,370941;0,167664;-0,046324;-0,039985;-0,983943;327,368042;401,08371;-776,433716
1003;10,03;;;;;;;;-0,39706;-0,001605;0,121775;-0,909676;375,923096;585,35144;-248,642792;-0,655114;0,383805;-0,178643;-0,625784;221,9207;432,538574;-282,370544;0,167676;-0,046026;-0,039742;-0,983965;327,506531;401,042755;-776,365662
1004;10,04;;;;;;;;-0,397077;-0,001586;0,121831;-0,909662;375,922913;585,348938;-248,639969;-0,655109;0,383895;-0,178682;-0,625723;221,915497;432,536438;-282,375885;0,16767;-0,046011;-0,039735;-0,983967;327,516235;401,046051;-776,363708
1005;10,05;;;;;;;;-0,397101;-0,001619;0,121828;-0,909652;375,920074;585,346191;-248,63443;-0,655145;0,383834;-0,178646;-0,625733;221,919418;432,532318;-282,374023;0,167669;-0,046002;-0,039731;-0,983968;327,522766;401,04718;-776,357605
1006;10,06;;;;;;;;-0,397095;-0,001567;0,121877;-0,909648;375,919098;585,343506;-248,63237;-0,655169;0,383793;-0,178584;-0,625751;221,922363;432,528809;-282,373688;0,167657;-0,045989;-0,039707;-0,983971;327,525452;401,049774;-776,359314
1007;10,07;;;;;;;;-0,397107;-0,001511;0,121909;-0,909638;375,923615;585,34021;-248,633636;-0,655152;0,38391;-0,178652;-0,625677;221,915543;432,526703;-282,380157;0,167684;-0,045997;-0,039741;-0,983965;327,531158;401,0383;-776,35144
1008;10,08;;;;;;;;-0,397124;-0,001543;0,121818;-0,909643;375,925873;585,339539;-248,631287;-0,655134;0,383962;-0,178707;-0,625649;221,915787;432,526001;-282,381775;0,167696;-0,046029;-0,039735;-0,983962;327,507629;401,027588;-776,349731
1009;10,09;;;;;;;;-0,39711;-0,001522;0,121799;-0,909652;375,924194;585,340881;-248,629974;-0,655152;0,383908;-0,178643;-0,625682;221,916977;432,525452;-282,383087;0,167675;-0,046015;-0,039755;-0,983965;327,522156;401,04599;-776,357788
1010;10,1;;;;;;;;-0,397088;-0,001446;0,121993;-0,909636;375,925537;585,340271;-248,632645;-0,655173;0,383875;-0,178563;-0,625703;221,916016;432,523499;-282,386505;0,167658;-0,046249;-0,039933;-0,98395;327,40741;401,082031;-776,416077
1011;10,11;;;;;;;;-0,397098;-0,001443;0,122047;-0,909624;375,925049;585,340149;-248,633774;-0,655187;0,38388;-0,178603;-0,625673;221,914734;432,522186;-282,389465;0,167658;-0,04633;-0,039975;-0,983944;327,362946;401,085541;-776,432861
1012;10,12;;;;;;;;-0,397111;-0,001411;0,122031;-0,909621;375,923584;585,339661;-248,634445;-0,655187;0,383917;-0,178624;-0,625645;221,911682;432,520264;-282,392395;0,167696;-0,045978;-0,039733;-0,983964;327,54071;401,029663;-776,344482
1013;10,13;;;;;;;;-0,39712;-0,001389;0,121998;-0,909621;375,923584;585,337769;-248,633438;-0,655183;0,383954;-0,178625;-0,625626;221,913361;432,517822;-282,394958;0,167709;-0,045994;-0,039754;-0,98396;327,534485;401,024628;-776,344421
1014;10,14;;;;;;;;-0,39714;-0,001422;0,121906;-0,909625;375,922852;585,335388;-248,63121;-0,655202;0,383923;-0,17859;-0,625635;221,915131;432,51535;-282,394989;0,167679;-0,046267;-0,039953;-0,983945;327,398651;401,070404;-776,41095
1015;10,15;;;;;;;;-0,397143;-0,001409;0,121901;-0,909624;375,924286;585,332275;-248,62973;-0,655214;0,38392;-0,178541;-0,625638;221,912979;432,511749;-282,397247;0,167668;-0,046381;-0,040042;-0,983938;327,344147;401,087402;-776,437073
1016;10,16;;;;;;;;-0,397149;-0,001379;0,121818;-0,909632;375,927307;585,328308;-248,629776;-0,655218;0,383922;-0,178547;-0,625631;221,912674;432,508911;-282,398804;0,167672;-0,046269;-0,039953;-0,983946;327,398956;401,071594;-776,413208
1017;10,17;;;;;;;;-0,397158;-0,001387;0,121727;-0,909641;375,92984;585,325256;-248,628372;-0,655227;0,383908;-0,178502;-0,625643;221,914352;432,506744;-282,400146;0,167675;-0,046328;-0,03999;-0,983941;327,372253;401,07486;-776,424744
1018;10,18;;;;;;;;-0,397165;-0,00134;0,121814;-0,909626;375,927155;585,323486;-248,628494;-0,655248;0,383901;-0,178496;-0,625626;221,913284;432,506561;-282,40036;0,167685;-0,04604;-0,039751;-0,983962;327,505341;401,034088;-776,358398
1019;10,19;;;;;;;;-0,397164;-0,001319;0,121874;-0,909619;375,926971;585,322266;-248,629776;-0,655252;0,383916;-0,17849;-0,625615;221,912735;432,507172;-282,401428;0,167675;-0,046042;-0,039764;-0,983963;327,505341;401,041931;-776,364319
1020;10,2;;;;;;;;-0,397169;-0,001307;0,121955;-0,909606;375,929749;585,32373;-248,63205;-0,655243;0,383936;-0,178492;-0,625612;221,913239;432,507202;-282,402832;0,167667;-0,046263;-0,039932;-0,983948;327,399719;401,07074;-776,418152
1021;10,21;;;;;;;;-0,397172;-0,001272;0,121852;-0,909618;375,926697;585,325134;-248,63353;-0,655238;0,383935;-0,178528;-0,625607;221,915298;432,507202;-282,406403;0,167678;-0,046307;-0,039968;-0,983942;327,383057;401,070435;-776,4245
1022;10,22;;;;;;;;-0,39715;-0,001232;0,121918;-0,909619;375,922729;585,325989;-248,63324;-0,655245;0,383901;-0,178498;-0,62563;221,915054;432,506134;-282,408417;0,16769;-0,045957;-0,039684;-0,983968;327,547119;401,023041;-776,34729
1023;10,23;;;;;;;;-0,397143;-0,001115;0,121993;-0,909612;375,927917;585,323914;-248,634354;-0,655266;0,383898;-0,178478;-0,625616;221,915329;432,504578;-282,410156;0,167681;-0,046045;-0,039739;-0,983963;327,499481;401,035034;-776,366821
1024;10,24;;;;;;;;-0,397168;-0,001137;0,121864;-0,909618;375,931396;585,321899;-248,633087;-0,655285;0,383931;-0,178515;-0,625565;221,913757;432,502991;-282,414368;0,167657;-0,046276;-0,039941;-0,983948;327,392273;401,080322;-776,425903
1025;10,25;;;;;;;;-0,397168;-0,001192;0,121814;-0,909625;375,927094;585,319641;-248,630035;-0,65529;0,383923;-0,178484;-0,625573;221,913315;432,500641;-282,415863;0,167647;-0,046318;-0,040011;-0,983945;327,381409;401,098206;-776,439575
1026;10,26;;;;;;;;-0,397172;-0,001137;0,12179;-0,909626;375,928772;585,31488;-248,62999;-0,655286;0,383928;-0,17846;-0,625581;221,912796;432,499298;-282,416351;0,167688;-0,046003;-0,039746;-0,983964;327,530579;401,038086;-776,354797
1027;10,27;;;;;;;;-0,397164;-0,00111;0,121812;-0,909627;375,92627;585,314636;-248,627838;-0,655287;0,383957;-0,178453;-0,625564;221,909576;432,499664;-282,418121;0,167685;-0,045977;-0,039714;-0,983967;327,539032;401,035431;-776,352905
1028;10,28;;;;;;;;-0,397169;-0,001074;0,121871;-0,909617;375,920532;585,318542;-248,624329;-0,655306;0,383932;-0,178452;-0,625561;221,909668;432,498779;-282,418945;0,167676;-0,045958;-0,039697;-0,98397;327,546875;401,038422;-776,351929
1029;10,29;;;;;;;;-0,397173;-0,00107;0,121843;-0,909619;375,921844;585,316589;-248,626129;-0,655307;0,383909;-0,178433;-0,625579;221,909531;432,498383;-282,4198;0,167676;-0,046031;-0,039758;-0,983964;327,509644;401,046051;-776,365784
1030;10,3;;;;;;;;-0,397171;-0,001003;0,121859;-0,909618;375,923645;585,315857;-248,628555;-0,655306;0,38393;-0,178419;-0,62557;221,907806;432,498871;-282,422729;0,167674;-0,04603;-0,039757;-0,983964;327,507629;401,046204;-776,368469
1031;10,31;;;;;;;;-0,397172;-0,000989;0,121854;-0,909618;375,923706;585,315613;-248,628769;-0,655313;0,383941;-0,178426;-0,625554;221,908386;432,499573;-282,42453;0,167681;-0,046012;-0,039751;-0,983964;327,519012;401,044006;-776,361084
1032;10,32;;;;;;;;-0,397163;-0,000978;0,12186;-0,909621;375,921478;585,31543;-248,627106;-0,655313;0,383946;-0,178404;-0,625558;221,906448;432,49942;-282,424225;0,167684;-0,046007;-0,039744;-0,983964;327,521393;401,041443;-776,35968
1033;10,33;;;;;;;;-0,397195;-0,000981;0,121743;-0,909623;375,921356;585,314758;-248,627579;-0,65531;0,383947;-0,178396;-0,625563;221,906509;432,497925;-282,426117;0,167655;-0,046262;-0,039936;-0,98395;327,396698;401,085663;-776,425232
1034;10,34;;;;;;;;-0,397212;-0,00097;0,121649;-0,909628;375,926086;585,312378;-248,62706;-0,655313;0,383973;-0,178421;-0,625536;221,907181;432,49469;-282,42804;0,167661;-0,046353;-0,040011;-0,983941;327,358215;401,092712;-776,440186
1035;10,35;;;;;;;;-0,397226;-0,000953;0,121739;-0,90961;375,925171;585,309692;-248,623856;-0,655329;0,383976;-0,178422;-0,625518;221,907944;432,492218;-282,426788;0,167681;-0,046046;-0,039746;-0,983963;327,49704;401,040039;-776,362793
1036;10,36;;;;;;;;-0,397218;-0,000939;0,121766;-0,90961;375,926239;585,306396;-248,623322;-0,655351;0,383949;-0,178412;-0,625514;221,909439;432,489441;-282,42746;0,167681;-0,046062;-0,039747;-0,983962;327,485443;401,039764;-776,363708
1037;10,37;;;;;;;;-0,397233;-0,000936;0,121573;-0,909629;375,931427;585,301697;-248,624832;-0,655358;0,383947;-0,178381;-0,625517;221,911224;432,486694;-282,428406;0,167677;-0,046289;-0,039922;-0,983945;327,376709;401,065277;-776,413757
1038;10,38;;;;;;;;-0,397224;-0,000949;0,121623;-0,909626;375,928467;585,30127;-248,621063;-0,655361;0,383969;-0,178389;-0,625498;221,91188;432,484741;-282,429443;0,167666;-0,046379;-0,040037;-0,983938;327,345795;401,089294;-776,440186
1039;10,39;;;;;;;;-0,39723;-0,00095;0,121739;-0,909608;375,927887;585,304016;-248,620834;-0,655364;0,383986;-0,178409;-0,625478;221,908524;432,483124;-282,430817;0,167662;-0,046266;-0,039964;-0,983947;327,404388;401,080902;-776,419312
1040;10,4;;;;;;;;-0,397231;-0,000934;0,121737;-0,909608;375,928925;585,304016;-248,621887;-0,65536;0,384005;-0,178401;-0,625473;221,90979;432,480194;-282,432068;0,167655;-0,046365;-0,040003;-0,983942;327,348114;401,085907;-776,440186
1041;10,41;;;;;;;;-0,397249;-0,000918;0,121636;-0,909614;375,930908;585,302368;-248,62233;-0,655354;0,384004;-0,178415;-0,625476;221,910873;432,47998;-282,434082;0,167671;-0,046271;-0,039918;-0,983947;327,393219;401,064911;-776,413513
1042;10,42;;;;;;;;-0,397262;-0,000969;0,121714;-0,909597;375,926239;585,301147;-248,620575;-0,65536;0,383976;-0,178377;-0,625497;221,910141;432,479919;-282,434052;0,167664;-0,046636;-0,040207;-0,983919;327,219269;401,109741;-776,491394
1043;10,43;;;;;;;;-0,397252;-0,000945;0,121849;-0,909584;375,924683;585,301575;-248,620331;-0,65538;0,383979;-0,178351;-0,625482;221,908524;432,478058;-282,436035;0,167672;-0,04664;-0,040216;-0,983917;327,218964;401,103973;-776,491516
1044;10,44;;;;;;;;-0,397241;-0,000957;0,121765;-0,9096;375,927216;585,296814;-248,620514;-0,655371;0,384;-0,178365;-0,625475;221,909439;432,474762;-282,439972;0,167664;-0,046365;-0,040003;-0,983941;327,35144;401,080139;-776,439453
1045;10,45;;;;;;;;-0,39726;-0,000972;0,121674;-0,909604;375,928101;585,293701;-248,620514;-0,655371;0,384007;-0,178353;-0,625474;221,912216;432,473694;-282,439178;0,167673;-0,04604;-0,03972;-0,983966;327,49765;401,033966;-776,365417
1046;10,46;;;;;;;;-0,397249;-0,000917;0,121674;-0,909609;375,924713;585,29541;-248,619919;-0,655374;0,384018;-0,17834;-0,625467;221,912857;432,472992;-282,438507;0,167679;-0,04607;-0,03973;-0,983963;327,479065;401,031952;-776,36908
1047;10,47;;;;;;;;-0,397227;-0,000899;0,121741;-0,909609;375,924164;585,295044;-248,617798;-0,655384;0,38402;-0,178379;-0,625445;221,911438;432,472046;-282,439087;0,167685;-0,046018;-0,039728;-0,983964;327,515137;401,030182;-776,356934
1048;10,48;;;;;;;;-0,397269;-0,000875;0,121613;-0,909608;375,92804;585,29071;-248,619522;-0,655395;0,38402;-0,178394;-0,62543;221,911224;432,473297;-282,44043;0,167671;-0,046239;-0,039916;-0,983949;327,4133;401,065399;-776,408203
1049;10,49;;;;;;;;-0,397276;-0,000853;0,12162;-0,909604;375,927429;585,289978;-248,620758;-0,655391;0,38402;-0,178357;-0,625444;221,911224;432,473724;-282,442352;0,167646;-0,046365;-0,039987;-0,983944;327,344971;401,088593;-776,446045
1050;10,5;;;;;;;;-0,397267;-0,00086;0,121695;-0,909598;375,92453;585,293274;-248,618896;-0,655399;0,383996;-0,178328;-0,625459;221,910004;432,473999;-282,443207;0,167664;-0,046058;-0,039719;-0,983966;327,483154;401,040924;-776,372925
1051;10,51;;;;;;;;-0,39727;-0,000797;0,121544;-0,909617;375,924042;585,29248;-248,618103;-0,655415;0,383991;-0,17834;-0,625442;221,90979;432,47525;-282,443512;0,167667;-0,046275;-0,03991;-0,983948;327,385315;401,067963;-776,414734
1052;10,52;;;;;;;;-0,397277;-0,000822;0,121521;-0,909617;375,922363;585,288391;-248,620163;-0,655412;0,384023;-0,178384;-0,625413;221,909576;432,475128;-282,445526;0,16764;-0,046601;-0,040174;-0,983926;327,230927;401,120605;-776,49585
1053;10,53;;;;;;;;-0,397276;-0,000853;0,121537;-0,909615;375,922333;585,288574;-248,622528;-0,655409;0,38402;-0,178345;-0,625428;221,910065;432,474365;-282,448425;0,167657;-0,046361;-0,039972;-0,983943;327,342468;401,081482;-776,443359
1054;10,54;;;;;;;;-0,397258;-0,000813;0,12148;-0,909631;375,923706;585,287109;-248,62027;-0,655411;0,384033;-0,178353;-0,625416;221,908524;432,473541;-282,448883;0,1677;-0,046034;-0,039715;-0,983962;327,49942;401,020416;-776,35553
1055;10,55;;;;;;;;-0,397276;-0,000844;0,12144;-0,909628;375,923981;585,285034;-248,618484;-0,655425;0,384027;-0,178329;-0,625411;221,906876;432,472504;-282,449768;0,167699;-0,046078;-0,039755;-0,983958;327,476135;401,027191;-776,361938
1056;10,56;;;;;;;;-0,397266;-0,000804;0,121568;-0,909615;375,919983;585,286072;-248,619675;-0,65543;0,384041;-0,178356;-0,62539;221,906097;432,471191;-282,451569;0,167678;-0,046248;-0,039881;-0,983949;327,393127;401,058838;-776,407349
1057;10,57;;;;;;;;-0,397247;-0,000739;0,12169;-0,909608;375,916168;585,283752;-248,617966;-0,655426;0,384057;-0,178405;-0,625371;221,903656;432,471191;-282,453552;0,167668;-0,046604;-0,040133;-0,983923;327,215668;401,098358;-776,483887
1058;10,58;;;;;;;;-0,397276;-0,000768;0,121529;-0,909616;375,918182;585,282166;-248,617401;-0,655439;0,384044;-0,17837;-0,625375;221,902176;432,471466;-282,454926;0,167674;-0,046406;-0,039969;-0,983938;327,306152;401,072266;-776,440247
1059;10,59;;;;;;;;-0,397287;-0,000843;0,121386;-0,90963;375,917419;585,284607;-248,620178;-0,655453;0,384031;-0,178351;-0,625374;221,902725;432,470734;-282,457947;0,167683;-0,046045;-0,039722;-0,983964;327,489166;401,034607;-776,364319
1060;10,6;;;;;;;;-0,39729;-0,000844;0,121319;-0,909638;375,917664;585,282288;-248,620575;-0,65545;0,384057;-0,178359;-0,625359;221,904663;432,470428;-282,459351;0,167699;-0,046045;-0,039721;-0,983961;327,490753;401,023926;-776,35791
1061;10,61;;;;;;;;-0,39728;-0,000822;0,121414;-0,90963;375,916473;585,28186;-248,618637;-0,655456;0,384066;-0,178354;-0,625348;221,904709;432,468292;-282,45871;0,167718;-0,046031;-0,039707;-0,983959;327,497192;401,00885;-776,348145
1062;10,62;;;;;;;;-0,397275;-0,000812;0,121327;-0,909644;375,916962;585,278992;-248,618729;-0,655466;0,384046;-0,178374;-0,625344;221,90329;432,46637;-282,459808;0,167707;-0,045989;-0,039701;-0,983963;327,525177;401,015533;-776,345642
1063;10,63;;;;;;;;-0,397295;-0,000818;0,121259;-0,909644;375,916534;585,275024;-248,619583;-0,655483;0,384033;-0,178341;-0,625344;221,904099;432,463287;-282,462982;0,167693;-0,046027;-0,039728;-0,983963;327,505219;401,027161;-776,358154
1064;10,64;;;;;;;;-0,397345;-0,00094;0,121461;-0,909595;375,919464;585,270386;-248,618179;-0,655499;0,384048;-0,178339;-0,625318;221,905975;432,458405;-282,462585;0,167699;-0,046104;-0,039767;-0,983956;327,461273;401,026215;-776,36731
1065;10,65;;;;;;;;-0,397385;-0,001107;0,121733;-0,909541;375,929779;585,263794;-248,614639;-0,655503;0,384022;-0,178301;-0,625341;221,906433;432,457214;-282,463013;0,167701;-0,046031;-0,039728;-0,983961;327,503998;401,020935;-776,353943
1066;10,66;;;;;;;;-0,397381;-0,0011;0,121701;-0,909547;375,934265;585,261475;-248,614182;-0,655508;0,384011;-0,178254;-0,625356;221,90419;432,456726;-282,466003;0,167692;-0,046026;-0,039721;-0,983963;327,508972;401,024567;-776,356567
1067;10,67;;;;;;;;-0,397391;-0,00112;0,121734;-0,909539;375,932556;585,258545;-248,616287;-0,655516;0,384015;-0,178254;-0,625345;221,903824;432,454163;-282,468018;0,167692;-0,04606;-0,039735;-0,983961;327,487427;401,025269;-776,361572
1068;10,68;;;;;;;;-0,397388;-0,001087;0,121716;-0,909542;375,938354;585,256348;-248,615051;-0,65552;0,384006;-0,178182;-0,625368;221,906799;432,452332;-282,468018;0,167592;-0,046326;-0,040372;-0,98394;327,449493;401,222778;-776,460938
1069;10,69;;;;;;;;-0,397381;-0,001038;0,121491;-0,909575;375,9328;585,259216;-248,613983;-0,655517;0,384035;-0,178232;-0,625338;221,907013;432,45047;-282,469055;0,167529;-0,046706;-0,040882;-0,983911;327,311584;401,35611;-776,5672
1070;10,7;;;;;;;;-0,397376;-0,00103;0,121374;-0,909593;375,928223;585,26062;-248,612854;-0,655522;0,38403;-0,178269;-0,625325;221,907623;432,44928;-282,471008;0,167599;-0,046439;-0,040442;-0,98393;327,395508;401,226288;-776,483276
1071;10,71;;;;;;;;-0,397409;-0,001145;0,121542;-0,909556;375,936676;585,253479;-248,614426;-0,655535;0,384017;-0,178249;-0,625325;221,908463;432,446075;-282,473267;0,167565;-0,046153;-0,040431;-0,98395;327,573181;401,271912;-776,43927
1072;10,72;;;;;;;;-0,397392;-0,001077;0,121645;-0,90955;375,934967;585,251282;-248,615295;-0,655547;0,384028;-0,178287;-0,625296;221,906662;432,445129;-282,476166;0,1677;-0,046061;-0,03971;-0,983961;327,484955;401,011658;-776,360413
1073;10,73;;;;;;;;-0,397366;-0,000985;0,121534;-0,909576;375,93042;585,253113;-248,61145;-0,655546;0,384033;-0,178269;-0,625298;221,907043;432,444946;-282,476898;0,167689;-0,046054;-0,039696;-0,983963;327,485931;401,01712;-776,36084
1074;10,74;;;;;;;;-0,397353;-0,000953;0,121464;-0,909591;375,926941;585,255737;-248,608749;-0,655551;0,384047;-0,178237;-0,625293;221,908661;432,443237;-282,47821;0,167594;-0,046078;-0,040178;-0,983959;327,571869;401,195587;-776,408813
1075;10,75;;;;;;;;-0,397353;-0,001075;0,121495;-0,909587;375,929291;585,251953;-248,610626;-0,655569;0,384042;-0,178259;-0,625271;221,912415;432,441864;-282,480164;0,167459;-0,046172;-0,040908;-0,983947;327,658417;401,458679;-776,489441
1076;10,76;;;;;;;;-0,397342;-0,001007;0,121325;-0,909614;375,927582;585,25293;-248,610138;-0,655571;0,384034;-0,178288;-0,625266;221,911713;432,443146;-282,482635;0,167566;-0,04616;-0,040476;-0,983948;327,580872;401,284515;-776,439453
1077;10,77;;;;;;;;-0,397386;-0,001154;0,121597;-0,909559;375,936554;585,250977;-248,611954;-0,655575;0,384072;-0,178237;-0,625254;221,911453;432,443665;-282,482697;0,167697;-0,046079;-0,03975;-0,983959;327,483948;401,025482;-776,362793
1078;10,78;;;;;;;;-0,397317;-0,001065;0,12145;-0,909609;375,931213;585,257446;-248,613754;-0,655568;0,384045;-0,178188;-0,625291;221,912537;432,446167;-282,482758;0,167588;-0,046108;-0,040231;-0,983956;327,56369;401,213959;-776,423096
1079;10,79;;;;;;;;-0,397301;-0,000965;0,121434;-0,909618;375,927216;585,258728;-248,614166;-0,655574;0,384017;-0,178143;-0,625315;221,910126;432,450195;-282,481293;0,167449;-0,046203;-0,040958;-0,983945;327,65329;401,479248;-776,50592
1080;10,8;;;;;;;;-0,397342;-0,001123;0,121691;-0,909565;375,937714;585,252869;-248,616562;-0,655594;0,384002;-0,178084;-0,62532;221,905075;432,450653;-282,482239;0,16755;-0,04615;-0,04046;-0,983951;327,583527;401,29483;-776,44751
1081;10,81;;;;;;;;-0,397313;-0,001316;0,12163;-0,909586;375,930298;585,25415;-248,61496;-0,655588;0,383996;-0,178055;-0,625338;221,902466;432,449341;-282,483856;0,167687;-0,046045;-0,039743;-0,983962;327,501892;401,035492;-776,367859
1082;10,82;;;;;;;;-0,397299;-0,001409;0,12168;-0,909586;375,923065;585,254517;-248,614609;-0,655572;0,384019;-0,177981;-0,625362;221,905258;432,4487;-282,485596;0,167577;-0,04633;-0,04038;-0,983942;327,448334;401,241302;-776,472717
1083;10,83;;;;;;;;-0,397281;-0,001368;0,121646;-0,909598;375,923035;585,255615;-248,617432;-0,655576;0,38404;-0,17802;-0,625334;221,908264;432,449646;-282,487518;0,167524;-0,046505;-0,040778;-0,983926;327,416748;401,358398;-776,532043
1084;10,84;;;;;;;;-0,397261;-0,001386;0,121651;-0,909606;375,915894;585,25824;-248,617355;-0,655598;0,384008;-0,178029;-0,625327;221,90831;432,448486;-282,485718;0,167682;-0,046109;-0,039765;-0,983959;327,458557;401,039948;-776,377563
1085;10,85;;;;;;;;-0,397231;-0,001226;0,121416;-0,90965;375,911285;585,261719;-248,616455;-0,655597;0,384031;-0,178063;-0,625305;221,908691;432,443848;-282,486267;0,1676;-0,046134;-0,040186;-0,983955;327,528717;401,197906;-776,419983
1086;10,86;;;;;;;;-0,397146;-0,001249;0,121074;-0,909733;375,897827;585,263977;-248,617401;-0,655629;0,384016;-0,178063;-0,62528;221,907745;432,441376;-282,486664;0,167552;-0,046162;-0,040451;-0,983951;327,564484;401,291901;-776,449097
1087;10,87;;;;;;;;-0,397149;-0,001567;0,121172;-0,909718;375,89859;585,262207;-248,617569;-0,655625;0,384042;-0,178135;-0,625248;221,906036;432,442261;-282,48526;0,167599;-0,046156;-0,0402;-0,983953;327,516357;401,198242;-776,424438
1088;10,88;;;;;;;;-0,397228;-0,001894;0,121185;-0,909682;375,904449;585,257996;-248,617355;-0,655578;0,384124;-0,17823;-0,62522;221,904343;432,444214;-282,486359;0,167465;-0,046217;-0,04093;-0,983943;327,628326;401,460297;-776,499573
1089;10,89;;;;;;;;-0,397226;-0,002075;0,121158;-0,909686;375,894836;585,258972;-248,620483;-0,655526;0,384209;-0,178336;-0,625192;221,900436;432,445099;-282,486816;0,167467;-0,046432;-0,041049;-0,983928;327,512848;401,47049;-776,54187
1090;10,9;;;;;;;;-0,397239;-0,002242;0,12093;-0,90971;375,887848;585,26123;-248,624084;-0,655522;0,384208;-0,17833;-0,625199;221,900375;432,445099;-282,484009;0,167425;-0,046777;-0,04131;-0,983908;327,347443;401,53302;-776,630188
1091;10,91;;;;;;;;-0,397285;-0,002474;0,120927;-0,90969;375,881012;585,265686;-248,622116;-0,655535;0,384169;-0,178314;-0,625214;221,898682;432,444153;-282,483521;0,167421;-0,046769;-0,041307;-0,983909;327,351196;401,534912;-776,630737
1092;10,92;;;;;;;;-0,397339;-0,002481;0,120944;-0,909664;375,875244;585,267883;-248,619858;-0,655566;0,384131;-0,178292;-0,625211;221,897995;432,439087;-282,484589;0,167446;-0,04653;-0,041148;-0,983923;327,473633;401,498596;-776,571777
1093;10,93;;;;;;;;-0,397367;-0,002464;0,120864;-0,909662;375,873993;585,263245;-248,61734;-0,655598;0,384097;-0,17822;-0,625218;221,899384;432,434143;-282,485077;0,167454;-0,046228;-0,040884;-0,983947;327,610657;401,455688;-776,501648
1094;10,94;;;;;;;;-0,397393;-0,002509;0,120814;-0,909658;375,87793;585,260864;-248,614716;-0,655581;0,384124;-0,178217;-0,625221;221,898193;432,434296;-282,483887;0,167511;-0,046393;-0,040576;-0,983942;327,440155;401,328278;-776,505554
1095;10,95;;;;;;;;-0,397455;-0,002482;0,12069;-0,909647;375,875427;585,263489;-248,613281;-0,655589;0,384102;-0,178148;-0,625245;221,894272;432,432648;-282,485138;0,167556;-0,046465;-0,040408;-0,983938;327,361786;401,249573;-776,502014
1096;10,96;;;;;;;;-0,397484;-0,002446;0,120733;-0,909629;375,874207;585,264038;-248,610825;-0,655621;0,384084;-0,178115;-0,625233;221,894836;432,432007;-282,487854;0,167519;-0,04617;-0,040453;-0,983956;327,560486;401,310486;-776,460144
1097;10,97;;;;;;;;-0,397543;-0,002447;0,120571;-0,909624;375,882446;585,266968;-248,610413;-0,655667;0,383992;-0,178084;-0,62525;221,89859;432,432281;-282,490784;0,167546;-0,046316;-0,04031;-0,98395;327,437775;401,244843;-776,47998
1098;10,98;;;;;;;;-0,397569;-0,002167;0,120561;-0,909615;375,895447;585,268982;-248,608322;-0,655719;0,383928;-0,17805;-0,625244;221,899933;432,432098;-282,49118;0,167389;-0,04653;-0,04112;-0,983934;327,463104;401,532043;-776,594849
1099;10,99;;;;;;;;-0,39758;-0,001808;0,120571;-0,90961;375,913574;585,267212;-248,60611;-0,655695;0,38397;-0,178054;-0,625242;221,897797;432,431396;-282,493683;0,167514;-0,046203;-0,040437;-0,983956;327,530884;401,310577;-776,469849
1100;11;;;;;;;;-0,397595;-0,001629;0,12065;-0,909593;375,922607;585,265991;-248,600739;-0,655668;0,384046;-0,178095;-0,625212;221,897568;432,430176;-282,493958;0,167558;-0,046149;-0,04018;-0,983961;327,516663;401,218689;-776,44458
1101;11,01;;;;;;;;-0,397569;-0,001378;0,120741;-0,909593;375,93924;585,264038;-248,596878;-0,655658;0,384083;-0,178045;-0,625214;221,898941;432,428345;-282,494415;0,167407;-0,046234;-0,040934;-0,983952;327,617981;401,495941;-776,528687
1102;11,02;;;;;;;;-0,397557;-0,001041;0,120827;-0,909587;375,954803;585,258667;-248,593323;-0,655653;0,384084;-0,178033;-0,625222;221,900864;432,426849;-282,496948;0,167502;-0,046186;-0,040483;-0,983957;327,556885;401,326782;-776,473511
1103;11,03;;;;;;;;-0,397487;-0,000977;0,120661;-0,909639;375,96701;585,252441;-248,591919;-0,655666;0,384079;-0,178051;-0,625206;221,899078;432,425507;-282,499268;0,167543;-0,046135;-0,040161;-0,983965;327,522491;401,226196;-776,443604
1104;11,04;;;;;;;;-0,397421;-0,00111;0,120199;-0,909729;375,974304;585,244324;-248,590118;-0,65566;0,3841;-0,178038;-0,625204;221,897781;432,425415;-282,499542;0,167412;-0,04618;-0,040873;-0,983956;327,639771;401,485138;-776,51239
1105;11,05;;;;;;;;-0,397393;-0,001049;0,119931;-0,909777;375,969971;585,243958;-248,589157;-0,65565;0,384116;-0,178064;-0,625198;221,90274;432,424561;-282,498749;0,167435;-0,046232;-0,040919;-0,983948;327,614929;401,478729;-776,509644
1106;11,06;;;;;;;;-0,397387;-0,000983;0,11989;-0,909785;375,975616;585,24408;-248,58815;-0,655653;0,3841;-0,178023;-0,625215;221,903625;432,425049;-282,501373;0,167423;-0,046253;-0,040913;-0,98395;327,598083;401,485748;-776,519165
1107;11,07;;;;;;;;-0,397433;-0,001293;0,119862;-0,909768;375,992645;585,237183;-248,586975;-0,655654;0,384104;-0,178005;-0,625217;221,904312;432,426605;-282,502502;0,167407;-0,046228;-0,040915;-0,983953;327,616486;401,499084;-776,523682
1108;11,08;;;;;;;;-0,397415;-0,001353;0,119889;-0,909772;375,992432;585,236816;-248,588867;-0,655647;0,384107;-0,177981;-0,625229;221,905853;432,42627;-282,503113;0,167481;-0,046174;-0,04046;-0,983962;327,556244;401,343353;-776,478455
1109;11,09;;;;;;;;-0,397439;-0,001342;0,120018;-0,909745;375,981506;585,235901;-248,594528;-0,655648;0,384124;-0,178019;-0,625207;221,90506;432,423889;-282,506134;0,167526;-0,046186;-0,040149;-0,983967;327,478363;401,237366;-776,458374
1110;11,1;;;;;;;;-0,397492;-0,001235;0,120027;-0,909721;375,975189;585,230591;-248,596786;-0,655657;0,384133;-0,178022;-0,625191;221,904114;432,421814;-282,508484;0,167358;-0,046291;-0,040913;-0,983959;327,565887;401,527588;-776,556274
1111;11,11;;;;;;;;-0,397488;-0,001149;0,120044;-0,909721;375,972504;585,22821;-248,59845;-0,655666;0,38414;-0,178021;-0,625178;221,904434;432,420258;-282,509338;0,167353;-0,04626;-0,040904;-0,983961;327,583923;401,532227;-776,551819
1112;11,12;;;;;;;;-0,397512;-0,001129;0,12;-0,909716;375,968048;585,227356;-248,598251;-0,655687;0,384132;-0,178013;-0,625163;221,903198;432,418243;-282,509094;0,167369;-0,046261;-0,040888;-0,983959;327,578552;401,518585;-776,542053
1113;11,13;;;;;;;;-0,39751;-0,001155;0,119933;-0,909726;375,965759;585,2276;-248,596497;-0,655697;0,384127;-0,177988;-0,625163;221,903976;432,416138;-282,511536;0,167358;-0,046311;-0,040926;-0,983957;327,55368;401,531158;-776,557861
1114;11,14;;;;;;;;-0,397505;-0,001142;0,119972;-0,909723;375,963593;585,227844;-248,594177;-0,655688;0,384156;-0,178;-0,625151;221,904739;432,414368;-282,511841;0,167368;-0,046284;-0,040902;-0,983958;327,566986;401,52179;-776,548523
1115;11,15;;;;;;;;-0,397486;-0,001191;0,119896;-0,909741;375,964569;585,22583;-248,593903;-0,655696;0,384135;-0,178026;-0,625148;221,904434;432,412933;-282,514313;0,167375;-0,046324;-0,040907;-0,983954;327,537994;401,513702;-776,549011
1116;11,16;;;;;;;;-0,397475;-0,001347;0,119967;-0,909736;375,964874;585,223938;-248,593842;-0,655707;0,384139;-0,178015;-0,625136;221,902573;432,412079;-282,516235;0,167355;-0,046276;-0,040885;-0,983961;327,563782;401,523285;-776,549805
1117;11,17;;;;;;;;-0,397466;-0,001333;0,120169;-0,909714;375,969543;585,226013;-248,589996;-0,655717;0,384144;-0,178006;-0,625126;221,900528;432,41153;-282,516541;0,16735;-0,046314;-0,040899;-0,98396;327,540649;401,527039;-776,558777
1118;11,18;;;;;;;;-0,397453;-0,001304;0,120216;-0,909713;375,973633;585,226074;-248,588959;-0,655732;0,384113;-0,177988;-0,625134;221,90448;432,409821;-282,515869;0,167374;-0,046328;-0,040916;-0,983954;327,535919;401,514709;-776,552673
1119;11,19;;;;;;;;-0,39747;-0,001309;0,120216;-0,909706;375,976013;585,224854;-248,586685;-0,655728;0,384124;-0,178007;-0,625126;221,905563;432,40918;-282,518097;0,167388;-0,0463;-0,040922;-0,983953;327,55899;401,508026;-776,541931
1120;11,2;;;;;;;;-0,397484;-0,001402;0,120217;-0,909699;375,978119;585,222656;-248,585159;-0,65573;0,384146;-0,178015;-0,625109;221,904968;432,40683;-282,517883;0,16737;-0,046294;-0,04092;-0,983956;327,561615;401,519348;-776,545532
1121;11,21;;;;;;;;-0,397481;-0,001455;0,120189;-0,909704;375,982605;585,222717;-248,584885;-0,655741;0,38416;-0,17803;-0,625084;221,905731;432,404327;-282,519623;0,167441;-0,046214;-0,040456;-0,983967;327,519409;401,364929;-776,497131
1122;11,22;;;;;;;;-0,397462;-0,001401;0,120232;-0,909707;375,984436;585,221558;-248,583527;-0,655762;0,384135;-0,178006;-0,625084;221,907364;432,402344;-282,52243;0,167506;-0,046185;-0,040127;-0,983971;327,470825;401,246002;-776,461853
1123;11,23;;;;;;;;-0,397465;-0,00136;0,120246;-0,909703;375,981445;585,218689;-248,581696;-0,655768;0,384145;-0,177981;-0,62508;221,906784;432,401489;-282,521667;0,167363;-0,046511;-0,041073;-0,983941;327,457489;401,544281;-776,590698
1124;11,24;;;;;;;;-0,397483;-0,001262;0,120149;-0,909709;375,981995;585,216309;-248,580536;-0,655787;0,384129;-0,178003;-0,625062;221,909119;432,39975;-282,521301;0,167342;-0,046679;-0,041203;-0,983931;327,376526;401,574493;-776,633179
1125;11,25;;;;;;;;-0,397494;-0,001222;0,120103;-0,90971;375,98291;585,21521;-248,581024;-0,655798;0,384104;-0,177939;-0,625085;221,908676;432,399445;-282,526001;0,167445;-0,046249;-0,04052;-0,983962;327,514526;401,375519;-776,504456
1126;11,26;;;;;;;;-0,397509;-0,001221;0,1201;-0,909704;375,981171;585,215454;-248,583099;-0,65578;0,384122;-0,177928;-0,625096;221,906982;432,401428;-282,527344;0,167525;-0,046169;-0,040154;-0,983967;327,491669;401,24231;-776,453125
1127;11,27;;;;;;;;-0,397481;-0,001218;0,120238;-0,909698;375,975494;585,216125;-248,582214;-0,655783;0,384142;-0,177956;-0,625072;221,905167;432,401855;-282,52771;0,167388;-0,04626;-0,040871;-0,983957;327,57785;401,505341;-776,531006
1128;11,28;;;;;;;;-0,397513;-0,001252;0,120238;-0,909684;375,972443;585,215332;-248,582718;-0,655783;0,384146;-0,177957;-0,62507;221,905807;432,401825;-282,530426;0,167446;-0,046208;-0,040457;-0,983966;327,526031;401,366943;-776,495667
1129;11,29;;;;;;;;-0,397512;-0,001153;0,120159;-0,909695;375,975433;585,214294;-248,5849;-0,655792;0,384136;-0,177964;-0,625064;221,907288;432,403137;-282,533234;0,167504;-0,046143;-0,040117;-0,983974;327,499023;401,248444;-776,459717
1130;11,3;;;;;;;;-0,397503;-0,001109;0,120072;-0,90971;375,976959;585,212646;-248,585495;-0,6558;0,384148;-0,17797;-0,625047;221,9039;432,403137;-282,533936;0,167363;-0,04622;-0,040866;-0,983963;327,601898;401,520142;-776,537659
1131;11,31;;;;;;;;-0,397513;-0,00113;0,120076;-0,909706;375,972992;585,210938;-248,583557;-0,65581;0,384154;-0,177972;-0,625033;221,901871;432,4021;-282,537018;0,167367;-0,046229;-0,040877;-0,983962;327,599182;401,519012;-776,538635
1132;11,32;;;;;;;;-0,397531;-0,001172;0,120013;-0,909706;375,970642;585,210449;-248,582748;-0,655808;0,384169;-0,177922;-0,625039;221,902359;432,401886;-282,537415;0,167359;-0,046233;-0,040851;-0,983964;327,58963;401,52002;-776,540833
1133;11,33;;;;;;;;-0,397505;-0,001202;0,119908;-0,909731;375,967072;585,207642;-248,582123;-0,655797;0,384169;-0,177923;-0,62505;221,902573;432,401306;-282,53714;0,167354;-0,046274;-0,040888;-0,983961;327,569672;401,529968;-776,549194
1134;11,34;;;;;;;;-0,397531;-0,001248;0,119911;-0,909719;375,968933;585,205505;-248,581589;-0,655813;0,384157;-0,177909;-0,625044;221,901306;432,400391;-282,5383;0,167375;-0,04628;-0,040876;-0,983958;327,565216;401,511963;-776,540283
1135;11,35;;;;;;;;-0,397545;-0,001188;0,12;-0,909702;375,969604;585,204468;-248,581024;-0,655812;0,384162;-0,177937;-0,625035;221,900757;432,399536;-282,539856;0,167444;-0,046218;-0,04046;-0,983966;327,519836;401,367249;-776,498901
1136;11,36;;;;;;;;-0,397539;-0,001169;0,120064;-0,909696;375,96875;585,204041;-248,581207;-0,655802;0,384186;-0,17792;-0,625036;221,902725;432,398682;-282,541046;0,16751;-0,046205;-0,040155;-0,983968;327,464691;401,249359;-776,4646
1137;11,37;;;;;;;;-0,397535;-0,001175;0,120044;-0,9097;375,969818;585,205261;-248,57872;-0,655799;0,384203;-0,17793;-0,625025;221,903061;432,39801;-282,541077;0,167363;-0,046515;-0,041072;-0,983941;327,451599;401,5466;-776,592163
1138;11,38;;;;;;;;-0,397555;-0,001273;0,120069;-0,909688;375,966492;585,204041;-248,579773;-0,655827;0,384177;-0,177914;-0,625016;221,904861;432,396484;-282,544128;0,167377;-0,046634;-0,041167;-0,983929;327,396637;401,550507;-776,61261
1139;11,39;;;;;;;;-0,397556;-0,001203;0,120175;-0,909673;375,970428;585,203796;-248,581207;-0,655834;0,384143;-0,177904;-0,625033;221,903778;432,395111;-282,548431;0,167384;-0,046489;-0,041069;-0,983938;327,470703;401,533539;-776,582947
1140;11,4;;;;;;;;-0,397531;-0,00126;0,120098;-0,909694;375,97049;585,203796;-248,579025;-0,655829;0,384157;-0,177913;-0,625027;221,902939;432,393738;-282,547913;0,167366;-0,046668;-0,041181;-0,983928;327,377411;401,557648;-776,625793
1141;11,41;;;;;;;;-0,397578;-0,001255;0,120138;-0,909669;375,970123;585,203552;-248,576416;-0,655835;0,384166;-0,177893;-0,625021;221,90419;432,392395;-282,545013;0,167392;-0,046318;-0,040892;-0,983952;327,540741;401,500519;-776,540161
1142;11,42;;;;;;;;-0,397598;-0,001291;0,120121;-0,909662;375,968628;585,202942;-248,576172;-0,655844;0,384138;-0,17788;-0,625033;221,905197;432,390045;-282,548523;0,1674;-0,0463;-0,040882;-0,983952;327,552063;401,495514;-776,533936
1143;11,43;;;;;;;;-0,397601;-0,001269;0,120164;-0,909655;375,970062;585,201477;-248,576294;-0,655834;0,384141;-0,177909;-0,625033;221,90419;432,388611;-282,55014;0,167427;-0,046294;-0,040892;-0,983948;327,561371;401,479706;-776,523193
1144;11,44;;;;;;;;-0,397568;-0,001374;0,120128;-0,909674;375,965118;585,198792;-248,574905;-0,655824;0,384158;-0,177921;-0,625029;221,903473;432,385559;-282,549805;0,167413;-0,046325;-0,040916;-0,983948;327,541077;401,490936;-776,534363
1145;11,45;;;;;;;;-0,397594;-0,001317;0,120165;-0,909658;375,967438;585,199158;-248,57637;-0,655823;0,384143;-0,177931;-0,625036;221,902008;432,383209;-282,549713;0,167393;-0,046271;-0,040852;-0,983956;327,560669;401,494354;-776,532776
1146;11,46;;;;;;;;-0,397615;-0,001227;0,120242;-0,909639;375,968506;585,199158;-248,57605;-0,655831;0,384115;-0,177936;-0,625044;221,901917;432,380981;-282,552216;0,167385;-0,046227;-0,040823;-0,983961;327,584961;401,495941;-776,528503
1147;11,47;;;;;;;;-0,397584;-0,001338;0,120196;-0,909658;375,969055;585,196594;-248,57431;-0,655823;0,384108;-0,177925;-0,62506;221,898407;432,379059;-282,550903;0,167411;-0,046295;-0,040919;-0,983949;327,562592;401,493774;-776,530396
1148;11,48;;;;;;;;-0,397581;-0,001375;0,120185;-0,909661;375,966248;585,194946;-248,573822;-0,655829;0,384111;-0,177846;-0,625074;221,899063;432,37973;-282,552368;0,167425;-0,046338;-0,040962;-0,983943;327,544495;401,488647;-776,535034
1149;11,49;;;;;;;;-0,397563;-0,001394;0,120154;-0,909673;375,968689;585,19342;-248,575562;-0,655836;0,38409;-0,177831;-0,625084;221,901413;432,37735;-282,553192;0,167393;-0,046484;-0,04106;-0,983938;327,473602;401,521759;-776,577576
1150;11,5;;;;;;;;-0,397536;-0,001466;0,120267;-0,909669;375,969696;585,19165;-248,571396;-0,655837;0,38408;-0,17782;-0,625093;221,903564;432,374481;-282,549805;0,167403;-0,046624;-0,041137;-0,983926;327,40033;401,52359;-776,600952
1151;11,51;;;;;;;;-0,397565;-0,001492;0,120297;-0,909653;375,972046;585,19281;-248,570923;-0,655834;0,384055;-0,177771;-0,625125;221,902283;432,372437;-282,54892;0,167444;-0,046285;-0,040896;-0,983945;327,568604;401,466339;-776,513672
1152;11,52;;;;;;;;-0,397579;-0,001417;0,120151;-0,909666;375,982056;585,195374;-248,572739;-0,655825;0,384051;-0,177766;-0,625138;221,899628;432,369873;-282,550873;0,167421;-0,046311;-0,040914;-0,983947;327,55423;401,482605;-776,528687
1153;11,53;;;;;;;;-0,397562;-0,001386;0,120195;-0,909668;375,985291;585,19397;-248,574371;-0,655838;0,384049;-0,177705;-0,625143;221,901566;432,369446;-282,55307;0,167397;-0,046462;-0,041052;-0,983938;327,491455;401,518219;-776,574158
1154;11,54;;;;;;;;-0,397559;-0,00147;0,120184;-0,909671;375,981384;585,190979;-248,571121;-0,655866;0,383999;-0,177656;-0,625158;221,904251;432,369446;-282,552673;0,167399;-0,046664;-0,041201;-0,983922;327,391937;401,53537;-776,615112
1155;11,55;;;;;;;;-0,397573;-0,001556;0,120194;-0,909663;375,981171;585,190369;-248,569672;-0,655887;0,383949;-0,177596;-0,625183;221,902191;432,36731;-282,552826;0,167436;-0,046301;-0,040919;-0,983945;327,568298;401,475983;-776,523254
1156;11,56;;;;;;;;-0,397563;-0,001582;0,120267;-0,909658;375,980499;585,190613;-248,567719;-0,655875;0,383936;-0,177527;-0,625224;221,897568;432,365997;-282,556488;0,16743;-0,046313;-0,0409;-0,983946;327,554565;401,477631;-776,5224
1157;11,57;;;;;;;;-0,397537;-0,001554;0,120338;-0,90966;375,976746;585,191223;-248,569489;-0,655873;0,383998;-0,177467;-0,625205;221,899811;432,366577;-282,55896;0,167424;-0,04631;-0,040911;-0,983947;327,559998;401,484436;-776,528076
1158;11,58;;;;;;;;-0,397545;-0,001565;0,120302;-0,909661;375,978607;585,192444;-248,569733;-0,655877;0,383973;-0,177493;-0,625209;221,899429;432,368225;-282,559723;0,167425;-0,0465;-0,041064;-0,983931;327,470551;401,503876;-776,571167
1159;11,59;;;;;;;;-0,397543;-0,001653;0,120229;-0,909672;375,97876;585,19458;-248,569183;-0,655901;0,383928;-0,177459;-0,625221;221,895752;432,369934;-282,560089;0,167416;-0,046627;-0,041203;-0,983921;327,418518;401,531433;-776,602478
1160;11,6;;;;;;;;-0,397517;-0,001691;0,120261;-0,909678;375,977325;585,194214;-248,567612;-0,655927;0,383883;-0,177355;-0,625251;221,895523;432,368866;-282,558746;0,167411;-0,046499;-0,041082;-0,983933;327,472229;401,516266;-776,57428
1161;11,61;;;;;;;;-0,397546;-0,001573;0,120461;-0,909639;375,977692;585,190186;-248,567764;-0,655939;0,383882;-0,177344;-0,625242;221,892868;432,364929;-282,560944;0,167396;-0,046634;-0,041177;-0,983925;327,406952;401,536285;-776,611816
1162;11,62;;;;;;;;-0,397564;-0,001571;0,12051;-0,909625;375,977386;585,186584;-248,567459;-0,655941;0,383891;-0,177373;-0,625227;221,888458;432,361572;-282,565216;0,167417;-0,046441;-0,040979;-0,983939;327,485748;401,491333;-776,561157
1163;11,63;;;;;;;;-0,397558;-0,00166;0,120453;-0,909635;375,978058;585,186523;-248,567078;-0,655941;0,38388;-0,177276;-0,62526;221,888779;432,360748;-282,564148;0,167402;-0,046631;-0,041132;-0,983926;327,390991;401,519714;-776,607422
1164;11,64;;;;;;;;-0,397541;-0,001627;0,120481;-0,909639;375,977692;585,18689;-248,569855;-0,655946;0,383873;-0,177285;-0,625257;221,887527;432,361572;-282,566101;0,167416;-0,046467;-0,041017;-0,983936;327,476654;401,49588;-776,572205
1165;11,65;;;;;;;;-0,397565;-0,001643;0,120554;-0,909619;375,978119;585,189331;-248,570496;-0,655964;0,383875;-0,177264;-0,625242;221,890259;432,36322;-282,564148;0,167424;-0,046838;-0,041306;-0,983905;327,301361;401,531342;-776,645386
1166;11,66;;;;;;;;-0,397562;-0,001742;0,120542;-0,909622;375,97879;585,191345;-248,568298;-0,655982;0,383823;-0,177211;-0,625271;221,895004;432,362152;-282,562805;0,167392;-0,046875;-0,041319;-0,983908;327,276794;401,553162;-776,661987
1167;11,67;;;;;;;;-0,397576;-0,001739;0,120447;-0,909628;375,979248;585,18927;-248,56871;-0,655987;0,383811;-0,17718;-0,625282;221,895218;432,360718;-282,562836;0,167399;-0,046858;-0,041338;-0,983907;327,294037;401,552887;-776,657715
1168;11,68;;;;;;;;-0,397599;-0,001723;0,120376;-0,909627;375,980438;585,186707;-248,56871;-0,656003;0,383796;-0,177178;-0,625275;221,892471;432,357788;-282,563812;0,167417;-0,046649;-0,041186;-0,98392;327,399475;401,522583;-776,607178
1169;11,69;;;;;;;;-0,397603;-0,001785;0,120558;-0,909601;375,974945;585,186646;-248,565399;-0,656011;0,383796;-0,177172;-0,625268;221,892807;432,355072;-282,564453;0,167433;-0,046278;-0,04087;-0,983948;327,571442;401,467865;-776,521667
1170;11,7;;;;;;;;-0,397603;-0,001739;0,120546;-0,909603;375,97937;585,186462;-248,565765;-0,656005;0,383787;-0,177166;-0,625281;221,895905;432,354248;-282,565918;0,167431;-0,046299;-0,040881;-0,983947;327,560364;401,470062;-776,526428
1171;11,71;;;;;;;;-0,397601;-0,00175;0,12042;-0,90962;375,982513;585,187805;-248,567307;-0,656017;0,383782;-0,177136;-0,625281;221,899033;432,355408;-282,566132;0,167441;-0,046336;-0,040902;-0,983943;327,539276;401,467163;-776,530518
1172;11,72;;;;;;;;-0,397583;-0,001726;0,120407;-0,90963;375,981323;585,187561;-248,567047;-0,656031;0,383773;-0,177161;-0,625265;221,895889;432,355408;-282,565735;0,167441;-0,046337;-0,040877;-0,983944;327,531403;401,462036;-776,530762
1173;11,73;;;;;;;;-0,397558;-0,001688;0,120605;-0,909615;375,973053;585,18811;-248,567825;-0,656045;0,383742;-0,177125;-0,625279;221,893723;432,354462;-282,566162;0,167441;-0,046313;-0,040881;-0,983945;327,546417;401,463318;-776,528015
1174;11,74;;;;;;;;-0,397579;-0,001845;0,120503;-0,909619;375,973389;585,187622;-248,566742;-0,656038;0,383756;-0,177125;-0,625278;221,892914;432,35199;-282,56958;0,167443;-0,046521;-0,041075;-0,983927;327,456116;401,490082;-776,57251
1175;11,75;;;;;;;;-0,397583;-0,001847;0,12045;-0,909624;375,97644;585,184021;-248,565262;-0,656062;0,3837;-0,177081;-0,6253;221,893463;432,350159;-282,570496;0,167406;-0,046663;-0,04119;-0,983921;327,38913;401,530884;-776,614197
1176;11,76;;;;;;;;-0,397564;-0,001846;0,120565;-0,909618;375,972992;585,184204;-248,563385;-0,65607;0,38371;-0,177068;-0,625289;221,893188;432,351959;-282,568359;0,16743;-0,046252;-0,040886;-0,983949;327,588745;401,475891;-776,519714
1177;11,77;;;;;;;;-0,397558;-0,00179;0,120491;-0,90963;375,971497;585,185547;-248,564636;-0,656058;0,38373;-0,177123;-0,625273;221,89328;432,352295;-282,569977;0,167438;-0,046288;-0,040895;-0,983946;327,565948;401,471313;-776,523499
1178;11,78;;;;;;;;-0,397578;-0,001787;0,12052;-0,909617;375,971558;585,18512;-248,564606;-0,656069;0,383735;-0,177032;-0,625284;221,897491;432,353668;-282,570679;0,167449;-0,046278;-0,040886;-0,983945;327,574493;401,465179;-776,518494
1179;11,79;;;;;;;;-0,397553;-0,001864;0,12054;-0,909625;375,969574;585,186218;-248,56311;-0,656076;0,383726;-0,176987;-0,625295;221,895203;432,355164;-282,570679;0,167451;-0,046307;-0,040905;-0,983942;327,558746;401,467865;-776,522034
1180;11,8;;;;;;;;-0,397554;-0,001883;0,120517;-0,909628;375,972595;585,185547;-248,560089;-0,656078;0,383735;-0,17702;-0,625279;221,898163;432,354736;-282,568756;0,167464;-0,046255;-0,04086;-0,983944;327,586456;401,453613;-776,505615
1181;11,81;;;;;;;;-0,397586;-0,001799;0,120603;-0,909603;375,975067;585,182373;-248,560715;-0,65608;0,383721;-0,177043;-0,625278;221,898315;432,353027;-282,569397;0,167421;-0,04627;-0,040877;-0,98395;327,578186;401,484131;-776,523804
1182;11,82;;;;;;;;-0,397573;-0,001817;0,120629;-0,909605;375,975647;585,181213;-248,56218;-0,656105;0,383651;-0,176984;-0,625312;221,896057;432,350403;-282,57193;0,167423;-0,046278;-0,040918;-0,983948;327,582916;401,490387;-776,526123
1183;11,83;;;;;;;;-0,39756;-0,001888;0,12061;-0,909613;375,974701;585,179565;-248,561081;-0,65608;0,383693;-0,177003;-0,625307;221,898682;432,349365;-282,570435;0,167434;-0,046273;-0,040907;-0,983947;327,5849;401,481293;-776,52179
1184;11,84;;;;;;;;-0,397563;-0,001885;0,120612;-0,909612;375,975525;585,178223;-248,562759;-0,656084;0,383691;-0,176974;-0,625312;221,900879;432,350647;-282,570282;0,167408;-0,046413;-0,041051;-0,983939;327,525635;401,518097;-776,566223
1185;11,85;;;;;;;;-0,397573;-0,001862;0,120605;-0,909608;375,975159;585,178345;-248,562073;-0,656102;0,383668;-0,176982;-0,625305;221,897125;432,348541;-282,572632;0,167407;-0,046601;-0,041171;-0,983925;327,429413;401,532135;-776,604492
1186;11,86;;;;;;;;-0,397581;-0,001818;0,12058;-0,909608;375,975555;585,176575;-248,561783;-0,656109;0,383706;-0,177017;-0,625264;221,898788;432,345703;-282,573029;0,167412;-0,046413;-0,041002;-0,98394;327,514343;401,503815;-776,564453
1187;11,87;;;;;;;;-0,397591;-0,001814;0,120623;-0,909598;375,973755;585,174438;-248,561829;-0,656125;0,383707;-0,17701;-0,625249;221,899353;432,343018;-282,576538;0,167398;-0,046593;-0,04117;-0,983927;327,437286;401,536224;-776,609192
1188;11,88;;;;;;;;-0,397611;-0,001892;0,120573;-0,909596;375,977509;585,172913;-248,561325;-0,656137;0,383699;-0,176963;-0,625255;221,899841;432,341583;-282,577759;0,167435;-0,046237;-0,040865;-0,98395;327,602051;401,469543;-776,517334
1189;11,89;;;;;;;;-0,397609;-0,00188;0,120585;-0,909595;375,974487;585,170166;-248,560989;-0,656127;0,38369;-0,176976;-0,625268;221,898453;432,338593;-282,578247;0,167431;-0,046436;-0,041037;-0,983934;327,510254;401,496521;-776,557434
1190;11,9;;;;;;;;-0,397589;-0,001807;0,120659;-0,909594;375,97113;585,167419;-248,55864;-0,656111;0,383691;-0,177043;-0,625264;221,896912;432,335663;-282,580139;0,167416;-0,046629;-0,041168;-0,983922;327,410889;401,519348;-776,602417
1191;11,91;;;;;;;;-0,39762;-0,001825;0,120591;-0,909589;375,97168;585,167419;-248,55957;-0,656121;0,383686;-0,177022;-0,625263;221,899719;432,333893;-282,58017;0,167431;-0,046235;-0,040846;-0,983952;327,598969;401,465485;-776,517883
1192;11,92;;;;;;;;-0,397617;-0,001948;0,120529;-0,909598;375,970245;585,166443;-248,558762;-0,656144;0,383648;-0,176977;-0,625275;221,900467;432,332703;-282,580811;0,16744;-0,046221;-0,040863;-0,98395;327,613342;401,465485;-776,510254
1193;11,93;;;;;;;;-0,397616;-0,001929;0,120623;-0,909587;375,970245;585,168213;-248,559509;-0,656156;0,383661;-0,17697;-0,625256;221,897202;432,334503;-282,582001;0,167445;-0,046248;-0,0409;-0,983946;327,601837;401,467926;-776,514771
1194;11,94;;;;;;;;-0,397636;-0,001909;0,120566;-0,909585;375,968658;585,172058;-248,562515;-0,656142;0,383692;-0,176898;-0,625272;221,898071;432,337006;-282,582062;0,167441;-0,046279;-0,040891;-0,983946;327,577698;401,46814;-776,523132
1195;11,95;;;;;;;;-0,397648;-0,001857;0,120563;-0,909581;375,968414;585,172791;-248,564194;-0,656154;0,383662;-0,176882;-0,625282;221,899277;432,337891;-282,584839;0,167434;-0,046289;-0,040929;-0,983945;327,581116;401,482452;-776,531616
1196;11,96;;;;;;;;-0,397627;-0,00192;0,120616;-0,909583;375,969177;585,174988;-248,564636;-0,656154;0,38365;-0,176896;-0,625286;221,895584;432,338348;-282,585144;0,167438;-0,046249;-0,040879;-0,983948;327,59494;401,473633;-776,521057
1197;11,97;;;;;;;;-0,39763;-0,001879;0,120608;-0,909582;375,96582;585,175293;-248,564804;-0,656152;0,383684;-0,176874;-0,625273;221,896591;432,339142;-282,583923;0,167453;-0,046231;-0,040868;-0,983947;327,604584;401,463928;-776,511108
1198;11,98;;;;;;;;-0,39765;-0,001877;0,120552;-0,909581;375,964539;585,174194;-248,565369;-0,656147;0,383691;-0,176856;-0,62528;221,895187;432,338074;-282,584473;0,167434;-0,046312;-0,040915;-0,983945;327,556244;401,47998;-776,532776
1199;11,99;;;;;;;;-0,397576;-0,002004;0,120542;-0,909615;375,961548;585,190002;-248,568405;-0,656162;0,383669;-0,176823;-0,625286;221,895126;432,336121;-282,585297;0,167439;-0,046292;-0,040909;-0,983945;327,56781;401,475006;-776,527954
1200;12;;;;;;;;-0,397415;-0,002087;0,120626;-0,909674;375,971313;585,227417;-248,586212;-0,656146;0,383627;-0,176852;-0,625321;221,894714;432,339539;-282,579651;0,167429;-0,046205;-0,040852;-0,983953;327,608368;401,472107;-776,515869
1201;12,01;;;;;;;;-0,397238;-0,00202;0,120536;-0,909763;375,972321;585,267151;-248,605759;-0,656091;0,383577;-0,176897;-0,625397;221,901978;432,351349;-282,561371;0,167475;-0,046269;-0,040563;-0,983954;327,507721;401,356934;-776,506348
1202;12,02;;;;;;;;-0,397045;-0,001959;0,12039;-0,909867;375,968109;585,312866;-248,624481;-0,656071;0,383457;-0,176854;-0,625504;221,919662;432,366364;-282,531799;0,167588;-0,04643;-0,039994;-0,983951;327,289398;401,107819;-776,478516
1203;12,03;;;;;;;;-0,396858;-0,002012;0,120415;-0,909945;375,98056;585,362793;-248,646057;-0,656005;0,383415;-0,176906;-0,625584;221,931091;432,380951;-282,49588;0,167527;-0,046805;-0,040331;-0,98393;327,118744;401,175446;-776,565796
1204;12,04;;;;;;;;-0,396682;-0,002108;0,120316;-0,910035;375,99411;585,41394;-248,668167;-0,655955;0,38333;-0,176937;-0,62568;221,945541;432,395996;-282,45517;0,1675;-0,047207;-0,040667;-0,983901;326,929535;401,23819;-776,659973
1205;12,05;;;;;;;;-0,396446;-0,001992;0,120449;-0,91012;376,008759;585,478455;-248,695984;-0,655904;0,383201;-0,176922;-0,625817;221,967133;432,414581;-282,410095;0,167485;-0,047204;-0,0407;-0,983903;326,94278;401,253357;-776,666748
1206;12,06;;;;;;;;-0,396035;-0,00222;0,120749;-0,910259;376,033447;585,56897;-248,735977;-0,655839;0,382961;-0,176929;-0,626029;221,989914;432,442474;-282,356873;0,167485;-0,047131;-0,040674;-0,983907;326,986206;401,253357;-776,656494
1207;12,07;;;;;;;;-0,395667;-0,002201;0,120898;-0,910399;376,063751;585,674438;-248,78154;-0,655702;0,38288;-0,177177;-0,626152;222,011963;432,47818;-282,297638;0,167513;-0,047063;-0,040684;-0,983905;327,035614;401,243378;-776,637695
1208;12,08;;;;;;;;-0,3957;-0,001662;0,120404;-0,910451;376,064392;585,781677;-248,821075;-0,655555;0,382731;-0,177359;-0,626345;222,038116;432,519562;-282,219391;0,167495;-0,047252;-0,040865;-0,983892;326,95401;401,283386;-776,688232
1209;12,09;;;;;;;;-0,395209;-0,001904;0,120552;-0,910645;376,098053;585,939148;-248,884323;-0,655409;0,382498;-0,177297;-0,626658;222,062683;432,568726;-282,127258;0,167467;-0,04784;-0,041375;-0,983847;326,681366;401,377838;-776,826233
1210;12,1;;;;;;;;-0,394584;-0,002308;0,120493;-0,910922;376,129517;586,113892;-248,95546;-0,655207;0,382259;-0,177248;-0,627029;222,098038;432,626251;-282,005127;0,167457;-0,047758;-0,041448;-0,983849;326,750305;401,405426;-776,819885
1211;12,11;;;;;;;;-0,393957;-0,002757;0,120041;-0,911252;376,167603;586,308838;-249,032715;-0,654998;0,381951;-0,177268;-0,627429;222,147598;432,695496;-281,855804;0,167452;-0,047711;-0,041452;-0,983852;326,777252;401,415771;-776,81604
1212;12,12;;;;;;;;-0,39336;-0,003252;0,119702;-0,911553;376,209229;586,515137;-249,117126;-0,654749;0,381586;-0,177322;-0,627896;222,203903;432,773651;-281,686829;0,167488;-0,047558;-0,041285;-0,983861;326,838684;401,376373;-776,779907
1213;12,13;;;;;;;;-0,392626;-0,00354;0,1196;-0,911882;376,244873;586,725159;-249,209549;-0,654483;0,381028;-0,177374;-0,628497;222,258026;432,866211;-281,505157;0,167516;-0,047388;-0,041224;-0,983867;326,932922;401,363861;-776,749084
1214;12,14;;;;;;;;-0,391864;-0,003763;0,119764;-0,912187;376,293182;586,953918;-249,312164;-0,654133;0,380492;-0,177454;-0,629162;222,312057;432,96051;-281,312592;0,167514;-0,047186;-0,041195;-0,983878;327,059448;401,377991;-776,722046
1215;12,15;;;;;;;;-0,390979;-0,004146;0,119971;-0,912538;376,341278;587,203552;-249,422852;-0,653732;0,380024;-0,177674;-0,6298;222,37674;433,064606;-281,10199;0,167521;-0,04698;-0,041125;-0,983889;327,176575;401,378052;-776,684814
1216;12,16;;;;;;;;-0,389735;-0,004391;0,121685;-0,912842;376,349304;587,498657;-249,527573;-0,653194;0,379813;-0,178024;-0,630386;222,447174;433,183899;-280,869843;0,167516;-0,046834;-0,04114;-0,983896;327,268066;401,39621;-776,664734
1217;12,17;;;;;;;;-0,388393;-0,004153;0,123947;-0,91311;376,351013;587,817444;-249,638794;-0,652625;0,379455;-0,178379;-0,63109;222,5112;433,314209;-280,617096;0,167542;-0,0466;-0,041099;-0,983905;327,408325;401,390503;-776,614441
1218;12,18;;;;;;;;-0,387727;-0,004585;0,119391;-0,913998;376,509369;588,070007;-249,788315;-0,652045;0,378813;-0,178445;-0,632056;222,583328;433,452576;-280,332489;0,167571;-0,046245;-0,040868;-0,983926;327,593994;401,352448;-776,537109
1219;12,19;;;;;;;;-0,386604;-0,004767;0,11925;-0,914491;376,565582;588,40094;-249,92421;-0,651472;0,378166;-0,178357;-0,633059;222,667389;433,598724;-280,020355;0,167528;-0,045981;-0,04082;-0,983948;327,751801;401,388794;-776,506104
1220;12,2;;;;;;;;-0,385283;-0,004999;0,120831;-0,91484;376,570496;588,76416;-250,057938;-0,650811;0,377816;-0,178512;-0,633904;222,751709;433,762604;-279,693909;0,167529;-0,045753;-0,040845;-0,983958;327,902496;401,409363;-776,464783
1221;12,21;;;;;;;;-0,383663;-0,004861;0,124613;-0,915014;376,545227;589,166565;-250,190765;-0,650102;0,377208;-0,17874;-0,634928;222,855209;433,937897;-279,335571;0,167507;-0,045485;-0,040881;-0,983972;328,083008;401,449097;-776,423828
1222;12,22;;;;;;;;-0,382516;-0,005217;0,122795;-0,915738;376,662659;589,511169;-250,357269;-0,649412;0,376309;-0,178749;-0,636164;222,964355;434,12738;-278,964355;0,167449;-0,045797;-0,04136;-0,983948;327,984955;401,566437;-776,522339
1223;12,23;;;;;;;;-0,38145;-0,005846;0,11857;-0,916735;376,808807;589,855713;-250,541534;-0,648714;0,375373;-0,178844;-0,637401;223,073776;434,325867;-278,591095;0,167305;-0,046948;-0,042498;-0,983869;327,48053;401,823059;-776,828369
1224;12,24;;;;;;;;-0,379668;-0,006482;0,120893;-0,917167;376,858093;590,28479;-250,722382;-0,647926;0,374574;-0,179006;-0,638626;223,184494;434,529724;-278,200745;0,167247;-0,046976;-0,042736;-0,983868;327,509918;401,909485;-776,868713
1225;12,25;;;;;;;;-0,377529;-0,007414;0,126333;-0,917309;376,885315;590,763062;-250,902893;-0,647111;0,373673;-0,179217;-0,63992;223,316162;434,747681;-277,778992;0,167213;-0,047058;-0,043034;-0,983857;327,516541;401,98761;-776,912109
1226;12,26;;;;;;;;-0,37616;-0,008247;0,124139;-0,918164;376,993042;591,165405;-251,100754;-0,646251;0,372852;-0,179596;-0,641161;223,443024;434,964294;-277,361755;0,167167;-0,047029;-0,043231;-0,983857;327,571564;402,061493;-776,930481
1227;12,27;;;;;;;;-0,374929;-0,009312;0,12034;-0,919163;377,160645;591,545349;-251,313202;-0,6454;0,37197;-0,179728;-0,642491;223,569336;435,199341;-276,935791;0,167134;-0,047007;-0,043483;-0,983853;327,637451;402,133514;-776,948364
1228;12,28;;;;;;;;-0,37305;-0,009916;0,122342;-0,919657;377,196045;592,012146;-251,499771;-0,644526;0,371069;-0,180005;-0,643811;223,703888;435,437134;-276,48288;0,167071;-0,047154;-0,043799;-0,983842;327,600586;402,228882;-777,010986
1229;12,29;;;;;;;;-0,371027;-0,00958;0,126206;-0,919956;377,17038;592,529663;-251,685684;-0,64354;0,370319;-0,180544;-0,645077;223,826202;435,682892;-276,03186;0,167053;-0,047183;-0,044059;-0,983832;327,630493;402,289978;-777,029053
1230;12,3;;;;;;;;-0,369627;-0,009818;0,123645;-0,920865;377,276855;592,971436;-251,912888;-0,642583;0,369248;-0,180965;-0,646525;223,944809;435,938843;-275,575531;0,167014;-0,047174;-0,044305;-0,983828;327,683624;402,3638;-777,05603
1231;12,31;;;;;;;;-0,368223;-0,010443;0,119596;-0,921954;377,448029;593,396301;-252,147919;-0,641536;0,368315;-0,181341;-0,64799;224,0867;436,204529;-275,091553;0,167209;-0,047075;-0,043511;-0,983835;327,591309;402,090729;-776,947632
1232;12,32;;;;;;;;-0,366163;-0,010924;0,121576;-0,92251;377,48288;593,901672;-252,371048;-0,640418;0,367536;-0,181832;-0,649399;224,231628;436,470459;-274,603424;0,167707;-0,046814;-0,041354;-0,983856;327,32959;401,363037;-776,659485
1233;12,33;;;;;;;;-0,364082;-0,010718;0,125099;-0,922865;377,441345;594,437378;-252,581955;-0,639424;0,366376;-0,181807;-0,651039;224,385773;436,746704;-274,109711;0,167722;-0,046802;-0,04132;-0,983855;327,327789;401,348114;-776,654297
1234;12,34;;;;;;;;-0,362167;-0,01112;0,124898;-0,923641;377,506744;594,923706;-252,816711;-0,638414;0,36533;-0,182046;-0,652549;224,53302;437,028778;-273,605225;0,167731;-0,046722;-0,04126;-0,98386;327,369843;401,334869;-776,638062
1235;12,35;;;;;;;;-0,360454;-0,010638;0,123832;-0,92446;377,540894;595,411011;-253,039963;-0,637401;0,364194;-0,182352;-0,654087;224,679581;437,306152;-273,104919;0,167736;-0,046646;-0,041179;-0,983866;327,406494;401,319397;-776,620605
1236;12,36;;;;;;;;-0,359303;-0,008552;0,120578;-0,925359;377,493134;595,903381;-253,260559;-0,636344;0,363015;-0,182815;-0,655641;224,831879;437,593353;-272,615936;0,167767;-0,046552;-0,041131;-0,983868;327,46344;401,295471;-776,593689
1237;12,37;;;;;;;;-0,357406;-0,008384;0,120558;-0,926098;377,552124;596,411377;-253,504868;-0,635171;0,361958;-0,183146;-0,657269;225,003265;437,893707;-272,100098;0,167781;-0,046545;-0,041114;-0,983866;327,466309;401,282471;-776,589844
1238;12,38;;;;;;;;-0,355321;-0,008773;0,121037;-0,926833;377,61322;596,92511;-253,754318;-0,634059;0,360922;-0,183469;-0,65882;225,172104;438,175934;-271,580292;0,16778;-0,046572;-0,041131;-0,983865;327,452789;401,28479;-776,596313
1239;12,39;;;;;;;;-0,353436;-0,009128;0,120764;-0,927586;377,682434;597,440613;-254,01088;-0,632995;0,359859;-0,183829;-0,660323;225,357681;438,458405;-271,053802;0,167777;-0,046552;-0,041128;-0,983866;327,467712;401,287567;-776,595825
1240;12,4;;;;;;;;-0,351587;-0,009458;0,120571;-0,92831;377,746094;597,947449;-254,266739;-0,631835;0,358784;-0,184037;-0,661958;225,523178;438,767975;-270,529388;0,167796;-0,046584;-0,041118;-0,983862;327,447388;401,271973;-776,598022
1241;12,41;;;;;;;;-0,349642;-0,009964;0,120385;-0,929063;377,812897;598,46936;-254,52829;-0,630695;0,3576;-0,184447;-0,66357;225,677811;439,081299;-270,017609;0,167824;-0,046643;-0,04116;-0,983852;327,416992;401,260864;-776,597778
1242;12,42;;;;;;;;-0,347522;-0,009841;0,120235;-0,929879;377,871155;598,999023;-254,794952;-0,629534;0,356407;-0,184857;-0,665198;225,855286;439,390961;-269,496735;0,167823;-0,046688;-0,041217;-0,983848;327,400299;401,270721;-776,614075
1243;12,43;;;;;;;;-0,345589;-0,009892;0,119989;-0,930631;377,935425;599,521484;-255,079514;-0,628375;0,355141;-0,185028;-0,666921;226,024246;439,703156;-268,980621;0,167827;-0,046805;-0,041289;-0,983839;327,33905;401,277313;-776,643372
1244;12,44;;;;;;;;-0,344187;-0,010869;0,115037;-0,931764;378,095154;600,033752;-255,384125;-0,627193;0,354098;-0,185714;-0,668397;226,19696;440,016174;-268,456451;0,167845;-0,046785;-0,041264;-0,983838;327,343323;401,263123;-776,638306
1245;12,45;;;;;;;;-0,343437;-0,013303;0,1047;-0,933227;378,4021;600,526794;-255,718582;-0,626006;0,352979;-0,185993;-0,670022;226,37822;440,329498;-267,927399;0,167868;-0,04682;-0,041307;-0,98383;327,325348;401,256958;-776,640015
1246;12,46;;;;;;;;-0,341319;-0,013636;0,104945;-0,933971;378,428345;601,038452;-255,98848;-0,624761;0,35174;-0,186395;-0,671721;226,529953;440,66684;-267,421906;0,167861;-0,046813;-0,041302;-0,983832;327,321411;401,261597;-776,646545
1247;12,47;;;;;;;;-0,339193;-0,013523;0,105509;-0,934683;378,476135;601,554016;-256,26062;-0,623551;0,35049;-0,186738;-0,673402;226,697937;441,002808;-266,905853;0,167862;-0,04684;-0,041324;-0,98383;327,310211;401,263611;-776,657043
1248;12,48;;;;;;;;-0,337054;-0,013814;0,106264;-0,935367;378,526794;602,080933;-256,53775;-0,622241;0,349416;-0,187215;-0,675037;226,859695;441,33374;-266,38266;0,167899;-0,046778;-0,041277;-0,983828;327,341614;401,233673;-776,632813
1249;12,49;;;;;;;;-0,334835;-0,013639;0,106657;-0,936122;378,577881;602,603088;-256,819061;-0,620997;0,34814;-0,187765;-0,676687;227,035385;441,667023;-265,856995;0,167921;-0,046823;-0,041292;-0,983822;327,315582;401,219452;-776,636902
1250;12,5;;;;;;;;-0,332696;-0,013762;0,106967;-0,936847;378,608246;603,115662;-257,104095;-0,619708;0,347204;-0,188134;-0,678245;227,195709;442,016907;-265,33728;0,167925;-0,046826;-0,041306;-0,98382;327,318146;401,21875;-776,641418
1251;12,51;;;;;;;;-0,330576;-0,013749;0,107115;-0,937581;378,65686;603,625977;-257,386261;-0,618409;0,346134;-0,188486;-0,679879;227,347504;442,388245;-264,819702;0,16795;-0,046783;-0,041269;-0,98382;327,342102;401,197845;-776,626282
1252;12,52;;;;;;;;-0,328366;-0,013717;0,107373;-0,938328;378,705627;604,145813;-257,677002;-0,617074;0,344887;-0,189238;-0,681515;227,503418;442,75531;-264,31778;0,167962;-0,046813;-0,041256;-0,983817;327,320435;401,184021;-776,631165
1253;12,53;;;;;;;;-0,326273;-0,01383;0,107879;-0,938998;378,768829;604,648621;-257,969696;-0,615666;0,343779;-0,18977;-0,683197;227,66452;443,130859;-263,80072;0,16797;-0,046802;-0,041259;-0,983816;327,332794;401,182281;-776,631348
1254;12,54;;;;;;;;-0,324225;-0,014044;0,108641;-0,939616;378,834351;605,14917;-258,254333;-0,614244;0,342672;-0,19005;-0,684954;227,810364;443,517792;-263,285736;0,167989;-0,046769;-0,041284;-0,983813;327,369202;401,180603;-776,626038
1255;12,55;;;;;;;;-0,322149;-0,014257;0,109454;-0,940232;378,864807;605,650024;-258,54248;-0,612791;0,341776;-0,190569;-0,686557;227,936111;443,914612;-262,785065;0,168029;-0,046782;-0,04123;-0,983808;327,347961;401,145172;-776,615112
1256;12,56;;;;;;;;-0,320075;-0,0142;0,108966;-0,940998;378,884918;606,14447;-258,832672;-0,611387;0,340739;-0,190974;-0,68821;228,073639;444,333313;-262,272278;0,168032;-0,046762;-0,041245;-0,983808;327,367676;401,151031;-776,619202
1257;12,57;;;;;;;;-0,31794;-0,013929;0,109046;-0,941716;378,924011;606,637573;-259,133392;-0,609848;0,339848;-0,1918;-0,689783;228,184998;444,7565;-261,785004;0,168041;-0,046681;-0,04121;-0,983811;327,4151;401,146301;-776,60553
1258;12,58;;;;;;;;-0,315782;-0,014089;0,109844;-0,942347;378,965485;607,134216;-259,427856;-0,60818;0,338886;-0,192754;-0,691462;228,293808;445,18512;-261,291779;0,168058;-0,046709;-0,041268;-0,983805;327,405121;401,14502;-776,61377
1259;12,59;;;;;;;;-0,313652;-0,014382;0,110521;-0,942975;379,017212;607,630737;-259,71582;-0,606532;0,337926;-0,193228;-0,693244;228,382782;445,632233;-260,800842;0,168077;-0,046708;-0,041234;-0,983803;327,398132;401,127838;-776,61145
1260;12,6;;;;;;;;-0,311597;-0,014313;0,110671;-0,943639;379,061157;608,116455;-260,01001;-0,604845;0,337111;-0,193978;-0,694904;228,450653;446,093201;-260,304443;0,168098;-0,046644;-0,041205;-0,983804;327,43396;401,114777;-776,596924
1261;12,61;;;;;;;;-0,309441;-0,014162;0,110888;-0,944325;379,092133;608,60498;-260,314789;-0,603227;0,336032;-0,194615;-0,696652;228,540039;446,566895;-259,802979;0,168107;-0,046671;-0,041208;-0,983801;327,407471;401,107361;-776,597168
1262;12,62;;;;;;;;-0,30731;-0,014004;0,110972;-0,945013;379,114014;609,106445;-260,623108;-0,601459;0,335236;-0,195314;-0,698367;228,619629;447,053375;-259,313477;0,168115;-0,046628;-0,041188;-0,983802;327,427826;401,100891;-776,592407
1263;12,63;;;;;;;;-0,305208;-0,014624;0,110725;-0,945713;379,14325;609,615173;-260,935272;-0,599614;0,334472;-0,195904;-0,700152;228,705444;447,550049;-258,805298;0,168134;-0,04662;-0,041163;-0,9838;327,425781;401,085297;-776,592285
1264;12,64;;;;;;;;-0,302936;-0,015557;0,110528;-0,946452;379,145569;610,11377;-261,244293;-0,597757;0,333664;-0,196648;-0,701915;228,796936;448,066437;-258,278046;0,168147;-0,046588;-0,041138;-0,983801;327,441284;401,076691;-776,586243
1265;12,65;;;;;;;;-0,300678;-0,015845;0,110691;-0,947148;379,184784;610,622314;-261,572906;-0,595819;0,332791;-0,197319;-0,703786;228,874969;448,590576;-257,761658;0,168181;-0,046575;-0,041152;-0,983795;327,452087;401,057892;-776,57605
1266;12,66;;;;;;;;-0,298429;-0,016557;0,111166;-0,947791;379,231934;611,135376;-261,904358;-0,593849;0,331844;-0,198305;-0,705619;228,972549;449,120575;-257,236725;0,168179;-0,046585;-0,041149;-0,983795;327,445068;401,058289;-776,582275
1267;12,67;;;;;;;;-0,29631;-0,016896;0,110791;-0,948494;379,255005;611,643799;-262,231812;-0,591996;0,330804;-0,199107;-0,707436;229,044373;449,66214;-256,722504;0,168204;-0,046535;-0,041135;-0,983794;327,481323;401,042664;-776,566162
1268;12,68;;;;;;;;-0,294032;-0,016916;0,110276;-0,949262;379,2854;612,154114;-262,569641;-0,590043;0,329782;-0,199899;-0,709319;229,128357;450,216949;-256,186951;0,168235;-0,046445;-0,041034;-0,983797;327,523041;401,00824;-776,540161
1269;12,69;;;;;;;;-0,291698;-0,016481;0,110603;-0,949951;379,349396;612,677124;-262,927429;-0,588072;0,329067;-0,200699;-0,71106;229,213562;450,780457;-255,662674;0,168231;-0,046474;-0,041017;-0,983797;327,50174;401,005402;-776,551147
1270;12,7;;;;;;;;-0,289488;-0,015672;0,111246;-0,950566;379,444214;613,222534;-263,280579;-0,585925;0,328331;-0,201451;-0,712957;229,283478;451,35672;-255,142807;0,168246;-0,046444;-0,040996;-0,983796;327,520935;400,994598;-776,541504
1271;12,71;;;;;;;;-0,287267;-0,015064;0,111617;-0,951206;379,502991;613,749207;-263,63147;-0,583924;0,327419;-0,202252;-0,714789;229,374939;451,9328;-254,616974;0,168263;-0,046388;-0,040965;-0,983797;327,551941;400,981812;-776,52771
1272;12,72;;;;;;;;-0,284836;-0,013194;0,113106;-0,951789;379,600769;614,266418;-264,01059;-0,58185;0,326359;-0,203303;-0,716665;229,455414;452,513153;-254,099106;0,168288;-0,046349;-0,040931;-0,983797;327,571289;400,96402;-776,514771
1273;12,73;;;;;;;;-0,282313;-0,012494;0,114416;-0,952393;379,6091;614,767029;-264,378876;-0,57978;0,325469;-0,204352;-0,718447;229,541306;453,104309;-253,583069;0,168306;-0,046261;-0,04083;-0,983802;327,609955;400,940155;-776,493408
1274;12,74;;;;;;;;-0,280126;-0,012186;0,11356;-0,953145;379,680878;615,313538;-264,757324;-0,577679;0,32466;-0,205069;-0,720298;229,608414;453,705902;-253,068146;0,1683;-0,046272;-0,040833;-0,983802;327,596466;400,94696;-776,502625
1275;12,75;;;;;;;;-0,278009;-0,012044;0,112941;-0,95384;379,763123;615,880005;-265,139771;-0,575488;0,323906;-0,206229;-0,722058;229,668015;454,305573;-252,572113;0,168335;-0,046181;-0,040775;-0,983803;327,641327;400,921753;-776,480469
1276;12,76;;;;;;;;-0,275409;-0,011806;0,115117;-0,954337;379,745483;616,359985;-265,507141;-0,573336;0,323081;-0,207366;-0,723812;229,723358;454,920319;-252,078476;0,16835;-0,046147;-0,040748;-0,983803;327,653931;400,91272;-776,474487
1277;12,77;;;;;;;;-0,273034;-0,01168;0,115199;-0,955011;379,785828;616,883484;-265,885834;-0,571212;0,322136;-0,208173;-0,725678;229,776031;455,531555;-251,591827;0,168362;-0,046087;-0,040723;-0,983805;327,684357;400,903046;-776,467346
1278;12,78;;;;;;;;-0,270677;-0,011028;0,115129;-0,955698;379,81604;617,398621;-266,262543;-0,569095;0,321231;-0,209056;-0,727487;229,845032;456,140289;-251,114639;0,168346;-0,046034;-0,040718;-0,98381;327,714905;400,916382;-776,468262
1279;12,79;;;;;;;;-0,268301;-0,010441;0,115359;-0,956346;379,878571;617,923828;-266,650085;-0,566881;0,320264;-0,209913;-0,729393;229,900055;456,739532;-250,645615;0,168404;-0,045968;-0,040652;-0,983806;327,743591;400,870819;-776,436523
1280;12,8;;;;;;;;-0,265977;-0,010622;0,114961;-0,957041;379,943298;618,430359;-267,040497;-0,564608;0,319768;-0,211035;-0,731048;229,955627;457,353943;-250,180725;0,168251;-0,046687;-0,041232;-0,983774;327,394165;401,027832;-776,6427
1281;12,81;;;;;;;;-0,263815;-0,011151;0,115238;-0,9576;380,011169;618,921753;-267,430908;-0,562468;0,318979;-0,211952;-0,732775;229,989899;457,970764;-249,732468;0,167893;-0,048346;-0,042645;-0,983695;326,615692;401,405548;-777,119873
1282;12,82;;;;;;;;-0,261797;-0,012039;0,117321;-0,95789;380,089996;619,390015;-267,829132;-0,560345;0,318013;-0,21281;-0,73457;230,052826;458,570343;-249,284592;0,168003;-0,047693;-0,04214;-0,98373;326,942078;401,286255;-776,952881
1283;12,83;;;;;;;;-0,259474;-0,01155;0,117613;-0,958492;380,121002;619,887024;-268,215759;-0,558196;0,317125;-0,213754;-0,736314;230,1082;459,160583;-248,847015;0,168178;-0,047195;-0,041659;-0,983745;327,166992;401,122559;-776,788025
1284;12,84;;;;;;;;-0,257056;-0,011181;0,117604;-0,959149;380,152649;620,377808;-268,598236;-0,55609;0,316363;-0,214646;-0,737974;230,158554;459,771576;-248,421524;0,168306;-0,04661;-0,041194;-0,98377;327,449921;400,997406;-776,626831
1285;12,85;;;;;;;;-0,254557;-0,010709;0,11646;-0,95996;380,184235;620,891479;-268,968933;-0,553979;0,315624;-0,215747;-0,739555;230,220718;460,383728;-247,988998;0,1684;-0,0462;-0,040812;-0,983789;327,63913;400,894928;-776,512634
1286;12,86;;;;;;;;-0,252332;-0,010386;0,116544;-0,960541;380,217987;621,384033;-269,358704;-0,551783;0,315055;-0,216683;-0,741164;230,271179;460,971954;-247,573547;0,168425;-0,046127;-0,040772;-0,98379;327,687958;400,877258;-776,491272
1287;12,87;;;;;;;;-0,250151;-0,009973;0,115786;-0,961207;380,254242;621,8703;-269,754395;-0,549631;0,314294;-0,217764;-0,742768;230,320572;461,568573;-247,16449;0,168434;-0,046095;-0,040734;-0,983792;327,704376;400,867523;-776,483948
1288;12,88;;;;;;;;-0,24775;-0,009537;0,114587;-0,961977;380,267914;622,366577;-270,128052;-0,547529;0,313391;-0,218596;-0,744455;230,391068;462,170135;-246,748779;0,168425;-0,046044;-0,040721;-0,983796;327,734528;400,87439;-776,483154
1289;12,89;;;;;;;;-0,245486;-0,009868;0,114383;-0,962578;380,304321;622,838684;-270,507477;-0,545392;0,312563;-0,219478;-0,746111;230,425705;462,762878;-246,369781;0,168434;-0,046055;-0,040702;-0,983795;327,721344;400,864594;-776,486145
1290;12,9;;;;;;;;-0,243021;-0,010113;0,115657;-0,963048;380,375702;623,30249;-270,899597;-0,543342;0,311679;-0,220566;-0,747654;230,456146;463,351074;-245,994461;0,168436;-0,046025;-0,04071;-0,983796;327,741302;400,868469;-776,480896
1291;12,91;;;;;;;;-0,24013;-0,011007;0,118296;-0,963443;380,486755;623,792358;-271,319275;-0,541231;0,310951;-0,221804;-0,74912;230,503372;463,940796;-245,606415;0,168449;-0,045941;-0,040634;-0,9838;327,777496;400,851013;-776,461304
1292;12,92;;;;;;;;-0,237939;-0,010439;0,118309;-0,963991;380,496277;624,253845;-271,69693;-0,539181;0,310263;-0,222364;-0,750716;230,530411;464,515747;-245,23497;0,168466;-0,045939;-0,040658;-0,983797;327,778748;400,844879;-776,457886
1293;12,93;;;;;;;;-0,235929;-0,010401;0,117649;-0,964566;380,51416;624,704224;-272,077881;-0,537049;0,309621;-0,223471;-0,752179;230,551575;465,105286;-244,890427;0,168459;-0,045932;-0,040636;-0,983799;327,769714;400,84552;-776,465088
1294;12,94;;;;;;;;-0,233884;-0,0104;0,116668;-0,965183;380,541534;625,15918;-272,465851;-0,53505;0,308693;-0,224407;-0,753705;230,597824;465,689148;-244,53067;0,168462;-0,045896;-0,040621;-0,983801;327,789856;400,846771;-776,462341
1295;12,95;;;;;;;;-0,231642;-0,009747;0,116097;-0,9658;380,552704;625,610474;-272,847198;-0,533064;0,307934;-0,225192;-0,755187;230,646973;466,271362;-244,171707;0,168484;-0,04587;-0,040596;-0,983799;327,799957;400,831238;-776,452515
1296;12,96;;;;;;;;-0,229503;-0,009235;0,115808;-0,96635;380,555084;626,054749;-273,22464;-0,531016;0,307336;-0,225967;-0,756641;230,676971;466,846283;-243,821777;0,168488;-0,046;-0,040733;-0,983787;327,73941;400,846313;-776,477844
1297;12,97;;;;;;;;-0,227388;-0,008968;0,115348;-0,966907;380,595032;626,488708;-273,606812;-0,528936;0,306723;-0,227123;-0,757999;230,713898;467,43103;-243,476639;0,168491;-0,046355;-0,040925;-0,983762;327,549042;400,863251;-776,554443
1298;12,98;;;;;;;;-0,225159;-0,00879;0,115447;-0,967418;380,641083;626,934265;-274,009216;-0,526863;0,305973;-0,2281;-0,759451;230,768784;468,02533;-243,135941;0,168472;-0,046856;-0,041357;-0,983723;327,328491;400,944214;-776,679626
1299;12,99;;;;;;;;-0,223057;-0,008324;0,115562;-0,967896;380,649017;627,375122;-274,392426;-0,524885;0,305089;-0,228689;-0,760998;230,793243;468,609589;-242,787537;0,168455;-0,047299;-0,041705;-0,98369;327,121094;401,005493;-776,77124
1300;13;;;;;;;;-0,221;-0,00839;0,114667;-0,968473;380,678894;627,806885;-274,78299;-0,522734;0,304543;-0,229808;-0,762359;230,830154;469,192383;-242,43396;0,168468;-0,046912;-0,041428;-0,983718;327,307129;400,958862;-776,682556
1301;13,01;;;;;;;;-0,21879;-0,008192;0,114576;-0,968987;380,727142;628,235962;-275,183105;-0,520694;0,303958;-0,230822;-0,763681;230,9039;469,77655;-242,103897;0,168558;-0,045068;-0,039984;-0,983849;328,199402;400,701843;-776,279297
1302;13,02;;;;;;;;-0,216498;-0,007934;0,114921;-0,969463;380,761322;628,656067;-275,56488;-0,518733;0,3029;-0,231387;-0,765263;230,93927;470,369659;-241,783203;0,168551;-0,045117;-0,039948;-0,983849;328,168365;400,697723;-776,289673
1303;13,03;;;;;;;;-0,214326;-0,007878;0,115069;-0,969929;380,790558;629,082764;-275,935059;-0,516691;0,302076;-0,232257;-0,766706;230,975021;470,939453;-241,444321;0,168575;-0,045074;-0,040013;-0,983844;328,206909;400,697449;-776,262939
1304;13,04;;;;;;;;-0,212272;-0,007826;0,11445;-0,970454;380,843628;629,499084;-276,33493;-0,514639;0,301513;-0,233284;-0,767994;231,025116;471,521027;-241,119476;0,168562;-0,04503;-0,039932;-0,983852;328,214661;400,69519;-776,260498
1305;13,05;;;;;;;;-0,210178;-0,007659;0,114495;-0,970906;380,894775;629,910522;-276,744019;-0,512677;0,300932;-0,23425;-0,769239;231,072601;472,104279;-240,810425;0,168571;-0,045034;-0,039869;-0,983853;328,210297;400,675812;-776,263062
1306;13,06;;;;;;;;-0,20803;-0,007617;0,114827;-0,971329;380,930115;630,333191;-277,136963;-0,51061;0,300047;-0,235032;-0,77072;231,099426;472,683258;-240,501587;0,168576;-0,045106;-0,039986;-0,983844;328,183655;400,690735;-776,278198
1307;13,07;;;;;;;;-0,205866;-0,00786;0,114792;-0,971792;380,926392;630,754639;-277,531708;-0,508551;0,299355;-0,235907;-0,772082;231,128952;473,260773;-240,188904;0,168607;-0,045115;-0,040025;-0,983837;328,175842;400,676086;-776,270264
1308;13,08;;;;;;;;-0,203675;-0,007542;0,11496;-0,972236;380,939819;631,167603;-277,936279;-0,506534;0,298733;-0,236586;-0,77344;231,177841;473,86911;-239,877853;0,1686;-0,045124;-0,039978;-0,983839;328,159821;400,67627;-776,276733
1309;13,09;;;;;;;;-0,20144;-0,007107;0,115289;-0,972666;380,985077;631,57489;-278,338165;-0,504516;0,298119;-0,237566;-0,774694;231,228607;474,458527;-239,566544;0,168645;-0,045122;-0,039837;-0,983837;328,133331;400,60498;-776,259888
1310;13,1;;;;;;;;-0,199375;-0,007274;0,115038;-0,97312;381,033142;631,982178;-278,734924;-0,502405;0,297236;-0,23836;-0,77616;231,247696;475,034424;-239,256393;0,168703;-0,045085;-0,03961;-0,983838;328,098358;400,482178;-776,229553
1311;13,11;;;;;;;;-0,197299;-0,007543;0,114741;-0,973576;381,095245;632,379333;-279,144135;-0,500437;0,2965;-0,239082;-0,77749;231,280182;475,612;-238,972275;0,168674;-0,045229;-0,039715;-0,983833;328,018799;400,520264;-776,271851
1312;13,12;;;;;;;;-0,195163;-0,007573;0,114733;-0,974007;381,121643;632,772766;-279,554016;-0,498408;0,295771;-0,239876;-0,778825;231,341156;476,199829;-238,668762;0,168665;-0,04546;-0,039854;-0,983818;327,903687;400,547821;-776,316772
1313;13,13;;;;;;;;-0,192984;-0,00743;0,115138;-0,974395;381,13266;633,167053;-279,934845;-0,49644;0,295053;-0,240692;-0,780102;231,375809;476,786041;-238,368866;0,168649;-0,045479;-0,040078;-0,98381;327,942505;400,60611;-776,319275
1314;13,14;;;;;;;;-0,191138;-0,00714;0,115379;-0,974732;381,16452;633,571106;-280,327148;-0,49449;0,294228;-0,241301;-0,781462;231,429489;477,351898;-238,084076;0,168633;-0,045559;-0,040233;-0,983803;327,918457;400,652954;-776,341736
1315;13,15;;;;;;;;-0,189747;-0,0067;0,115448;-0,974999;381,232452;633,985168;-280,74707;-0,492422;0,293578;-0,242184;-0,782739;231,464172;477,924469;-237,806641;0,168609;-0,045631;-0,040317;-0,983801;327,899078;400,689514;-776,366699
1316;13,16;;;;;;;;-0,187556;-0,006819;0,115716;-0,97539;381,276611;634,349426;-281,142059;-0,490497;0,292855;-0,243122;-0,783926;231,515732;478,505005;-237,524139;0,168576;-0,045709;-0,040526;-0,983794;327,899719;400,753204;-776,393799
1317;13,17;;;;;;;;-0,185437;-0,006962;0,115588;-0,97581;381,319031;634,726929;-281,535309;-0,488571;0,292166;-0,243977;-0,78512;231,564255;479,074615;-237,242615;0,16857;-0,045725;-0,040666;-0,983788;327,915375;400,789856;-776,398926
1318;13,18;;;;;;;;-0,183261;-0,007148;0,115656;-0,976211;381,363617;635,099976;-281,919434;-0,48662;0,291489;-0,244478;-0,786426;231,610626;479,636353;-236,977753;0,168541;-0,045797;-0,040699;-0,983789;327,879944;400,816742;-776,420227
1319;13,19;;;;;;;;-0,181221;-0,007065;0,115598;-0,976599;381,404694;635,467285;-282,31073;-0,484632;0,29067;-0,244888;-0,787828;231,651276;480,207275;-236,709732;0,168552;-0,045756;-0,040687;-0,983789;327,913086;400,812805;-776,413574
1320;13,2;;;;;;;;-0,179213;-0,007028;0,115301;-0,977005;381,426331;635,832092;-282,706909;-0,482749;0,289983;-0,245999;-0,78889;231,699768;480,784302;-236,44754;0,168555;-0,045793;-0,040765;-0,983784;327,902954;400,823334;-776,424011
1321;13,21;;;;;;;;-0,177191;-0,007155;0,115299;-0,977373;381,42511;636,196472;-283,100281;-0,480861;0,289222;-0,246716;-0,790098;231,746979;481,347687;-236,183319;0,168558;-0,045831;-0,040763;-0,983781;327,873291;400,82019;-776,427917
1322;13,22;;;;;;;;-0,17506;-0,00716;0,115689;-0,977711;381,458405;636,551025;-283,47998;-0,478959;0,288404;-0,246977;-0,79147;231,792435;481,897827;-235,93483;0,168546;-0,045813;-0,040762;-0,983785;327,888;400,833069;-776,429565
1323;13,23;;;;;;;;-0,17305;-0,007287;0,115884;-0,978045;381,503815;636,895081;-283,862213;-0,477127;0,287642;-0,247723;-0,792619;231,832306;482,446167;-235,685867;0,168543;-0,045911;-0,040828;-0,983778;327,82782;400,841644;-776,444214
1324;13,24;;;;;;;;-0,171035;-0,007262;0,115639;-0,978428;381,533142;637,238586;-284,251953;-0,475262;0,287068;-0,2489;-0,793578;231,866791;483,006012;-235,438049;0,16854;-0,045987;-0,040868;-0,983773;327,776428;400,84726;-776,458862
1325;13,25;;;;;;;;-0,168922;-0,007202;0,115105;-0,978859;381,55426;637,587097;-284,637665;-0,473427;0,286435;-0,249363;-0,794758;231,900574;483,545685;-235,201309;0,168552;-0,045971;-0,040828;-0,983773;327,774292;400,830933;-776,455017
1326;13,26;;;;;;;;-0,166888;-0,007134;0,115356;-0,979179;381,559723;637,932678;-285,018799;-0,471539;0,285789;-0,249674;-0,796014;231,933685;484,087524;-234,969879;0,168547;-0,045956;-0,040823;-0,983775;327,782471;400,834686;-776,45459
1327;13,27;;;;;;;;-0,164988;-0,006946;0,115676;-0,979464;381,57428;638,266418;-285,391388;-0,469748;0,284904;-0,250302;-0,797193;231,979279;484,636139;-234,733566;0,168561;-0,045967;-0,040818;-0,983772;327,770386;400,822815;-776,448608
1328;13,28;;;;;;;;-0,163229;-0,007384;0,115718;-0,979751;381,625366;638,589844;-285,772064;-0,467923;0,284246;-0,251105;-0,798248;232,020279;485,174774;-234,491791;0,168512;-0,046034;-0,040776;-0,983779;327,709381;400,840485;-776,474304
1329;13,29;;;;;;;;-0,161684;-0,007732;0,117463;-0,979796;381,701141;638,880798;-286,145599;-0,466183;0,28357;-0,251987;-0,799227;232,062668;485,721283;-234,273987;0,168521;-0,046082;-0,040757;-0,983776;327,679443;400,823456;-776,480225
1330;13,3;;;;;;;;-0,159344;-0,006717;0,120566;-0,97981;381,667572;639,208252;-286,502045;-0,464393;0,282978;-0,252529;-0,800307;232,112259;486,244446;-234,058426;0,168538;-0,046139;-0,040724;-0,983772;327,638855;400,796906;-776,483887
1331;13,31;;;;;;;;-0,156065;-0,003145;0,130329;-0,979106;381,442413;639,557251;-286,804077;-0,462552;0,282328;-0,253041;-0,801441;232,154877;486,77182;-233,839127;0,168515;-0,046075;-0,040536;-0,983787;327,645691;400,774017;-776,472656
1332;13,32;;;;;;;;-0,154268;-0,003081;0,130011;-0,979433;381,486115;639,866882;-287,171204;-0,460778;0,281507;-0,253525;-0,802597;232,215103;487,306763;-233,603592;0,168513;-0,04602;-0,04032;-0,983799;327,643127;400,729218;-776,458923
1333;13,33;;;;;;;;-0,15244;-0,003131;0,129908;-0,979733;381,525024;640,175476;-287,542358;-0,459138;0,280697;-0,254164;-0,803619;232,278641;487,838928;-233,390411;0,168506;-0,045953;-0,040109;-0,983812;327,655121;400,690308;-776,447266
1334;13,34;;;;;;;;-0,150658;-0,003067;0,129722;-0,980033;381,54837;640,480164;-287,921936;-0,457411;0,279994;-0,254524;-0,804733;232,321182;488,360992;-233,190231;0,168525;-0,04658;-0,040275;-0,983772;327,281708;400,67392;-776,555054
1335;13,35;;;;;;;;-0,148899;-0,003511;0,129178;-0,980372;381,610748;640,795959;-288,314026;-0,455524;0,279312;-0,255016;-0,805884;232,355988;488,902161;-232,976822;0,168495;-0,048117;-0,041521;-0,983651;326,560028;400,879089;-776,884888
1336;13,36;;;;;;;;-0,14725;-0,004459;0,1267;-0,980941;381,730316;641,134766;-288,726166;-0,45373;0,278742;-0,255837;-0,806833;232,40181;489,447479;-232,765701;0,168506;-0,048109;-0,042125;-0,983624;326,691315;401,015259;-776,900269
1337;13,37;;;;;;;;-0,145544;-0,004765;0,125674;-0,981326;381,787231;641,447693;-289,12735;-0,451963;0,277967;-0,256371;-0,807922;232,448257;490,004547;-232,558426;0,168555;-0,047976;-0,041843;-0,983635;326,719879;400,935211;-776,851868
1338;13,38;;;;;;;;-0,14384;-0,005119;0,124083;-0,981778;381,846863;641,760132;-289,529144;-0,450157;0,277211;-0,256936;-0,80901;232,497925;490,5578;-232,342438;0,168609;-0,047806;-0,04153;-0,983647;326,758606;400,847198;-776,79071
1339;13,39;;;;;;;;-0,141994;-0,005099;0,123934;-0,982065;381,88504;642,074585;-289,92804;-0,448237;0,276324;-0,257098;-0,810327;232,538849;491,114868;-232,125351;0,168771;-0,047541;-0,04071;-0,983666;326,756317;400,596466;-776,659729
1340;13,4;;;;;;;;-0,14009;-0,005503;0,123504;-0,982391;381,915924;642,403015;-290,338867;-0,446363;0,275632;-0,257972;-0,811319;232,580032;491,676086;-231,921371;0,169044;-0,047236;-0,039336;-0,98369;326,671783;400,163361;-776,46698
1341;13,41;;;;;;;;-0,138315;-0,006061;0,122953;-0,982708;381,958344;642,730957;-290,761353;-0,444485;0,274903;-0,258791;-0,812335;232,622955;492,259827;-231,711929;0,168677;-0,047322;-0,040736;-0,983692;326,886353;400,636414;-776,661011
1342;13,42;;;;;;;;-0,136396;-0,005977;0,122787;-0,982997;381,991394;643,043274;-291,181671;-0,442607;0,274265;-0,259387;-0,813386;232,670868;492,843933;-231,500626;0,168696;-0,047222;-0,040717;-0,983694;326,938354;400,622498;-776,635986
1343;13,43;;;;;;;;-0,134395;-0,005961;0,122867;-0,983263;382,040955;643,361206;-291,597321;-0,440588;0,273426;-0,259927;-0,814591;232,72583;493,433472;-231,290787;0,168696;-0,047112;-0,040616;-0,983703;326,991547;400,60733;-776,616516
1344;13,44;;;;;;;;-0,132465;-0,005999;0,122369;-0,983587;382,088715;643,682739;-292,014771;-0,438694;0,27251;-0,260428;-0,815759;232,792374;494,028564;-231,071808;0,168702;-0,046924;-0,040423;-0,983719;327,076324;400,57486;-776,570435
1345;13,45;;;;;;;;-0,130421;-0,006167;0,12177;-0,983933;382,129547;644,000244;-292,428772;-0,436798;0,271646;-0,260806;-0,816944;232,847366;494,63092;-230,852722;0,168676;-0,04689;-0,040404;-0,983726;327,09079;400,588135;-776,568176
1346;13,46;;;;;;;;-0,128597;-0,006277;0,121595;-0,984194;382,166321;644,300415;-292,85495;-0,434853;0,270889;-0,261333;-0,818063;232,909836;495,22287;-230,641541;0,168668;-0,046863;-0,040436;-0,983728;327,120697;400,599579;-776,56189
1347;13,47;;;;;;;;-0,12659;-0,006348;0,122213;-0,984377;382,203186;644,607849;-293,277313;-0,432904;0,270084;-0,262043;-0,819135;232,980743;495,825775;-230,436981;0,168669;-0,04687;-0,040356;-0,98373;327,102173;400,581757;-776,55957
1348;13,48;;;;;;;;-0,124566;-0,0063;0,122423;-0,98461;382,240936;644,928345;-293,689392;-0,430951;0,269261;-0,262218;-0,820379;233,030258;496,428986;-230,23848;0,168653;-0,046896;-0,040377;-0,983731;327,087921;400,595612;-776,569763
1349;13,49;;;;;;;;-0,12247;-0,006124;0,122355;-0,984882;382,265991;645,247314;-294,116333;-0,429011;0,268404;-0,262726;-0,821513;233,096985;497,033844;-230,031769;0,16866;-0,046827;-0,040364;-0,983734;327,138062;400,593231;-776,555481
1350;13,5;;;;;;;;-0,120395;-0,005724;0,122787;-0,985087;382,289246;645,554077;-294,547424;-0,427084;0,267566;-0,263244;-0,822624;233,181641;497,652771;-229,82518;0,168658;-0,046809;-0,040349;-0,983735;327,151031;400,59491;-776,552551
1351;13,51;;;;;;;;-0,118541;-0,005558;0,123465;-0,985228;382,308289;645,862244;-294,970215;-0,425126;0,266651;-0,263767;-0,823767;233,239227;498,244049;-229,631256;0,16865;-0,046787;-0,040294;-0,98374;327,153107;400,591736;-776,549072
1352;13,52;;;;;;;;-0,116512;-0,005491;0,123834;-0,985424;382,320923;646,166626;-295,388794;-0,423099;0,265913;-0,264447;-0,824831;233,287994;498,847839;-229,437256;0,168661;-0,046823;-0,040336;-0,983735;327,134857;400,590973;-776,55249
1353;13,53;;;;;;;;-0,114435;-0,005433;0,124656;-0,985564;382,338531;646,4729;-295,812622;-0,421188;0,265272;-0,264988;-0,825841;233,346024;499,457611;-229,251953;0,168654;-0,046855;-0,040338;-0,983734;327,110962;400,595337;-776,562927
1354;13,54;;;;;;;;-0,112411;-0,005232;0,124928;-0,985763;382,331085;646,773193;-296,224854;-0,419242;0,264444;-0,265381;-0,826969;233,400558;500,052216;-229,06781;0,168668;-0,04686;-0,040339;-0,983732;327,106232;400,586212;-776,556824
1355;13,55;;;;;;;;-0,110497;-0,004943;0,125482;-0,985911;382,34198;647,063171;-296,633331;-0,417366;0,263634;-0,265588;-0,82811;233,437317;500,639496;-228,897308;0,168658;-0,046846;-0,040432;-0,98373;327,12558;400,612762;-776,558777
1356;13,56;;;;;;;;-0,108592;-0,004467;0,126061;-0,986051;382,349182;647,342529;-297,040894;-0,415463;0,26276;-0,26608;-0,829186;233,492874;501,218811;-228,716843;0,168646;-0,046841;-0,040371;-0,983735;327,11084;400,611084;-776,562012
1357;13,57;;;;;;;;-0,106614;-0,004142;0,126346;-0,986232;382,359558;647,620117;-297,44165;-0,413672;0,261915;-0,266448;-0,83023;233,56015;501,785889;-228,539597;0,168748;-0,046778;-0,039734;-0,983747;327,023193;400,412811;-776,494263
1358;13,58;;;;;;;;-0,104359;-0,003821;0,127527;-0,986322;382,355499;647,901489;-297,841339;-0,411818;0,261348;-0,266893;-0,831187;233,605316;502,362183;-228,378296;0,169011;-0,046556;-0,03797;-0,983782;326,795807;399,88504;-776,305176
1359;13,59;;;;;;;;-0,102464;-0,003584;0,128569;-0,986387;382,350861;648,17572;-298,240875;-0,410003;0,260521;-0,267443;-0,832166;233,655807;502,931;-228,221634;0,168958;-0,046619;-0,038891;-0,983752;326,948059;400,114868;-776,36322
1360;13,6;;;;;;;;-0,100697;-0,003458;0,129194;-0,986487;382,361023;648,446899;-298,649139;-0,408107;0,259779;-0,26794;-0,83317;233,715897;503,494202;-228,060486;0,168934;-0,046675;-0,039091;-0,983745;326,957367;400,172852;-776,392212
1361;13,61;;;;;;;;-0,09884;-0,003186;0,129527;-0,986632;382,379272;648,709595;-299,046631;-0,406241;0,259082;-0,268465;-0,834129;233,769638;504,067596;-227,906265;0,168924;-0,046751;-0,039178;-0,98374;326,927551;400,192566;-776,41394
1362;13,62;;;;;;;;-0,09688;-0,002664;0,129907;-0,986778;382,380035;648,9823;-299,440063;-0,404492;0,258377;-0,268976;-0,835033;233,845474;504,638367;-227,741089;0,168957;-0,046745;-0,039101;-0,983738;326,913757;400,154449;-776,39563
1363;13,63;;;;;;;;-0,094813;-0,002406;0,130967;-0,98684;382,398865;649,250061;-299,83316;-0,4026;0,257458;-0,26916;-0,836171;233,902634;505,207764;-227,591644;0,16893;-0,046708;-0,038964;-0,983749;326,913696;400,149292;-776,396423
1364;13,64;;;;;;;;-0,092876;-0,002166;0,132111;-0,986872;382,406708;649,517151;-300,24408;-0,400793;0,256729;-0,269438;-0,837173;233,961197;505,770691;-227,444016;0,16896;-0,046717;-0,038941;-0,983745;326,912292;400,124237;-776,389038
1365;13,65;;;;;;;;-0,091012;-0,001969;0,132976;-0,98693;382,398132;649,782288;-300,656189;-0,398897;0,255934;-0,269599;-0,83827;234,031219;506,370117;-227,290237;0,168987;-0,046737;-0,038959;-0,983738;326,907959;400,106567;-776,382568
1366;13,66;;;;;;;;-0,088957;-0,00185;0,133317;-0,987071;382,396332;650,04834;-301,067474;-0,397046;0,255284;-0,270351;-0,839104;234,090775;506,948883;-227,132614;0,168969;-0,046749;-0,039008;-0,983739;326,910645;400,128693;-776,392883
1367;13,67;;;;;;;;-0,086944;-0,001532;0,134209;-0,98713;382,389221;650,320068;-301,471771;-0,395108;0,254336;-0,270866;-0,84014;234,14801;507,537964;-226,985596;0,168955;-0,046711;-0,039012;-0,983743;326,939331;400,143494;-776,391113
1368;13,68;;;;;;;;-0,085358;-0,003042;0,131316;-0,987654;382,475677;650,579834;-301,918793;-0,393172;0,253581;-0,271448;-0,841088;234,203735;508,153442;-226,835327;0,16894;-0,046769;-0,039204;-0,983735;326,938538;400,187805;-776,407593
1369;13,69;;;;;;;;-0,085331;-0,00899;0,118619;-0,989226;382,835388;650,812622;-302,465973;-0,391217;0,252826;-0,271685;-0,84215;234,264801;508,76593;-226,689514;0,168918;-0,046794;-0,039361;-0,983732;326,949829;400,233521;-776,424683
1370;13,7;;;;;;;;-0,083347;-0,009247;0,118521;-0,989404;382,855438;651,078491;-302,911133;-0,389276;0,252086;-0,272076;-0,843144;234,325684;509,393799;-226,553741;0,168879;-0,046778;-0,039471;-0,983735;326,979553;400,286285;-776,443359
1371;13,71;;;;;;;;-0,081255;-0,009496;0,118842;-0,989537;382,865479;651,348022;-303,345673;-0,38721;0,251179;-0,272623;-0,844188;234,382294;510,021637;-226,402069;0,168859;-0,046825;-0,039762;-0,983724;327,008514;400,356354;-776,468994
1372;13,72;;;;;;;;-0,07912;-0,009723;0,119159;-0,98967;382,836823;651,613708;-303,776398;-0,38519;0,250229;-0,272979;-0,845279;234,43811;510,651642;-226,242065;0,168798;-0,046914;-0,04;-0,983721;326,988525;400,438477;-776,508118
1373;13,73;;;;;;;;-0,076932;-0,009488;0,120043;-0,989738;382,787292;651,865356;-304,210938;-0,383252;0,249427;-0,2734;-0,84626;234,493195;511,290436;-226,102859;0,168758;-0,046932;-0,040107;-0,983722;326,991791;400,484619;-776,532837
1374;13,74;;;;;;;;-0,074633;-0,007578;0,124951;-0,989323;382,682556;652,091675;-304,63739;-0,381133;0,248647;-0,273622;-0,847374;234,575729;511,930481;-225,972687;0,168833;-0,046889;-0,039905;-0,98372;326,984924;400,412659;-776,493042
1375;13,75;;;;;;;;-0,072625;-0,008039;0,124723;-0,989498;382,708954;652,35907;-305,090393;-0,379082;0,247807;-0,274025;-0,848409;234,624954;512,570251;-225,832001;0,169104;-0,046751;-0,038644;-0,98373;326,822632;400,027649;-776,319641
1376;13,76;;;;;;;;-0,070835;-0,008606;0,122977;-0,989841;382,787415;652,644165;-305,562561;-0,376973;0,246924;-0,274605;-0,849418;234,684906;513,237183;-225,690887;0,169041;-0,046759;-0,038916;-0,98373;326,869873;400,121704;-776,347534
1377;13,77;;;;;;;;-0,069369;-0,006045;0,123085;-0,98995;382,890686;652,929565;-306,065979;-0,374996;0,246122;-0,274886;-0,850435;234,761566;513,88562;-225,565094;0,169005;-0,046823;-0,039146;-0,983724;326,878906;400,187836;-776,387207
1378;13,78;;;;;;;;-0,067484;-0,006099;0,123159;-0,990071;382,923584;653,199036;-306,534698;-0,372861;0,245296;-0,275672;-0,851357;234,853729;514,539429;-225,42572;0,168916;-0,046885;-0,039386;-0,983727;326,893463;400,289917;-776,436157
1379;13,79;;;;;;;;-0,065481;-0,006042;0,123254;-0,990194;382,952393;653,466248;-306,994629;-0,370753;0,24442;-0,275873;-0,852464;234,906387;515,190369;-225,291016;0,168865;-0,046908;-0,039671;-0,983723;326,937836;400,37793;-776,460754
1380;13,8;;;;;;;;-0,063536;-0,006227;0,122676;-0,990391;383,004944;653,726624;-307,470551;-0,368778;0,243464;-0,276256;-0,85347;234,972504;515,853943;-225,165833;0,168795;-0,046912;-0,039897;-0,983725;326,98114;400,469269;-776,496765
1381;13,81;;;;;;;;-0,061778;-0,007667;0,119883;-0,990834;383,116913;654,001099;-307,973785;-0,366764;0,242556;-0,276547;-0,854502;235,06929;516,525879;-225,039459;0,168757;-0,046897;-0,040046;-0,983727;327,032043;400,523376;-776,516479
1382;13,82;;;;;;;;-0,060045;-0,007789;0,119546;-0,990981;383,138428;654,258972;-308,444061;-0,364571;0,241694;-0,276941;-0,855556;235,133743;517,173889;-224,92749;0,168716;-0,047012;-0,040415;-0,983713;327,034149;400,613953;-776,564453
1383;13,83;;;;;;;;-0,058052;-0,007907;0,119195;-0,991141;383,133881;654,517578;-308,898956;-0,362529;0,240851;-0,277444;-0,856498;235,195389;517,816223;-224,807968;0,168665;-0,047024;-0,040611;-0,983713;327,056122;400,685089;-776,590759
1384;13,84;;;;;;;;-0,056115;-0,007943;0,119398;-0,991228;383,154633;654,771179;-309,360504;-0,360432;0,239978;-0,277732;-0,857534;235,249161;518,479187;-224,71022;0,168616;-0,04701;-0,040754;-0,983716;327,09021;400,747986;-776,612732
1385;13,85;;;;;;;;-0,054216;-0,008141;0,119764;-0,991288;383,185364;655,017456;-309,822723;-0,358509;0,239226;-0,277894;-0,858497;235,312164;519,119202;-224,607727;0,168565;-0,047036;-0,040973;-0,983715;327,120575;400,823364;-776,647156
1386;13,86;;;;;;;;-0,052391;-0,008087;0,11948;-0,99142;383,203278;655,258789;-310,28714;-0,356396;0,238324;-0,278524;-0,859423;235,365387;519,756287;-224,508224;0,168535;-0,04707;-0,04117;-0,98371;327,128296;400,875946;-776,66626
1387;13,87;;;;;;;;-0,050627;-0,008146;0,118545;-0,991624;383,223206;655,506958;-310,760925;-0,35434;0,237498;-0,278963;-0,860359;235,425827;520,384949;-224,406555;0,168507;-0,047044;-0,041224;-0,983714;327,149841;400,904755;-776,676453
1388;13,88;;;;;;;;-0,048704;-0,008117;0,118195;-0,991762;383,246796;655,743225;-311,21402;-0,352332;0,236639;-0,279539;-0,861233;235,494568;521,027283;-224,322495;0,168487;-0,047036;-0,041284;-0,983715;327,168915;400,930115;-776,685852
1389;13,89;;;;;;;;-0,046786;-0,00836;0,118639;-0,991799;383,257416;655,981812;-311,674683;-0,35028;0,235806;-0,279678;-0,862253;235,566055;521,678345;-224,221878;0,168479;-0,047044;-0,041397;-0,983711;327,18689;400,955811;-776,692688
1390;13,9;;;;;;;;-0,044939;-0,008707;0,118748;-0,991869;383,263062;656,21283;-312,140228;-0,348182;0,234915;-0,280125;-0,8632;235,615189;522,324463;-224,129074;0,168454;-0,047017;-0,04142;-0,983716;327,206299;400,976624;-776,694153
1391;13,91;;;;;;;;-0,043036;-0,008523;0,118464;-0,991989;383,296539;656,445374;-312,620575;-0,346169;0,234049;-0,280359;-0,864168;235,691696;522,982117;-224,048538;0,168429;-0,047;-0,041441;-0,98372;327,226227;400,99704;-776,707703
1392;13,92;;;;;;;;-0,041236;-0,008258;0,118565;-0,992055;383,331726;656,677246;-313,087372;-0,343998;0,233233;-0,280775;-0,86512;235,772705;523,635376;-223,965485;0,168432;-0,047092;-0,041507;-0,983712;327,184387;401,000397;-776,728027
1393;13,93;;;;;;;;-0,039411;-0,008323;0,118395;-0,992149;383,336853;656,911133;-313,549286;-0,341944;0,23236;-0,281089;-0,866067;235,853165;524,297241;-223,874329;0,1684;-0,047112;-0,041529;-0,983716;327,174896;401,025208;-776,742798
1394;13,94;;;;;;;;-0,037449;-0,008634;0,118462;-0,992215;383,358643;657,148987;-314,02774;-0,339779;0,231397;-0,281523;-0,867035;235,924576;524,973389;-223,792084;0,168408;-0,047087;-0,041519;-0,983716;327,192627;401,018433;-776,73175
1395;13,95;;;;;;;;-0,035558;-0,008845;0,119027;-0,992215;383,414246;657,371765;-314,512756;-0,33766;0,230577;-0,282009;-0,867923;236,004837;525,640198;-223,71051;0,168379;-0,047104;-0,041519;-0,98372;327,189819;401,037994;-776,74469
1396;13,96;;;;;;;;-0,033729;-0,008737;0,118802;-0,992307;383,424927;657,588745;-314,971558;-0,335437;0,229794;-0,282406;-0,868863;236,078033;526,315674;-223,638458;0,168399;-0,04708;-0,041525;-0,983718;327,213806;401,027863;-776,729919
1397;13,97;;;;;;;;-0,031852;-0,008618;0,118696;-0,992382;383,43158;657,812012;-315,44516;-0,333313;0,22897;-0,282607;-0,869832;236,140793;526,984436;-223,563858;0,168381;-0,047091;-0,041546;-0,98372;327,209106;401,042206;-776,736145
1398;13,98;;;;;;;;-0,030048;-0,008527;0,118475;-0,992466;383,45755;658,036011;-315,93573;-0,331102;0,228085;-0,283202;-0,870715;236,206818;527,671021;-223,502167;0,168375;-0,047043;-0,041517;-0,983724;327,238281;401,044586;-776,730042
1399;13,99;;;;;;;;-0,02821;-0,00882;0,118942;-0,992461;383,49707;658,255249;-316,414917;-0,328884;0,227223;-0,283522;-0,871677;236,283676;528,350159;-223,428558;0,168359;-0,047045;-0,041541;-0,983726;327,240753;401,058655;-776,736694
1400;14;;;;;;;;-0,02615;-0,008933;0,119766;-0,992418;383,526764;658,489014;-316,901611;-0,326632;0,226313;-0,28404;-0,872591;236,348953;529,040649;-223,364197;0,168353;-0,047046;-0,041537;-0,983727;327,234619;401,061401;-776,738892
1401;14,01;;;;;;;;-0,024204;-0,008972;0,118804;-0,992582;383,521393;658,716919;-317,384552;-0,324437;0,225481;-0,284418;-0,873502;236,403595;529,728638;-223,318039;0,168356;-0,047033;-0,041557;-0,983726;327,239349;401,062195;-776,739624
1402;14,02;;;;;;;;-0,021909;-0,009133;0,118043;-0,992725;383,529999;658,978333;-317,894135;-0,322214;0,224577;-0,284558;-0,874512;236,473495;530,425537;-223,269745;0,168349;-0,04708;-0,041577;-0,983724;327,208191;401,068634;-776,751953
1403;14,03;;;;;;;;-0,020133;-0,00902;0,118353;-0,992727;383,548492;659,188416;-318,370728;-0,320033;0,223669;-0,284935;-0,875422;236,525742;531,110962;-223,228455;0,168351;-0,047091;-0,041586;-0,983723;327,200714;401,070465;-776,753357
1404;14,04;;;;;;;;-0,018361;-0,008786;0,118438;-0,992753;383,570953;659,392822;-318,85965;-0,317851;0,222675;-0,285473;-0,876295;236,587372;531,80481;-223,188049;0,16834;-0,047058;-0,041582;-0,983727;327,221405;401,0802;-776,752136
1405;14,05;;;;;;;;-0,016626;-0,008832;0,118679;-0,992754;383,598236;659,598755;-319,352142;-0,315617;0,2217;-0,285947;-0,877194;236,653839;532,494324;-223,140839;0,168352;-0,047043;-0,041558;-0,983726;327,221466;401,070679;-776,745361
1406;14,06;;;;;;;;-0,01495;-0,009074;0,11865;-0,992782;383,616058;659,810547;-319,830902;-0,313394;0,220841;-0,286143;-0,878143;236,732269;533,183716;-223,102753;0,168357;-0,047088;-0,04165;-0,983719;327,214691;401,08136;-776,753662
1407;14,07;;;;;;;;-0,013144;-0,009118;0,118622;-0,992811;383,631836;660,010254;-320,308533;-0,31111;0,21993;-0,286673;-0,879011;236,802994;533,883118;-223,061157;0,168338;-0,047059;-0,041626;-0,983725;327,228149;401,091705;-776,75061
1408;14,08;;;;;;;;-0,011295;-0,009199;0,118923;-0,992797;383,658325;660,210876;-320,803436;-0,308926;0,218932;-0,287041;-0,87991;236,874268;534,57312;-223,032776;0,168293;-0,047097;-0,041581;-0,983733;327,192688;401,112152;-776,77002
1409;14,09;;;;;;;;-0,00959;-0,00905;0,119461;-0,992751;383,695618;660,403259;-321,288055;-0,306712;0,218053;-0,287182;-0,880856;236,95192;535,279724;-223,005692;0,168307;-0,047059;-0,04159;-0,983732;327,229309;401,107727;-776,758911
1410;14,1;;;;;;;;-0,007926;-0,008984;0,119208;-0,992797;383,715607;660,5896;-321,770874;-0,304584;0,216942;-0,287447;-0,881782;237,030243;535,973694;-222,980743;0,168315;-0,047054;-0,041628;-0,983729;327,243866;401,110718;-776,756165
1411;14,11;;;;;;;;-0,006338;-0,008724;0,119255;-0,992805;383,757477;660,79126;-322,267761;-0,302255;0,216099;-0,288007;-0,882607;237,095459;536,66449;-222,951294;0,168289;-0,047003;-0,041595;-0,983737;327,275909;401,124084;-776,754395
1412;14,12;;;;;;;;-0,005203;-0,006696;0,119672;-0,992777;383,85614;661,02002;-322,784729;-0,299948;0,215124;-0,288318;-0,88353;237,178604;537,3479;-222,933945;0,168282;-0,047057;-0,041602;-0,983736;327,239868;401,128876;-776,768494
1413;14,13;;;;;;;;-0,003477;-0,007343;0,120067;-0,992733;383,885223;661,21167;-323,266968;-0,297744;0,214205;-0,288636;-0,884395;237,249039;538,052368;-222,922974;0,168293;-0,04705;-0,041641;-0,983733;327,25882;401,130249;-776,765259
1414;14,14;;;;;;;;-0,001611;-0,007582;0,120292;-0,992708;383,89563;661,396545;-323,757874;-0,29552;0,213359;-0,289026;-0,885217;237,296906;538,740784;-222,920959;0,168306;-0,046986;-0,041646;-0,983733;327,305847;401,12442;-776,750366
1415;14,15;;;;;;;;0,000209;-0,0079;0,11993;-0,992751;383,893494;661,576172;-324,244354;-0,29318;0,212445;-0,289275;-0,886134;237,369034;539,437805;-222,912781;0,168305;-0,04684;-0,04157;-0,983744;327,391144;401,118347;-776,722656
1416;14,16;;;;;;;;0,002074;-0,008286;0,120216;-0,992711;383,920258;661,771484;-324,724548;-0,291011;0,211552;-0,289358;-0,887035;237,423599;540,122559;-222,918091;0,16831;-0,046774;-0,041664;-0,983742;327,468231;401,137665;-776,709656
1417;14,17;;;;;;;;0,004077;-0,008546;0,120639;-0,992651;383,934937;661,990662;-325,216095;-0,288693;0,210693;-0,289692;-0,887887;237,48967;540,810913;-222,916183;0,168328;-0,04665;-0,041645;-0,983746;327,553467;401,131439;-776,677185
1418;14,18;;;;;;;;0,005916;-0,008792;0,121055;-0,992589;383,94165;662,155151;-325,691711;-0,286431;0,209837;-0,290077;-0,888696;237,560974;541,481079;-222,915512;0,168351;-0,046378;-0,041599;-0,983756;327,739899;401,124084;-776,617676
1419;14,19;;;;;;;;0,007608;-0,009119;0,121258;-0,99255;383,944946;662,322144;-326,166901;-0,284136;0,208878;-0,290491;-0,889523;237,628555;542,168701;-222,917557;0,168367;-0,046269;-0,041703;-0,983754;327,85257;401,139771;-776,595947
1420;14,2;;;;;;;;0,009374;-0,009111;0,121351;-0,992524;383,961517;662,493469;-326,647308;-0,282013;0,207995;-0,291064;-0,890218;237,697021;542,848572;-222,930191;0,168402;-0,046079;-0,041682;-0,983758;327,994049;401,124908;-776,550598
1421;14,21;;;;;;;;0,011173;-0,009143;0,121326;-0,992508;383,988739;662,664795;-327,140869;-0,279715;0,207154;-0,291184;-0,8911;237,771576;543,53949;-222,948074;0,168417;-0,045803;-0,041633;-0,983771;328,190399;401,123108;-776,495178
1422;14,22;;;;;;;;0,012905;-0,009469;0,121317;-0,992485;384,015961;662,833557;-327,625702;-0,277501;0,206246;-0,291621;-0,891859;237,844345;544,229248;-222,968781;0,168472;-0,045632;-0,041687;-0,983767;328,339264;401,110992;-776,444763
1423;14,23;;;;;;;;0,014699;-0,009759;0,121835;-0,992394;384,041748;662,996765;-328,107758;-0,27516;0,205234;-0,291895;-0,892728;237,914505;544,918762;-223,001907;0,168486;-0,045436;-0,041686;-0,983774;328,492584;401,112366;-776,404907
1424;14,24;;;;;;;;0,016295;-0,010017;0,122056;-0,992339;384,05658;663,152832;-328,598114;-0,2729;0,204358;-0,292239;-0,89351;237,994492;545,616516;-223,026733;0,168467;-0,045675;-0,04171;-0,983765;328,323334;401,112427;-776,451233
1425;14,25;;;;;;;;0,017975;-0,010089;0,121932;-0,992324;384,089294;663,308105;-329,08432;-0,270611;0,203449;-0,292659;-0,894276;238,059723;546,30658;-223,045853;0,16815;-0,047719;-0,041698;-0,983722;326,761658;401,173523;-776,922485
1426;14,26;;;;;;;;0,019689;-0,010155;0,122153;-0,992264;384,13031;663,464539;-329,572205;-0,268398;0,202429;-0,293077;-0,895037;238,142746;546,997864;-223,082031;0,168145;-0,047759;-0,041704;-0,983721;326,737396;401,175476;-776,92749
1427;14,27;;;;;;;;0,021478;-0,010138;0,122644;-0,992167;384,163147;663,626526;-330,069916;-0,266002;0,201458;-0,293518;-0,895826;238,215622;547,687866;-223,104355;0,168133;-0,047841;-0,041746;-0,983717;326,690979;401,186523;-776,942688
1428;14,28;;;;;;;;0,023192;-0,010189;0,122422;-0,992155;384,170593;663,793091;-330,560455;-0,26377;0,200509;-0,293993;-0,896543;238,2742;548,379395;-223,160233;0,168136;-0,047838;-0,041777;-0,983716;326,696899;401,190033;-776,937012
1429;14,29;;;;;;;;0,024905;-0,010262;0,122373;-0,992119;384,185486;663,954773;-331,047638;-0,261475;0,199547;-0,294175;-0,89737;238,346252;549,057434;-223,213013;0,168162;-0,047798;-0,041732;-0,983715;326,718628;401,166443;-776,919922
1430;14,3;;;;;;;;0,026584;-0,010411;0,122768;-0,992025;384,213684;664,107239;-331,533722;-0,259189;0,198561;-0,294595;-0,898114;238,415314;549,745239;-223,259018;0,168132;-0,047875;-0,041792;-0,983714;326,679016;401,1922;-776,944275
1431;14,31;;;;;;;;0,028354;-0,010504;0,122955;-0,991952;384,234161;664,259888;-332,0336;-0,256971;0,19786;-0,294988;-0,898776;238,46965;550,426819;-223,312744;0,16812;-0,047859;-0,041767;-0,983718;326,675751;401,197845;-776,943359
1432;14,32;;;;;;;;0,030024;-0,01041;0,122991;-0,991899;384,245392;664,40509;-332,53595;-0,254597;0,196946;-0,295218;-0,899577;238,539719;551,110718;-223,368912;0,168142;-0,047815;-0,041768;-0,983716;326,70462;401,184723;-776,933472
1433;14,33;;;;;;;;0,031577;-0,010322;0,123014;-0,991849;384,267883;664,559753;-333,032562;-0,252291;0,196134;-0,295527;-0,900302;238,593185;551,781982;-223,432129;0,168129;-0,047898;-0,041804;-0,983713;326,652893;401,19342;-776,958069
1434;14,34;;;;;;;;0,033324;-0,010545;0,123102;-0,991778;384,284149;664,707092;-333,517426;-0,250007;0,195205;-0,295843;-0,901038;238,662384;552,464478;-223,494766;0,168133;-0,04784;-0,041784;-0,983716;326,685699;401,187775;-776,944641
1435;14,35;;;;;;;;0,034978;-0,010716;0,123277;-0,991698;384,296143;664,844971;-333,994995;-0,247716;0,194427;-0,296196;-0,901722;238,732941;553,128723;-223,5522;0,16813;-0,047843;-0,041823;-0,983714;326,689789;401,197449;-776,944153
1436;14,36;;;;;;;;0,036631;-0,010978;0,123665;-0,991587;384,320374;664,987;-334,488617;-0,245432;0,193591;-0,296479;-0,902433;238,807404;553,793762;-223,611984;0,168127;-0,047816;-0,041797;-0,983718;326,708954;401,194885;-776,940125
1437;14,37;;;;;;;;0,038155;-0,010769;0,123885;-0,991504;384,34433;665,120178;-334,966675;-0,243344;0,192641;-0,296954;-0,903046;238,877655;554,443298;-223,672028;0,168137;-0,047807;-0,041821;-0,983715;326,723236;401,189758;-776,935059
1438;14,38;;;;;;;;0,039686;-0,010559;0,123809;-0,991456;384,365845;665,256409;-335,442505;-0,241142;0,191663;-0,297239;-0,903751;238,929138;555,106628;-223,753845;0,168145;-0,047823;-0,041828;-0,983713;326,711517;401,18399;-776,931274
1439;14,39;;;;;;;;0,041343;-0,010677;0,123767;-0,991392;384,392975;665,386353;-335,921295;-0,23897;0,190718;-0,297693;-0,904378;238,999695;555,750061;-223,831955;0,168176;-0,047749;-0,041711;-0,983716;326,740723;401,144257;-776,903503
1440;14,4;;;;;;;;0,042956;-0,010806;0,124098;-0,991281;384,417694;665,519287;-336,395569;-0,236744;0,189769;-0,297996;-0,905063;239,062698;556,393799;-223,917068;0,16817;-0,047742;-0,041728;-0,983717;326,758453;401,153625;-776,901123
1441;14,41;;;;;;;;0,044486;-0,011028;0,124118;-0,991208;384,436707;665,650146;-336,86499;-0,234536;0,188958;-0,298213;-0,905735;239,146439;557,045227;-223,989334;0,16819;-0,047713;-0,041763;-0,983713;326,794464;401,149933;-776,888977
1442;14,42;;;;;;;;0,046091;-0,010918;0,123939;-0,991159;384,45462;665,772217;-337,339233;-0,232545;0,188126;-0,298704;-0,90626;239,212082;557,691833;-224,072845;0,168198;-0,047701;-0,041751;-0,983713;326,803619;401,141846;-776,882202
1443;14,43;;;;;;;;0,047661;-0,010844;0,12407;-0,991069;384,472534;665,882019;-337,817108;-0,230315;0,187048;-0,298902;-0,906987;239,269791;558,323364;-224,161346;0,168176;-0,047778;-0,041779;-0,983712;326,748138;401,146881;-776,898376
1444;14,44;;;;;;;;0,049196;-0,010981;0,124294;-0,990964;384,502716;665,999268;-338,292786;-0,22814;0,186188;-0,299435;-0,907538;239,337616;558,943848;-224,25235;0,168181;-0,047833;-0,041838;-0,983706;326,717926;401,151306;-776,913269
1445;14,45;;;;;;;;0,050711;-0,011074;0,124487;-0,990863;384,52121;666,123779;-338,762451;-0,225947;0,185353;-0,299617;-0,908197;239,403992;559,575073;-224,348465;0,168214;-0,047709;-0,041739;-0,98371;326,794312;401,124237;-776,88385
1446;14,46;;;;;;;;0,052335;-0,011089;0,12459;-0,990765;384,51474;666,239136;-339,228943;-0,223827;0,184543;-0,299971;-0,90877;239,455994;560,217651;-224,427643;0,168189;-0,047658;-0,041707;-0,983718;326,812805;401,134399;-776,862
1447;14,47;;;;;;;;0,053904;-0,01111;0,124493;-0,990693;384,520416;666,354492;-339,688324;-0,22168;0,183789;-0,300272;-0,90935;239,514984;560,83551;-224,523102;0,168194;-0,047706;-0,041836;-0,98371;326,794006;401,150085;-776,874329
1448;14,48;;;;;;;;0,055337;-0,011256;0,124454;-0,990617;384,545288;666,465637;-340,171692;-0,219504;0,182929;-0,300566;-0,909953;239,599823;561,445435;-224,638016;0,168218;-0,047711;-0,041703;-0,983711;326,76828;401,10498;-776,881409
1449;14,49;;;;;;;;0,056984;-0,011243;0,124614;-0,990504;384,571838;666,574036;-340,636383;-0,217349;0,18206;-0,30108;-0,910475;239,665253;562,059875;-224,72583;0,168176;-0,047694;-0,041664;-0,983721;326,775909;401,127075;-776,879211
1450;14,5;;;;;;;;0,058688;-0,011026;0,124815;-0,990381;384,581207;666,687927;-341,093201;-0,2153;0,181103;-0,301373;-0,911056;239,708328;562,688965;-224,815018;0,168262;-0,047205;-0,041806;-0,983724;327,163055;401,134613;-776,74884
1451;14,51;;;;;;;;0,060122;-0,010964;0,125075;-0,990263;384,595673;666,789795;-341,570526;-0,213291;0,18021;-0,301803;-0,911563;239,780441;563,300964;-224,935104;0,168514;-0,044942;-0,041701;-0,983791;328,858856;401,113159;-776,277405
1452;14,52;;;;;;;;0,061666;-0,011242;0,125144;-0,990157;384,621429;666,891724;-342,052765;-0,211132;0,179283;-0,302067;-0,91216;239,852219;563,912109;-225,054001;0,168495;-0,045166;-0,041631;-0,983787;328,697449;401,09259;-776,32312
1453;14,53;;;;;;;;0,06337;-0,011478;0,125013;-0,990063;384,624847;666,991882;-342,525604;-0,20893;0,178399;-0,30217;-0,912806;239,913864;564,517273;-225,166077;0,168481;-0,045343;-0,041775;-0,983775;328,584015;401,110321;-776,35376
1454;14,54;;;;;;;;0,06497;-0,011482;0,12516;-0,989941;384,634094;667,095703;-343,006134;-0,206756;0,177343;-0,302618;-0,913358;239,970322;565,144104;-225,286362;0,168445;-0,045521;-0,041748;-0,983774;328,431335;401,11972;-776,401428
1455;14,55;;;;;;;;0,066456;-0,011371;0,125487;-0,989802;384,675476;667,207397;-343,486206;-0,204696;0,176496;-0,302772;-0,913936;240,037384;565,763733;-225,414963;0,168398;-0,045624;-0,041545;-0,983786;328,323029;401,109558;-776,435425
1456;14,56;;;;;;;;0,068117;-0,011094;0,125529;-0,989687;384,690063;667,310181;-343,952728;-0,202538;0,175565;-0,303302;-0,91442;240,119171;566,390137;-225,520508;0,168405;-0,045867;-0,041654;-0,983769;328,167267;401,109497;-776,464233
1457;14,57;;;;;;;;0,069829;-0,011394;0,125476;-0,989571;384,694;667,408081;-344,431213;-0,200379;0,174746;-0,303609;-0,91495;240,175446;566,995361;-225,638214;0,168362;-0,045949;-0,041808;-0,983766;328,128357;401,155945;-776,499573
1458;14,58;;;;;;;;0,071484;-0,011565;0,125635;-0,98943;384,714935;667,513123;-344,91864;-0,198257;0,173908;-0,303896;-0,915477;240,24913;567,621704;-225,772064;0,168343;-0,045903;-0,041595;-0,98378;328,117462;401,131897;-776,498901
1459;14,59;;;;;;;;0,073187;-0,011793;0,12572;-0,989292;384,74231;667,622803;-345,386383;-0,19607;0,173162;-0,304364;-0,915933;240,317276;568,233276;-225,896011;0,168325;-0,045884;-0,041562;-0,983786;328,121887;401,142883;-776,494385
1460;14,6;;;;;;;;0,074844;-0,011723;0,125669;-0,989176;384,746948;667,723633;-345,85376;-0,193838;0,172257;-0,304758;-0,916448;240,3647;568,848938;-226,017395;0,168318;-0,046037;-0,041763;-0,983771;328,042145;401,174347;-776,519775
1461;14,61;;;;;;;;0,076354;-0,01145;0,125572;-0,989076;384,756683;667,815369;-346,337585;-0,191731;0,171393;-0,305146;-0,916924;240,410889;569,450989;-226,170639;0,168314;-0,046003;-0,04162;-0,983779;328,029175;401,151489;-776,517517
1462;14,62;;;;;;;;0,078001;-0,011689;0,125678;-0,988931;384,784882;667,904602;-346,815063;-0,189574;0,1705;-0,305613;-0,917383;240,475113;570,05481;-226,320236;0,16832;-0,045902;-0,041511;-0,983788;328,085052;401,131134;-776,501526
1463;14,63;;;;;;;;0,079494;-0,011967;0,125503;-0,988831;384,791687;667,982483;-347,280823;-0,187481;0,169575;-0,30586;-0,917903;240,54985;570,661133;-226,458893;0,168297;-0,045978;-0,041663;-0,983782;328,051697;401,166595;-776,525696
1464;14,64;;;;;;;;0,080453;-0,012469;0,125424;-0,988757;384,804749;668,019714;-347,769012;-0,185389;0,168704;-0,306168;-0,918385;240,593552;571,257446;-226,594391;0,168317;-0,046048;-0,041642;-0,983776;327,987;401,146149;-776,526855
1465;14,65;;;;;;;;0,081901;-0,012517;0,125287;-0,988655;384,827332;668,102234;-348,232208;-0,183257;0,167627;-0,306269;-0,918976;240,665512;571,844055;-226,734436;0,168296;-0,046012;-0,041519;-0,983786;327,990204;401,141663;-776,526306
1466;14,66;;;;;;;;0,083339;-0,012329;0,125377;-0,988526;384,856873;668,173401;-348,685974;-0,181312;0,166867;-0,306533;-0,919412;240,736359;572,409241;-226,876144;0,168292;-0,046084;-0,041657;-0,983778;327,973297;401,162109;-776,54425
1467;14,67;;;;;;;;0,08488;-0,012449;0,125379;-0,988393;384,863434;668,242676;-349,152161;-0,179279;0,165932;-0,306936;-0,919845;240,790665;572,998352;-227,023682;0,168302;-0,045973;-0,041598;-0,983784;328,029694;401,146729;-776,520569
1468;14,68;;;;;;;;0,08622;-0,012592;0,125209;-0,988297;384,87088;668,30896;-349,604706;-0,177321;0,165162;-0,307122;-0,920302;240,83432;573,543701;-227,162445;0,168284;-0,04599;-0,041484;-0,983791;327,991241;401,138275;-776,520996
1469;14,69;;;;;;;;0,087545;-0,012668;0,125447;-0,988149;384,901276;668,379456;-350,035797;-0,175221;0,16422;-0,307639;-0,9207;240,91214;574,101929;-227,303696;0,168291;-0,046021;-0,041536;-0,983786;327,989532;401,141602;-776,522888
1470;14,7;;;;;;;;0,088922;-0,0127;0,125522;-0,988016;384,911621;668,441589;-350,466949;-0,173297;0,163576;-0,30806;-0,921037;240,960861;574,644104;-227,449097;0,168287;-0,045962;-0,041557;-0,983789;328,036072;401,149567;-776,513245
1471;14,71;;;;;;;;0,090323;-0,012618;0,125618;-0,987878;384,911224;668,49585;-350,917816;-0,171335;0,162767;-0,308394;-0,921436;241,006348;575,18396;-227,606018;0,168247;-0,046046;-0,041497;-0,983794;327,96286;401,158569;-776,540283
1472;14,72;;;;;;;;0,091677;-0,012543;0,12566;-0,987749;384,929474;668,549072;-351,360657;-0,169309;0,162009;-0,308809;-0,921805;241,072678;575,730469;-227,75441;0,168238;-0,046146;-0,041445;-0,983793;327,869812;401,145874;-776,563721
1473;14,73;;;;;;;;0,093069;-0,01257;0,126025;-0,987572;384,966034;668,605347;-351,793182;-0,167495;0,161117;-0,309073;-0,922204;241,123337;576,255371;-227,902237;0,168162;-0,04642;-0,041548;-0,983789;327,689514;401,197235;-776,645874
1474;14,74;;;;;;;;0,094408;-0,012347;0,126505;-0,987386;384,973877;668,668945;-352,218628;-0,165556;0,160254;-0,30938;-0,922602;241,180847;576,797363;-228,050385;0,168175;-0,046361;-0,041399;-0,983796;327,697968;401,167511;-776,622559
1475;14,75;;;;;;;;0,09571;-0,012068;0,126627;-0,987249;384,968781;668,724243;-352,639343;-0,163732;0,159597;-0,309479;-0,923008;241,232224;577,310303;-228,193008;0,16816;-0,046536;-0,041421;-0,983789;327,570618;401,169983;-776,657471
1476;14,76;;;;;;;;0,097009;-0,012085;0,126744;-0,987107;384,965332;668,773621;-353,060608;-0,161897;0,158706;-0,309919;-0,923338;241,289993;577,815369;-228,348053;0,168112;-0,047098;-0,041475;-0,983768;327,147797;401,167236;-776,780212
1477;14,77;;;;;;;;0,098358;-0,012167;0,127502;-0,986874;384,969666;668,821594;-353,477692;-0,160096;0,157983;-0,310309;-0,923644;241,31546;578,325073;-228,510742;0,16809;-0,046991;-0,041367;-0,983782;327,196564;401,168823;-776,7677
1478;14,78;;;;;;;;0,099693;-0,012201;0,127581;-0,98673;384,970978;668,866028;-353,879272;-0,158288;0,157174;-0,310678;-0,92397;241,350601;578,807739;-228,662994;0,16811;-0,047067;-0,041395;-0,983774;327,145264;401,159607;-776,76416
1479;14,79;;;;;;;;0,100994;-0,011838;0,12783;-0,98657;384,984192;668,909424;-354,296631;-0,156367;0,156339;-0,311213;-0,924259;241,395401;579,309937;-228,814453;0,168099;-0,047096;-0,041554;-0,983767;327,154266;401,195496;-776,776001
1480;14,8;;;;;;;;0,102136;-0,011459;0,127824;-0,986457;384,981567;668,948364;-354,712769;-0,154538;0,15566;-0,311336;-0,924639;241,43306;579,789673;-228,974411;0,168111;-0,047009;-0,041394;-0,983776;327,177734;401,160675;-776,754944
1481;14,81;;;;;;;;0,103384;-0,011079;0,128541;-0,986238;384,972412;668,989075;-355,120331;-0,152802;0,154831;-0,311731;-0,924934;241,482056;580,292053;-229,128937;0,168086;-0,046973;-0,041377;-0,983783;327,196777;401,174561;-776,757629
1482;14,82;;;;;;;;0,104738;-0,010979;0,128869;-0,986054;384,967804;669,026672;-355,522919;-0,151041;0,154095;-0,311876;-0,925297;241,543076;580,791992;-229,276337;0,168083;-0,046988;-0,041445;-0,98378;327,198517;401,188293;-776,758118
1483;14,83;;;;;;;;0,106095;-0,01105;0,129191;-0,985866;384,968384;669,061096;-355,937439;-0,149235;0,153349;-0,31205;-0,925655;241,585266;581,282471;-229,444;0,168069;-0,046991;-0,041445;-0,983782;327,197479;401,198181;-776,763123
1484;14,84;;;;;;;;0,107399;-0,010888;0,129739;-0,985654;384,972443;669,101135;-356,357971;-0,14741;0,152486;-0,312524;-0,925931;241,633972;581,774963;-229,605484;0,168051;-0,04697;-0,041357;-0,98379;327,199707;401,196259;-776,769409
1485;14,85;;;;;;;;0,108611;-0,010708;0,129868;-0,985507;384,959656;669,130127;-356,75827;-0,14553;0,15168;-0,31264;-0,926321;241,684769;582,256348;-229,768982;0,168099;-0,046891;-0,041322;-0,983787;327,239746;401,158447;-776,72998
1486;14,86;;;;;;;;0,109858;-0,010686;0,12973;-0,985387;384,993561;669,162354;-357,169373;-0,143745;0,151087;-0,313065;-0,926553;241,727936;582,74585;-229,941071;0,168083;-0,046876;-0,041381;-0,983788;327,263824;401,179108;-776,734436
1487;14,87;;;;;;;;0,111103;-0,012957;0,126692;-0,985615;385,125824;669,228394;-357,620392;-0,141951;0,150283;-0,313317;-0,926875;241,781342;583,235901;-230,10611;0,168071;-0,046804;-0,0413;-0,983797;327,306763;401,180634;-776,724915
1488;14,88;;;;;;;;0,112386;-0,013139;0,126649;-0,985473;385,140594;669,258118;-358,024628;-0,140366;0,149482;-0,313477;-0,927192;241,824844;583,712646;-230,257889;0,168085;-0,046721;-0,04127;-0,9838;327,361572;401,170715;-776,697205
1489;14,89;;;;;;;;0,113603;-0,013143;0,126773;-0,985317;385,133728;669,282593;-358,415924;-0,138553;0,148676;-0,313725;-0,92751;241,867554;584,184082;-230,418503;0,168045;-0,046308;-0,041363;-0,983822;327,690948;401,248291;-776,641479
1490;14,9;;;;;;;;0,114815;-0,013389;0,126785;-0,985172;385,155365;669,311401;-358,812378;-0,136834;0,148007;-0,314081;-0,927752;241,908752;584,625977;-230,577148;0,168055;-0,046208;-0,041254;-0,983829;327,74173;401,228729;-776,619934
1491;14,91;;;;;;;;0,116013;-0,013352;0,126843;-0,985025;385,157043;669,339539;-359,203339;-0,135016;0,147294;-0,314292;-0,92806;241,95517;585,090271;-230,73349;0,168032;-0,046121;-0,041268;-0,983837;327,81369;401,256195;-776,614807
1492;14,92;;;;;;;;0,117195;-0,013149;0,127037;-0,984863;385,164215;669,362976;-359,588776;-0,133333;0,146605;-0,314779;-0,928248;241,986359;585,540588;-230,892303;0,168055;-0,046059;-0,041346;-0,983833;327,868927;401,261963;-776,591736
1493;14,93;;;;;;;;0,118348;-0,013017;0,127252;-0,984699;385,17215;669,37915;-359,978973;-0,13171;0,14591;-0,314954;-0,928529;242,017426;585,98053;-231,062851;0,16806;-0,045983;-0,041285;-0,983838;327,911804;401,254059;-776,576782
1494;14,94;;;;;;;;0,119412;-0,013063;0,127478;-0,98454;385,19458;669,396362;-360,359955;-0,130082;0,145139;-0,315027;-0,928855;242,065033;586,432434;-231,227386;0,168047;-0,045888;-0,041234;-0,983847;327,972015;401,259491;-776,573242
1495;14,95;;;;;;;;0,120597;-0,01311;0,127537;-0,984387;385,203156;669,416443;-360,736206;-0,128501;0,144353;-0,315416;-0,929065;242,092224;586,860168;-231,389023;0,168015;-0,045842;-0,041297;-0,983852;328,012543;401,295502;-776,579224
1496;14,96;;;;;;;;0,121782;-0,013018;0,12755;-0,984241;385,197418;669,439453;-361,105164;-0,126912;0,143662;-0,31543;-0,929386;242,127411;587,285156;-231,553894;0,168001;-0,045768;-0,041299;-0,983857;328,065338;401,313599;-776,5672
1497;14,97;;;;;;;;0,122909;-0,013161;0,127642;-0,984087;385,217194;669,45813;-361,479736;-0,125355;0,142821;-0,315663;-0,929648;242,167618;587,706543;-231,720184;0,168031;-0,045683;-0,041263;-0,983858;328,124664;401,293488;-776,54071
1498;14,98;;;;;;;;0,123997;-0,013322;0,127713;-0,983939;385,225952;669,469543;-361,83783;-0,123708;0,142142;-0,315849;-0,929909;242,20549;588,12384;-231,87381;0,168035;-0,0457;-0,041272;-0,983856;328,115723;401,291718;-776,544434
1499;14,99;;;;;;;;0,125088;-0,013548;0,127742;-0,983794;385,237427;669,479431;-362,208191;-0,122191;0,141582;-0,316024;-0,930136;242,239243;588,522644;-232,028;0,168038;-0,045639;-0,041256;-0,983859;328,155396;401,29071;-776,530579
1500;15;;;;;;;;0,126242;-0,013478;0,127798;-0,983641;385,270844;669,499146;-362,569702;-0,120717;0,140889;-0,316314;-0,930335;242,282822;588,933899;-232,188904;0,168016;-0,045553;-0,041186;-0,98387;328,211548;401,300415;-776,520935
1501;15,01;;;;;;;;0,127484;-0,013239;0,12799;-0,983459;385,288361;669,521362;-362,925842;-0,119142;0,140253;-0,316735;-0,930491;242,319885;589,339355;-232,34761;0,168005;-0,045627;-0,041236;-0,983866;328,170227;401,314484;-776,532837
1502;15,02;;;;;;;;0,128781;-0,013038;0,128218;-0,983263;385,306335;669,569214;-363,279877;-0,117618;0,139675;-0,316873;-0,930725;242,355957;589,722656;-232,503769;0,168014;-0,045583;-0,041249;-0,983866;328,202911;401,310028;-776,520386
1503;15,03;;;;;;;;0,129941;-0,013027;0,128258;-0,983105;385,316803;669,579773;-363,640015;-0,116003;0,139042;-0,317235;-0,930899;242,39386;590,123047;-232,668289;0,167998;-0,045559;-0,041206;-0,983872;328,215149;401,316376;-776,527771
1504;15,04;;;;;;;;0,131083;-0,013065;0,128677;-0,982898;385,323517;669,59613;-364,011017;-0,114494;0,138397;-0,317444;-0,931111;242,438644;590,5224;-232,824951;0,168036;-0,045607;-0,04113;-0,983866;328,168854;401,27475;-776,518555
1505;15,05;;;;;;;;0,132256;-0,013245;0,128892;-0,98271;385,325775;669,613586;-364,385986;-0,113059;0,137758;-0,31759;-0,931331;242,487686;590,918884;-232,979324;0,168033;-0,045605;-0,041261;-0,983861;328,194977;401,304138;-776,520447
1506;15,06;;;;;;;;0,133541;-0,013458;0,128926;-0,982529;385,34259;669,619934;-364,753326;-0,111591;0,137081;-0,31783;-0,931526;242,51503;591,330933;-233,147278;0,168005;-0,045567;-0,04119;-0,983871;328,202911;401,311554;-776,522705
1507;15,07;;;;;;;;0,13474;-0,013547;0,12905;-0,982348;385,363251;669,625427;-365,116699;-0,110016;0,136353;-0,317995;-0,931764;242,543365;591,7276;-233,316925;0,168026;-0,045494;-0,041131;-0,983873;328,249969;401,29248;-776,506409
1508;15,08;;;;;;;;0,135743;-0,013527;0,128845;-0,982237;385,371674;669,630798;-365,468231;-0,108561;0,135591;-0,318078;-0,932017;242,584793;592,109253;-233,471863;0,168013;-0,04551;-0,041178;-0,983872;328,241791;401,309204;-776,512512
1509;15,09;;;;;;;;0,136786;-0,01317;0,128855;-0,982096;385,378754;669,633789;-365,822083;-0,10714;0,134845;-0,318299;-0,932214;242,617538;592,496399;-233,636765;0,167989;-0,045554;-0,04121;-0,983873;328,212646;401,327423;-776,525879
1510;15,1;;;;;;;;0,137834;-0,013133;0,129138;-0,981913;385,391815;669,638062;-366,168518;-0,105624;0,13419;-0,318276;-0,93249;242,65361;592,868774;-233,798218;0,168012;-0,045467;-0,041109;-0,983877;328,256714;401,302002;-776,497253
1511;15,11;;;;;;;;0,13898;-0,013221;0,129371;-0,981719;385,395111;669,63562;-366,505707;-0,104142;0,133556;-0,318529;-0,932661;242,677917;593,241333;-233,949799;0,167978;-0,045427;-0,041161;-0,983883;328,292023;401,336456;-776,503235
1512;15,12;;;;;;;;0,140023;-0,013495;0,129683;-0,981526;385,402771;669,636047;-366,841461;-0,102904;0,132921;-0,31892;-0,932755;242,710358;593,607971;-234,106659;0,16797;-0,045407;-0,041229;-0,983882;328,316284;401,35434;-776,503174
1513;15,13;;;;;;;;0,14111;-0,013619;0,129997;-0,981327;385,414001;669,630798;-367,185516;-0,101526;0,132277;-0,31907;-0,932947;242,7491;593,977844;-234,264404;0,168003;-0,045295;-0,041104;-0,983887;328,372986;401,314972;-776,471558
1514;15,14;;;;;;;;0,142101;-0,013595;0,129726;-0,981221;385,413879;669,632202;-367,513763;-0,100136;0,131696;-0,319303;-0,933099;242,788406;594,357971;-234,420013;0,167959;-0,045372;-0,041185;-0,983888;328,337219;401,357544;-776,50354
1515;15,15;;;;;;;;0,143046;-0,013479;0,129688;-0,98109;385,425446;669,63208;-367,843384;-0,098711;0,131176;-0,319628;-0,933213;242,824539;594,720581;-234,576935;0,167949;-0,045415;-0,041242;-0,983885;328,315643;401,371704;-776,511536
1516;15,16;;;;;;;;0,144052;-0,01332;0,13004;-0,980898;385,447662;669,628723;-368,172577;-0,097248;0,130698;-0,319831;-0,933364;242,869354;595,079407;-234,728256;0,167987;-0,045371;-0,041159;-0,983884;328,328278;401,333618;-776,488892
1517;15,17;;;;;;;;0,145117;-0,013416;0,130152;-0,980725;385,479736;669,618042;-368,497498;-0,09581;0,130108;-0,320188;-0,933473;242,915604;595,438416;-234,886993;0,167937;-0,045408;-0,041151;-0,983891;328,30307;401,361115;-776,519104
1518;15,18;;;;;;;;0,146057;-0,013535;0,130354;-0,980557;385,489166;669,612427;-368,814911;-0,094583;0,129473;-0,32044;-0,9336;242,961365;595,793518;-235,036667;0,167979;-0,045337;-0,041192;-0,983886;328,362885;401,340851;-776,488647
1519;15,19;;;;;;;;0,147026;-0,013801;0,13053;-0,980385;385,510925;669,611938;-369,123688;-0,093308;0,12877;-0,320417;-0,933833;243,006149;596,148376;-235,188904;0,167956;-0,045311;-0,041145;-0,983893;328,374573;401,353973;-776,488708
1520;15,2;;;;;;;;0,147873;-0,013878;0,130328;-0,980283;385,508881;669,610352;-369,432831;-0,092027;0,128086;-0,320481;-0,934033;243,049988;596,491394;-235,343414;0,167943;-0,04532;-0,041117;-0,983896;328,366699;401,359009;-776,492615
1521;15,21;;;;;;;;0,148784;-0,013739;0,130466;-0,980129;385,507294;669,602905;-369,740662;-0,090752;0,127591;-0,320525;-0,93421;243,088776;596,834167;-235,496063;0,167919;-0,04527;-0,041125;-0,983902;328,403717;401,376892;-776,493042
1522;15,22;;;;;;;;0,149877;-0,013924;0,13079;-0,979917;385,519287;669,59967;-370,059204;-0,089404;0,126887;-0,320638;-0,934397;243,132278;597,179871;-235,647217;0,167936;-0,04528;-0,041143;-0,983898;328,398193;401,3685;-776,488831
1523;15,23;;;;;;;;0,15093;-0,014052;0,130946;-0,979732;385,549072;669,597717;-370,366943;-0,088085;0,126278;-0,320823;-0,934541;243,170593;597,528198;-235,802155;0,167917;-0,045303;-0,041109;-0,983901;328,375824;401,379456;-776,496765
1524;15,24;;;;;;;;0,151875;-0,013895;0,131048;-0,979575;385,570404;669,595276;-370,671021;-0,086837;0,125698;-0,321019;-0,934669;243,209167;597,871765;-235,952652;0,167939;-0,045332;-0,041182;-0,983893;328,372314;401,378632;-776,495239
1525;15,25;;;;;;;;0,15292;-0,014033;0,131243;-0,979384;385,58429;669,583618;-370,991821;-0,085431;0,12505;-0,321131;-0,934847;243,254028;598,225098;-236,105103;0,167909;-0,045294;-0,041149;-0,983901;328,384369;401,391388;-776,501465
1526;15,26;;;;;;;;0,153926;-0,014197;0,131099;-0,979244;385,585236;669,565186;-371,314636;-0,084044;0,124441;-0,321338;-0,934983;243,286255;598,582031;-236,261948;0,167916;-0,045265;-0,041122;-0,983903;328,394073;401,380219;-776,493774
1527;15,27;;;;;;;;0,154776;-0,01429;0,131051;-0,979115;385,583893;669,553101;-371,624481;-0,082894;0,12391;-0,321622;-0,935058;243,329025;598,925171;-236,417664;0,167937;-0,045325;-0,041172;-0,983894;328,36795;401,371674;-776,505371
1528;15,28;;;;;;;;0,155578;-0,014258;0,131106;-0,978981;385,603424;669,542358;-371,930084;-0,081672;0,123293;-0,321757;-0,935201;243,383682;599,285278;-236,568146;0,167927;-0,045247;-0,041132;-0,983901;328,412109;401,378143;-776,496155
1529;15,29;;;;;;;;0,156744;-0,013401;0,13156;-0,978746;385,62851;669,491455;-372,29129;-0,080396;0,122774;-0,321848;-0,935348;243,420319;599,638123;-236,709839;0,167894;-0,045218;-0,041105;-0,983909;328,423309;401,398346;-776,489746
1530;15,3;;;;;;;;0,157776;-0,01349;0,131513;-0,978585;385,640991;669,476318;-372,613892;-0,079074;0,122209;-0,321989;-0,935487;243,468414;599,971741;-236,862991;0,167892;-0,045308;-0,041236;-0,9839;328,390289;401,419342;-776,518372
1531;15,31;;;;;;;;0,158753;-0,013457;0,13168;-0,978405;385,670898;669,45459;-372,927704;-0,07774;0,121574;-0,322072;-0,935653;243,53479;600,303772;-237,022202;0,167904;-0,045288;-0,041193;-0,983901;328,398468;401,399719;-776,524536
1532;15,32;;;;;;;;0,159727;-0,013676;0,131831;-0,978223;385,693848;669,443359;-373,227661;-0,076408;0,121018;-0,322225;-0,935782;243,587814;600,645691;-237,171555;0,167919;-0,045436;-0,041144;-0,983893;328,281097;401,370209;-776,526917
1533;15,33;;;;;;;;0,160516;-0,01357;0,131976;-0,978076;385,690948;669,430542;-373,516602;-0,07522;0,12041;-0,32225;-0,935948;243,633026;600,989929;-237,31781;0,168133;-0,046622;-0,041162;-0,9838;327,392731;401,121826;-776,622009
1534;15,34;;;;;;;;0,161358;-0,013457;0,131777;-0,977966;385,718903;669,40863;-373,820343;-0,073877;0,119764;-0,32223;-0,936145;243,708893;601,349243;-237,478302;0,168125;-0,046616;-0,041164;-0,983802;327,400208;401,127472;-776,631287
1535;15,35;;;;;;;;0,162304;-0,013445;0,131895;-0,977794;385,748718;669,377991;-374,135498;-0,072776;0,119227;-0,32222;-0,936303;243,780228;601,689819;-237,636505;0,168117;-0,04658;-0,041078;-0,983809;327,416565;401,111847;-776,632202
1536;15,36;;;;;;;;0,16327;-0,013376;0,132142;-0,9776;385,756256;669,359558;-374,442169;-0,071589;0,118656;-0,322336;-0,936427;243,831848;602,027344;-237,786636;0,16812;-0,046739;-0,04117;-0,983797;327,320435;401,118011;-776,659851
1537;15,37;;;;;;;;0,164111;-0,013253;0,132394;-0,977427;385,761871;669,34021;-374,735626;-0,070342;0,118013;-0,322295;-0,936617;243,885468;602,372925;-237,932343;0,168119;-0,04666;-0,041171;-0,983801;327,373413;401,125244;-776,64801
1538;15,38;;;;;;;;0,165043;-0,013306;0,132548;-0,977249;385,781982;669,316101;-375,03067;-0,06909;0,117416;-0,32257;-0,93669;243,940201;602,710022;-238,078964;0,168137;-0,046543;-0,041054;-0,983808;327,437347;401,101624;-776,61499
1539;15,39;;;;;;;;0,165947;-0,013539;0,132894;-0,977045;385,809235;669,29657;-375,322693;-0,067953;0,116738;-0,322933;-0,936733;243,991379;603,045959;-238,238419;0,168106;-0,046578;-0,041089;-0,98381;327,420135;401,129089;-776,639038
1540;15,4;;;;;;;;0,166749;-0,014036;0,132293;-0,976983;385,818024;669,279053;-375,628418;-0,066636;0,116208;-0,322968;-0,936882;244,045059;603,381958;-238,402374;0,168141;-0,046679;-0,041162;-0,983796;327,349976;401,106781;-776,646851
1541;15,41;;;;;;;;0,167624;-0,01598;0,12997;-0,977116;385,916382;669,29248;-375,969879;-0,065367;0,115571;-0,323067;-0,937016;244,106888;603,715271;-238,55162;0,168145;-0,046749;-0,041192;-0,983791;327,306915;401,105286;-776,66095
1542;15,42;;;;;;;;0,168522;-0,015741;0,130228;-0,976931;385,932861;669,267822;-376,273163;-0,064238;0,114943;-0,323219;-0,937119;244,183517;604,058105;-238,691696;0,168104;-0,046644;-0,041142;-0,983805;327,371307;401,131653;-776,647583
1543;15,43;;;;;;;;0,169464;-0,015486;0,130551;-0,976728;385,939087;669,237976;-376,575348;-0,062964;0,114246;-0,323264;-0,937275;244,245255;604,423279;-238,845001;0,168107;-0,046662;-0,04112;-0,983805;327,344788;401,121918;-776,642273
1544;15,44;;;;;;;;0,170364;-0,015217;0,130786;-0,976545;385,950134;669,208984;-376,892273;-0,061801;0,11368;-0,323327;-0,937399;244,309662;604,778503;-239,007111;0,168115;-0,046606;-0,041186;-0,983803;327,399414;401,129578;-776,638062
1545;15,45;;;;;;;;0,171365;-0,015104;0,131412;-0,976287;385,982147;669,17572;-377,206879;-0,06059;0,113047;-0,323261;-0,937578;244,394012;605,129333;-239,171097;0,168118;-0,046689;-0,041129;-0,983801;327,33374;401,108795;-776,653076
1546;15,46;;;;;;;;0,17224;-0,014982;0,131516;-0,976121;385,983154;669,143555;-377,511627;-0,059184;0,112464;-0,323236;-0,937746;244,475922;605,499695;-239,325317;0,16813;-0,046655;-0,041138;-0,9838;327,357635;401,103821;-776,640808
1547;15,47;;;;;;;;0,173097;-0,014931;0,13151;-0,975971;385,976807;669,108154;-377,824554;-0,057836;0,111892;-0,323408;-0,93784;244,541351;605,860657;-239,478149;0,168137;-0,046655;-0,041145;-0,983799;327,35495;401,100494;-776,636292
1548;15,48;;;;;;;;0,174037;-0,015029;0,131636;-0,975785;385,986145;669,065369;-378,142334;-0,05658;0,111342;-0,323391;-0,937987;244,623795;606,216064;-239,646561;0,168112;-0,046643;-0,041082;-0,983806;327,35675;401,106293;-776,643921
1549;15,49;;;;;;;;0,17512;-0,015017;0,132232;-0,975511;386,004242;669,035706;-378,466248;-0,055312;0,110622;-0,323476;-0,938119;244,692581;606,587646;-239,821793;0,168119;-0,046681;-0,041105;-0,983803;327,341064;401,102661;-776,65448
1550;15,5;;;;;;;;0,176199;-0,014745;0,132869;-0,975235;386,005096;669,005127;-378,793182;-0,053968;0,109941;-0,323477;-0,938277;244,760529;606,959045;-239,98996;0,168122;-0,046717;-0,041158;-0,983798;327,319366;401,106476;-776,662231
1551;15,51;;;;;;;;0,177233;-0,014332;0,133288;-0,974996;386,023193;668,971985;-379,119415;-0,052679;0,10936;-0,323416;-0,938439;244,844101;607,331726;-240,158478;0,168086;-0,046639;-0,041114;-0,98381;327,370605;401,131134;-776,652832
1552;15,52;;;;;;;;0,178133;-0,014059;0,133538;-0,974802;386,058136;668,932068;-379,429199;-0,051421;0,108667;-0,323318;-0,938623;244,93129;607,697388;-240,31752;0,168041;-0,046625;-0,041023;-0,983822;327,366364;401,146423;-776,659729
1553;15,53;;;;;;;;0,178997;-0,01404;0,133352;-0,974669;386,070862;668,892456;-379,726715;-0,050282;0,108087;-0,32351;-0,938685;244,994858;608,054749;-240,480911;0,167996;-0,046573;-0,041051;-0,983831;327,404846;401,184143;-776,670044
1554;15,54;;;;;;;;0,179895;-0,014014;0,133329;-0,974508;386,064667;668,853455;-380,020966;-0,048996;0,107486;-0,323263;-0,938907;245,066086;608,406128;-240,641632;0,167967;-0,046647;-0,041005;-0,983834;327,333466;401,18512;-776,683105
1555;15,55;;;;;;;;0,180802;-0,014112;0,13361;-0,9743;386,07724;668,817322;-380,318237;-0,047809;0,106898;-0,323357;-0,939004;245,140381;608,741089;-240,796738;0,167921;-0,046646;-0,041007;-0,983842;327,33429;401,216858;-776,703125
1556;15,56;;;;;;;;0,18161;-0,013845;0,134646;-0,97401;386,09201;668,782776;-380,627258;-0,046676;0,106339;-0,323459;-0,939089;245,208771;609,074463;-240,95929;0,167916;-0,046536;-0,040987;-0,983849;327,400421;401,221466;-776,68634
1557;15,57;;;;;;;;0,181832;-0,011566;0,137399;-0,973614;386,00885;668,716553;-380,995575;-0,045468;0,105699;-0,323665;-0,939149;245,267075;609,41394;-241,119614;0,16788;-0,046597;-0,04102;-0,983851;327,359314;401,246979;-776,708191
1558;15,58;;;;;;;;0,182724;-0,01137;0,137677;-0,97341;386,020111;668,681091;-381,294312;-0,04424;0,105148;-0,323758;-0,939238;245,331131;609,753357;-241,283783;0,167852;-0,046547;-0,040945;-0,983861;327,372131;401,2547;-776,716919
1559;15,59;;;;;;;;0,183693;-0,01123;0,137584;-0,973243;386,031342;668,639648;-381,595642;-0,043123;0,104436;-0,323843;-0,93934;245,408417;610,089355;-241,44754;0,16794;-0,046453;-0,040985;-0,983849;327,452881;401,215393;-776,680481
1560;15,6;;;;;;;;0,184587;-0,011145;0,137517;-0,973084;386,052887;668,602417;-381,881592;-0,041942;0,103817;-0,323834;-0,939465;245,48468;610,428772;-241,604263;0,167568;-0,045571;-0,041033;-0,983952;328,120697;401,571564;-776,689453
1561;15,61;;;;;;;;0,18544;-0,011168;0,13736;-0,972944;386,073303;668,564575;-382,16571;-0,040726;0,103234;-0,32388;-0,939567;245,562164;610,776611;-241,75647;0,167308;-0,045541;-0,040926;-0,984002;328,105286;401,720154;-776,762207
1562;15,62;;;;;;;;0,186358;-0,011402;0,137503;-0,972745;386,11084;668,521973;-382,455505;-0,039682;0,102664;-0,324129;-0,939588;245,650269;611,118958;-241,919876;0,167275;-0,045606;-0,040919;-0,984005;328,059998;401,733795;-776,780945
1563;15,63;;;;;;;;0,187372;-0,011649;0,137928;-0,972487;386,147949;668,477661;-382,769379;-0,038488;0,102067;-0,3242;-0,939678;245,734955;611,465149;-242,083939;0,167232;-0,045631;-0,040879;-0,984012;328,030548;401,750549;-776,798035
1564;15,64;;;;;;;;0,188335;-0,011749;0,13796;-0,972296;386,159576;668,431519;-383,070007;-0,03725;0,10145;-0,324113;-0,939825;245,811783;611,825256;-242,250916;0,167166;-0,045555;-0,0408;-0,98403;328,061462;401,782562;-776,806091
1565;15,65;;;;;;;;0,1894;-0,011841;0,137871;-0,9721;386,184479;668,383667;-383,376495;-0,036031;0,100785;-0,324103;-0,939948;245,892349;612,186584;-242,433899;0,167137;-0,04558;-0,040799;-0,984034;328,047241;401,801727;-776,81604
1566;15,66;;;;;;;;0,190397;-0,011885;0,137738;-0,971924;386,212982;668,335266;-383,691193;-0,034676;0,100144;-0,324149;-0,940051;245,982224;612,547913;-242,612518;0,167122;-0,04558;-0,040756;-0,984038;328,037537;401,797791;-776,821411
1567;15,67;;;;;;;;0,191489;-0,01194;0,137733;-0,971709;386,235443;668,286621;-384,018951;-0,033377;0,099431;-0,324051;-0,940208;246,073456;612,916321;-242,797104;0,167112;-0,045585;-0,040723;-0,984041;328,017242;401,797089;-776,82666
1568;15,68;;;;;;;;0,192595;-0,012007;0,137776;-0,971484;386,262421;668,23468;-384,352997;-0,032059;0,09875;-0,323915;-0,940372;246,161819;613,305847;-242,990845;0,16723;-0,045718;-0,040744;-0,984014;327,935486;401,716248;-776,816833
1569;15,69;;;;;;;;0,193649;-0,012045;0,137821;-0,971267;386,309875;668,181213;-384,68042;-0,03079;0,098066;-0,323845;-0,94051;246,260345;613,69989;-243,168884;0,167077;-0,045757;-0,04074;-0,984039;327,903442;401,807129;-776,865967
1570;15,7;;;;;;;;0,194699;-0,01206;0,137962;-0,971037;386,32901;668,13269;-385,006775;-0,029567;0,097578;-0,323815;-0,940611;246,346848;614,080139;-243,348969;0,167024;-0,04571;-0,040689;-0,984052;327,919434;401,83548;-776,874817
1571;15,71;;;;;;;;0,195702;-0,012268;0,138197;-0,9708;386,333008;668,080688;-385,341614;-0,028269;0,097031;-0,323771;-0,940722;246,431671;614,453735;-243,530151;0,167029;-0,045753;-0,040688;-0,984049;327,880981;401,827911;-776,881287
1572;15,72;;;;;;;;0,196658;-0,012382;0,13829;-0,970592;386,33728;668,030518;-385,664032;-0,027002;0,096263;-0,323819;-0,940822;246,51712;614,825195;-243,709412;0,167171;-0,045691;-0,040649;-0,984029;327,914032;401,730743;-776,82959
1573;15,73;;;;;;;;0,197527;-0,012426;0,138179;-0,97043;386,359314;667,981934;-385,972168;-0,025799;0,095483;-0,323844;-0,940926;246,604904;615,182312;-243,890488;0,167119;-0,045695;-0,040685;-0,984037;327,921478;401,772614;-776,846741
1574;15,74;;;;;;;;0,198447;-0,01272;0,138215;-0,970234;386,376343;667,932007;-386,286743;-0,024519;0,09495;-0,323692;-0,941067;246,687454;615,529175;-244,06456;0,166933;-0,045693;-0,040575;-0,984073;327,878693;401,871613;-776,89801
1575;15,75;;;;;;;;0,198884;-0,012928;0,13833;-0,970125;386,394379;667,888855;-386,64032;-0,023221;0,094388;-0,323614;-0,941183;246,776749;615,892029;-244,245285;0,166916;-0,045712;-0,040632;-0,984072;327,876648;401,889526;-776,908142
1576;15,76;;;;;;;;0,200577;-0,01278;0,138272;-0,969787;386,431244;667,82251;-386,900116;-0,021998;0,093663;-0,323616;-0,941284;246,879028;616,259521;-244,427963;0,166899;-0,045694;-0,040606;-0,984077;327,880676;401,895294;-776,915039
1577;15,77;;;;;;;;0,201579;-0,012594;0,138489;-0,969551;386,465149;667,767151;-387,216553;-0,021056;0,092968;-0,323669;-0,941356;246,972778;616,622559;-244,611862;0,167077;-0,04574;-0,040601;-0,984045;327,852722;401,774414;-776,866943
1578;15,78;;;;;;;;0,202367;-0,012426;0,138265;-0,96942;386,47464;667,715332;-387,521332;-0,019833;0,092435;-0,323436;-0,941516;247,060028;617,002136;-244,793259;0,16702;-0,045768;-0,040598;-0,984054;327,829651;401,810699;-776,890198
1579;15,79;;;;;;;;0,203323;-0,012138;0,138514;-0,969189;386,491302;667,661499;-387,832611;-0,018552;0,091872;-0,323462;-0,941588;247,156754;617,37262;-244,973404;0,166871;-0,045747;-0,040499;-0,984084;327,815948;401,889099;-776,928223
1580;15,8;;;;;;;;0,20427;-0,012156;0,138734;-0,968958;386,505157;667,610962;-388,144318;-0,017323;0,091262;-0,323637;-0,941611;247,278427;617,747375;-245,157944;0,166889;-0,045776;-0,040509;-0,984079;327,807373;401,877991;-776,933594
1581;15,81;;;;;;;;0,205293;-0,012326;0,138692;-0,968745;386,518494;667,555908;-388,453735;-0,015927;0,090731;-0,323169;-0,941847;247,380035;618,114685;-245,348434;0,166874;-0,045738;-0,040411;-0,984087;327,80484;401,871002;-776,931519
1582;15,82;;;;;;;;0,206321;-0,012427;0,138573;-0,968543;386,536224;667,498352;-388,765564;-0,014702;0,08995;-0,323045;-0,941984;247,468857;618,480347;-245,549072;0,16689;-0,045785;-0,040473;-0,98408;327,783234;401,867096;-776,933899
1583;15,83;;;;;;;;0,207407;-0,012428;0,138595;-0,968307;386,570435;667,443298;-389,096008;-0,013381;0,089022;-0,323124;-0,942065;247,5802;618,880371;-245,750305;0,167002;-0,045837;-0,040536;-0,984056;327,768158;401,805908;-776,909546
1584;15,84;;;;;;;;0,20831;-0,012427;0,138011;-0,968197;386,589478;667,378662;-389,410767;-0,012173;0,088368;-0,322961;-0,942199;247,671906;619,281128;-245,952637;0,166925;-0,045736;-0,040397;-0,984079;327,799316;401,834442;-776,910278
1585;15,85;;;;;;;;0,209209;-0,012144;0,138062;-0,968;386,599182;667,318848;-389,735901;-0,011387;0,087344;-0,322847;-0,942344;247,741943;619,697693;-246,167877;0,167041;-0,04584;-0,040466;-0,984052;327,742279;401,765808;-776,888611
1586;15,86;;;;;;;;0,210292;-0,011864;0,138135;-0,967758;386,610565;667,248901;-390,075867;-0,009964;0,086586;-0,322724;-0,942472;247,855362;620,107666;-246,378235;0,166918;-0,045872;-0,040477;-0,984071;327,714874;401,840149;-776,937317
1587;15,87;;;;;;;;0,211881;-0,010771;0,138079;-0,967432;386,649109;667,167419;-390,408752;-0,008623;0,085845;-0,322906;-0,942491;247,960083;620,527161;-246,595795;0,167078;-0,045861;-0,040403;-0,984047;327,710938;401,723145;-776,881409
1588;15,88;;;;;;;;0,212989;-0,010531;0,13778;-0,967234;386,672363;667,095642;-390,740295;-0,00723;0,085025;-0,322702;-0,942646;248,091965;620,933777;-246,820999;0,166963;-0,045805;-0,040386;-0,98407;327,740143;401,799103;-776,908264
1589;15,89;;;;;;;;0,214136;-0,010275;0,137927;-0,966962;386,708405;667,016479;-391,062378;-0,005822;0,084252;-0,322674;-0,942735;248,212463;621,349487;-247,044388;0,167064;-0,045847;-0,040475;-0,984048;327,728638;401,749573;-776,891174
1590;15,9;;;;;;;;0,215112;-0,010266;0,137797;-0,966764;386,736206;666,935242;-391,384277;-0,004583;0,08329;-0,322487;-0,942891;248,312485;621,784485;-247,281281;0,166998;-0,045862;-0,040407;-0,984061;327,700104;401,777313;-776,916687
1591;15,91;;;;;;;;0,215855;-0,010525;0,138911;-0,966437;386,780853;666,789429;-391,709808;-0,003182;0,082582;-0,322604;-0,942919;248,429291;622,203491;-247,50618;0,16712;-0,045774;-0,040378;-0,984045;327,759399;401,69812;-776,867371
1592;15,92;;;;;;;;0,215541;-0,013235;0,139481;-0,966391;386,699402;666,759155;-392,08197;-0,001465;0,082355;-0,322688;-0,942914;248,578537;622,595215;-247,707932;0,167162;-0,045813;-0,040371;-0,984037;327,726074;401,663544;-776,853699
1593;15,93;;;;;;;;0,216307;-0,01299;0,13992;-0,96616;386,725494;666,671509;-392,397156;-0,000831;0,080897;-0,322498;-0,943107;248,626083;623,049377;-247,958069;0,167183;-0,045911;-0,040412;-0,984027;327,665863;401,647827;-776,856079
1594;15,94;;;;;;;;0,217282;-0,012386;0,14026;-0,9659;386,773163;666,578918;-392,695923;0,000648;0,080269;-0,322272;-0,943238;248,751083;623,448181;-248,190277;0,167244;-0,045833;-0,040353;-0,984023;327,714233;401,597778;-776,823486
1595;15,95;;;;;;;;0,21944;-0,009619;0,14011;-0,965465;386,901215;666,450195;-392,959259;0,001973;0,079575;-0,321919;-0,943415;248,880463;623,841797;-248,420776;0,167287;-0,045838;-0,040368;-0,984015;327,721191;401,570709;-776,819092
1596;15,96;;;;;;;;0,220125;-0,009873;0,14017;-0,965298;386,921143;666,380005;-393,256042;0,003551;0,078847;-0,321739;-0,943533;249,014725;624,262756;-248,64679;0,167339;-0,045815;-0,040305;-0,984009;327,726807;401,529144;-776,791443
1597;15,97;;;;;;;;0,219497;-0,013266;0,140746;-0,965317;386,856903;666,354248;-393,601349;0,004866;0,078156;-0,321855;-0,943545;249,127029;624,669434;-248,868271;0,167339;-0,04584;-0,040268;-0,98401;327,701111;401,521667;-776,786804
1598;15,98;;;;;;;;0,220321;-0,013326;0,140836;-0,965115;386,885254;666,273254;-393,917999;0,006265;0,077445;-0,321885;-0,943585;249,243652;625,079224;-249,102386;0,167422;-0,045773;-0,040283;-0,983998;327,753906;401,475281;-776,755493
1599;15,99;;;;;;;;0,221206;-0,013228;0,141001;-0,96489;386,908569;666,185303;-394,247894;0,008516;0,077591;-0,321839;-0,943571;249,442642;625,469421;-249,313675;0,167461;-0,045791;-0,040308;-0,983989;327,748901;401,453247;-776,755127
1600;16;;;;;;;;0,2221;-0,013193;0,141288;-0,964643;386,933624;666,097046;-394,559387;0,009961;0,07693;-0,32169;-0,943662;249,555801;625,882507;-249,557663;0,167515;-0,045784;-0,040272;-0,983982;327,746338;401,411255;-776,732483
1601;16,01;;;;;;;;0,22295;-0,013189;0,141776;-0,964375;386,97879;666,005005;-394,878693;0,011549;0,076255;-0,321126;-0,943891;249,699142;626,333801;-249,818069;0,167562;-0,045811;-0,040365;-0,983969;327,746155;401,402588;-776,721802
1602;16,02;;;;;;;;0,223691;-0,013183;0,141889;-0,964187;387,006287;665,908875;-395,207214;0,012943;0,075563;-0,321139;-0,943924;249,824585;626,765503;-250,078796;0,167641;-0,045839;-0,040373;-0,983954;327,729218;401,350006;-776,704773
1603;16,03;;;;;;;;0,224572;-0,013108;0,14179;-0,963998;387,035278;665,807312;-395,537048;0,014498;0,07482;-0,321116;-0,943968;249,939835;627,200195;-250,347488;0,167644;-0,045781;-0,040258;-0,983961;327,746613;401,325897;-776,693115
1604;16,04;;;;;;;;0,225606;-0,013322;0,141473;-0,9638;387,039612;665,65979;-395,876007;0,016059;0,073974;-0,321243;-0,943967;250,076294;627,662598;-250,605606;0,167738;-0,045813;-0,040404;-0,983937;327,7547;401,292328;-776,66687
1605;16,05;;;;;;;;0,226561;-0,013316;0,141711;-0,963541;387,062866;665,564087;-396,213623;0,017717;0,073377;-0,320848;-0,944118;250,206497;628,099487;-250,868622;0,16779;-0,045865;-0,040425;-0,983925;327,718109;401,25592;-776,657104
1606;16,06;;;;;;;;0,22742;-0,013138;0,142494;-0,963225;387,107727;665,465454;-396,551147;0,019176;0,072571;-0,320468;-0,944281;250,356674;628,552246;-251,13681;0,167878;-0,045769;-0,040304;-0,98392;327,76593;401,182892;-776,606934
1607;16,07;;;;;;;;0,228293;-0,013247;0,143041;-0,962936;387,146912;665,356628;-396,880859;0,020725;0,071797;-0,320262;-0,944377;250,511673;629,002869;-251,403503;0,167895;-0,045781;-0,040382;-0,983913;327,776428;401,186005;-776,604614
1608;16,08;;;;;;;;0,227827;-0,015042;0,14317;-0,963001;387,123779;665,310547;-397,24765;0,022183;0,071045;-0,320372;-0,944364;250,647491;629,450562;-251,683472;0,167947;-0,045799;-0,040436;-0,983901;327,7742;401,159576;-776,593445
1609;16,09;;;;;;;;0,228656;-0,01492;0,143154;-0,962809;387,169312;665,208435;-397,573517;0,023722;0,070469;-0,320302;-0,944393;250,775986;629,884644;-251,968201;0,167979;-0,045785;-0,040405;-0,983898;327,783386;401,136749;-776,590576
1610;16,1;;;;;;;;0,229696;-0,014785;0,143296;-0,962542;387,219025;665,110962;-397,893463;0,025251;0,069709;-0,320157;-0,944459;250,913971;630,330322;-252,230072;0,16801;-0,045816;-0,040423;-0,98389;327,774323;401,12027;-776,587341
1611;16,11;;;;;;;;0,230773;-0,014868;0,14372;-0,96222;387,266113;665,010193;-398,213379;0,026925;0,069112;-0,319682;-0,944618;251,061203;630,76947;-252,498245;0,16805;-0,045696;-0,040435;-0,983888;327,858368;401,108093;-776,551086
1612;16,12;;;;;;;;0,231663;-0,014982;0,144062;-0,961953;387,294769;664,900085;-398,530914;0,02834;0,068403;-0,319177;-0,944798;251,187317;631,185791;-252,784576;0,168108;-0,045712;-0,040368;-0,98388;327,836395;401,056274;-776,531982
1613;16,13;;;;;;;;0,232465;-0,01497;0,144157;-0,961746;387,303314;664,799133;-398,84082;0,029842;0,067583;-0,318827;-0,944929;251,334396;631,62561;-253,069229;0,168126;-0,045678;-0,040293;-0,983882;327,845428;401,031738;-776,522156
1614;16,14;;;;;;;;0,234542;-0,013161;0,144;-0,961291;387,390594;664,637573;-399,122864;0,031329;0,066913;-0,318936;-0,944892;251,453079;632,055359;-253,350052;0,16815;-0,045713;-0,040392;-0,983872;327,84021;401,031158;-776,525146
1615;16,15;;;;;;;;0,235471;-0,013136;0,143946;-0,961073;387,408051;664,539185;-399,445496;0,032813;0,066317;-0,318827;-0,94492;251,566589;632,482056;-253,62822;0,168174;-0,04571;-0,040428;-0,983867;327,845001;401,022125;-776,510864
1616;16,16;;;;;;;;0,236405;-0,013228;0,144075;-0,960823;387,441711;664,440186;-399,776794;0,034258;0,06561;-0,318593;-0,944998;251,702133;632,91217;-253,922012;0,16822;-0,045641;-0,040324;-0,983866;327,873596;400,976196;-776,481812
1617;16,17;;;;;;;;0,236967;-0,013862;0,144716;-0,960579;387,474792;664,362854;-400,116394;0,035845;0,064969;-0,318158;-0,94513;251,862106;633,347473;-254,202789;0,168262;-0,045621;-0,040378;-0,983858;327,898102;400,957092;-776,468994
1618;16,18;;;;;;;;0,23788;-0,013893;0,144919;-0,960322;387,504913;664,260376;-400,428101;0,03746;0,064369;-0,317911;-0,945191;251,986832;633,775696;-254,493958;0,168278;-0,045641;-0,040374;-0,983854;327,873962;400,941559;-776,470459
1619;16,19;;;;;;;;0,238917;-0,013738;0,145164;-0,96003;387,538635;664,154297;-400,75061;0,038908;0,06369;-0,317811;-0,945212;252,114929;634,203735;-254,787979;0,168269;-0,045645;-0,040335;-0,983857;327,862152;400,94223;-776,476135
1620;16,2;;;;;;;;0,239877;-0,01339;0,145645;-0,959723;387,560272;664,045105;-401,084259;0,040596;0,063074;-0,317688;-0,945224;252,249542;634,654785;-255,084427;0,168326;-0,045594;-0,040356;-0,983849;327,907288;400,912689;-776,44989
1621;16,21;;;;;;;;0,240251;-0,011848;0,147043;-0,959436;387,518524;663,885559;-401,436859;0,042152;0,062433;-0,317444;-0,94528;252,384094;635,0979;-255,399826;0,168354;-0,045586;-0,040372;-0,983844;327,911377;400,897797;-776,442566
1622;16,22;;;;;;;;0,241249;-0,011692;0,147573;-0,959106;387,534943;663,775085;-401,781708;0,043701;0,06173;-0,317104;-0,94537;252,527115;635,556946;-255,716049;0,168357;-0,045543;-0,0403;-0,983848;327,922089;400,88739;-776,440063
1623;16,23;;;;;;;;0,242263;-0,011529;0,147978;-0,95879;387,568939;663,663635;-402,117126;0,045351;0,060873;-0,316651;-0,9455;252,693085;636,020813;-256,038086;0,168404;-0,045476;-0,040274;-0,983844;327,969818;400,85498;-776,417175
1624;16,24;;;;;;;;0,243125;-0,011118;0,148976;-0,958422;387,603973;663,554016;-402,442993;0,046853;0,060072;-0,31653;-0,945518;252,83551;636,5;-256,377563;0,168413;-0,045502;-0,040255;-0,983842;327,947937;400,84671;-776,415771
1625;16,25;;;;;;;;0,243932;-0,010413;0,149306;-0,958174;387,620697;663,445313;-402,768372;0,048594;0,05947;-0,316239;-0,945566;253,009293;636,976013;-256,70816;0,168428;-0,045462;-0,040255;-0,983842;327,9776;400,844849;-776,404053
1626;16,26;;;;;;;;0,245034;-0,009652;0,149599;-0,957855;387,646149;663,315491;-403,095428;0,050235;0,058695;-0,31615;-0,945558;253,171204;637,452332;-257,045563;0,168451;-0,045447;-0,040198;-0,983841;327,976654;400,820465;-776,393738
1627;16,27;;;;;;;;0,245929;-0,009722;0,149228;-0,957682;387,650909;663,20752;-403,399597;0,051912;0,058171;-0,315467;-0,945728;253,33017;637,928284;-257,393219;0,168479;-0,045501;-0,040237;-0,983832;327,953857;400,807068;-776,400146
1628;16,28;;;;;;;;0,246302;-0,014496;0,144207;-0,958295;387,783569;663,059998;-403,581726;0,05351;0,057565;-0,315022;-0,945825;253,484344;638,376099;-257,713623;0,168445;-0,045475;-0,040258;-0,983838;327,973053;400,839996;-776,413025
1629;16,29;;;;;;;;0,246873;-0,014391;0,144062;-0,958172;387,718781;662,969666;-403,842926;0,055308;0,056949;-0,314409;-0,945962;253,627426;638,846008;-258,042664;0,168498;-0,045477;-0,040189;-0,983832;327,952026;400,790161;-776,394714
1630;16,3;;;;;;;;0,247517;-0,01439;0,144202;-0,957984;387,731842;662,866394;-404,119446;0,056818;0,056178;-0,314318;-0,945949;253,774643;639,285095;-258,383118;0,16855;-0,045446;-0,040189;-0,983824;327,967834;400,758514;-776,375732
1631;16,31;;;;;;;;0,248294;-0,014566;0,144319;-0,957763;387,751556;662,76062;-404,412354;0,058335;0,055585;-0,314147;-0,945949;253,924698;639,722778;-258,711975;0,168561;-0,04544;-0,040187;-0,983823;327,972656;400,751007;-776,381592
1632;16,32;;;;;;;;0,248949;-0,014337;0,144149;-0,957622;387,711182;662,654968;-404,701172;0,05984;0,054751;-0,31391;-0,945982;254,088547;640,168701;-259,048431;0,168585;-0,045457;-0,040143;-0,98382;327,946442;400,724243;-776,381226
1633;16,33;;;;;;;;0,249644;-0,014399;0,143639;-0,957517;387,663727;662,555664;-404,953949;0,061293;0,054019;-0,313373;-0,946109;254,254761;640,59375;-259,371948;0,168594;-0,045486;-0,040128;-0,983818;327,916931;400,712341;-776,386597
1634;16,34;;;;;;;;0,25027;-0,01423;0,143537;-0,957371;387,677246;662,458313;-405,198334;0,062752;0,053651;-0,312709;-0,946254;254,413757;641,015991;-259,691071;0,168633;-0,045448;-0,04017;-0,983811;327,958282;400,695648;-776,370605
1635;16,35;;;;;;;;0,250647;-0,013985;0,143835;-0,957232;387,717438;662,354797;-405,423798;0,064223;0,053135;-0,312335;-0,946308;254,540329;641,423767;-260,00885;0,168659;-0,045484;-0,040156;-0,983805;327,929138;400,670502;-776,371155
1636;16,36;;;;;;;;0,250721;-0,013878;0,143965;-0,957194;387,748108;662,268433;-405,589722;0,065782;0,052625;-0,311678;-0,946446;254,695572;641,831177;-260,330261;0,168662;-0,045539;-0,040161;-0,983802;327,887604;400,66391;-776,388
1637;16,37;;;;;;;;0,250816;-0,013952;0,144191;-0,957134;387,798859;662,180908;-405,76593;0,067295;0,052082;-0,311113;-0,946556;254,852295;642,246765;-260,661926;0,168704;-0,045488;-0,040109;-0,983799;327,909058;400,625397;-776,363586
1638;16,38;;;;;;;;0,251536;-0,013867;0,144415;-0,956913;387,839783;662,068481;-406,023529;0,068646;0,051413;-0,310679;-0,946638;255,024673;642,652039;-260,97403;0,168725;-0,045405;-0,040029;-0,983803;327,957062;400,602844;-776,348206
1639;16,39;;;;;;;;0,252268;-0,014101;0,144473;-0,956708;387,880341;661,962158;-406,300293;0,070105;0,050758;-0,310236;-0,946711;255,193329;643,079895;-261,300446;0,168726;-0,045399;-0,040005;-0,983804;327,955841;400,59668;-776,35022
1640;16,4;;;;;;;;0,252907;-0,014181;0,144567;-0,956524;387,930389;661,868164;-406,546143;0,071625;0,05007;-0,310759;-0,946463;255,335724;643,570557;-261,638397;0,168759;-0,045465;-0,040061;-0,983793;327,922821;400,583221;-776,356873
1641;16,41;;;;;;;;0,253294;-0,014374;0,144218;-0,956471;387,976593;661,776611;-406,769196;0,073199;0,049567;-0,310465;-0,946465;255,518112;644,006348;-261,983765;0,168799;-0,045373;-0,040009;-0,983792;327,986877;400,553619;-776,339417
1642;16,42;;;;;;;;0,253889;-0,014395;0,144012;-0,956344;388,008514;661,684937;-407,015167;0,074972;0,04909;-0,309798;-0,94657;255,689774;644,448975;-262,340881;0,168825;-0,045379;-0,039942;-0,983791;327,965088;400,528534;-776,336792
1643;16,43;;;;;;;;0,254578;-0,014385;0,143924;-0,956174;388,033203;661,596619;-407,275696;0,076492;0,048526;-0,309186;-0,946678;255,859558;644,888855;-262,690765;0,168854;-0,045354;-0,039959;-0,983786;327,981903;400,514862;-776,328125
1644;16,44;;;;;;;;0,255135;-0,014171;0,144004;-0,956017;388,069366;661,497009;-407,521301;0,077955;0,047956;-0,308554;-0,946793;256,029663;645,335327;-263,034637;0,16887;-0,045376;-0,0399;-0,983785;327,950348;400,493927;-776,334229
1645;16,45;;;;;;;;0,255546;-0,013921;0,144959;-0,955766;388,123993;661,412415;-407,763855;0,079254;0,047373;-0,308011;-0,946892;256,205566;645,771118;-263,388;0,16891;-0,045327;-0,039887;-0,98378;327,986298;400,474091;-776,324036
1646;16,46;;;;;;;;0,255822;-0,01406;0,146638;-0,955434;388,220428;661,274231;-407,983185;0,080768;0,046716;-0,307699;-0,946898;256,382904;646,197754;-263,72641;0,168923;-0,045445;-0,039844;-0,983774;327,887207;400,454712;-776,343018
1647;16,47;;;;;;;;0,256412;-0,014193;0,146805;-0,955248;388,259399;661,189331;-408,212555;0,082335;0,046212;-0,307169;-0,94696;256,53125;646,612244;-264,086487;0,16891;-0,045495;-0,039972;-0,983769;327,871582;400,485779;-776,371887
1648;16,48;;;;;;;;0,256909;-0,014515;0,146352;-0,95518;388,2771;661,115723;-408,438141;0,083676;0,045643;-0,307085;-0,946897;256,668579;647,017578;-264,425903;0,168984;-0,045378;-0,03993;-0,983764;327,931824;400,433716;-776,338196
1649;16,49;;;;;;;;0,256704;-0,017938;0,143087;-0,955671;388,438599;660,984497;-408,611816;0,085281;0,045247;-0,306349;-0,947011;256,836884;647,448181;-264,772736;0,169036;-0,045413;-0,039881;-0,983755;327,894867;400,393738;-776,333313
1650;16,5;;;;;;;;0,257883;-0,014785;0,146351;-0,954913;388,41803;660,955505;-408,894897;0,086651;0,044698;-0,305465;-0,947198;257,040192;647,887878;-265,125;0,169069;-0,045349;-0,03991;-0,983751;327,949158;400,383881;-776,323059
1651;16,51;;;;;;;;0,258328;-0,014717;0,146443;-0,95478;388,493958;660,858887;-409,131775;0,088139;0,044098;-0,304977;-0,947246;257,218933;648,305542;-265,475464;0,16912;-0,045354;-0,039832;-0,983745;327,924744;400,334259;-776,305908
1652;16,52;;;;;;;;0,25892;-0,01466;0,146908;-0,954549;388,575684;660,770813;-409,376801;0,089667;0,043672;-0,304424;-0,947301;257,384918;648,716125;-265,829163;0,169128;-0,045266;-0,039734;-0,983752;327,965027;400,314911;-776,29364
1653;16,53;;;;;;;;0,259557;-0,014533;0,147452;-0,954294;388,687317;660,689331;-409,614258;0,091034;0,04311;-0,303935;-0,947353;257,558319;649,128357;-266,177277;0,169187;-0,045274;-0,039799;-0,983739;327,981812;400,291626;-776,289612
1654;16,54;;;;;;;;0,260219;-0,014711;0,147808;-0,954056;388,821991;660,607361;-409,837494;0,092398;0,042633;-0,303211;-0,947475;257,741974;649,523804;-266,521088;0,169201;-0,045299;-0,039827;-0,983734;327,976257;400,290558;-776,301636
1655;16,55;;;;;;;;0,260807;-0,01466;0,148164;-0,953841;388,944519;660,50769;-410,065216;0,093835;0,042273;-0,302432;-0,947598;257,927734;649,928955;-266,865906;0,169261;-0,045317;-0,039789;-0,983725;327,957947;400,244354;-776,296204
1656;16,56;;;;;;;;0,261346;-0,014572;0,148588;-0,953629;389,094269;660,401672;-410,296356;0,095272;0,041769;-0,301988;-0,947619;258,083069;650,335388;-267,207214;0,169279;-0,045336;-0,039784;-0,983721;327,946838;400,233643;-776,299805
1657;16,57;;;;;;;;0,261884;-0,014978;0,148926;-0,953422;389,241821;660,307861;-410,52951;0,09661;0,04128;-0,301396;-0,947694;258,251251;650,730774;-267,554993;0,169325;-0,045396;-0,039844;-0,983708;327,91861;400,21579;-776,306519
1658;16,58;;;;;;;;0,262399;-0,015257;0,149814;-0,953137;389,401215;660,214417;-410,759003;0,098024;0,040815;-0,300793;-0,94776;258,425629;651,121338;-267,904663;0,169355;-0,045401;-0,039764;-0,983706;327,901978;400,187683;-776,306885
1659;16,59;;;;;;;;0,262336;-0,017642;0,148448;-0,953327;389,64978;660,061829;-410,946503;0,09934;0,040363;-0,300145;-0,947848;258,608124;651,514526;-268,236145;0,169426;-0,045366;-0,039746;-0,983696;327,926331;400,142303;-776,286804
1660;16,6;;;;;;;;0,262914;-0,017152;0,149293;-0,953045;389,800781;659,967468;-411,180298;0,100538;0,039814;-0,299905;-0,947821;258,77417;651,892273;-268,563232;0,169443;-0,045365;-0,039696;-0,983695;327,906891;400,123138;-776,290039
1661;16,61;;;;;;;;0,263549;-0,016704;0,15017;-0,952739;389,951202;659,873108;-411,408112;0,101979;0,039569;-0,299131;-0,947922;258,936401;652,257507;-268,897797;0,169462;-0,045414;-0,039793;-0,983685;327,901825;400,12677;-776,314636
1662;16,62;;;;;;;;0,264083;-0,016494;0,151244;-0,952425;390,09137;659,780945;-411,632477;0,103209;0,039135;-0,298551;-0,947989;259,081055;652,612183;-269,228973;0,169466;-0,045325;-0,039729;-0,983691;327,941772;400,117737;-776,311096
1663;16,63;;;;;;;;0,264664;-0,016014;0,152461;-0,952078;390,229065;659,696472;-411,8461;0,10465;0,038834;-0,29777;-0,948089;259,224304;652,97467;-269,565247;0,169555;-0,045305;-0,039695;-0,983678;327,935638;400,051239;-776,286377
1664;16,64;;;;;;;;0,265262;-0,015835;0,153704;-0,951714;390,38385;659,61731;-412,071716;0,105801;0,038364;-0,297562;-0,948046;259,363281;653,337097;-269,889862;0,169614;-0,045344;-0,039716;-0,983665;327,908112;400,017273;-776,283691
1665;16,65;;;;;;;;0,265866;-0,015356;0,154547;-0,951417;390,534698;659,535889;-412,299347;0,106957;0,038091;-0,297106;-0,94807;259,519806;653,681335;-270,20575;0,169659;-0,045283;-0,039687;-0,983662;327,94458;399,992767;-776,271606
1666;16,66;;;;;;;;0,266288;-0,014698;0,155669;-0,951127;390,682739;659,455627;-412,505219;0,108171;0,037537;-0,296526;-0,948136;259,672943;654,026001;-270,519897;0,169685;-0,045256;-0,039669;-0,983659;327,955475;399,977081;-776,278137
1667;16,67;;;;;;;;0,266888;-0,013879;0,15686;-0,950775;390,838257;659,371399;-412,7164;0,109432;0,037077;-0,295899;-0,948206;259,837128;654,371582;-270,829987;0,169742;-0,045284;-0,039652;-0,983649;327,930267;399,934113;-776,27478
1668;16,68;;;;;;;;0,26734;-0,013858;0,157934;-0,950471;391,003479;659,291016;-412,931946;0,110566;0,036782;-0,29536;-0,948254;259,991394;654,704895;-271,149231;0,16979;-0,045294;-0,039673;-0,983639;327,934662;399,91095;-776,279968
1669;16,69;;;;;;;;0,267959;-0,013507;0,159371;-0,950061;391,183044;659,210083;-413,128784;0,111674;0,03645;-0,295033;-0,948238;260,135925;655,026367;-271,453064;0,169858;-0,045232;-0,039609;-0,983633;327,968628;399,859314;-776,256531
1670;16,7;;;;;;;;0,268481;-0,013324;0,159856;-0,949835;391,334076;659,131165;-413,312988;0,112761;0,036108;-0,294575;-0,948265;260,270691;655,350708;-271,753113;0,169905;-0,045246;-0,039637;-0,983623;327,963776;399,834686;-776,253723
1671;16,71;;;;;;;;0,268945;-0,013245;0,16051;-0,949595;391,480652;659,0578;-413,488861;0,113938;0,035886;-0,29382;-0,948367;260,406891;655,64978;-272,035858;0,169953;-0,045236;-0,039636;-0,983615;327,981232;399,805817;-776,257935
1672;16,72;;;;;;;;0,269325;-0,012981;0,161344;-0,949349;391,62738;658,984558;-413,673645;0,115016;0,035464;-0,293353;-0,948397;260,557587;655,938049;-272,316925;0,169971;-0,045185;-0,039502;-0,98362;327,984802;399,773834;-776,258057
1673;16,73;;;;;;;;0,269766;-0,012881;0,162134;-0,949091;391,762085;658,917053;-413,848206;0,116062;0,035212;-0,292902;-0,948419;260,677795;656,222473;-272,583374;0,170033;-0,045258;-0,039624;-0,983601;327,964111;399,759766;-776,268311
1674;16,74;;;;;;;;0,270232;-0,012788;0,162908;-0,948827;391,903625;658,852783;-414,016632;0,116979;0,03493;-0,292543;-0,948427;260,794037;656,494873;-272,844696;0,170088;-0,045244;-0,03961;-0,983592;327,968842;399,730103;-776,268677
1675;16,75;;;;;;;;0,27063;-0,012687;0,163798;-0,948561;392,048492;658,794922;-414,175354;0,117924;0,034668;-0,292177;-0,948433;260,906647;656,762634;-273,094788;0,170145;-0,045186;-0,039523;-0,983589;327,989105;399,686646;-776,253723
1676;16,76;;;;;;;;0,27093;-0,012785;0,164422;-0,948367;392,182831;658,733582;-414,327148;0,118667;0,034395;-0,29189;-0,948438;261,020325;657,022644;-273,350067;0,170193;-0,045191;-0,039542;-0,98358;327,982086;399,665253;-776,254761
1677;16,77;;;;;;;;0,271201;-0,01274;0,164603;-0,948258;392,303589;658,675903;-414,478363;0,119543;0,034066;-0,291567;-0,94844;261,135437;657,2724;-273,601715;0,170244;-0,045278;-0,039604;-0,983564;327,934143;399,643036;-776,276184
1678;16,78;;;;;;;;0,271467;-0,012757;0,16513;-0,94809;392,41687;658,618652;-414,634552;0,120512;0,033811;-0,29106;-0,948482;261,233887;657,521851;-273,846252;0,170255;-0,045201;-0,03949;-0,98357;327,952637;399,625549;-776,278137
1679;16,79;;;;;;;;0,271766;-0,012767;0,165436;-0,947951;392,538116;658,567627;-414,780121;0,12141;0,03351;-0,290674;-0,948496;261,333649;657,762573;-274,080963;0,170279;-0,045371;-0,039532;-0,983557;327,825806;399,613647;-776,32666
1680;16,8;;;;;;;;0,272102;-0,012784;0,165821;-0,947787;392,648926;658,516296;-414,925842;0,122459;0,032857;-0,29043;-0,948459;261,410248;657,947571;-274,350708;0,170311;-0,045394;-0,039589;-0,983548;327,814697;399,608948;-776,344299
1681;16,81;;;;;;;;0,272418;-0,012931;0,166404;-0,947592;392,763641;658,459961;-415,07785;0,12332;0,032618;-0,290178;-0,948433;261,502838;658,186462;-274,60318;0,170357;-0,045452;-0,03956;-0,983538;327,761169;399,574188;-776,360413
1682;16,82;;;;;;;;0,272783;-0,01286;0,167274;-0,947335;392,881927;658,403198;-415,231232;0,124243;0,032397;-0,289806;-0,948434;261,610687;658,426697;-274,83963;0,170432;-0,045458;-0,039602;-0,983523;327,766296;399,535004;-776,358826
1683;16,83;;;;;;;;0,27311;-0,012941;0,167966;-0,947117;393,002686;658,352661;-415,379822;0,125149;0,032103;-0,289259;-0,948492;261,722839;658,65863;-275,075745;0,170452;-0,045481;-0,039519;-0,983522;327,71817;399,505554;-776,375427
1684;16,84;;;;;;;;0,273336;-0,012812;0,168393;-0,946978;393,105804;658,304138;-415,513855;0,126043;0,032004;-0,288702;-0,948546;261,820251;658,889221;-275,302124;0,170532;-0,045457;-0,039546;-0,983508;327,749115;399,465302;-776,367493
1685;16,85;;;;;;;;0,273535;-0,012734;0,168759;-0,946856;393,211456;658,258667;-415,646729;0,12676;0,03188;-0,288336;-0,948566;261,923401;659,10376;-275,516602;0,170536;-0,045547;-0,039575;-0,983502;327,695465;399,470917;-776,403503
1686;16,86;;;;;;;;0,273751;-0,012771;0,169009;-0,946749;393,313629;658,21344;-415,774658;0,127077;0,031952;-0,288178;-0,94857;262,028687;659,355225;-275,698395;0,170594;-0,045561;-0,039554;-0,983493;327,678497;399,431854;-776,404419
1687;16,87;;;;;;;;0,273905;-0,012712;0,169571;-0,946604;393,401398;658,172607;-415,903351;0,128088;0,03158;-0,288072;-0,948478;262,109528;659,50647;-275,921204;0,170644;-0,045464;-0,039541;-0,983489;327,748474;399,410339;-776,39679
1688;16,88;;;;;;;;0,274098;-0,012773;0,169968;-0,946477;393,491333;658,133728;-416,022217;0,12876;0,031284;-0,287879;-0,948456;262,200317;659,698303;-276,112335;0,170737;-0,045446;-0,039448;-0,983477;327,741394;399,335754;-776,382813
1689;16,89;;;;;;;;0,274295;-0,012832;0,170566;-0,946311;393,58371;658,091553;-416,15213;0,129478;0,031027;-0,287539;-0,948469;262,284637;659,898254;-276,312531;0,171017;-0,045464;-0,039436;-0,983428;327,743103;399,142975;-776,311218
1690;16,9;;;;;;;;0,274541;-0,012972;0,170765;-0,946202;393,673645;658,055359;-416,273834;0,13023;0,030929;-0,287091;-0,948505;262,369263;660,080322;-276,517334;0,171099;-0,045527;-0,039496;-0,983409;327,708313;399,103058;-776,322021
1691;16,91;;;;;;;;0,2749;-0,013067;0,171472;-0,945969;393,753967;658,023621;-416,398193;0,130945;0,030752;-0,286631;-0,948552;262,451447;660,263977;-276,714172;0,171154;-0,04559;-0,039405;-0,9834;327,646423;399,048218;-776,332764
1692;16,92;;;;;;;;0,275234;-0,012999;0,17204;-0,945769;393,826447;657,984314;-416,521912;0,13161;0,030494;-0,286366;-0,948548;262,533936;660,444458;-276,904114;0,171221;-0,04559;-0,039468;-0,983386;327,648529;399,021698;-776,332825
1693;16,93;;;;;;;;0,275366;-0,013077;0,172152;-0,945709;393,895966;657,953186;-416,636017;0,132195;0,030244;-0,286308;-0,948492;262,604797;660,621582;-277,087982;0,171263;-0,045587;-0,039486;-0,983378;327,65213;399,002869;-776,350159
1694;16,94;;;;;;;;0,275578;-0,013048;0,17261;-0,945564;393,955933;657,92334;-416,751343;0,132795;0,030115;-0,286258;-0,948428;262,666901;660,796387;-277,275726;0,171367;-0,045626;-0,03943;-0,98336;327,613617;398,928833;-776,340515
1695;16,95;;;;;;;;0,275784;-0,013039;0,172811;-0,945468;394,01709;657,89624;-416,860596;0,133402;0,029918;-0,286094;-0,948398;262,726746;660,968628;-277,45285;0,171415;-0,045586;-0,039437;-0,983353;327,641266;398,907379;-776,346985
1696;16,96;;;;;;;;0,275948;-0,012964;0,172983;-0,94539;394,078552;657,86908;-416,968201;0,133965;0,029814;-0,285918;-0,948375;262,784668;661,133484;-277,631866;0,171479;-0,045569;-0,039408;-0,983344;327,633148;398,861511;-776,352417
1697;16,97;;;;;;;;0,276054;-0,013066;0,173301;-0,945299;394,138092;657,843567;-417,090057;0,134597;0,029776;-0,28544;-0,948431;262,846619;661,302612;-277,815033;0,171568;-0,045599;-0,039443;-0,983326;327,621094;398,814392;-776,356567
1698;16,98;;;;;;;;0,276229;-0,013064;0,173722;-0,945171;394,19754;657,820618;-417,203522;0,135221;0,029523;-0,285178;-0,948429;262,91983;661,47583;-278,000458;0,171644;-0,045569;-0,039359;-0,983317;327,620605;398,758301;-776,348022
1699;16,99;;;;;;;;0,276502;-0,013159;0,173896;-0,945057;394,251617;657,796997;-417,31189;0,135847;0,029371;-0,284781;-0,948463;263,003204;661,636414;-278,176208;0,171719;-0,045674;-0,039466;-0,983295;327,569885;398,728943;-776,363708
1700;17;;;;;;;;0,276704;-0,013041;0,174252;-0,944934;394,301819;657,774292;-417,400726;0,136261;0,029335;-0,284425;-0,948512;263,07608;661,771851;-278,316864;0,171765;-0,045602;-0,039397;-0,983293;327,603729;398,696442;-776,352783
1701;17,01;;;;;;;;0,276834;-0,013203;0,174449;-0,944858;394,346954;657,75238;-417,455841;0,136672;0,029283;-0,284073;-0,94856;263,13269;661,863953;-278,419159;0,171776;-0,045736;-0,039445;-0,983283;327,528839;398,693298;-776,381348
1702;17,02;;;;;;;;0,276915;-0,013175;0,174641;-0,944799;394,385864;657,73175;-417,487396;0,136891;0,029256;-0,283955;-0,948564;263,17099;661,920166;-278,472504;0,171795;-0,045597;-0,039408;-0,983288;327,622498;398,678314;-776,352417
1703;17,03;;;;;;;;0,276926;-0,01318;0,174854;-0,944756;394,415222;657,717957;-417,497375;0,137048;0,029219;-0,283898;-0,94856;263,187012;661,95166;-278,500671;0,171754;-0,04567;-0,039504;-0,983287;327,598846;398,721527;-776,37854
1704;17,04;;;;;;;;0,276907;-0,013182;0,174894;-0,944754;394,437439;657,7099;-417,508911;0,137121;0,029188;-0,283919;-0,948544;263,200378;661,977234;-278,523529;0,171719;-0,045608;-0,039354;-0,983303;327,604645;398,718506;-776,374634
1705;17,05;;;;;;;;0,276901;-0,013324;0,174908;-0,944752;394,45285;657,702942;-417,526367;0,13725;0,029118;-0,283853;-0,948547;263,214844;662,010742;-278,557129;0,171751;-0,045711;-0,039452;-0,983288;327,558807;398,710052;-776,379395
1706;17,06;;;;;;;;0,276984;-0,013243;0,175062;-0,9447;394,470612;657,695129;-417,555817;0,137461;0,029043;-0,283837;-0,948524;263,234253;662,066467;-278,608917;0,171793;-0,045658;-0,039464;-0,983283;327,595245;398,691681;-776,361023
1707;17,07;;;;;;;;0,277092;-0,013344;0,17517;-0,944647;394,488281;657,687683;-417,604401;0,137763;0,028966;-0,283789;-0,948497;263,258087;662,137939;-278,682739;0,171809;-0,045633;-0,039387;-0,983284;327,587463;398,672028;-776,357666
1708;17,08;;;;;;;;0,277223;-0,013333;0,175647;-0,94452;394,521149;657,677429;-417,658325;0,137973;0,028838;-0,28386;-0,948449;263,288422;662,215881;-278,760925;0,171857;-0,045729;-0,039472;-0,983268;327,547455;398,656982;-776,369324
1709;17,09;;;;;;;;0,277407;-0,011688;0,175309;-0,944551;394,617096;657,69812;-417,662048;0,13822;0,028839;-0,283922;-0,948395;263,328308;662,298584;-278,837494;0,171873;-0,04573;-0,039467;-0,983265;327,534088;398,648987;-776,374878
1710;17,1;;;;;;;;0,277539;-0,011852;0,17532;-0,944508;394,638367;657,686401;-417,707642;0,138454;0,028779;-0,283857;-0,948382;263,356232;662,362305;-278,912262;0,171924;-0,045735;-0,039442;-0,983257;327,526794;398,611267;-776,368591
1711;17,11;;;;;;;;0,277716;-0,011784;0,175696;-0,944386;394,65686;657,669617;-417,758545;0,138614;0,028711;-0,283939;-0,948336;263,379639;662,411926;-278,973846;0,171912;-0,045732;-0,039454;-0,983259;327,533295;398,625916;-776,388184
1712;17,12;;;;;;;;0,277734;-0,011816;0,175596;-0,944399;394,667633;657,658081;-417,78949;0,138737;0,028663;-0,283894;-0,948333;263,390778;662,444824;-279,019135;0,171925;-0,04569;-0,03942;-0,98326;327,545349;398,611694;-776,388245
1713;17,13;;;;;;;;0,277788;-0,011815;0,175689;-0,944366;394,676178;657,652893;-417,809845;0,138806;0,028585;-0,28384;-0,948341;263,398499;662,470459;-279,052032;0,171926;-0,045732;-0,039511;-0,983254;327,537384;398,626862;-776,406433
1714;17,14;;;;;;;;0,277901;-0,012329;0,175844;-0,944298;394,655548;657,620483;-417,838684;0,138931;0,028598;-0,283873;-0,948312;263,402527;662,491943;-279,073853;0,171927;-0,045741;-0,039466;-0,983256;327,516235;398,615631;-776,402039
1715;17,15;;;;;;;;0,27793;-0,01234;0,175847;-0,944289;394,659393;657,614685;-417,839355;0,138978;0,02854;-0,28385;-0,948314;263,409271;662,510559;-279,092712;0,171923;-0,045696;-0,039454;-0,983259;327,535645;398,615051;-776,389038
1716;17,16;;;;;;;;0,277891;-0,012287;0,175953;-0,944281;394,671539;657,6073;-417,842224;0,139075;0,028538;-0,283775;-0,948322;263,419281;662,530396;-279,103638;0,171915;-0,045763;-0,039493;-0,983256;327,501251;398,624481;-776,394958
1717;17,17;;;;;;;;0,277938;-0,012301;0,176127;-0,944234;394,687073;657,600098;-417,840332;0,139141;0,028521;-0,283754;-0,948319;263,43808;662,550903;-279,118011;0,171911;-0,045721;-0,039485;-0,983258;327,538666;398,628998;-776,38623
1718;17,18;;;;;;;;0,277963;-0,012295;0,176119;-0,944228;394,70752;657,591614;-417,846375;0,139257;0,028496;-0,283666;-0,94833;263,455231;662,574036;-279,136078;0,171921;-0,045718;-0,039447;-0,983258;327,536835;398,614471;-776,372803
1719;17,19;;;;;;;;0,278018;-0,012329;0,176085;-0,944218;394,725189;657,584167;-417,859985;0,139342;0,028513;-0,283608;-0,948334;263,478027;662,598511;-279,156799;0,171924;-0,045849;-0,03956;-0,983247;327,479279;398,630005;-776,39386
1720;17,2;;;;;;;;0,278045;-0,012287;0,176307;-0,94417;394,740387;657,576355;-417,872528;0,139418;0,028484;-0,283557;-0,948339;263,49411;662,618347;-279,184265;0,171916;-0,045708;-0,039468;-0,983259;327,563599;398,625824;-776,377197
1721;17,21;;;;;;;;0,278042;-0,012348;0,176203;-0,944189;394,752991;657,572632;-417,891418;0,139456;0,028476;-0,283486;-0,948355;263,503204;662,63385;-279,207092;0,171903;-0,045837;-0,039448;-0,983256;327,464966;398,624512;-776,40686
1722;17,22;;;;;;;;0,278095;-0,01241;0,176257;-0,944162;394,763763;657,569885;-417,900543;0,139487;0,028437;-0,283555;-0,948331;263,510956;662,647034;-279,22702;0,17192;-0,045681;-0,039442;-0,983261;327,573029;398,620026;-776,380432
1723;17,23;;;;;;;;0,27806;-0,012363;0,176256;-0,944174;394,7565;657,57019;-417,913971;0,139503;0,028408;-0,283593;-0,948318;263,505432;662,660828;-279,249207;0,171912;-0,045721;-0,039454;-0,983259;327,542603;398,626251;-776,399475
1724;17,24;;;;;;;;0,278094;-0,012343;0,176292;-0,944157;394,755096;657,564819;-417,927277;0,139551;0,028383;-0,283539;-0,948328;263,508606;662,671082;-279,264343;0,171937;-0,045796;-0,039501;-0,98325;327,500305;398,613556;-776,409058
1725;17,25;;;;;;;;0,278103;-0,012318;0,176407;-0,944133;394,757996;657,560669;-417,933105;0,139631;0,028356;-0,283534;-0,948318;263,508636;662,682983;-279,279388;0,171902;-0,045923;-0,039604;-0,983246;327,435211;398,647614;-776,451111
1726;17,26;;;;;;;;0,278159;-0,012265;0,176341;-0,94413;394,755524;657,557251;-417,937103;0,139688;0,028336;-0,28353;-0,948312;263,514008;662,699463;-279,292419;0,171948;-0,045735;-0,039501;-0,983251;327,535278;398,609741;-776,392212
1727;17,27;;;;;;;;0,278141;-0,01228;0,176486;-0,944108;394,765839;657,551575;-417,930603;0,13974;0,028368;-0,283481;-0,948318;263,519348;662,714539;-279,294983;0,171903;-0,045759;-0,039445;-0,98326;327,49646;398,628876;-776,402771
1728;17,28;;;;;;;;0,278139;-0,012318;0,17651;-0,944103;394,77298;657,54895;-417,923706;0,139791;0,028359;-0,28341;-0,948332;263,530884;662,722351;-279,294556;0,171925;-0,045689;-0,039457;-0,983259;327,552551;398,619568;-776,371765
1729;17,29;;;;;;;;0,278091;-0,012265;0,17658;-0,944105;394,775818;657,539429;-417,915985;0,139793;0,028337;-0,283409;-0,948332;263,533264;662,71814;-279,29187;0,171883;-0,045833;-0,039543;-0,983256;327,472107;398,652069;-776,40509
1730;17,3;;;;;;;;0,278111;-0,012242;0,176553;-0,944105;394,780182;657,538086;-417,913116;0,139771;0,028366;-0,283366;-0,948348;263,536774;662,719055;-279,288177;0,171895;-0,045717;-0,0394;-0,983265;327,516846;398,624725;-776,375671
1731;17,31;;;;;;;;0,278087;-0,012262;0,176574;-0,944107;394,781067;657,536804;-417,91272;0,139802;0,028336;-0,283447;-0,94832;263,538513;662,71936;-279,288635;0,171851;-0,045677;-0,039459;-0,983272;327,564606;398,667236;-776,390503
1732;17,32;;;;;;;;0,278077;-0,012248;0,176576;-0,94411;394,781494;657,537781;-417,915192;0,139799;0,028352;-0,283392;-0,948336;263,534515;662,721741;-279,297241;0,171884;-0,045676;-0,039432;-0,983268;327,54715;398,639008;-776,379272
1733;17,33;;;;;;;;0,278092;-0,012225;0,176565;-0,944108;394,784393;657,531799;-417,93158;0,139816;0,028265;-0,283471;-0,948313;263,535675;662,728577;-279,316711;0,171878;-0,045724;-0,039418;-0,983267;327,508972;398,636505;-776,398865
1734;17,34;;;;;;;;0,278111;-0,012215;0,176665;-0,944084;394,788208;657,528198;-417,943207;0,139871;0,028287;-0,283349;-0,94834;263,547089;662,737732;-279,333252;0,171886;-0,045729;-0,039464;-0,983263;327,530334;398,638153;-776,405212
1735;17,35;;;;;;;;0,278159;-0,012247;0,176638;-0,944075;394,79715;657,527588;-417,946106;0,139925;0,028283;-0,283346;-0,948333;263,557526;662,749634;-279,344604;0,171879;-0,045822;-0,039536;-0,983257;327,477997;398,653137;-776,422302
1736;17,36;;;;;;;;0,278146;-0,01226;0,176658;-0,944074;394,80658;657,523682;-417,940613;0,139932;0,028277;-0,283319;-0,948341;263,566986;662,756836;-279,343292;0,171895;-0,04574;-0,039486;-0,98326;327,532745;398,640503;-776,393921
1737;17,37;;;;;;;;0,27809;-0,012187;0,176761;-0,944073;394,811371;657,52063;-417,935028;0,139923;0,028276;-0,283277;-0,948355;263,578827;662,757385;-279,332947;0,171848;-0,045753;-0,039456;-0,983269;327,51828;398,667358;-776,405579
1738;17,38;;;;;;;;0,278122;-0,012127;0,176843;-0,944049;394,823059;657,516907;-417,925598;0,13991;0,028269;-0,283277;-0,948357;263,585968;662,752869;-279,322083;0,171883;-0,045702;-0,039454;-0,983266;327,560394;398,644196;-776,377441
1739;17,39;;;;;;;;0,278086;-0,012228;0,176788;-0,944068;394,824524;657,515564;-417,911163;0,139905;0,028258;-0,283275;-0,948358;263,582611;662,749756;-279,312775;0,171844;-0,045766;-0,039458;-0,983269;327,512756;398,667877;-776,392883
1740;17,4;;;;;;;;0,278057;-0,012157;0,176884;-0,944059;394,815094;657,51355;-417,902649;0,13986;0,028271;-0,28338;-0,948333;263,574127;662,745483;-279,305084;0,171831;-0,045768;-0,039475;-0,983271;327,513214;398,677521;-776,393005
1741;17,41;;;;;;;;0,278055;-0,01229;0,176756;-0,944082;394,815735;657,518494;-417,901978;0,139904;0,028296;-0,283341;-0,948338;263,567535;662,747498;-279,304291;0,171822;-0,045728;-0,039438;-0,983276;327,520386;398,68161;-776,386963
1742;17,42;;;;;;;;0,278048;-0,012253;0,176778;-0,944081;394,809296;657,513672;-417,902405;0,139895;0,028261;-0,283377;-0,948329;263,565033;662,747925;-279,307465;0,171828;-0,045742;-0,03948;-0,983272;327,516602;398,680206;-776,390076
1743;17,43;;;;;;;;0,27808;-0,012302;0,176794;-0,944068;394,805267;657,512451;-417,90741;0,139923;0,028263;-0,28332;-0,948342;263,560303;662,750916;-279,317505;0,171829;-0,045691;-0,03945;-0,983276;327,54007;398,674805;-776,382813
1744;17,44;;;;;;;;0,278054;-0,01212;0,176865;-0,944065;394,802338;657,509338;-417,919006;0,139938;0,028274;-0,283306;-0,948344;263,563751;662,75415;-279,327881;0,171845;-0,04575;-0,039505;-0,983268;327,512146;398,672394;-776,396973
1745;17,45;;;;;;;;0,278093;-0,012274;0,17675;-0,944073;394,811371;657,508484;-417,920776;0,139955;0,028267;-0,283228;-0,948365;263,566956;662,756348;-279,336609;0,171831;-0,045643;-0,039416;-0,983279;327,561737;398,668518;-776,382813
1746;17,46;;;;;;;;0,278071;-0,012204;0,176782;-0,944074;394,811035;657,506348;-417,916718;0,139982;0,02827;-0,283227;-0,948361;263,571381;662,75824;-279,331268;0,171823;-0,045807;-0,039532;-0,983268;327,481537;398,692017;-776,412292
1747;17,47;;;;;;;;0,278051;-0,012212;0,176817;-0,944073;394,816986;657,502502;-417,914368;0,139967;0,02829;-0,283258;-0,948353;263,57428;662,755493;-279,330475;0,171825;-0,045698;-0,039451;-0,983276;327,541046;398,677338;-776,388367
1748;17,48;;;;;;;;0,27803;-0,012172;0,17686;-0,944072;394,820648;657,497986;-417,912384;0,13997;0,02827;-0,28319;-0,948374;263,581268;662,752441;-279,327972;0,171814;-0,04567;-0,039452;-0,983279;327,560425;398,684052;-776,385498
1749;17,49;;;;;;;;0,278058;-0,012265;0,17684;-0,944066;394,823853;657,497131;-417,90033;0,139935;0,028268;-0,283236;-0,948365;263,585144;662,750854;-279,314362;0,171821;-0,045725;-0,039452;-0,983275;327,533539;398,675446;-776,380859
1750;17,5;;;;;;;;0,278032;-0,012223;0,176911;-0,944061;394,829559;657,496948;-417,888519;0,139932;0,028254;-0,283351;-0,948332;263,581482;662,750793;-279,306824;0,171815;-0,045673;-0,039465;-0,983278;327,571136;398,684845;-776,367554
1751;17,51;;;;;;;;0,278006;-0,012265;0,176878;-0,944074;394,834503;657,494812;-417,885529;0,139942;0,028282;-0,283312;-0,948341;263,585144;662,74884;-279,300415;0,171804;-0,045683;-0,03942;-0,983281;327,549255;398,681335;-776,365601
1752;17,52;;;;;;;;0,277993;-0,012172;0,176911;-0,944073;394,838623;657,492615;-417,881897;0,139986;0,028284;-0,283126;-0,94839;263,598572;662,747192;-279,302551;0,171783;-0,045699;-0,039512;-0,983281;327,568451;398,71225;-776,378784
1753;17,53;;;;;;;;0,277994;-0,012186;0,176982;-0,94406;394,841827;657,489929;-417,881195;0,139975;0,028266;-0,283243;-0,948357;263,596954;662,748779;-279,305023;0,17178;-0,04572;-0,039449;-0,983283;327,543335;398,700989;-776,384216
1754;17,54;;;;;;;;0,278011;-0,012218;0,176894;-0,944071;394,843353;657,49054;-417,886353;0,139966;0,028222;-0,283224;-0,948366;263,598419;662,750916;-279,305939;0,171784;-0,045762;-0,039506;-0,983278;327,523895;398,709717;-776,394165
1755;17,55;;;;;;;;0,278005;-0,01216;0,177005;-0,944052;394,849365;657,491516;-417,889282;0,139969;0,028251;-0,283208;-0,948369;263,601288;662,753479;-279,309113;0,171762;-0,045762;-0,039454;-0,983284;327,511993;398,71405;-776,401062
1756;17,56;;;;;;;;0,278032;-0,012211;0,176884;-0,944066;394,847809;657,489319;-417,893097;0,13999;0,028243;-0,283239;-0,948357;263,60318;662,755188;-279,315277;0,17174;-0,045813;-0,039513;-0,983283;327,494476;398,74057;-776,42511
