;;Patella;Patella;Patella;Patella;Patella;Patella;Patella;Tibia;Tibia;Tibia;Tibia;Tibia;Tibia;Tibia;Femur;Femur;Femur;Femur;Femur;Femur;Femur;MP;MP;MP;MP;MP;MP;MP
;;Rotation;Rotation;Rotation;Rotation;Position;Position;Position;Rotation;Rotation;Rotation;Rotation;Position;Position;Position;Rotation;Rotation;Rotation;Rotation;Position;Position;Position;Rotation;Rotation;Rotation;Rotation;Position;Position;Position
Frame;Time (Seconds);X;Y;Z;W;X;Y;Z;X;Y;Z;W;X;Y;Z;X;Y;Z;W;X;Y;Z;X;Y;Z;W;X;Y;Z
0;0;-0,158985;0,155867;0,063248;-0,972846;127,532005;600,568237;-113,615974;-0,127062;0,100252;0,034672;-0,986206;7,897975;412,88208;-87,265732;-0,33924;-0,02697;0,085602;-0,936409;148,622665;353,917633;-616,14801;0,643709;-0,586111;-0,415933;0,262893;323,835785;-75,876854;-155,342911
1;0,01;-0,159011;0,155838;0,063482;-0,972831;127,547043;600,564941;-113,619812;-0,127125;0,100247;0,034464;-0,986206;7,911401;412,880402;-87,274612;-0,339228;-0,026987;0,085636;-0,936409;148,598145;353,904999;-616,147949;0,643688;-0,58612;-0,415984;0,262843;323,835236;-75,877838;-155,348282
2;0,02;-0,158935;0,155908;0,063551;-0,972828;127,545433;600,56543;-113,619217;-0,127151;0,100345;0,034396;-0,986195;7,918212;412,877625;-87,278328;-0,339222;-0,027098;0,085583;-0,936413;148,585907;353,93042;-616,179504;0,643725;-0,586057;-0,415987;0,262888;323,825714;-75,848412;-155,359528
3;0,03;;;;;;;;;;;;;;;;;;;;;;0,643692;-0,586166;-0,415895;0,26287;323,868103;-75,904831;-155,329575
4;0,04;-0,158982;0,155724;0,063596;-0,972847;127,568993;600,569336;-113,620575;-0,127111;0,100403;0,034402;-0,986194;7,924823;412,885529;-87,276482;;;;;;;;;;;;;;
5;0,05;-0,158973;0,155934;0,06322;-0,972839;127,577515;600,571228;-113,618118;-0,127106;0,100306;0,034419;-0,986204;7,935056;412,887848;-87,267136;-0,339232;-0,027056;0,085511;-0,936417;148,668961;353,946289;-616,158752;;;;;;;
6;0,06;-0,158914;0,155889;0,063498;-0,972838;127,585052;600,574097;-113,620605;-0,12703;0,100226;0,034498;-0,986219;7,936952;412,895569;-87,256638;-0,339199;-0,027037;0,085602;-0,936421;148,630173;353,906616;-616,143799;;;;;;;
7;0,07;-0,158925;0,155851;0,063367;-0,97285;127,590714;600,576111;-113,62162;-0,127067;0,100295;0,034455;-0,986209;7,937507;412,900604;-87,265793;-0,339207;-0,027006;0,085699;-0,936411;148,59343;353,883118;-616,145874;;;;;;;
8;0,08;-0,158912;0,155946;0,063669;-0,972818;127,587288;600,578003;-113,620392;-0,12699;0,100553;0,034396;-0,986194;7,930074;412,908234;-87,260887;-0,339215;-0,027019;0,085586;-0,936418;148,658432;353,920868;-616,142212;;;;;;;
9;0,09;-0,158897;0,156074;0,063298;-0,972824;127,593697;600,574463;-113,6185;-0,126974;0,100325;0,034675;-0,98621;7,908679;412,917847;-87,254181;-0,339238;-0,026949;0,085645;-0,936406;148,652374;353,915833;-616,130859;-0,643723;0,586121;0,415905;-0,262879;323,848083;-75,873947;-155,323212
10;0,1;-0,158937;0,15603;0,063472;-0,972813;127,588554;600,574524;-113,617142;-0,127039;0,100504;0,034368;-0,986194;7,909375;412,91687;-87,26236;-0,339255;-0,026933;0,085726;-0,936393;148,607391;353,903748;-616,144836;-0,643685;0,586154;0,415934;-0,262855;323,849792;-75,896187;-155,329681
11;0,11;-0,158873;0,155967;0,063617;-0,972824;127,579208;600,573669;-113,62088;-0,126982;0,100498;0,034533;-0,986196;7,89844;412,915649;-87,263077;-0,339223;-0,027074;0,08557;-0,936415;148,624054;353,941986;-616,160095;-0,643706;0,586118;0,415963;-0,262835;323,83844;-75,873848;-155,33287
12;0,12;-0,158887;0,155957;0,063588;-0,972825;127,56459;600,576294;-113,627068;-0,126969;0,100517;0,034487;-0,986198;7,891687;412,914368;-87,264542;-0,339184;-0,027093;0,085665;-0,93642;148,556442;353,892609;-616,161316;-0,643736;0,586093;0,415931;-0,262871;323,831543;-75,860672;-155,333618
13;0,13;-0,158893;0,15585;0,063285;-0,972861;127,556442;600,578735;-113,626884;-0,126964;0,100247;0,034581;-0,986223;7,901788;412,907959;-87,259888;-0,33919;-0,02708;0,085638;-0,93642;148,569702;353,897705;-616,16333;-0,643654;0,586192;0,41596;-0,262803;323,833771;-75,906807;-155,327972
14;0,14;-0,158867;0,156002;0,063409;-0,972833;127,549782;600,579285;-113,628548;-0,127002;0,100246;0,034548;-0,986219;7,908858;412,899475;-87,252899;-0,339232;-0,026722;0,085712;-0,936409;148,664673;353,851166;-616,082275;-0,643733;0,586113;0,415904;-0,262875;323,84082;-75,872543;-155,32341
15;0,15;-0,158905;0,155864;0,063077;-0,97287;127,544998;600,57959;-113,625946;-0,126975;0,100229;0,034499;-0,986226;7,90041;412,90271;-87,252472;-0,339216;-0,026966;0,085588;-0,936419;148,635956;353,904785;-616,131592;-0,643703;0,586144;0,415922;-0,262852;323,843109;-75,888306;-155,324738
16;0,16;-0,158899;0,155964;0,063451;-0,972831;127,531853;600,578308;-113,62204;-0,127074;0,100355;0,034398;-0,986204;7,902482;412,890717;-87,264854;-0,339203;-0,026972;0,08568;-0,936415;148,569016;353,872925;-616,136902;-0,643688;0,58609;0,415988;-0,262903;323,812286;-75,870972;-155,353134
17;0,17;-0,158933;0,155931;0,063343;-0,972838;127,52874;600,576111;-113,620483;-0,127087;0,100263;0,034408;-0,986211;7,915897;412,880768;-87,2658;-0,339218;-0,026899;0,08564;-0,936415;148,621323;353,877533;-616,120422;-0,643749;0,586081;0,41592;-0,262883;323,83847;-75,855614;-155,328415
18;0,18;-0,158955;0,155968;0,063151;-0,972841;127,519447;600,573303;-113,619194;-0,127057;0,100144;0,034561;-0,986222;7,903261;412,876221;-87,256516;-0,33921;-0,0272;0,085528;-0,93642;148,549698;353,938446;-616,185242;-0,643676;0,586108;0,416003;-0,262869;323,823364;-75,875122;-155,349167
19;0,19;-0,158991;0,155762;0,063193;-0,972865;127,507133;600,571289;-113,615326;-0,127125;0,100353;0,034277;-0,986202;7,905645;412,872284;-87,261856;-0,339248;-0,026909;0,085645;-0,936404;148,594528;353,892151;-616,128052;-0,643684;0,58615;0,41593;-0,262871;323,835632;-75,890869;-155,332138
20;0,2;-0,15895;0,155893;0,063521;-0,97283;127,508926;600,57312;-113,611542;-0,127083;0,100132;0,034553;-0,98622;7,887455;412,875122;-87,259689;-0,339201;-0,027023;0,085621;-0,93642;148,558502;353,891327;-616,136536;-0,643708;0,586074;0,415986;-0,262895;323,81897;-75,859627;-155,348907
21;0,21;-0,15896;0,155852;0,063465;-0,972838;127,512512;600,571106;-113,609398;-0,127088;0,100416;0,034406;-0,986196;7,88226;412,881195;-87,263588;-0,339216;-0,02701;0,08564;-0,936413;148,559479;353,896179;-616,137268;-0,643687;0,58614;0,415947;-0,262858;323,828156;-75,885635;-155,331757
22;0,22;-0,158957;0,155837;0,063224;-0,972857;127,517448;600,569214;-113,605995;-0,127014;0,100262;0,034641;-0,986213;7,875404;412,888184;-87,252602;-0,339224;-0,027142;0,085578;-0,936412;148,539154;353,938538;-616,1698;-0,643664;0,586177;0,415929;-0,262861;323,826569;-75,906425;-155,327713
23;0,23;-0,158934;0,155867;0,063327;-0,972849;127,522408;600,569397;-113,603752;-0,127047;0,100135;0,034606;-0,986222;7,883931;412,886566;-87,249214;-0,339257;-0,026924;0,085595;-0,936404;148,62117;353,927307;-616,118408;-0,643718;0,586093;0,415931;-0,262914;323,81076;-75,870728;-155,33345
24;0,24;-0,158934;0,155859;0,063291;-0,972853;127,532158;600,566162;-113,603905;-0,127062;0,100316;0,034535;-0,986205;7,883162;412,890045;-87,249397;-0,339236;-0,027115;0,085591;-0,936407;148,549683;353,943237;-616,162231;-0,643729;0,586095;0,415934;-0,262876;323,810455;-75,863586;-155,323578
25;0,25;-0,158979;0,155823;0,063147;-0,97286;127,536163;600,568787;-113,604927;-0,127067;0,100236;0,034584;-0,98621;7,885629;412,890961;-87,25267;-0,339224;-0,027002;0,085616;-0,936412;148,585617;353,916565;-616,130981;-0,643683;0,586076;0,41604;-0,262864;323,776489;-75,856689;-155,351379
26;0,26;-0,158927;0,155785;0,063086;-0,972879;127,529892;600,569275;-113,605797;-0,127056;0,100223;0,034625;-0,986212;7,877418;412,891815;-87,25116;-0,33924;-0,026949;0,085717;-0,936399;148,551559;353,888367;-616,130859;-0,643722;0,586122;0,415912;-0,262867;323,808502;-75,874352;-155,316711
27;0,27;-0,158927;0,155782;0,063205;-0,972872;127,525421;600,570801;-113,611061;-0,12711;0,100169;0,034466;-0,986216;7,894888;412,884247;-87,258362;-0,33922;-0,02709;0,085584;-0,936414;148,558578;353,925507;-616,157593;-0,643742;0,586092;0,415919;-0,262876;323,82196;-75,864273;-155,320999
28;0,28;-0,158904;0,155803;0,063341;-0,972863;127,515572;600,575256;-113,619995;-0,127104;0,100262;0,034441;-0,986208;7,896077;412,884766;-87,259064;-0,339214;-0,027049;0,0856;-0,936416;148,555359;353,910248;-616,144836;-0,643704;0,586059;0,416004;-0,26291;323,790375;-75,854538;-155,355682
29;0,29;-0,158911;0,155765;0,063328;-0,972869;127,504349;600,578125;-113,621269;-0,127001;0,100227;0,03461;-0,986219;7,884852;412,886688;-87,251816;-0,33924;-0,026927;0,085624;-0,936408;148,586395;353,896393;-616,132019;-0,643701;0,586137;0,415921;-0,262873;323,825012;-75,885254;-155,326797
30;0,3;-0,158964;0,155742;0,0632;-0,972872;127,510162;600,576599;-113,626724;-0,127011;0,100273;0,034562;-0,986215;7,875129;412,88913;-87,255585;-0,339211;-0,027053;0,08549;-0,936427;148,613434;353,928253;-616,146179;-0,643676;0,586167;0,415937;-0,262844;323,837189;-75,902168;-155,329483
31;0,31;-0,158877;0,15587;0,06333;-0,972858;127,511963;600,576416;-113,625;-0,127095;0,100203;0,034389;-0,986217;7,889386;412,88446;-87,264587;-0,339256;-0,026834;0,085613;-0,936406;148,63945;353,897186;-616,11322;-0,643692;0,586057;0,416034;-0,262895;323,792694;-75,850937;-155,366898
32;0,32;-0,158926;0,155828;0,063413;-0,972851;127,508942;600,572327;-113,613747;-0,127112;0,10035;0,034336;-0,986202;7,900714;412,881805;-87,259247;-0,339185;-0,027414;0,085418;-0,936433;148,50647;353,985504;-616,222046;-0,643707;0,586068;0,415992;-0,262899;323,802704;-75,858902;-155,351883
33;0,33;-0,15893;0,15587;0,063503;-0,972838;127,522362;600,57074;-113,607796;-0,127042;0,100223;0,034597;-0,986214;7,892554;412,882202;-87,252983;-0,339262;-0,026873;0,085615;-0,936402;148,628616;353,912079;-616,113831;-0,643636;0,586223;0,415947;-0,262798;323,813995;-75,917419;-155,317169
34;0,34;-0,158973;0,15583;0,063272;-0,972852;127,528297;600,567017;-113,600845;-0,12711;0,100306;0,034455;-0,986202;7,893904;412,883057;-87,259193;-0,339217;-0,027056;0,085641;-0,936411;148,544235;353,910126;-616,143433;-0,643707;0,586027;0,416085;-0,262844;323,776825;-75,833572;-155,356125
35;0,35;-0,158957;0,155866;0,063363;-0,972843;127,52095;600,566162;-113,595642;-0,127069;0,100371;0,034535;-0,986198;7,881513;412,886322;-87,250687;-0,339242;-0,026993;0,08555;-0,936412;148,628387;353,93927;-616,129456;-0,64372;0,586122;0,415911;-0,262876;323,8078;-75,879379;-155,314163
36;0,36;-0,158994;0,155926;0,063241;-0,972835;127,523468;600,566528;-113,592949;-0,127075;0,100214;0,034649;-0,986209;7,880139;412,886658;-87,249893;-0,339239;-0,027003;0,085672;-0,936401;148,538742;353,911926;-616,132019;-0,643693;0,586122;0,415965;-0,262857;323,795898;-75,877319;-155,32579
37;0,37;-0,158965;0,155806;0,063587;-0,972837;127,514603;600,566711;-113,591881;-0,127047;0,100235;0,034647;-0,986211;7,874775;412,885437;-87,243561;-0,339269;-0,026852;0,085635;-0,936399;148,618805;353,913025;-616,098328;-0,643703;0,586119;0,415985;-0,262808;323,800507;-75,869415;-155,317474
38;0,38;-0,158973;0,155952;0,063321;-0,972829;127,514275;600,56842;-113,595787;-0,127018;0,10012;0,034701;-0,986224;7,875023;412,886261;-87,246567;-0,339225;-0,027056;0,085618;-0,93641;148,540268;353,919464;-616,139526;-0,643714;0,586083;0,416003;-0,262832;323,799744;-75,856956;-155,327271
39;0,39;-0,158959;0,155822;0,063345;-0,972851;127,507179;600,569946;-113,59832;-0,127054;0,10017;0,034612;-0,986218;7,876058;412,884399;-87,248161;-0,33923;-0,027037;0,085582;-0,936412;148,563873;353,923828;-616,134644;-0,643734;0,586098;0,415937;-0,262854;323,813446;-75,859352;-155,315933
40;0,4;-0,158924;0,155812;0,063556;-0,972844;127,517525;600,572571;-113,605972;-0,127099;0,100248;0,034463;-0,986209;7,888246;412,880371;-87,257065;-0,33927;-0,02692;0,085582;-0,936401;148,631104;353,927521;-616,12854;-0,643684;0,586052;0,41609;-0,262835;323,787323;-75,845093;-155,357681
41;0,41;-0,158921;0,155878;0,063185;-0,972858;127,529266;600,57312;-113,608826;-0,127057;0,100185;0,034657;-0,986214;7,896055;412,884094;-87,249496;-0,339204;-0,027104;0,085593;-0,936419;148,553162;353,915405;-616,153687;-0,643682;0,586167;0,415928;-0,262841;323,829163;-75,896767;-155,312531
42;0,42;-0,15891;0,155747;0,063658;-0,972851;127,534149;600,576233;-113,6119;-0,127057;0,100158;0,034617;-0,986218;7,904917;412,888153;-87,253227;-0,339217;-0,026998;0,085624;-0,936414;148,585251;353,901581;-616,130798;-0,643737;0,586066;0,415926;-0,262936;323,818756;-75,86026;-155,336075
43;0,43;-0,158958;0,15593;0,06342;-0,972829;127,545776;600,577942;-113,61599;-0,127095;0,100364;0,034371;-0,986201;7,915554;412,88913;-87,257225;-0,339239;-0,026876;0,085585;-0,936413;148,67395;353,905426;-616,112976;-0,643687;0,586076;0,416039;-0,262857;323,807281;-75,859863;-155,348938
44;0,44;-0,158939;0,155768;0,063431;-0,972857;127,542404;600,580322;-113,616608;-0,127034;0,100391;0,034421;-0,986204;7,91265;412,89856;-87,257561;-0,339197;-0,026992;0,085623;-0,936422;148,60173;353,890839;-616,124084;-0,643695;0,586131;0,415947;-0,26286;323,826294;-75,882217;-155,324463
45;0,45;-0,158906;0,155994;0,063472;-0,972824;127,543198;600,580261;-113,616547;-0,127017;0,100182;0,034655;-0,98622;7,907367;412,898773;-87,248444;-0,339205;-0,026993;0,085652;-0,936416;148,579163;353,887268;-616,132446;-0,64369;0,586114;0,415965;-0,262884;323,809937;-75,876686;-155,332352
46;0,46;-0,158913;0,155885;0,063233;-0,972856;127,540115;600,57782;-113,614265;-0,126964;0,100279;0,034634;-0,986217;7,894342;412,903839;-87,250526;-0,339213;-0,026975;0,085595;-0,936419;148,614944;353,90567;-616,124695;-0,643681;0,586169;0,415935;-0,262829;323,831543;-75,898331;-155,315704
47;0,47;-0,158919;0,155897;0,0634;-0,972842;127,53904;600,574219;-113,615288;-0,127025;0,100175;0,03469;-0,986218;7,89201;412,897461;-87,252693;-0,339216;-0,026929;0,085682;-0,936411;148,582611;353,87912;-616,124451;-0,643745;0,586028;0,415962;-0,262942;323,794434;-75,840202;-155,345901
48;0,48;-0,158911;0,155883;0,063417;-0,972844;127,519173;600,575745;-113,610771;-0,127053;0,100365;0,034445;-0,986204;7,884645;412,890411;-87,257385;-0,339198;-0,027097;0,085549;-0,936425;148,583527;353,922546;-616,147156;-0,643701;0,586086;0,415976;-0,262898;323,79895;-75,864891;-155,341522
49;0,49;-0,158911;0,155845;0,063322;-0,972857;127,514526;600,570984;-113,60907;-0,127108;0,10024;0,034512;-0,986207;7,893533;412,882996;-87,259552;-0,339225;-0,02686;0,08566;-0,936412;148,604675;353,878021;-616,100525;-0,643698;0,586093;0,416022;-0,262817;323,81488;-75,862907;-155,337662
50;0,5;-0,158907;0,155825;0,0636;-0,972842;127,505959;600,571472;-113,607254;-0,127048;0,100153;0,034648;-0,986219;7,877061;412,883911;-87,250084;-0,339206;-0,02711;0,085552;-0,936421;148,552414;353,924652;-616,147461;-0,643681;0,586123;0,415988;-0,262848;323,808533;-75,874077;-155,336105
51;0,51;-0,158933;0,155832;0,063408;-0,972849;127,511902;600,57074;-113,607727;-0,127111;0,100333;0,034375;-0,986202;7,886645;412,880646;-87,259171;-0,339238;-0,027136;0,085548;-0,93641;148,545258;353,949005;-616,168457;-0,643702;0,586125;0,415926;-0,262889;323,818726;-75,877991;-155,324936
52;0,52;-0,158951;0,15586;0,063196;-0,972856;127,510208;600,573669;-113,608765;-0,127116;0,100334;0,034399;-0,986201;7,891975;412,880005;-87,262115;-0,33921;-0,026998;0,08559;-0,93642;148,59256;353,902679;-616,132874;-0,643695;0,586109;0,415976;-0,262864;323,810944;-75,868629;-155,336029
53;0,53;-0,158904;0,155909;0,06328;-0,97285;127,519829;600,573792;-113,610809;-0,127021;0,100223;0,034612;-0,986217;7,886406;412,883667;-87,254234;-0,339225;-0,026944;0,08561;-0,936414;148,601471;353,899597;-616,12738;-0,643732;0,586077;0,415955;-0,262876;323,820618;-75,85318;-155,334061
54;0,54;-0,158938;0,15586;0,06323;-0,972856;127,522781;600,574219;-113,61779;-0,127107;0,100297;0,034321;-0,986208;7,903616;412,884125;-87,25737;-0,339215;-0,027117;0,085597;-0,936414;148,537308;353,920258;-616,163208;-0,643697;0,586025;0,416125;-0,262808;323,794739;-75,827164;-155,367813
55;0,55;-0,158923;0,155862;0,063332;-0,972851;127,521027;600,572693;-113,612083;-0,127108;0,100224;0,034445;-0,986211;7,902317;412,88031;-87,259674;-0,339221;-0,026994;0,085583;-0,936417;148,594788;353,911194;-616,130554;-0,64369;0,586091;0,415993;-0,26289;323,810577;-75,870438;-155,34697
56;0,56;-0,158974;0,155877;0,063238;-0,972847;127,524864;600,569092;-113,609375;-0,127133;0,100379;0,034386;-0,986194;7,905282;412,87674;-87,260956;-0,339229;-0,027002;0,085632;-0,936409;148,568665;353,906006;-616,142578;-0,64373;0,58603;0,415985;-0,26294;323,796448;-75,838303;-155,354202
57;0,57;-0,158962;0,155804;0,063674;-0,972832;127,517792;600,566223;-113,606003;-0,12711;0,100312;0,034463;-0,986201;7,896222;412,876068;-87,265572;-0,339227;-0,02717;0,085532;-0,936414;148,557343;353,953491;-616,178528;-0,643699;0,586106;0,415978;-0,262855;323,814636;-75,868073;-155,336655
58;0,58;-0,158968;0,155744;0,063577;-0,972847;127,505928;600,5625;-113,604362;-0,12715;0,100313;0,034446;-0,986197;7,89013;412,870544;-87,267708;-0,339239;-0,027032;0,08557;-0,93641;148,578568;353,930023;-616,145203;-0,643697;0,586089;0,415995;-0,262872;323,810516;-75,863235;-155,348129
59;0,59;-0,158983;0,155894;0,063373;-0,972834;127,502602;600,564148;-113,604141;-0,127133;0,100357;0,034413;-0,986196;7,877767;412,868683;-87,267578;-0,339255;-0,026952;0,085595;-0,936404;148,587936;353,918793;-616,131226;-0,643688;0,586093;0,416002;-0,262875;323,802032;-75,866165;-155,34877
60;0,6;-0,158954;0,155816;0,063306;-0,972855;127,486435;600,565125;-113,607246;-0,127146;0,100357;0,034427;-0,986193;7,869001;412,871643;-87,268944;-0,339235;-0,027013;0,08557;-0,936412;148,563293;353,9216;-616,140503;-0,643684;0,586127;0,415987;-0,262834;323,814911;-75,876686;-155,33931
61;0,61;-0,158924;0,155836;0,06321;-0,972863;127,47818;600,56897;-113,611633;-0,127113;0,100311;0,034474;-0,986201;7,870123;412,87677;-87,271049;-0,339236;-0,027095;0,085467;-0,936419;148,598389;353,955139;-616,162537;-0,6437;0,586094;0,415982;-0,262876;323,807709;-75,864082;-155,347687
62;0,62;-0,158914;0,155847;0,063245;-0,972861;127,480537;600,575378;-113,61882;-0,1271;0,100365;0,034366;-0,9862;7,869774;412,880829;-87,26828;-0,339235;-0,026913;0,085652;-0,936408;148,558258;353,884094;-616,128235;-0,64366;0,586087;0,416063;-0,26286;323,788879;-75,866165;-155,367905
63;0,63;-0,158936;0,155905;0,063223;-0,972849;127,483246;600,578613;-113,624985;-0,127039;0,100198;0,03457;-0,986218;7,872213;412,88266;-87,260414;-0,33923;-0,027083;0,085577;-0,936411;148,531845;353,922913;-616,166565;-0,643733;0,5861;0,415899;-0,262911;323,826538;-75,869652;-155,335007
64;0,64;-0,158888;0,155811;0,063481;-0,972856;127,487152;600,581055;-113,625404;-0,12707;0,100367;0,034379;-0,986204;7,88203;412,883545;-87,265953;-0,339215;-0,027001;0,085568;-0,93642;148,578964;353,903076;-616,143982;-0,643792;0,586005;0,415912;-0,262959;323,824493;-75,831055;-155,347992
65;0,65;-0,158871;0,155766;0,063025;-0,972895;127,49411;600,582153;-113,632141;-0,127101;0,100308;0,034383;-0,986206;7,881407;412,884857;-87,267548;-0,339205;-0,027015;0,085563;-0,936424;148,585312;353,901581;-616,146301;-0,643664;0,586105;0,416025;-0,262869;323,800293;-75,871201;-155,363861
66;0,66;-0,158886;0,155862;0,063276;-0,972861;127,49688;600,578003;-113,631111;-0,127092;0,100387;0,034306;-0,986201;7,884634;412,884949;-87,274315;-0,339221;-0,026967;0,085575;-0,936418;148,607315;353,900543;-616,143982;-0,643672;0,586131;0,416009;-0,262818;323,819763;-75,876877;-155,350449
67;0,67;-0,158922;0,15582;0,063329;-0,972858;127,496628;600,577515;-113,629219;-0,127109;0,100298;0,034467;-0,986203;7,885016;412,884552;-87,271851;-0,33923;-0,027035;0,085544;-0,936416;148,586639;353,925568;-616,160461;-0,643764;0,586011;0,41597;-0,26292;323,820221;-75,828377;-155,361221
68;0,68;-0,158902;0,15586;0,063134;-0,972868;127,499565;600,577026;-113,630737;-0,127102;0,100406;0,034317;-0,986198;7,882625;412,885742;-87,27269;-0,339204;-0,027116;0,085541;-0,936423;148,560135;353,922882;-616,174866;-0,643715;0,586075;0,415979;-0,262885;323,820251;-75,858414;-155,357544
69;0,69;-0,158881;0,155875;0,063336;-0,972856;127,506119;600,575012;-113,633308;-0,127081;0,100331;0,034516;-0,986201;7,883202;412,883179;-87,277946;-0,339263;-0,02691;0,085536;-0,936408;148,646774;353,927582;-616,142761;-0,6437;0,586121;0,415951;-0,262864;323,828827;-75,874733;-155,349716
70;0,7;-0,158924;0,155749;0,063204;-0,972878;127,489227;600,577209;-113,636337;-0,127118;0,100387;0,034293;-0,986199;7,871971;412,879425;-87,278503;-0,339251;-0,027027;0,085425;-0,936419;148,654648;353,96347;-616,164246;-0,643668;0,586104;0,416052;-0,262821;323,805603;-75,862724;-155,370819
71;0,71;-0,158904;0,155706;0,063341;-0,972879;127,472816;600,571472;-113,63356;-0,127122;0,100401;0,03433;-0,986195;7,868351;412,874451;-87,278221;-0,339226;-0,026917;0,085593;-0,936416;148,594009;353,890594;-616,135376;-0,6437;0,586117;0,415947;-0,26288;323,81604;-75,875252;-155,356506
72;0,72;-0,158925;0,155823;0,063366;-0,972855;127,462448;600,569397;-113,631889;-0,127166;0,100443;0,034181;-0,986191;7,863651;412,867767;-87,284248;-0,339257;-0,026932;0,085561;-0,936407;148,581543;353,918396;-616,151184;-0,643668;0,586102;0,416039;-0,262846;323,797333;-75,868462;-155,379272
73;0,73;-0,158933;0,155803;0,063258;-0,972864;127,443359;600,569702;-113,632553;-0,127069;0,100427;0,034481;-0,986194;7,854386;412,86084;-87,295074;-0,339282;-0,02687;0,085472;-0,936408;148,650299;353,942108;-616,140442;-0,643676;0,58604;0,416101;-0,262865;323,770325;-75,841866;-155,400269
74;0,74;-0,158961;0,155679;0,063201;-0,972883;127,427696;600,56781;-113,631737;-0,127177;0,10041;0,034251;-0,98619;7,834569;412,856842;-87,290047;-0,339241;-0,027087;0,085483;-0,936416;148,535095;353,946289;-616,181702;-0,643675;0,586094;0,416032;-0,262857;323,776764;-75,861847;-155,382782
75;0,75;-0,158985;0,155747;0,063313;-0,972861;127,413872;600,56897;-113,63559;-0,127164;0,100328;0,034311;-0,986198;7,814974;412,861237;-87,286133;-0,339276;-0,026942;0,085462;-0,936409;148,595001;353,949768;-616,151917;-0,643749;0,586026;0,415973;-0,26292;323,780853;-75,831985;-155,377197
76;0,76;-0,158984;0,155799;0,063138;-0,972864;127,404854;600,568359;-113,631081;-0,127137;0,100273;0,034389;-0,986204;7,814218;412,864136;-87,288025;-0,339255;-0,027069;0,085458;-0,936414;148,538559;353,957153;-616,180115;-0,64369;0,586068;0,416031;-0,26288;323,773346;-75,854462;-155,387009
77;0,77;-0,158925;0,155789;0,063318;-0,972863;127,414749;600,570618;-113,637711;-0,127123;0,100237;0,034529;-0,986205;7,809817;412,867065;-87,288551;-0,33925;-0,027045;0,085491;-0,936413;148,535751;353,942505;-616,177551;-0,64365;0,586086;0,416116;-0,262804;323,761444;-75,854691;-155,394745
78;0,78;-0,158944;0,155819;0,063195;-0,972864;127,423286;600,573669;-113,641479;-0,127156;0,100461;0,034206;-0,986189;7,819117;412,868469;-87,291878;-0,339253;-0,026886;0,085577;-0,936409;148,567825;353,899109;-616,145386;-0,643699;0,586063;0,416049;-0,262841;323,788971;-75,849167;-155,386459
79;0,79;-0,158932;0,155728;0,063355;-0,97287;127,452599;600,575195;-113,646355;-0,127115;0,100344;0,03437;-0,986201;7,842015;412,878052;-87,287781;-0,339254;-0,026933;0,085481;-0,936416;148,619095;353,933197;-616,152466;-0,643653;0,58604;0,416136;-0,262866;323,7612;-75,843491;-155,41452
80;0,8;-0,158908;0,155871;0,063348;-0,972851;127,469971;600,572266;-113,643753;-0,127099;0,100232;0,034498;-0,98621;7,860499;412,877747;-87,286827;-0,339237;-0,026982;0,085523;-0,936417;148,592361;353,923309;-616,163269;-0,643649;0,586185;0,41595;-0,262848;323,816895;-75,905609;-155,365341
81;0,81;-0,1589;0,155863;0,06346;-0,972847;127,488327;600,571228;-113,646423;-0,127149;0,100374;0,034297;-0,986196;7,867578;412,879425;-87,291527;-0,339228;-0,026957;0,085538;-0,936419;148,618576;353,912354;-616,162476;-0,643637;0,586062;0,41614;-0,262853;323,775757;-75,853813;-155,416656
82;0,82;-0,158962;0,155804;0,063297;-0,972857;127,508598;600,565613;-113,650246;-0,127134;0,100322;0,034414;-0,986199;7,8754;412,882965;-87,293655;-0,339221;-0,027056;0,085542;-0,936419;148,591064;353,922913;-616,189941;-0,643716;0,58605;0,416018;-0,262878;323,817627;-75,846344;-155,391937
83;0,83;-0,15897;0,155808;0,063458;-0,972844;127,514687;600,564941;-113,647003;-0,127089;0,100499;0,03434;-0,986189;7,892182;412,878418;-87,30822;-0,339222;-0,027035;0,08554;-0,936419;148,602905;353,925201;-616,183228;-0,643691;0,586066;0,41602;-0,2629;323,814301;-75,860489;-155,397232
84;0,84;-0,158948;0,155855;0,063387;-0,972845;127,512321;600,564819;-113,644302;-0,127135;0,100354;0,034436;-0,986195;7,882641;412,884521;-87,300499;-0,339242;-0,027221;0,085396;-0,93642;148,612015;353,999878;-616,22937;-0,643731;0,586019;0,416001;-0,262936;323,80069;-75,835541;-155,396301
85;0,85;-0,15895;0,155883;0,063294;-0,972846;127,514107;600,56781;-113,648361;-0,12715;0,100442;0,034308;-0,986188;7,87679;412,881317;-87,29718;-0,339218;-0,027008;0,085582;-0,936417;148,584946;353,908264;-616,174072;-0,643686;0,586095;0,416024;-0,262841;323,813873;-75,865044;-155,383179
86;0,86;-0,158904;0,155866;0,063433;-0,972847;127,496857;600,571289;-113,645546;-0,127023;0,100422;0,034499;-0,9862;7,87479;412,884857;-87,299797;-0,339212;-0,027133;0,085508;-0,936423;148,569351;353,936676;-616,201904;-0,64368;0,586117;0,415995;-0,262853;323,810547;-75,875847;-155,37529
87;0,87;-0,158943;0,155824;0,063349;-0,972853;127,478477;600,570435;-113,644173;-0,127141;0,10023;0,034385;-0,986208;7,860757;412,888;-87,293633;-0,3392;-0,02704;0,085579;-0,936423;148,547745;353,901825;-616,169556;-0,643737;0,586013;0,415995;-0,262943;323,79306;-75,836678;-155,388458
88;0,88;-0,158891;0,155897;0,063306;-0,972852;127,471161;600,570862;-113,64389;-0,127114;0,100345;0,034353;-0,986201;7,848714;412,886719;-87,288704;-0,339271;-0,02684;0,085536;-0,936407;148,647064;353,924377;-616,137634;-0,643655;0,58613;0,416029;-0,262832;323,794037;-75,878632;-155,37674
89;0,89;-0,158927;0,155738;0,063251;-0,972876;127,453941;600,570435;-113,638748;-0,127094;0,10039;0,034459;-0,986196;7,831345;412,883209;-87,291283;-0,339208;-0,02713;0,085467;-0,936428;148,553833;353,941132;-616,189819;-0,64367;0,586088;0,416051;-0,262852;323,782318;-75,85778;-155,383469
90;0,9;-0,158927;0,155875;0,06333;-0,972849;127,445473;600,569824;-113,640862;-0,127127;0,100434;0,034263;-0,986194;7,836442;412,876556;-87,289978;-0,339221;-0,027041;0,085479;-0,936425;148,574219;353,926971;-616,170776;-0,643669;0,586101;0,416037;-0,262846;323,797119;-75,866386;-155,383759
91;0,91;-0,158975;0,15574;0,063304;-0,972864;127,44738;600,566284;-113,643753;-0,12715;0,100358;0,034374;-0,986195;7,833186;412,872314;-87,294685;-0,339236;-0,027025;0,085501;-0,936418;148,576859;353,927917;-616,176514;-0,643657;0,586079;0,416091;-0,26284;323,787689;-75,858978;-155,397522
92;0,92;-0,158957;0,155809;0,063239;-0,97286;127,452034;600,567627;-113,640778;-0,12711;0,100324;0,034414;-0,986202;7,856404;412,866974;-87,313553;-0,339213;-0,027128;0,085517;-0,936422;148,52597;353,926056;-616,201294;-0,643672;0,586159;0,415946;-0,262858;323,830566;-75,897011;-155,36525
93;0,93;-0,158933;0,155833;0,063277;-0,972858;127,47303;600,568787;-113,64682;-0,127087;0,100408;0,034427;-0,986196;7,858037;412,875793;-87,308632;-0,3392;-0,027041;0,085475;-0,936433;148,600952;353,919281;-616,171936;-0,643646;0,586092;0,416099;-0,262826;323,794098;-75,859543;-155,402222
94;0,94;-0,158951;0,155718;0,063055;-0,972888;127,49128;600,570923;-113,650291;-0,12706;0,100427;0,034457;-0,986196;7,873663;412,880127;-87,302734;-0,33924;-0,026921;0,085563;-0,936414;148,624161;353,904114;-616,162903;-0,643685;0,58613;0,415966;-0,262858;323,83194;-75,877937;-155,369827
95;0,95;-0,158891;0,155702;0,063466;-0,972874;127,507729;600,574829;-113,649445;-0,127109;0,100457;0,034358;-0,98619;7,884923;412,885498;-87,294731;-0,339197;-0,027071;0,085494;-0,936431;148,61113;353,922211;-616,177551;-0,643619;0,586119;0,416088;-0,262851;323,807404;-75,88102;-155,401031
96;0,96;-0,158893;0,155791;0,063367;-0,972865;127,526299;600,576599;-113,65004;-0,127128;0,100432;0,034304;-0,986192;7,893201;412,890839;-87,288292;-0,339234;-0,026885;0,085621;-0,936412;148,634079;353,88501;-616,153625;-0,643694;0,586099;0,415969;-0,262898;323,826172;-75,871185;-155,370544
97;0,97;-0,158899;0,155834;0,063471;-0,972851;127,527031;600,577454;-113,647934;-0,127032;0,100579;0,034378;-0,986187;7,881601;412,903748;-87,289497;-0,339213;-0,026974;0,085586;-0,93642;148,620193;353,897583;-616,16156;-0,64368;0,586147;0,415942;-0,262868;323,840973;-75,890121;-155,355362
98;0,98;-0,158903;0,155868;0,063609;-0,972835;127,528862;600,577454;-113,643753;-0,127052;0,100397;0,034428;-0,986201;7,885357;412,899567;-87,28447;-0,339199;-0,027009;0,085554;-0,936427;148,619202;353,90329;-616,157532;-0,643699;0,586107;0,415956;-0,262888;323,828705;-75,870842;-155,357391
99;0,99;-0,158872;0,155824;0,063543;-0,972852;127,513962;600,57489;-113,63945;-0,127035;0,1006;0,03437;-0,986185;7,877068;412,899048;-87,28038;-0,339218;-0,026851;0,085585;-0,936422;148,658981;353,884979;-616,121521;-0,643741;0,585997;0,416028;-0,262918;323,814697;-75,825546;-155,38382
100;1;-0,158951;0,155775;0,063293;-0,972863;127,49633;600,571045;-113,634224;-0,12706;0,100597;0,034242;-0,986186;7,861977;412,896271;-87,280838;-0,339189;-0,027095;0,085578;-0,936426;148,547287;353,900909;-616,179016;-0,643668;0,586183;0,415932;-0,262833;323,850342;-75,907074;-155,34404
101;1,01;-0,158912;0,155834;0,063583;-0,972841;127,486961;600,56842;-113,63414;-0,127128;0,100459;0,034406;-0,986186;7,857791;412,884491;-87,290672;-0,339252;-0,026784;0,085643;-0,936406;148,633118;353,877228;-616,123047;-0,643665;0,586098;0,416059;-0,262828;323,814636;-75,866043;-155,377426
102;1,02;-0,158945;0,155812;0,063452;-0,972848;127,469826;600,567139;-113,630638;-0,127177;0,100664;0,034115;-0,986169;7,846883;412,877289;-87,297401;-0,339207;-0,027186;0,085478;-0,936426;148,550354;353,944244;-616,203857;-0,643712;0,586128;0,415935;-0,262844;323,844879;-75,87767;-155,346085
103;1,03;-0,158914;0,155968;0,063484;-0,972826;127,46936;600,57019;-113,63398;-0,127178;0,100468;0,034234;-0,986185;7,857654;412,874847;-87,295647;-0,339191;-0,027064;0,085578;-0,936426;148,53656;353,892273;-616,173584;-0,643681;0,586117;0,415998;-0,262846;323,819427;-75,87027;-155,364548
104;1,04;-0,158909;0,155802;0,063182;-0,972873;127,471764;600,57428;-113,637657;-0,127124;0,100505;0,034396;-0,986182;7,855167;412,878296;-87,287483;-0,339187;-0,027119;0,085462;-0,936436;148,587906;353,923889;-616,178772;-0,643687;0,586168;0,415922;-0,262838;323,838745;-75,89238;-155,338074
105;1,05;-0,15891;0,15578;0,063194;-0,972875;127,476486;600,575073;-113,632843;-0,127114;0,100398;0,034405;-0,986194;7,859348;412,882599;-87,285912;-0,339217;-0,027082;0,08555;-0,936418;148,552933;353,916718;-616,181335;-0,643715;0,586109;0,415938;-0,262872;323,835022;-75,871544;-155,346878
106;1,06;-0,158853;0,155853;0,063456;-0,972856;127,485886;600,57489;-113,629311;-0,127113;0,100556;0,034232;-0,986184;7,862991;412,890991;-87,281898;-0,33921;-0,026973;0,085549;-0,936424;148,608536;353,901978;-616,143188;-0,643707;0,586096;0,415964;-0,262883;323,829834;-75,867233;-155,353806
107;1,07;-0,158896;0,155843;0,063579;-0,972843;127,502159;600,575562;-113,630127;-0,127104;0,100457;0,034324;-0,986192;7,864232;412,894379;-87,27887;-0,339172;-0,02714;0,085574;-0,936431;148,541962;353,896973;-616,177246;-0,643678;0,586076;0,416052;-0,262858;323,818024;-75,859833;-155,371689
108;1,08;-0,158841;0,1559;0,063386;-0,972855;127,509224;600,57074;-113,623154;-0,127088;0,100446;0,034388;-0,986193;7,87394;412,89093;-87,274506;-0,33923;-0,026936;0,085581;-0,936415;148,616287;353,903809;-616,139099;-0,643705;0,586158;0,415911;-0,262833;323,863312;-75,888878;-155,327164
109;1,09;-0,158909;0,155826;0,063349;-0,972858;127,512634;600,568665;-113,620117;-0,12712;0,100587;0,034308;-0,986177;7,882474;412,884735;-87,27652;-0,339245;-0,026972;0,085496;-0,936417;148,663147;353,939575;-616,146667;-0,643688;0,586053;0,416062;-0,26287;323,819702;-75,845604;-155,375931
110;1,1;-0,158938;0,155941;0,063669;-0,972814;127,513618;600,56189;-113,612602;-0,127159;0,100415;0,034377;-0,986187;7,880294;412,880676;-87,283463;-0,339235;-0,026899;0,085671;-0,936406;148,600937;353,88327;-616,137451;-0,643667;0,586149;0,415993;-0,262817;323,851196;-75,887238;-155,346451
111;1,11;-0,158972;0,155788;0,0635;-0,972844;127,519432;600,559631;-113,611977;-0,127162;0,100574;0,034294;-0,986174;7,880405;412,877899;-87,289871;-0,339221;-0,026939;0,085573;-0,936419;148,638641;353,906219;-616,135925;-0,643676;0,5861;0,416017;-0,262863;323,834381;-75,869789;-155,367477
112;1,12;-0,158905;0,155927;0,063586;-0,972827;127,520699;600,55957;-113,612747;-0,127172;0,100516;0,034357;-0,986176;7,867749;412,879608;-87,290405;-0,339239;-0,026865;0,085643;-0,936408;148,633652;353,888916;-616,128601;-0,643721;0,586068;0,415972;-0,262898;323,8414;-75,855438;-155,358429
113;1,13;-0,15892;0,155839;0,06366;-0,972834;127,507301;600,563293;-113,617119;-0,127147;0,100537;0,034373;-0,986177;7,872055;412,880005;-87,287781;-0,339232;-0,026937;0,085546;-0,936417;148,650284;353,918549;-616,14032;-0,643663;0,58614;0,415993;-0,262845;323,831635;-75,884911;-155,353287
114;1,14;-0,158916;0,155945;0,063253;-0,972844;127,504257;600,564514;-113,61824;-0,127139;0,100458;0,034362;-0,986186;7,864847;412,884369;-87,284821;-0,339215;-0,026843;0,085725;-0,93641;148,585632;353,851349;-616,123535;-0,643711;0,586145;0,415932;-0,262813;323,858765;-75,880547;-155,329498
115;1,15;-0,158919;0,155848;0,063423;-0,972848;127,503021;600,567627;-113,618713;-0,127099;0,100554;0,034394;-0,98618;7,855449;412,893585;-87,277328;-0,339181;-0,027103;0,085544;-0,936431;148,570877;353,911255;-616,163086;-0,643692;0,586178;0,415907;-0,262828;323,850464;-75,898048;-155,323212
116;1,16;-0,158859;0,155901;0,06341;-0,972851;127,483414;600,568237;-113,614555;-0,127086;0,100596;0,034346;-0,98618;7,845096;412,896027;-87,274712;-0,339222;-0,026918;0,085629;-0,936414;148,589447;353,887299;-616,133545;-0,643671;0,586102;0,416016;-0,262874;323,813599;-75,869286;-155,358582
117;1,17;-0,158877;0,155831;0,063436;-0,972857;127,482224;600,566589;-113,611916;-0,127109;0,100593;0,034285;-0,986179;7,837671;412,894348;-87,273972;-0,339221;-0,027026;0,085575;-0,936416;148,565231;353,914795;-616,154785;-0,643728;0,58608;0,415964;-0,262866;323,837921;-75,858673;-155,345062
118;1,18;-0,1589;0,155805;0,063403;-0,97286;127,478676;600,562012;-113,607185;-0,127087;0,100497;0,03441;-0,986187;7,827976;412,89093;-87,272049;-0,339222;-0,027116;0,085498;-0,93642;148,577316;353,946716;-616,172729;-0,643704;0,586142;0,415903;-0,262883;323,845886;-75,889153;-155,330368
119;1,19;-0,158923;0,155818;0,063471;-0,972849;127,482979;600,558594;-113,606873;-0,127127;0,100558;0,034392;-0,986176;7,83484;412,887482;-87,281067;-0,339211;-0,027096;0,085562;-0,936419;148,541107;353,923431;-616,162292;-0,643764;0,586035;0,41593;-0,262933;323,829834;-75,839523;-155,349365
120;1,2;-0,158899;0,155746;0,063595;-0,972857;127,493965;600,555115;-113,60804;-0,127168;0,10069;0,034285;-0,986162;7,851706;412,875519;-87,292969;-0,339245;-0,026865;0,085608;-0,936409;148,627502;353,900452;-616,125916;-0,643709;0,586037;0,416043;-0,262884;323,814758;-75,842171;-155,373428
121;1,21;-0,158945;0,155963;0,06347;-0,972822;127,504349;600,552673;-113,609856;-0,127097;0,100695;0,034422;-0,986165;7,859304;412,875458;-87,299431;-0,339242;-0,027018;0,085553;-0,936411;148,604858;353,934601;-616,164551;-0,643665;0,586113;0,416034;-0,262836;323,822388;-75,874123;-155,361328
122;1,22;-0,15895;0,155782;0,063491;-0,972849;127,505959;600,554382;-113,60881;-0,127185;0,100548;0,034417;-0,986169;7,854829;412,881592;-87,294273;-0,339201;-0,027068;0,085591;-0,936421;148,565094;353,908295;-616,161377;-0,643723;0,586055;0,416003;-0,262871;323,833557;-75,846191;-155,35965
123;1,23;-0,158956;0,155832;0,063485;-0,972841;127,516838;600,556519;-113,612427;-0,127145;0,100632;0,034358;-0,986168;7,864751;412,884064;-87,288963;-0,339257;-0,026776;0,085745;-0,936395;148,605179;353,863678;-616,121094;-0,643718;0,586125;0,4159;-0,262891;323,855042;-75,882446;-155,335541
124;1,24;-0,158953;0,155863;0,063573;-0,97283;127,506615;600,556946;-113,610069;-0,127166;0,100588;0,034318;-0,986171;7,86468;412,888031;-87,285286;-0,339245;-0,026823;0,085668;-0,936405;148,631516;353,87793;-616,121704;-0,643688;0,586159;0,415933;-0,262834;323,85495;-75,892517;-155,332718
125;1,25;-0,158966;0,155839;0,06367;-0,972826;127,511261;600,561096;-113,611977;-0,127126;0,100592;0,034362;-0,986174;7,858417;412,890991;-87,283287;-0,339215;-0,026802;0,085781;-0,936406;148,567917;353,832123;-616,111328;-0,643726;0,586134;0,415872;-0,262896;323,85965;-75,883774;-155,322906
126;1,26;-0,158928;0,155951;0,063576;-0,97282;127,510757;600,561829;-113,614822;-0,127057;0,100636;0,034425;-0,986176;7,86067;412,891754;-87,283966;-0,339214;-0,026975;0,085597;-0,936418;148,597076;353,897888;-616,140259;-0,643666;0,586148;0,415977;-0,262846;323,83252;-75,888168;-155,339966
127;1,27;-0,158944;0,155805;0,063574;-0,972841;127,491745;600,563599;-113,616753;-0,12714;0,100513;0,034355;-0,986181;7,846437;412,893494;-87,278076;-0,339225;-0,026852;0,085633;-0,936415;148,622498;353,877014;-616,119934;-0,64363;0,586217;0,415946;-0,26283;323,845062;-75,924278;-155,328705
128;1,28;-0,158894;0,155744;0,063359;-0,972873;127,487747;600,569092;-113,61982;-0,127107;0,100543;0,034379;-0,986181;7,833987;412,895752;-87,277664;-0,339207;-0,026985;0,085612;-0,936419;148,565521;353,888672;-616,148132;-0,643708;0,586097;0,415962;-0,262881;323,828766;-75,865715;-155,344788
129;1,29;-0,158852;0,155824;0,063671;-0,972847;127,478081;600,570801;-113,619568;-0,127096;0,100618;0,034461;-0,986172;7,822829;412,90329;-87,283226;-0,339224;-0,026894;0,085649;-0,936413;148,57283;353,878662;-616,132019;-0,64371;0,586099;0,415959;-0,262875;323,832855;-75,868561;-155,341202
130;1,3;-0,158871;0,155731;0,063636;-0,972861;127,476067;600,570251;-113,622131;-0,127049;0,100705;0,034375;-0,986172;7,812023;412,909363;-87,278641;-0,339225;-0,026901;0,085571;-0,936419;148,617569;353,897736;-616,126709;-0,643674;0,586149;0,415955;-0,262856;323,826294;-75,889427;-155,335129
131;1,31;-0,15885;0,155861;0,063447;-0,972856;127,483162;600,573303;-113,621674;-0,127091;0,100632;0,034335;-0,986176;7,828258;412,901215;-87,272507;-0,339204;-0,026934;0,085646;-0,936419;148,556534;353,874237;-616,127563;-0,643728;0,586068;0,415973;-0,262881;323,82547;-75,853622;-155,343658
132;1,32;-0,158825;0,155777;0,063471;-0,972872;127,480255;600,578186;-113,622406;-0,127016;0,100408;0,034552;-0,986201;7,828974;412,9039;-87,260246;-0,339182;-0,027005;0,085615;-0,936428;148,551605;353,878998;-616,13562;-0,643731;0,586097;0,415912;-0,262903;323,827789;-75,863838;-155,330368
133;1,33;-0,158846;0,155886;0,063407;-0,972855;127,490562;600,578918;-113,621361;-0,127027;0,100542;0,034464;-0,986189;7,8306;412,909576;-87,258919;-0,339172;-0,027039;0,085674;-0,936425;148,505493;353,86319;-616,148926;-0,643672;0,586169;0,41593;-0,262858;323,838806;-75,902191;-155,326248
134;1,34;-0,158821;0,155846;0,063582;-0,972854;127,485931;600,581665;-113,621086;-0,12699;0,100625;0,034453;-0,986185;7,817952;412,915314;-87,262848;-0,339187;-0,027075;0,085602;-0,936425;148,525742;353,895386;-616,148254;-0,643663;0,586185;0,415954;-0,262808;323,839935;-75,902969;-155,320328
135;1,35;-0,158783;0,155811;0,063393;-0,972878;127,480446;600,585205;-113,626282;-0,126944;0,100617;0,034502;-0,98619;7,813476;412,91983;-87,251755;-0,33915;-0,02716;0,085663;-0,93643;148,451157;353,871613;-616,159485;-0,643735;0,586086;0,415936;-0,262881;323,833191;-75,859718;-155,324432
136;1,36;-0,158752;0,156021;0,063501;-0,972843;127,474022;600,590576;-113,627151;-0,126909;0,100577;0,034507;-0,986199;7,811918;412,920441;-87,248566;-0,339191;-0,027015;0,08564;-0,936422;148,522766;353,876862;-616,13269;-0,643744;0,586059;0,415937;-0,262918;323,826447;-75,849915;-155,334351
137;1,37;-0,158662;0,156005;0,063461;-0,972863;127,472816;600,596313;-113,633812;-0,126918;0,100562;0,034491;-0,986199;7,804302;412,924469;-87,246933;-0,339206;-0,026883;0,085696;-0,936415;148,537949;353,852539;-616,106873;-0,643716;0,586055;0,416009;-0,262881;323,80719;-75,845581;-155,344849
138;1,38;-0,15863;0,156023;0,063427;-0,972867;127,462593;600,607056;-113,644447;-0,126874;0,100623;0,034531;-0,986198;7,786237;412,936981;-87,245186;-0,339179;-0,026889;0,085674;-0,936427;148,546783;353,839386;-616,099976;-0,643746;0,586105;0,415888;-0,262886;323,8461;-75,871155;-155,311905
139;1,39;-0,158543;0,155939;0,063412;-0,972896;127,465096;600,620178;-113,658768;-0,126781;0,100657;0,034468;-0,986208;7,79529;412,945221;-87,234383;-0,339182;-0,027017;0,08559;-0,93643;148,532684;353,88089;-616,128174;-0,643703;0,586098;0,416011;-0,262813;323,821014;-75,86084;-155,332031
140;1,4;-0,158346;0,155975;0,06351;-0,972916;127,466049;600,648987;-113,684692;-0,126714;0,10066;0,034443;-0,986217;7,797321;412,969238;-87,21891;-0,33918;-0,026981;0,08572;-0,936419;148,475784;353,843689;-616,132935;-0,643676;0,58612;0,416002;-0,262844;323,799896;-75,872383;-155,335632
141;1,41;-0,15807;0,156093;0,063917;-0,972915;127,462494;600,683533;-113,712227;-0,126532;0,100767;0,034396;-0,986232;7,780736;413,006073;-87,200874;-0,33916;-0,026917;0,085695;-0,936431;148,512161;353,830322;-616,104187;-0,64371;0,586179;0,41587;-0,262839;323,842255;-75,899612;-155,300674
142;1,42;-0,157863;0,15593;0,064089;-0,972963;127,467232;600,733765;-113,754959;-0,126156;0,100539;0,034745;-0,986291;7,766852;413,063721;-87,17292;-0,339174;-0,026858;0,085748;-0,936423;148,51123;353,81662;-616,103149;-0,643734;0,586141;0,41585;-0,262897;323,832947;-75,889114;-155,304611
143;1,43;-0,157458;0,155814;0,064375;-0,973029;127,471123;600,787659;-113,808701;-0,125908;0,100563;0,03472;-0,986321;7,762231;413,124359;-87,132782;-0,339133;-0,026923;0,085696;-0,93644;148,511612;353,813324;-616,101257;-0,643699;0,5861;0,416002;-0,262832;323,797394;-75,858414;-155,331482
144;1,44;-0,156943;0,155875;0,064343;-0,973104;127,493263;600,853882;-113,877327;-0,125707;0,100551;0,034417;-0,986358;7,754523;413,186798;-87,087029;-0,339162;-0,026878;0,085719;-0,936429;148,507629;353,819214;-616,097107;-0,643662;0,586184;0,415973;-0,262781;323,823975;-75,900558;-155,31543
145;1,45;-0,15681;0,155945;0,06432;-0,973116;127,489761;600,89502;-113,914116;-0,125413;0,100426;0,034396;-0,986409;7,753322;413,249969;-87,043404;-0,339164;-0,026985;0,085636;-0,936432;148,506088;353,853699;-616,120605;-0,643747;0,586105;0,415869;-0,262915;323,826263;-75,87294;-155,313126
146;1,46;-0,156808;0,15603;0,064524;-0,973089;127,480026;600,922791;-113,931938;-0,125007;0,100606;0,034247;-0,986448;7,74365;413,338531;-86,984535;-0,339167;-0,026999;0,085729;-0,936423;148,440506;353,834991;-616,127625;-0,643727;0,586062;0,415986;-0,262874;323,809937;-75,850777;-155,336746
147;1,47;-0,156832;0,155924;0,064741;-0,973088;127,476555;600,945496;-113,940414;-0,124489;0,100266;0,034255;-0,986547;7,751323;413,442627;-86,912643;-0,339182;-0,026903;0,085659;-0,936426;148,522095;353,846588;-616,101379;-0,643708;0,586156;0,415922;-0,262813;323,834198;-75,886017;-155,305634
148;1,48;-0,156856;0,155973;0,064726;-0,973077;127,464577;600,985474;-113,959976;-0,124118;0,100048;0,033946;-0,986627;7,770721;413,549713;-86,828926;-0,33915;-0,027009;0,085713;-0,93643;148,438751;353,83371;-616,113831;-0,643721;0,586085;0,415964;-0,262872;323,809509;-75,859711;-155,329193
149;1,49;-0,156164;0,155949;0,065252;-0,973157;127,507584;601,081299;-114,043381;-0,123529;0,100149;0,033887;-0,986693;7,771399;413,670105;-86,74337;-0,339172;-0,02713;0,085635;-0,936426;148,438324;353,884918;-616,148438;-0,643719;0,586071;0,415991;-0,262864;323,803009;-75,853516;-155,333344
150;1,5;-0,154937;0,155266;0,065054;-0,973476;127,574043;601,232788;-114,187302;-0,122783;0,100614;0,033723;-0,986744;7,757804;413,812805;-86,638199;-0,339181;-0,027059;0,085583;-0,936429;148,495804;353,892456;-616,126831;-0,643684;0,58615;0,415959;-0,262824;323,81601;-75,88903;-155,314163
151;1,51;-0,154036;0,15495;0,064567;-0,973702;127,64859;601,370544;-114,332497;-0,121796;0,101299;0,033442;-0,986806;7,748087;413,992004;-86,539703;-0,339148;-0,027009;0,085727;-0,93643;148,437042;353,831512;-616,109924;-0,643714;0,586133;0,415945;-0,262811;323,813293;-75,870911;-155,306366
152;1,52;-0,153413;0,154908;0,063739;-0,973861;127,652824;601,494629;-114,443306;-0,120775;0,101289;0,033731;-0,986923;7,734269;414,16745;-86,429871;-0,339183;-0,02698;0,085733;-0,936417;148,447815;353,845093;-616,117554;-0,64368;0,58615;0,415993;-0,262782;323,807098;-75,883522;-155,313858
153;1,53;-0,152917;0,155207;0,063561;-0,973903;127,678139;601,601501;-114,546059;-0,119972;0,101173;0,03359;-0,987037;7,723823;414,333984;-86,306923;-0,33919;-0,02697;0,085657;-0,936422;148,487061;353,864563;-616,114502;-0,6437;0,586161;0,415884;-0,262882;323,810211;-75,895409;-155,305008
154;1,54;-0,152758;0,155147;0,063911;-0,973915;127,67363;601,673035;-114,601608;-0,119056;0,10128;0,033966;-0,987124;7,710059;414,5047;-86,182037;-0,339167;-0,027116;0,085675;-0,936424;148,402954;353,869415;-616,136169;-0,643736;0,58608;0,415954;-0,262862;323,803375;-75,855049;-155,320755
155;1,55;-0,153199;0,154967;0,063527;-0,973899;127,641632;601,692139;-114,576103;-0,118354;0,101234;0,033617;-0,987225;7,684721;414,680481;-86,052017;-0,339203;-0,026875;0,08566;-0,93642;148,499786;353,858002;-616,080688;-0,643705;0,586085;0,415994;-0,262863;323,799438;-75,864441;-155,332901
156;1,56;-0,152808;0,155316;0,063524;-0,973905;127,640038;601,792603;-114,670769;-0,117418;0,101481;0,033232;-0,987325;7,662561;414,874481;-85,925934;-0,33921;-0,02705;0,085642;-0,936414;148,420319;353,891174;-616,126221;-0,643697;0,586117;0,415971;-0,262847;323,794769;-75,871254;-155,324387
157;1,57;-0,151797;0,155495;0,06378;-0,974018;127,731827;601,980835;-114,841621;-0,116217;0,101543;0,033111;-0,987465;7,644098;415,082947;-85,778641;-0,339211;-0,026916;0,085715;-0,936411;148,415558;353,854614;-616,087952;-0,643726;0,586084;0,415963;-0,262865;323,802155;-75,858833;-155,324936
158;1,58;-0,151191;0,155346;0,063412;-0,97416;127,760948;602,103699;-114,967186;-0,115238;0,101365;0,032911;-0,987604;7,653876;415,271667;-85,6371;-0,339212;-0,027041;0,085557;-0,936421;148,450455;353,908783;-616,099854;-0,643714;0,586129;0,415916;-0,262867;323,806519;-75,883469;-155,309418
159;1,59;-0,151419;0,155037;0,063403;-0,974174;127,779022;602,151978;-114,957809;-0,114143;0,101172;0,032978;-0,987749;7,671812;415,455841;-85,486153;-0,33922;-0,027042;0,085635;-0,936411;148,405258;353,895355;-616,111206;-0,643699;0,586151;0,415925;-0,26284;323,801147;-75,8871;-155,304169
160;1,6;-0,150155;0,154729;0,063529;-0,974411;127,818451;602,331482;-115,135147;-0,113183;0,101072;0,032824;-0,987875;7,646774;415,64035;-85,314941;-0,339241;-0,027072;0,085637;-0,936402;148,387009;353,90918;-616,117676;-0,643772;0,586041;0,415958;-0,262854;323,795746;-75,834854;-155,311584
161;1,61;-0,148902;0,154488;0,065131;-0,974536;127,927719;602,510193;-115,308311;-0,11219;0,101538;0,032263;-0,987959;7,643926;415,819458;-85,196693;-0,339195;-0,027155;0,085649;-0,936415;148,336807;353,889771;-616,132568;-0,643736;0,586057;0,416013;-0,26282;323,784119;-75,840416;-155,320648
162;1,62;-0,147703;0,154431;0,06534;-0,974713;127,930878;602,677979;-115,493828;-0,111158;0,101543;0,03257;-0,988065;7,641594;416,000824;-85,084038;-0,339224;-0,027022;0,08564;-0,93641;148,399612;353,886566;-616,116211;-0,643712;0,586104;0,415959;-0,26286;323,788513;-75,868469;-155,319397
163;1,63;-0,146952;0,154157;0,065401;-0,974866;127,953575;602,814575;-115,611099;-0,110307;0,101554;0,032545;-0,98816;7,635251;416,168365;-84,969528;-0,339219;-0,026913;0,085746;-0,936405;148,364273;353,835663;-616,102295;-0,643671;0,586119;0,416016;-0,262836;323,778625;-75,875992;-155,335953
164;1,64;-0,146706;0,154207;0,064964;-0,974924;127,939537;602,885559;-115,677147;-0,10966;0,101407;0,032546;-0,988247;7,653109;416,297791;-84,882637;-0,339208;-0,027087;0,085631;-0,936414;148,344421;353,877106;-616,134033;-0,643673;0,586113;0,416012;-0,26285;323,77951;-75,876816;-155,343262
165;1,65;-0,147441;0,153791;0,065382;-0,974851;127,938019;602,852966;-115,600342;-0,108993;0,101114;0,032818;-0,988342;7,645404;416,425415;-84,7864;-0,339199;-0,026976;0,085667;-0,936417;148,360046;353,84201;-616,113342;-0,643698;0,586051;0,416052;-0,262864;323,762115;-75,843918;-155,360703
166;1,66;-0,147819;0,153653;0,065446;-0,974811;127,911003;602,844604;-115,569702;-0,108328;0,100938;0,032983;-0,988427;7,650225;416,555939;-84,709473;-0,339197;-0,026945;0,085679;-0,936418;148,364182;353,834717;-616,108704;-0,643677;0,586129;0,415987;-0,262844;323,780548;-75,880936;-155,339035
167;1,67;-0,147294;0,153386;0,065355;-0,974939;127,984421;602,958191;-115,647133;-0,107715;0,101521;0,032489;-0,988451;7,617529;416,696625;-84,62764;-0,339205;-0,027097;0,085617;-0,936416;148,332458;353,879639;-616,14209;-0,643701;0,5861;0,415972;-0,262876;323,771484;-75,867294;-155,342911
168;1,68;-0,147046;0,153582;0,065193;-0,974956;127,972633;603,010803;-115,698975;-0,107043;0,101911;0,032288;-0,98849;7,600924;416,840271;-84,532005;-0,339206;-0,026961;0,085634;-0,936418;148,376617;353,8591;-616,095886;-0,643656;0,586116;0,416076;-0,262785;323,767181;-75,875778;-155,347549
169;1,69;-0,146697;0,153294;0,066001;-0,975;128,073349;603,089111;-115,732628;-0,106537;0,102024;0,031912;-0,988546;7,613134;416,960663;-84,437706;-0,339157;-0,027041;0,085661;-0,936431;148,341904;353,834961;-616,103455;-0,643761;0,586087;0,415868;-0,262922;323,792511;-75,868759;-155,314713
170;1,7;-0,146219;0,153496;0,065802;-0,975054;128,068832;603,155212;-115,812141;-0,106122;0,101719;0,032077;-0,988616;7,623481;417,0625;-84,355148;-0,339246;-0,026927;0,085716;-0,936397;148,369141;353,867218;-616,10553;-0,643703;0,586079;0,416035;-0,262817;323,767822;-75,857193;-155,333923
171;1,71;-0,145863;0,153154;0,066244;-0,975131;128,18721;603,234558;-115,835487;-0,10565;0,101561;0,031845;-0,988691;7,631138;417,213959;-84,252686;-0,339164;-0,027163;0,085615;-0,93643;148,342285;353,878723;-616,129822;-0,64369;0,586145;0,415963;-0,262817;323,778351;-75,884789;-155,314087
172;1,72;-0,145365;0,153119;0,065695;-0,975248;128,172409;603,300415;-115,930138;-0,105165;0,100608;0,03226;-0,988826;7,709398;417,366821;-84,060059;-0,339221;-0,02707;0,085726;-0,936401;148,328125;353,871704;-616,140198;-0,643744;0,586068;0,415979;-0,262831;323,792786;-75,851761;-155,322311
173;1,73;-0,144929;0,152491;0,065978;-0,975392;128,271103;603,368591;-115,965202;-0,104784;0,100249;0,032793;-0,988886;7,778436;417,551788;-83,836098;-0,339146;-0,027018;0,085691;-0,936433;148,377823;353,828094;-616,106506;-0,643697;0,586121;0,415982;-0,262821;323,789642;-75,874908;-155,32869
174;1,74;-0,144573;0,152362;0,065561;-0,975493;128,268784;603,428284;-116,059654;-0,10437;0,099704;0,033491;-0,988961;7,839107;417,710205;-83,680161;-0,339207;-0,026998;0,085758;-0,936405;148,349213;353,849152;-616,127319;-0,643716;0,586124;0,415948;-0,262822;323,799622;-75,874077;-155,321075
175;1,75;-0,144006;0,152059;0,065222;-0,975647;128,35144;603,514099;-116,136658;-0,103817;0,10035;0,03332;-0,98896;7,838007;417,821808;-83,555298;-0,339155;-0,027095;0,085731;-0,936424;148,327133;353,830627;-616,143372;-0,643678;0,586115;0,41602;-0,262822;323,786865;-75,86998;-155,347504
176;1,76;-0,143576;0,152325;0,06415;-0,97574;128,342056;603,585083;-116,252258;-0,103363;0,100296;0,03321;-0,989017;7,8633;417,932983;-83,454788;-0,339148;-0,02703;0,085678;-0,936433;148,392761;353,821045;-616,131226;-0,64371;0,586061;0,41604;-0,262831;323,784271;-75,844131;-155,355057
177;1,77;-0,143087;0,152112;0,064388;-0,975829;128,434235;603,660889;-116,334427;-0,102817;0,099998;0,033679;-0,989088;7,883387;418,096191;-83,321182;-0,33916;-0,026924;0,08582;-0,936419;148,360458;353,784058;-616,115601;-0,643681;0,58611;0,415999;-0,262858;323,78833;-75,874664;-155,351105
178;1,78;-0,142572;0,152356;0,064322;-0,975871;128,456741;603,717957;-116,408928;-0,102465;0,099277;0,034118;-0,989182;7,937205;418,214966;-83,21521;-0,339124;-0,027023;0,085709;-0,936439;148,389359;353,807739;-616,119629;-0,643699;0,5861;0,415955;-0,262908;323,785767;-75,8722;-155,346939
179;1,79;-0,142173;0,152041;0,064562;-0,975962;128,513657;603,790039;-116,473183;-0,102169;0,099437;0,033932;-0,989203;7,915699;418,252747;-83,202896;-0,339172;-0,02684;0,085774;-0,936421;148,420013;353,796692;-616,083557;-0,643705;0,586064;0,416017;-0,262875;323,775452;-75,852814;-155,355225
180;1,8;-0,141719;0,152488;0,064084;-0,97599;128,504425;603,849426;-116,554977;-0,102056;0,09995;0,033634;-0,989173;7,863543;418,263428;-83,168861;-0,339116;-0,027115;0,085664;-0,936444;148,359619;353,820557;-616,133667;-0,643646;0,58608;0,416106;-0,262841;323,748505;-75,861069;-155,370148
181;1,81;-0,141343;0,152263;0,064682;-0,97604;128,552124;603,908691;-116,603622;-0,101751;0,099559;0,033812;-0,989238;7,908158;418,340973;-83,132866;-0,339118;-0,027146;0,085707;-0,936438;148,324371;353,822418;-616,140625;-0,643675;0,586128;0,416003;-0,262826;323,773102;-75,876793;-155,336243
182;1,82;-0,141087;0,152385;0,064231;-0,976088;128,559204;603,951355;-116,659416;-0,101337;0,099682;0,033979;-0,989262;7,915817;418,435028;-83,061958;-0,33916;-0,026879;0,085837;-0,936419;148,365097;353,782104;-616,093384;-0,643714;0,586111;0,415947;-0,262858;323,782196;-75,870689;-155,327744
183;1,83;-0,140746;0,152349;0,0643;-0,976138;128,583008;604,002625;-116,710243;-0,101318;0,099946;0,033687;-0,989248;7,866742;418,428741;-83,085625;-0,339084;-0,026994;0,085805;-0,936446;148,327698;353,753143;-616,10376;-0,643727;0,586104;0,415945;-0,262846;323,790161;-75,866486;-155,328217
184;1,84;-0,140406;0,152349;0,064144;-0,976197;128,581497;604,043274;-116,764847;-0,101131;0,100315;0,033335;-0,989241;7,853236;418,453888;-83,069321;-0,339138;-0,02703;0,085742;-0,936431;148,353973;353,808777;-616,129272;-0,643702;0,58609;0,416018;-0,262822;323,773773;-75,854179;-155,344269
185;1,85;-0,140085;0,151984;0,064326;-0,976289;128,631195;604,085938;-116,798439;-0,100935;0,099551;0,033705;-0,989326;7,94004;418,502625;-83,02597;-0,339091;-0,027002;0,085771;-0,936446;148,367477;353,766663;-616,116699;-0,643675;0,586121;0,416013;-0,262826;323,789368;-75,875359;-155,349991
186;1,86;-0,139859;0,151955;0,064148;-0,976337;128,647339;604,119507;-116,838211;-0,100827;0,099302;0,033991;-0,989352;7,984184;418,552429;-82,990173;-0,339151;-0,026916;0,085765;-0,936427;148,422852;353,798767;-616,112854;-0,643665;0,586125;0,416014;-0,262843;323,790009;-75,879623;-155,354477
187;1,87;-0,139592;0,151845;0,064329;-0,976381;128,682846;604,158936;-116,870163;-0,100761;0,100107;0,03349;-0,989295;7,91719;418,570313;-83,014206;-0,339124;-0,026893;0,085738;-0,936441;148,470016;353,784149;-616,096313;-0,643682;0,586104;0,416;-0,262868;323,800049;-75,870506;-155,354477
188;1,88;-0,139322;0,151994;0,06422;-0,976403;128,691269;604,191406;-116,903496;-0,100684;0,100338;0,033274;-0,989286;7,913898;418,591248;-82,996124;-0,339121;-0,026808;0,085803;-0,936438;148,48439;353,761108;-616,075867;-0,643704;0,586127;0,415933;-0,26287;323,822205;-75,881332;-155,337143
189;1,89;-0,139078;0,151901;0,064057;-0,976463;128,73941;604,224487;-116,929138;-0,100376;0,099322;0,033841;-0,989401;8,008129;418,661926;-82,929779;-0,339143;-0,027011;0,085694;-0,936434;148,487473;353,836975;-616,123901;-0,643694;0,586083;0,415983;-0,262913;323,803436;-75,866356;-155,355148
190;1,9;-0,1388;0,151861;0,064248;-0,976496;128,753998;604,259094;-116,960701;-0,100205;0,09968;0,033606;-0,989391;8,014146;418,694702;-82,890373;-0,339103;-0,026878;0,08588;-0,936436;148,436371;353,747375;-616,087585;-0,643678;0,586128;0,415972;-0,262869;323,8125;-75,882584;-155,342102
191;1,91;-0,138557;0,151789;0,063985;-0,976559;128,766617;604,297791;-116,994377;-0,100152;0,099848;0,033514;-0,989382;7,975159;418,700531;-82,910767;-0,339136;-0,026906;0,085855;-0,936425;148,439072;353,781006;-616,097778;-0,643648;0,586142;0,415994;-0,262877;323,802704;-75,89196;-155,347946
192;1,92;-0,138357;0,151625;0,063937;-0,976616;128,755844;604,340881;-117,034439;-0,099936;0,10001;0,033356;-0,989393;7,943601;418,746094;-82,889717;-0,339128;-0,026869;0,085768;-0,936437;148,508942;353,786926;-616,08551;-0,643698;0,586095;0,415968;-0,2629;323,80661;-75,871193;-155,347336
193;1,93;-0,138118;0,151529;0,064045;-0,976658;128,774048;604,377747;-117,073341;-0,099649;0,099331;0,033725;-0,989478;8,00294;418,811249;-82,813835;-0,339108;-0,026957;0,08584;-0,936435;148,408005;353,771667;-616,106995;-0,643669;0,586106;0,416014;-0,262872;323,793915;-75,873657;-155,357483
194;1,94;-0,137851;0,151554;0,06419;-0,976682;128,770767;604,424377;-117,123039;-0,099469;0,099299;0,033608;-0,989503;8,003119;418,83728;-82,802437;-0,33912;-0,026871;0,085771;-0,93644;148,464417;353,779449;-616,079041;-0,643683;0,586092;0,416024;-0,262855;323,794067;-75,866356;-155,359177
195;1,95;-0,137572;0,151355;0,064441;-0,976736;128,771973;604,471436;-117,173393;-0,099254;0,099883;0,033251;-0,989478;7,940869;418,859253;-82,793037;-0,339125;-0,026825;0,085774;-0,936439;148,479233;353,766754;-616,077637;-0,643688;0,586052;0,416065;-0,262866;323,778351;-75,848351;-155,37056
196;1,96;-0,137224;0,151505;0,064874;-0,976733;128,777771;604,52124;-117,222435;-0,099009;0,100105;0,033098;-0,989485;7,929811;418,915436;-82,77494;-0,339133;-0,026972;0,085764;-0,936433;148,410751;353,796356;-616,120544;-0,643724;0,586089;0,415948;-0,262881;323,80014;-75,861061;-155,340988
197;1,97;-0,136981;0,151424;0,064977;-0,976773;128,796097;604,566833;-117,265244;-0,098642;0,100014;0,033249;-0,989526;7,955486;418,994171;-82,708488;-0,339091;-0,026907;0,085801;-0,936446;148,414124;353,74646;-616,092041;-0,643672;0,5861;0,41604;-0,262837;323,786499;-75,868813;-155,35965
198;1,98;-0,136685;0,151597;0,065797;-0,976733;128,783066;604,621704;-117,316841;-0,09849;0,10029;0,033014;-0,989521;7,947256;419,016418;-82,682289;-0,339119;-0,026986;0,085823;-0,936432;148,359802;353,770782;-616,121155;-0,643661;0,586105;0,416056;-0,26283;323,789276;-75,871277;-155,364685
199;1,99;-0,136353;0,151704;0,066084;-0,976743;128,787872;604,672791;-117,365791;-0,098263;0,100718;0,032714;-0,98951;7,907455;419,050507;-82,66497;-0,339125;-0,026859;0,0858;-0,936435;148,432999;353,760284;-616,089355;-0,643692;0,586158;0,415921;-0,262848;323,824554;-75,896049;-155,331009
200;2;-0,136036;0,151686;0,066148;-0,976786;128,808258;604,721069;-117,415062;-0,097967;0,10058;0,032718;-0,989553;7,927235;419,12561;-82,632004;-0,339117;-0,027044;0,085717;-0,936441;148,405182;353,806152;-616,129761;-0,643732;0,586077;0,415952;-0,262882;323,81369;-75,85495;-155,344666
201;2,01;-0,135701;0,151723;0,066184;-0,976824;128,837143;604,764893;-117,460724;-0,097747;0,100375;0,03278;-0,989594;7,941648;419,200256;-82,575386;-0,339139;-0,026755;0,085844;-0,936429;148,460938;353,751434;-616,063293;-0,643735;0,586064;0,415953;-0,262903;323,81366;-75,854897;-155,350204
202;2,02;-0,135265;0,151825;0,066605;-0,97684;128,844299;604,818481;-117,517273;-0,097524;0,100514;0,032703;-0,989604;7,937533;419,232574;-82,556091;-0,339121;-0,026911;0,08579;-0,936436;148,427689;353,774261;-616,097656;-0,643718;0,586096;0,415935;-0,262901;323,825012;-75,871841;-155,344681
203;2,03;-0,134872;0,151977;0,066816;-0,976856;128,864655;604,871338;-117,578461;-0,097311;0,100679;0,032581;-0,989612;7,916162;419,260834;-82,547348;-0,339156;-0,026953;0,085665;-0,936434;148,490463;353,832123;-616,11261;-0,643732;0,586069;0,415966;-0,262877;323,815918;-75,85408;-155,348633
204;2,04;-0,134532;0,151988;0,066886;-0,976897;128,88031;604,920044;-117,632187;-0,096997;0,100161;0,032897;-0,989685;7,939478;419,336823;-82,499344;-0,33909;-0,026895;0,085839;-0,936443;148,419052;353,743195;-616,09314;-0,643695;0,586121;0,415946;-0,262884;323,811829;-75,881546;-155,348007
205;2,05;-0,134062;0,151643;0,066814;-0,97702;128,909119;604,976746;-117,692055;-0,096738;0,099871;0,033015;-0,989736;7,957185;419,400024;-82,45723;-0,339103;-0,026842;0,08586;-0,936439;148,42131;353,741119;-616,081238;-0,643697;0,586149;0,415912;-0,26287;323,819092;-75,891586;-155,333939
206;2,06;-0,133595;0,151585;0,066928;-0,977085;128,941696;605,035156;-117,760071;-0,096425;0,10043;0,032706;-0,98972;7,91526;419,442566;-82,416466;-0,339129;-0,027039;0,085767;-0,936432;148,382813;353,806396;-616,133667;-0,643662;0,58612;0,416021;-0,26285;323,793762;-75,877975;-155,356735
207;2,07;-0,133127;0,151415;0,066634;-0,977195;128,952881;605,101624;-117,825165;-0,096101;0,100229;0,032825;-0,989768;7,914246;419,489471;-82,389847;-0,339093;-0,027029;0,085759;-0,936446;148,38472;353,780762;-616,11615;-0,64369;0,586079;0,416027;-0,262861;323,79306;-75,859993;-155,358093
208;2,08;-0,132679;0,151433;0,066067;-0,977292;128,996307;605,165527;-117,916527;-0,095722;0,100219;0,032803;-0,989807;7,920375;419,574188;-82,310242;-0,339125;-0,026918;0,085822;-0,936432;148,399979;353,76889;-616,10553;-0,643719;0,586094;0,41596;-0,262861;323,807159;-75,86245;-155,341385
209;2,09;-0,132265;0,151196;0,065882;-0,977397;129,031265;605,234985;-118,003166;-0,095348;0,100056;0,032868;-0,989857;7,921125;419,651062;-82,267372;-0,339066;-0,026852;0,085865;-0,936451;148,393951;353,711884;-616,070618;-0,643677;0,586106;0,416033;-0,262824;323,790894;-75,86499;-155,354141
210;2,1;-0,131825;0,151109;0,065612;-0,977488;129,040359;605,309387;-118,086868;-0,094861;0,100327;0,032815;-0,989878;7,875451;419,719238;-82,22187;-0,33912;-0,027017;0,085809;-0,936432;148,356827;353,782013;-616,129211;-0,643687;0,586095;0,416021;-0,262844;323,793457;-75,863373;-155,356171
211;2,11;-0,131203;0,151176;0,065625;-0,977561;129,05127;605,390869;-118,174797;-0,094415;0,100705;0,032616;-0,989889;7,865705;419,796448;-82,181602;-0,339109;-0,026799;0,085813;-0,936442;148,44429;353,740753;-616,070129;-0,643774;0,586011;0,41596;-0,262915;323,800598;-75,826195;-155,35231
212;2,12;-0,130731;0,151438;0,064929;-0,97763;129,069687;605,46875;-118,270935;-0,093866;0,10026;0,032818;-0,98998;7,896483;419,901062;-82,103394;-0,339086;-0,027007;0,085716;-0,936453;148,405533;353,77655;-616,115601;-0,643707;0,586094;0,415972;-0,262873;323,796906;-75,861481;-155,347214
213;2,13;-0,13019;0,15146;0,064713;-0,977713;129,095413;605,552795;-118,366035;-0,093432;0,10032;0,032652;-0,99002;7,905273;419,989868;-82,048347;-0,339123;-0,026955;0,085768;-0,936436;148,386688;353,777924;-616,115112;-0,643733;0,586103;0,415919;-0,262875;323,82312;-75,87001;-155,334747
214;2,14;-0,129759;0,151466;0,064472;-0,977785;129,118118;605,632507;-118,45311;-0,092965;0,100684;0,03231;-0,990039;7,863733;420,078522;-81,997841;-0,339092;-0,026993;0,085793;-0,936444;148,35878;353,754425;-616,118774;-0,643717;0,586083;0,415963;-0,262888;323,799622;-75,860809;-155,347443
215;2,15;-0,129535;0,151781;0,064429;-0,977769;129,12146;605,693359;-118,499619;-0,09238;0,10096;0,03204;-0,990074;7,836211;420,131866;-82,003845;-0,339131;-0,02693;0,085736;-0,936437;148,404999;353,786499;-616,097778;-0,643695;0,586094;0,415981;-0,262889;323,803131;-75,869484;-155,355194
216;2,16;-0,129785;0,151686;0,064513;-0,977745;129,095398;605,703857;-118,489441;-0,091933;0,100938;0,031803;-0,990125;7,852632;420,234039;-81,911606;-0,339109;-0,026939;0,085757;-0,936443;148,385986;353,762543;-616,099487;-0,643708;0,586084;0,415999;-0,26285;323,804199;-75,857094;-155,351746
217;2,17;-0,130333;0,15151;0,064607;-0,977693;129,088379;605,685425;-118,433296;-0,091106;0,100032;0,032261;-0,990279;7,93679;420,386047;-81,823067;-0,339148;-0,026857;0,085871;-0,93642;148,355179;353,752014;-616,093933;-0,643648;0,586152;0,416023;-0,262809;323,805145;-75,891579;-155,346909
218;2,18;-0,131087;0,15132;0,064649;-0,977619;129,065384;605,648376;-118,35955;-0,09034;0,100736;0,031778;-0,990293;7,90076;420,547394;-81,701004;-0,339128;-0,026837;0,085847;-0,936431;148,387161;353,747681;-616,083069;-0,643668;0,586094;0,416059;-0,262832;323,789337;-75,865891;-155,36116
219;2,19;-0,132329;0,151157;0,065304;-0,977434;129,003555;605,555847;-118,19532;-0,089457;0,101706;0,031336;-0,990289;7,81846;420,707794;-81,623344;-0,33913;-0,026809;0,085866;-0,936429;148,397247;353,737396;-616,082214;-0,643727;0,586035;0,416042;-0,262846;323,792603;-75,837273;-155,3573
220;2,2;-0,133574;0,15077;0,065491;-0,977311;128,930664;605,474731;-118,049713;-0,088437;0,100688;0,031964;-0,990464;7,830369;420,926422;-81,470314;-0,339184;-0,026784;0,085798;-0,936416;148,453049;353,786316;-616,085876;-0,643729;0,586049;0,416001;-0,262872;323,797852;-75,844574;-155,354584
221;2,21;-0,133068;0,150942;0,065391;-0,97736;128,971924;605,577454;-118,151115;-0,087429;0,100109;0,032142;-0,990607;7,88363;421,139526;-81,31189;-0,339122;-0,026823;0,085804;-0,936437;148,426468;353,749542;-616,075623;-0,643681;0,586156;0,415949;-0,262834;323,819794;-75,894211;-155,333115
222;2,22;-0,131847;0,150943;0,064836;-0,977563;129,069336;605,809937;-118,396187;-0,086519;0,100197;0,031596;-0,990695;7,871009;421,354156;-81,18779;-0,339142;-0,027028;0,085724;-0,936431;148,383057;353,814575;-616,126709;-0,643696;0,586128;0,415962;-0,262841;323,811523;-75,878723;-155,336395
223;2,23;-0,130429;0,151027;0,065187;-0,977717;129,102692;606,032837;-118,61528;-0,085414;0,100751;0,031274;-0,990745;7,828151;421,570831;-81,089294;-0,3391;-0,026894;0,085735;-0,93645;148,416977;353,757874;-616,080078;-0,643708;0,586095;0,415976;-0,262862;323,812378;-75,866714;-155,341415
224;2,24;-0,128526;0,150388;0,065978;-0,978014;129,194794;606,272644;-118,844162;-0,084263;0,100564;0,030997;-0,990871;7,857538;421,828949;-80,937424;-0,339105;-0,026934;0,085796;-0,936441;148,370697;353,75238;-616,097107;-0,643709;0,58612;0,415933;-0,262872;323,823059;-75,878563;-155,331161
225;2,25;-0,127308;0,149802;0,066304;-0,978241;129,263779;606,460693;-119,033417;-0,082893;0,100688;0,030984;-0,990975;7,861996;422,095245;-80,720528;-0,339166;-0,026786;0,085816;-0,936421;148,422134;353,768066;-616,075134;-0,643721;0,586041;0,416019;-0,262884;323,797791;-75,841736;-155,357407
226;2,26;-0,126886;0,149404;0,067338;-0,978286;129,336441;606,585693;-119,135017;-0,081406;0,1011;0,030787;-0,991062;7,836752;422,356293;-80,559769;-0,339113;-0,026817;0,085867;-0,936435;148,377655;353,722504;-616,073792;-0,643702;0,586082;0,416007;-0,262856;323,800537;-75,857269;-155,351959
227;2,27;-0,126859;0,149053;0,067193;-0,978353;129,35347;606,672241;-119,198563;-0,079718;0,101179;0,030918;-0,991187;7,796615;422,6539;-80,382614;-0,339142;-0,026855;0,08576;-0,936433;148,421356;353,776031;-616,086853;-0,643704;0,58609;0,416006;-0,262837;323,812988;-75,863129;-155,349884
228;2,28;-0,125276;0,149354;0,066699;-0,978545;129,463364;606,918884;-119,463654;-0,078423;0,100786;0,030686;-0,991338;7,82268;422,950592;-80,223541;-0,339097;-0,026705;0,085912;-0,93644;148,40538;353,686096;-616,047852;-0,643692;0,586081;0,416038;-0,262835;323,794769;-75,857529;-155,359909
229;2,29;-0,123144;0,148897;0,06646;-0,978902;129,604706;607,201233;-119,789223;-0,077228;0,100361;0,030403;-0,991483;7,882041;423,238403;-80,033287;-0,339148;-0,026881;0,085788;-0,936427;148,383972;353,779358;-616,092712;-0,643734;0,586062;0,415958;-0,262902;323,802185;-75,853294;-155,351776
230;2,3;-0,121571;0,14826;0,066923;-0,979163;129,70694;607,435852;-120,058678;-0,075743;0,100243;0,030275;-0,991614;7,856382;423,531464;-79,871872;-0,339093;-0,026838;0,085888;-0,936439;148,327286;353,70694;-616,078308;-0,643742;0,586055;0,415992;-0,262842;323,807709;-75,843582;-155,345657
231;2,31;-0,12015;0,147856;0,067082;-0,979389;129,797668;607,671387;-120,294662;-0,074229;0,100581;0,030233;-0,991695;7,801837;423,826202;-79,678185;-0,339115;-0,026878;0,085822;-0,936437;148,343475;353,736115;-616,093079;-0,643687;0,586109;0,416001;-0,262843;323,79361;-75,869637;-155,348999
232;2,32;-0,118779;0,148149;0,067273;-0,979499;129,889084;607,897156;-120,506477;-0,072643;0,10107;0,030271;-0,991762;7,761931;424,136292;-79,483604;-0,339109;-0,027055;0,085763;-0,936439;148,286011;353,774994;-616,129517;-0,643685;0,586065;0,416084;-0,262814;323,782074;-75,851028;-155,363068
233;2,33;-0,117089;0,147662;0,067013;-0,979794;129,955536;608,122864;-120,735657;-0,07115;0,101073;0,029954;-0,991879;7,779589;424,442871;-79,305962;-0,339077;-0,027001;0,085754;-0,936453;148,30397;353,747284;-616,098694;-0,64372;0,58607;0,415992;-0,262864;323,790436;-75,853996;-155,346954
234;2,34;-0,115533;0,147612;0,067257;-0,979969;130,040283;608,358582;-121,002998;-0,069863;0,101246;0,029746;-0,99196;7,761998;424,678925;-79,165634;-0,33912;-0,0269;0,085817;-0,936435;148,309174;353,74765;-616,087219;-0,643717;0,586069;0,416027;-0,262819;323,793427;-75,850777;-155,344986
235;2,35;-0,114334;0,14799;0,068629;-0,979958;130,143494;608,562988;-121,267265;-0,068666;0,101059;0,02958;-0,992067;7,770603;424,940155;-79,028687;-0,339059;-0,026858;0,085868;-0,936453;148,304703;353,687195;-616,065002;-0,643705;0,58609;0,416005;-0,262837;323,78833;-75,85817;-155,342606
236;2,36;-0,113077;0,147737;0,068864;-0,980125;130,259827;608,753418;-121,498047;-0,067465;0,100632;0,02944;-0,992197;7,82028;425,207092;-78,880089;-0,339071;-0,027002;0,08578;-0,936453;148,304413;353,738098;-616,101196;-0,643721;0,586076;0,415968;-0,262886;323,791992;-75,858696;-155,342819
237;2,37;-0,111583;0,147359;0,068822;-0,980356;130,340302;608,950378;-121,702301;-0,066296;0,100438;0,029557;-0,992292;7,839973;425,452576;-78,733978;-0,339088;-0,026889;0,085807;-0,936447;148,349731;353,724426;-616,087891;-0,643682;0,586117;0,416001;-0,262836;323,792389;-75,873932;-155,347076
238;2,38;-0,11061;0,147462;0,069212;-0,980423;130,380524;609,106628;-121,854553;-0,065307;0,100561;0,029675;-0,992342;7,829905;425,666626;-78,612358;-0,339066;-0,026895;0,085866;-0,93645;148,321671;353,696381;-616,091492;-0,643691;0,586099;0,416035;-0,262802;323,805115;-75,865685;-155,348801
239;2,39;-0,110673;0,147355;0,069104;-0,98044;130,386414;609,154175;-121,879669;-0,064449;0,100808;0,029731;-0,992371;7,849141;425,861786;-78,463554;-0,339104;-0,026831;0,08589;-0,936435;148,327042;353,707581;-616,085876;-0,643706;0,586065;0,416016;-0,262872;323,795502;-75,851723;-155,360535
240;2,4;-0,110526;0,146977;0,069189;-0,980507;130,375458;609,198608;-121,915741;-0,06358;0,100969;0,029772;-0,992409;7,858638;426,086334;-78,275429;-0,339106;-0,026808;0,085839;-0,93644;148,374557;353,712067;-616,084351;-0,64372;0,586053;0,416006;-0,262878;323,804626;-75,850182;-155,361115
241;2,41;-0,109556;0,146298;0,06878;-0,980747;130,441528;609,331726;-122,063797;-0,063044;0,100758;0,029772;-0,992465;7,905827;426,304962;-78,054413;-0,339137;-0,026795;0,085871;-0,936426;148,356003;353,724243;-616,085327;-0,643703;0,586092;0,415984;-0,262868;323,806702;-75,862228;-155,350372
242;2,42;-0,108886;0,146472;0,068261;-0,980832;130,433502;609,420593;-122,188232;-0,062234;0,100265;0,030348;-0,992549;7,994534;426,659607;-77,700569;-0,339078;-0,026959;0,085777;-0,936452;148,333237;353,732239;-616,102722;-0,643738;0,586101;0,415909;-0,262882;323,825195;-75,868271;-155,33107
243;2,43;-0,108354;0,145701;0,068283;-0,981004;130,523193;609,505981;-122,267326;-0,061715;0,098372;0,031496;-0,992735;8,163878;426,999084;-77,382965;-0,339047;-0,026925;0,085825;-0,936459;148,324509;353,700867;-616,082581;-0,643692;0,586096;0,416004;-0,262855;323,801392;-75,865417;-155,349442
244;2,44;-0,107736;0,145491;0,068535;-0,981085;130,520233;609,572876;-122,368408;-0,061386;0,098429;0,031409;-0,992752;8,177789;427,234009;-77,087059;-0,339095;-0,026805;0,085902;-0,936438;148,331818;353,69812;-616,066101;-0,643701;0,586124;0,415944;-0,262866;323,804901;-75,879173;-155,333099
245;2,45;-0,106954;0,145051;0,069013;-0,981203;130,590027;609,67865;-122,473053;-0,060961;0,097999;0,03169;-0,992812;8,216603;427,447906;-76,830658;-0,33908;-0,026948;0,085851;-0,936444;148,279724;353,713135;-616,095886;-0,643685;0,586105;0,416022;-0,262825;323,788239;-75,867119;-155,347214
246;2,46;-0,106072;0,145155;0,068735;-0,981302;130,640427;609,776306;-122,617104;-0,059962;0,09672;0,032741;-0,992964;8,347689;427,704163;-76,639832;-0,339113;-0,026988;0,085844;-0,936432;148,268112;353,754333;-616,118164;-0,643717;0,586086;0,415986;-0,262845;323,795319;-75,857178;-155,344162
247;2,47;-0,105166;0,145004;0,068608;-0,981431;130,718719;609,903015;-122,736412;-0,059182;0,097119;0,032605;-0,992977;8,312713;427,862701;-76,580132;-0,339054;-0,026739;0,086;-0,936446;148,306061;353,64267;-616,060059;-0,643691;0,586102;0,416004;-0,262845;323,792023;-75,871857;-155,349579
248;2,48;-0,104347;0,144719;0,067692;-0,981624;130,735718;610,020203;-122,894768;-0,058651;0,098311;0,031483;-0,992927;8,159585;427,928558;-76,581116;-0,339076;-0,026851;0,085909;-0,936443;148,299698;353,68396;-616,094482;-0,643713;0,585989;0,416121;-0,262857;323,761108;-75,81842;-155,389236
249;2,49;-0,103601;0,144566;0,067545;-0,981736;130,800354;610,140564;-123,028427;-0,058163;0,097973;0,031536;-0,992987;8,239757;428,025421;-76,505928;-0,339052;-0,026996;0,085738;-0,936464;148,311951;353,726227;-616,107971;-0,643656;0,586149;0,416004;-0,262827;323,795929;-75,889809;-155,355591
250;2,5;-0,103176;0,144407;0,067499;-0,981807;130,843094;610,229431;-123,147163;-0,057533;0,09707;0,032176;-0,993092;8,395987;428,203033;-76,377106;-0,339031;-0,026901;0,085981;-0,936452;148,234375;353,647095;-616,095154;-0,643657;0,586151;0,416008;-0,262812;323,805664;-75,893494;-155,355133
251;2,51;-0,102893;0,144197;0,067899;-0,98184;130,911697;610,295349;-123,2005;-0,056927;0,09748;0,031864;-0,993097;8,341074;428,309601;-76,342209;-0,339056;-0,026833;0,085978;-0,936445;148,271255;353,656677;-616,082886;-0,64368;0,586133;0,415985;-0,262831;323,811554;-75,883934;-155,34845
252;2,52;-0,102769;0,14414;0,0678;-0,981868;130,905777;610,343994;-123,260101;-0,056447;0,098723;0,03121;-0,993023;8,213066;428,384766;-76,323914;-0,338996;-0,026999;0,085857;-0,936473;148,262894;353,660675;-616,102844;-0,643696;0,586067;0,416032;-0,262864;323,791382;-75,851692;-155,365158
253;2,53;-0,1021;0,143779;0,068269;-0,981959;130,967743;610,442688;-123,366501;-0,055746;0,098067;0,031495;-0,993118;8,290679;428,5289;-76,238052;-0,339069;-0,026759;0,085963;-0,936444;148,322784;353,65329;-616,067322;-0,643707;0,586151;0,415922;-0,262826;323,83847;-75,890572;-155,323502
254;2,54;-0,101399;0,14365;0,069098;-0,981992;131,016586;610,532837;-123,469368;-0,055252;0,096443;0,032445;-0,993274;8,420214;428,666443;-76,108879;-0,339058;-0,026786;0,085971;-0,936446;148,307571;353,654175;-616,06012;-0,643677;0,586159;0,41595;-0,262835;323,818359;-75,895309;-155,333405
255;2,55;-0,100692;0,143493;0,069042;-0,982092;131,040604;610,640808;-123,579292;-0,054758;0,096865;0,032232;-0,993267;8,349613;428,74585;-76,076111;-0,339034;-0,027022;0,085871;-0,936457;148,235992;353,692963;-616,104126;-0,64366;0,586108;0,41605;-0,262834;323,788696;-75,87352;-155,359146
256;2,56;-0,099797;0,143373;0,069612;-0,98216;131,050842;610,733459;-123,695717;-0,054277;0,097461;0,031809;-0,993249;8,260306;428,809479;-76,0896;-0,339089;-0,026846;0,085877;-0,936442;148,312515;353,696442;-616,08252;-0,643706;0,586102;0,415962;-0,262873;323,79718;-75,86953;-155,342453
257;2,57;-0,099099;0,14339;0,070057;-0,982197;131,087585;610,811401;-123,783913;-0,053946;0,097503;0,031671;-0,993267;8,255466;428,94519;-75,997238;-0,339045;-0,026749;0,086011;-0,936448;148,277542;353,627045;-616,052124;-0,643661;0,586065;0,41611;-0,262833;323,763;-75,848732;-155,375244
258;2,58;-0,098331;0,143509;0,070024;-0,982259;131,113922;610,89801;-123,866974;-0,053465;0,097353;0,031823;-0,993303;8,301913;429,065704;-75,910248;-0,339066;-0,02691;0,085915;-0,936445;148,230225;353,687714;-616,083496;-0,64371;0,586065;0,416042;-0,26282;323,783539;-75,847786;-155,352951
259;2,59;-0,097811;0,143277;0,069667;-0,98237;131,122086;610,964661;-123,954102;-0,053288;0,097669;0,031377;-0,993296;8,251637;429,091675;-75,878853;-0,339035;-0,027059;0,08583;-0,936459;148,206528;353,700287;-616,112549;-0,643738;0,586006;0,416065;-0,262849;323,779358;-75,825157;-155,365799
260;2,6;-0,097237;0,143026;0,069292;-0,98249;131,156784;611,036072;-124,038956;-0,052899;0,098063;0,031017;-0,993289;8,199551;429,142456;-75,896042;-0,339073;-0,026628;0,086044;-0,936439;148,277939;353,611084;-616,034424;-0,643698;0,586147;0,415946;-0,262819;323,807922;-75,884232;-155,32843
261;2,61;-0,096894;0,142641;0,069435;-0,98257;131,198853;611,088806;-124,107552;-0,05245;0,097788;0,031288;-0,993332;8,232191;429,273529;-75,833267;-0,339044;-0,026987;0,085934;-0,936449;148,183884;353,671173;-616,116333;-0,643731;0,586101;0,415937;-0,262855;323,814087;-75,866257;-155,333786
262;2,62;-0,096532;0,142215;0,068891;-0,982706;131,260269;611,147766;-124,184532;-0,052259;0,097444;0,031486;-0,993369;8,295928;429,348694;-75,761131;-0,338983;-0,026974;0,085887;-0,936476;148,215622;353,639893;-616,090149;-0,643704;0,586137;0,415936;-0,26284;323,815582;-75,880783;-155,333054
263;2,63;-0,096228;0,14226;0,068625;-0,982748;131,273392;611,204895;-124,269012;-0,051982;0,097743;0,031093;-0,993367;8,270892;429,374847;-75,74791;-0,339066;-0,026871;0,085887;-0,936448;148,291061;353,678223;-616,091736;-0,643729;0,586095;0,415949;-0,262854;323,815155;-75,858833;-155,339966
264;2,64;-0,095833;0,142126;0,068401;-0,982821;131,31929;611,268127;-124,33683;-0,051766;0,098036;0,030712;-0,993361;8,239706;429,435486;-75,733284;-0,33904;-0,027025;0,085827;-0,936459;148,25827;353,695282;-616,122864;-0,643717;0,586065;0,416;-0,26287;323,808472;-75,85157;-155,359055
265;2,65;-0,095348;0,14237;0,068338;-0,982837;131,349777;611,32605;-124,409538;-0,05117;0,097621;0,031308;-0,993414;8,305115;429,564941;-75,671188;-0,339019;-0,026955;0,085847;-0,936467;148,284698;353,669434;-616,10437;-0,643686;0,586107;0,41599;-0,262866;323,807617;-75,873077;-155,35498
266;2,66;-0,094786;0,142197;0,068519;-0,982904;131,399902;611,393066;-124,501144;-0,050647;0,098059;0,030969;-0,993408;8,308759;429,663239;-75,615929;-0,339005;-0,026892;0,085895;-0,936469;148,299454;353,643188;-616,090088;-0,643692;0,586067;0,416045;-0,262855;323,796295;-75,850349;-155,367203
267;2,67;-0,094125;0,142146;0,069241;-0,982925;131,435654;611,462769;-124,6045;-0,050318;0,098651;0,030636;-0,993377;8,238883;429,696747;-75,585533;-0,339042;-0,02677;0,085837;-0,936465;148,366287;353,658203;-616,054932;-0,64372;0,586055;0,416012;-0,262865;323,810638;-75,847565;-155,357941
268;2,68;-0,093537;0,142125;0,069554;-0,982962;131,484833;611,531677;-124,694641;-0,049831;0,098507;0,030652;-0,993415;8,234845;429,784058;-75,541702;-0,339035;-0,026953;0,085816;-0,936464;148,287064;353,686066;-616,095276;-0,643744;0,586087;0,415933;-0,26286;323,828583;-75,858894;-155,335342
269;2,69;-0,092997;0,142438;0,069797;-0,98295;131,498886;611,597717;-124,77813;-0,049505;0,097927;0,031102;-0,993475;8,268579;429,908417;-75,466446;-0,339005;-0,026792;0,085958;-0,936466;148,287628;353,608887;-616,058533;-0,643696;0,586089;0,416008;-0,262854;323,800751;-75,862259;-155,35379
270;2,7;-0,09287;0,141967;0,070061;-0,983012;131,54834;611,633118;-124,793373;-0,049031;0,097864;0,031207;-0,993501;8,255191;429,999084;-75,418358;-0,339017;-0,026781;0,086022;-0,936457;148,247833;353,604004;-616,057617;-0,643713;0,586125;0,415935;-0,262848;323,825195;-75,87999;-155,329422
271;2,71;-0,093927;0,141778;0,069594;-0,982972;131,481506;611,5896;-124,677269;-0,048577;0,098376;0,030469;-0,993496;8,195083;430,072998;-75,390633;-0,339051;-0,026736;0,085964;-0,936451;148,272308;353,628052;-616,039978;-0,643738;0,586098;0,415924;-0,262867;323,81665;-75,868027;-155,324738
272;2,72;-0,096193;0,141607;0,069069;-0,982814;131,329422;611,42804;-124,372467;-0,047806;0,098616;0,030546;-0,993507;8,227239;430,214325;-75,284988;-0,339047;-0,026911;0,08593;-0,93645;148,228912;353,6651;-616,079834;-0,643735;0,586151;0,415866;-0,262847;323,833405;-75,889214;-155,304276
273;2,73;-0,09728;0,141563;0,069498;-0,982683;131,314636;611,378296;-124,249908;-0,047011;0,097843;0,030922;-0,99361;8,303871;430,397095;-75,191719;-0,338994;-0,026891;0,085944;-0,936469;148,238571;353,622986;-616,061951;-0,643754;0,585992;0,416064;-0,262842;323,785858;-75,81356;-155,3535
274;2,74;-0,096161;0,14144;0,069488;-0,982812;131,39119;611,521118;-124,408173;-0,046314;0,098193;0,030548;-0,99362;8,278981;430,542603;-75,124855;-0,339028;-0,026817;0,085985;-0,936455;148,226715;353,621307;-616,052124;-0,643721;0,586128;0,415939;-0,262815;323,82254;-75,876221;-155,317871
275;2,75;-0,095091;0,141344;0,069217;-0,982949;131,436981;611,660339;-124,614906;-0,045459;0,098407;0,030312;-0,993645;8,221661;430,695282;-75,065781;-0,339088;-0,026828;0,085944;-0,936437;148,242004;353,673035;-616,070313;-0,643719;0,586154;0,415921;-0,262792;323,836426;-75,887093;-155,304367
276;2,76;-0,093647;0,1415;0,068818;-0,983093;131,542343;611,85907;-124,870232;-0,044425;0,097953;0,030454;-0,993732;8,256668;430,915222;-74,941696;-0,339037;-0,026621;0,086017;-0,936454;148,295609;353,588287;-616,010193;-0,643712;0,586082;0,415984;-0,26287;323,796692;-75,858574;-155,33876
277;2,77;-0,092361;0,141798;0,068862;-0,983169;131,58316;612,033569;-125,084457;-0,043553;0,097016;0,030727;-0,993855;8,303572;431,149078;-74,774475;-0,339024;-0,026843;0,085924;-0,936461;148,239395;353,632141;-616,054321;-0,643691;0,586075;0,416041;-0,262844;323,794006;-75,855629;-155,349991
278;2,78;-0,091814;0,141418;0,068854;-0,983275;131,630188;612,165344;-125,200111;-0,042267;0,098043;0,030257;-0,993824;8,231589;431,406006;-74,667061;-0,338998;-0,026899;0,085954;-0,936466;148,19339;353,61438;-616,062134;-0,643764;0,586055;0,415954;-0,26285;323,820862;-75,843979;-155,323624
279;2,79;-0,090951;0,141161;0,069534;-0,983345;131,623932;612,302185;-125,34626;-0,041125;0,098993;0,029666;-0,993795;8,168433;431,642303;-74,562447;-0,33906;-0,02666;0,086078;-0,936439;148,225449;353,58905;-616,031982;-0,643739;0,586063;0,415966;-0,262874;323,804504;-75,850456;-155,33287
280;2,8;-0,090074;0,139992;0,070033;-0,983557;131,709595;612,438477;-125,469772;-0,040087;0,098309;0,029904;-0,993898;8,217549;431,899292;-74,430817;-0,339041;-0,026722;0,086017;-0,93645;148,230225;353,602142;-616,032837;-0,643702;0,586126;0,415964;-0,262828;323,811279;-75,876625;-155,322556
281;2,81;-0,090032;0,139338;0,070123;-0,983647;131,713135;612,519104;-125,541122;-0,038776;0,098595;0,029838;-0,993924;8,23082;432,165527;-74,280998;-0,339029;-0,026811;0,086012;-0,936452;148,180847;353,609131;-616,047791;-0,643782;0,586028;0,415935;-0,262895;323,810516;-75,836319;-155,323029
282;2,82;-0,089423;0,139118;0,070664;-0,983695;131,75293;612,649536;-125,662521;-0,037689;0,098714;0,029558;-0,993962;8,226728;432,376038;-74,172295;-0,339026;-0,026753;0,086066;-0,93645;148,178665;353,586304;-616,03656;-0,64373;0,586144;0,415893;-0,262831;323,82193;-75,88382;-155,29892
283;2,83;-0,088596;0,13919;0,070733;-0,983755;131,775589;612,788635;-125,834587;-0,036255;0,098316;0,029803;-0,994048;8,216978;432,640686;-74,064316;-0,339007;-0,026714;0,085977;-0,936466;148,231781;353,5867;-616,013855;-0,643701;0,586124;0,415955;-0,262849;323,790771;-75,877007;-155,318817
284;2,84;-0,088134;0,138874;0,071609;-0,983778;131,832336;612,898987;-125,923721;-0,034959;0,097916;0,030105;-0,994125;8,220324;432,922516;-73,933945;-0,339036;-0,026792;0,085902;-0,93646;148,233093;353,636017;-616,035706;-0,643727;0,586007;0,41612;-0,262784;323,768127;-75,817574;-155,34726
285;2,85;-0,087507;0,138658;0,071649;-0,983861;131,855286;613,00293;-126,025871;-0,033892;0,097597;0,03027;-0,994188;8,232221;433,156982;-73,793999;-0,339021;-0,026763;0,086;-0,936457;148,187317;353,595734;-616,02655;-0,643746;0,586024;0,416063;-0,262788;323,785156;-75,825951;-155,333847
286;2,86;-0,086849;0,138491;0,071752;-0,983936;131,878571;613,116272;-126,148117;-0,032819;0,098745;0,029099;-0,994146;8,184579;433,438171;-73,611992;-0,339022;-0,02675;0,08596;-0,936461;148,196732;353,604675;-616,016846;-0,643725;0,586091;0,415967;-0,262844;323,792145;-75,859192;-155,321564
287;2,87;-0,086004;0,138594;0,071713;-0,983998;131,932831;613,251709;-126,311035;-0,032228;0,099171;0,028858;-0,99413;8,158443;433,724609;-73,394211;-0,339044;-0,026874;0,085919;-0,936453;148,162521;353,639374;-616,055908;-0,64375;0,586012;0,416041;-0,262843;323,769287;-75,819519;-155,340286
288;2,88;-0,085707;0,138174;0,071801;-0,984077;131,991226;613,32959;-126,383987;-0,031127;0,098342;0,030049;-0,994212;8,225656;434,059357;-73,161285;-0,339047;-0,026623;0,08612;-0,936441;148,166412;353,56366;-616,012878;-0,643709;0,586026;0,416119;-0,262787;323,769562;-75,827782;-155,351959
289;2,89;-0,085303;0,137758;0,071411;-0,984199;132,030945;613,424255;-126,49472;-0,029741;0,09696;0,030781;-0,994368;8,347565;434,351257;-72,992981;-0,339116;-0,026768;0,086058;-0,936418;148,150558;353,65155;-616,070862;-0,643746;0,586065;0,415961;-0,262858;323,793304;-75,846863;-155,326859
290;2,9;-0,084651;0,13726;0,071644;-0,984308;132,092346;613,552979;-126,62262;-0,028928;0,097714;0,030117;-0,994338;8,32078;434,532013;-72,869377;-0,339024;-0,026837;0,085957;-0,936458;148,162552;353,617981;-616,047363;-0,643714;0,586072;0,41604;-0,262797;323,783264;-75,847252;-155,339462
291;2,91;-0,084254;0,137363;0,070838;-0,984385;132,088425;613,672363;-126,753288;-0,02766;0,098397;0,029548;-0,994324;8,282343;434,761475;-72,81559;-0,339013;-0,026714;0,086046;-0,936458;148,170639;353,566589;-616,020447;-0,643712;0,586049;0,416041;-0,262853;323,767975;-75,841621;-155,346298
292;2,92;-0,083812;0,136982;0,070181;-0,984523;132,118271;613,781311;-126,853989;-0,026445;0,096962;0,030522;-0,994468;8,333066;435,032227;-72,693634;-0,338952;-0,026718;0,086109;-0,936474;148,148438;353,520813;-616,013916;-0,643699;0,586131;0,415956;-0,262835;323,78952;-75,878693;-155,320038
293;2,93;-0,083051;0,136885;0,070186;-0,984601;132,135361;613,889954;-126,980217;-0,025493;0,097665;0,029805;-0,994446;8,307866;435,301239;-72,494667;-0,338966;-0,02674;0,085991;-0,936479;148,193039;353,558533;-616,012146;-0,643684;0,586142;0,415994;-0,262789;323,786469;-75,881226;-155,322083
294;2,94;-0,082561;0,136532;0,070151;-0,984694;132,150482;613,982849;-127,05703;-0,024622;0,098203;0,029146;-0,994435;8,288407;435,536621;-72,339256;-0,339014;-0,026662;0,086038;-0,936459;148,180405;353,568695;-616,000244;-0,64379;0,586018;0,415936;-0,262895;323,780365;-75,827217;-155,326508
295;2,95;-0,082325;0,136466;0,070043;-0,98473;132,126556;614,047424;-127,113968;-0,02387;0,097813;0,029499;-0,994481;8,282685;435,720886;-72,229088;-0,338993;-0,026608;0,086131;-0,93646;148,136902;353,521454;-615,988403;-0,643691;0,586066;0,416077;-0,262808;323,752106;-75,845711;-155,351364
296;2,96;-0,08174;0,136321;0,070326;-0,984779;132,15097;614,135498;-127,222183;-0,022814;0,097991;0,029439;-0,99449;8,243971;435,924957;-72,156502;-0,339022;-0,026654;0,086107;-0,93645;148,121445;353,553986;-616,010254;-0,643737;0,586023;0,416087;-0,262776;323,756042;-75,821533;-155,343063
297;2,97;-0,081201;0,136047;0,070899;-0,98482;132,176056;614,218628;-127,329857;-0,021954;0,097814;0,029701;-0,994519;8,240094;436,092255;-72,101578;-0,338997;-0,026616;0,086109;-0,93646;148,120346;353,530396;-615,988892;-0,643721;0,586112;0,415973;-0,262797;323,776123;-75,865059;-155,315903
298;2,98;-0,080953;0,135977;0,070845;-0,984854;132,191498;614,298462;-127,41436;-0,021412;0,097094;0,030057;-0,994591;8,284507;436,197662;-72,053688;-0,338983;-0,026685;0,086142;-0,93646;148,074905;353,521362;-616,004089;-0,64374;0,586019;0,416044;-0,262845;323,748077;-75,826569;-155,346207
299;2,99;-0,080435;0,135963;0,070591;-0,984917;132,197128;614,38031;-127,508255;-0,020706;0,097659;0,029733;-0,99456;8,261636;436,344818;-71,979233;-0,339047;-0,026615;0,086083;-0,936445;148,143692;353,567352;-615,997864;-0,643694;0,586055;0,416087;-0,262812;323,739258;-75,842896;-155,353958
300;3;-0,080046;0,135843;0,071191;-0,984922;132,224319;614,445618;-127,583992;-0,020179;0,097625;0,029559;-0,994579;8,284829;436,470856;-71,932442;-0,339057;-0,026686;0,085986;-0,936448;148,166;353,610779;-616,011475;-0,643749;0,586038;0,416009;-0,262837;323,75412;-75,832382;-155,334473
301;3,01;-0,079618;0,135815;0,070932;-0,984979;132,267166;614,521118;-127,691971;-0,019438;0,097835;0,029352;-0,99458;8,28087;436,638763;-71,869461;-0,339029;-0,026565;0,086141;-0,936447;148,134857;353,536072;-615,992798;-0,643678;0,58615;0,416029;-0,262729;323,768982;-75,877151;-155,319046
302;3,02;-0,079302;0,135419;0,071118;-0,985046;132,273392;614,586609;-127,770767;-0,018845;0,097679;0,029489;-0,994603;8,299011;436,739868;-71,83445;-0,338999;-0,026538;0,086177;-0,936455;148,135773;353,50177;-615,985535;-0,643686;0,586099;0,416017;-0,262842;323,748688;-75,866318;-155,339722
303;3,03;-0,078955;0,135097;0,070804;-0,985141;132,298416;614,648926;-127,846542;-0,018458;0,097632;0,029221;-0,994622;8,304767;436,832092;-71,762947;-0,339057;-0,02663;0,086015;-0,936447;148,194382;353,595825;-616,010681;-0,643737;0,586058;0,41601;-0,26282;323,767456;-75,843307;-155,333008
304;3,04;-0,07841;0,135003;0,070452;-0,985222;132,325562;614,718018;-127,937035;-0,017883;0,097198;0,029419;-0,994669;8,32491;436,932465;-71,725815;-0,339011;-0,026693;0,086047;-0,936459;148,138763;353,567139;-616,00708;-0,643757;0,586032;0,415985;-0,262868;323,767792;-75,836029;-155,336166
305;3,05;-0,078166;0,13496;0,070651;-0,985233;132,337921;614,765564;-127,994225;-0,017453;0,097291;0,029367;-0,99467;8,320477;437,047516;-71,663963;-0,338995;-0,026497;0,086176;-0,936458;148,160309;353,493439;-615,973022;-0,643715;0,586057;0,416038;-0,262832;323,755249;-75,844894;-155,346237
306;3,06;-0,077653;0,134966;0,070582;-0,985278;132,345901;614,832642;-128,07814;-0,016859;0,09747;0,029419;-0,994661;8,306643;437,14917;-71,651619;-0,338969;-0,026508;0,086184;-0,936467;148,147614;353,480194;-615,970032;-0,643688;0,586091;0,416058;-0,26279;323,764435;-75,860344;-155,343872
307;3,07;-0,077359;0,135044;0,070916;-0,985266;132,370682;614,87146;-128,120636;-0,016344;0,097715;0,029397;-0,994646;8,275594;437,237274;-71,603172;-0,339012;-0,026665;0,086109;-0,936453;148,12323;353,554016;-616,010254;-0,643673;0,586055;0,416114;-0,262819;323,734711;-75,842453;-155,368484
308;3,08;-0,077187;0,135319;0,071122;-0,985227;132,360718;614,903503;-128,154221;-0,016013;0,09764;0,029389;-0,994659;8,280088;437,310791;-71,547424;-0,338977;-0,026635;0,086216;-0,936457;148,078979;353,50061;-616,002197;-0,643694;0,586066;0,416091;-0,26278;323,753021;-75,846542;-155,352249
309;3,09;-0,07683;0,135254;0,071126;-0,985264;132,391006;614,95105;-128,224976;-0,015701;0,097525;0,029296;-0,994678;8,275566;437,394806;-71,511581;-0,338973;-0,026595;0,086206;-0,936461;148,105438;353,49469;-615,9953;-0,643736;0,585983;0,41612;-0,262818;323,741425;-75,813019;-155,366531
310;3,1;-0,076667;0,135403;0,071024;-0,985263;132,400055;614,977173;-128,257004;-0,015545;0,097821;0,029178;-0,994655;8,251046;437,432037;-71,507545;-0,338978;-0,026615;0,08615;-0,936463;148,131897;353,516937;-615,998962;-0,643715;0,58611;0,415947;-0,262858;323,769684;-75,873177;-155,329956
311;3,11;-0,076415;0,135508;0,071202;-0,985256;132,39119;615,00769;-128,281296;-0,015326;0,097992;0,029041;-0,994645;8,226645;437,464447;-71,484695;-0,339014;-0,026535;0,086296;-0,936439;148,078079;353,497314;-615,991211;-0,643735;0,586052;0,41602;-0,262823;323,759583;-75,842117;-155,341888
312;3,12;-0,076255;0,135499;0,071159;-0,985272;132,38588;615,03241;-128,309982;-0,015167;0,097711;0,029032;-0,994676;8,252743;437,496429;-71,455696;-0,338996;-0,026774;0,086069;-0,93646;148,100998;353,571503;-616,031616;-0,643681;0,586071;0,416114;-0,262764;323,74646;-75,850159;-155,358582
313;3,13;-0,076065;0,135496;0,07111;-0,985291;132,372223;615,057129;-128,343582;-0,015113;0,097697;0,02877;-0,994685;8,263911;437,522614;-71,440369;-0,338949;-0,026669;0,086097;-0,936477;148,108963;353,511139;-615,99353;-0,643676;0,586063;0,416122;-0,262783;323,739258;-75,846962;-155,36203
314;3,14;-0,075959;0,135549;0,071271;-0,98528;132,376465;615,075073;-128,365189;-0,014988;0,09781;0,028818;-0,994675;8,232682;437,548523;-71,447182;-0,33902;-0,026515;0,086204;-0,936446;148,116257;353,507507;-615,988708;-0,643676;0,586056;0,416103;-0,262828;323,72818;-75,843536;-155,364975
315;3,15;-0,0759;0,135683;0,071326;-0,985262;132,353638;615,080627;-128,372925;-0,014964;0,097827;0,028909;-0,994671;8,226984;437,531982;-71,451706;-0,339004;-0,026554;0,086197;-0,936451;148,095795;353,502106;-615,993591;-0,643743;0,586026;0,416032;-0,262842;323,750641;-75,828667;-155,350342
316;3,16;-0,075899;0,135711;0,071307;-0,98526;132,354599;615,08374;-128,373199;-0,015033;0,09767;0,028779;-0,994689;8,2302;437,545624;-71,429771;-0,338973;-0,026694;0,086089;-0,936469;148,079666;353,524719;-616,010925;-0,643725;0,586008;0,416119;-0,26279;323,741791;-75,817596;-155,366684
317;3,17;-0,075922;0,135747;0,071154;-0,985264;132,35022;615,078857;-128,37471;-0,014954;0,097404;0,029003;-0,99471;8,269753;437,537903;-71,443832;-0,338989;-0,026535;0,086229;-0,936455;148,067673;353,483368;-615,983215;-0,643702;0,586029;0,416109;-0,262815;323,727051;-75,828629;-155,369156
318;3,18;-0,075901;0,135561;0,071429;-0,985272;132,355576;615,072815;-128,36821;-0,015106;0,097816;0,028757;-0,994674;8,227348;437,529999;-71,449127;-0,338986;-0,026673;0,086086;-0,936465;148,102158;353,534973;-616,016479;-0,643703;0,586115;0,415965;-0,262848;323,75885;-75,872894;-155,340958
319;3,19;-0,075961;0,135726;0,07135;-0,98525;132,354874;615,067993;-128,363831;-0,015015;0,098047;0,028886;-0,994649;8,219049;437,514435;-71,476395;-0,338998;-0,026672;0,086083;-0,936461;148,103867;353,545013;-616,020264;-0,643701;0,586049;0,416081;-0,262815;323,739899;-75,83918;-155,366882
320;3,2;-0,075998;0,135658;0,071322;-0,985259;132,375977;615,065002;-128,360382;-0,015128;0,097812;0,028801;-0,994673;8,235047;437,523956;-71,453979;-0,338959;-0,026624;0,086179;-0,936467;148,084305;353,49234;-616,002625;-0,643745;0,586023;0,416032;-0,262844;323,747498;-75,828545;-155,358582
321;3,21;-0,075991;0,135648;0,071306;-0,985262;132,375671;615,06842;-128,362579;-0,015097;0,09767;0,028903;-0,994685;8,271867;437,522919;-71,453156;-0,339;-0,026543;0,086205;-0,936453;148,116455;353,501648;-615,996399;-0,643656;0,586106;0,416082;-0,262798;323,735779;-75,868378;-155,362228
322;3,22;-0,075956;0,135667;0,071215;-0,985268;132,384323;615,075745;-128,372498;-0,015103;0,097848;0,028668;-0,994674;8,246719;437,533325;-71,452759;-0,339008;-0,026562;0,086139;-0,936455;148,139313;353,526703;-615,993286;-0,64369;0,586061;0,41605;-0,262865;323,733734;-75,850754;-155,368317
323;3,23;-0,075755;0,135763;0,071412;-0,985256;132,406555;615,100403;-128,401001;-0,015069;0,097842;0,028747;-0,994673;8,231589;437,53949;-71,455185;-0,33899;-0,026575;0,086143;-0,936461;148,140457;353,515747;-615,994263;-0,643684;0,586104;0,416037;-0,262804;323,75354;-75,866684;-155,348145
324;3,24;-0,07559;0,13573;0,071443;-0,985271;132,402008;615,116455;-128,421387;-0,014911;0,097484;0,028912;-0,994705;8,252893;437,578857;-71,435204;-0,338991;-0,026692;0,086194;-0,936453;148,063889;353,526672;-616,026245;-0,643746;0,586091;0,415934;-0,262845;323,778168;-75,8573;-155,328949
325;3,25;-0,075526;0,135527;0,071571;-0,985295;132,402863;615,130615;-128,438217;-0,014859;0,09733;0,028847;-0,994723;8,250387;437,610748;-71,403221;-0,33899;-0,026391;0,086219;-0,936459;148,151749;353,468567;-615,943481;-0,643687;0,586062;0,416079;-0,262825;323,746246;-75,851036;-155,36496
326;3,26;-0,076051;0,135431;0,07123;-0,985292;132,378967;615,097839;-128,372238;-0,014611;0,09749;0,028663;-0,994716;8,24439;437,650452;-71,390434;-0,338989;-0,026693;0,086077;-0,936464;148,105515;353,550903;-616,007141;-0,643722;0,586016;0,416046;-0,262895;323,741638;-75,833893;-155,371384
327;3,27;-0,075643;0,135226;0,071329;-0,985345;132,396255;615,153687;-128,43045;-0,014202;0,097706;0,028512;-0,994705;8,238714;437,724731;-71,36293;-0,339043;-0,026441;0,086227;-0,936438;148,143555;353,514771;-615,973022;-0,643683;0,586048;0,416127;-0,262791;323,742249;-75,841652;-155,372192
328;3,28;-0,075225;0,135026;0,07149;-0,985393;132,421753;615,21875;-128,50946;-0,013687;0,097813;0,028573;-0,9947;8,246551;437,831635;-71,306358;-0,339026;-0,026586;0,086134;-0,936448;148,13205;353,54953;-615,998596;-0,643652;0,585993;0,416265;-0,262768;323,70462;-75,814766;-155,407043
329;3,29;-0,075331;0,134878;0,071323;-0,985417;132,425262;615,244385;-128,522537;-0,013148;0,097777;0,028407;-0,994716;8,223979;437,972565;-71,243317;-0,339021;-0,026609;0,086124;-0,93645;148,13031;353,553619;-616,003784;-0,643683;0,586061;0,416114;-0,26278;323,742157;-75,844437;-155,367203
330;3,3;-0,074871;0,13467;0,071667;-0,985455;132,469421;615,330811;-128,62413;-0,012437;0,09778;0,02821;-0,99473;8,224263;438,0979;-71,200806;-0,338965;-0,026794;0,086028;-0,936474;148,123779;353,567902;-616,030212;-0,643672;0,586085;0,416078;-0,262813;323,742554;-75,859879;-155,365021
331;3,31;-0,07414;0,134298;0,071418;-0,985579;132,520981;615,461548;-128,790863;-0,01167;0,09853;0,027712;-0,99468;8,162104;438,216278;-71,160469;-0,338995;-0,026713;0,086099;-0,936459;148,108383;353,558533;-616,015198;-0,643722;0,586047;0,416047;-0,262822;323,746002;-75,837547;-155,354477
332;3,32;-0,07391;0,134208;0,071337;-0,985615;132,538666;615,544006;-128,875092;-0,010585;0,098413;0,028101;-0,994693;8,148182;438,446716;-71,052429;-0,339004;-0,026501;0,086105;-0,936461;148,180054;353,525574;-615,967712;-0,643667;0,586053;0,416176;-0,262742;323,730621;-75,839203;-155,374802
333;3,33;-0,073177;0,13439;0,071005;-0,985669;132,545029;615,673157;-129,037659;-0,009377;0,097988;0,028347;-0,99474;8,217242;438,74292;-70,921211;-0,339014;-0,026496;0,086215;-0,936448;148,116959;353,509491;-615,977905;-0,643706;0,585995;0,416185;-0,262759;323,729095;-75,809921;-155,377075
334;3,34;-0,072513;0,133886;0,070416;-0,985829;132,588287;615,82019;-129,195923;-0,007895;0,097996;0,028214;-0,994756;8,231195;439,05658;-70,759384;-0,339017;-0,026679;0,086189;-0,936444;148,047379;353,544952;-616,027832;-0,643732;0,586071;0,415979;-0,262851;323,763519;-75,852448;-155,343719
335;3,35;-0,072014;0,13383;0,070306;-0,985881;132,587433;615,941101;-129,314743;-0,006318;0,097845;0,028111;-0,994785;8,202971;439,373596;-70,621353;-0,339045;-0,026564;0,086138;-0,936442;148,108078;353,551239;-615,99707;-0,643771;0,586044;0,415966;-0,262839;323,775146;-75,835472;-155,334549
336;3,36;-0,070518;0,134021;0,071146;-0,985903;132,640015;616,175171;-129,587997;-0,004726;0,098148;0,027542;-0,99478;8,199043;439,712128;-70,465401;-0,33907;-0,026488;0,086166;-0,936432;148,119385;353,55011;-615,97699;-0,643698;0,58606;0,416077;-0,262805;323,751953;-75,845116;-155,358292
337;3,37;-0,069419;0,133524;0,071098;-0,986051;132,676895;616,37439;-129,82608;-0,002665;0,097262;0,027921;-0,994864;8,20011;440,14624;-70,276978;-0,339008;-0,026504;0,086199;-0,936451;148,103943;353,501923;-615,969543;-0,643699;0,586104;0,415996;-0,262833;323,765503;-75,865578;-155,3405
338;3,38;-0,068745;0,133071;0,07136;-0,986141;132,763535;616,554565;-130,025558;-0,000693;0,097546;0,027409;-0,994853;8,18328;440,564514;-70,112167;-0,339034;-0,026515;0,086156;-0,936445;148,116058;353,532379;-615,970581;-0,643707;0,586101;0,416026;-0,262773;323,768982;-75,857559;-155,332245
339;3,39;-0,067296;0,132601;0,071047;-0,986327;132,807129;616,786865;-130,320602;0,001256;0,098024;0,027089;-0,994815;8,169702;440,991425;-69,909813;-0,339029;-0,02667;0,08611;-0,936447;148,080032;353,562744;-616,006653;-0,643748;0,585998;0,416065;-0,262841;323,754425;-75,818298;-155,356705
340;3,4;-0,066034;0,131862;0,070925;-0,98652;132,897324;617,007629;-130,547882;0,003367;0,09823;0,02725;-0,994785;8,172439;441,452698;-69,712364;-0,339038;-0,026523;0,086306;-0,93643;148,030426;353,50119;-615,98114;-0,643744;0,586068;0,415953;-0,262871;323,774231;-75,85186;-155,330978
341;3,41;-0,064697;0,131811;0,070532;-0,986644;132,90834;617,217041;-130,814545;0,005318;0,097577;0,0275;-0,994834;8,222784;442,072998;-69,355209;-0,339048;-0,026489;0,086208;-0,936436;148,085785;353,52359;-615,963013;-0,643735;0,586063;0,416034;-0,262777;323,773438;-75,841324;-155,33345
342;3,42;-0,063643;0,131375;0,071404;-0,986708;132,975632;617,435181;-131,0466;0,007415;0,096402;0,029116;-0,994889;8,351467;442,784576;-68,927605;-0,339017;-0,02648;0,086245;-0,936445;148,067093;353,48645;-615,955078;-0,643718;0,586035;0,41609;-0,26279;323,763885;-75,835403;-155,355484
343;3,43;-0,062504;0,131309;0,070499;-0,986854;133,016754;617,645081;-131,322083;0,00973;0,095967;0,029641;-0,994896;8,401279;443,671478;-68,431519;-0,339021;-0,026565;0,086096;-0,936454;148,108963;353,562958;-615,965088;-0,643709;0,58604;0,416112;-0,262768;323,756378;-75,830925;-155,357025
344;3,44;-0,060957;0,131226;0,071525;-0,986888;133,138351;617,936707;-131,658218;0,012344;0,093908;0,031101;-0,995018;8,469323;444,433624;-68,019997;-0,338992;-0,02652;0,086279;-0,936449;148,021439;353,487488;-615,967957;-0,64376;0,586069;0,415913;-0,262892;323,785034;-75,853317;-155,329727
345;3,45;-0,059117;0,130944;0,072002;-0,987003;133,121109;618,229126;-132,019104;0,014272;0,094003;0,030995;-0,994987;8,433307;445,064392;-67,575363;-0,338981;-0,026466;0,08617;-0,936465;148,089813;353,474976;-615,929077;-0,643751;0,586065;0,415971;-0,262833;323,784485;-75,84729;-155,330826
346;3,46;-0,058974;0,130212;0,071908;-0,987115;133,257156;618,414917;-132,153717;0,017158;0,094316;0,030313;-0,994933;8,457907;445,724243;-67,309036;-0,33905;-0,026349;0,086141;-0,936446;148,132919;353,517029;-615,913147;-0,643714;0,586063;0,416019;-0,262848;323,759796;-75,8479;-155,351242
347;3,47;-0,058342;0,129858;0,072248;-0,987174;133,330353;618,617798;-132,399506;0,020308;0,094426;0,030074;-0,99487;8,41307;446,391449;-67,104813;-0,339043;-0,026508;0,086241;-0,936435;148,026779;353,515472;-615,971069;-0,643763;0,586062;0,415951;-0,26284;323,78418;-75,84108;-155,328018
348;3,48;-0,056091;0,129299;0,07228;-0,987376;133,41655;618,947021;-132,807983;0,022674;0,09474;0,029386;-0,99481;8,412191;446,963867;-66,840385;-0,339032;-0,026318;0,086332;-0,936436;148,059479;353,453033;-615,930115;-0,643764;0,586065;0,415979;-0,262789;323,784546;-75,836243;-155,32283
349;3,49;-0,05334;0,130282;0,071857;-0,98743;133,49968;619,366638;-133,424561;0,02592;0,093146;0,030189;-0,994857;8,489917;447,488586;-66,769623;-0,33906;-0,026504;0,086135;-0,936438;148,07756;353,548615;-615,972046;-0,643709;0,586014;0,416101;-0,262843;323,739807;-75,823662;-155,370468
350;3,5;-0,050651;0,131076;0,072617;-0,987411;133,650787;619,94519;-134,116959;0,025996;0,098061;0,026656;-0,994484;8,014538;447,819702;-66,728462;-0,339197;-0,026404;0,086366;-0,93637;148,005554;353,581177;-616,007202;-0,643691;0,58604;0,416127;-0,262787;323,746979;-75,833061;-155,36882
351;3,51;-0,04637;0,131224;0,07292;-0,987579;133,774338;620,56073;-134,969925;0,026706;0,103156;0,021914;-0,994065;7,443301;448,229462;-66,511574;-0,339252;-0,026433;0,086263;-0,936359;148,078079;353,650269;-616,029663;-0,643746;0,586078;0,416019;-0,262738;323,795013;-75,841835;-155,33287
352;3,52;-0,043834;0,130905;0,073163;-0,987719;133,94725;620,946655;-135,486221;0,030477;0,100871;0,022654;-0,994175;7,74583;448,914185;-66,266235;-0,339039;-0,026577;0,086087;-0,936448;148,062271;353,553589;-615,98053;-0,643711;0,586104;0,416002;-0,262794;323,778534;-75,856606;-155,337769
353;3,53;-0,045144;0,130723;0,072821;-0,98771;133,897079;621,023865;-135,504868;0,034999;0,09954;0,024095;-0,994126;7,982798;449,908661;-65,894371;-0,339018;-0,026381;0,086257;-0,936446;148,039108;353,464355;-615,928101;-0,643712;0,586044;0,416067;-0,262822;323,764801;-75,839561;-155,357895
354;3,54;-0,044428;0,129999;0,072789;-0,98784;133,852081;621,27655;-135,735077;0,038219;0,10259;0,02173;-0,993752;7,692771;450,908661;-65,424431;-0,339137;-0,026144;0,086406;-0,936395;148,12674;353,487152;-615,905884;-0,64374;0,586103;0,415932;-0,262837;323,798431;-75,862175;-155,325134
355;3,55;-0,041854;0,129831;0,073736;-0,987905;133,986618;621,727295;-136,317154;0,0421;0,100986;0,022146;-0,99375;7,892308;451,994263;-64,944595;-0,339089;-0,026315;0,086292;-0,936419;148,079727;353,514069;-615,911926;-0,64377;0,585988;0,416067;-0,262806;323,776947;-75,808548;-155,356674
356;3,56;-0,040584;0,128509;0,073309;-0,988162;134,062973;622,038696;-136,69899;0,046982;0,098591;0,023784;-0,993734;8,223807;453,199158;-64,466339;-0,338962;-0,026446;0,086237;-0,936466;148,017136;353,450409;-615,923645;-0,64379;0,586001;0,416001;-0,262829;323,792999;-75,818184;-155,344391
357;3,57;-0,039023;0,128518;0,073056;-0,988242;134,068436;622,357666;-137,106369;0,050271;0,100766;0,022043;-0,993395;8,185168;454,272369;-63,939369;-0,339068;-0,026251;0,086451;-0,936413;148,036011;353,441498;-615,934387;-0,643705;0,586083;0,416027;-0,262817;323,776428;-75,854698;-155,349503
358;3,58;-0,036614;0,127546;0,07329;-0,988443;134,132828;622,769592;-137,646912;0,054795;0,099529;0,023045;-0,993257;8,265593;455,393982;-63,515545;-0,339166;-0,026384;0,086237;-0,936394;148,088348;353,597076;-615,966003;-0,643696;0,586125;0,415994;-0,262795;323,792664;-75,869675;-155,342819
359;3,59;-0,033583;0,127386;0,072355;-0,98864;134,171265;623,208496;-138,31778;0,059736;0,098115;0,023722;-0,993097;8,511475;456,533813;-63,149071;-0,338995;-0,026662;0,086157;-0,936455;147,99678;353,536041;-615,991089;-0,643725;0,586043;0,416024;-0,262862;323,765686;-75,837494;-155,363831
360;3,6;-0,032156;0,127191;0,072799;-0,98868;134,238251;623,575684;-138,798813;0,063325;0,098722;0,022182;-0,992851;8,451651;457,447632;-62,75285;-0,339033;-0,026239;0,086433;-0,936428;148,041595;353,422729;-615,916565;-0,643749;0,586035;0,416032;-0,262807;323,778442;-75,830971;-155,353699
361;3,61;-0,030817;0,127808;0,071873;-0,988711;134,165756;623,942566;-139,295334;0,066925;0,099366;0,021099;-0,992573;8,427469;458,256073;-62,590881;-0,339241;-0,026179;0,086307;-0,936366;148,124084;353,591797;-615,939697;-0,643721;0,586116;0,415961;-0,262808;323,799225;-75,873169;-155,338699
362;3,62;-0,025445;0,127386;0,071514;-0,988945;134,36615;624,599854;-140,348389;0,069523;0,102101;0,018197;-0,992175;8,160235;459,043365;-62,282356;-0,33915;-0,026554;0,086261;-0,936393;147,956192;353,59137;-615,990723;-0,643749;0,586093;0,415936;-0,262828;323,799683;-75,855827;-155,33197
363;3,63;-0,0208;0,127749;0,072952;-0,988901;134,482239;625,144348;-141,191788;0,073287;0,10189;0,017743;-0,991934;8,208247;459,914063;-62,056393;-0,339161;-0,026302;0,086379;-0,936385;148,007248;353,529633;-615,942139;-0,643772;0,585996;0,416007;-0,262877;323,772919;-75,816917;-155,357803
364;3,64;-0,020333;0,128683;0,072414;-0,988829;134,435349;625,4245;-141,63649;0,078322;0,099614;0,019136;-0,991754;8,38768;460,884033;-61,970757;-0,339152;-0,02622;0,086329;-0,936395;148,081329;353,527527;-615,943665;-0,643767;0,58604;0,41595;-0,262882;323,797516;-75,842545;-155,341293
365;3,65;-0,019154;0,128935;0,070098;-0,988987;134,307648;625,702026;-142,113831;0,080207;0,103012;0,015916;-0,991313;8,013536;461,671417;-61,611286;-0,339017;-0,026284;0,086329;-0,936442;148,043228;353,442566;-615,906921;-0,643769;0,586008;0,416037;-0,26281;323,788025;-75,811623;-155,351196
366;3,66;-0,014756;0,130367;0,072123;-0,988729;134,424301;626,219238;-142,954102;0,082993;0,103621;0,015704;-0,991024;7,907285;462,476776;-61,3745;-0,339208;-0,026125;0,086413;-0,93637;148,056671;353,520416;-615,908691;-0,643682;0,586088;0,416067;-0,262799;323,775055;-75,859573;-155,363235
367;3,67;-0,009595;0,131185;0,071237;-0,988749;134,546936;626,720764;-143,956512;0,085999;0,1012;0,017075;-0,990995;8,065287;463,476105;-61,040882;-0,339072;-0,026212;0,086296;-0,936427;148,089828;353,486359;-615,89386;-0,643729;0,586096;0,415962;-0,262831;323,801605;-75,85981;-155,345917
368;3,68;-0,006129;0,130459;0,070856;-0,9889;134,503754;627,057007;-144,600906;0,088295;0,100757;0,017408;-0,990833;8,116138;464,401367;-60,637932;-0,338919;-0,026161;0,08643;-0,936472;148,048431;353,332367;-615,872498;-0,643752;0,586019;0,416022;-0,262853;323,77948;-75,822678;-155,369141
369;3,69;-0,003499;0,130138;0,070299;-0,988994;134,538162;627,34375;-145,17395;0,090909;0,100462;0,017796;-0,990619;8,2019;465,36795;-60,32972;-0,33896;-0,026195;0,086416;-0,936457;148,040222;353,360413;-615,888184;-0,643742;0,586035;0,416019;-0,262844;323,779419;-75,833351;-155,369873
370;3,7;-0,001163;0,130431;0,070049;-0,988979;134,581802;627,603088;-145,635925;0,092971;0,098855;0,019631;-0,990555;8,428622;466,151123;-60,02969;-0,339021;-0,026363;0,08629;-0,936442;148,059952;353,485565;-615,95105;-0,643749;0,586016;0,416043;-0,262833;323,781677;-75,818932;-155,376114
371;3,71;-0,000628;0,130706;0,069708;-0,988967;134,534042;627,706299;-145,833206;0,094808;0,098688;0,019769;-0,990395;8,381076;466,708221;-59,875244;-0,339006;-0,026087;0,086553;-0,936431;148,051407;353,371552;-615,894653;-0,643754;0,586015;0,41601;-0,262874;323,77887;-75,824295;-155,376129
372;3,72;-0,001571;0,131374;0,069436;-0,988897;134,40358;627,718323;-145,833023;0,095484;0,100022;0,018008;-0,990229;8,180587;466,969208;-59,754417;-0,339104;-0,026189;0,086468;-0,936401;148,051468;353,454895;-615,94104;-0,643749;0,585992;0,416099;-0,262798;323,767975;-75,810905;-155,382736
373;3,73;-0,000936;0,131605;0,069965;-0,98883;134,421143;627,832458;-146,011597;0,096216;0,100001;0,01799;-0,990161;8,226938;467,200623;-59,678356;-0,339077;-0,026272;0,086392;-0,936415;148,049545;353,465515;-615,936279;-0,643733;0,586114;0,415939;-0,262817;323,801147;-75,860062;-155,339355
374;3,74;0,000311;0,131392;0,069973;-0,988858;134,454102;627,952271;-146,24707;0,097822;0,099199;0,018964;-0,990066;8,36439;467,58551;-59,643909;-0,339138;-0,026255;0,086462;-0,936387;148,01062;353,502014;-615,945374;-0,643692;0,586132;0,415989;-0,262797;323,801392;-75,875687;-155,342514
375;3,75;0,000862;0,131505;0,069246;-0,988894;134,475128;628,015442;-146,383652;0,097912;0,099659;0,018792;-0,990014;8,273098;467,681061;-59,607277;-0,339085;-0,026131;0,086546;-0,936402;148,019073;353,421356;-615,922607;-0,643711;0,586092;0,415989;-0,262843;323,793213;-75,861984;-155,350113
376;3,76;0,001048;0,131567;0,068567;-0,988933;134,424927;628,04187;-146,441788;0,098406;0,100686;0,017667;-0,989882;8,113341;467,718628;-59,659634;-0,339073;-0,02614;0,08637;-0,936422;148,103271;353,448914;-615,900513;-0,643708;0,586097;0,415997;-0,262825;323,794037;-75,857582;-155,34787
377;3,77;0,001083;0,131448;0,069211;-0,988903;134,466064;628,046082;-146,454758;0,098674;0,100206;0,018453;-0,98989;8,217078;467,783417;-59,629734;-0,339149;-0,026203;0,086437;-0,936387;148,029297;353,494202;-615,936035;-0,643752;0,585989;0,416096;-0,262801;323,777344;-75,806511;-155,374588
378;3,78;0,000977;0,131468;0,06916;-0,988905;134,473373;628,034729;-146,448639;0,098279;0,098949;0,019234;-0,990041;8,393675;467,785522;-59,551285;-0,339042;-0,026129;0,086507;-0,936421;148,026566;353,401672;-615,906494;-0,643776;0,585979;0,416097;-0,262763;323,789886;-75,796509;-155,370041
379;3,79;0,000351;0,131451;0,069695;-0,98887;134,431396;627,99585;-146,355118;0,098464;0,099696;0,018556;-0,98996;8,292224;467,732178;-59,652477;-0,339083;-0,026218;0,086387;-0,936415;148,079483;353,46936;-615,945679;-0,643723;0,585964;0,416178;-0,262797;323,751129;-75,793861;-155,403442
380;3,8;-0,000269;0,131598;0,069733;-0,988847;134,421997;627,935181;-146,25296;0,097524;0,100622;0,017704;-0,989975;8,160683;467,538544;-59,703369;-0,338976;-0,026366;0,086358;-0,936452;148,055969;353,424408;-615,965637;-0,643686;0,586016;0,41615;-0,262815;323,749329;-75,825127;-155,405365
381;3,81;-0,001049;0,131525;0,069792;-0,988852;134,445343;627,858154;-146,099335;0,097193;0,100156;0,018253;-0,990045;8,2827;467,484161;-59,701881;-0,33902;-0,02618;0,086478;-0,936431;148,071579;353,403687;-615,9422;-0,643693;0,586057;0,416076;-0,262825;323,769775;-75,844803;-155,390625
382;3,82;-0,001929;0,13144;0,069461;-0,988886;134,423538;627,766235;-145,933105;0,096916;0,099175;0,018857;-0,99016;8,435787;467,413788;-59,674305;-0,339084;-0,026152;0,086543;-0,936402;148,051315;353,430267;-615,95105;-0,643692;0,586069;0,416061;-0,262824;323,774414;-75,850723;-155,383453
383;3,83;-0,002813;0,131484;0,069191;-0,988897;134,409195;627,693115;-145,776199;0,09581;0,099562;0,018329;-0,990238;8,329064;467,181641;-59,671787;-0,338957;-0,026359;0,086433;-0,936452;148,016449;353,396362;-615,956787;-0,643726;0,586072;0,415996;-0,262837;323,796906;-75,854088;-155,366882
384;3,84;-0,00365;0,131592;0,068664;-0,988916;134,356201;627,618652;-145,644699;0,09584;0,100031;0,018088;-0,990193;8,204502;467,081787;-59,772209;-0,339054;-0,026234;0,086508;-0,936414;148,034775;353,428467;-615,955688;-0,643717;0,586069;0,416014;-0,262839;323,789368;-75,850525;-155,368225
385;3,85;-0,004394;0,131521;0,06863;-0,988925;134,38179;627,556702;-145,517532;0,09538;0,099419;0,019111;-0,990279;8,2832;467,028839;-59,740829;-0,33906;-0,026251;0,086335;-0,936427;148,121933;353,483246;-615,943604;-0,643719;0,586076;0,415997;-0,262845;323,790955;-75,851288;-155,360718
386;3,86;-0,004831;0,131544;0,068387;-0,988937;134,373642;627,510071;-145,43544;0,0951;0,098832;0,019466;-0,990358;8,347883;466,990295;-59,689896;-0,339087;-0,026241;0,086377;-0,936414;148,101456;353,496857;-615,934082;-0,643726;0,586033;0,416028;-0,262874;323,785431;-75,839119;-155,372177
387;3,87;-0,004982;0,131595;0,068077;-0,988951;134,381058;627,498718;-145,406509;0,095212;0,099148;0,01901;-0,990325;8,302616;466,921753;-59,732517;-0,339083;-0,026364;0,086395;-0,93641;148,051605;353,505554;-615,960449;-0,64373;0,586048;0,416003;-0,262871;323,795593;-75,849205;-155,364166
388;3,88;-0,004902;0,131591;0,068289;-0,988937;134,396133;627,508789;-145,431793;0,094831;0,099768;0,019025;-0,990299;8,274264;466,890961;-59,722767;-0,339067;-0,026161;0,08647;-0,936415;148,114105;353,44873;-615,921814;-0,64376;0,586074;0,415943;-0,262834;323,804871;-75,847244;-155,34227
389;3,89;-0,004566;0,131593;0,0687;-0,98891;134,444382;627,539001;-145,483643;0,095454;0,099495;0,019227;-0,990262;8,337507;467,0354;-59,755112;-0,339132;-0,026094;0,086456;-0,936394;148,193253;353,498138;-615,929382;-0,64375;0,586027;0,415992;-0,262887;323,78833;-75,837082;-155,364578
390;3,9;-0,003918;0,131698;0,069241;-0,988861;134,468033;627,594177;-145,587814;0,09554;0,099463;0,019016;-0,990261;8,361063;467,108429;-59,716106;-0,339027;-0,026217;0,086523;-0,936423;148,109116;353,431671;-615,936279;-0,643703;0,586053;0,416072;-0,262819;323,780731;-75,841896;-155,377258
391;3,91;-0,002959;0,131601;0,069208;-0,98888;134,465759;627,67511;-145,74408;0,095701;0,099806;0,018164;-0,990227;8,330189;467,14505;-59,695293;-0,339031;-0,026296;0,086455;-0,936425;148,09964;353,452393;-615,951782;-0,643698;0,586129;0,415971;-0,262819;323,801514;-75,875298;-155,351669
392;3,92;-0,002015;0,131575;0,069631;-0,988856;134,460587;627,75293;-145,91188;0,09665;0,099993;0,017967;-0,99012;8,321326;467,327759;-59,712959;-0,339097;-0,026082;0,086462;-0,936407;148,183838;353,458405;-615,921265;-0,643733;0,586021;0,416043;-0,262861;323,780579;-75,826675;-155,380417
393;3,93;-0,001127;0,131567;0,069663;-0,988856;134,486191;627,855774;-146,096741;0,097136;0,099844;0,018781;-0,990072;8,341741;467,507935;-59,668705;-0,339037;-0,025935;0,086574;-0,936422;148,177505;353,372192;-615,881348;-0,643699;0,586075;0,41603;-0,262844;323,791229;-75,852997;-155,374466
394;3,94;-0,000115;0,131321;0,069025;-0,988934;134,480545;627,953552;-146,307983;0,098087;0,099862;0,018789;-0,989977;8,296433;467,69104;-59,663685;-0,339039;-0,026111;0,086551;-0,936419;148,105774;353,39978;-615,924561;-0,643708;0,586082;0,416015;-0,26283;323,796631;-75,853783;-155,366852
395;3,95;0,001126;0,131398;0,068518;-0,988958;134,502579;628,066345;-146,540207;0,098736;0,100392;0,018088;-0,989872;8,273006;467,836121;-59,635921;-0,339019;-0,026179;0,086399;-0,936438;148,15036;353,427551;-615,920959;-0,643732;0,586099;0,415941;-0,262849;323,81546;-75,864029;-155,348999
396;3,96;0,002327;0,131682;0,068657;-0,988909;134,538315;628,187256;-146,770432;0,099489;0,100241;0,018283;-0,989808;8,299837;468,058594;-59,5928;-0,339078;-0,026166;0,086442;-0,936413;148,147034;353,465271;-615,934082;-0,643686;0,586091;0,416032;-0,262838;323,792511;-75,863541;-155,372818
397;3,97;0,003355;0,132164;0,068254;-0,98887;134,562546;628,288391;-146,989395;0,100799;0,100097;0,018427;-0,989687;8,308096;468,330292;-59,593113;-0,339048;-0,02611;0,086476;-0,936422;148,179886;353,429596;-615,91748;-0,643708;0,586042;0,416039;-0,262881;323,781311;-75,846687;-155,379059
398;3,98;0,004656;0,132763;0,068586;-0,988761;134,600006;628,404053;-147,234161;0,101267;0,100493;0,017804;-0,989611;8,262869;468,488342;-59,562572;-0,338952;-0,026222;0,086491;-0,936453;148,123138;353,381561;-615,919983;-0,6437;0,586092;0,416011;-0,262835;323,785828;-75,8582;-155,360687
399;3,99;0,00603;0,133112;0,06915;-0,988667;134,662109;628,553833;-147,528854;0,101847;0,100828;0,017306;-0,989526;8,228209;468,579346;-59,612968;-0,339084;-0,026068;0,086492;-0,936409;148,193085;353,463928;-615,910339;-0,643688;0,586025;0,416107;-0,26286;323,754883;-75,832497;-155,389618
400;4;0,008609;0,132198;0,068866;-0,988791;134,730408;628,784363;-147,954025;0,101919;0,101834;0,016039;-0,989437;8,063163;468,454071;-59,666088;-0,339066;-0,026199;0,08648;-0,936413;148,157227;353,478973;-615,920227;-0,643691;0,586103;0,416032;-0,262799;323,785156;-75,861626;-155,358856
401;4,01;0,009953;0,132432;0,068607;-0,988765;134,726425;628,91394;-148,238419;0,102184;0,103303;0,014156;-0,989286;7,912848;468,305542;-59,748322;-0,339068;-0,026303;0,086381;-0,936418;148,15361;353,49942;-615,929688;-0,643769;0,586048;0,415943;-0,262871;323,795349;-75,838516;-155,34581
402;4,02;0,01193;0,133813;0,069151;-0,988519;134,82077;629,137634;-148,696259;0,103369;0,103966;0,013649;-0,9891;7,809891;468,302307;-59,99596;-0,339018;-0,02621;0,086341;-0,936443;148,209137;353,469879;-615,904907;-0,643712;0,586059;0,416041;-0,26283;323,785492;-75,848755;-155,365341
403;4,03;0,013332;0,134338;0,068349;-0,988486;134,755554;629,285706;-149,033875;0,103736;0,105502;0,012084;-0,98892;7,621407;468,372101;-59,978611;-0,339083;-0,026186;0,086536;-0,936402;148,142181;353,462524;-615,950134;-0,643753;0,585984;0,416076;-0,26284;323,77536;-75,810616;-155,375687
404;4,04;0,014047;0,134263;0,068996;-0,988441;134,79808;629,395508;-149,218704;0,105109;0,105311;0,012039;-0,988796;7,728925;468,697876;-59,920223;-0,339071;-0,026297;0,08642;-0,936414;148,135117;353,495117;-615,945435;-0,64372;0,586082;0,416001;-0,262823;323,796997;-75,858215;-155,355103
405;4,05;0,015298;0,134322;0,069012;-0,988413;134,84729;629,51709;-149,483597;0,107029;0,103885;0,013545;-0,988721;7,883243;469,23233;-59,842861;-0,339051;-0,026353;0,086368;-0,936424;148,132111;353,511597;-615,951233;-0,643718;0,586075;0,416002;-0,262842;323,78952;-75,852974;-155,362091
406;4,06;0,017637;0,134;0,069703;-0,98837;134,886261;629,713501;-149,898468;0,107874;0,10458;0,012931;-0,988564;7,714315;469,692932;-59,665916;-0,339058;-0,026013;0,08651;-0,936418;148,250961;353,431091;-615,896484;-0,643736;0,586053;0,41598;-0,262882;323,79187;-75,845612;-155,364273
407;4,07;0,019227;0,134;0,0697;-0,98834;134,916656;629,894043;-150,275696;0,109883;0,104566;0,012531;-0,98835;7,732811;470,170319;-59,632301;-0,339081;-0,026028;0,086568;-0,936404;148,209366;353,433258;-615,904419;-0,643727;0,586022;0,416051;-0,26286;323,774902;-75,833839;-155,376541
408;4,08;0,020853;0,135142;0,069307;-0,988179;134,958206;630,080505;-150,668365;0,111821;0,103968;0,013411;-0,988184;7,829313;470,665405;-59,548645;-0,339074;-0,026371;0,086391;-0,936413;148,137619;353,532684;-615,968872;-0,643744;0,586069;0,415938;-0,262893;323,801147;-75,857468;-155,34938
409;4,09;0,022473;0,135258;0,069138;-0,98814;134,968704;630,240662;-151,006836;0,113257;0,104999;0,012777;-0,987919;7,734633;471,055664;-59,465687;-0,339077;-0,026212;0,086463;-0,93641;148,197495;353,496643;-615,929626;-0,643682;0,586093;0,416043;-0,262824;323,782104;-75,865395;-155,36319
410;4,1;0,022031;0,135871;0,068701;-0,988096;134,960251;630,315979;-151,099091;0,115741;0,105185;0,012341;-0,987617;7,655276;471,499695;-59,534954;-0,33919;-0,026258;0,086483;-0,936366;148,169083;353,575806;-615,966431;-0,643729;0,586141;0,415901;-0,262827;323,820679;-75,887611;-155,322098
411;4,11;0,022517;0,135999;0,068559;-0,988077;134,988876;630,446716;-151,296371;0,11768;0,105442;0,012301;-0,987361;7,56817;471,997894;-59,483158;-0,339091;-0,026173;0,08637;-0,936415;148,228287;353,520813;-615,901428;-0,643754;0,585995;0,416043;-0,262865;323,778381;-75,82061;-155,362564
412;4,12;0,023807;0,135923;0,068098;-0,98809;134,983978;630,605469;-151,607742;0,119894;0,105237;0,012408;-0,987115;7,57851;472,578003;-59,371037;-0,339121;-0,026156;0,086451;-0,936397;148,205734;353,519989;-615,904358;-0,643718;0,586015;0,416071;-0,262865;323,762482;-75,831657;-155,370331
413;4,13;0,026731;0,136402;0,06809;-0,987949;135,09642;630,858643;-152,220505;0,122284;0,104933;0,012979;-0,986847;7,657377;473,146973;-59,310005;-0,339149;-0,026232;0,086451;-0,936385;148,18248;353,55011;-615,935913;-0,643706;0,586037;0,416121;-0,262766;323,76355;-75,8293;-155,363541
414;4,14;0,029026;0,136814;0,06782;-0,987846;135,064392;631,084656;-152,744324;0,123984;0,105156;0,012047;-0,986623;7,565008;473,626312;-59,264137;-0,339017;-0,026492;0,08627;-0,936442;148,133133;353,538605;-615,959412;-0,643726;0,586001;0,416114;-0,262811;323,767975;-75,820351;-155,373199
415;4,15;0,029612;0,13701;0,068589;-0,987749;135,091583;631,206055;-152,955765;0,126192;0,105662;0,011057;-0,986301;7,414715;474,12262;-59,301487;-0,339112;-0,026214;0,086409;-0,936402;148,19371;353,522583;-615,930786;-0,643739;0,585992;0,416045;-0,262907;323,756561;-75,824722;-155,375214
416;4,16;0,030742;0,137395;0,069558;-0,987593;135,101929;631,386047;-153,272552;0,128023;0,105409;0,011233;-0,98609;7,407666;474,579742;-59,297848;-0,339133;-0,026071;0,086477;-0,936392;148,227142;353,515045;-615,91217;-0,643737;0,58603;0,416039;-0,262838;323,769928;-75,837448;-155,36055
417;4,17;0,033152;0,137059;0,069355;-0,987576;135,193085;631,632935;-153,860016;0,129236;0,106526;0,010167;-0,985823;7,29666;475,001892;-59,09721;-0,339095;-0,026326;0,086344;-0,936411;148,162354;353,556549;-615,950134;-0,643763;0,586067;0,415915;-0,262887;323,796509;-75,852875;-155,339233
418;4,18;0,036986;0,137336;0,069116;-0,987418;135,166336;631,94281;-154,637939;0,130705;0,106365;0,010584;-0,985642;7,321796;475,530243;-58,898808;-0,339155;-0,026484;0,086289;-0,93639;148,094269;353,617188;-615,983704;-0,643727;0,585983;0,416155;-0,262783;323,745544;-75,805786;-155,380371
419;4,19;0,041208;0,136555;0,067618;-0,987463;135,242905;632,303833;-155,531448;0,132058;0,106533;0,01018;-0,985448;7,485702;476,209229;-58,728367;-0,33917;-0,026235;0,086436;-0,936378;148,134674;353,554993;-615,943665;-0,643701;0,586061;0,416061;-0,262821;323,755859;-75,846733;-155,359421
420;4,2;0,044188;0,13628;0,067467;-0,987382;135,241577;632,552368;-156,151596;0,134129;0,107598;0,009146;-0,985063;7,454193;477,055511;-58,449192;-0,339134;-0,026114;0,086444;-0,936394;148,174225;353,509705;-615,905762;-0,643685;0,586092;0,416039;-0,262825;323,758087;-75,858734;-155,350174
421;4,21;0,046508;0,135534;0,067447;-0,98738;135,330551;632,778931;-156,686661;0,136967;0,106025;0,010925;-0,984825;7,639468;477,978119;-58,313396;-0,339081;-0,026432;0,086318;-0,936416;148,098557;353,55484;-615,959045;-0,643716;0,586005;0,41612;-0,262815;323,741272;-75,819511;-155,370132
422;4,22;0,047129;0,136121;0,06686;-0,987309;135,389877;632,94635;-157,004684;0,140453;0,106075;0,011235;-0,984325;7,626783;478,871277;-58,249317;-0,339162;-0,026278;0,086427;-0,936381;148,146011;353,5755;-615,960632;-0,643686;0,586141;0,41599;-0,262793;323,786224;-75,881447;-155,333862
423;4,23;0,047089;0,136789;0,066513;-0,987242;135,378204;633,080322;-157,261292;0,143357;0,107538;0,010328;-0,983757;7,358714;479,649292;-58,198833;-0,339213;-0,026053;0,086464;-0,936365;148,232513;353,560944;-615,917603;-0,643779;0,586062;0,415906;-0,262873;323,789063;-75,843987;-155,33075
424;4,24;0,047685;0,137476;0,068165;-0,987006;135,489807;633,291504;-157,603973;0,146965;0,106926;0,010113;-0,983293;7,363146;480,52182;-58,200092;-0,339167;-0,026595;0,086277;-0,936384;148,062744;353,650146;-616,016785;-0,643736;0,586015;0,416079;-0,262809;323,758545;-75,822716;-155,368423
425;4,25;0,049804;0,137379;0,067972;-0,986928;135,511047;633,529663;-158,144897;0,15073;0,10636;0,010513;-0,982781;7,435896;481,560272;-58,121078;-0,339158;-0,026352;0,08636;-0,936386;148,12796;353,593384;-615,96814;-0,643703;0,586049;0,416083;-0,262809;323,754272;-75,83773;-155,368484
426;4,26;0,053478;0,137572;0,067677;-0,986729;135,606445;633,851624;-158,996216;0,15374;0,106994;0,010394;-0,982247;7,321181;482,59079;-57,984821;-0,339168;-0,026091;0,086518;-0,936375;148,166245;353,525726;-615,916199;-0,643718;0,586018;0,416122;-0,262778;323,755981;-75,820435;-155,371674
427;4,27;0,057888;0,137414;0,067695;-0,986501;135,594482;634,160217;-159,874496;0,157702;0,106488;0,011052;-0,981666;7,3047;483,651825;-57,907795;-0,339161;-0,02611;0,086379;-0,93639;148,194229;353,54425;-615,902039;-0,643709;0,586044;0,416089;-0,262795;323,76181;-75,840034;-155,36116
428;4,28;0,060327;0,137428;0,067549;-0,986363;135,694443;634,419983;-160,511368;0,161155;0,105654;0,012088;-0,981183;7,371304;484,605927;-57,8577;-0,339054;-0,026166;0,086458;-0,93642;148,109589;353,465485;-615,89624;-0,643702;0,586076;0,41603;-0,262835;323,761627;-75,850662;-155,351318
429;4,29;0,062782;0,137958;0,066958;-0,986176;135,729568;634,657043;-161,172073;0,164454;0,106793;0,01094;-0,980526;7,238085;485,387634;-57,835217;-0,339211;-0,026086;0,086581;-0,936354;148,100327;353,526428;-615,919067;-0,643718;0,586055;0,416069;-0,262779;323,758484;-75,838272;-155,346359
430;4,3;0,065885;0,138774;0,067446;-0,985826;135,85907;634,971558;-161,885086;0,167902;0,10712;0,010386;-0,979911;7,103651;486,059967;-57,925911;-0,339192;-0,026304;0,086287;-0,936382;148,139313;353,617828;-615,942017;-0,643699;0,586042;0,416089;-0,262826;323,740326;-75,842003;-155,365845
431;4,31;0,069472;0,138129;0,067973;-0,985634;136,149261;635,36792;-162,942337;0,169015;0,108639;0,008016;-0,979575;6,716794;486,627869;-57,869389;-0,339183;-0,026501;0,086171;-0,936391;148,099915;353,679413;-615,974365;-0,643701;0,586064;0,416046;-0,262838;323,745026;-75,848991;-155,356415
432;4,32;0,075595;0,140646;0,067452;-0,984863;136,116135;635,769348;-164,132553;0,170231;0,112426;0,004821;-0,978958;6,222534;487,408356;-57,653599;-0,339234;-0,026178;0,086437;-0,936356;148,112045;353,600555;-615,922913;-0,643681;0,586099;0,416074;-0,262766;323,74939;-75,859543;-155,349792
433;4,33;0,079858;0,141968;0,068644;-0,984254;136,156052;636,064148;-165,028625;0,173937;0,109516;0,007284;-0,978621;6,569837;488,362274;-57,628437;-0,339183;-0,026044;0,086342;-0,936388;148,177414;353,544769;-615,867126;-0,643716;0,586055;0,416061;-0,262797;323,748993;-75,843094;-155,351135
434;4,34;0,082961;0,141188;0,068125;-0,984146;136,246033;636,2995;-165,737793;0,177452;0,10809;0,008951;-0,978135;6,784299;489,418243;-57,496227;-0,33915;-0,026353;0,086322;-0,936393;148,022888;353,571686;-615,943542;-0,643731;0,586027;0,416071;-0,262806;323,746216;-75,831573;-155,355392
435;4,35;0,083275;0,133635;0,065131;-0,985375;136,561401;636,380005;-166,285156;0,179624;0,110466;0,006482;-0,977492;6,461114;490,493286;-57,309647;-0,339225;-0,026008;0,086551;-0,936354;148,101425;353,522369;-615,892944;-0,643717;0,586069;0,416026;-0,26282;323,757629;-75,851997;-155,348755
436;4,36;0,083557;0,133133;0,065226;-0,985413;136,734146;636,520386;-166,623779;0,183633;0,10883;0,008699;-0,976913;6,65286;491,63446;-57,293987;-0,339275;-0,026057;0,086453;-0,936344;148,169861;353,59848;-615,924011;-0,643737;0,586033;0,416045;-0,262819;323,757813;-75,834229;-155,358032
437;4,37;0,085924;0,132445;0,064685;-0,985338;136,808075;636,724182;-167,225327;0,186791;0,107617;0,009352;-0,976443;6,813885;492,821045;-57,109802;-0,339218;-0,026264;0,086364;-0,936367;148,101654;353,613037;-615,954956;-0,64368;0,586134;0,416019;-0,262774;323,770813;-75,877678;-155,342361
438;4,38;0,089694;0,131917;0,063897;-0,985124;136,80574;636,950378;-168,039871;0,188981;0,108726;0,008456;-0,975906;6,803393;494,003754;-56,809048;-0,339209;-0,026332;0,086475;-0,936358;148,015244;353,584412;-615,963806;-0,64373;0,586044;0,416035;-0,262829;323,759277;-75,839638;-155,356964
439;4,39;0,093184;0,131958;0,064919;-0,984728;136,880371;637,164124;-168,803146;0,192579;0,106042;0,011599;-0,975466;7,068753;495,196533;-56,68927;-0,339277;-0,026345;0,086395;-0,93634;148,060944;353,663177;-615,972412;-0,64368;0,586124;0,416018;-0,2628;323,770386;-75,876152;-155,344727
440;4,4;0,094568;0,132398;0,064609;-0,984558;136,966095;637,320923;-169,296722;0,195764;0,105449;0,012724;-0,974882;7,115309;496,236359;-56,650295;-0,339165;-0,026197;0,086337;-0,93639;148,167282;353,577332;-615,92041;-0,643725;0,586028;0,416098;-0,262779;323,760376;-75,827324;-155,356461
441;4,41;0,094206;0,133387;0,065267;-0,984415;137,041946;637,470947;-169,541214;0,197649;0,10688;0,010505;-0,974372;6,800698;496,99707;-56,557442;-0,339289;-0,026239;0,086459;-0,936333;148,081711;353,631561;-615,963684;-0,643729;0,585967;0,416193;-0,262753;323,736938;-75,797813;-155,375259
442;4,42;0,094899;0,133863;0,065641;-0,984259;137,173203;637,649292;-169,883575;0,199835;0,107621;0,00997;-0,97385;6,667192;497,507477;-56,588177;-0,339392;-0,026362;0,086327;-0,936304;148,065369;353,772766;-615,980469;-0,643675;0,586062;0,416107;-0,262809;323,745667;-75,848709;-155,367126
443;4,43;0,097985;0,135036;0,065341;-0,983817;137,080734;637,850281;-170,649399;0,202793;0,108982;0,00797;-0,973106;6,552806;497,924194;-56,802048;-0,339376;-0,026274;0,08623;-0,936321;148,155823;353,760498;-615,945435;-0,643694;0,586085;0,416032;-0,262832;323,756317;-75,861717;-155,350632
444;4,44;0,102946;0,134985;0,065326;-0,983318;137,186829;638,112732;-171,800186;0,20459;0,110708;0,006108;-0,972548;6,252121;498,317596;-56,924576;-0,33931;-0,026125;0,086399;-0,936334;148,09317;353,640045;-615,914001;-0,643729;0,586043;0,416045;-0,262818;323,751251;-75,838089;-155,34552
445;4,45;0,106961;0,134935;0,065401;-0,982891;137,196869;638,329285;-172,705322;0,207006;0,110982;0,005517;-0,972009;6,175226;498,905457;-56,988895;-0,339185;-0,026079;0,086378;-0,936383;148,083282;353,542603;-615,859802;-0,643698;0,586024;0,416122;-0,262816;323,731903;-75,829605;-155,368042
446;4,46;0,109227;0,134381;0,064647;-0,982768;137,223022;638,484558;-173,278168;0,210363;0,110134;0,006456;-0,971379;6,394606;499,79776;-56,989571;-0,339225;-0,026142;0,086249;-0,936378;148,124054;353,610077;-615,868774;-0,643721;0,586101;0,416009;-0,262766;323,768677;-75,858307;-155,326599
447;4,47;0,109702;0,134191;0,063794;-0,982796;137,25209;638,58075;-173,561798;0,212482;0,109208;0,007426;-0,971015;6,41613;500,736664;-56,867516;-0,339338;-0,025878;0,086398;-0,936331;148,162186;353,614685;-615,864807;-0,643717;0,586071;0,416071;-0,262743;323,759491;-75,844299;-155,345474
448;4,48;0,109603;0,134208;0,063823;-0,982803;137,258881;638,685181;-173,732254;0,215258;0,109479;0,006982;-0,970376;6,42599;501,679016;-56,856243;-0,339258;-0,02631;0,086377;-0,93635;147,991623;353,63739;-615,955994;-0,643709;0,586015;0,416164;-0,26274;323,730621;-75,815727;-155,372147
449;4,49;0,109912;0,133816;0,064313;-0,98279;137,300217;638,790161;-173,988022;0,217128;0,109228;0,007588;-0,969983;6,477871;502,504761;-56,806858;-0,339373;-0,026044;0,086332;-0,93632;148,135345;353,678711;-615,922791;-0,643689;0,586059;0,416185;-0,26266;323,741913;-75,827225;-155,365891
450;4,5;0,11216;0,134561;0,063989;-0,982456;137,334549;638,9328;-174,622772;0,219624;0,108951;0,007609;-0,969452;6,48028;503,167816;-56,862583;-0,339332;-0,026037;0,086398;-0,936329;148,133316;353,636932;-615,930359;-0,643699;0,586009;0,416178;-0,262756;323,731354;-75,815483;-155,385056
451;4,51;0,115054;0,134123;0,06478;-0,982129;137,415466;639,085327;-175,35556;0,222702;0,109556;0,005983;-0,968693;6,364429;503,789917;-57,000313;-0,339334;-0,026221;0,086542;-0,93631;147,963638;353,637726;-615,980042;-0,643722;0,586072;0,415994;-0,262849;323,753906;-75,849953;-155,3526
452;4,52;0,11763;0,134269;0,064388;-0,98183;137,473907;639,244507;-176,05777;0,224931;0,109297;0,006305;-0,968205;6,292729;504,359833;-57,040611;-0,3393;-0,026059;0,086423;-0,936337;148,080551;353,61087;-615,918884;-0,643664;0,58611;0,416056;-0,262811;323,752594;-75,870293;-155,362656
453;4,53;0,123764;0,142057;0,066122;-0,979862;137,278381;639,569885;-176,926315;0,227616;0,110183;0,005322;-0,967483;6,164747;504,997253;-57,148643;-0,339341;-0,025663;0,086482;-0,936328;148,243713;353,560333;-615,829163;-0,643677;0,586058;0,416107;-0,262813;323,741486;-75,844681;-155,372162
454;4,54;0,127806;0,142946;0,065498;-0,979256;137,269531;639,755127;-177,734283;0,230174;0,111116;0,004376;-0,966775;6,070758;505,621674;-57,235016;-0,339359;-0,026032;0,086495;-0,93631;148,069962;353,626373;-615,926086;-0,643708;0,585984;0,416173;-0,262799;323,73172;-75,807907;-155,385315
455;4,55;0,130543;0,143344;0,066156;-0,978792;137,351944;639,915833;-178,379211;0,232948;0,109914;0,004735;-0,966246;6,183312;506,311646;-57,269604;-0,339213;-0,026118;0,086429;-0,936367;148,039185;353,556702;-615,908752;-0,643787;0,585999;0,41602;-0,262814;323,769165;-75,812172;-155,344666
456;4,56;0,131763;0,143533;0,066214;-0,978597;137,370377;640,042053;-178,766068;0,235627;0,109718;0,004818;-0,965618;6,22676;507,099701;-57,310959;-0,339317;-0,025987;0,086405;-0,936335;148,144211;353,617767;-615,902344;-0,643733;0,586;0,416142;-0,26275;323,743988;-75,80896;-155,367142
457;4,57;0,132507;0,142937;0,06642;-0,97857;137,46994;640,146301;-179,044357;0,237807;0,110767;0,004035;-0,964967;6,192928;508,004669;-57,296024;-0,3393;-0,025957;0,08649;-0,936334;148,116837;353,591522;-615,893616;-0,643729;0,585998;0,416146;-0,262756;323,737396;-75,809624;-155,372086
458;4,58;0,133627;0,142543;0,0661;-0,978497;137,656342;640,266174;-179,516144;0,24056;0,109503;0,00539;-0,964423;6,302626;508,97641;-57,303165;-0,339273;-0,026151;0,086464;-0,936341;148,030945;353,610352;-615,926208;-0,643719;0,585957;0,416187;-0,262811;323,714142;-75,797173;-155,395874
459;4,59;0,136084;0,142566;0,064761;-0,978244;137,715851;640,400146;-180,130905;0,242719;0,109184;0,00611;-0,963913;6,301375;509,841309;-57,229408;-0,339217;-0,025968;0,086443;-0,936368;148,130203;353,557159;-615,868347;-0,643703;0,586049;0,416038;-0,262878;323,739227;-75,848076;-155,366608
460;4,6;0,139528;0,140306;0,065179;-0,978058;137,808517;640,490662;-181,008743;0,245398;0,109126;0,006421;-0,963239;6,298488;510,691162;-57,290134;-0,339215;-0,025605;0,086516;-0,936372;148,252075;353,468048;-615,781799;-0,64368;0,586082;0,416072;-0,262808;323,741241;-75,855377;-155,361496
461;4,61;0,142067;0,13887;0,063315;-0,97802;137,892044;640,600891;-181,70874;0,248247;0,107932;0,00721;-0,962638;6,430429;511,435822;-57,389996;-0,339273;-0,025928;0,086512;-0,936342;148,080902;353,553864;-615,876953;-0,643689;0,586091;0,416072;-0,262766;323,751495;-75,855774;-155,351257
462;4,62;0,142647;0,139076;0,063778;-0,977876;138,005722;640,718079;-182,016083;0,25066;0,108222;0,006767;-0,961983;6,366168;512,115356;-57,413727;-0,339184;-0,025799;0,086575;-0,936372;148,09877;353,455994;-615,827209;-0,643763;0,585975;0,416089;-0,262818;323,741272;-75,8013;-155,366211
463;4,63;0,142319;0,140216;0,065187;-0,977668;138,178223;640,860107;-182,238022;0,253424;0,109258;0,005952;-0,961147;6,180703;512,815613;-57,553596;-0,339379;-0,025799;0,086485;-0,93631;148,178665;353,623047;-615,858643;-0,643773;0,58599;0,415998;-0,262902;323,746429;-75,820847;-155,361771
464;4,64;0,145004;0,142778;0,066302;-0,976828;138,35675;641,102417;-182,96727;0,254588;0,110405;0,004262;-0,960717;5,953495;513,402588;-57,678398;-0,339405;-0,026058;0,086373;-0,936304;148,125229;353,726624;-615,93219;-0,643693;0,586038;0,416123;-0,262794;323,728546;-75,832619;-155,373001
465;4,65;0,15139;0,142576;0,065124;-0,975967;138,35318;641,252258;-184,360992;0,256876;0,112006;0,001686;-0,959931;5,679131;514,054993;-57,654263;-0,339259;-0,025775;0,086614;-0,936342;148,109924;353,516205;-615,839966;-0,643674;0,586044;0,416186;-0,262728;323,728455;-75,827652;-155,374924
466;4,66;0,157429;0,142194;0,063593;-0,975168;138,384277;641,394531;-185,643524;0,260363;0,110241;0,002805;-0,959193;5,917819;514,714355;-57,781258;-0,339402;-0,025844;0,086428;-0,936306;148,137192;353,638702;-615,838928;-0,643692;0,586089;0,416066;-0,262773;323,746246;-75,860207;-155,344193
467;4,67;0,161407;0,142065;0,064478;-0,974478;138,571808;641,549805;-186,591644;0,264332;0,110204;0,002939;-0,95811;5,913188;515,710022;-58,003292;-0,339281;-0,0262;0,086294;-0,936352;148,02388;353,653748;-615,884644;-0,643724;0,586048;0,416022;-0,262855;323,740479;-75,844398;-155,344315
468;4,68;0,161935;0,141951;0,063889;-0,974446;138,498993;641,655762;-186,976196;0,267403;0,111846;0,001248;-0,957071;5,649857;516,88092;-58,097385;-0,33927;-0,025978;0,086705;-0,936324;147,961349;353,509735;-615,900513;-0,643689;0,586043;0,416123;-0,262794;323,716888;-75,833824;-155,358124
469;4,69;0,162281;0,14229;0,065953;-0,974202;138,732162;641,807678;-187,292923;0,271078;0,109656;0,00348;-0,956285;5,94967;518,134705;-58,211773;-0,339303;-0,025766;0,086513;-0,936336;148,170288;353,556183;-615,845947;-0,643743;0,585917;0,416186;-0,26284;323,699738;-75,785194;-155,387787
470;4,7;0,164215;0,141772;0,064088;-0,974077;138,761963;641,931335;-187,92215;0,275498;0,108702;0,004081;-0,955127;6,199675;519,301453;-58,319603;-0,339394;-0,026068;0,086327;-0,936312;148,09108;353,71991;-615,918518;-0,643751;0,585961;0,416141;-0,262793;323,716614;-75,795052;-155,367096
471;4,71;0,168272;0,14255;0,064285;-0,973258;138,777908;642,065979;-188,989014;0,277398;0,109404;0,002863;-0,954501;6,037313;520,261169;-58,24757;-0,339436;-0,026136;0,086619;-0,936268;147,886307;353,67215;-615,93866;-0,643702;0,586047;0,416102;-0,262786;323,720703;-75,838005;-155,356705
472;4,72;0,172128;0,144245;0,064129;-0,972344;138,874863;642,225403;-190,176346;0,280441;0,110923;0,001956;-0,953439;5,938014;521,145996;-58,540562;-0,339581;-0,025986;0,086486;-0,936232;148,060608;353,802429;-615,945984;-0,643724;0,586012;0,416129;-0,262766;323,720764;-75,815605;-155,360611
473;4,73;0,17655;0,144209;0,064303;-0,971545;138,896255;642,364502;-191,267761;0,283857;0,112549;-0,000474;-0,952238;5,703611;522,057007;-58,738335;-0,339299;-0,025657;0,086555;-0,936337;148,190918;353,543915;-615,817749;-0,643704;0,586029;0,416131;-0,262777;323,723297;-75,823921;-155,3582
474;4,74;0,179525;0,144662;0,062706;-0,971036;138,860153;642,458435;-192,191727;0,287098;0,111965;-0,000117;-0,951335;5,71547;522,885864;-58,799023;-0,339277;-0,025793;0,086653;-0,936332;148,04126;353,490784;-615,815247;-0,643711;0,586013;0,416145;-0,262768;323,720703;-75,822533;-155,356232
475;4,75;0,182524;0,144047;0,063888;-0,970492;139,035019;642,571716;-193,010056;0,292408;0,110015;0,001098;-0,949944;5,939573;524,093445;-59,037437;-0,339416;-0,026407;0,086405;-0,936287;147,876556;353,763733;-615,967957;-0,643708;0,586028;0,416091;-0,262831;323,724335;-75,833572;-155,355591
476;4,76;0,185117;0,143485;0,061723;-0,970224;139,003723;642,654663;-193,828705;0,295522;0,109845;0,001127;-0,948999;5,980701;525,338806;-59,098713;-0,339343;-0,026033;0,086528;-0,936313;148,014481;353,636963;-615,885193;-0,643751;0,585928;0,416183;-0,262802;323,710876;-75,779175;-155,375916
477;4,77;0,188526;0,143929;0,06233;-0,969462;139,156982;642,803894;-194,722351;0,298796;0,110267;0,001068;-0,947925;5,863801;526,64386;-59,294445;-0,339369;-0,025962;0,086631;-0,936296;148,00853;353,610596;-615,875122;-0,643712;0,586007;0,416172;-0,262739;323,722015;-75,819664;-155,364868
478;4,78;0,192771;0,14413;0,062038;-0,968616;139,281097;642,893066;-195,843811;0,302846;0,110309;0,00172;-0,946633;5,786633;527,967224;-59,554729;-0,339299;-0,026029;0,086494;-0,936332;148,019638;353,623505;-615,87146;-0,643748;0,585948;0,416159;-0,262803;323,714386;-75,790085;-155,373535
479;4,79;0,196451;0,143511;0,060842;-0,968044;139,223053;642,945251;-196,803604;0,306126;0,109219;0,002609;-0,945701;5,911309;529,118286;-59,645432;-0,339308;-0,025708;0,086673;-0,936321;148,076523;353,529785;-615,82196;-0,643759;0,585967;0,416111;-0,262809;323,722076;-75,79644;-155,363297
480;4,8;0,199293;0,143185;0,05982;-0,967575;139,299179;643,026855;-197,607224;0,310387;0,108579;0,002289;-0,944386;6,037346;530,04718;-59,843987;-0,339404;-0,025951;0,086595;-0,936287;148,00322;353,643127;-615,883667;-0,64372;0,586022;0,416116;-0,262774;323,723083;-75,824646;-155,358871
481;4,81;0,201966;0,144176;0,060281;-0,966845;139,280899;643,104614;-198,360458;0,313365;0,109776;0,000636;-0,943266;5,860602;530,713257;-60,029469;-0,339328;-0,026357;0,086393;-0,936321;147,882111;353,705048;-615,926025;-0,643771;0,585974;0,416092;-0,262793;323,726501;-75,794922;-155,353928
482;4,82;0,204683;0,143712;0,059446;-0,966394;139,337326;643,168091;-199,130341;0,316901;0,110349;-0,000759;-0,942017;5,719852;531,4328;-60,293816;-0,339401;-0,026119;0,086518;-0,93629;147,926422;353,68808;-615,903137;-0,643756;0,586006;0,416087;-0,262769;323,734161;-75,81031;-155,344559
483;4,83;0,206377;0,1448;0,058654;-0,96592;139,263596;643,184875;-199,760071;0,320363;0,109874;-0,0003;-0,940901;5,837063;532,228394;-60,558617;-0,339404;-0,025808;0,086626;-0,936288;148,047928;353,609436;-615,860291;-0,643736;0,586019;0,416124;-0,262729;323,735657;-75,820473;-155,342468
484;4,84;0,208514;0,144401;0,059587;-0,965464;139,412628;643,252014;-200,354721;0,32287;0,109412;-0,000135;-0,940098;5,88959;532,956116;-60,663128;-0,339228;-0,025969;0,08659;-0,936351;147,951889;353,53006;-615,842041;-0,64372;0,586093;0,416035;-0,262745;323,751038;-75,847153;-155,322754
485;4,85;0,209793;0,144441;0,057743;-0,965293;139,348145;643,263123;-200,814026;0,325377;0,109563;-0,001544;-0,939214;5,879817;533,500671;-60,807724;-0,339397;-0,026131;0,086522;-0,936291;147,908844;353,680969;-615,895508;-0,643695;0,586058;0,416135;-0,262727;323,728271;-75,836212;-155,349823
486;4,86;0,210608;0,145817;0,057744;-0,964908;139,416397;643,313354;-201,214828;0,327115;0,109618;-0,00213;-0,938603;5,839108;533,835632;-60,961021;-0,339415;-0,026129;0,086552;-0,936282;147,929688;353,691528;-615,914673;-0,643738;0,586004;0,416131;-0,262747;323,732971;-75,814728;-155,352585
487;4,87;0,212683;0,146782;0,058943;-0,964234;139,531967;643,375732;-201,804764;0,327852;0,11116;-0,003684;-0,93816;5,515705;534,089233;-61,089939;-0,33942;-0,025979;0,086514;-0,936288;148,012512;353,680603;-615,88739;-0,643736;0,586027;0,416038;-0,262848;323,727966;-75,826775;-155,352982
488;4,88;0,215087;0,146697;0,058783;-0,963723;139,520828;643,36853;-202,375641;0,329317;0,111531;-0,004147;-0,9376;5,428272;534,396057;-61,215786;-0,339357;-0,025866;0,086622;-0,936304;147,984421;353,590057;-615,868958;-0,643718;0,586038;0,416103;-0,262762;323,738525;-75,831345;-155,358887
489;4,89;0,216395;0,146674;0,058396;-0,963457;139,521744;643,37146;-202,741394;0,330913;0,109734;-0,003082;-0,937254;5,720132;534,809692;-61,268791;-0,339295;-0,025688;0,086856;-0,936309;147,927368;353,462952;-615,836426;-0,643731;0,585978;0,416166;-0,262766;323,716461;-75,802322;-155,376495
490;4,9;0,217268;0,146305;0,057137;-0,963392;139,45372;643,373901;-203,002136;0,331899;0,109727;-0,003006;-0,936907;5,75869;535,290894;-61,267776;-0,339412;-0,02594;0,086621;-0,936282;147,934433;353,642334;-615,897766;-0,643678;0,586075;0,416091;-0,262797;323,729889;-75,846779;-155,364853
491;4,91;0,218063;0,146216;0,056915;-0,963239;139,500168;643,383484;-203,235062;0,333098;0,110036;-0,002905;-0,936445;5,71303;535,661438;-61,37067;-0,339317;-0,026058;0,086546;-0,93632;147,916351;353,610809;-615,886353;-0,643695;0,586004;0,416162;-0,262804;323,703705;-75,816406;-155,39093
492;4,92;0,218613;0,146693;0,056904;-0,963043;139,489166;643,393311;-203,482819;0,334444;0,109711;-0,002767;-0,936004;5,804137;535,990173;-61,50581;-0,339232;-0,025686;0,086763;-0,936341;148,000031;353,447784;-615,813232;-0,643726;0,58596;0,416201;-0,262762;323,709717;-75,795532;-155,389557
493;4,93;0,219206;0,147297;0,057346;-0,962789;139,541245;643,412842;-203,760864;0,335336;0,110218;-0,003364;-0,935623;5,776099;536,27887;-61,559677;-0,339209;-0,025614;0,08678;-0,936349;148,048523;353,43042;-615,795471;-0,643687;0,586025;0,416207;-0,262706;323,709595;-75,817337;-155,376648
494;4,94;0,222297;0,14709;0,05776;-0,962087;139,642532;643,396729;-204,458389;0,335422;0,111222;-0,00451;-0,935469;5,641189;536,593384;-61,553932;-0,339388;-0,02603;0,086621;-0,936288;147,94133;353,654541;-615,897217;-0,643714;0,585949;0,416235;-0,262763;323,690918;-75,791283;-155,397797
495;4,95;0,225313;0,147498;0,056984;-0,961369;139,594376;643,366211;-205,157349;0,335431;0,110789;-0,004352;-0,935518;5,658025;536,947876;-61,537968;-0,339411;-0,025943;0,086677;-0,936277;147,965408;353,641876;-615,889893;-0,64374;0,585975;0,416135;-0,262799;323,707947;-75,801315;-155,37767
496;4,96;0,227514;0,147013;0,056668;-0,960944;139,552292;643,341919;-205,664032;0,33657;0,110283;-0,004048;-0,935169;5,765872;537,416077;-61,636448;-0,339192;-0,025689;0,086854;-0,936347;147,985352;353,418762;-615,812439;-0,643761;0,586004;0,416073;-0,262781;323,741638;-75,812462;-155,352005
497;4,97;0,228309;0,146587;0,05628;-0,960843;139,537598;643,335938;-205,94101;0,338005;0,110517;-0,00356;-0,934626;5,787725;537,910217;-61,76096;-0,339287;-0,026104;0,086662;-0,936319;147,899078;353,584778;-615,931274;-0,643763;0,585965;0,416105;-0,262812;323,729279;-75,799454;-155,367477
498;4,98;0,22792;0,146682;0,057184;-0,960868;139,698929;643,398193;-205,985535;0,339097;0,110412;-0,003313;-0,934244;5,828577;538,311401;-61,787285;-0,339257;-0,025963;0,086619;-0,936337;147,969818;353,550507;-615,866028;-0,643777;0,585951;0,41605;-0,262897;323,735962;-75,799759;-155,374725
499;4,99;0,228962;0,147457;0,056515;-0,960541;139,569763;643,385193;-206,313553;0,34091;0,110201;-0,003232;-0,933609;5,897306;538,669128;-61,889523;-0,339342;-0,025861;0,086705;-0,936302;147,98938;353,57605;-615,855469;-0,643687;0,586104;0,41602;-0,262824;323,745667;-75,865532;-155,355499
500;5;0,230749;0,147422;0,056612;-0,960113;139,600235;643,394714;-206,731964;0,342488;0,110294;-0,00411;-0,933017;5,893058;539,027588;-62,017044;-0,339274;-0,026105;0,086709;-0,936319;147,882751;353,566467;-615,920898;-0,643673;0,586082;0,416106;-0,26277;323,734406;-75,851959;-155,367233
501;5,01;0,232702;0,147157;0,056424;-0,959693;139,617126;643,403015;-207,249863;0,343665;0,110199;-0,004479;-0,932594;5,844697;539,315735;-62,172688;-0,339186;-0,025862;0,086701;-0,936359;147,995758;353,474915;-615,848633;-0,643693;0,586072;0,416092;-0,262768;323,737671;-75,844604;-155,362335
502;5,02;0,235146;0,147711;0,056716;-0,958995;139,684265;643,366333;-207,897461;0,345142;0,110849;-0,005453;-0,931966;5,721631;539,768066;-62,291569;-0,339371;-0,025859;0,086675;-0,936294;148,043457;353,610016;-615,887268;-0,643696;0,585997;0,416182;-0,262786;323,712921;-75,815659;-155,391724
503;5,03;0,236434;0,147294;0,056573;-0,958751;139,742249;643,381592;-208,282516;0,346803;0,110285;-0,005347;-0,931416;5,788287;540,230652;-62,399204;-0,339238;-0,025815;0,086793;-0,936333;147,972931;353,471649;-615,851074;-0,643704;0,58607;0,416035;-0,262836;323,733856;-75,85408;-155,36058
504;5,04;0,238818;0,146981;0,05608;-0,958237;139,645096;643,362732;-208,829971;0,349058;0,109168;-0,004859;-0,930708;5,881846;540,804382;-62,55751;-0,339259;-0,026173;0,086578;-0,936335;147,902924;353,588837;-615,924377;-0,643726;0,586005;0,416121;-0,26279;323,7229;-75,814598;-155,372498
505;5,05;0,240418;0,146652;0,056912;-0,957838;139,72583;643,359375;-209,296646;0,350707;0,109521;-0,006074;-0,930039;5,809175;541,336304;-62,654636;-0,339352;-0,025836;0,086708;-0,936298;147,966263;353,568298;-615,867798;-0,643746;0,586006;0,4161;-0,262773;323,732819;-75,81189;-155,362152
506;5,06;0,242596;0,146825;0,055942;-0,957319;139,710693;643,334595;-209,884247;0,352977;0,109667;-0,005696;-0,929165;5,792196;541,821045;-62,875256;-0,339249;-0,025723;0,086757;-0,936334;147,975525;353,463898;-615,819702;-0,643715;0,585978;0,416197;-0,262756;323,706696;-75,798088;-155,384659
507;5,07;0,24497;0,146949;0,055954;-0,956695;139,766693;643,327148;-210,480515;0,35521;0,109651;-0,005941;-0,928314;5,802668;542,267334;-63,090244;-0,339368;-0,026018;0,086624;-0,936295;147,91185;353,623016;-615,918518;-0,643703;0,586032;0,416099;-0,262822;323,718414;-75,832535;-155,372269
508;5,08;0,247785;0,146929;0,055236;-0,956015;139,80127;643,27417;-211,199326;0,356132;0,110378;-0,007549;-0,927863;5,712557;542,73114;-63,142338;-0,339293;-0,026056;0,086668;-0,936317;147,872696;353,556274;-615,905334;-0,64371;0,585964;0,416208;-0,262781;323,696716;-75,795799;-155,390823
509;5,09;0,249148;0,147267;0,056015;-0,955563;139,86705;643,289307;-211,640762;0,358625;0,11034;-0,007282;-0,926909;5,775984;543,24292;-63,376396;-0,339406;-0,025995;0,086645;-0,93628;147,924637;353,641876;-615,912109;-0,64371;0,585991;0,416186;-0,262759;323,714569;-75,808434;-155,382614
510;5,1;0,25137;0,14706;0,055509;-0,955042;139,921082;643,265198;-212,210556;0,360887;0,110088;-0,006846;-0,926064;5,877395;543,857849;-63,567562;-0,339263;-0,02608;0,086704;-0,936324;147,865616;353,553253;-615,915405;-0,643716;0,585966;0,416217;-0,26275;323,710052;-75,795822;-155,390167
511;5,11;0,253273;0,146471;0,053989;-0,954717;139,91185;643,228821;-212,729477;0,36257;0,109889;-0,007225;-0,925427;5,87163;544,375916;-63,688858;-0,339279;-0,025845;0,086671;-0,936328;148,008698;353,529541;-615,870422;-0,64375;0,585997;0,416058;-0,262847;323,731873;-75,816315;-155,369278
512;5,12;0,255253;0,145883;0,054649;-0,954242;140,055359;643,21875;-213,236328;0,365171;0,109714;-0,008048;-0,924418;5,888366;544,850952;-63,940376;-0,339378;-0,026005;0,0867;-0,936285;147,936279;353,620758;-615,926086;-0,643682;0,586042;0,416135;-0,26279;323,716766;-75,832222;-155,382248
513;5,13;0,257465;0,146449;0,054908;-0,953546;140,062302;643,168457;-213,82959;0,36671;0,109775;-0,007633;-0,923805;5,9204;545,363525;-64,053764;-0,339262;-0,026124;0,086585;-0,936334;147,937439;353,58374;-615,920654;-0,643694;0,586019;0,416159;-0,262778;323,721497;-75,823471;-155,388031
514;5,14;0,258889;0,146085;0,055013;-0,95321;140,157501;643,171082;-214,264725;0,368755;0,109729;-0,008138;-0,922992;5,971193;545,852905;-64,261238;-0,339284;-0,026107;0,08661;-0,936324;147,936768;353,596802;-615,93103;-0,643692;0,586072;0,416084;-0,262782;323,737854;-75,844261;-155,367767
515;5,15;0,261245;0,145316;0,054291;-0,952726;140,213074;643,121155;-214,835876;0,371006;0,109307;-0,00847;-0,922136;5,933595;546,320068;-64,485733;-0,339234;-0,025913;0,086726;-0,936337;147,971985;353,504883;-615,878784;-0,643684;0,586061;0,41609;-0,262818;323,73111;-75,844887;-155,380554
516;5,16;0,262281;0,145518;0,05447;-0,9524;140,273163;643,122559;-215,200378;0,372434;0,109265;-0,008777;-0,921562;5,914316;546,706177;-64,595238;-0,339253;-0,026131;0,086609;-0,936335;147,950424;353,575989;-615,935791;-0,643692;0,586064;0,41606;-0,262839;323,729858;-75,848595;-155,37764
517;5,17;0,264324;0,146146;0,055092;-0,951703;140,405121;643,08252;-215,773376;0,374523;0,109042;-0,009011;-0,92074;5,984706;547,111145;-64,800461;-0,3393;-0,026238;0,086533;-0,936322;147,948685;353,65274;-615,960449;-0,643703;0,586018;0,416098;-0,262855;323,714233;-75,826401;-155,393951
518;5,18;0,267371;0,14615;0,054337;-0,950894;140,460831;643,033691;-216,579178;0,374283;0,110379;-0,01025;-0,920665;5,790648;547,505493;-64,814346;-0,339329;-0,02625;0,086597;-0,936306;147,914795;353,662628;-615,960754;-0,643707;0,586069;0,416053;-0,262803;323,739868;-75,847054;-155,371399
519;5,19;0,269973;0,147519;0,054597;-0,949933;140,34938;642,962341;-217,270401;0,374404;0,111056;-0,011502;-0,920519;5,675437;548,087341;-64,827499;-0,339364;-0,026136;0,086556;-0,9363;147,984802;353,661316;-615,94104;-0,643713;0,586022;0,416119;-0,262786;323,736053;-75,82325;-155,380157
520;5,2;0,270485;0,147269;0,054897;-0,949809;140,38414;642,965149;-217,500366;0,376177;0,109325;-0,009028;-0,920031;5,957659;548,717407;-64,995453;-0,339211;-0,026133;0,086515;-0,936359;147,991959;353,564728;-615,922363;-0,643679;0,586026;0,416171;-0,262778;323,720398;-75,829033;-155,390305
521;5,21;0,271462;0,147252;0,055223;-0,949513;140,522522;642,973999;-217,778076;0,37739;0,10891;-0,008079;-0,919592;6,055924;549,296082;-65,087471;-0,339318;-0,026254;0,086587;-0,93631;147,910873;353,656555;-615,990662;-0,643696;0,586003;0,416153;-0,262814;323,721405;-75,821968;-155,395569
522;5,22;0,272985;0,146386;0,052216;-0,949381;140,353912;642,911133;-218,157104;0,378425;0,109692;-0,009831;-0,919057;5,937748;549,675598;-65,172089;-0,3394;-0,026077;0,086563;-0,936288;148,003448;353,681396;-615,950378;-0,643716;0,586106;0,415976;-0,262819;323,757507;-75,860588;-155,349274
523;5,23;0,274337;0,146532;0,051774;-0,948993;140,359879;642,86499;-218,550201;0,379859;0,10942;-0,009204;-0,918504;6,018194;549,985168;-65,337334;-0,339318;-0,026278;0,086474;-0,93632;147,941895;353,669922;-615,971375;-0,643684;0,586095;0,416022;-0,262848;323,741089;-75,866463;-155,376205
524;5,24;0,275279;0,14689;0,051682;-0,94867;140,338623;642,825989;-218,866394;0,381252;0,109299;-0,008518;-0,917948;6,061321;550,357361;-65,502159;-0,339301;-0,026253;0,086543;-0,936321;147,93074;353,6427;-615,993713;-0,643667;0,586085;0,416131;-0,262741;323,738739;-75,853691;-155,387802
525;5,25;0,276533;0,147114;0,052277;-0,948238;140,290482;642,786926;-219,181381;0,382311;0,109313;-0,008693;-0,917504;6,039256;550,613037;-65,621391;-0,339236;-0,026006;0,086631;-0,936343;148,009293;353,539703;-615,934082;-0,643654;0,586073;0,416129;-0,262803;323,722046;-75,849525;-155,4039
526;5,26;0,277313;0,146491;0,05222;-0,948109;140,30304;642,771667;-219,393921;0,383319;0,109214;-0,009189;-0,91709;6,074864;550,799622;-65,700027;-0,339325;-0,026157;0,086539;-0,936315;147,970047;353,637146;-615,974854;-0,643696;0,586016;0,416122;-0,262836;323,722534;-75,826523;-155,412323
527;5,27;0,277948;0,146554;0,052451;-0,947901;140,374344;642,766602;-219,583755;0,384162;0,109036;-0,009082;-0,91676;6,111867;551,047485;-65,771698;-0,339227;-0,026356;0,086473;-0,936351;147,923477;353,621582;-615,996033;-0,643712;0,58601;0,416092;-0,262858;323,723846;-75,822716;-155,408371
528;5,28;0,278735;0,14703;0,052604;-0,947587;140,365158;642,733643;-219,793793;0,384882;0,109047;-0,008532;-0,916462;6,119058;551,270386;-65,87442;-0,339271;-0,026237;0,08658;-0,936328;147,948196;353,616058;-615,991333;-0,643654;0,586091;0,416106;-0,262797;323,730804;-75,855698;-155,40036
529;5,29;0,279623;0,147288;0,052596;-0,947286;140,306335;642,6828;-220,009857;0,38535;0,109213;-0,008655;-0,916244;6,101795;551,426697;-65,925537;-0,339244;-0,026028;0,08661;-0,936341;148,02652;353,546326;-615,940979;-0,643699;0,586051;0,41608;-0,262817;323,730225;-75,837067;-155,392517
530;5,3;0,280014;0,147163;0,052464;-0,947197;140,307953;642,668884;-220,113983;0,3856;0,109049;-0,008728;-0,916158;6,141023;551,497314;-65,950233;-0,339159;-0,026148;0,086595;-0,93637;147,982346;353,512848;-615,947876;-0,643707;0,586014;0,416132;-0,262799;323,733276;-75,822563;-155,401642
531;5,31;0,28005;0,147051;0,052595;-0,947197;140,360214;642,679626;-220,133636;0,386016;0,108974;-0,008766;-0,915991;6,176253;551,595825;-65,989243;-0,339351;-0,02613;0,086628;-0,936298;148,005417;353,647705;-615,993774;-0,643696;0,586011;0,41613;-0,262835;323,725677;-75,823189;-155,407822
532;5,32;0,279586;0,146987;0,052993;-0,947322;140,44371;642,716003;-220,058792;0,386045;0,10881;-0,008584;-0,916;6,208713;551,650879;-65,979378;-0,339256;-0,026114;0,08652;-0,936343;148,093857;353,601868;-615,957458;-0,643683;0,586065;0,41607;-0,262843;323,737854;-75,84938;-155,395111
533;5,33;0,279589;0,147043;0,053619;-0,947277;140,536316;642,736023;-220,0728;0,386103;0,108831;-0,008724;-0,915972;6,212958;551,690613;-66,002449;-0,339238;-0,02618;0,086515;-0,936348;148,072388;353,602997;-615,972351;-0,643647;0,586057;0,416148;-0,262825;323,725891;-75,843323;-155,41214
534;5,34;0,279647;0,147102;0,053341;-0,947266;140,521133;642,726807;-220,100723;0,386324;0,10887;-0,008872;-0,915873;6,220654;551,709167;-66,043602;-0,339279;-0,02606;0,086634;-0,936325;148,083603;353,587402;-615,968079;-0,643687;0,586077;0,416081;-0,262788;323,773499;-75,853172;-155,386078
535;5,35;0,279713;0,147084;0,052976;-0,94727;140,543915;642,714172;-220,15213;0,386201;0,108857;-0,008923;-0,915926;6,251526;551,71582;-66,013306;-0,339244;-0,026124;0,086471;-0,936351;148,166626;353,61557;-615,960388;-0,643694;0,585991;0,416184;-0,2628;323,749847;-75,814255;-155,417068
536;5,36;0,279851;0,146896;0,052131;-0,947305;140,533859;642,702942;-220,203003;0,386404;0,108725;-0,008796;-0,915857;6,290785;551,759583;-66,032204;-0,339237;-0,026327;0,08642;-0,936353;148,113007;353,655426;-616,000122;-0,643668;0,586078;0,416103;-0,262798;323,771454;-75,851768;-155,393051
537;5,37;0,280035;0,146773;0,052025;-0,947276;140,574081;642,701172;-220,254105;0,38661;0,108745;-0,008977;-0,915766;6,309296;551,818115;-66,064346;-0,339175;-0,02621;0,086524;-0,936369;148,135696;353,575104;-615,966125;-0,6437;0,58607;0,416024;-0,262861;323,784363;-75,854881;-155,380905
538;5,38;0,279935;0,146777;0,05206;-0,947303;140,61673;642,711121;-220,265991;0,386755;0,108861;-0,009222;-0,915688;6,300163;551,864502;-66,076019;-0,339255;-0,026019;0,086537;-0,936344;148,234924;353,601044;-615,941772;-0,643728;0,586083;0,415966;-0,262855;323,799774;-75,858093;-155,362732
539;5,39;0,280147;0,146606;0,052034;-0,947268;140,667175;642,714722;-220,331589;0,387264;0,108988;-0,009456;-0,915455;6,301729;551,960388;-66,122261;-0,339229;-0,026256;0,086449;-0,936355;148,179413;353,644958;-615,977539;-0,643694;0,586065;0,416054;-0,262839;323,776978;-75,849449;-155,379807
540;5,4;0,280704;0,146432;0,051389;-0,947165;140,67453;642,696045;-220,4785;0,387766;0,109004;-0,009246;-0,915243;6,334999;552,113831;-66,150826;-0,339245;-0,026316;0,086443;-0,936348;148,157455;353,670624;-615,98053;-0,643678;0,586055;0,416139;-0,262768;323,767609;-75,838249;-155,383606
541;5,41;0,281341;0,146252;0,050702;-0,947041;140,65416;642,677673;-220,65065;0,388398;0,10901;-0,009154;-0,914975;6,345027;552,268677;-66,200111;-0,339268;-0,026118;0,086556;-0,936335;148,187363;353,623779;-615,946655;-0,643718;0,586142;0,415929;-0,262809;323,813721;-75,878708;-155,332458
542;5,42;0,282165;0,145985;0,049836;-0,946883;140,632751;642,644409;-220,871918;0,389137;0,109017;-0,009297;-0,914659;6,287376;552,443542;-66,292358;-0,339227;-0,026282;0,086428;-0,936357;148,167282;353,648743;-615,963318;-0,643727;0,586096;0,41595;-0,262855;323,799347;-75,859863;-155,342789
543;5,43;0,282963;0,146577;0,049784;-0,946556;140,593933;642,610413;-221,105667;0,390022;0,108827;-0,008739;-0,91431;6,27562;552,628479;-66,383766;-0,339285;-0,026362;0,08634;-0,936342;148,162949;353,71579;-615,990662;-0,643661;0,586071;0,416095;-0,262844;323,756958;-75,849724;-155,380844
544;5,44;0,28372;0,147347;0,050059;-0,946196;140,542145;642,573975;-221,345078;0,390954;0,108436;-0,008581;-0,91396;6,300081;552,835693;-66,461136;-0,339195;-0,026209;0,086497;-0,936364;148,139816;353,588043;-615,938171;-0,64372;0,586074;0,415991;-0,262856;323,789459;-75,853111;-155,351669
545;5,45;0,283945;0,14712;0,050178;-0,946157;140,578079;642,590332;-221,465118;0,391837;0,108356;-0,008941;-0,913588;6,291015;553,054932;-66,554665;-0,339274;-0,026335;0,086349;-0,936346;148,141861;353,692719;-615,981995;-0,643703;0,586076;0,416023;-0,262842;323,779938;-75,852989;-155,360626
546;5,46;0,284827;0,146858;0,050352;-0,945923;140,679413;642,585938;-221,690735;0,392895;0,10859;-0,009601;-0,913099;6,242851;553,299683;-66,678253;-0,339263;-0,026498;0,086297;-0,93635;148,093353;353,725342;-616,016602;-0,643702;0,586088;0,416004;-0,262849;323,781616;-75,859604;-155,357178
547;5,47;0,286067;0,146458;0,049878;-0,945636;140,602844;642,528992;-222,003128;0,393992;0,10836;-0,009557;-0,912654;6,238593;553,562927;-66,789314;-0,339282;-0,026172;0,086448;-0,936338;148,167236;353,652466;-615,955322;-0,643748;0,586029;0,416022;-0,262837;323,780762;-75,82933;-155,356262
548;5,48;0,287469;0,146487;0,048932;-0,945256;140,500717;642,449158;-222,388855;0,395112;0,108084;-0,009524;-0,912203;6,266662;553,836121;-66,890419;-0,339247;-0,026223;0,086441;-0,93635;148,154083;353,637329;-615,961487;-0,643661;0,586062;0,41616;-0,262759;323,745331;-75,83754;-155,379303
549;5,49;0,28813;0,146385;0,048685;-0,945083;140,482193;642,426392;-222,612106;0,396207;0,108096;-0,009895;-0,911722;6,279962;554,09845;-67,001472;-0,339202;-0,02636;0,086346;-0,936372;148,143616;353,648712;-615,968506;-0,643663;0,586058;0,416151;-0,262779;323,742126;-75,839523;-155,37944
550;5,5;0,288449;0,146029;0,050323;-0,944955;140,80336;642,498108;-222,714035;0,397246;0,10825;-0,009907;-0,911251;6,309555;554,374451;-67,094131;-0,339301;-0,026367;0,086364;-0,936334;148,1492;353,717163;-615,997498;-0,643753;0,58601;0,416044;-0,262835;323,771667;-75,820679;-155,356949
551;5,51;0,289278;0,147068;0,050323;-0,944541;140,907822;642,497803;-223,021606;0,398442;0,107805;-0,009162;-0,91079;6,335812;554,628723;-67,217163;-0,339304;-0,026326;0,086387;-0,936332;148,150345;353,71759;-615,984253;-0,643739;0,586047;0,416013;-0,262835;323,783173;-75,839294;-155,349731
552;5,52;0,291673;0,147373;0,049222;-0,943814;140,900574;642,392212;-223,634903;0,398245;0,108897;-0,010695;-0,910729;6,093849;554,927124;-67,22863;-0,339211;-0,026524;0,086307;-0,936367;148,105591;353,703156;-615,988403;-0,643706;0,586066;0,41602;-0,262862;323,768646;-75,848343;-155,3573
553;5,53;0,293908;0,147408;0,04877;-0,943139;140,748642;642,280884;-224,159088;0,398659;0,109417;-0,011097;-0,910481;5,992206;555,345459;-67,281235;-0,339211;-0,02621;0,086298;-0,936377;148,257263;353,632416;-615,905151;-0,643731;0,586093;0,415954;-0,262844;323,792755;-75,855782;-155,335281
554;5,54;0,295145;0,146804;0,04853;-0,942859;140,686966;642,246277;-224,46199;0,400229;0,107616;-0,008918;-0,910031;6,303644;555,871399;-67,446106;-0,339151;-0,026434;0,086207;-0,936401;148,216217;353,656982;-615,963989;-0,643756;0,586035;0,416017;-0,262813;323,792633;-75,828438;-155,345215
555;5,55;0,295616;0,146681;0,048768;-0,942718;140,72403;642,258545;-224,623337;0,400871;0,107429;-0,008334;-0,909776;6,417211;556,367065;-67,495369;-0,339241;-0,026661;0,086261;-0,936357;148,073059;353,742554;-616,067261;-0,64372;0,586032;0,416098;-0,262783;323,772278;-75,824234;-155,363312
556;5,56;0,295461;0,146208;0,049218;-0,942817;140,834854;642,318115;-224,660767;0,401665;0,10774;-0,009124;-0,909381;6,359715;556,76355;-67,579521;-0,339293;-0,026493;0,086312;-0,936338;148,123611;353,736542;-616,038391;-0,643711;0,586068;0,416033;-0,262826;323,779724;-75,848442;-155,35849
557;5,57;0,296063;0,146617;0,050184;-0,942514;141,032684;642,335754;-224,863022;0,403209;0,107172;-0,008227;-0,908774;6,464149;557,129761;-67,772919;-0,339417;-0,026513;0,086215;-0,936301;148,184662;353,856323;-616,079651;-0,643718;0,586067;0,416001;-0,262861;323,776093;-75,850281;-155,358963
558;5,58;0,297026;0,147121;0,049584;-0,942164;140,977142;642,279846;-225,171768;0,404313;0,106915;-0,007931;-0,908316;6,500236;557,473572;-67,898651;-0,339307;-0,026589;0,086337;-0,936328;148,089767;353,763641;-616,097107;-0,643693;0,586127;0,415973;-0,262833;323,784882;-75,87542;-155,345871
559;5,59;0,29836;0,146858;0,048972;-0,941815;140,923477;642,197937;-225,546005;0,405467;0,107315;-0,008673;-0,907747;6,444745;557,72345;-68,010155;-0,339177;-0,026608;0,086342;-0,936374;148,071762;353,672333;-616,050964;-0,643694;0,586114;0,415987;-0,262836;323,775055;-75,868935;-155,348007
560;5,6;0,299519;0,146891;0,049171;-0,941432;140,987198;642,161743;-225,850143;0,406886;0,107125;-0,008605;-0,907135;6,485121;558,02533;-68,145058;-0,339359;-0,026549;0,086091;-0,936333;148,226532;353,846283;-616,045959;-0,643694;0,586064;0,416044;-0,262858;323,752716;-75,848969;-155,367355
561;5,61;0,300423;0,147298;0,049864;-0,941044;141,085251;642,15509;-226,106613;0,408316;0,106649;-0,008459;-0,90655;6,546945;558,398132;-68,303505;-0,339272;-0,02648;0,086269;-0,93635;148,152344;353,738312;-616,022827;-0,643705;0,586054;0,416037;-0,262863;323,753632;-75,842827;-155,36377
562;5,62;0,301305;0,147153;0,04885;-0,940837;141,05072;642,11908;-226,377838;0,409555;0,10692;-0,008723;-0,905956;6,506357;558,66217;-68,46582;-0,339313;-0,026393;0,086303;-0,936335;148,177994;353,740997;-616,019592;-0,643724;0,586078;0,415982;-0,262852;323,769806;-75,852226;-155,34639
563;5,63;0,302243;0,147159;0,04807;-0,940576;141,015442;642,073547;-226,656799;0,410508;0,10734;-0,009612;-0,905466;6,398147;558,86554;-68,590233;-0,339234;-0,026477;0,08618;-0,936372;148,206863;353,722076;-616,010559;-0,643753;0,586058;0,415988;-0,262815;323,778748;-75,837982;-155,341934
564;5,64;0,303011;0,146997;0,048606;-0,940327;141,083054;642,060181;-226,864029;0,411515;0,106982;-0,009316;-0,905054;6,462265;559,106079;-68,694717;-0,339279;-0,026485;0,086117;-0,936361;148,215744;353,767883;-616,01593;-0,643721;0,586031;0,416047;-0,262861;323,759857;-75,831894;-155,367462
565;5,65;0,303812;0,146393;0,049025;-0,94014;141,145584;642,047974;-227,031525;0,412404;0,106573;-0,00892;-0,904702;6,558266;559,368774;-68,797112;-0,339325;-0,026543;0,086236;-0,936332;148,12175;353,782501;-616,049988;-0,643728;0,586008;0,416047;-0,262897;323,753479;-75,822464;-155,375397
566;5,66;0,304512;0,146144;0,049103;-0,939949;141,166626;642,024536;-227,208084;0,412971;0,106706;-0,00948;-0,904422;6,513144;559,486145;-68,885239;-0,339199;-0,02642;0,086229;-0,936382;148,195648;353,67334;-615,997559;-0,643733;0,586003;0,416051;-0,262887;323,767548;-75,822914;-155,376465
567;5,67;0,304817;0,146244;0,049072;-0,939836;141,176651;642,006226;-227,337189;0,413375;0,106977;-0,010268;-0,904197;6,435813;559,546936;-68,951927;-0,339245;-0,026538;0,086005;-0,936382;148,262726;353,77066;-616,024963;-0,643684;0,586083;0,416029;-0,262862;323,770447;-75,859291;-155,36586
568;5,68;0,305033;0,146206;0,049119;-0,939769;141,18779;641,995667;-227,405075;0,413708;0,106597;-0,009755;-0,904095;6,495548;559,65741;-68,994507;-0,339248;-0,026512;0,086257;-0,936359;148,130997;353,710754;-616,042358;-0,643668;0,586129;0,416003;-0,262842;323,783569;-75,881752;-155,356522
569;5,69;0,305217;0,146177;0,049125;-0,939714;141,218475;641,988342;-227,4617;0,413898;0,106363;-0,009146;-0,904042;6,561248;559,738831;-69,000732;-0,339277;-0,026528;0,086307;-0,936343;148,102341;353,726044;-616,058838;-0,643678;0,586079;0,416063;-0,262835;323,771942;-75,858086;-155,375565
570;5,7;0,305245;0,14628;0,048969;-0,939696;141,216721;641,984314;-227,502884;0,413858;0,106673;-0,009769;-0,904017;6,515509;559,727722;-69,006432;-0,339236;-0,026391;0,086244;-0,936368;148,200699;353,689758;-616,017334;-0,643694;0,586087;0,416007;-0,262864;323,768005;-75,860329;-155,367508
571;5,71;0,305276;0,146467;0,049014;-0,939655;141,232925;641,980835;-227,535797;0,413986;0,106797;-0,00992;-0,903942;6,485505;559,673767;-69,038498;-0,339195;-0,026441;0,086285;-0,936378;148,161163;353,663147;-616,027466;-0,643665;0,586117;0,416036;-0,262825;323,768127;-75,872498;-155,368958
572;5,72;0,305721;0,147414;0,050076;-0,939306;141,388489;641,99939;-227,713013;0,413627;0,106718;-0,010035;-0,904115;6,429589;559,564758;-69,011147;-0,339376;-0,026463;0,086268;-0,936313;148,182526;353,804291;-616,083008;-0,643701;0,586051;0,416077;-0,262819;323,758423;-75,837929;-155,3806
573;5,73;0,307173;0,148161;0,050562;-0,938689;141,421036;641,92688;-228,049728;0,412103;0,108318;-0,012724;-0,904586;6,181627;559,597168;-68,84874;-0,339394;-0,026429;0,086152;-0,936318;148,249084;353,842102;-616,066345;-0,643702;0,586042;0,416062;-0,262859;323,754791;-75,835228;-155,382294
574;5,74;0,307212;0,147816;0,049545;-0,938785;141,293381;641,891724;-228,111267;0,412215;0,107593;-0,011491;-0,904638;6,292888;559,76355;-68,861526;-0,339385;-0,026584;0,086101;-0,936321;148,199493;353,841858;-616,10498;-0,643711;0,586057;0,416016;-0,262874;323,768982;-75,844727;-155,370636
575;5,75;0,307425;0,147814;0,050322;-0,938674;141,415237;641,900024;-228,174774;0,413157;0,106042;-0,00888;-0,904421;6,551918;560,044434;-68,965591;-0,339202;-0,02665;0,086198;-0,936377;148,116425;353,711334;-616,088928;-0,643706;0,586062;0,416019;-0,262873;323,77063;-75,845734;-155,369675
576;5,76;0,307727;0,147715;0,05009;-0,938603;141,384857;641,888489;-228,258728;0,413153;0,106983;-0,010154;-0,904299;6,401432;560,299011;-68,966835;-0,339265;-0,026475;0,086201;-0,936359;148,215652;353,729675;-616,057617;-0,643675;0,586146;0,415978;-0,262828;323,794556;-75,881142;-155,353302
577;5,77;0,308465;0,147285;0,049082;-0,938482;141,310516;641,842712;-228,454254;0,414016;0,107132;-0,010576;-0,903882;6,394514;560,502502;-69,084419;-0,339325;-0,026487;0,086057;-0,93635;148,287537;353,809601;-616,041077;-0,643672;0,586047;0,416147;-0,262786;323,767242;-75,835991;-155,393982
578;5,78;0,309225;0,146741;0,048148;-0,938365;141,33223;641,802063;-228,68808;0,415183;0,106221;-0,00927;-0,903468;6,615282;560,830383;-69,197701;-0,339234;-0,02655;0,086142;-0,936373;148,206589;353,738007;-616,041626;-0,643723;0,586089;0,415979;-0,262837;323,806396;-75,860413;-155,358673
579;5,79;0,309911;0,146515;0,047761;-0,938194;141,325272;641,780884;-228,903625;0,415788;0,106413;-0,009599;-0,903163;6,597431;561,231445;-69,279892;-0,339226;-0,026483;0,08626;-0,936367;148,188675;353,697296;-616,045593;-0,643684;0,586047;0,416102;-0,262829;323,776001;-75,837868;-155,391373
580;5,8;0,31121;0,146572;0,047978;-0,937744;141,293793;641,710449;-229,211746;0,417092;0,106652;-0,010091;-0,902529;6,559203;561,572327;-69,475639;-0,339299;-0,026619;0,086093;-0,936352;148,235229;353,81131;-616,083923;-0,643702;0,585983;0,416144;-0,262863;323,763519;-75,813454;-155,411072
581;5,81;0,312442;0,146492;0,048354;-0,937327;141,322998;641,655457;-229,507507;0,418242;0,106151;-0,009446;-0,902062;6,604659;561,866211;-69,608498;-0,339283;-0,026625;0,086086;-0,936359;148,234314;353,797699;-616,080933;-0,643712;0,586036;0,416063;-0,262847;323,785614;-75,836708;-155,382736
582;5,82;0,31323;0,146659;0,048683;-0,937021;141,299652;641,61853;-229,735672;0,419014;0,10627;-0,009981;-0,901684;6,572516;562,120789;-69,694756;-0,339271;-0,02657;0,08616;-0,936358;148,206528;353,761261;-616,063904;-0,64371;0,586098;0,415972;-0,262856;323,797638;-75,859604;-155,355835
583;5,83;0,314091;0,146685;0,049452;-0,936688;141,400864;641,599304;-229,995316;0,419806;0,106287;-0,010254;-0,90131;6,552368;562,268066;-69,806862;-0,339387;-0,026515;0,086094;-0,936323;148,250702;353,85083;-616,059692;-0,643713;0,586045;0,416057;-0,262835;323,783966;-75,836746;-155,373367
584;5,84;0,315532;0,147075;0,049344;-0,936148;141,50116;641,535461;-230,391113;0,419343;0,107072;-0,011584;-0,901417;6,423101;562,379822;-69,744911;-0,339328;-0,026658;0,085936;-0,936355;148,260513;353,859253;-616,061646;-0,643712;0,586115;0,415989;-0,262789;323,806915;-75,861748;-155,342789
585;5,85;0,316215;0,146347;0,04747;-0,936129;141,317734;641,493103;-230,585281;0,419843;0,107226;-0,011765;-0,901164;6,36212;562,430969;-69,826271;-0,339303;-0,026593;0,086087;-0,936352;148,185287;353,786987;-616,057068;-0,643718;0,586076;0,415992;-0,262854;323,792206;-75,853134;-155,356827
586;5,86;0,317136;0,145759;0,047159;-0,935925;141,363495;641,450745;-230,785675;0,420872;0,106802;-0,011079;-0,900743;6,418712;562,608459;-69,975601;-0,339343;-0,026514;0,086157;-0,936334;148,156433;353,79184;-616,075562;-0,643694;0,586094;0,416028;-0,262817;323,784729;-75,859047;-155,364502
587;5,87;0,316697;0,145592;0,047052;-0,936105;141,324402;641,492859;-230,762421;0,420824;0,106326;-0,010695;-0,900826;6,446311;562,767944;-69,952011;-0,339319;-0,026464;0,086152;-0,936344;148,174255;353,763031;-616,072266;-0,643731;0,586043;0,416001;-0,262885;323,778656;-75,838654;-155,375046
588;5,88;0,317261;0,14557;0,048096;-0,935864;141,438217;641,482361;-230,89032;0,421652;0,106586;-0,010963;-0,900405;6,42945;562,911682;-70,07283;-0,339319;-0,026693;0,086001;-0,936351;148,164871;353,839386;-616,106995;-0,643667;0,586129;0,416042;-0,262781;323,779297;-75,868759;-155,373917
589;5,89;0,317612;0,145481;0,047787;-0,935775;141,432053;641,449585;-231,005219;0,422129;0,10673;-0,011168;-0,900162;6,449855;563,010315;-70,145607;-0,339395;-0,026695;0,086064;-0,936318;148,131729;353,876343;-616,133911;-0,643685;0,586076;0,416058;-0,262831;323,769073;-75,852051;-155,393158
590;5,9;0,318116;0,145462;0,047474;-0,935623;141,408539;641,414307;-231,146713;0,422239;0,106569;-0,011177;-0,900129;6,468373;563,133423;-70,146301;-0,339214;-0,026556;0,086099;-0,936384;148,191147;353,719818;-616,072327;-0,64365;0,586053;0,416152;-0,26282;323,743134;-75,840729;-155,417084
591;5,91;0,31848;0,145597;0,047669;-0,935468;141,439438;641,399292;-231,239563;0,423091;0,106448;-0,010833;-0,899748;6,492779;563,233398;-70,264618;-0,339285;-0,026556;0,086089;-0,936359;148,209152;353,7724;-616,085205;-0,643678;0,586092;0,416055;-0,262817;323,772003;-75,85569;-155,389847
592;5,92;0,318472;0,14604;0,04804;-0,935382;141,50975;641,404602;-231,281311;0,423121;0,106725;-0,011159;-0,899697;6,486786;563,315552;-70,27404;-0,33928;-0,026535;0,086083;-0,936363;148,233887;353,773163;-616,069824;-0,643683;0,586038;0,416139;-0,262794;323,755341;-75,826591;-155,402176
593;5,93;0,318803;0,146182;0,047879;-0,935256;141,517929;641,386719;-231,37085;0,423453;0,106643;-0,011143;-0,89955;6,512105;563,38562;-70,296616;-0,339234;-0,026599;0,086096;-0,936376;148,215759;353,751434;-616,074829;-0,64367;0,586041;0,416142;-0,262813;323,759186;-75,831352;-155,403015
594;5,94;0,319034;0,146316;0,04783;-0,935158;141,512512;641,368652;-231,434189;0,42388;0,106483;-0,011017;-0,89937;6,544842;563,472168;-70,36393;-0,33932;-0,026679;0,085991;-0,936352;148,251801;353,849243;-616,105774;-0,643694;0,586091;0,416017;-0,26284;323,789337;-75,856834;-155,374283
595;5,95;0,319149;0,146779;0,048283;-0,935023;141,570724;641,359619;-231,498932;0,42398;0,106607;-0,01118;-0,899306;6,550134;563,55249;-70,385483;-0,339217;-0,026591;0,086033;-0,936388;148,286148;353,758881;-616,070251;-0,643705;0,586079;0,416023;-0,262833;323,78772;-75,847641;-155,374557
596;5,96;0,319493;0,147095;0,04803;-0,934869;141,557571;641,336914;-231,585541;0,424338;0,106748;-0,011268;-0,899119;6,546793;563,593018;-70,43512;-0,339297;-0,0265;0,086125;-0,936354;148,292664;353,777954;-616,077332;-0,643687;0,58607;0,416061;-0,262835;323,787872;-75,848183;-155,388535
597;5,97;0,319627;0,147077;0,047795;-0,934838;141,553406;641,318787;-231,640701;0,424495;0,106949;-0,011499;-0,899018;6,542042;563,671204;-70,463257;-0,339331;-0,026528;0,086044;-0,936348;148,328339;353,829681;-616,081543;-0,643702;0,586001;0,41611;-0,262873;323,759033;-75,81636;-155,410736
598;5,98;0,3199;0,147105;0,047746;-0,934743;141,574081;641,307129;-231,708679;0,424725;0,106811;-0,011278;-0,898929;6,569215;563,734619;-70,487968;-0,339288;-0,026524;0,086087;-0,93636;148,313614;353,793732;-616,073914;-0,643672;0,586088;0,416043;-0,262859;323,779236;-75,860153;-155,389816
599;5,99;0,320143;0,147265;0,047593;-0,934642;141,54808;641,28363;-231,788193;0,425017;0,106794;-0,011282;-0,898793;6,564499;563,799561;-70,52475;-0,339334;-0,026687;0,085992;-0,936347;148,30188;353,867462;-616,124207;-0,643682;0,586121;0,415993;-0,262842;323,796936;-75,873611;-155,371796
600;6;0,32052;0,147091;0,047539;-0,934543;141,536407;641,267334;-231,870407;0,425257;0,10692;-0,011415;-0,898663;6,539228;563,840942;-70,565063;-0,339267;-0,026693;0,086058;-0,936365;148,238068;353,806396;-616,110657;-0,643679;0,586101;0,41603;-0,262836;323,783508;-75,861298;-155,378662
601;6,01;0,320957;0,147003;0,047564;-0,934406;141,513824;641,247681;-231,972778;0,425674;0,106874;-0,011533;-0,898469;6,532465;563,920837;-70,607628;-0,339315;-0,026683;0,086038;-0,93635;148,250519;353,842651;-616,117676;-0,643665;0,586071;0,416084;-0,262851;323,767395;-75,851257;-155,398254
602;6,02;0,321236;0,147003;0,047241;-0,934326;141,495926;641,223877;-232,081314;0,426098;0,106732;-0,011419;-0,898286;6,56261;564,028442;-70,651833;-0,339298;-0,02666;0,086032;-0,936357;148,262863;353,824615;-616,105347;-0,6437;0,58604;0,416084;-0,262833;323,770142;-75,831902;-155,394394
603;6,03;0,321523;0,147367;0,047508;-0,934157;141,546906;641,216431;-232,198502;0,426735;0,106798;-0,011452;-0,897976;6,555289;564,165466;-70,73259;-0,339258;-0,026775;0,086036;-0,936368;148,203445;353,815125;-616,121765;-0,643643;0,586106;0,416098;-0,262806;323,768036;-75,862259;-155,394302
604;6,04;0,321703;0,14773;0,047766;-0,934024;141,578522;641,213013;-232,298843;0,427307;0,106993;-0,011674;-0,897678;6,5331;564,287781;-70,813599;-0,339305;-0,026607;0,086016;-0,936357;148,289291;353,824127;-616,097107;-0,643673;0,586035;0,416126;-0,262844;323,761566;-75,834938;-155,410889
605;6,05;0,322075;0,148031;0,04782;-0,933846;141,566589;641,189575;-232,43869;0,427895;0,10668;-0,011599;-0,897436;6,510322;564,385742;-70,885727;-0,339304;-0,026621;0,085956;-0,936363;148,318222;353,841614;-616,096985;-0,643694;0,585968;0,416158;-0,262891;323,746521;-75,808548;-155,42897
606;6,06;0,323399;0,147797;0,047958;-0,933418;141,649139;641,14325;-232,747253;0,42802;0,107133;-0,012816;-0,897306;6,406313;564,44989;-70,911964;-0,339382;-0,026716;0,085973;-0,936331;148,260712;353,896027;-616,128113;-0,643736;0,586003;0,416046;-0,26289;323,783325;-75,820862;-155,396881
607;6,07;0,324734;0,146975;0,04778;-0,933093;141,74437;641,099182;-233,101868;0,427824;0,107735;-0,014325;-0,897304;6,288535;564,442322;-70,895447;-0,339428;-0,026789;0,085815;-0,936326;148,31012;353,983337;-616,140991;-0,643669;0,586073;0,416083;-0,262838;323,774017;-75,84832;-155,395203
608;6,08;0,326258;0,146959;0,049157;-0,932493;141,810974;641,032349;-233,5;0,428062;0,108014;-0,015593;-0,897136;6,293695;564,559204;-70,896294;-0,339446;-0,02664;0,085921;-0,936314;148,302032;353,954926;-616,106201;-0,643686;0,586108;0,416016;-0,262824;323,798492;-75,862267;-155,364868
609;6,09;0,327223;0,147238;0,04958;-0,932088;141,826233;640,972168;-233,78447;0,428611;0,107421;-0,015192;-0,896952;6,408816;564,792419;-70,926666;-0,339411;-0,026818;0,085892;-0,936325;148,237534;353,951752;-616,132507;-0,643719;0,586024;0,416046;-0,262884;323,783295;-75,829437;-155,380066
610;6,1;0,327857;0,147363;0,049398;-0,931855;141,891617;640,938904;-234,00267;0,43012;0,107105;-0,015053;-0,896269;6,444469;565,097778;-71,170853;-0,339393;-0,026889;0,085851;-0,936333;148,252472;353,967926;-616,145447;-0,643716;0,586069;0,415995;-0,262869;323,7995;-75,847923;-155,365784
611;6,11;0,329262;0,14732;0,049061;-0,931384;141,96489;640,869019;-234,34613;0,431405;0,107787;-0,015959;-0,895554;6,289432;565,365784;-71,378578;-0,339426;-0,026745;0,085822;-0,936328;148,355835;353,982239;-616,122742;-0,643721;0,586103;0,415937;-0,262874;323,814789;-75,865685;-155,352264
612;6,12;0,330713;0,147335;0,047181;-0,930965;141,849854;640,758301;-234,757416;0,432795;0,108179;-0,016547;-0,894825;6,21735;565,650085;-71,565498;-0,339393;-0,026861;0,085799;-0,936338;148,306366;353,969757;-616,142944;-0,64369;0,586056;0,416059;-0,262863;323,77832;-75,84491;-155,388885
613;6,13;0,332054;0,146984;0,046108;-0,930597;141,769196;640,65863;-235,168365;0,434855;0,107598;-0,016239;-0,893902;6,349669;566,108826;-71,820023;-0,339396;-0,026968;0,085762;-0,936337;148,24675;353,99649;-616,162842;-0,643707;0,586066;0,416039;-0,262829;323,786255;-75,842323;-155,38327
614;6,14;0,333653;0,146914;0,046511;-0,930016;141,799362;640,565369;-235,608078;0,43613;0,107163;-0,015245;-0,89335;6,439621;566,552734;-72,00016;-0,339335;-0,026799;0,085869;-0,936355;148,260361;353,905487;-616,124146;-0,643682;0,586074;0,416057;-0,262844;323,780548;-75,851845;-155,390182
615;6,15;0,335019;0,147557;0,046809;-0,929407;141,827301;640,475647;-236,015167;0,438064;0,107919;-0,01624;-0,892295;6,287787;566,905273;-72,292053;-0,339427;-0,026735;0,085848;-0,936325;148,297592;353,958801;-616,130859;-0,643674;0,586087;0,416069;-0,262816;323,785126;-75,85556;-155,384201
616;6,16;0,336655;0,147882;0,046806;-0,928765;141,852463;640,384644;-236,446609;0,439953;0,108505;-0,017259;-0,891275;6,147036;567,237244;-72,551064;-0,339412;-0,026907;0,085769;-0,936333;148,248428;353,987762;-616,157532;-0,643718;0,586023;0,416054;-0,262874;323,781403;-75,829079;-155,387756
617;6,17;0,338457;0,146974;0,045568;-0,928315;141,827621;640,278809;-236,872101;0,441566;0,107895;-0,016695;-0,890561;6,283818;567,735107;-72,724373;-0,339342;-0,026968;0,085714;-0,936362;148,271667;353,957886;-616,155273;-0,6437;0,586046;0,416064;-0,262852;323,777435;-75,837219;-155,38353
618;6,18;0,339535;0,147326;0,044366;-0,927924;141,784042;640,174133;-237,264481;0,443569;0,107569;-0,015872;-0,88962;6,400381;568,318176;-72,978348;-0,339463;-0,027015;0,085724;-0,936316;148,244263;354,053497;-616,1875;-0,643713;0,586068;0,41601;-0,262857;323,789337;-75,844788;-155,36618
619;6,19;0,340967;0,147902;0,04459;-0,927296;141,79483;640,055908;-237,708405;0,444781;0,107365;-0,016287;-0,889032;6,408757;568,875244;-73,191437;-0,339415;-0,026973;0,085722;-0,936334;148,253799;354,015869;-616,165771;-0,643706;0,586066;0,416019;-0,262863;323,786926;-75,847313;-155,369598
620;6,2;0,342619;0,149079;0,045087;-0,926475;141,785172;639,942871;-238,164322;0,446423;0,1069;-0,015715;-0,888275;6,403183;569,449341;-73,461304;-0,339401;-0,026802;0,085803;-0,936337;148,309036;353,953857;-616,148804;-0,643681;0,586112;0,416021;-0,262818;323,794098;-75,866631;-155,363098
621;6,21;0,343658;0,149956;0,043849;-0,926007;141,726089;639,848938;-238,549194;0,447922;0,106313;-0,01569;-0,887591;6,46208;570,039856;-73,711067;-0,33938;-0,02687;0,085861;-0,936337;148,267532;353,944977;-616,174133;-0,643733;0,586067;0,415988;-0,262846;323,797241;-75,84201;-155,36557
622;6,22;0,345277;0,150062;0,043233;-0,925417;141,746902;639,730347;-239,010727;0,449589;0,106278;-0,015764;-0,886751;6,476031;570,496521;-73,951454;-0,339363;-0,026923;0,085759;-0,936351;148,288361;353,963898;-616,178528;-0,643687;0,586089;0,416048;-0,262812;323,791168;-75,854141;-155,383347
623;6,23;0,346584;0,150674;0,041919;-0,924889;141,715851;639,620361;-239,44281;0,451441;0,106481;-0,016506;-0,885771;6,466178;570,845032;-74,207054;-0,339432;-0,027066;0,085759;-0,936322;148,224716;354,027039;-616,229492;-0,643693;0,586017;0,416112;-0,262856;323,772278;-75,829018;-155,411087
624;6,24;0,347969;0,151314;0,041012;-0,924305;141,615234;639,484985;-239,868851;0,452942;0,106456;-0,016834;-0,885001;6,457736;571,244324;-74,448082;-0,339363;-0,027057;0,085738;-0,936349;148,248978;353,986847;-616,210449;-0,64368;0,58605;0,416117;-0,262809;323,779907;-75,835823;-155,402618
625;6,25;0,349569;0,151903;0,041984;-0,923561;141,667038;639,380615;-240,276077;0,45486;0,106393;-0,016491;-0,884031;6,499659;571,671326;-74,730133;-0,33934;-0,026947;0,085793;-0,936356;148,277069;353,940674;-616,188232;-0,643672;0,586088;0,41607;-0,262817;323,791962;-75,855576;-155,387283
626;6,26;0,350702;0,152119;0,042083;-0,923091;141,798264;639,314392;-240,637833;0,456104;0,106403;-0,016048;-0,883397;6,485788;572,108032;-74,899673;-0,339369;-0,027012;0,085734;-0,936349;148,27655;353,985474;-616,194458;-0,643712;0,58603;0,41606;-0,262863;323,790741;-75,832909;-155,389618
627;6,27;0,353159;0,151667;0,041414;-0,922259;141,986679;639,153748;-241,266815;0,456721;0,1072;-0,017039;-0,882963;6,34481;572,490723;-75,018089;-0,339421;-0,027107;0,085634;-0,936336;148,291916;354,063446;-616,203796;-0,643705;0,586002;0,416128;-0,262836;323,773346;-75,813858;-155,398254
628;6,28;0,353627;0,151472;0,040575;-0,922149;141,884827;639,10083;-241,511185;0,457685;0,106973;-0,017352;-0,882486;6,330546;572,904968;-75,157265;-0,339466;-0,026911;0,085744;-0,936316;148,302582;354,02887;-616,182922;-0,643724;0,58605;0,416029;-0,262841;323,793579;-75,834648;-155,366943
629;6,29;0,355438;0,152471;0,04188;-0,921229;141,912842;638,967285;-241,912613;0,459204;0,105434;-0,01516;-0,881922;6,543275;573,354248;-75,382797;-0,339303;-0,027219;0,085738;-0,936366;148,147308;353,975098;-616,220947;-0,643751;0,586049;0,415994;-0,262832;323,809387;-75,836914;-155,355133
630;6,3;0,356077;0,153589;0,042542;-0,920766;141,956161;638,927551;-242,144333;0,46055;0,105507;-0,015062;-0,881212;6,473587;573,898987;-75,605515;-0,339442;-0,02717;0,085691;-0,936322;148,19722;354,064453;-616,237183;-0,643708;0,586089;0,416008;-0,262827;323,797028;-75,848763;-155,358582
631;6,31;0,357187;0,15364;0,042072;-0,920349;141,947113;638,842285;-242,45787;0,461435;0,105497;-0,01512;-0,88075;6,380792;574,210999;-75,764381;-0,339392;-0,027153;0,085566;-0,936352;148,278625;354,061432;-616,209473;-0,64367;0,586124;0,416032;-0,262802;323,787445;-75,861305;-155,364868
632;6,32;0,358903;0,152489;0,039866;-0,919971;141,940109;638,692688;-242,904999;0,463384;0,105117;-0,01594;-0,879756;6,363148;574,444153;-76,057091;-0,339442;-0,027114;0,085713;-0,936321;148,187881;354,051758;-616,221924;-0,643718;0,586075;0,415977;-0,262882;323,78775;-75,849976;-155,365891
633;6,33;0,360125;0,15235;0,039829;-0,919518;141,964294;638,608521;-243,259842;0,464437;0,105527;-0,016936;-0,879134;6,275197;574,747192;-76,207321;-0,339379;-0,027293;0,085616;-0,936348;148,160187;354,052063;-616,246704;-0,643672;0,586104;0,416048;-0,262818;323,781372;-75,856903;-155,372955
634;6,34;0,361491;0,152883;0,040878;-0,918847;141,972565;638,518311;-243,590836;0,465715;0,105418;-0,016193;-0,878484;6,353096;575,012207;-76,399651;-0,33939;-0,027107;0,085602;-0,936351;148,247131;354,033417;-616,187561;-0,643694;0,586093;0,416008;-0,262849;323,786072;-75,853111;-155,362183
635;6,35;0,362609;0,153222;0,041365;-0,918328;141,960312;638,424194;-243,871536;0,467484;0,105442;-0,016385;-0,877538;6,409869;575,368652;-76,651634;-0,339488;-0,027177;0,085586;-0,936314;148,235138;354,117004;-616,224915;-0,64377;0,586076;0,415898;-0,262878;323,815735;-75,846184;-155,33432
636;6,36;0,363786;0,152801;0,040748;-0,91796;141,953445;638,339905;-244,152374;0,467916;0,105495;-0,016893;-0,877291;6,395125;575,573547;-76,71431;-0,339328;-0,027169;0,085672;-0,936365;148,187851;353,986938;-616,189026;-0,643796;0,586003;0,415937;-0,262912;323,807678;-75,81488;-155,347473
637;6,37;0,36459;0,153285;0,040488;-0,917572;141,963257;638,262634;-244,411697;0,469352;0,105809;-0,017167;-0,876481;6,377665;575,791382;-76,910995;-0,339433;-0,027124;0,08557;-0,936337;148,265549;354,078125;-616,188904;-0,643729;0,586051;0,416022;-0,262837;323,798492;-75,833664;-155,354675
638;6,38;0,364881;0,153679;0,040329;-0,917397;142,004456;638,232605;-244,571426;0,46996;0,105337;-0,016176;-0,87623;6,44765;575,974487;-77,003876;-0,339421;-0,027176;0,085565;-0,936341;148,257492;354,073151;-616,207397;-0,643727;0,586099;0,415985;-0,262792;323,813965;-75,853226;-155,335159
639;6,39;0,365149;0,154284;0,040362;-0,917188;142,047165;638,199097;-244,734955;0,470275;0,105193;-0,016142;-0,876079;6,426742;576,155334;-77,055489;-0,339317;-0,027161;0,085716;-0,936365;148,17276;353,970764;-616,190002;-0,643695;0,586127;0,415988;-0,262805;323,813202;-75,866882;-155,344208
640;6,4;0,365451;0,15451;0,039912;-0,917049;142,09726;638,165344;-244,86528;0,470879;0,105428;-0,016969;-0,875711;6,37274;576,320068;-77,179893;-0,339443;-0,027225;0,08559;-0,936329;148,221649;354,096527;-616,229919;-0,643704;0,586099;0,416003;-0,262821;323,80545;-75,853287;-155,356293
641;6,41;0,36573;0,154628;0,03979;-0,916923;142,107178;638,142273;-244,96228;0,470992;0,105209;-0,016468;-0,875686;6,389495;576,382568;-77,208878;-0,339318;-0,027093;0,085515;-0,936385;148,332916;353,996704;-616,177429;-0,643729;0,58606;0,416;-0,262853;323,803162;-75,839165;-155,363876
642;6,42;0,366075;0,154295;0,039454;-0,916856;142,088043;638,109863;-245,048416;0,471474;0,105341;-0,016784;-0,875405;6,399329;576,480652;-77,275421;-0,339354;-0,027115;0,08554;-0,936369;148,302994;354,020721;-616,200317;-0,643743;0,586059;0,415976;-0,262858;323,813416;-75,838295;-155,359512
643;6,43;0,366325;0,154144;0,039435;-0,916783;142,103622;638,090698;-245,104767;0,471413;0,105219;-0,016674;-0,875455;6,419799;576,488647;-77,26255;-0,339358;-0,027465;0,085518;-0,936359;148,160843;354,085999;-616,278442;-0,643701;0,58607;0,416041;-0,262831;323,800568;-75,845642;-155,368393
644;6,44;0,366479;0,154055;0,039341;-0,91674;142,117523;638,081055;-245,142609;0,471584;0,105057;-0,016732;-0,875381;6,446126;576,553955;-77,274956;-0,339343;-0,027181;0,085581;-0,936367;148,26622;354,020233;-616,213318;-0,643695;0,586084;0,416048;-0,262805;323,797241;-75,844604;-155,365662
645;6,45;0,366596;0,154081;0,039361;-0,916688;142,138962;638,075317;-245,172577;0,471731;0,104948;-0,016413;-0,875321;6,48107;576,552551;-77,311638;-0,339376;-0,027155;0,085633;-0,936351;148,273453;354,025177;-616,233398;-0,643712;0,586069;0,416022;-0,262837;323,800873;-75,843857;-155,363434
646;6,46;0,366701;0,154053;0,039437;-0,916648;142,170898;638,063721;-245,205246;0,471696;0,105263;-0,016724;-0,875296;6,455681;576,577332;-77,32634;-0,339265;-0,02727;0,085632;-0,936388;148,234589;353,968079;-616,236511;-0,643776;0,586058;0,415904;-0,262892;323,823517;-75,841682;-155,340042
647;6,47;0,366849;0,153996;0,039423;-0,916599;142,193787;638,052429;-245,248291;0,471864;0,105111;-0,01674;-0,875223;6,491274;576,590149;-77,328003;-0,339329;-0,027147;0,085622;-0,936369;148,303299;354,002716;-616,216125;-0,64374;0,586107;0,41593;-0,262832;323,830048;-75,859116;-155,341202
648;6,48;0,367183;0,153872;0,039207;-0,916495;142,205231;638,020874;-245,308136;0,471975;0,104858;-0,016378;-0,875201;6,54445;576,667236;-77,339668;-0,339363;-0,027144;0,085646;-0,936355;148,292542;354,024078;-616,224792;-0,643739;0,586103;0,415928;-0,262843;323,825439;-75,856346;-155,346481
649;6,49;0,367453;0,154067;0,039266;-0,916351;142,237518;638,001221;-245,377777;0,472451;0,104899;-0,016398;-0,874939;6,539937;576,760925;-77,418648;-0,339326;-0,027205;0,085723;-0,93636;148,240219;353,992371;-616,24646;-0,643723;0,586077;0,41599;-0,262845;323,817841;-75,850021;-155,366104
650;6,5;0,367837;0,154085;0,038921;-0,916209;142,227219;637,965515;-245,468277;0,47266;0,10508;-0,016473;-0,874803;6,52301;576,839783;-77,456017;-0,339319;-0,027221;0,085648;-0,936369;148,289871;354,007202;-616,25;-0,64369;0,586089;0,416038;-0,262823;323,80661;-75,855621;-155,37648
651;6,51;0,368159;0,154322;0,038583;-0,916054;142,229141;637,927429;-245,56073;0,473114;0,105044;-0,016352;-0,874564;6,551989;576,938293;-77,501137;-0,339278;-0,027106;0,085613;-0,93639;148,361252;353,977142;-616,191956;-0,643679;0,586083;0,416043;-0,262855;323,802216;-75,859756;-155,383942
652;6,52;0,368597;0,154686;0,038748;-0,915809;142,243652;637,892517;-245,662598;0,473589;0,10488;-0,016376;-0,874326;6,598581;577,032532;-77,543343;-0,339374;-0,027226;0,085696;-0,936344;148,260513;354,046143;-616,237854;-0,64367;0,586077;0,416074;-0,262839;323,78653;-75,84819;-155,382431
653;6,53;0,368954;0,155071;0,038703;-0,915603;142,232971;637,854126;-245,766846;0,473903;0,104955;-0,01633;-0,874147;6,599077;577,139954;-77,585602;-0,339302;-0,027215;0,085672;-0,936373;148,28154;354,003265;-616,20459;-0,643738;0,586056;0,41598;-0,26287;323,813232;-75,840302;-155,359573
654;6,54;0,369403;0,155594;0,038976;-0,915321;142,241272;637,809387;-245,893066;0,474571;0,105217;-0,016848;-0,873743;6,574561;577,243042;-77,695068;-0,33929;-0,027128;0,085698;-0,936377;148,317154;353,977478;-616,188049;-0,643646;0,586119;0,416067;-0,262817;323,802063;-75,874046;-155,371979
655;6,55;0,370032;0,156342;0,039653;-0,914911;142,278702;637,740112;-246,090683;0,474935;0,105011;-0,017254;-0,873563;6,514352;577,37738;-77,741234;-0,339289;-0,027301;0,085646;-0,936378;148,272659;354,012451;-616,225708;-0,643694;0,586087;0,416014;-0,262856;323,812622;-75,86087;-155,366074
656;6,56;0,370708;0,156765;0,040021;-0,914549;142,324936;637,677307;-246,289597;0,475607;0,104824;-0,017254;-0,873219;6,454651;577,599304;-77,839905;-0,339339;-0,027436;0,085565;-0,936363;148,251984;354,0849;-616,269348;-0,643701;0,58608;0,416052;-0,262792;323,81015;-75,845734;-155,367874
657;6,57;0,371417;0,157007;0,039805;-0,914229;142,319504;637,604492;-246,518402;0,476613;0,104392;-0,016192;-0,872743;6,488511;577,851074;-77,998772;-0,339396;-0,027245;0,085565;-0,936347;148,328278;354,09317;-616,244934;-0,643732;0,586091;0,415977;-0,262811;323,827759;-75,850769;-155,355545
658;6,58;0,372635;0,15759;0,038858;-0,913673;142,348938;637,487854;-246,943192;0,476818;0,104337;-0,016377;-0,872634;6,41959;578,058289;-78,080788;-0,339317;-0,027179;0,085584;-0,936376;148,342163;354,029968;-616,201782;-0,643748;0,586029;0,416;-0,262873;323,803772;-75,829056;-155,376114
659;6,59;0,375815;0,15835;0,037915;-0,912278;142,273483;637,186646;-247,783356;0,475633;0,10578;-0,019784;-0,873037;6,114379;578,426453;-78,064804;-0,339508;-0,027264;0,085505;-0,936312;148,324997;354,188324;-616,249329;-0,643683;0,586092;0,416045;-0,262823;323,804138;-75,859161;-155,379471
660;6,6;0,378824;0,157905;0,034394;-0,91125;141,856522;636,797241;-248,634064;0,47462;0,105675;-0,019443;-0,873608;6,156663;579,048828;-78,044327;-0,339593;-0,027429;0,085364;-0,936289;148,295395;354,295349;-616,299744;-0,643702;0,586099;0,415988;-0,262848;323,813599;-75,86306;-155,360611
661;6,61;0,380881;0,157792;0,033966;-0,910427;141,50206;636,530212;-249,145081;0,476108;0,103964;-0,016415;-0,873066;6,729478;579,937317;-78,232361;-0,339338;-0,027426;0,085487;-0,936371;148,199387;354,089447;-616,237366;-0,643699;0,586108;0,415982;-0,262847;323,809448;-75,866402;-155,351685
662;6,62;0,383181;0,158254;0,033902;-0,909383;141,51207;636,299561;-249,708267;0,477701;0,103395;-0,014833;-0,872291;7,053568;580,754822;-78,508331;-0,339342;-0,027367;0,08555;-0,936365;148,203583;354,062256;-616,210754;-0,643714;0,586114;0,41595;-0,262845;323,814331;-75,865891;-155,339722
663;6,63;0,384963;0,158628;0,031214;-0,908662;141,432343;636,06897;-250,297989;0,479947;0,103889;-0,015708;-0,870983;6,861413;581,316101;-78,939133;-0,339433;-0,027286;0,085485;-0,93634;148,302567;354,153046;-616,211426;-0,643728;0,58609;0,415963;-0,262847;323,808105;-75,852928;-155,348068
664;6,64;0,387574;0,159014;0,030373;-0,907512;141,393539;635,78949;-251,004639;0,482858;0,104269;-0,0167;-0,869309;6,692376;581,793091;-79,433914;-0,339487;-0,027272;0,085494;-0,93632;148,340714;354,182129;-616,252319;-0,643716;0,586045;0,41605;-0,262838;323,783783;-75,836342;-155,381073
665;6,65;0,390208;0,160039;0,03074;-0,90619;141,418503;635,512817;-251,755829;0,485027;0,103974;-0,016166;-0,868146;6,783747;582,480591;-79,802185;-0,339406;-0,027163;0,08546;-0,936356;148,413376;354,11261;-616,205688;-0,643718;0,586048;0,416032;-0,262855;323,783936;-75,839531;-155,382401
666;6,66;0,39266;0,160264;0,03058;-0,905096;141,380508;635,263184;-252,429184;0,487657;0,103401;-0,015754;-0,866748;6,95927;583,427246;-80,26281;-0,339488;-0,027264;0,085319;-0,936336;148,420898;354,226105;-616,218994;-0,643684;0,586102;0,416022;-0,262832;323,784241;-75,857277;-155,375244
667;6,67;0,395231;0,161148;0,030489;-0,903822;141,27095;634,993164;-253,054672;0,490183;0,102171;-0,014341;-0,865492;7,149305;584,179138;-80,686852;-0,339527;-0,02741;0,085099;-0,936338;148,458511;354,32785;-616,244263;-0,643684;0,586096;0,416029;-0,262836;323,790466;-75,8601;-155,374741
668;6,68;0,397952;0,16217;0,031349;-0,902415;141,114273;634,719238;-253,681305;0,492717;0,10251;-0,015075;-0,863999;6,981628;584,672424;-81,105293;-0,33955;-0,027328;0,084689;-0,936369;148,686432;354,429657;-616,186157;-0,643698;0,586084;0,416017;-0,262845;323,798431;-75,852074;-155,363235
669;6,69;0,400813;0,162547;0,032212;-0,901049;141,024231;634,47583;-254,301315;0,495172;0,103427;-0,017354;-0,862442;6,770791;585,071533;-81,507797;-0,339723;-0,02711;0,083942;-0,93638;149,144974;354,700073;-616,080383;-0,643715;0,586069;0,415991;-0,262879;323,803589;-75,845428;-155,357101
670;6,7;0,403683;0,164219;0,034469;-0,89938;141,077393;634,255432;-254,962799;0,497097;0,102136;-0,016411;-0,861506;6,86215;585,406555;-81,71254;-0,33985;-0,026945;0,083279;-0,936398;149,524689;354,929871;-615,974548;-0,643694;0,586082;0,416031;-0,262838;323,805878;-75,854111;-155,356339
671;6,71;0,406212;0,16741;0,039367;-0,897449;141,177185;634,031067;-255,547943;0,498554;0,103201;-0,018969;-0,860484;6,67976;585,92572;-81,927971;-0,339933;-0,026996;0,082533;-0,936432;149,847443;355,205353;-615,902649;-0,643733;0,586062;0,415984;-0,262861;323,807404;-75,841728;-155,348526
672;6,72;0,40823;0,168103;0,041609;-0,896303;141,140564;633,876465;-256,018768;0,500709;0,103258;-0,018739;-0,859231;6,727829;586,439209;-82,371613;-0,340086;-0,026594;0,081869;-0,936446;150,362946;355,410553;-615,769165;-0,643722;0,586069;0,415998;-0,262853;323,799774;-75,843651;-155,356827
673;6,73;0,410192;0,170231;0,044601;-0,89486;141,154846;633,685791;-256,522186;0,502838;0,102082;-0,017266;-0,858158;6,975275;586,999817;-82,754631;-0,340068;-0,026237;0,081208;-0,936521;150,871338;355,516754;-615,655273;-0,64371;0,586115;0,415978;-0,262809;323,801697;-75,862595;-155,35257
674;6,74;0,41256;0,170454;0,046173;-0,893649;141,092239;633,519897;-256,967377;0,504083;0,10219;-0,018458;-0,85739;6,893612;587,505981;-82,976479;-0,340198;-0,026242;0,080826;-0,936506;151,029419;355,71167;-615,637573;-0,643673;0,586072;0,416112;-0,262786;323,761353;-75,841515;-155,394135
675;6,75;0,417828;0,17183;0,055427;-0,890405;140,833649;633,330933;-257,242035;0,506034;0,10219;-0,01934;-0,85622;6,889734;587,883423;-83,306671;-0,339628;-0,027241;0,083862;-0,936418;149,057175;354,705292;-616,065735;-0,64367;0,586069;0,416096;-0,262824;323,752014;-75,841774;-155,401596
676;6,76;0,420774;0,174969;0,062263;-0,887952;140,734787;633,155945;-257,584686;0,507945;0,101346;-0,018385;-0,855209;7,038231;588,296448;-83,597687;-0,339354;-0,02731;0,085068;-0,936406;148,438614;354,209412;-616,170044;-0,643676;0,586055;0,416103;-0,262829;323,755981;-75,841461;-155,402283
677;6,77;0,41436;0,172705;0,037507;-0,892789;141,375076;632,860291;-258,393524;0,508904;0,101353;-0,018398;-0,854638;7,022196;588,71991;-83,797531;-0,339149;-0,027467;0,085206;-0,936463;148,305389;354,050293;-616,181702;-0,643656;0,586112;0,41607;-0,262805;323,766022;-75,864258;-155,380814
678;6,78;0,412968;0,173665;0,029982;-0,893532;141,720123;632,63092;-258,93042;0,510588;0,101468;-0,019042;-0,853605;6,945385;589,105103;-84,108475;-0,339241;-0,027672;0,085129;-0,936431;148,254547;354,173309;-616,221069;-0,643729;0,586057;0,416017;-0,262831;323,790894;-75,838768;-155,365784
679;6,79;0,413992;0,174624;0,031225;-0,892828;141,845322;632,523804;-259,214172;0,511;0,101408;-0,018529;-0,853377;6,940839;589,504211;-84,219666;-0,339394;-0,027392;0,084928;-0,936402;148,489929;354,280304;-616,161133;-0,643703;0,586034;0,416071;-0,26286;323,778534;-75,836807;-155,382187
680;6,8;0,414741;0,174518;0,031293;-0,892499;141,832413;632,43988;-259,425903;0,512117;0,101501;-0,01777;-0,852712;6,965023;589,854126;-84,457535;-0,339332;-0,027328;0,085055;-0,936415;148,447098;354,204376;-616,14502;-0,643749;0,586013;0,416011;-0,262889;323,787476;-75,820732;-155,368866
681;6,81;0,415186;0,166119;0,022002;-0,894171;141,51326;632,454163;-259,517914;0,513593;0,101667;-0,018406;-0,851791;6,974705;590,07135;-84,724937;-0,339245;-0,027483;0,08526;-0,936423;148,267593;354,123108;-616,186829;-0,643749;0,58604;0,415969;-0,262895;323,800232;-75,834564;-155,359512
682;6,82;0,415653;0,162967;0,018418;-0,894614;141,40387;632,407104;-259,666534;0,513533;0,101436;-0,018439;-0,851853;7,000796;590,216064;-84,694267;-0,339163;-0,027403;0,085068;-0,936473;148,43544;354,085907;-616,143127;-0,643708;0,586046;0,41606;-0,262839;323,790314;-75,838409;-155,37915
683;6,83;0,415982;0,16303;0,018491;-0,894449;141,402878;632,356567;-259,784973;0,514637;0,10154;-0,018379;-0,851176;7,038865;590,345032;-84,867638;-0,33936;-0,027435;0,084963;-0,93641;148,474518;354,262878;-616,183167;-0,64371;0,586073;0,416038;-0,262809;323,796539;-75,840019;-155,372482
684;6,84;0,416238;0,16315;0,018374;-0,89431;141,456192;632,331421;-259,886353;0,515153;0,101585;-0,018237;-0,850861;7,056868;590,456482;-84,985695;-0,339273;-0,02757;0,085221;-0,936414;148,278519;354,172852;-616,218445;-0,643712;0,586046;0,416041;-0,262858;323,785675;-75,834908;-155,391373
685;6,85;0,416416;0,163106;0,017762;-0,894248;141,463364;632,300171;-259,982666;0,515026;0,101447;-0,018492;-0,85095;7,040904;590,519104;-84,973114;-0,339036;-0,027456;0,085143;-0,93651;148,407501;353,992798;-616,154358;-0,643684;0,586052;0,416093;-0,262831;323,776184;-75,840202;-155,402542
686;6,86;0,416449;0,163145;0,017567;-0,894229;141,438004;632,282288;-260,028778;0,515704;0,10166;-0,018427;-0,850515;7,043186;590,533691;-85,077774;-0,339212;-0,027469;0,084974;-0,936462;148,482407;354,155579;-616,19281;-0,643722;0,586078;0,415975;-0,26287;323,795044;-75,84848;-155,377304
687;6,87;0,416427;0,16331;0,018041;-0,8942;141,488678;632,294739;-260,028046;0,515396;0,101498;-0,018315;-0,850723;7,051165;590,563843;-85,025017;-0,339222;-0,027583;0,085132;-0,93644;148,314484;354,149628;-616,217529;-0,643671;0,586105;0,416036;-0,262834;323,782318;-75,859756;-155,386032
688;6,88;0,416293;0,163288;0,018133;-0,894264;141,531525;632,316956;-260,016785;0,515387;0,101364;-0,018269;-0,850746;7,059501;590,546082;-85,000572;-0,33918;-0,027506;0,08518;-0,936453;148,324493;354,091766;-616,19342;-0,643696;0,586092;0,41602;-0,262829;323,790283;-75,855125;-155,378845
689;6,89;0,416205;0,163476;0,018377;-0,894266;141,521194;632,338074;-259,99704;0,51551;0,101681;-0,018556;-0,850627;7,023913;590,53009;-85,051758;-0,339175;-0,027418;0,085059;-0,936469;148,43573;354,101074;-616,168945;-0,643728;0,58605;0,416024;-0,262838;323,785553;-75,831863;-155,380142
690;6,9;0,416223;0,163434;0,018454;-0,894264;141,541687;632,33905;-259,999939;0,515282;0,10165;-0,018612;-0,850767;7,002865;590,521606;-85,023941;-0,339135;-0,027404;0,085144;-0,936476;148,392075;354,051575;-616,170105;-0,643687;0,586056;0,416088;-0,262823;323,767944;-75,834351;-155,394791
691;6,91;0,416277;0,163544;0,018459;-0,894218;141,563614;632,326538;-260,004181;0,515446;0,101519;-0,018361;-0,850689;7,036025;590,525269;-85,021965;-0,339259;-0,027401;0,085221;-0,936424;148,354523;354,117401;-616,198486;-0,64371;0,586068;0,416023;-0,262843;323,789642;-75,845795;-155,38205
692;6,92;0,416403;0,163573;0,018221;-0,894159;141,549728;632,30127;-260,035156;0,515444;0,101533;-0,018307;-0,85069;7,049987;590,564209;-85,027054;-0,339228;-0,02747;0,085053;-0,936449;148,422729;354,159576;-616,184448;-0,643747;0,586034;0,415996;-0,262871;323,793762;-75,829659;-155,383118
693;6,93;0,416416;0,163544;0,018092;-0,894161;141,568527;632,287109;-260,073181;0,515606;0,101402;-0,018155;-0,850611;7,067134;590,586121;-85,044312;-0,339162;-0,027383;0,085121;-0,936469;148,448822;354,08075;-616,167603;-0,643709;0,586072;0,416028;-0,262829;323,795959;-75,845215;-155,383118
694;6,94;0,416539;0,163719;0,017902;-0,894075;141,578384;632,262207;-260,111389;0,515736;0,101536;-0,01822;-0,850515;7,065358;590,611084;-85,082184;-0,339173;-0,027391;0,085252;-0,936453;148,384048;354,06076;-616,181824;-0,643708;0,586087;0,416011;-0,262824;323,800385;-75,853264;-155,376648
695;6,95;0,416646;0,163917;0,017871;-0,89399;141,623978;632,244934;-260,154846;0,516014;0,101587;-0,018262;-0,850339;7,066749;590,654724;-85,13047;-0,339198;-0,027376;0,085092;-0,936458;148,486649;354,125854;-616,161011;-0,643691;0,586087;0,416012;-0,262865;323,792725;-75,859077;-155,381851
696;6,96;0,416742;0,163949;0,017989;-0,893937;141,684952;632,241333;-260,199921;0,516266;0,101305;-0,018286;-0,850219;7,105875;590,721558;-85,135223;-0,339171;-0,027272;0,085169;-0,936464;148,492813;354,072571;-616,124146;-0,643705;0,586106;0,415976;-0,262846;323,80719;-75,863701;-155,365463
697;6,97;0,416969;0,163939;0,018016;-0,893832;141,747375;632,222168;-260,265961;0,516557;0,101128;-0,01821;-0,850065;7,14948;590,803955;-85,175827;-0,339153;-0,027366;0,085242;-0,936461;148,4104;354,060181;-616,139832;-0,643649;0,586062;0,416147;-0,262809;323,760345;-75,841011;-155,405853
698;6,98;0,41715;0,164114;0,017998;-0,893716;141,785034;632,202087;-260,337769;0,517174;0,101268;-0,018582;-0,849665;7,150793;590,883606;-85,291313;-0,339177;-0,027401;0,085173;-0,936458;148,441406;354,101349;-616,154663;-0,643659;0,586094;0,416071;-0,262834;323,776855;-75,856049;-155,388565
699;6,99;0,417383;0,164271;0,017959;-0,89358;141,801727;632,178711;-260,412994;0,517309;0,101249;-0,018925;-0,849578;7,118939;590,936768;-85,309105;-0,33917;-0,027288;0,085033;-0,936477;148,571579;354,099304;-616,114014;-0,643698;0,586095;0,416006;-0,26284;323,798889;-75,857895;-155,369751
700;7;0,425352;0,1673;0,041298;-0,888471;141,174728;632,320007;-260,016663;0,51773;0,101178;-0,018913;-0,84933;7,131753;591,014526;-85,375504;-0,339186;-0,02735;0,085177;-0,936456;148,437851;354,084503;-616,138428;-0,64372;0,586065;0,416005;-0,262854;323,799683;-75,845245;-155,372879
701;7,01;0,428294;0,168351;0,049539;-0,886436;140,930023;632,357727;-259,903442;0,518133;0,101115;-0,01871;-0,849096;7,159008;591,087219;-85,431976;-0,339179;-0,027442;0,085182;-0,936456;148,381836;354,099518;-616,156799;-0,643682;0,586089;0,416053;-0,262818;323,794983;-75,857056;-155,378433
702;7,02;0,428309;0,168273;0,048897;-0,886479;140,948471;632,333618;-259,962128;0,518068;0,101118;-0,01872;-0,849135;7,139609;591,114746;-85,425537;-0,33918;-0,027399;0,085115;-0,936462;148,44075;354,098358;-616,148743;-0,643708;0,586032;0,416071;-0,262852;323,780243;-75,833725;-155,388382
703;7,03;0,428285;0,168222;0,048515;-0,886521;140,976364;632,32251;-260,005463;0,518358;0,101524;-0,019305;-0,848896;7,103436;591,113342;-85,490334;-0,339191;-0,027276;0,085159;-0,936458;148,462921;354,078461;-616,122375;-0,643689;0,586054;0,416079;-0,262835;323,767731;-75,838524;-155,387268
704;7,04;0,428297;0,168306;0,048537;-0,886498;140,996887;632,320007;-260,03064;0,518297;0,101323;-0,019145;-0,848961;7,12386;591,136963;-85,485474;-0,339128;-0,027357;0,085241;-0,936471;148,389694;354,030487;-616,137329;-0,643713;0,586031;0,416056;-0,262865;323,758911;-75,82518;-155,387283
705;7,05;0,428237;0,168316;0,048318;-0,886537;141,022751;632,314758;-260,041656;0,518317;0,101018;-0,018645;-0,848997;7,177742;591,16864;-85,474716;-0,339158;-0,027393;0,085115;-0,936471;148,466141;354,085266;-616,151855;-0,64368;0,586002;0,416146;-0,262869;323,735901;-75,819916;-155,413391
706;7,06;0,428243;0,168274;0,048461;-0,886535;141,044983;632,32074;-260,044342;0,518446;0,101114;-0,018771;-0,848904;7,181082;591,163086;-85,497871;-0,339176;-0,027261;0,085178;-0,936462;148,480194;354,070007;-616,119019;-0,64366;0,586049;0,416124;-0,262848;323,751434;-75,841652;-155,407135
707;7,07;0,428294;0,168462;0,049098;-0,886439;141,078339;632,327881;-260,053833;0,518253;0,101262;-0,019081;-0,848997;7,145305;591,151733;-85,483337;-0,339133;-0,027433;0,08515;-0,936475;148,428131;354,068939;-616,159241;-0,643687;0,586103;0,416009;-0,262845;323,789581;-75,865067;-155,375732
708;7,08;0,42829;0,168492;0,04892;-0,886445;141,080185;632,321899;-260,068909;0,518423;0,101131;-0,019042;-0,84891;7,163163;591,14801;-85,504623;-0,339145;-0,027271;0,085198;-0,936471;148,475754;354,036591;-616,129578;-0,643674;0,586064;0,416102;-0,262817;323,768066;-75,842514;-155,395584
709;7,09;0,428244;0,168344;0,048046;-0,886544;141,048447;632,29895;-260,102966;0,518445;0,10114;-0,018837;-0,8489;7,178362;591,177002;-85,516075;-0,339165;-0,027228;0,085115;-0,936473;148,545593;354,06308;-616,120544;-0,643679;0,58606;0,416101;-0,262812;323,774567;-75,836761;-155,394531
710;7,1;0,425289;0,167398;0,039928;-0,888546;141,211426;632,239746;-260,323822;0,518452;0,101176;-0,01895;-0,848889;7,170451;591,185181;-85,506233;-0,339136;-0,027351;0,085189;-0,936473;148,451813;354,043762;-616,144836;-0,643722;0,586024;0,416064;-0,262848;323,786926;-75,821785;-155,39122
711;7,11;0,424129;0,166964;0,036281;-0,889338;141,25119;632,191101;-260,444916;0,518622;0,101203;-0,019132;-0,848778;7,167283;591,202698;-85,532188;-0,339176;-0,027234;0,085172;-0,936463;148,511307;354,056091;-616,118286;-0,643721;0,586047;0,416015;-0,262876;323,797577;-75,839211;-155,38092
712;7,12;0,424178;0,166684;0,035253;-0,889408;141,238235;632,157593;-260,503693;0,518759;0,101193;-0,019138;-0,848695;7,163968;591,260132;-85,575645;-0,339141;-0,027326;0,085149;-0,936476;148,496002;354,059631;-616,131897;-0,643692;0,58608;0,416027;-0,262854;323,805573;-75,856819;-155,378998
713;7,13;0,420653;0,16504;0,022076;-0,89181;141,623245;631,999573;-260,79837;0,51901;0,101177;-0,019222;-0,848542;7,17941;591,316101;-85,61319;-0,339117;-0,027418;0,085141;-0,936482;148,475296;354,058899;-616,152039;-0,643704;0,586057;0,416036;-0,262862;323,798737;-75,846855;-155,382217
714;7,14;0,41939;0,164431;0,017122;-0,892626;141,822571;631,930664;-260,948425;0,519199;0,101193;-0,019378;-0,84842;7,189266;591,377441;-85,641396;-0,339173;-0,027304;0,085198;-0,93646;148,477173;354,068909;-616,130066;-0,643697;0,586076;0,416039;-0,262831;323,790192;-75,849289;-155,374573
715;7,15;0,419604;0,164258;0,017411;-0,892552;141,89711;631,92865;-261,008514;0,51962;0,101168;-0,019374;-0,848166;7,199489;591,463745;-85,711678;-0,339155;-0,027247;0,0851;-0,936477;148,550446;354,081268;-616,095276;-0,643706;0,586071;0,416026;-0,262842;323,790588;-75,84626;-155,372177
716;7,16;0,419815;0,164413;0,01803;-0,892412;141,970093;631,931763;-261,071136;0,520089;0,100999;-0,019136;-0,847903;7,202755;591,56427;-85,79126;-0,339132;-0,027276;0,085155;-0,93648;148,522873;354,051392;-616,113281;-0,643674;0,586073;0,416073;-0,26284;323,773499;-75,849159;-155,386124
717;7,17;0,420122;0,16441;0,018069;-0,892267;142,023499;631,916626;-261,169128;0,520479;0,100914;-0,019422;-0,847668;7,192801;591,659912;-85,871712;-0,339099;-0,02727;0,085277;-0,936481;148,444443;353,993805;-616,113342;-0,643707;0,586057;0,416045;-0,262842;323,783112;-75,839386;-155,379929
718;7,18;0,420522;0,164392;0,017759;-0,892088;142,013611;631,872742;-261,290131;0,521101;0,100956;-0,0198;-0,847272;7,175497;591,767578;-85,969749;-0,339118;-0,027276;0,085135;-0,936487;148,512283;354,035065;-616,118408;-0,64368;0,586047;0,416095;-0,262851;323,767609;-75,837234;-155,396973
719;7,19;0,420975;0,164241;0,017228;-0,891913;141,982986;631,803345;-261,434052;0,521559;0,100744;-0,020084;-0,847009;7,208766;591,910461;-86,048111;-0,339156;-0,027316;0,085089;-0,936476;148,514801;354,071747;-616,137817;-0,643707;0,58606;0,416031;-0,262856;323,78833;-75,84079;-155,384872
720;7,2;0,421496;0,163891;0,016564;-0,891744;141,978088;631,729126;-261,597015;0,522301;0,100663;-0,020277;-0,846556;7,230556;592,059082;-86,172356;-0,339138;-0,027381;0,085089;-0,93648;148,476181;354,067993;-616,149536;-0,643674;0,586124;0,416023;-0,262806;323,806671;-75,867989;-155,37587
721;7,21;0,422014;0,163618;0,0161;-0,891557;141,998871;631,668945;-261,753479;0,523022;0,100595;-0,020509;-0,846113;7,224098;592,187378;-86,294807;-0,33911;-0,027365;0,085139;-0,936487;148,456619;354,031586;-616,147705;-0,643674;0,586097;0,416047;-0,262829;323,799133;-75,859192;-155,385498
722;7,22;0,422542;0,163307;0,015548;-0,891374;142,027603;631,599365;-261,911163;0,523545;0,100435;-0,020708;-0,845804;7,240777;592,320923;-86,384666;-0,339107;-0,027284;0,085091;-0,936494;148,52771;354,027161;-616,124573;-0,643686;0,586103;0,416026;-0,262818;323,806488;-75,860672;-155,377594
723;7,23;0,423023;0,163807;0,015732;-0,891051;142,04689;631,521973;-262,072815;0,52427;0,100216;-0,020577;-0,845384;7,279547;592,4776;-86,490112;-0,339125;-0,027295;0,085111;-0,936486;148,517319;354,043152;-616,12915;-0,643708;0,586076;0,416003;-0,262861;323,803009;-75,85067;-155,376801
724;7,24;0,423363;0,164256;0,015623;-0,890808;142,069092;631,457336;-262,220825;0,524855;0,100088;-0,02049;-0,845039;7,303312;592,627747;-86,576088;-0,339123;-0,027379;0,085088;-0,936486;148,496872;354,062958;-616,141846;-0,64372;0,586089;0,415967;-0,262861;323,811981;-75,855904;-155,367554
725;7,25;0,423548;0,164455;0,016097;-0,890676;142,12291;631,43866;-262,323669;0,52552;0,100102;-0,020512;-0,844623;7,317624;592,763611;-86,676956;-0,339128;-0,027168;0,085157;-0,936484;148,555344;354,018311;-616,091492;-0,643701;0,586067;0,416039;-0,262841;323,795288;-75,846428;-155,381165
726;7,26;0,42346;0,164258;0,016703;-0,890742;142,261108;631,497559;-262,352814;0,52626;0,100285;-0,020641;-0,844137;7,318573;592,905457;-86,80732;-0,339137;-0,027203;0,085084;-0,936486;148,585495;354,048798;-616,098022;-0,64369;0,586043;0,416085;-0,262851;323,775482;-75,832672;-155,395081
727;7,27;0,42343;0,163998;0,017359;-0,890792;142,46788;631,562622;-262,394562;0,526892;0,100139;-0,020758;-0,843757;7,339216;593,062012;-86,91684;-0,339098;-0,027383;0,085164;-0,936488;148,45401;354,02887;-616,144836;-0,643709;0,586041;0,416056;-0,262854;323,789642;-75,832291;-155,390503
728;7,28;0,424019;0,164134;0,018616;-0,890462;142,692566;631,548157;-262,53717;0,527594;0,09992;-0,020779;-0,843344;7,365881;593,197021;-87,021812;-0,33909;-0,027331;0,085112;-0,936497;148,492538;354,024628;-616,123169;-0,643705;0,586065;0,416028;-0,262855;323,799072;-75,844887;-155,383438
729;7,29;0,425106;0,163863;0,019675;-0,88997;142,865921;631,483704;-262,7323;0,52819;0,099935;-0,020918;-0,842966;7,375823;593,321655;-87,128601;-0,33908;-0,027272;0,085092;-0,936504;148,533981;354,017609;-616,107971;-0,643725;0,586061;0,416002;-0,262856;323,808197;-75,842003;-155,379288
730;7,3;0,42501;0,164042;0,019842;-0,889979;142,874725;631,513367;-262,771606;0,528922;0,099899;-0,020982;-0,842509;7,388572;593,452026;-87,241692;-0,339085;-0,027374;0,085138;-0,936496;148,466919;354,023254;-616,144653;-0,643716;0,586044;0,416025;-0,262879;323,799744;-75,83992;-155,393829
731;7,31;0,424286;0,164373;0,019947;-0,890261;142,828079;631,590881;-262,745087;0,529663;0,099854;-0,020733;-0,842055;7,403189;593,607056;-87,354301;-0,339121;-0,027327;0,085132;-0,936484;148,497345;354,039246;-616,148132;-0,643737;0,586054;0,41598;-0,262875;323,811279;-75,842575;-155,380554
732;7,32;0,424129;0,16454;0,019956;-0,890305;142,760239;631,613098;-262,786285;0,530344;0,099885;-0,020944;-0,841617;7,421257;593,773193;-87,465874;-0,339085;-0,027302;0,085129;-0,936498;148,51535;354,015991;-616,130371;-0,643696;0,586137;0,415967;-0,262812;323,823425;-75,875038;-155,364929
733;7,33;0,424669;0,164573;0,019968;-0,890041;142,666107;631,538452;-262,931671;0,531063;0,09983;-0,020997;-0,841169;7,434878;593,935913;-87,578293;-0,339075;-0,027329;0,085122;-0,936502;148,503586;354,013489;-616,131042;-0,643703;0,586078;0,416018;-0,262847;323,802399;-75,85302;-155,382584
734;7,34;0,425421;0,164712;0,019462;-0,889668;142,571121;631,408569;-263,152222;0,531533;0,099663;-0,020926;-0,840894;7,435855;594,137268;-87,681358;-0,339087;-0,027405;0,085151;-0,936493;148,44838;354,031494;-616,142212;-0,643719;0,586027;0,416039;-0,262888;323,786682;-75,832817;-155,392319
735;7,35;0,426064;0,164593;0,017468;-0,889423;142,322861;631,312317;-263,542542;0,530407;0,10065;-0,021961;-0,841461;7,302103;594,404846;-87,741051;-0,339171;-0,02733;0,085015;-0,936477;148,55011;354,110352;-616,100525;-0,643699;0,586094;0,415999;-0,262849;323,799408;-75,857307;-155,372025
736;7,36;0,426521;0,164645;0,014282;-0,889251;141,801529;631,082581;-263,820526;0,529567;0,101169;-0,023239;-0,841893;7,271029;595,127686;-87,81147;-0,339128;-0,027668;0,085019;-0,936482;148,371704;354,142731;-616,184265;-0,643723;0,586107;0,415943;-0,26285;323,821625;-75,864899;-155,352936
737;7,37;0,426449;0,165076;0,01183;-0,889242;141,391312;630,926575;-263,970428;0,531243;0,098828;-0,01665;-0,841271;7,876406;595,911316;-88,245468;-0,339067;-0,027508;0,085316;-0,936482;148,273544;353,969757;-616,18042;-0,643707;0,586106;0,415977;-0,262839;323,807343;-75,864685;-155,355362
738;7,38;0,42716;0,164912;0,011392;-0,888937;141,34491;630,85199;-264,157593;0,532183;0,098428;-0,014763;-0,840759;8,122396;596,568604;-88,531258;-0,338989;-0,02697;0,085356;-0,936522;148,517853;353,838226;-616,050049;-0,643666;0,58612;0,416045;-0,262801;323,797119;-75,869034;-155,370865
739;7,39;0,426324;0,162846;0,007148;-0,889763;141,944611;630,759338;-264,589874;0,531928;0,099613;-0,017591;-0,840726;7,893244;596,856445;-88,575661;-0,339177;-0,027275;0,085078;-0,936471;148,539047;354,092773;-616,131042;-0,643679;0,58604;0,416146;-0,262787;323,77356;-75,829773;-155,404312
740;7,4;0,429929;0,162355;0,013754;-0,888038;142,566635;630,713745;-264,814941;0,534039;0,099148;-0,017134;-0,839451;7,996777;596,983643;-88,89695;-0,339203;-0,027675;0,085073;-0,93645;148,341553;354,162781;-616,228088;-0,643712;0,58604;0,416064;-0,262835;323,780823;-75,833191;-155,39537
741;7,41;0,432755;0,161312;0,019706;-0,886743;143,230591;630,71814;-265,011261;0,53417;0,09816;-0,015469;-0,839516;8,229633;597,359192;-88,960472;-0,339071;-0,027409;0,085155;-0,936498;148,434158;354,009033;-616,162537;-0,643673;0,586084;0,416066;-0,26283;323,777618;-75,856277;-155,392776
742;7,42;0,433733;0,16015;0,022254;-0,886416;143,791122;630,766479;-265,16394;0,534408;0,09839;-0,015434;-0,839339;8,307084;597,714783;-89,111221;-0,339088;-0,027146;0,085195;-0,936496;148,532608;353,97821;-616,090454;-0,643686;0,586094;0,416032;-0,262829;323,791534;-75,858147;-155,380173
743;7,43;0,433758;0,159887;0,023616;-0,886416;144,102127;630,864746;-265,178802;0,535903;0,098327;-0,01576;-0,838386;8,332608;597,972534;-89,400269;-0,339191;-0,027438;0,085143;-0,936455;148,401688;354,111084;-616,15979;-0,643698;0,586102;0,415987;-0,262854;323,796265;-75,863556;-155,370102
744;7,44;0,428814;0,159111;0,014252;-0,889157;144,343765;630,96521;-265,275238;0,535338;0,097817;-0,014454;-0,83883;8,419531;598,204895;-89,31337;-0,339077;-0,027305;0,085209;-0,936494;148,421799;353,990784;-616,111633;-0,643711;0,58606;0,416015;-0,262873;323,789429;-75,844711;-155,374344
745;7,45;0,425717;0,159206;0,010412;-0,89068;144,106659;631,164307;-265,074768;0,536376;0,097891;-0,014728;-0,838153;8,459393;598,365967;-89,520836;-0,339107;-0,027185;0,085232;-0,936484;148,486694;353,993591;-616,085754;-0,643693;0,586106;0,416006;-0,262826;323,802307;-75,859772;-155,362366
746;7,46;0,426828;0,161715;0,016831;-0,889597;143,438171;631,405701;-264,593475;0,536565;0,097865;-0,014597;-0,838038;8,503337;598,410278;-89,565041;-0,339142;-0,027383;0,085185;-0,93647;148,416611;354,056458;-616,134644;-0,643717;0,586044;0,416046;-0,262844;323,787323;-75,833008;-155,375916
747;7,47;0,427039;0,162879;0,017805;-0,889265;142,93425;631,460449;-264,399292;0,535928;0,09781;-0,014468;-0,838454;8,510502;598,452637;-89,465363;-0,338956;-0,027398;0,085257;-0,936531;148,369904;353,904602;-616,116028;-0,643736;0,58603;0,416034;-0,262848;323,79361;-75,828522;-155,378815
748;7,48;0,426948;0,16279;0,016094;-0,889357;142,710083;631,413452;-264,409821;0,536873;0,097747;-0,015022;-0,837847;8,473386;598,414612;-89,637215;-0,339213;-0,027112;0,085156;-0,936455;148,56543;354,075897;-616,103271;-0,643744;0,586046;0,415977;-0,262884;323,803131;-75,837189;-155,377686
749;7,49;0,42682;0,163021;0,016769;-0,889363;142,788239;631,438293;-264,402802;0,536144;0,097828;-0,014875;-0,838307;8,466236;598,419739;-89,538544;-0,339059;-0,027109;0,085249;-0,936502;148,516006;353,943146;-616,078308;-0,643736;0,586065;0,415977;-0,262859;323,802338;-75,844193;-155,377441
750;7,5;0,426925;0,162929;0,018789;-0,88929;143,079086;631,507263;-264,393494;0,536193;0,097845;-0,014674;-0,838277;8,492876;598,427185;-89,521164;-0,33897;-0,027398;0,085265;-0,936525;148,364517;353,915894;-616,133789;-0,643719;0,586062;0,416002;-0,262868;323,790894;-75,842934;-155,387802
751;7,51;0,42679;0,163271;0,020913;-0,889244;143,387741;631,590881;-264,359802;0,536639;0,097725;-0,01458;-0,838007;8,514218;598,415039;-89,601959;-0,33922;-0,027477;0,085141;-0,936443;148,406143;354,134796;-616,203064;-0,643693;0,586066;0,416049;-0,262846;323,788086;-75,846931;-155,396606
752;7,52;0,426899;0,163489;0,022546;-0,889112;143,581055;631,626648;-264,366333;0,536112;0,097739;-0,014797;-0,838338;8,481028;598,442993;-89,521149;-0,339011;-0,027215;0,085286;-0,936513;148,453857;353,916016;-616,105347;-0,643708;0,58607;0,416016;-0,262856;323,797913;-75,851944;-155,38501
753;7,53;0,427093;0,163188;0,022269;-0,889081;143,589798;631,612671;-264,39502;0,536491;0,097807;-0,014826;-0,838088;8,47834;598,411621;-89,568596;-0,339034;-0,027377;0,085296;-0,936499;148,363983;353,950775;-616,143982;-0,643682;0,586118;0,416005;-0,262829;323,799652;-75,871735;-155,37294
754;7,54;0,42722;0,162943;0,02061;-0,889105;143,402542;631,546509;-264,428558;0,536481;0,097895;-0,014924;-0,838082;8,47923;598,474487;-89,595741;-0,339076;-0,027419;0,08527;-0,936485;148,357361;353,995758;-616,150574;-0,643656;0,586105;0,416072;-0,262815;323,782043;-75,863457;-155,38681
755;7,55;0,427596;0,162605;0,018916;-0,889024;143,154572;631,439636;-264,503479;0,536496;0,097532;-0,01465;-0,83812;8,530972;598,499023;-89,565468;-0,339107;-0,027179;0,085218;-0,936486;148,503464;353,991669;-616,106262;-0,643708;0,586074;0,416018;-0,262845;323,792419;-75,847527;-155,374756
756;7,56;0,427822;0,162465;0,017296;-0,888974;142,941833;631,355347;-264,55481;0,536653;0,097604;-0,014895;-0,838006;8,516392;598,520569;-89,606445;-0,339125;-0,027454;0,085189;-0,936474;148,393723;354,050934;-616,169983;-0,643727;0,586006;0,416066;-0,262871;323,770508;-75,8172;-155,393173
757;7,57;0,427932;0,16254;0,016876;-0,888915;142,854446;631,319153;-264,594727;0,536703;0,097859;-0,015038;-0,837943;8,477678;598,532104;-89,641457;-0,338996;-0,027475;0,085279;-0,936512;148,332565;353,945282;-616,155945;-0,643685;0,586075;0,416059;-0,262834;323,78775;-75,852249;-155,390274
758;7,58;0,425104;0,16103;0,009935;-0,89065;143,118027;631,278687;-264,806091;0,536763;0,097678;-0,014894;-0,837928;8,493773;598,547607;-89,638184;-0,339078;-0,02725;0,085294;-0,936487;148,437469;353,958923;-616,137634;-0,643662;0,586092;0,41609;-0,262802;323,790955;-75,860764;-155,395401
759;7,59;0,423915;0,160387;0,007401;-0,891357;143,342865;631,276428;-264,902344;0,536768;0,097595;-0,014934;-0,837933;8,505075;598,575928;-89,651703;-0,339091;-0,02721;0,085299;-0,936483;148,431396;353,95874;-616,121887;-0,64367;0,586034;0,41612;-0,262862;323,767914;-75,839088;-155,418396
760;7,6;0,424063;0,160195;0,007785;-0,891318;143,458359;631,286255;-264,929474;0,536999;0,097703;-0,01507;-0,83777;8,504934;598,604431;-89,687225;-0,339071;-0,027383;0,085222;-0,936492;148,383774;353,99588;-616,147156;-0,643685;0,586042;0,416103;-0,262837;323,776947;-75,834221;-155,407822
761;7,61;0,424264;0,16025;0,008001;-0,89121;143,505585;631,261169;-264,977478;0,536817;0,097734;-0,015052;-0,837884;8,51685;598,626221;-89,658188;-0,339086;-0,027083;0,085272;-0,936491;148,506317;353,944061;-616,081055;-0,643668;0,586087;0,416091;-0,262795;323,780762;-75,852058;-155,393417
762;7,62;0,42432;0,160193;0,007183;-0,891201;143,441757;631,217102;-265,014435;0,537078;0,097695;-0,015092;-0,837721;8,499762;598,64502;-89,708549;-0,33909;-0,027121;0,085259;-0,93649;148,48584;353,954468;-616,086853;-0,643729;0,586065;0,415998;-0,262845;323,801086;-75,844185;-155,37355
763;7,63;0,424249;0,16034;0,006117;-0,891216;143,317322;631,172119;-265,043457;0,537243;0,097592;-0,015187;-0,837625;8,484612;598,659424;-89,719254;-0,339068;-0,027477;0,085193;-0,936494;148,366516;354,008881;-616,167297;-0,643705;0,586097;0,415995;-0,262835;323,797058;-75,857819;-155,367477
764;7,64;0,424339;0,160567;0,005678;-0,891135;143,208527;631,117798;-265,081085;0,5369;0,097592;-0,015021;-0,837848;8,510194;598,665894;-89,65889;-0,339012;-0,027159;0,085355;-0,936508;148,416168;353,882446;-616,075623;-0,643683;0,58607;0,416078;-0,262818;323,776428;-75,846954;-155,382904
765;7,65;0,424298;0,160711;0,005308;-0,891131;143,158569;631,09436;-265,097565;0,537311;0,097659;-0,015049;-0,837576;8,510154;598,679443;-89,730087;-0,339145;-0,027231;0,085163;-0,936476;148,491089;354,033478;-616,111206;-0,643675;0,586041;0,416123;-0,262831;323,762329;-75,835762;-155,399033
766;7,66;0,424344;0,160638;0,00527;-0,891123;143,171585;631,095459;-265,103058;0,537128;0,09763;-0,014999;-0,837697;8,505609;598,678101;-89,705345;-0,339056;-0,027342;0,085244;-0,936497;148,390091;353,969299;-616,127502;-0,643684;0,586045;0,416109;-0,262823;323,77417;-75,836929;-155,396103
767;7,67;0,424388;0,160692;0,005704;-0,891089;143,241058;631,10614;-265,106903;0,537078;0,097575;-0,015124;-0,837734;8,490788;598,673523;-89,69352;-0,339025;-0,027148;0,085345;-0,936505;148,426056;353,894257;-616,079956;-0,643713;0,586037;0,416086;-0,262806;323,786499;-75,831421;-155,388474
768;7,68;0,42435;0,160493;0,005847;-0,891143;143,311646;631,126465;-265,102905;0,537326;0,097657;-0,015177;-0,837564;8,502584;598,673096;-89,743408;-0,339112;-0,027134;0,08529;-0,936479;148,473969;353,967773;-616,09906;-0,643707;0,586101;0,415981;-0,262843;323,805176;-75,864952;-155,369705
769;7,69;0,424421;0,160383;0,006109;-0,891127;143,347351;631,132263;-265,105865;0,537014;0,097505;-0,014869;-0,837787;8,533304;598,700073;-89,695755;-0,339069;-0,027129;0,085242;-0,936499;148,497208;353,947418;-616,090027;-0,643687;0,586069;0,416047;-0,262861;323,783722;-75,853951;-155,389832
770;7,7;0,424436;0,160387;0,005814;-0,891121;143,367126;631,118103;-265,121948;0,537241;0,097466;-0,015093;-0,837643;8,534027;598,692627;-89,722466;-0,33909;-0,027168;0,085391;-0,936477;148,411011;353,93512;-616,11261;-0,643678;0,586116;0,416011;-0,262835;323,7995;-75,876472;-155,373245
771;7,71;0,424446;0,160604;0,00592;-0,891076;143,361725;631,103943;-265,140472;0,537266;0,097591;-0,01521;-0,83761;8,514612;598,698059;-89,735046;-0,33907;-0,027001;0,085387;-0,936489;148,495667;353,901428;-616,060059;-0,64369;0,586131;0,415966;-0,262842;323,808441;-75,878197;-155,359894
772;7,72;0,4245;0,160564;0,005464;-0,891061;143,375748;631,080872;-265,176208;0,537192;0,0976;-0,015085;-0,837659;8,541039;598,724182;-89,719147;-0,33904;-0,027066;0,085266;-0,936509;148,531631;353,918457;-616,056702;-0,643707;0,586071;0,416011;-0,262864;323,791718;-75,85128;-155,371979
773;7,73;0,42453;0,160538;0,005106;-0,891053;143,431519;631,059753;-265,215118;0,537474;0,097544;-0,014951;-0,837487;8,582153;598,75;-89,754181;-0,339063;-0,027183;0,085323;-0,936492;148,448685;353,939484;-616,087769;-0,643711;0,586071;0,416008;-0,262858;323,794556;-75,850754;-155,3685
774;7,74;0,42461;0,16041;0,005117;-0,891038;143,532394;631,042908;-265,266205;0,537402;0,097532;-0,015128;-0,837531;8,577653;598,796997;-89,763039;-0,339061;-0,027166;0,085335;-0,936492;148,461884;353,939087;-616,08374;-0,643711;0,586102;0,415963;-0,262858;323,803375;-75,862572;-155,356262
775;7,75;0,428646;0,161662;0,014659;-0,88877;143,428833;631,079529;-265,122772;0,537631;0,097385;-0,014933;-0,837404;8,592246;598,827332;-89,798416;-0,33911;-0,027103;0,085275;-0,936482;148,516357;353,974762;-616,076294;-0,643697;0,586126;0,415958;-0,262849;323,805023;-75,873718;-155,353561
776;7,76;0,430633;0,162159;0,019235;-0,887632;143,445724;631,092041;-265,090179;0,537788;0,097381;-0,014777;-0,837307;8,604338;598,871765;-89,836098;-0,339048;-0,027143;0,085337;-0,936497;148,464294;353,923584;-616,07666;-0,643717;0,586059;0,416006;-0,262873;323,797119;-75,847969;-155,372299
777;7,77;0,43098;0,162277;0,020213;-0,88742;143,534164;631,077637;-265,153778;0,537933;0,097399;-0,014894;-0,83721;8,605635;598,918701;-89,875931;-0,339028;-0,027124;0,08543;-0,936497;148,418625;353,890656;-616,073914;-0,643733;0,586082;0,415964;-0,262848;323,816376;-75,855461;-155,357834
778;7,78;0,431314;0,161897;0,02002;-0,887331;143,575363;631,034241;-265,23642;0,538127;0,097184;-0,014864;-0,83711;8,621386;598,950073;-89,897079;-0,339035;-0,027152;0,085327;-0,936503;148,465378;353,915436;-616,082764;-0,643729;0,586049;0,416005;-0,262867;323,794128;-75,841682;-155,374359
779;7,79;0,431599;0,161844;0,019596;-0,887212;143,551758;630,973083;-265,31781;0,538194;0,097237;-0,014881;-0,837061;8,620125;598,996521;-89,922043;-0,339027;-0,027326;0,08526;-0,936507;148,41626;353,9505;-616,118652;-0,643688;0,586089;0,41604;-0,262824;323,791412;-75,857498;-155,373718
780;7,8;0,431925;0,161991;0,01945;-0,88703;143,475296;630,910889;-265,395172;0,538471;0,09726;-0,014971;-0,836878;8,618736;599,031189;-89,968231;-0,339035;-0,027231;0,085368;-0,936497;148,393463;353,916138;-616,10437;-0,643727;0,586046;0,416018;-0,262859;323,790802;-75,835037;-155,372681
781;7,81;0,432365;0,162022;0,019211;-0,886815;143,383209;630,836487;-265,483368;0,538501;0,097238;-0,014965;-0,836862;8,631413;599,071045;-89,978874;-0,339008;-0,027087;0,085375;-0,93651;148,452484;353,87027;-616,060059;-0,643722;0,586125;0,415925;-0,262842;323,819336;-75,873116;-155,345413
782;7,82;0,432713;0,162258;0,018834;-0,88661;143,320313;630,758423;-265,578796;0,538726;0,097212;-0,014901;-0,836721;8,639939;599,122131;-90,02652;-0,33903;-0,027094;0,085276;-0,936511;148,495438;353,909515;-616,061096;-0,643728;0,586094;0,415964;-0,262835;323,812653;-75,857582;-155,352051
783;7,83;0,433113;0,162282;0,018825;-0,88641;143,286057;630,69928;-265,66394;0,538933;0,097136;-0,014848;-0,836598;8,647215;599,169434;-90,067703;-0,338991;-0,027142;0,085379;-0,936514;148,424301;353,865479;-616,074402;-0,643718;0,586051;0,416018;-0,262869;323,787262;-75,840088;-155,373703
784;7,84;0,433496;0,162435;0,019277;-0,886185;143,29895;630,650513;-265,740845;0,538964;0,097191;-0,014721;-0,836574;8,643533;599,216858;-90,080879;-0,33905;-0,027018;0,085366;-0,936498;148,478104;353,88266;-616,059998;-0,643703;0,586047;0,416048;-0,262867;323,772186;-75,837158;-155,386475
785;7,85;0,433843;0,162291;0,019465;-0,886038;143,34697;630,617615;-265,805359;0,539266;0,09727;-0,014683;-0,83637;8,650204;599,251404;-90,136894;-0,339064;-0,027019;0,085323;-0,936496;148,48822;353,901215;-616,061462;-0,643697;0,586086;0,416044;-0,262802;323,793457;-75,849686;-155,374176
786;7,86;0,434032;0,162208;0,019524;-0,885959;143,389526;630,598206;-265,849182;0,539289;0,097245;-0,01465;-0,836359;8,645071;599,282715;-90,141472;-0,339014;-0,027164;0,085335;-0,936509;148,414917;353,889221;-616,085632;-0,643713;0,586094;0,415999;-0,262817;323,797974;-75,854126;-155,365402
787;7,87;0,434125;0,162047;0,019335;-0,885947;143,410141;630,585022;-265,875977;0,539364;0,097202;-0,014711;-0,836314;8,642831;599,304077;-90,148972;-0,339028;-0,027133;0,085345;-0,936504;148,426529;353,891388;-616,081055;-0,643705;0,586107;0,415995;-0,262816;323,803497;-75,864662;-155,362274
788;7,88;0,433922;0,162182;0,01926;-0,886024;143,380493;630,60675;-265,854279;0,539501;0,097201;-0,014692;-0,836226;8,648167;599,322327;-90,17424;-0,339047;-0,027033;0,08533;-0,936502;148,471481;353,891174;-616,057495;-0,643678;0,586092;0,416062;-0,262807;323,790741;-75,859673;-155,377182
789;7,89;0,43307;0,162368;0,018813;-0,886416;143,283188;630,709412;-265,72699;0,539463;0,09714;-0,014655;-0,836259;8,659568;599,358459;-90,179726;-0,339056;-0,027074;0,08536;-0,936494;148,442154;353,898468;-616,068909;-0,64372;0,586013;0,416069;-0,262868;323,773682;-75,825554;-155,387222
790;7,9;0,431507;0,163008;0,018255;-0,887072;143,139664;630,888489;-265,503571;0,539775;0,097005;-0,014524;-0,836075;8,700651;599,421082;-90,225601;-0,339088;-0,026982;0,085386;-0,936483;148,47551;353,900299;-616,05188;-0,643698;0,586035;0,416089;-0,262842;323,771179;-75,83432;-155,38443
791;7,91;0,430397;0,163197;0,017747;-0,887587;143,056473;631,018616;-265,364136;0,539965;0,097069;-0,014262;-0,83595;8,739281;599,495056;-90,264839;-0,339086;-0,02708;0,085249;-0,936494;148,511948;353,947113;-616,062683;-0,643687;0,586093;0,416038;-0,262821;323,78714;-75,857887;-155,364319
792;7,92;0,430824;0,163052;0,018103;-0,887399;143,135696;630,992859;-265,452148;0,54018;0,097115;-0,014207;-0,835807;8,748829;599,565063;-90,316109;-0,339067;-0,027145;0,085295;-0,936494;148,457687;353,931854;-616,079712;-0,643687;0,586101;0,416031;-0,262814;323,791077;-75,860817;-155,362579
793;7,93;0,43174;0,162669;0,018894;-0,887008;143,320404;630,92749;-265,616669;0,540507;0,097148;-0,014104;-0,835593;8,776475;599,649719;-90,396286;-0,339064;-0,02706;0,085413;-0,936487;148,42804;353,886566;-616,072693;-0,643704;0,586057;0,416039;-0,262857;323,784698;-75,846123;-155,373642
794;7,94;0,432738;0,162063;0,019451;-0,88662;143,536545;630,842407;-265,810822;0,540843;0,097045;-0,013899;-0,835391;8,812982;599,779663;-90,48336;-0,339074;-0,027157;0,085323;-0,936489;148,42511;353,926788;-616,097473;-0,643698;0,58605;0,416058;-0,262858;323,782318;-75,844086;-155,380463
795;7,95;0,433882;0,161692;0,020502;-0,886105;143,729248;630,743469;-266,020813;0,541372;0,096948;-0,013846;-0,83506;8,854371;599,937683;-90,583862;-0,339061;-0,027069;0,085351;-0,936493;148,435776;353,89502;-616,073853;-0,643686;0,586081;0,416055;-0,262823;323,785675;-75,854706;-155,377228
796;7,96;0,434405;0,161552;0,021044;-0,885862;143,870453;630,707275;-266,155823;0,541996;0,096796;-0,013805;-0,834674;8,908793;600,131958;-90,711906;-0,339081;-0,02696;0,085433;-0,936482;148,436569;353,876862;-616,054993;-0,643698;0,586089;0,416031;-0,262812;323,791565;-75,854446;-155,368896
797;7,97;0,433933;0,161352;0,020744;-0,886136;143,92746;630,811462;-266,139679;0,542822;0,096662;-0,013826;-0,834152;8,971379;600,369873;-90,887009;-0,339096;-0,027105;0,085395;-0,936476;148,388184;353,922333;-616,090637;-0,643744;0,586081;0,415961;-0,262829;323,804169;-75,846046;-155,351166
798;7,98;0,432673;0,161426;0,02004;-0,886755;143,896072;631,001587;-266,023468;0,543757;0,096213;-0,013371;-0,833602;9,063912;600,627808;-91,055962;-0,339125;-0,027023;0,085304;-0,936476;148,470459;353,948364;-616,066833;-0,643692;0,586072;0,416102;-0,262752;323,786072;-75,843201;-155,371994
799;7,99;0,431498;0,161618;0,019738;-0,887299;143,808701;631,165405;-265,934418;0,544684;0,095939;-0,013349;-0,833029;9,150589;600,884338;-91,227554;-0,339117;-0,026963;0,085318;-0,936479;148,497375;353,93042;-616,045959;-0,643704;0,586071;0,416052;-0,262807;323,785034;-75,848289;-155,365143
800;8;0,431245;0,161432;0,019623;-0,887458;143,761398;631,223694;-265,976074;0,545753;0,096003;-0,013685;-0,832316;9,201521;601,131348;-91,415688;-0,339084;-0,027145;0,08528;-0,936489;148,432785;353,949341;-616,073059;-0,643739;0,586066;0,415968;-0,262865;323,789612;-75,84523;-155,350204
801;8,01;0,432204;0,16157;0,020625;-0,886944;143,846207;631,13623;-266,215973;0,546783;0,096017;-0,013748;-0,831637;9,244604;601,385986;-91,595253;-0,339135;-0,026986;0,085241;-0,936479;148,515884;353,966431;-616,040222;-0,64374;0,58603;0,416054;-0,262805;323,786133;-75,825409;-155,35965
802;8,02;0,434;0,16143;0,022141;-0,886056;144,055054;630,974426;-266,584808;0,54801;0,095725;-0,013536;-0,830866;9,326055;601,650696;-91,818878;-0,339133;-0,026854;0,085335;-0,936475;148,527588;353,922943;-616,014465;-0,643728;0,586026;0,41605;-0,262852;323,77356;-75,828148;-155,370255
803;8,03;0,435333;0,16103;0,023113;-0,885449;144,304794;630,880981;-266,894196;0,549158;0,095492;-0,013375;-0,830138;9,415394;601,937317;-92,057198;-0,339109;-0,026978;0,085381;-0,936476;148,443954;353,919159;-616,037354;-0,643674;0,586085;0,416076;-0,262811;323,772278;-75,853111;-155,370743
804;8,04;0,428213;0,157622;0,005182;-0,88981;145,045181;630,809814;-267,463623;0,550365;0,095676;-0,01339;-0,829316;9,490888;602,246399;-92,301933;-0,339126;-0,027113;0,085314;-0,936472;148,414154;353,966461;-616,072327;-0,643676;0,586035;0,416156;-0,262787;323,76474;-75,832794;-155,391373
805;8,05;0,424497;0,15538;-0,003004;-0,891993;145,494904;630,871277;-267,713501;0,551641;0,095686;-0,013882;-0,828458;9,589402;602,570435;-92,56501;-0,339152;-0,027074;0,085202;-0,936474;148,493195;354,007538;-616,059753;-0,643701;0,586035;0,416087;-0,262837;323,770752;-75,834435;-155,386261
806;8,06;0,424459;0,154683;-0,002096;-0,892134;145,698959;630,982727;-267,779358;0,552892;0,095427;-0,013726;-0,827657;9,7115;602,907227;-92,829651;-0,339114;-0,027056;0,085362;-0,936474;148,417175;353,943359;-616,059143;-0,643714;0,586073;0,416005;-0,26285;323,78894;-75,852013;-155,369217
807;8,07;0,427957;0,155408;0,006225;-0,890316;145,722214;631,06189;-267,741638;0,554155;0,09522;-0,013669;-0,826836;9,798737;603,288879;-93,101196;-0,339128;-0,027037;0,085311;-0,936474;148,443726;353,957733;-616,056702;-0,643693;0,586065;0,416047;-0,262855;323,772369;-75,850105;-155,38147
808;8,08;0,430759;0,155632;0,011545;-0,888871;145,873505;631,031372;-267,891968;0,555314;0,094706;-0,013415;-0,826121;9,918169;603,715881;-93,386246;-0,339159;-0,026935;0,085369;-0,93646;148,451721;353,951447;-616,039307;-0,64371;0,586086;0,416002;-0,262835;323,783875;-75,853485;-155,363892
809;8,09;0,433292;0,15532;0,014967;-0,887643;146,211853;630,887268;-268,267883;0,556398;0,094235;-0,012739;-0,825457;10,034492;604,195923;-93,703964;-0,339155;-0,026952;0,08534;-0,936464;148,460938;353,956268;-616,041809;-0,643738;0,586077;0,415969;-0,26284;323,79541;-75,848763;-155,356445
810;8,1;0,436346;0,154686;0,019102;-0,886177;146,665436;630,72583;-268,698029;0,557512;0,094086;-0,011746;-0,824737;10,13543;604,78656;-94,102585;-0,339142;-0,026999;0,085365;-0,936465;148,412521;353,947021;-616,050903;-0,643739;0,586001;0,416055;-0,26287;323,766418;-75,818459;-155,387619
811;8,11;0,438341;0,154326;0,022907;-0,885164;147,201126;630,669739;-269,022644;0,558574;0,093842;-0,010146;-0,824066;10,315757;605,424561;-94,531876;-0,33911;-0,026971;0,085411;-0,936473;148,383438;353,908081;-616,042969;-0,643722;0,586023;0,416058;-0,262857;323,763184;-75,825508;-155,390442
812;8,12;0,438383;0,153615;0,024765;-0,885217;147,802673;630,82782;-269,127777;0,559671;0,093372;-0,009083;-0,823388;10,45811;605,985657;-94,901474;-0,339175;-0,02682;0,085369;-0,936458;148,467758;353,938354;-616,027832;-0,643718;0,58605;0,416042;-0,262834;323,770477;-75,83786;-155,385559
813;8,13;0,437;0,152314;0,026056;-0,886088;148,296021;631,14917;-269,081207;0,560587;0,093539;-0,010028;-0,822735;10,410851;606,188049;-95,108528;-0,339184;-0,02694;0,085351;-0,936453;148,406937;353,966187;-616,059631;-0,643676;0,586086;0,416073;-0,262808;323,761475;-75,854286;-155,392288
814;8,14;0,434986;0,149367;0,028095;-0,887518;148,522675;631,610657;-269,000153;0,561146;0,094347;-0,013762;-0,822207;10,183301;606,034607;-95,135223;-0,339249;-0,026811;0,085389;-0,93643;148,413177;353,978394;-616,039185;-0,643701;0,586033;0,416086;-0,262842;323,753204;-75,83474;-155,400131
815;8,15;0,433367;0,148591;0,028081;-0,88844;148,418381;631,83551;-268,960114;0,561571;0,094498;-0,016417;-0,821851;10,121782;606,224731;-95,094261;-0,339109;-0,026961;0,085362;-0,936478;148,328461;353,947052;-616,003357;-0,643678;0,586084;0,416076;-0,262801;323,759308;-75,854057;-155,384537
816;8,16;0,4334;0,149924;0,027665;-0,888213;148,175034;631,772705;-269,121033;0,563623;0,093118;-0,013523;-0,820656;10,588722;606,629395;-95,43634;-0,33905;-0,027235;0,085502;-0,936479;148,154892;353,892212;-616,042786;-0,643676;0,586114;0,416064;-0,262759;323,772461;-75,86396;-155,371277
817;8,17;0,434617;0,150866;0,028117;-0,887444;147,954498;631,595581;-269,399261;0,565451;0,093295;-0,012863;-0,819388;10,802732;607,22644;-95,944679;-0,339004;-0,026864;0,085565;-0,936501;148,341232;353,809906;-615,973206;-0,643653;0,586044;0,416203;-0,262753;323,737091;-75,835793;-155,411682
818;8,18;0,435936;0,151332;0,029011;-0,886689;147,910797;631,469604;-269,687531;0,566254;0,093993;-0,014531;-0,818725;10,730444;607,724915;-96,294556;-0,339083;-0,026557;0,085533;-0,936484;148,53891;353,818604;-615,936707;-0,64368;0,586029;0,416143;-0,262813;323,745087;-75,832458;-155,414963
819;8,19;0,437536;0,150957;0,030632;-0,885909;148,10173;631,369019;-270,008209;0,568824;0,093178;-0,014193;-0,817041;10,888208;608,061035;-96,756439;-0,339;-0,026841;0,085548;-0,936504;148,416824;353,786652;-615,995056;-0,643689;0,586072;0,416067;-0,262816;323,767181;-75,85054;-155,401459
820;8,2;0,440109;0,150104;0,033472;-0,884677;148,436661;631,189819;-270,40332;0,569507;0,092419;-0,013466;-0,816663;11,110254;608,510498;-96,845871;-0,339004;-0,026948;0,085512;-0,936503;148,375702;353,813568;-616,045654;-0,643693;0,586;0,416184;-0,262781;323,74649;-75,813339;-155,427658
821;8,21;0,442802;0,149071;0,036572;-0,883384;148,849686;631,01416;-270,752808;0,569882;0,092172;-0,012962;-0,816438;11,285744;608,833069;-96,870689;-0,339013;-0,026871;0,085527;-0,936501;148,366455;353,811279;-616,006226;-0,643689;0,586045;0,416124;-0,262786;323,764038;-75,829666;-155,409744
822;8,22;0,444134;0,148968;0,039839;-0,882591;149,282806;630,96991;-270,883179;0,571253;0,091805;-0,01282;-0,815523;11,31654;608,958618;-97,086533;-0,339267;-0,0271;0,085452;-0,936409;148,287598;354,047607;-616,082336;-0,643677;0,586066;0,416086;-0,26283;323,765656;-75,845779;-155,404831
823;8,23;0,443915;0,149063;0,041387;-0,882614;149,661346;631,061646;-270,83606;0,570384;0,091978;-0,012899;-0,81611;11,235122;608,990417;-97,008553;-0,339139;-0,027032;0,085541;-0,936449;148,28064;353,916748;-616,056152;-0,643685;0,586083;0,416035;-0,262853;323,776001;-75,859459;-155,387756
824;8,24;0,442203;0,148049;0,040184;-0,883699;149,843338;631,292786;-270,570282;0,570239;0,092321;-0,01268;-0,816176;11,149148;608,842834;-97,025604;-0,339029;-0,026848;0,085566;-0,936492;148,352722;353,802429;-615,987915;-0,643696;0,586062;0,416052;-0,262846;323,776276;-75,846199;-155,381439
825;8,25;0,439321;0,147596;0,037749;-0,885318;149,743118;631,580322;-270,120758;0,569305;0,09257;-0,012497;-0,816803;11,095266;608,612244;-96,89608;-0,339287;-0,027184;0,085304;-0,936413;148,317581;354,097473;-616,084351;-0,64372;0,586008;0,416083;-0,262857;323,762207;-75,822372;-155,387283
826;8,26;0,435365;0,148576;0,033809;-0,887265;149,433945;631,909607;-269,565399;0,567295;0,092693;-0,012309;-0,818189;11,030925;608,367798;-96,569511;-0,339229;-0,027322;0,085272;-0,936433;148,23494;354,086975;-616,093506;-0,643701;0,586005;0,416162;-0,262788;323,748474;-75,813118;-155,397537
827;8,27;0,430339;0,149618;0,028526;-0,889724;148,95665;632,284912;-268,892578;0,56643;0,092809;-0,012051;-0,818778;10,903656;607,968201;-96,4002;-0,339334;-0,02704;0,085334;-0,936397;148,313126;354,09668;-616,074646;-0,643689;0,586008;0,416158;-0,262813;323,735504;-75,816772;-155,408478
828;8,28;0,422072;0,149176;0,015308;-0,894073;148,549164;632,615417;-268,388;0,564481;0,09348;-0,012247;-0,820044;10,673145;607,501709;-96,044373;-0,339305;-0,026777;0,085404;-0,936409;148,366745;354,005219;-616,030579;-0,643694;0,586006;0,416173;-0,262783;323,738159;-75,814499;-155,416382
829;8,29;0,423837;0,152402;0,02655;-0,89243;147,421204;633,002258;-267,459686;0,563045;0,093917;-0,012706;-0,820974;10,505839;607,033203;-95,653473;-0,33923;-0,027003;0,085403;-0,936429;148,237183;353,980713;-616,083679;-0,643681;0,586044;0,41615;-0,262769;323,743164;-75,827248;-155,417877
830;8,3;0,424204;0,154339;0,03237;-0,89173;146,381378;633,300049;-266,69397;0,561782;0,093509;-0,012669;-0,821886;10,43873;606,555908;-95,295731;-0,339384;-0,027207;0,085362;-0,936372;148,149231;354,128204;-616,162048;-0,643667;0,586051;0,41615;-0,262787;323,742462;-75,835716;-155,427872
831;8,31;0,417948;0,153226;0,018672;-0,895261;145,97966;633,352356;-266,489319;0,560181;0,09375;-0,013618;-0,822935;10,306507;606,208252;-94,978836;-0,339268;-0,026992;0,085411;-0,936416;148,213242;354,004395;-616,072937;-0,643686;0,586022;0,416135;-0,262829;323,739105;-75,826538;-155,433868
832;8,32;0,412402;0,150921;0,0041;-0,898404;145,957626;633,254883;-266,622742;0,559546;0,094307;-0,013936;-0,823298;10,217701;605,959106;-94,847839;-0,339295;-0,02706;0,085353;-0,936409;148,239548;354,048706;-616,106079;-0,643672;0,586078;0,416086;-0,262814;323,754547;-75,848961;-155,414719
833;8,33;0,419147;0,152582;0,018778;-0,894808;145,634323;633,227844;-266,392914;0,558783;0,094403;-0,013185;-0,823818;10,225222;605,855225;-94,726868;-0,339246;-0,027002;0,085481;-0,936417;148,219604;353,976257;-616,086304;-0,643681;0,585995;0,41619;-0,262814;323,733185;-75,813477;-155,435974
834;8,34;0,423406;0,153887;0,029332;-0,892292;145,678589;633,245361;-266,251984;0,558547;0,094284;-0,013379;-0,823988;10,255551;605,894897;-94,673218;-0,339326;-0,026936;0,08544;-0,936393;148,298538;354,041962;-616,075378;-0,643741;0,586003;0,416062;-0,262851;323,760406;-75,81559;-155,401581
835;8,35;0,42389;0,154168;0,031087;-0,891955;146,031372;633,238586;-266,349945;0,558784;0,09398;-0,012953;-0,823869;10,34805;605,945313;-94,688431;-0,339357;-0,027045;0,08535;-0,936387;148,310471;354,112457;-616,088379;-0,643681;0,586105;0,416037;-0,262808;323,76825;-75,85675;-155,385361
836;8,36;0,425201;0,153616;0,031609;-0,891407;146,300308;633,126099;-266,598816;0,559173;0,094042;-0,012769;-0,823601;10,382861;606,097717;-94,809029;-0,339237;-0,027087;0,085425;-0,936423;148,275162;354,02005;-616,077332;-0,643685;0,586075;0,416066;-0,262819;323,765442;-75,847191;-155,393997
837;8,37;0,426831;0,152827;0,031541;-0,890766;146,46199;632,94342;-266,941742;0,560037;0,09389;-0,012479;-0,823035;10,41276;606,320923;-95,019363;-0,339284;-0,026937;0,085465;-0,936406;148,354767;354,018768;-616,075378;-0,643692;0,586028;0,416114;-0,262834;323,760742;-75,829483;-155,410797
838;8,38;0,421629;0,149332;0,013719;-0,894282;147,072647;632,594727;-267,738678;0,560914;0,093671;-0,011803;-0,822473;10,516207;606,582886;-95,213203;-0,339148;-0,026988;0,085452;-0,936455;148,357803;353,931;-616,065735;-0,643699;0,586078;0,416022;-0,262849;323,795624;-75,857368;-155,391052
839;8,39;0,424037;0,148644;0,013999;-0,893254;147,271805;632,32782;-268,190735;0,561911;0,093657;-0,012054;-0,82179;10,605123;606,864563;-95,39756;-0,339188;-0,02715;0,085364;-0,936444;148,325653;354,008453;-616,099609;-0,643703;0,586089;0,416003;-0,262846;323,805542;-75,861488;-155,386871
840;8,4;0,428617;0,149719;0,021169;-0,890743;147,420593;632,116699;-268,529419;0,562773;0,093553;-0,012015;-0,821213;10,686954;607,088806;-95,567383;-0,339223;-0,026827;0,085499;-0,936428;148,391174;353,952545;-616,032349;-0,643689;0,586055;0,416077;-0,262839;323,786865;-75,843155;-155,408951
841;8,41;0,431558;0,149625;0,024899;-0,889241;147,828873;631,923706;-268,938782;0,563853;0,093295;-0,011874;-0,820503;10,757182;607,304199;-95,812874;-0,339193;-0,026703;0,085513;-0,936441;148,447754;353,909302;-615,996948;-0,64369;0,586031;0,416111;-0,262834;323,779144;-75,831116;-155,416534
842;8,42;0,434379;0,148836;0,028386;-0,887895;148,320053;631,761169;-269,312561;0,56467;0,093206;-0,012235;-0,819946;10,816157;607,534302;-96,04567;-0,339156;-0,026943;0,085391;-0,936459;148,434296;353,945404;-616,054443;-0,643689;0,586049;0,416086;-0,262838;323,782257;-75,839821;-155,407669
843;8,43;0,436896;0,148053;0,03207;-0,886665;148,806412;631,606995;-269,651703;0,565314;0,09325;-0,01242;-0,819494;10,910146;607,802368;-96,228943;-0,339037;-0,027014;0,085438;-0,936496;148,394669;353,861359;-616,049988;-0,64371;0,586059;0,416036;-0,262843;323,794067;-75,843811;-155,393066
844;8,44;0,439281;0,147377;0,035797;-0,885455;149,253616;631,461426;-269,974884;0,566274;0,093044;-0,012509;-0,818853;11,01729;608,080627;-96,434921;-0,33917;-0,02693;0,085477;-0,936446;148,400818;353,936066;-616,054626;-0,643707;0,586101;0,415998;-0,262816;323,811005;-75,85881;-155,376022
845;8,45;0,441174;0,146696;0,038167;-0,884528;149,574783;631,34613;-270,249695;0,567027;0,092779;-0,012067;-0,818369;11,086943;608,31781;-96,597267;-0,339075;-0,026958;0,085454;-0,936482;148,387772;353,877594;-616,034607;-0,643718;0,586061;0,416026;-0,262833;323,806732;-75,844772;-155,388382
846;8,46;0,442147;0,146574;0,039637;-0,883997;149,728088;631,295654;-270,422516;0,567949;0,092715;-0,012115;-0,817735;11,08478;608,507324;-96,786301;-0,339048;-0,026911;0,085493;-0,93649;148,383804;353,835388;-616,03363;-0,643702;0,586077;0,416024;-0,26284;323,801514;-75,854179;-155,39415
847;8,47;0,441741;0,146499;0,039603;-0,884214;149,738724;631,358459;-270,436218;0,568683;0,092668;-0,012145;-0,81723;11,073476;608,660156;-96,917747;-0,339067;-0,02672;0,085548;-0,936483;148,414215;353,796509;-616,005554;-0,643696;0,586068;0,416035;-0,262859;323,791138;-75,850433;-155,402527
848;8,48;0,441059;0,146681;0,039019;-0,884551;149,651733;631,421082;-270,410034;0,568978;0,092591;-0,012056;-0,817035;11,121983;608,789673;-96,949753;-0,338992;-0,026775;0,085528;-0,936511;148,380585;353,744537;-616,001953;-0,643718;0,58606;0,416017;-0,26285;323,796661;-75,843338;-155,395325
849;8,49;0,441272;0,147224;0,039129;-0,884349;149,500198;631,377686;-270,45108;0,569288;0,092438;-0,011985;-0,816837;11,181623;608,855835;-96,970268;-0,339089;-0,026859;0,085503;-0,936475;148,345093;353,836914;-616,034607;-0,64374;0,586029;0,416037;-0,262834;323,794983;-75,823471;-155,396332
850;8,5;0,441316;0,147551;0,038722;-0,88429;149,388351;631,342896;-270,461884;0,569157;0,092504;-0,01206;-0,81692;11,189355;608,843079;-96,947746;-0,339025;-0,026883;0,085511;-0,936497;148,353149;353,797424;-616,024719;-0,643708;0,586041;0,416065;-0,262842;323,781189;-75,834618;-155,403168
851;8,51;0,440858;0,147715;0,038206;-0,884514;149,357376;631,374451;-270,40329;0,569052;0,092645;-0,012248;-0,816974;11,155644;608,788574;-96,949387;-0,339037;-0,026963;0,085437;-0,936497;148,390717;353,840759;-616,047729;-0,643713;0,586031;0,416069;-0,262843;323,781189;-75,831306;-155,400879
852;8,52;0,440124;0,14735;0,037543;-0,884969;149,41333;631,451233;-270,294373;0,568825;0,092672;-0,01222;-0,81713;11,154837;608,705811;-96,930336;-0,339036;-0,026802;0,08552;-0,936495;148,439514;353,801147;-616,008911;-0,643722;0,586069;0,416028;-0,262803;323,806763;-75,844269;-155,379868
853;8,53;0,439385;0,146994;0,037179;-0,88541;149,489731;631,537903;-270,168457;0,568412;0,092682;-0,012236;-0,817416;11,173344;608,635132;-96,858681;-0,339017;-0,026836;0,08553;-0,9365;148,445297;353,800751;-616,006531;-0,643718;0,586041;0,416051;-0,262841;323,795471;-75,835709;-155,391876
854;8,54;0,43878;0,146836;0,037017;-0,885743;149,561264;631,605347;-270,065948;0,568243;0,092711;-0,012213;-0,81753;11,179961;608,566772;-96,802521;-0,339143;-0,026918;0,085407;-0,936463;148,479645;353,939453;-616,037903;-0,643699;0,586077;0,416021;-0,262853;323,804077;-75,855003;-155,386047
855;8,55;0,438473;0,146595;0,036496;-0,885957;149,604172;631,639038;-270,0112;0,568022;0,092755;-0,012284;-0,817677;11,179611;608,539856;-96,76918;-0,33908;-0,026889;0,085507;-0,936478;148,440186;353,870575;-616,014709;-0,64368;0,586091;0,416037;-0,262842;323,807373;-75,861221;-155,390411
856;8,56;0,438532;0,146578;0,036484;-0,885931;149,614883;631,637573;-270,014099;0,568152;0,092709;-0,012221;-0,817593;11,170301;608,544922;-96,799614;-0,339155;-0,026651;0,085603;-0,936449;148,497116;353,861755;-615,985474;-0,643731;0,586003;0,416054;-0,262889;323,797913;-75,821983;-155,402191
857;8,57;0,438906;0,146827;0,036953;-0,885685;149,617371;631,601685;-270,0802;0,568334;0,09271;-0,012268;-0,817466;11,164159;608,57373;-96,839272;-0,339086;-0,026745;0,085444;-0,936485;148,556259;353,859772;-615,986145;-0,643735;0,586028;0,416015;-0,262883;323,815338;-75,833755;-155,386627
858;8,58;0,439555;0,146669;0,037383;-0,885371;149,615311;631,539612;-270,16922;0,568429;0,092813;-0,012292;-0,817388;11,18777;608,634155;-96,855194;-0,339067;-0,026752;0,085466;-0,93649;148,541962;353,841888;-615,9823;-0,643687;0,586068;0,416067;-0,26283;323,811768;-75,851357;-155,388245
859;8,59;0,440294;0,146761;0,038145;-0,884956;149,659912;631,472717;-270,268463;0,568776;0,09267;-0,012103;-0,817166;11,253502;608,713623;-96,880524;-0,339106;-0,026736;0,085506;-0,936473;148,52565;353,862457;-615,981201;-0,643687;0,586067;0,416086;-0,262803;323,807526;-75,84536;-155,385757
860;8,6;0,440949;0,146533;0,038824;-0,884638;149,762619;631,424194;-270,362701;0,568926;0,092436;-0,011998;-0,817089;11,309283;608,809937;-96,899239;-0,339041;-0,026694;0,085556;-0,936493;148,52095;353,803101;-615,955078;-0,643699;0,586071;0,416054;-0,262814;323,817993;-75,850655;-155,378876
861;8,61;0,441527;0,14653;0,03996;-0,8843;149,910767;631,392334;-270,448914;0,569187;0,092467;-0,011987;-0,816904;11,321692;608,863953;-96,955658;-0,339081;-0,026716;0,08551;-0,936482;148,543991;353,84726;-615,977051;-0,643695;0,586048;0,416081;-0,262832;323,798859;-75,839203;-155,39238
862;8,62;0,441939;0,146466;0,040727;-0,88407;150,068832;631,367798;-270,524109;0,569386;0,092587;-0,012203;-0,816749;11,30262;608,893188;-97,007248;-0,338984;-0,026804;0,085516;-0,936514;148,517822;353,791565;-615,987122;-0,643709;0,586037;0,416057;-0,262863;323,796143;-75,839478;-155,393387
863;8,63;0,442262;0,146351;0,041306;-0,8839;150,193588;631,34967;-270,580475;0,56939;0,092593;-0,012286;-0,816744;11,318666;608,935303;-97,01989;-0,339011;-0,026772;0,085582;-0,936499;148,503784;353,789307;-615,997986;-0,643718;0,586033;0,416038;-0,262879;323,788666;-75,836372;-155,393723
864;8,64;0,442611;0,146346;0,042064;-0,88369;150,273972;631,326538;-270,629059;0,569642;0,092339;-0,011986;-0,816602;11,356372;608,971252;-97,044212;-0,339027;-0,026803;0,08555;-0,936495;148,494781;353,812561;-616,006897;-0,643696;0,585997;0,416162;-0,262817;323,768921;-75,816277;-155,414841
865;8,65;0,44301;0,146552;0,042755;-0,883424;150,324692;631,293152;-270,684784;0,569661;0,092295;-0,011977;-0,816593;11,366637;609,002258;-97,038628;-0,339006;-0,026741;0,085602;-0,9365;148,488129;353,779083;-615,988647;-0,643701;0,586055;0,416074;-0,262813;323,786011;-75,839523;-155,391708
866;8,66;0,443368;0,146698;0,043134;-0,883201;150,344406;631,260559;-270,735199;0,569785;0,092362;-0,012191;-0,816496;11,355668;609,020447;-97,058891;-0,339031;-0,026817;0,08557;-0,936492;148,478958;353,815582;-616,009949;-0,643706;0,586098;0,415992;-0,262835;323,806122;-75,860985;-155,372925
867;8,67;0,443655;0,146688;0,043219;-0,883054;150,374664;631,230347;-270,786743;0,569983;0,092408;-0,012266;-0,816351;11,35828;609,050781;-97,100868;-0,338987;-0,026815;0,085541;-0,93651;148,497253;353,788025;-615,999695;-0,64369;0,586051;0,416071;-0,262855;323,789734;-75,844292;-155,395325
868;8,68;0,44395;0,146732;0,04356;-0,882882;150,425217;631,203491;-270,829407;0,570021;0,092317;-0,012172;-0,816337;11,381402;609,093262;-97,108154;-0,33902;-0,02681;0,085452;-0,936507;148,560196;353,830322;-615,998901;-0,643693;0,586081;0,416024;-0,262854;323,800842;-75,856636;-155,381241
869;8,69;0,444229;0,146855;0,044084;-0,882695;150,500656;631,180786;-270,869568;0,57019;0,092173;-0,012156;-0,816235;11,416994;609,115601;-97,123283;-0,339003;-0,026658;0,085588;-0,936505;148,558929;353,768555;-615,958801;-0,643722;0,586065;0,415982;-0,262886;323,81366;-75,852997;-155,37468
870;8,7;0,444472;0,146567;0,044225;-0,882614;150,570541;631,16394;-270,90274;0,570191;0,09214;-0,012167;-0,816238;11,440602;609,134766;-97,114716;-0,339018;-0,026699;0,085516;-0,936505;148,590012;353,80661;-615,967224;-0,643701;0,586073;0,416023;-0,262855;323,809082;-75,852455;-155,381104
871;8,71;0,444661;0,14645;0,044536;-0,882522;150,617462;631,152283;-270,931091;0,570237;0,092131;-0,012195;-0,816207;11,461111;609,157898;-97,130775;-0,339012;-0,026718;0,085512;-0,936507;148,592468;353,809937;-615,972473;-0,643661;0,586097;0,416081;-0,262807;323,800018;-75,860085;-155,390823
872;8,72;0,444808;0,146542;0,044662;-0,882427;150,637604;631,13623;-270,961151;0,57036;0,092132;-0,012134;-0,816121;11,467415;609,174194;-97,164421;-0,33897;-0,026768;0,085559;-0,936516;148,556183;353,778473;-615,985291;-0,643659;0,586094;0,416084;-0,262812;323,798431;-75,862961;-155,395935
873;8,73;0,445025;0,146611;0,044932;-0,882292;150,626724;631,114136;-270,988831;0,570324;0,092127;-0,012128;-0,816147;11,445376;609,189697;-97,169174;-0,339025;-0,026653;0,085583;-0,936497;148,588974;353,79068;-615,975708;-0,643668;0,586072;0,416091;-0,262828;323,790924;-75,854256;-155,399857
874;8,74;0,445215;0,146694;0,045134;-0,882172;150,617279;631,095154;-271,011932;0,570417;0,09206;-0,012381;-0,816086;11,433309;609,194336;-97,17749;-0,338998;-0,026685;0,085476;-0,936516;148,614639;353,79953;-615,964905;-0,643681;0,586076;0,416077;-0,262811;323,798523;-75,85482;-155,390228
875;8,75;0,445432;0,146655;0,045457;-0,882052;150,631256;631,079895;-271,033752;0,570425;0,092041;-0,012299;-0,816084;11,444937;609,210876;-97,169296;-0,339052;-0,026652;0,085534;-0,936492;148,580338;353,819305;-615,966553;-0,643684;0,586056;0,416084;-0,262839;323,787659;-75,847763;-155,394608
876;8,76;0,445643;0,146613;0,04581;-0,881934;150,683411;631,067383;-271,065979;0,570504;0,091926;-0,012265;-0,816042;11,452896;609,233521;-97,181412;-0,339029;-0,02669;0,085577;-0,936495;148,534485;353,796478;-615,974854;-0,643683;0,586083;0,416042;-0,262846;323,78656;-75,857384;-155,384766
877;8,77;0,445917;0,146391;0,046044;-0,88182;150,738022;631,05835;-271,09848;0,570641;0,091923;-0,012321;-0,815945;11,443607;609,2453;-97,211082;-0,339003;-0,026813;0,085478;-0,93651;148,536362;353,817108;-615,99707;-0,643669;0,586096;0,416074;-0,262801;323,787628;-75,857483;-155,38501
878;8,78;0,446257;0,14625;0,04632;-0,881658;150,793976;631,035828;-271,154388;0,570661;0,091956;-0,012354;-0,815927;11,445239;609,267456;-97,226265;-0,339001;-0,026743;0,085555;-0,936506;148,525711;353,787109;-615,984924;-0,643691;0,586085;0,416044;-0,26282;323,800751;-75,856827;-155,380783
879;8,79;0,446739;0,146052;0,046564;-0,881433;150,823685;630,999939;-271,224945;0,570872;0,091886;-0,012272;-0,815789;11,465356;609,299683;-97,259926;-0,338953;-0,026846;0,085531;-0,936522;148,503784;353,772522;-616,005127;-0,643675;0,58602;0,416135;-0,262857;323,764771;-75,831573;-155,415115
880;8,8;0,44737;0,146087;0,047017;-0,881083;150,819855;630,946167;-271,312225;0,571011;0,091849;-0,012175;-0,815697;11,492549;609,348755;-97,282394;-0,339008;-0,026888;0,085506;-0,936504;148,498001;353,822205;-616,036194;-0,64366;0,586041;0,41613;-0,262857;323,767029;-75,845108;-155,418869
881;8,81;0,448098;0,146335;0,047733;-0,880634;150,817612;630,87384;-271,418884;0,571229;0,091745;-0,012128;-0,815557;11,516714;609,405212;-97,320152;-0,338974;-0,02689;0,085533;-0,936513;148,480988;353,792389;-616,031372;-0,643656;0,58606;0,416115;-0,262847;323,773743;-75,853989;-155,416702
882;8,82;0,448559;0,146562;0,048222;-0,880335;150,818253;630,830688;-271,496643;0,5716;0,091598;-0,012194;-0,815313;11,540944;609,472046;-97,382126;-0,338993;-0,026828;0,085526;-0,936509;148,510513;353,801514;-616,017578;-0,64369;0,586058;0,416069;-0,262841;323,788177;-75,847153;-155,402435
883;8,83;0,447961;0,146551;0,047806;-0,880664;150,82782;630,902588;-271,450806;0,571882;0,091369;-0,012336;-0,815138;11,568925;609,575256;-97,436203;-0,339025;-0,026595;0,085587;-0,936499;148,568146;353,778168;-615,961121;-0,643702;0,586031;0,416066;-0,262877;323,778625;-75,837509;-155,405563
884;8,84;0,445857;0,146717;0,046183;-0,88179;150,785904;631,104065;-271,252991;0,572396;0,091126;-0,012319;-0,814805;11,631526;609,730652;-97,518761;-0,339031;-0,026526;0,085618;-0,936496;148,583328;353,766266;-615,936035;-0,643685;0,586099;0,416022;-0,262837;323,797302;-75,866196;-155,380096
885;8,85;0,443753;0,147312;0,044736;-0,882826;150,659576;631,29895;-271,066345;0,572941;0,090891;-0,012088;-0,814451;11,722773;609,937866;-97,61013;-0,339053;-0,026762;0,085553;-0,936487;148,521988;353,837952;-615,984314;-0,643658;0,58615;0,416018;-0,262796;323,805023;-75,887672;-155,36702
886;8,86;0,443773;0,147769;0,044101;-0,882771;150,488678;631,281982;-271,118805;0,57349;0,090721;-0,011924;-0,814087;11,815358;610,156738;-97,723175;-0,339033;-0,02659;0,085599;-0,936495;148,563263;353,788544;-615,93335;-0,643671;0,586109;0,416045;-0,262812;323,790375;-75,869125;-155,37468
887;8,87;0,4459;0,148162;0,04542;-0,881566;150,409698;631,066956;-271,412659;0,574088;0,090541;-0,012096;-0,813682;11,888703;610,353455;-97,874443;-0,339047;-0,026565;0,085543;-0,936495;148,61438;353,811432;-615,92334;-0,643685;0,586077;0,416046;-0,262848;323,781158;-75,858162;-155,377228
888;8,88;0,448094;0,148242;0,047398;-0,880335;150,50354;630,859924;-271,72345;0,574757;0,090291;-0,011997;-0,813239;11,94908;610,555237;-98,023666;-0,339013;-0,026555;0,08559;-0,936504;148,605255;353,77652;-615,919128;-0,643679;0,586085;0,416056;-0,262829;323,787628;-75,863129;-155,376114
889;8,89;0,449775;0,148032;0,049362;-0,879405;150,797546;630,730957;-271,989594;0,575669;0,090051;-0,011682;-0,812625;12,026226;610,78656;-98,20443;-0,339031;-0,026588;0,08559;-0,936496;148,586044;353,792877;-615,9375;-0,643664;0,586053;0,416148;-0,262792;323,772308;-75,845375;-155,401886
890;8,9;0,450706;0,147708;0,051545;-0,878857;151,202377;630,713562;-272,172089;0,576607;0,08972;-0,011475;-0,811999;12,140788;611,069397;-98,404694;-0,339086;-0,026673;0,08552;-0,93648;148,586823;353,860321;-615,969788;-0,643713;0,586002;0,41612;-0,262829;323,774963;-75,820343;-155,404678
891;8,91;0,450534;0,146942;0,053479;-0,878958;151,592834;630,834839;-272,221283;0,577779;0,089429;-0,011335;-0,8112;12,250075;611,407166;-98,661346;-0,339086;-0,026598;0,085575;-0,936477;148,587479;353,837128;-615,95459;-0,643669;0,58608;0,416077;-0,262831;323,784088;-75,85965;-155,394455
892;8,92;0,449332;0,145901;0,054176;-0,879704;151,889481;631,046509;-272,185516;0,579291;0,089037;-0,011139;-0,810167;12,358638;611,779236;-98,989517;-0,339131;-0,026649;0,085514;-0,936465;148,589371;353,890411;-615,968567;-0,643645;0,586116;0,416086;-0,262797;323,788147;-75,873878;-155,391495
893;8,93;0,447528;0,145079;0,054361;-0,880747;152,108582;631,302429;-272,101074;0,58097;0,088859;-0,010748;-0,808989;12,459962;612,167297;-99,377037;-0,339093;-0,026804;0,085446;-0,936481;148,552094;353,902313;-615,981384;-0,64369;0,58607;0,416054;-0,262839;323,78949;-75,854347;-155,386246
894;8,94;0,446127;0,144774;0,055412;-0,881442;152,321365;631,530151;-272,058411;0,582998;0,08879;-0,011206;-0,80753;12,543998;612,586487;-99,817558;-0,339124;-0,026777;0,085458;-0,936469;148,543045;353,911804;-615,981018;-0,64368;0,586111;0,416019;-0,262826;323,805298;-75,873474;-155,368423
895;8,95;0,445914;0,14436;0,057052;-0,881514;152,533844;631,628052;-272,173676;0,584727;0,08828;-0,011558;-0,806329;12,647825;613,041077;-100,121475;-0,339011;-0,026647;0,085476;-0,936512;148,585205;353,796112;-615,933838;-0,643696;0,586096;0,41601;-0,262836;323,803497;-75,866302;-155,362076
896;8,96;0,446609;0,143305;0,058648;-0,881229;152,723129;631,595886;-272,401398;0,586278;0,087469;-0,012049;-0,805284;12,83658;613,45282;-100,298317;-0,338932;-0,026785;0,085507;-0,936534;148,49115;353,756195;-615,941284;-0,643711;0,586084;0,415999;-0,262842;323,797333;-75,859917;-155,360275
897;8,97;0,448117;0,142799;0,060807;-0,880399;152,925583;631,476868;-272,708466;0,588062;0,086822;-0,01265;-0,804043;13,031613;613,805054;-100,498497;-0,339114;-0,026985;0,085479;-0,936465;148,402008;353,934998;-616,016602;-0,643696;0,586066;0,416042;-0,262852;323,773438;-75,852158;-155,376221
898;8,98;0,451093;0,143441;0,063657;-0,878571;153,164719;631,146912;-273,250885;0,589578;0,086365;-0,012788;-0,802979;13,159576;614,115234;-100,721764;-0,339122;-0,026905;0,085468;-0,936466;148,453766;353,938293;-616,002563;-0,643705;0,586034;0,416061;-0,262873;323,763;-75,839203;-155,390244
899;8,99;0,455259;0,143288;0,066003;-0,876271;153,453415;630,678162;-273,968567;0,591088;0,086225;-0,013335;-0,801875;13,235243;614,371094;-101,032036;-0,339046;-0,026788;0,085559;-0,936488;148,488373;353,839813;-615,985291;-0,643701;0,586015;0,416121;-0,262829;323,756531;-75,828903;-155,401443
900;9;0,458609;0,142516;0,068195;-0,874481;153,793655;630,283142;-274,607239;0,592514;0,086486;-0,014466;-0,800774;13,282827;614,665833;-101,38176;-0,338978;-0,026647;0,085632;-0,93651;148,531494;353,751892;-615,952332;-0,643682;0,586078;0,416073;-0,262811;323,769501;-75,855721;-155,390045
901;9,01;0,461152;0,141521;0,071003;-0,87308;154,22612;630,023376;-275,078644;0,593637;0,086112;-0,013848;-0,799993;13,444033;615,020264;-101,656425;-0,33903;-0,02676;0,085565;-0,936494;148,498352;353,824432;-615,980408;-0,643657;0,586076;0,41612;-0,262802;323,75885;-75,850662;-155,403015
902;9,02;0,461367;0,140758;0,074629;-0,872788;154,702896;630,073242;-275,149231;0,59483;0,085627;-0,012912;-0,799174;13,657213;615,40448;-101,942444;-0,339154;-0,026968;0,085401;-0,936458;148,478165;353,984009;-616,02887;-0,643672;0,586091;0,416075;-0,262804;323,774506;-75,857048;-155,390076
903;9,03;0,458636;0,139789;0,078431;-0,874049;155,155029;630,564941;-274,73053;0,595804;0,085642;-0,012537;-0,798452;13,751712;615,780823;-102,250473;-0,339137;-0,026886;0,085455;-0,936462;148,474472;353,94751;-615,993896;-0,643695;0,586066;0,416077;-0,262799;323,788574;-75,846001;-155,384247
904;9,04;0,454855;0,140126;0,0828;-0,875566;155,588318;631,187317;-274,17392;0,596647;0,085401;-0,011533;-0,797863;13,754686;616,064697;-102,542427;-0,339077;-0,026851;0,085514;-0,936479;148,444809;353,871948;-615,988159;-0,643714;0,586079;0,415998;-0,262847;323,803955;-75,855125;-155,363861
905;9,05;0,452066;0,139887;0,085939;-0,876745;155,943863;631,63147;-273,755432;0,597187;0,085009;-0,010566;-0,797514;13,784724;616,218567;-102,714973;-0,338978;-0,026811;0,085513;-0,936516;148,465012;353,779236;-615,974182;-0,643709;0,586064;0,416023;-0,262856;323,793304;-75,850121;-155,367401
906;9,06;0,451392;0,139192;0,087524;-0,877047;156,198624;631,773621;-273,621979;0,597003;0,084964;-0,010763;-0,797654;13,809926;616,245239;-102,677719;-0,338993;-0,026891;0,085561;-0,936504;148,397659;353,799103;-615,992798;-0,643698;0,586063;0,416056;-0,262833;323,781067;-75,846695;-155,372696
907;9,07;0,451317;0,138912;0,087778;-0,877104;156,300568;631,797058;-273,572388;0,596683;0,085133;-0,01136;-0,797868;13,838016;616,179688;-102,554893;-0,339109;-0,026996;0,085481;-0,936466;148,38121;353,929932;-616,018677;-0,643717;0,586051;0,416034;-0,262848;323,773804;-75,840134;-155,372787
908;9,08;0,450643;0,13882;0,086446;-0,877597;156,217606;631,858521;-273,462646;0,596319;0,085253;-0,011399;-0,798126;13,857758;616,118225;-102,466347;-0,33916;-0,027022;0,085444;-0,936451;148,392181;353,981415;-616,036255;-0,643717;0,586076;0,415989;-0,262861;323,776276;-75,855293;-155,370697
909;9,09;0,449672;0,13885;0,084336;-0,878296;155,987061;631,942139;-273,330963;0,596093;0,085443;-0,010996;-0,79828;13,828313;616,046814;-102,480232;-0,339148;-0,026819;0,085601;-0,936446;148,412048;353,907654;-616,018066;-0,643686;0,586115;0,415998;-0,262837;323,770508;-75,870659;-155,374756
910;9,1;0,448591;0,139078;0,082223;-0,879013;155,698303;632,022766;-273,190277;0,595921;0,085649;-0,011397;-0,798381;13,703397;615,963379;-102,521736;-0,339065;-0,026799;0,085576;-0,936479;148,443466;353,844513;-616,010925;-0,64367;0,586097;0,416052;-0,262831;323,755432;-75,863045;-155,390732
911;9,11;0,448007;0,139274;0,080717;-0,879419;155,488373;632,061096;-273,099091;0,595583;0,085789;-0,01186;-0,798612;13,615746;615,891174;-102,472694;-0,339093;-0,026835;0,085473;-0,936478;148,452057;353,884369;-616,016785;-0,643694;0,586062;0,416069;-0,262823;323,759369;-75,849121;-155,391693
912;9,12;0,447628;0,139255;0,079747;-0,879703;155,418823;632,082214;-273,034424;0,595486;0,085844;-0,01164;-0,798681;13,651285;615,861755;-102,402176;-0,339137;-0,026986;0,085457;-0,936459;148,36084;353,943878;-616,044983;-0,643702;0,58605;0,416063;-0,26284;323,764435;-75,845016;-155,389359
913;9,13;0,447565;0,139037;0,079828;-0,879762;155,474792;632,089722;-273,010254;0,595386;0,085781;-0,011556;-0,798764;13,700822;615,886353;-102,33593;-0,339159;-0,027122;0,085447;-0,936448;148,303177;353,983765;-616,067749;-0,643686;0,58605;0,416089;-0,262836;323,753937;-75,841354;-155,391663
914;9,14;0,447903;0,13887;0,080703;-0,879537;155,601456;632,078552;-273,041656;0,595424;0,085841;-0,011575;-0,798729;13,706015;615,896362;-102,340118;-0,33917;-0,026991;0,085428;-0,93645;148,371307;353,973236;-616,029236;-0,643706;0,586044;0,416065;-0,262842;323,764526;-75,838417;-155,378372
915;9,15;0,448392;0,138859;0,082191;-0,879151;155,735352;632,055664;-273,104462;0,595725;0,085814;-0,011683;-0,798506;13,666926;615,921631;-102,433708;-0,339131;-0,026847;0,085493;-0,936462;148,420654;353,910278;-615,993774;-0,64372;0,586083;0,415997;-0,262827;323,788483;-75,854179;-155,355011
916;9,16;0,448905;0,138996;0,083322;-0,878762;155,838089;632,016174;-273,181976;0,595867;0,085689;-0,011514;-0,798416;13,682909;615,966064;-102,482857;-0,339123;-0,026791;0,085541;-0,936462;148,450302;353,887329;-615,987244;-0,643657;0,586066;0,416145;-0,262785;323,754883;-75,84919;-155,386032
917;9,17;0,449293;0,138901;0,083725;-0,87854;155,885788;631,973816;-273,254578;0,596043;0,085555;-0,011217;-0,798303;13,759091;616,029419;-102,488419;-0,339073;-0,026923;0,085417;-0,936487;148,469147;353,905182;-615,995544;-0,643671;0,586083;0,416096;-0,26279;323,765503;-75,857956;-155,372681
918;9,18;0,449594;0,138497;0,083493;-0,878472;155,898376;631,937622;-273,3013;0,596084;0,085421;-0,011128;-0,798288;13,835212;616,076965;-102,457687;-0,339126;-0,027016;0,085343;-0,936472;148,469238;353,981567;-616,020325;-0,643698;0,586095;0,41602;-0,262817;323,780518;-75,861923;-155,361572
919;9,19;0,44978;0,138641;0,083855;-0,878319;155,909134;631,917358;-273,326233;0,596068;0,085398;-0,011253;-0,798301;13,856063;616,091003;-102,455811;-0,339172;-0,026877;0,085445;-0,93645;148,481094;353,971375;-616,003113;-0,643673;0,586024;0,41617;-0,262798;323,751617;-75,829926;-155,40065
920;9,2;0,449559;0,138791;0,084075;-0,878388;155,936691;631,947388;-273,295105;0,596154;0,085548;-0,011207;-0,798221;13,808689;616,060974;-102,497086;-0,339116;-0,026811;0,085494;-0,936468;148,493378;353,906525;-615,985291;-0,643687;0,586035;0,416125;-0,262811;323,758606;-75,833115;-155,389938
921;9,21;0,449166;0,138959;0,08426;-0,878545;155,992432;632,003174;-273,226044;0,595983;0,085697;-0,01131;-0,798331;13,740929;616,007568;-102,501068;-0,339062;-0,026808;0,085541;-0,936483;148,463516;353,853516;-615,977539;-0,643714;0,586103;0,41596;-0,262853;323,795959;-75,86573;-155,350586
922;9,22;0,448799;0,139109;0,084621;-0,878674;156,06752;632,052429;-273,153198;0,595817;0,085732;-0,01161;-0,798447;13,715727;615,958496;-102,470383;-0,339082;-0,02685;0,085462;-0,936482;148,479492;353,890961;-615,982727;-0,643696;0,586066;0,416067;-0,262813;323,783112;-75,846809;-155,369247
923;9,23;0,448457;0,139235;0,084654;-0,878825;156,130737;632,088867;-273,092957;0,595609;0,085777;-0,011618;-0,798597;13,739066;615,929749;-102,391487;-0,339165;-0,02698;0,085314;-0,936462;148,495529;354,004456;-616,014099;-0,643714;0,586038;0,416062;-0,262838;323,786316;-75,83728;-155,371933
924;9,24;0,448225;0,139405;0,084592;-0,878923;156,160263;632,109741;-273,060547;0,5955;0,085793;-0,011638;-0,798676;13,759151;615,930359;-102,355659;-0,339154;-0,026976;0,08536;-0,936462;148,46611;353,986237;-616,008301;-0,643702;0,586066;0,416032;-0,262854;323,790619;-75,853867;-155,367523
925;9,25;0,448293;0,139412;0,084672;-0,878879;156,135757;632,105225;-273,07309;0,595638;0,085845;-0,011512;-0,798569;13,750851;615,924438;-102,400963;-0,339143;-0,026924;0,08544;-0,93646;148,451981;353,950012;-616,007568;-0,643729;0,586041;0,416014;-0,262873;323,788727;-75,842033;-155,367218
926;9,26;0,448588;0,139219;0,084585;-0,878767;156,073227;632,0755;-273,127686;0,595707;0,085773;-0,011527;-0,798526;13,70575;615,941345;-102,449463;-0,3391;-0,026955;0,085434;-0,936475;148,451706;353,921539;-616,018921;-0,643728;0,586037;0,416018;-0,262876;323,779236;-75,83802;-155,370926
927;9,27;0,448942;0,138994;0,084397;-0,878641;156,016144;632,038757;-273,192932;0,595889;0,085653;-0,011577;-0,798402;13,696054;615,971741;-102,487663;-0,339062;-0,026913;0,08541;-0,936492;148,475433;353,892273;-616,000122;-0,643669;0,586099;0,416054;-0,262824;323,771606;-75,863388;-155,375092
928;9,28;0,4493;0,138888;0,084487;-0,878466;156,01683;631,998169;-273,264709;0,596026;0,085535;-0,011281;-0,798317;13,741654;616,020691;-102,49192;-0,339083;-0,026954;0,085391;-0,936485;148,459351;353,91687;-616,014221;-0,643705;0,586082;0,415997;-0,262864;323,781586;-75,859589;-155,369614
929;9,29;0,449595;0,138771;0,084771;-0,878306;156,059891;631,966248;-273,319;0,596062;0,085475;-0,011066;-0,798299;13,774343;616,067383;-102,48378;-0,339076;-0,026964;0,085459;-0,936482;148,406387;353,896942;-616,019043;-0,643727;0,586043;0,416029;-0,26285;323,778229;-75,838654;-155,37796
930;9,3;0,449838;0,13886;0,085815;-0,878066;156,141006;631,955505;-273,351166;0,596209;0,085424;-0,011095;-0,798195;13,758024;616,069824;-102,515526;-0,339084;-0,026986;0,08551;-0,936473;148,36058;353,89325;-616,03302;-0,643694;0,586059;0,416078;-0,262817;323,773621;-75,845329;-155,38649
931;9,31;0,449894;0,138738;0,086655;-0,877974;156,226837;631,969482;-273,34726;0,596202;0,085468;-0,011264;-0,798193;13,714948;616,058777;-102,537918;-0,339086;-0,026791;0,085497;-0,936479;148,457932;353,863007;-615,990417;-0,643693;0,586021;0,416142;-0,262803;323,763519;-75,827614;-155,398361
932;9,32;0,449785;0,138839;0,086967;-0,877983;156,305939;631,990784;-273,327454;0,596145;0,085516;-0,011333;-0,798229;13,71164;616,04187;-102,539314;-0,339069;-0,026688;0,085516;-0,936487;148,503281;353,829498;-615,965576;-0,643706;0,586049;0,416059;-0,262839;323,775818;-75,842567;-155,382401
933;9,33;0,449663;0,139161;0,087344;-0,877957;156,348129;632,002625;-273,304626;0,596107;0,08558;-0,011276;-0,798251;13,745042;616,037292;-102,517456;-0,339106;-0,026753;0,085493;-0,936473;148,491196;353,87384;-615,986938;-0,643701;0,586045;0,416062;-0,262853;323,773407;-75,842751;-155,388947
934;9,34;0,449563;0,139102;0,087047;-0,878047;156,341156;632,00647;-273,285522;0,595984;0,085638;-0,011256;-0,798337;13,780903;616,034546;-102,478325;-0,339138;-0,026733;0,085493;-0,936462;148,503525;353,8974;-615,98584;-0,643709;0,586054;0,41605;-0,262835;323,783234;-75,843452;-155,384918
935;9,35;0,449462;0,139089;0,086762;-0,878129;156,305283;632,010132;-273,271484;0,595994;0,08564;-0,011162;-0,798331;13,788846;616,029846;-102,47567;-0,339134;-0,026746;0,085502;-0,936463;148,508347;353,899231;-615,988403;-0,643704;0,586087;0,416027;-0,26281;323,792938;-75,854233;-155,37323
936;9,36;0,449405;0,138996;0,086265;-0,878222;156,260284;632,009033;-273,272736;0,595993;0,08571;-0,01121;-0,798324;13,775572;616,023254;-102,495956;-0,339091;-0,026807;0,085447;-0,936481;148,516098;353,894012;-615,989807;-0,643729;0,586043;0,41602;-0,262856;323,790253;-75,839569;-155,381104
937;9,37;0,449505;0,138995;0,08615;-0,878182;156,235489;631,998047;-273,295319;0,596056;0,085659;-0,011293;-0,798281;13,757315;616,016724;-102,521553;-0,339086;-0,026863;0,085478;-0,936479;148,481812;353,888153;-616,016296;-0,643715;0,586067;0,415999;-0,262871;323,796997;-75,856514;-155,380753
938;9,38;0,449752;0,138734;0,086264;-0,878086;156,234924;631,974243;-273,33313;0,5961;0,085543;-0,011337;-0,79826;13,755239;616,031616;-102,524521;-0,339092;-0,026844;0,08547;-0,936478;148,491379;353,88855;-616,011475;-0,643681;0,586082;0,416078;-0,262796;323,791382;-75,855614;-155,388626
939;9,39;0,450117;0,138822;0,086588;-0,877853;156,249527;631,930481;-273,398163;0,596165;0,085483;-0,011185;-0,79822;13,794427;616,071411;-102,520767;-0,339077;-0,026775;0,085562;-0,936477;148,461212;353,848053;-615,994446;-0,643705;0,586046;0,416085;-0,262807;323,79007;-75,837349;-155,391251
940;9,4;0,450601;0,13894;0,086983;-0,877547;156,259857;631,875854;-273,481384;0,596409;0,085197;-0,011002;-0,798071;13,825829;616,131042;-102,558929;-0,33908;-0,02681;0,085537;-0,936477;148,461136;353,860504;-616,007019;-0,643693;0,586067;0,416059;-0,262831;323,785828;-75,848114;-155,390167
941;9,41;0,451054;0,138901;0,087327;-0,877286;156,25473;631,819275;-273,565857;0,596603;0,08509;-0,010861;-0,797939;13,82484;616,184448;-102,602783;-0,339056;-0,026902;0,085461;-0,93649;148,469986;353,872772;-616,026367;-0,643689;0,586043;0,416123;-0,262792;323,777283;-75,833755;-155,400986
942;9,42;0,451396;0,13901;0,0876;-0,877065;156,253662;631,775146;-273,634552;0,596815;0,085057;-0,010843;-0,797784;13,815702;616,21759;-102,650406;-0,339052;-0,026859;0,085466;-0,936492;148,482742;353,860687;-616,015381;-0,64371;0,586042;0,416081;-0,26281;323,788177;-75,834442;-155,394501
943;9,43;0,451565;0,13918;0,087727;-0,876939;156,246552;631,753113;-273,666718;0,596918;0,084969;-0,010768;-0,797718;13,81819;616,234253;-102,669312;-0,339041;-0,026938;0,085432;-0,936497;148,461853;353,871033;-616,030334;-0,643703;0,586065;0,416042;-0,262839;323,79007;-75,847519;-155,388885
944;9,44;0,45147;0,139118;0,087464;-0,877024;156,234024;631,762329;-273,649597;0,596807;0,084962;-0,010819;-0,797801;13,835539;616,234802;-102,639786;-0,339042;-0,026969;0,085479;-0,936492;148,41684;353,866455;-616,03833;-0,643693;0,586069;0,416056;-0,262831;323,785187;-75,849045;-155,389893
945;9,45;0,451175;0,138881;0,087228;-0,877237;156,232346;631,803284;-273,588531;0,596684;0,085057;-0,010969;-0,79788;13,830937;616,197937;-102,611092;-0,339071;-0,026853;0,085572;-0,936476;148,415298;353,847321;-616,021362;-0,643709;0,586005;0,416105;-0,262857;323,772858;-75,823875;-155,40831
946;9,46;0,450664;0,138963;0,087019;-0,877507;156,240936;631,867126;-273,495422;0,596437;0,085226;-0,011122;-0,798045;13,797616;616,133911;-102,575569;-0,339093;-0,026802;0,085553;-0,936471;148,437927;353,859772;-616,007324;-0,643711;0,586018;0,416079;-0,262863;323,780243;-75,83152;-155,403809
947;9,47;0,450105;0,138965;0,086712;-0,877824;156,252914;631,932556;-273,400299;0,596211;0,085428;-0,011268;-0,79819;13,752842;616,063721;-102,545013;-0,339108;-0,02691;0,085443;-0,936473;148,461914;353,912842;-616,031738;-0,643683;0,586042;0,416104;-0,26284;323,773071;-75,840286;-155,406174
948;9,48;0,449691;0,139005;0,086483;-0,878052;156,249619;631,982666;-273,322693;0,596052;0,085557;-0,011308;-0,798294;13,734143;616,007202;-102,520142;-0,339106;-0,026874;0,08545;-0,936474;148,484802;353,90387;-616,0271;-0,643668;0,58605;0,416118;-0,262837;323,764862;-75,843536;-155,406967
949;9,49;0,44945;0,139147;0,086265;-0,878175;156,225906;632,000977;-273,282043;0,595893;0,085736;-0,011431;-0,798393;13,740063;615,991089;-102,489624;-0,339136;-0,026779;0,085419;-0,936469;148,538269;353,918884;-616,002563;-0,643688;0,586057;0,416069;-0,262849;323,775848;-75,846718;-155,397049
950;9,5;0,44955;0,139069;0,086004;-0,878162;156,204941;631,985535;-273,298981;0,595968;0,085761;-0,011294;-0,798336;13,764219;616,003906;-102,488503;-0,339132;-0,026772;0,085505;-0,936463;148,493256;353,899658;-615,999512;-0,643702;0,586052;0,416052;-0,262854;323,783051;-75,84362;-155,392624
951;9,51;0,449856;0,138941;0,085948;-0,878031;156,20401;631,949036;-273,354919;0,596121;0,085612;-0,011118;-0,79824;13,789866;616,045166;-102,5112;-0,339114;-0,026762;0,085462;-0,936473;148,52919;353,898956;-615,985352;-0,643688;0,586087;0,416034;-0,262837;323,792694;-75,859558;-155,384216
952;9,52;0,450206;0,13909;0,086552;-0,877769;156,240784;631,906616;-273,428009;0,596315;0,085397;-0,011105;-0,798118;13,797493;616,09314;-102,551788;-0,339114;-0,026724;0,085464;-0,936474;148,546219;353,888214;-615,980591;-0,643659;0,586053;0,416168;-0,26277;323,776062;-75,838882;-155,407684
953;9,53;0,450623;0,138916;0,087129;-0,877525;156,311737;631,871704;-273,497528;0,59651;0,085286;-0,011003;-0,797986;13,80579;616,131897;-102,591995;-0,339069;-0,02679;0,085486;-0,936486;148,513931;353,857391;-615,994019;-0,64369;0,586039;0,41612;-0,262802;323,79126;-75,835388;-155,400269
954;9,54;0,45102;0,13899;0,088123;-0,87721;156,396545;631,84613;-273,552185;0,596604;0,085252;-0,011001;-0,797919;13,821637;616,167847;-102,608932;-0,33907;-0,026809;0,085474;-0,936486;148,514893;353,862305;-616,000671;-0,64371;0,58608;0,416023;-0,262817;323,812958;-75,853226;-155,377869
955;9,55;0,45123;0,139242;0,089025;-0,876971;156,481812;631,8302;-273,587769;0,596703;0,085138;-0,010891;-0,797858;13,837897;616,188965;-102,62011;-0,339075;-0,026798;0,08545;-0,936487;148,524109;353,868073;-616,000671;-0,643724;0,586084;0,415974;-0,262852;323,819611;-75,857368;-155,372833
956;9,56;0,451296;0,139294;0,089526;-0,876877;156,530518;631,825073;-273,60379;0,596706;0,085047;-0,010856;-0,797866;13,834666;616,19696;-102,621857;-0,33907;-0,026805;0,085467;-0,936487;148,510925;353,859131;-616,008118;-0,643725;0,586006;0,41607;-0,262869;323,792206;-75,823303;-155,405426
957;9,57;0,451282;0,139069;0,089286;-0,876945;156,514999;631,82843;-273,600311;0,596679;0,085099;-0,010988;-0,797879;13,819691;616,184326;-102,629288;-0,339069;-0,026782;0,085466;-0,936488;148,523499;353,855774;-616,005554;-0,643699;0,586036;0,416092;-0,262833;323,791321;-75,835724;-155,406143
958;9,58;0,451121;0,139077;0,088816;-0,877074;156,463272;631,836914;-273,586029;0,596693;0,085183;-0,010933;-0,797861;13,808359;616,168945;-102,636475;-0,339062;-0,026735;0,08546;-0,936493;148,543549;353,847565;-615,993408;-0,643698;0,586073;0,416041;-0,262833;323,806671;-75,854141;-155,39299
959;9,59;0,450897;0,139365;0,088528;-0,877173;156,415054;631,847046;-273,557953;0,596586;0,085188;-0,010963;-0,79794;13,808213;616,156006;-102,615723;-0,339071;-0,02681;0,085472;-0,936487;148,504166;353,86261;-616,015198;-0,64367;0,586082;0,416075;-0,262828;323,790649;-75,859886;-155,402893
960;9,6;0,450702;0,139218;0,08807;-0,877343;156,385925;631,86908;-273,517059;0,596505;0,085265;-0,010995;-0,797991;13,824901;616,13855;-102,589813;-0,339056;-0,026851;0,085449;-0,936493;148,503387;353,868256;-616,013123;-0,643665;0,586083;0,416089;-0,262817;323,78598;-75,860062;-155,403259
961;9,61;0,45052;0,13906;0,08776;-0,877492;156,395081;631,892944;-273,472351;0,596395;0,085282;-0,011163;-0,79807;13,81876;616,117615;-102,561775;-0,339115;-0,026733;0,085443;-0,936475;148,556473;353,894165;-615,991089;-0,643665;0,586078;0,416085;-0,262833;323,77887;-75,857964;-155,403351
962;9,62;0,450386;0,139306;0,088349;-0,877463;156,441132;631,912476;-273,437653;0,596319;0,085367;-0,011155;-0,798117;13,805317;616,094238;-102,546135;-0,339129;-0,026636;0,085492;-0,936468;148,568756;353,879211;-615,967529;-0,643696;0,586024;0,416091;-0,262869;323,772614;-75,834412;-155,408951
963;9,63;0,450292;0,139533;0,088844;-0,877425;156,494934;631,923462;-273,42572;0,596327;0,085368;-0,011165;-0,798111;13,784344;616,078186;-102,546928;-0,339111;-0,026669;0,0855;-0,936473;148,554916;353,869507;-615,970825;-0,64371;0,586049;0,416035;-0,262864;323,785828;-75,843163;-155,389786
964;9,64;0,450379;0,139398;0,088828;-0,877403;156,512283;631,914917;-273,442719;0,596307;0,085401;-0,01122;-0,798122;13,79009;616,084229;-102,547333;-0,339106;-0,026804;0,085386;-0,936482;148,563248;353,91217;-615,993958;-0,643709;0,586054;0,416034;-0,262859;323,792694;-75,847374;-155,389496
965;9,65;0,450646;0,139197;0,088632;-0,877318;156,491959;631,882813;-273,489777;0,596441;0,085269;-0,011055;-0,798038;13,800735;616,117554;-102,561699;-0,3391;-0,026864;0,085397;-0,936481;148,529526;353,911591;-616,013367;-0,643699;0,586062;0,416043;-0,262854;323,797455;-75,852692;-155,391037
966;9,66;0,451002;0,139248;0,088581;-0,877132;156,443649;631,839905;-273,550873;0,596611;0,085085;-0,010965;-0,797932;13,809526;616,160156;-102,582581;-0,339119;-0,026751;0,085483;-0,93647;148,514618;353,8862;-615,996948;-0,643672;0,5861;0,41605;-0,262824;323,800049;-75,868729;-155,38942
967;9,67;0,451254;0,139316;0,088585;-0,876991;156,405518;631,808655;-273,599609;0,59674;0,084971;-0,011006;-0,797847;13,807637;616,195557;-102,608521;-0,339099;-0,026733;0,085488;-0,936477;148,508209;353,865173;-615,989014;-0,64368;0,586092;0,416041;-0,262834;323,797943;-75,864433;-155,39296
968;9,68;0,451301;0,139367;0,088667;-0,876951;156,405396;631,799927;-273,615875;0,596852;0,084936;-0,01087;-0,797769;13,793975;616,205261;-102,629959;-0,339085;-0,026878;0,085394;-0,936487;148,495941;353,896393;-616,018799;-0,643681;0,586057;0,416089;-0,262833;323,78299;-75,84597;-155,405777
969;9,69;0,451226;0,139332;0,089031;-0,876958;156,453735;631,82251;-273,590912;0,596771;0,085024;-0,010819;-0,797821;13,782701;616,189331;-102,618271;-0,339105;-0,026771;0,085413;-0,93648;148,526016;353,88797;-615,998169;-0,643706;0,58605;0,416054;-0,262843;323,793091;-75,843124;-155,39798
970;9,7;0,450843;0,139475;0,089574;-0,877077;156,527176;631,874451;-273,520721;0,596607;0,085101;-0,011006;-0,797933;13,775113;616,148865;-102,584946;-0,339082;-0,02683;0,085408;-0,936488;148,498993;353,886505;-615,997253;-0,643703;0,58605;0,416056;-0,26285;323,790497;-75,846344;-155,395432
971;9,71;0,450378;0,139743;0,089998;-0,87723;156,614212;631,937866;-273,437073;0,59636;0,085202;-0,011229;-0,798103;13,76026;616,09491;-102,537216;-0,339079;-0,026965;0,085412;-0,936484;148,434204;353,908417;-616,026062;-0,643713;0,586047;0,41604;-0,262856;323,784882;-75,843597;-155,388458
972;9,72;0,449976;0,139843;0,089899;-0,87743;156,66597;631,988403;-273,365631;0,596169;0,085366;-0,011341;-0,798227;13,73633;616,044373;-102,504967;-0,33911;-0,026875;0,085423;-0,936475;148,471558;353,910492;-616,014954;-0,643728;0,586047;0,415999;-0,262884;323,784149;-75,845444;-155,383026
973;9,73;0,449786;0,13997;0,08986;-0,877511;156,65834;632,005249;-273,338348;0,596139;0,085422;-0,011404;-0,798243;13,716868;616,018005;-102,501762;-0,339134;-0,026825;0,085419;-0,936468;148,491226;353,920807;-616,010437;-0,643696;0,586054;0,416066;-0,262839;323,77124;-75,843224;-155,393463
974;9,74;0,449966;0,140107;0,08988;-0,877395;156,603043;631,976196;-273,375061;0,59618;0,085307;-0,01144;-0,798223;13,705501;616,032837;-102,513603;-0,339134;-0,026749;0,085445;-0,936468;148,496948;353,900421;-615,99353;-0,643706;0,586071;0,416041;-0,262819;323,7854;-75,850349;-155,383194
975;9,75;0,450436;0,139702;0,089424;-0,877265;156,525818;631,912659;-273,464142;0,596405;0,085154;-0,011344;-0,798073;13,715972;616,08374;-102,552193;-0,339127;-0,026701;0,085539;-0,936463;148,457001;353,859314;-615,993835;-0,643644;0,586058;0,416167;-0,2628;323,755737;-75,848412;-155,415146
976;9,76;0,451027;0,139513;0,088989;-0,877036;156,459152;631,833923;-273,576691;0,596692;0,085016;-0,011073;-0,797877;13,737103;616,160889;-102,595718;-0,339105;-0,026794;0,085552;-0,936467;148,403198;353,85376;-616,01709;-0,643673;0,586048;0,416134;-0,262803;323,763;-75,838875;-155,407074
977;9,77;0,451639;0,139517;0,08953;-0,876665;156,447159;631,766907;-273,673828;0,596947;0,084791;-0,010864;-0,797714;13,761086;616,232605;-102,636787;-0,339052;-0,026902;0,085553;-0,936483;148,356628;353,83194;-616,031006;-0,643722;0,585989;0,416132;-0,262816;323,765808;-75,812492;-155,408417
978;9,78;0,452022;0,139527;0,090319;-0,876385;156,51062;631,730713;-273,73703;0,597162;0,084674;-0,01081;-0,797566;13,782374;616,276184;-102,672501;-0,339064;-0,026872;0,0855;-0,936485;148,400803;353,846863;-616,019836;-0,643738;0,58603;0,416045;-0,262827;323,784912;-75,830124;-155,384735
979;9,79;0,452156;0,139548;0,0911;-0,876232;156,617081;631,733582;-273,748871;0,597178;0,08468;-0,0108;-0,797553;13,797504;616,288879;-102,677689;-0,339057;-0,026942;0,085386;-0,936495;148,437134;353,882843;-616,025024;-0,643695;0,586084;0,416043;-0,262814;323,777252;-75,853928;-155,378494
980;9,8;0,452002;0,139791;0,092226;-0,876155;156,736359;631,76947;-273,707977;0,597093;0,084724;-0,010833;-0,797612;13,801374;616,264648;-102,657661;-0,339071;-0,02688;0,085436;-0,936488;148,439194;353,874054;-616,012634;-0,643682;0,586083;0,416055;-0,262829;323,76535;-75,855515;-155,383484
981;9,81;0,451606;0,140014;0,09292;-0,87625;156,832108;631,822327;-273,636993;0,596903;0,084824;-0,010977;-0,797742;13,790134;616,219788;-102,619888;-0,33909;-0,026842;0,085485;-0,936477;148,432922;353,872101;-616,010437;-0,64373;0,585992;0,416092;-0,262854;323,756592;-75,814964;-155,394028
982;9,82;0,451175;0,140163;0,092767;-0,876465;156,86235;631,872437;-273,569092;0,596694;0,085027;-0,011018;-0,797875;13,77174;616,166382;-102,583557;-0,339103;-0,026807;0,085463;-0,936476;148,464661;353,881256;-616,004395;-0,643728;0,585955;0,416125;-0,262889;323,745575;-75,804024;-155,411728
983;9,83;0,4509;0,140113;0,092088;-0,876686;156,786774;631,89679;-273,525208;0,596572;0,085173;-0,011175;-0,797949;13,741715;616,118103;-102,569077;-0,339125;-0,026753;0,085504;-0,936466;148,459641;353,87619;-616,001221;-0,643687;0,58603;0,416103;-0,262859;323,750916;-75,837288;-155,403381
984;9,84;0,450734;0,139857;0,090599;-0,876967;156,635361;631,897766;-273,510101;0,596513;0,085229;-0,011264;-0,797986;13,715781;616,097778;-102,564545;-0,3391;-0,026895;0,085509;-0,93647;148,384827;353,874573;-616,033875;-0,643723;0,586009;0,416103;-0,262816;323,765686;-75,820473;-155,394073
985;9,85;0,450768;0,139859;0,089351;-0,877077;156,479202;631,878662;-273,527039;0,596564;0,085194;-0,011292;-0,797951;13,703728;616,104126;-102,573868;-0,339098;-0,026847;0,085549;-0,936468;148,366104;353,85321;-616,023376;-0,643702;0,585993;0,416183;-0,262778;323,757935;-75,810432;-155,407928
986;9,86;0,450925;0,139825;0,088633;-0,877075;156,384933;631,848633;-273,561066;0,596686;0,085165;-0,011162;-0,797865;13,711529;616,13092;-102,58992;-0,339095;-0,026764;0,085546;-0,936472;148,397873;353,838745;-616,000671;-0,643693;0,586051;0,41609;-0,262816;323,774567;-75,84198;-155,391342
987;9,87;0,451132;0,139861;0,08884;-0,876942;156,40535;631,820129;-273,604401;0,596789;0,085147;-0,010999;-0,797792;13,737778;616,164001;-102,604927;-0,339052;-0,026833;0,085532;-0,936487;148,38118;353,826752;-616,003296;-0,643717;0,586067;0,416007;-0,262854;323,788086;-75,852173;-155,375656
988;9,88;0,451457;0,139875;0,090005;-0,876653;156,538742;631,797546;-273,654327;0,596921;0,085063;-0,01097;-0,797702;13,765966;616,197815;-102,627365;-0,339036;-0,026873;0,0855;-0,936495;148,395538;353,831696;-616,00647;-0,643734;0,586073;0,415976;-0,262846;323,795197;-75,852547;-155,35968
989;9,89;0,451846;0,139867;0,091712;-0,876277;156,736328;631,774048;-273,712036;0,59705;0,084971;-0,010921;-0,797616;13,796782;616,236755;-102,649551;-0,339022;-0,026888;0,085524;-0,936497;148,393997;353,819183;-616,013062;-0,643723;0,58607;0,416014;-0,26282;323,78479;-75,847542;-155,360504
990;9,9;0,452233;0,139956;0,093396;-0,875885;156,926498;631,746704;-273,769928;0,597219;0,084839;-0,010758;-0,797506;13,826143;616,280945;-102,677017;-0,339061;-0,026798;0,08555;-0,936483;148,416962;353,826111;-616,002014;-0,643708;0,586069;0,416041;-0,26282;323,778656;-75,850517;-155,367584
991;9,91;0,452595;0,140156;0,094744;-0,875521;157,052063;631,713745;-273,822418;0,597355;0,0848;-0,010748;-0,797409;13,847923;616,318909;-102,702446;-0,339043;-0,026828;0,085583;-0,936486;148,388977;353,812866;-616,005188;-0,643706;0,586089;0,416003;-0,262837;323,783386;-75,863373;-155,361603
992;9,92;0,452861;0,140116;0,095191;-0,875342;157,09906;631,681458;-273,872498;0,597442;0,084751;-0,010779;-0,797348;13,850889;616,343689;-102,719467;-0,33902;-0,02696;0,085554;-0,936493;148,354263;353,82312;-616,032959;-0,643705;0,586101;0,415983;-0,262844;323,785675;-75,869667;-155,360031
993;9,93;0,452988;0,140094;0,095189;-0,87528;157,095108;631,661194;-273,90506;0,597526;0,084773;-0,010718;-0,797284;13,849016;616,354675;-102,737923;-0,339034;-0,026969;0,08554;-0,936489;148,346436;353,836548;-616,037842;-0,643686;0,586105;0,416059;-0,262763;323,787994;-75,862656;-155,364563
994;9,94;0,453075;0,140015;0,095018;-0,875266;157,065369;631,65509;-273,911285;0,59755;0,084838;-0,010616;-0,79726;13,844226;616,358459;-102,744057;-0,339028;-0,026886;0,0855;-0,936497;148,397537;353,827545;-616,009399;-0,643693;0,586064;0,416083;-0,262799;323,773376;-75,844009;-155,377594
995;9,95;0,452966;0,140045;0,094713;-0,875351;157,029236;631,663086;-273,892578;0,597528;0,08483;-0,010726;-0,797276;13,841746;616,349121;-102,738243;-0,339047;-0,026824;0,085508;-0,936491;148,421082;353,828003;-615,996338;-0,643704;0,586052;0,416079;-0,262805;323,779907;-75,840797;-155,377869
996;9,96;0,452746;0,140148;0,094506;-0,87547;157,010727;631,68512;-273,850098;0,597447;0,084882;-0,010771;-0,797331;13,841436;616,327271;-102,718369;-0,339055;-0,026892;0,085513;-0,936486;148,395538;353,843811;-616,014404;-0,643713;0,58607;0,416006;-0,262859;323,791016;-75,856285;-155,367111
997;9,97;0,452453;0,140232;0,094295;-0,875631;157,010071;631,719788;-273,788391;0,597285;0,084989;-0,01076;-0,797441;13,846778;616,296204;-102,684158;-0,339071;-0,026899;0,085492;-0,936482;148,414185;353,865448;-616,012939;-0,6437;0,58609;0,415996;-0,262861;323,78952;-75,864479;-155,363052
998;9,98;0,452117;0,140149;0,094017;-0,875848;157,008362;631,759338;-273,721924;0,597149;0,08504;-0,010741;-0,797538;13,846917;616,257629;-102,652786;-0,339092;-0,026793;0,085502;-0,936476;148,461044;353,866943;-615,985291;-0,643722;0,586054;0,41601;-0,262866;323,786377;-75,847549;-155,363388
999;9,99;0,451811;0,140138;0,09387;-0,876023;157,013779;631,793396;-273,670837;0,596994;0,085169;-0,010813;-0,797639;13,831323;616,222473;-102,628609;-0,33908;-0,02687;0,085457;-0,936483;148,462204;353,883789;-615,995239;-0,6437;0,586085;0,416021;-0,262834;323,790894;-75,862396;-155,359711
1000;10;0,451705;0,140232;0,094012;-0,876048;157,016129;631,804138;-273,652618;0,596946;0,08526;-0,010796;-0,797665;13,816557;616,20459;-102,620575;-0,339085;-0,026935;0,085411;-0,936483;148,462555;353,909851;-616,009827;-0,643691;0,586076;0,416049;-0,26283;323,783051;-75,858879;-155,366455
1001;10,01;0,451825;0,140197;0,094186;-0,875973;157,024796;631,79303;-273,672577;0,596989;0,085225;-0,010751;-0,797637;13,815378;616,212219;-102,631317;-0,339095;-0,026861;0,085445;-0,936478;148,469208;353,896271;-615,996338;-0,643702;0,586098;0,415997;-0,26284;323,785522;-75,865021;-155,356415
1002;10,02;0,452098;0,140161;0,094431;-0,875811;157,040436;631,765259;-273,718567;0,597104;0,085103;-0,010751;-0,797565;13,82895;616,247803;-102,65271;-0,339096;-0,02673;0,085532;-0,936474;148,45755;353,85437;-615,968079;-0,643723;0,586048;0,416052;-0,26281;323,779633;-75,835815;-155,364655
1003;10,03;0,45244;0,140079;0,09484;-0,875603;157,073288;631,731323;-273,774017;0,597265;0,08499;-0,01066;-0,797457;13,841286;616,28894;-102,680428;-0,339109;-0,026747;0,08551;-0,936471;148,449249;353,866119;-615,979675;-0,643714;0,58607;0,416043;-0,262797;323,783051;-75,844795;-155,360779
1004;10,04;0,452783;0,139973;0,095564;-0,875364;157,127686;631,706482;-273,820892;0,597369;0,084925;-0,010737;-0,797385;13,838803;616,321411;-102,704597;-0,339083;-0,026938;0,085474;-0,936478;148,380951;353,883362;-616,021851;-0,643736;0,586045;0,416025;-0,262827;323,781616;-75,836838;-155,361801
1005;10,05;0,452932;0,140091;0,096206;-0,875198;157,193176;631,697876;-273,843933;0,597417;0,084894;-0,010802;-0,797352;13,831055;616,334839;-102,721344;-0,339083;-0,026969;0,085459;-0,936479;148,380005;353,888092;-616,032776;-0,643735;0,586019;0,416061;-0,262832;323,771484;-75,827171;-155,370377
1006;10,06;0,452915;0,140238;0,096696;-0,875129;157,269913;631,706177;-273,844116;0,597413;0,08493;-0,010754;-0,797351;13,836481;616,333557;-102,724747;-0,339068;-0,026832;0,085532;-0,936481;148,397751;353,840607;-615,999939;-0,643689;0,586078;0,416071;-0,262796;323,772247;-75,854012;-155,366119
1007;10,07;0,45284;0,14013;0,096953;-0,875157;157,330124;631,723389;-273,825012;0,597351;0,084942;-0,010672;-0,797397;13,84959;616,325745;-102,713264;-0,339075;-0,02675;0,085521;-0,936482;148,447128;353,841309;-615,978027;-0,643716;0,586051;0,416028;-0,26286;323,762482;-75,84375;-155,36467
1008;10,08;0,452763;0,140089;0,097179;-0,875178;157,375687;631,739746;-273,80545;0,597294;0,084973;-0,010734;-0,797436;13,861925;616,315979;-102,701691;-0,33905;-0,026914;0,085512;-0,936487;148,394821;353,856842;-616,009399;-0,643725;0,586085;0,415963;-0,262864;323,772919;-75,858398;-155,346161
1009;10,09;0,452691;0,140181;0,097356;-0,875181;157,404221;631,749878;-273,789459;0,597258;0,085003;-0,010754;-0,797459;13,875903;616,31073;-102,691803;-0,339052;-0,026892;0,085576;-0,936481;148,377411;353,84317;-616,006958;-0,643717;0,586108;0,415966;-0,262828;323,786926;-75,868134;-155,342361
1010;10,1;0,452608;0,140182;0,097345;-0,875225;157,421799;631,756592;-273,774872;0,59725;0,085022;-0,010663;-0,797465;13,891394;616,309448;-102,69046;-0,33908;-0,026856;0,085486;-0,936481;148,453476;353,881531;-615,996094;-0,643708;0,586077;0,416022;-0,262828;323,775116;-75,854073;-155,358765
1011;10,11;0,452548;0,140216;0,097369;-0,875248;157,445206;631,76355;-273,763824;0,597241;0,08502;-0,010649;-0,797472;13,897745;616,308228;-102,691086;-0,339083;-0,026909;0,085412;-0,936485;148,481705;353,91217;-616,003174;-0,643691;0,586069;0,416058;-0,262833;323,766907;-75,852989;-155,369339
1012;10,12;0,45254;0,140175;0,097373;-0,875259;157,458725;631,764893;-273,755402;0,59719;0,085027;-0,010665;-0,797509;13,897403;616,300171;-102,681519;-0,339085;-0,026799;0,085482;-0,936481;148,496689;353,879272;-615,977661;-0,643718;0,586017;0,416087;-0,262836;323,766815;-75,830933;-155,375031
1013;10,13;0,452533;0,140052;0,097314;-0,875288;157,453659;631,764648;-273,749054;0,597163;0,085113;-0,010782;-0,797519;13,898634;616,292297;-102,672165;-0,339084;-0,026865;0,085452;-0,936482;148,482056;353,894592;-615,989807;-0,643704;0,586055;0,416067;-0,262817;323,775116;-75,844856;-155,362
1014;10,14;0,4526;0,140122;0,097235;-0,875251;157,423416;631,754761;-273,755707;0,597194;0,085127;-0,010695;-0,797495;13,90383;616,296509;-102,671799;-0,339087;-0,026965;0,085403;-0,936482;148,469452;353,92691;-616,008545;-0,643724;0,586044;0,416024;-0,26286;323,780914;-75,844025;-155,356201
1015;10,15;0,452699;0,140266;0,097138;-0,875188;157,370087;631,733582;-273,768829;0,597239;0,085094;-0,01065;-0,797465;13,906369;616,308411;-102,677422;-0,339074;-0,026989;0,085409;-0,936486;148,45816;353,921326;-616,005859;-0,643736;0,586018;0,416051;-0,262847;323,776611;-75,830772;-155,358948
1016;10,16;0,452798;0,140194;0,096852;-0,875179;157,319641;631,715515;-273,785889;0,597263;0,085002;-0,01071;-0,797456;13,902828;616,320984;-102,682175;-0,339093;-0,026957;0,085416;-0,936479;148,465912;353,925537;-616,004517;-0,643695;0,586052;0,416107;-0,262782;323,775146;-75,843407;-155,36261
1017;10,17;0,452874;0,139952;0,096511;-0,875217;157,289734;631,705078;-273,800293;0,597279;0,084944;-0,010579;-0,797453;13,908059;616,330261;-102,68438;-0,339113;-0,027008;0,085379;-0,936474;148,461594;353,955872;-616,024048;-0,643669;0,586086;0,41611;-0,262766;323,768555;-75,857147;-155,360382
1018;10,18;0,452916;0,13993;0,096565;-0,875193;157,29892;631,701233;-273,812042;0,597289;0,08494;-0,010593;-0,797445;13,903495;616,333008;-102,688995;-0,339089;-0,027012;0,085415;-0,936479;148,429657;353,932404;-616,022278;-0,643694;0,586053;0,416096;-0,2628;323,759491;-75,842575;-155,36467
1019;10,19;0,453013;0,139926;0,096954;-0,8751;157,324051;631,697876;-273,833984;0,597282;0,084983;-0,010796;-0,797443;13,883461;616,332031;-102,698845;-0,339078;-0,026898;0,08547;-0,936481;148,430084;353,891174;-615,99762;-0,643688;0,58608;0,416078;-0,262782;323,764374;-75,853485;-155,359802
1020;10,2;0,453197;0,139854;0,097354;-0,874972;157,348663;631,685364;-273,870575;0,597348;0,084977;-0,010735;-0,797395;13,861341;616,336731;-102,717888;-0,339064;-0,02684;0,085555;-0,93648;148,393539;353,846375;-615,994568;-0,643687;0,586029;0,41612;-0,262834;323,740601;-75,835739;-155,384491
1021;10,21;0,453455;0,139819;0,097455;-0,874833;157,35463;631,655396;-273,928528;0,597446;0,084951;-0,010683;-0,797325;13,848366;616,356934;-102,746178;-0,339066;-0,026788;0,085519;-0,936484;148,426239;353,843384;-615,989075;-0,643707;0,586016;0,41612;-0,262814;323,742279;-75,82563;-155,381592
1022;10,22;0,453788;0,139776;0,097463;-0,874666;157,34201;631,611206;-274,000366;0,597583;0,084777;-0,010688;-0,797241;13,854033;616,3974;-102,773666;-0,339059;-0,026825;0,08551;-0,936487;148,408707;353,840607;-616,004028;-0,643723;0,586018;0,416105;-0,262793;323,748291;-75,82122;-155,374802
1023;10,23;0,454233;0,1396;0,097214;-0,874491;157,323654;631,554382;-274,078369;0,59776;0,084719;-0,010744;-0,797114;13,868209;616,438477;-102,796898;-0,339026;-0,026941;0,085511;-0,936495;148,355713;353,834137;-616,029358;-0,643741;0,586025;0,416058;-0,262811;323,756409;-75,82341;-155,36734
1024;10,24;0,454756;0,139259;0,096962;-0,874301;157,31337;631,491882;-274,162659;0,597911;0,084715;-0,010813;-0,797;13,879604;616,469604;-102,81575;-0,339022;-0,026991;0,085504;-0,936496;148,33429;353,842926;-616,036865;-0,64372;0,586079;0,416014;-0,262809;323,770874;-75,850677;-155,356827
1025;10,25;0,455172;0,139183;0,097111;-0,87408;157,317764;631,444702;-274,227722;0,598016;0,084687;-0,010992;-0,796921;13,885836;616,493835;-102,827682;-0,339043;-0,026949;0,085514;-0,936489;148,341385;353,850922;-616,023315;-0,643715;0,586028;0,416089;-0,262817;323,75943;-75,833321;-155,379913
1026;10,26;0,455433;0,139082;0,097365;-0,873932;157,349579;631,416931;-274,273773;0,598096;0,084665;-0,011091;-0,796862;13,897546;616,509766;-102,838623;-0,339051;-0,026926;0,085465;-0,936491;148,382004;353,865692;-616,013184;-0,643709;0,586039;0,416073;-0,262832;323,758362;-75,837585;-155,377106
1027;10,27;0,455589;0,138889;0,09757;-0,873858;157,39476;631,40448;-274,294067;0,598147;0,084656;-0,011088;-0,796826;13,912709;616,525146;-102,847603;-0,339045;-0,027001;0,085418;-0,936495;148,38736;353,885223;-616,02832;-0,643708;0,586087;0,41602;-0,26281;323,777313;-75,858566;-155,356552
1028;10,28;0,455659;0,138948;0,09778;-0,873789;157,438339;631,397217;-274,302246;0,598172;0,084665;-0,01105;-0,796806;13,922423;616,531311;-102,846397;-0,339065;-0,026853;0,085462;-0,936488;148,434204;353,86792;-615,996338;-0,643711;0,586073;0,416015;-0,262844;323,774384;-75,857552;-155,361115
1029;10,29;0,455639;0,139018;0,097952;-0,873769;157,449249;631,396179;-274,296967;0,59816;0,08467;-0,011007;-0,796815;13,927055;616,526855;-102,840813;-0,339091;-0,02683;0,085433;-0,936482;148,457825;353,890961;-615,990356;-0,643737;0,585988;0,416078;-0,262869;323,75528;-75,819649;-155,379883
1030;10,3;0,455507;0,139073;0,097925;-0,873832;157,427094;631,409668;-274,269958;0,598119;0,084655;-0,01104;-0,796847;13,918593;616,516602;-102,832016;-0,33909;-0,026842;0,085456;-0,93648;148,434662;353,886841;-615,993713;-0,643736;0,586019;0,416043;-0,262858;323,762726;-75,830635;-155,36853
1031;10,31;0,45523;0,139161;0,097522;-0,874007;157,390488;631,436462;-274,222839;0,598042;0,084629;-0,011078;-0,796907;13,906857;616,493958;-102,81646;-0,339094;-0,026767;0,085505;-0,936476;148,430176;353,867889;-615,978699;-0,643714;0,586079;0,416004;-0,26284;323,775696;-75,858017;-155,357773
1032;10,32;0,45485;0,139291;0,097184;-0,874222;157,362015;631,477722;-274,155823;0,597915;0,084701;-0,011036;-0,796996;13,883757;616,454224;-102,799225;-0,339098;-0,026756;0,085566;-0,93647;148,397629;353,852386;-615,988037;-0,643697;0,586082;0,41604;-0,262816;323,775055;-75,860184;-155,365891
1033;10,33;0,454424;0,139795;0,097496;-0,874329;157,365448;631,530273;-274,084656;0,597752;0,084807;-0,011021;-0,797107;13,863519;616,401978;-102,778915;-0,339096;-0,026793;0,085574;-0,936468;148,380539;353,853394;-616,003662;-0,643688;0,586054;0,416104;-0,2628;323,760742;-75,846687;-155,38092
1034;10,34;0,454038;0,139964;0,097939;-0,874453;157,406799;631,577515;-274,029083;0,597615;0,084881;-0,010881;-0,797203;13,846662;616,364563;-102,755394;-0,339092;-0,026782;0,085485;-0,936478;148,436279;353,871399;-615,991516;-0,643667;0,586052;0,416162;-0,262762;323,743073;-75,840157;-155,389404
1035;10,35;0,453902;0,139825;0,098223;-0,874514;157,456985;631,597534;-274,008026;0,597564;0,084858;-0,010738;-0,797246;13,845292;616,351501;-102,747276;-0,339083;-0,026786;0,085533;-0,936477;148,416168;353,854309;-615,998413;-0,643674;0,586069;0,416114;-0,262783;323,750488;-75,849701;-155,380814
1036;10,36;0,454028;0,139914;0,098459;-0,874407;157,478516;631,580322;-274,034393;0,597616;0,084777;-0,010783;-0,797215;13,861388;616,363831;-102,758202;-0,339085;-0,02694;0,085562;-0,936469;148,345673;353,870087;-616,0495;-0,643705;0,586058;0,416057;-0,262823;323,760773;-75,847763;-155,375458
1037;10,37;0,454482;0,139764;0,098247;-0,87422;157,458862;631,527405;-274,106323;0,597738;0,084782;-0,01088;-0,797122;13,865596;616,403687;-102,779793;-0,339081;-0,026884;0,085544;-0,936474;148,368622;353,863708;-616,031189;-0,643719;0,585997;0,416121;-0,262825;323,74884;-75,821617;-155,394379
1038;10,38;0,455101;0,139238;0,097698;-0,874043;157,408066;631,45697;-274,210327;0,597948;0,084694;-0,011115;-0,79697;13,873523;616,464233;-102,821815;-0,339077;-0,026861;0,085538;-0,936477;148,368088;353,856567;-616,023193;-0,643679;0,586022;0,416185;-0,262766;323,741852;-75,82682;-155,400604
1039;10,39;0,455639;0,139052;0,097622;-0,873801;157,359863;631,388367;-274,315887;0,598169;0,084583;-0,01125;-0,796814;13,887621;616,527588;-102,865028;-0,339071;-0,026805;0,085584;-0,936476;148,357956;353,82782;-616,012878;-0,643723;0,585998;0,416125;-0,262806;323,754944;-75,81662;-155,39032
1040;10,4;0,456071;0,138862;0,097725;-0,873594;157,369308;631,33667;-274,394653;0,598325;0,084596;-0,0112;-0,796696;13,902609;616,567139;-102,89003;-0,339044;-0,026795;0,085594;-0,936486;148,354462;353,804688;-615,998718;-0,643725;0,585949;0,416169;-0,262839;323,73941;-75,798767;-155,407272
1041;10,41;0,456313;0,13877;0,098179;-0,873431;157,43277;631,311768;-274,431274;0,598411;0,084619;-0,011302;-0,796628;13,899954;616,572266;-102,891747;-0,339059;-0,026882;0,085472;-0,936489;148,386276;353,858826;-616,010071;-0,643715;0,586012;0,416086;-0,262856;323,753479;-75,828568;-155,386276
1042;10,42;0,456381;0,138799;0,099136;-0,873283;157,536636;631,317078;-274,420227;0,59838;0,084596;-0,011435;-0,796652;13,901702;616,566406;-102,877167;-0,339101;-0,026884;0,085496;-0,936471;148,370422;353,884949;-616,016663;-0,643725;0,586035;0,41603;-0,262871;323,758362;-75,837791;-155,374084
1043;10,43;0,456173;0,138854;0,099779;-0,87331;157,64975;631,355164;-274,364258;0,598311;0,084623;-0,011136;-0,796705;13,926043;616,55249;-102,857674;-0,33909;-0,02699;0,085476;-0,936474;148,351013;353,903778;-616,034851;-0,643688;0,586048;0,416087;-0,26284;323,744476;-75,84317;-155,382156
1044;10,44;0,455738;0,139107;0,100166;-0,873452;157,719666;631,410828;-274,282196;0,598207;0,084641;-0,01095;-0,796784;13,92993;616,520752;-102,836922;-0,339087;-0,026929;0,085482;-0,936476;148,390045;353,897095;-616,017456;-0,643694;0,586044;0,416078;-0,262848;323,746094;-75,843063;-155,380402
1045;10,45;0,455326;0,139356;0,100039;-0,873642;157,71727;631,45636;-274,206207;0,598031;0,084684;-0,010973;-0,796911;13,90697;616,463562;-102,801804;-0,339101;-0,026728;0,085548;-0,936471;148,44986;353,864563;-615,972656;-0,643715;0,586039;0,416054;-0,262846;323,752441;-75,838058;-155,372833
1046;10,46;0,45498;0,139481;0,099282;-0,873889;157,626663;631,485413;-274,146973;0,59788;0,084786;-0,011088;-0,797012;13,881636;616,414673;-102,773125;-0,339119;-0,026857;0,085434;-0,936471;148,463425;353,921844;-616,002808;-0,643686;0,586068;0,416071;-0,262827;323,752289;-75,852005;-155,372284
1047;10,47;0,454737;0,139615;0,0981;-0,874127;157,473633;631,498962;-274,115173;0,597814;0,084792;-0,010957;-0,797063;13,877669;616,399048;-102,759514;-0,339114;-0,026959;0,085386;-0,936474;148,434052;353,942169;-616,022644;-0,643726;0,586007;0,416097;-0,262823;323,760742;-75,826736;-155,375488
1048;10,48;0,454669;0,139614;0,096948;-0,874291;157,317169;631,49231;-274,114563;0,597805;0,084732;-0,010993;-0,797076;13,862155;616,39624;-102,759964;-0,339106;-0,02703;0,085413;-0,936473;148,368942;353,933228;-616,039368;-0,643748;0,586031;0,41603;-0,262822;323,780365;-75,832817;-155,356949
1049;10,49;0,454742;0,13965;0,096352;-0,874313;157,195068;631,472656;-274,139374;0,597842;0,084825;-0,011309;-0,797033;13,816018;616,394165;-102,7714;-0,339124;-0,026818;0,085482;-0,936466;148,400696;353,891144;-615,994812;-0,643703;0,586057;0,416072;-0,262808;323,769806;-75,842415;-155,367859
1050;10,5;0,454838;0,139709;0,09614;-0,874277;157,148956;631,452576;-274,168884;0,597902;0,084928;-0,011361;-0,796976;13,793802;616,402405;-102,784958;-0,339104;-0,026847;0,08543;-0,936477;148,412308;353,891663;-615,991821;-0,643727;0,58604;0,416046;-0,262828;323,775879;-75,835121;-155,364578
1051;10,51;0,454963;0,139647;0,096439;-0,874189;157,188385;631,444092;-274,18515;0,597969;0,084841;-0,011153;-0,796938;13,822133;616,426941;-102,797073;-0,339098;-0,026994;0,08538;-0,93648;148,383713;353,920227;-616,026611;-0,643751;0,586039;0,416007;-0,262832;323,782318;-75,834091;-155,350479
1052;10,52;0,455073;0,139518;0,097076;-0,874082;157,281769;631,444946;-274,189423;0,597994;0,084713;-0,010984;-0,796936;13,856976;616,443726;-102,7939;-0,339092;-0,026921;0,085447;-0,936478;148,381119;353,895782;-616,008972;-0,643736;0,586032;0,416043;-0,262829;323,766327;-75,831551;-155,358826
1053;10,53;0,455167;0,139413;0,097735;-0,873977;157,385223;631,44397;-274,19693;0,597972;0,08473;-0,011102;-0,796949;13,861334;616,443787;-102,784607;-0,339097;-0,026969;0,08542;-0,936477;148,381714;353,919342;-616,017456;-0,643722;0,58603;0,41606;-0,26284;323,752045;-75,832321;-155,366959
1054;10,54;0,455206;0,13924;0,098025;-0,873952;157,462418;631,448853;-274,198547;0,597961;0,084704;-0,011259;-0,796958;13,863111;616,44397;-102,786079;-0,339121;-0,026863;0,085414;-0,936472;148,440491;353,923492;-615,995911;-0,643696;0,586;0,41616;-0,262813;323,733673;-75,820541;-155,390015
1055;10,55;0,4552;0,139218;0,098176;-0,873941;157,496307;631,455505;-274,200806;0,597992;0,084695;-0,011132;-0,796937;13,877769;616,454956;-102,797058;-0,339101;-0,026735;0,085508;-0,936474;148,44194;353,866455;-615,970215;-0,643701;0,586047;0,416087;-0,262811;323,747101;-75,840164;-155,369736
1056;10,56;0,45524;0,139436;0,098443;-0,873855;157,495956;631,450439;-274,218414;0,598043;0,084734;-0,011089;-0,796895;13,868429;616,461304;-102,810936;-0,339063;-0,026861;0,085557;-0,93648;148,357666;353,843933;-616,003052;-0,643709;0,586039;0,41607;-0,262836;323,739227;-75,836899;-155,370468
1057;10,57;0,455345;0,139432;0,098461;-0,873799;157,477356;631,435425;-274,246552;0,59805;0,084766;-0,011348;-0,796883;13,841854;616,460327;-102,817345;-0,339069;-0,026829;0,085559;-0,936479;148,352829;353,837372;-615,997314;-0,643688;0,585994;0,416185;-0,262808;323,718994;-75,816246;-155,399414
1058;10,58;0,455477;0,139261;0,098392;-0,873765;157,458572;631,421753;-274,272369;0,598086;0,084746;-0,011366;-0,796857;13,828012;616,471619;-102,826004;-0,339086;-0,026751;0,0856;-0,936471;148,342575;353,822632;-615,988953;-0,643691;0,58603;0,416128;-0,262807;323,736237;-75,831116;-155,386047
1059;10,59;0,455598;0,139147;0,09856;-0,873702;157,474075;631,413635;-274,294434;0,598143;0,084656;-0,011292;-0,796826;13,837828;616,490845;-102,84758;-0,33907;-0,026875;0,085538;-0,936479;148,321747;353,84256;-616,020325;-0,64373;0,58603;0,41603;-0,262868;323,755737;-75,837715;-155,372681
1060;10,6;0,455667;0,139201;0,098959;-0,873612;157,521194;631,408203;-274,310425;0,598192;0,084676;-0,01125;-0,796787;13,840843;616,501953;-102,861061;-0,339051;-0,026903;0,085454;-0,936493;148,367203;353,852844;-616,020325;-0,643726;0,58606;0,415999;-0,26286;323,761536;-75,8508;-155,36377
1061;10,61;0,455737;0,139227;0,099331;-0,873529;157,582077;631,405762;-274,314362;0,598209;0,08467;-0,011344;-0,796774;13,84576;616,503113;-102,858063;-0,339047;-0,026877;0,085524;-0,936488;148,349075;353,834991;-616,014465;-0,643686;0,58607;0,416094;-0,262783;323,744812;-75,847969;-155,373901
1062;10,62;0,455718;0,139178;0,099661;-0,873509;157,651062;631,412781;-274,302124;0,598188;0,08462;-0,011292;-0,796795;13,877501;616,507263;-102,847992;-0,339047;-0,026828;0,085575;-0,936485;148,359802;353,823303;-616,000488;-0,643705;0,586026;0,416119;-0,262796;323,734467;-75,828621;-155,380676
1063;10,63;0,455602;0,139311;0,100103;-0,873498;157,711975;631,430481;-274,273224;0,598151;0,084642;-0,011065;-0,796824;13,920178;616,51239;-102,834526;-0,339045;-0,026817;0,0856;-0,936484;148,365707;353,820892;-615,993713;-0,643677;0,586028;0,416166;-0,262789;323,720398;-75,830978;-155,391373
1064;10,64;0,455455;0,139542;0,10055;-0,873486;157,746262;631,452454;-274,232178;0,598108;0,084635;-0,011092;-0,796857;13,930104;616,496887;-102,818993;-0,339057;-0,026946;0,085503;-0,936485;148,374283;353,875;-616,0177;-0,643656;0,586114;0,416091;-0,262765;323,741058;-75,8685;-155,36615
1065;10,65;0,455278;0,139564;0,10071;-0,873557;157,75145;631,47699;-274,189301;0,598019;0,084695;-0,011119;-0,796917;13,900444;616,463318;-102,802116;-0,339076;-0,026965;0,085425;-0,936484;148,411774;353,909729;-616,01593;-0,643653;0,586136;0,416054;-0,262782;323,752228;-75,881454;-155,359451
1066;10,66;0,454995;0,139662;0,100315;-0,873734;157,719437;631,504333;-274,145203;0,597926;0,084781;-0,011138;-0,796977;13,877218;616,43103;-102,788689;-0,339086;-0,026869;0,085454;-0,936481;148,430618;353,893036;-615,997498;-0,643675;0,58609;0,416071;-0,262804;323,754181;-75,863541;-155,367447
1067;10,67;0,454693;0,139838;0,099761;-0,873926;157,654755;631,526855;-274,104584;0,597859;0,084766;-0,011008;-0,797031;13,872538;616,411072;-102,777702;-0,3391;-0,026852;0,08546;-0,936476;148,427246;353,894318;-616,001465;-0,643691;0,586042;0,416121;-0,262792;323,746552;-75,838562;-155,380005
1068;10,68;0,454474;0,139904;0,099274;-0,874085;157,571381;631,542786;-274,074493;0,597791;0,084784;-0,010971;-0,797081;13,857431;616,390564;-102,760971;-0,339123;-0,026842;0,085474;-0,936467;148,416229;353,901947;-616,001221;-0,643702;0,586053;0,416073;-0,262819;323,749207;-75,843544;-155,371979
1069;10,69;0,454336;0,139995;0,098737;-0,874203;157,490097;631,552917;-274,053131;0,597726;0,084913;-0,011207;-0,797112;13,836246;616,368958;-102,74823;-0,339144;-0,026793;0,085461;-0,936462;148,43866;353,911133;-615,991455;-0,643714;0,586016;0,41612;-0,262797;323,744324;-75,824203;-155,37825
1070;10,7;0,454211;0,139927;0,098212;-0,874338;157,428406;631,562561;-274,031586;0,597689;0,084893;-0,011154;-0,797143;13,83125;616,360168;-102,739159;-0,339135;-0,026944;0,085378;-0,936468;148,425629;353,948883;-616,023804;-0,643725;0,586022;0,416098;-0,262791;323,752716;-75,828781;-155,370911
1071;10,71;0,45403;0,140029;0,097986;-0,874441;157,384445;631,579163;-274,001892;0,59766;0,084877;-0,010928;-0,797169;13,838202;616,354492;-102,733589;-0,339113;-0,026987;0,085369;-0,936476;148,410889;353,944946;-616,02356;-0,643701;0,586041;0,416086;-0,262825;323,738861;-75,840172;-155,374771
1072;10,72;0,453864;0,140082;0,097907;-0,874527;157,366577;631,602295;-273,963104;0,597602;0,084913;-0,010973;-0,797208;13,825312;616,339355;-102,7201;-0,339125;-0,026897;0,085407;-0,93647;148,422562;353,930115;-616,005188;-0,643667;0,586075;0,416107;-0,262801;323,733337;-75,855095;-155,373367
1073;10,73;0,453663;0,140206;0,098153;-0,874585;157,385056;631,632629;-273,919281;0,597514;0,084991;-0,011082;-0,797265;13,803193;616,314026;-102,701187;-0,339129;-0,026909;0,085416;-0,936468;148,409103;353,932251;-616,004089;-0,643686;0,586077;0,416084;-0,262787;323,742401;-75,854576;-155,361893
1074;10,74;0,453383;0,140111;0,098188;-0,874741;157,430328;631,676086;-273,866058;0,597435;0,085017;-0,010983;-0,797322;13,788551;616,289124;-102,685303;-0,339121;-0,026982;0,085413;-0,936468;148,36618;353,938873;-616,014709;-0,6437;0,586054;0,416089;-0,262795;323,736786;-75,841316;-155,36377
1075;10,75;0,452985;0,140109;0,098445;-0,874919;157,478516;631,734253;-273,792145;0,5973;0,085033;-0,010911;-0,797423;13,776056;616,281128;-102,675392;-0,339136;-0,027015;0,085389;-0,936464;148,361252;353,957123;-616,028503;-0,643716;0,586046;0,416078;-0,26279;323,744232;-75,83432;-155,359726
1076;10,76;0,452475;0,140179;0,098976;-0,875111;157,523544;631,811646;-273,697357;0,597155;0,085077;-0,010721;-0,79753;13,776504;616,284485;-102,677452;-0,339142;-0,026918;0,085429;-0,936462;148,377808;353,934052;-616,010925;-0,643712;0,586063;0,416051;-0,262804;323,756042;-75,847054;-155,356461
1077;10,77;0,451924;0,139937;0,098811;-0,875454;157,575424;631,895691;-273,597748;0,596988;0,085171;-0,010395;-0,797649;13,78384;616,273499;-102,672157;-0,339137;-0,026919;0,085401;-0,936466;148,39798;353,937134;-616,00885;-0,643688;0,586089;0,416045;-0,262816;323,755859;-75,861977;-155,360489
1078;10,78;0,451334;0,139512;0,098051;-0,875911;157,622925;631,97821;-273,49234;0,596751;0,085261;-0,010367;-0,797817;13,775761;616,236572;-102,640167;-0,339155;-0,02687;0,085427;-0,936458;148,410172;353,936859;-616,00531;-0,643684;0,58604;0,416121;-0,262813;323,735291;-75,838287;-155,381454
1079;10,79;0,45078;0,139302;0,09723;-0,876321;157,640396;632,050415;-273,386658;0,596516;0,085413;-0,010512;-0,797974;13,761223;616,183533;-102,598686;-0,339166;-0,026946;0,085408;-0,936454;148,393417;353,964905;-616,025635;-0,643689;0,586004;0,416181;-0,262788;323,727966;-75,818657;-155,392014
1080;10,8;0,450255;0,139386;0,096387;-0,876671;157,626663;632,105408;-273,294708;0,596308;0,085538;-0,010643;-0,798115;13,760878;616,14325;-102,560692;-0,339177;-0,026977;0,085354;-0,936454;148,424713;353,99292;-616,029358;-0,64366;0,58608;0,416129;-0,26277;323,742676;-75,85363;-155,374176
1081;10,81;0,449808;0,13946;0,095798;-0,876953;157,603104;632,148132;-273,223877;0,596175;0,085579;-0,010659;-0,798209;13,773717;616,132751;-102,542908;-0,339173;-0,026937;0,085366;-0,936455;148,446747;353,983765;-616,017456;-0,643642;0,586124;0,416085;-0,262787;323,746429;-75,875717;-155,365616
1082;10,82;0,449473;0,139358;0,095334;-0,877192;157,589554;632,178528;-273,178497;0,596129;0,085594;-0,010477;-0,798244;13,779836;616,131653;-102,541092;-0,339151;-0,026939;0,085383;-0,936462;148,439316;353,967194;-616,011353;-0,643668;0,586088;0,416107;-0,262769;323,74826;-75,854942;-155,366486
1083;10,83;0,449334;0,13928;0,095343;-0,877274;157,602097;632,192444;-273,15979;0,596106;0,085578;-0,010457;-0,798264;13,765566;616,122925;-102,5392;-0,339145;-0,026843;0,085434;-0,936462;148,445831;353,936127;-615,988586;-0,6437;0,586061;0,416067;-0,262815;323,750702;-75,845108;-155,364258
1084;10,84;0,449384;0,139282;0,095736;-0,877205;157,647644;632,195618;-273,162201;0,596099;0,085607;-0,01067;-0,798263;13,754749;616,120483;-102,542564;-0,339154;-0,026853;0,085432;-0,936459;148,439026;353,944122;-615,995117;-0,643711;0,586083;0,416;-0,262845;323,766479;-75,859146;-155,352463
1085;10,85;0,44948;0,139028;0,095961;-0,877172;157,705368;632,194519;-273,170807;0,59615;0,08561;-0,010548;-0,798226;13,761667;616,137512;-102,548019;-0,339166;-0,026947;0,085379;-0,936457;148,430069;353,977814;-616,018799;-0,643724;0,586078;0,416002;-0,262821;323,77356;-75,85437;-155,347137
1086;10,86;0,449595;0,13897;0,096455;-0,877068;157,767761;632,196533;-273,179321;0,596226;0,085517;-0,01031;-0,798183;13,77965;616,157349;-102,557091;-0,339163;-0,027028;0,085348;-0,936458;148,414169;353,995331;-616,038208;-0,643693;0,58609;0,416033;-0,262821;323,762268;-75,86171;-155,358551
1087;10,87;0,449653;0,139027;0,096769;-0,876995;157,816589;632,199646;-273,187347;0,596248;0,085521;-0,010294;-0,798166;13,790086;616,160095;-102,56295;-0,339163;-0,026919;0,085376;-0,936459;148,44548;353,973938;-616,014709;-0,643674;0,5861;0,416053;-0,262813;323,758301;-75,865356;-155,363602
1088;10,88;0,449604;0,138923;0,096742;-0,877039;157,836197;632,20575;-273,184479;0,596228;0,085585;-0,010417;-0,798172;13,788769;616,154541;-102,562576;-0,339137;-0,026931;0,085476;-0,936458;148,394409;353,935303;-616,019714;-0,643694;0,586072;0,416065;-0,262808;323,753052;-75,847252;-155,364685
1089;10,89;0,449506;0,138706;0,096446;-0,877156;157,837723;632,218689;-273,163849;0,596201;0,085554;-0,010481;-0,798195;13,804084;616,149414;-102,560577;-0,339163;-0,026892;0,085433;-0,936454;148,444916;353,957794;-616,011719;-0,643678;0,586078;0,416076;-0,262815;323,744598;-75,850586;-155,371338
1090;10,9;0,449213;0,138846;0,09612;-0,87732;157,825882;632,240784;-273,126221;0,596131;0,085571;-0,010439;-0,798246;13,823603;616,141296;-102,544731;-0,339172;-0,026847;0,085387;-0,936456;148,494278;353,971619;-615,997437;-0,643653;0,586097;0,416088;-0,262815;323,743622;-75,864464;-155,375595
1091;10,91;0,448754;0,138959;0,095665;-0,877587;157,82547;632,282166;-273,06601;0,596011;0,085785;-0,010388;-0,798314;13,820136;616,116211;-102,518585;-0,339164;-0,027001;0,085376;-0,936456;148,439026;353,993225;-616,032104;-0,643661;0,586053;0,416133;-0,262821;323,734924;-75,844917;-155,387405
1092;10,92;0,448102;0,138972;0,095244;-0,877964;157,853546;632,34491;-272,980194;0,595841;0,08593;-0,010415;-0,798424;13,805566;616,09137;-102,495987;-0,33919;-0,026994;0,085355;-0,936449;148,450043;354,013824;-616,03186;-0,643698;0,586029;0,416112;-0,262819;323,747803;-75,833824;-155,379837
1093;10,93;0,447244;0,139346;0,095233;-0,878343;157,940628;632,430786;-272,86676;0,595631;0,085944;-0,010242;-0,798582;13,80776;616,087219;-102,485184;-0,339184;-0,026983;0,085298;-0,936456;148,48233;354,020508;-616,022095;-0,643696;0,586072;0,416057;-0,262816;323,761688;-75,851753;-155,36467
1094;10,94;0,446483;0,139435;0,09594;-0,878639;158,078461;632,532715;-272,732452;0,595432;0,085936;-0,009825;-0,798736;13,817964;616,10022;-102,48259;-0,33918;-0,026951;0,08538;-0,936451;148,450531;353,991913;-616,023071;-0,643652;0,586114;0,416081;-0,262793;323,756805;-75,869354;-155,367767
1095;10,95;0,445841;0,138829;0,096989;-0,878946;158,239929;632,646973;-272,588074;0,595209;0,085957;-0,009514;-0,798903;13,829368;616,125916;-102,476669;-0,33916;-0,027005;0,085351;-0,93646;148,445786;353,992493;-616,029663;-0,643631;0,586151;0,416076;-0,262767;323,76593;-75,887627;-155,360138
1096;10,96;0,445154;0,13853;0,097954;-0,879234;158,417923;632,757568;-272,446716;0,594971;0,085986;-0,009209;-0,799081;13,848725;616,143066;-102,4645;-0,339169;-0,027013;0,085323;-0,936459;148,457947;354,006897;-616,029724;-0,643641;0,586092;0,416161;-0,262741;323,751038;-75,858322;-155,376999
1097;10,97;0,4444;0,138769;0,098632;-0,879502;158,549866;632,853149;-272,312042;0,59478;0,08604;-0,008996;-0,79922;13,847672;616,126526;-102,444275;-0,339212;-0,026974;0,085381;-0,936439;148,438477;354,015411;-616,035461;-0,643682;0,586033;0,416141;-0,262804;323,742737;-75,833748;-155,386414
1098;10,98;0,443548;0,139089;0,09859;-0,879886;158,592575;632,940308;-272,185364;0,594541;0,08615;-0,009157;-0,799384;13,813615;616,083252;-102,410309;-0,33923;-0,026959;0,085341;-0,936436;148,455902;354,035736;-616,028809;-0,643721;0,586043;0,416041;-0,262844;323,761536;-75,838821;-155,367188
1099;10,99;0,442637;0,139237;0,097511;-0,880441;158,532394;633,015076;-272,061462;0,594275;0,086274;-0,009307;-0,799567;13,775669;616,029907;-102,368515;-0,339228;-0,026916;0,085364;-0,936436;148,448547;354,022308;-616,01416;-0,643721;0,58603;0,416076;-0,262818;323,754791;-75,827538;-155,368927
1100;11;0,441728;0,139367;0,095938;-0,88105;158,382568;633,081665;-271,930267;0,594048;0,086342;-0,009202;-0,79973;13,753473;615,980164;-102,331337;-0,339256;-0,026935;0,085308;-0,936431;148,46286;354,053284;-616,023438;-0,643716;0,586007;0,416128;-0,262798;323,745361;-75,815277;-155,377151
1101;11,01;0,440851;0,139284;0,094026;-0,881708;158,206528;633,150696;-271,800781;0,593796;0,086414;-0,009079;-0,79991;13,734561;615,929382;-102,29277;-0,339274;-0,027053;0,085223;-0,936429;148,454224;354,101013;-616,051086;-0,643716;0,586037;0,416081;-0,262807;323,758484;-75,830772;-155,365448
1102;11,02;0,439992;0,13903;0,091913;-0,8824;158,050476;633,223755;-271,685944;0,593543;0,086457;-0,009028;-0,800094;13,713336;615,865845;-102,257469;-0,339247;-0,027097;0,085232;-0,936436;148,41777;354,086273;-616,054199;-0,643693;0,586077;0,416077;-0,262782;323,764679;-75,84758;-155,36232
1103;11,03;0,439199;0,138988;0,090324;-0,882965;157,93338;633,290466;-271,582794;0,593331;0,086464;-0,008938;-0,800251;13,680067;615,802551;-102,221222;-0,339278;-0,026988;0,085264;-0,936425;148,442322;354,079559;-616,039978;-0,643702;0,586048;0,416069;-0,262835;323,757935;-75,840775;-155,372559
1104;11,04;0,438548;0,139004;0,089402;-0,88338;157,858429;633,353271;-271,482056;0,593111;0,086509;-0,008853;-0,800411;13,654324;615,750183;-102,184799;-0,339291;-0,026998;0,085247;-0,936422;148,44751;354,094025;-616,044434;-0,643703;0,586041;0,416065;-0,262854;323,751465;-75,837013;-155,376923
1105;11,05;0,437945;0,138834;0,088518;-0,883795;157,822662;633,423828;-271,377808;0,592915;0,08659;-0,00863;-0,800549;13,644221;615,718506;-102,161568;-0,339279;-0,027051;0,085187;-0,93643;148,454575;354,108093;-616,046875;-0,643673;0,586079;0,416089;-0,262804;323,75473;-75,850082;-155,376129
1106;11,06;0,437166;0,138704;0,087724;-0,884281;157,822632;633,50238;-271,267487;0,592735;0,086599;-0,008331;-0,800685;13,634552;615,703918;-102,145912;-0,339289;-0,027009;0,08522;-0,936425;148,446823;354,10022;-616,039978;-0,643698;0,586037;0,416117;-0,262795;323,75412;-75,829231;-155,382477
1107;11,07;0,436237;0,138414;0,086984;-0,884858;157,859589;633,595215;-271,141846;0,592544;0,086613;-0,00813;-0,800827;13,623894;615,691711;-102,140282;-0,339288;-0,027038;0,085244;-0,936422;148,416931;354,098572;-616,049316;-0,643732;0,58602;0,416073;-0,262819;323,763794;-75,822723;-155,373657
1108;11,08;0,435298;0,138235;0,08697;-0,885349;157,95752;633,700745;-271,004547;0,592352;0,086704;-0,007837;-0,800962;13,613325;615,684875;-102,14576;-0,339298;-0,027065;0,085212;-0,93642;148,419739;354,11554;-616,056519;-0,643697;0,58605;0,416081;-0,262822;323,75885;-75,841019;-155,376648
1109;11,09;0,434227;0,138497;0,087647;-0,885767;158,128357;633,812439;-270,853485;0,592125;0,08675;-0,007463;-0,801129;13,620191;615,690247;-102,153496;-0,339271;-0,027075;0,085178;-0,936433;148,438721;354,107788;-616,047668;-0,643696;0,586035;0,416112;-0,262811;323,747742;-75,83046;-155,380478
1110;11,1;0,433135;0,138848;0,088481;-0,886164;158,354065;633,936768;-270,67453;0,591878;0,08671;-0,006969;-0,801319;13,648036;615,702881;-102,159622;-0,339253;-0,027113;0,085222;-0,936434;148,413742;354,096771;-616,053528;-0,643719;0,586009;0,416122;-0,262797;323,749725;-75,813927;-155,377884
1111;11,11;0,432126;0,13832;0,088913;-0,886695;158,620712;634,082214;-270,477356;0,59157;0,086707;-0,006297;-0,801553;13,680194;615,697266;-102,14975;-0,339282;-0,027141;0,085196;-0,936426;148,438431;354,132843;-616,066467;-0,6437;0,586028;0,416111;-0,262818;323,748657;-75,827225;-155,380081
1112;11,12;0,430954;0,137555;0,089232;-0,887353;158,86528;634,234863;-270,272247;0,591203;0,086856;-0,005733;-0,801812;13,687949;615,665405;-102,130608;-0,339302;-0,027086;0,085179;-0,936421;148,491562;354,145935;-616,059143;-0,64367;0,586077;0,416104;-0,262794;323,753357;-75,847404;-155,374527
1113;11,13;0,429554;0,13758;0,089654;-0,887985;159,036453;634,383545;-270,051239;0,590819;0,086973;-0,005345;-0,802085;13,6811;615,626709;-102,110176;-0,339308;-0,027033;0,08521;-0,936418;148,510986;354,139252;-616,048462;-0,643687;0,586048;0,416123;-0,262785;323,760864;-75,835083;-155,37825
1114;11,14;0,428135;0,137898;0,089459;-0,888641;159,172226;634,525635;-269,835968;0,590415;0,087155;-0,004798;-0,802366;13,672192;615,592102;-102,092735;-0,339306;-0,026984;0,085237;-0,936418;148,524857;354,126923;-616,035461;-0,64372;0,586051;0,416045;-0,262822;323,781982;-75,838356;-155,365204
1115;11,15;0,426739;0,13831;0,0897;-0,889223;159,291763;634,669861;-269,629608;0,590027;0,087357;-0,004287;-0,802632;13,650214;615,552429;-102,081848;-0,33931;-0,02698;0,085231;-0,936417;148,529236;354,128906;-616,036438;-0,643703;0,586087;0,416006;-0,262845;323,788177;-75,857628;-155,360703
1116;11,16;0,42296;0,137794;0,084385;-0,891626;159,50325;634,794556;-269,544861;0,589602;0,087513;-0,004035;-0,802929;13,609343;615,499756;-102,059319;-0,339305;-0,027078;0,085175;-0,936421;148,511353;354,148376;-616,057434;-0,643722;0,586067;0,415987;-0,262873;323,790863;-75,850441;-155,361938
1117;11,17;0,419195;0,137161;0,078459;-0,89404;159,644119;634,926453;-269,407379;0,589131;0,087669;-0,003974;-0,803258;13,552138;615,437622;-102,022751;-0,339294;-0,027108;0,085157;-0,936426;148,500885;354,145081;-616,059875;-0,643736;0,586074;0,415954;-0,262875;323,799316;-75,851395;-155,350113
1118;11,18;0,416934;0,136988;0,075818;-0,89535;159,696304;635,082458;-269,147644;0,588635;0,087873;-0,00376;-0,8036;13,506426;615,368591;-101,977219;-0,339312;-0,027112;0,08511;-0,936423;148,519333;354,169495;-616,057556;-0,64371;0,58608;0,416005;-0,262844;323,79245;-75,853798;-155,357178
1119;11,19;0,421719;0,138807;0,094529;-0,891039;159,25589;635,422058;-268,486115;0,588111;0,088078;-0,0032;-0,803964;13,487669;615,288147;-101,92144;-0,339317;-0,027023;0,085217;-0,936414;148,493179;354,135284;-616,04126;-0,64368;0,5861;0,416037;-0,262823;323,778656;-75,861404;-155,36171
1120;11,2;0,425607;0,14056;0,111129;-0,88699;158,912689;635,744873;-267,878876;0,58754;0,088277;-0,002926;-0,80436;13,467403;615,191956;-101,859283;-0,339315;-0,026936;0,085241;-0,936415;148,525894;354,115601;-616,020813;-0,643693;0,586123;0,415991;-0,262812;323,786133;-75,869331;-155,34613
1121;11,21;0,424503;0,141161;0,11241;-0,887263;158,989899;635,906433;-267,601074;0,586911;0,088404;-0,002934;-0,804805;13,437353;615,079529;-101,767319;-0,339318;-0,027011;0,085174;-0,936418;148,541977;354,143005;-616,042419;-0,643722;0,586072;0,416;-0,262841;323,77951;-75,848488;-155,353134
1122;11,22;0,42377;0,1415;0,113166;-0,887463;159,081635;636,000061;-267,40802;0,586273;0,088461;-0,002726;-0,805265;13,407294;614,939453;-101,649139;-0,339332;-0,02697;0,085214;-0,936411;148,529373;354,140076;-616,036072;-0,64371;0,586034;0,416063;-0,262855;323,754211;-75,833054;-155,374268
1123;11,23;0,42406;0,141244;0,113001;-0,887386;159,178375;635,9646;-267,377594;0,585695;0,088582;-0,00245;-0,805673;13,364393;614,77887;-101,526947;-0,33936;-0,027009;0,085167;-0,936404;148,528564;354,179504;-616,041443;-0,643703;0,586064;0,416043;-0,262839;323,761566;-75,84639;-155,367645
1124;11,24;0,425801;0,140362;0,11249;-0,886757;159,307388;635,777466;-267,558929;0,58509;0,088749;-0,002421;-0,806094;13,303044;614,618896;-101,402077;-0,339334;-0,027103;0,085169;-0,93641;148,482178;354,175323;-616,061951;-0,643721;0,586018;0,416101;-0,262804;323,757263;-75,822418;-155,37677
1125;11,25;0,427903;0,13967;0,112191;-0,885892;159,47406;635,536072;-267,828461;0,584511;0,088962;-0,002631;-0,80649;13,232555;614,474182;-101,291252;-0,339326;-0,027094;0,085215;-0,936409;148,464615;354,157318;-616,067383;-0,64371;0,586013;0,416117;-0,262818;323,749115;-75,821846;-155,38588
1126;11,26;0,42897;0,139222;0,112415;-0,885418;159,662338;635,403625;-267,962891;0,584052;0,089139;-0,002795;-0,806803;13,180358;614,360474;-101,19735;-0,339341;-0,027084;0,085113;-0,936413;148,526215;354,191986;-616,053711;-0,643676;0,586084;0,416063;-0,26283;323,757324;-75,856087;-155,373489
1127;11,27;0,428898;0,13898;0,113614;-0,885338;159,827255;635,440735;-267,883667;0,583681;0,089176;-0,002902;-0,807066;13,163183;614,292114;-101,116493;-0,339325;-0,027159;0,0851;-0,936418;148,501343;354,199219;-616,059387;-0,643675;0,586078;0,416072;-0,262828;323,757782;-75,854179;-155,37291
1128;11,28;0,428414;0,139134;0,114611;-0,885419;159,911377;635,52533;-267,748901;0,583508;0,089198;-0,002805;-0,807189;13,171668;614,253418;-101,068703;-0,339358;-0,027149;0,085134;-0,936404;148,491882;354,212036;-616,065308;-0,643673;0,58605;0,416099;-0,262855;323,748718;-75,845406;-155,384003
1129;11,29;0,428054;0,13925;0,11457;-0,88558;159,892151;635,568237;-267,674438;0,583424;0,08928;-0,002804;-0,807241;13,167471;614,221436;-101,049171;-0,339365;-0,027021;0,085167;-0,936402;148,538086;354,191956;-616,035889;-0,643683;0,586044;0,416098;-0,262844;323,748657;-75,839088;-155,380463
1130;11,3;0,427897;0,139321;0,113835;-0,88574;159,786499;635,57605;-267,652954;0,583346;0,089385;-0,003082;-0,807284;13,145985;614,198486;-101,041107;-0,339336;-0,027022;0,085147;-0,936414;148,557602;354,17749;-616,028931;-0,643704;0,58604;0,416076;-0,262838;323,756348;-75,833458;-155,371338
1131;11,31;0,427892;0,13931;0,112291;-0,885941;159,6465;635,55603;-267,674866;0,583378;0,089368;-0,003114;-0,807263;13,146886;614,200806;-101,043251;-0,339337;-0,027099;0,085169;-0,936409;148,509979;354,180145;-616,053223;-0,643684;0,586058;0,416066;-0,262861;323,752625;-75,846748;-155,374619
1132;11,32;0,427957;0,139209;0,110488;-0,886152;159,510925;635,525085;-267,714935;0,583438;0,089251;-0,002902;-0,807233;13,172721;614,230896;-101,054535;-0,339351;-0,02705;0,085223;-0,936401;148,491409;354,167236;-616,044617;-0,643688;0,586052;0,416067;-0,262862;323,756104;-75,845253;-155,375778
1133;11,33;0,428072;0,139217;0,109652;-0,8862;159,411926;635,500549;-267,746063;0,583512;0,089214;-0,002859;-0,807184;13,171125;614,247437;-101,068497;-0,339354;-0,027047;0,085216;-0,9364;148,486771;354,168579;-616,045715;-0,643707;0,586062;0,416029;-0,262856;323,772614;-75,848221;-155,364487
1134;11,34;0,428081;0,13938;0,109974;-0,88613;159,390076;635,501526;-267,744598;0,583542;0,089336;-0,00304;-0,807148;13,133815;614,235229;-101,076263;-0,339349;-0,027094;0,085204;-0,936402;148,4702;354,171875;-616,061584;-0,643692;0,586079;0,416044;-0,262831;323,769867;-75,852875;-155,364777
1135;11,35;0,427898;0,139576;0,110894;-0,886073;159,455627;635,53479;-267,699982;0,583479;0,089423;-0,003101;-0,807185;13,110409;614,21637;-101,067543;-0,339328;-0,027087;0,085194;-0,936411;148,470016;354,159821;-616,049622;-0,643686;0,586088;0,416064;-0,262793;323,767181;-75,850662;-155,362671
1136;11,36;0,427576;0,139515;0,11193;-0,886108;159,571548;635,590576;-267,617859;0,583359;0,089367;-0,002952;-0,807277;13,119269;614,200134;-101,040771;-0,339335;-0,027112;0,085166;-0,93641;148,468216;354,177429;-616,051819;-0,643677;0,586086;0,416081;-0,262792;323,763947;-75,851265;-155,367493
1137;11,37;0,427119;0,139549;0,113131;-0,886169;159,699142;635,651733;-267,520874;0,583196;0,089369;-0,00283;-0,807396;13,118325;614,170715;-101,003395;-0,339377;-0,027175;0,085078;-0,936401;148,485275;354,240906;-616,063477;-0,643679;0,586082;0,416076;-0,262807;323,759796;-75,852394;-155,367493
1138;11,38;0,42662;0,139619;0,114275;-0,886253;159,792877;635,718933;-267,424438;0,583007;0,089409;-0,003017;-0,807527;13,099159;614,123901;-100,96624;-0,339397;-0,027103;0,085098;-0,936394;148,513016;354,240356;-616,051331;-0,643705;0,586066;0,41605;-0,262819;323,763062;-75,843422;-155,362183
1139;11,39;0,426169;0,139536;0,114721;-0,886425;159,818512;635,791626;-267,323029;0,582822;0,089415;-0,0031;-0,807659;13,096584;614,083069;-100,937241;-0,33937;-0,027085;0,085114;-0,936403;148,527115;354,217194;-616,047485;-0,643702;0,586036;0,416097;-0,262819;323,752899;-75,830124;-155,375748
1140;11,4;0,425599;0,139665;0,114151;-0,886752;159,776901;635,853394;-267,222626;0,58266;0,089452;-0,002889;-0,807773;13,105402;614,052002;-100,910339;-0,33936;-0,027086;0,085131;-0,936405;148,525131;354,207703;-616,045349;-0,643679;0,586017;0,41618;-0,262785;323,742401;-75,820488;-155,392105
1141;11,41;0,424944;0,139891;0,113077;-0,887168;159,678787;635,917664;-267,115173;0,582446;0,089293;-0,002999;-0,807945;13,103843;614,010925;-100,861038;-0,339377;-0,02708;0,085116;-0,9364;148,539368;354,222961;-616,043335;-0,643693;0,586068;0,416078;-0,262799;323,768066;-75,842026;-155,367279
1142;11,42;0,418484;0,137873;0,094487;-0,892712;160,003357;635,860474;-267,324341;0,582172;0,089217;-0,003098;-0,80815;13,086688;613,945862;-100,798981;-0,339377;-0,027118;0,085088;-0,936401;148,53743;354,23645;-616,050232;-0,643728;0,586047;0,416038;-0,262822;323,779053;-75,834007;-155,360367
1143;11,43;0,415386;0,136961;0,085585;-0,895194;160,103058;635,885132;-267,288635;0,581897;0,089277;-0,002889;-0,808342;13,057969;613,868652;-100,741768;-0,339372;-0,027148;0,08508;-0,936403;148,522491;354,234039;-616,056946;-0,643723;0,586036;0,416056;-0,262831;323,776062;-75,831429;-155,366928
1144;11,44;0,416992;0,137638;0,091424;-0,893765;159,844162;636,050598;-266,932495;0,581546;0,089325;-0,002697;-0,80859;13,016595;613,783875;-100,675568;-0,339384;-0,027071;0,085082;-0,936401;148,542679;354,228485;-616,03772;-0,643717;0,586057;0,41602;-0,262855;323,779999;-75,843086;-155,361908
1145;11,45;0,418792;0,138993;0,100908;-0,891691;159,530457;636,268372;-266,531403;0,581103;0,089305;-0,002552;-0,808912;12,971433;613,688721;-100,591187;-0,339388;-0,027003;0,085145;-0,936396;148,535263;354,206573;-616,025085;-0,643694;0,586062;0,41605;-0,262854;323,769318;-75,846451;-155,368103
1146;11,46;0,420095;0,140011;0,107926;-0,890095;159,341766;636,431274;-266,206909;0,580579;0,089362;-0,002202;-0,809282;12,933934;613,583923;-100,484428;-0,339363;-0,027152;0,08513;-0,936402;148,488998;354,215271;-616,059143;-0,643687;0,586081;0,416043;-0,26284;323,769257;-75,852898;-155,362122
1147;11,47;0,419919;0,139907;0,107572;-0,890237;159,420975;636,462097;-266,091797;0,579865;0,089476;-0,001859;-0,809782;12,89292;613,453613;-100,343781;-0,339343;-0,027155;0,08511;-0,936411;148,510254;354,208649;-616,055725;-0,643683;0,586078;0,416057;-0,262833;323,768036;-75,852768;-155,364838
1148;11,48;0,420366;0,139707;0,107861;-0,890023;159,563507;636,431458;-266,052673;0,579017;0,08961;-0,00188;-0,810374;12,833672;613,280396;-100,178322;-0,339338;-0,027078;0,085126;-0,936413;148,542419;354,190186;-616,038513;-0,64371;0,58606;0,416035;-0,262845;323,770935;-75,844368;-155,361298
1149;11,49;0,421537;0,138945;0,107245;-0,889663;159,72467;636,294495;-266,142853;0,578023;0,089832;-0,002261;-0,811058;12,764932;613,068481;-99,983864;-0,33933;-0,027112;0,085114;-0,936417;148,533707;354,193573;-616,043335;-0,643718;0,586073;0,415996;-0,262857;323,778198;-75,850304;-155,355392
1150;11,5;0,420672;0,137123;0,098318;-0,891384;160,059845;636,042969;-266,439819;0,576956;0,08996;-0,002382;-0,811803;12,693806;612,843506;-99,743591;-0,33936;-0,027077;0,085146;-0,936404;148,518646;354,200256;-616,042114;-0,643685;0,586075;0,416061;-0,262829;323,764038;-75,848137;-155,368896
1151;11,51;0,421683;0,13661;0,098742;-0,890938;160,090332;635,966797;-266,418274;0,575845;0,090048;-0,002439;-0,812581;12,609153;612,605408;-99,489151;-0,339389;-0,027024;0,085203;-0,93639;148,501587;354,195129;-616,043274;-0,64369;0,586114;0,416007;-0,262815;323,781647;-75,864418;-155,352539
1152;11,52;0,423101;0,137265;0,104817;-0,88947;159,900726;636,089722;-266,075195;0,574839;0,09011;-0,002655;-0,813285;12,516715;612,364563;-99,261955;-0,339393;-0,027089;0,085088;-0,936397;148,530426;354,231842;-616,054321;-0,643702;0,586083;0,416009;-0,262854;323,78006;-75,856598;-155,362045
1153;11,53;0,422173;0,137386;0,104095;-0,889977;159,827621;636,203674;-265,803131;0,573802;0,090078;-0,00235;-0,814022;12,442664;612,159363;-99,029816;-0,339367;-0,027159;0,085089;-0,936404;148,494476;354,220703;-616,066345;-0,643692;0,586021;0,416099;-0,262872;323,753754;-75,831413;-155,3909
1154;11,54;0,421229;0,137043;0,102645;-0,890646;159,726257;636,307129;-265,555115;0,57273;0,09014;-0,001759;-0,814771;12,395186;611,977722;-98,787224;-0,339359;-0,027152;0,085159;-0,936401;148,462601;354,198181;-616,067322;-0,643695;0,586039;0,416079;-0,262856;323,761047;-75,836105;-155,380783
1155;11,55;0,419382;0,136974;0,100469;-0,891775;159,568787;636,471008;-265,222534;0,571738;0,090293;-0,001713;-0,815451;12,33873;611,778259;-98,555717;-0,339376;-0,027243;0,085077;-0,936399;148,474396;354,248169;-616,087219;-0,643716;0,586035;0,416064;-0,262835;323,770111;-75,832588;-155,371307
1156;11,56;0,417015;0,137292;0,098013;-0,893108;159,326797;636,67865;-264,829529;0,570691;0,090446;-0,002002;-0,816166;12,270312;611,567444;-98,319313;-0,339379;-0,027317;0,085048;-0,936399;148,470108;354,270996;-616,106873;-0,64368;0,586044;0,416118;-0,262819;323,75412;-75,838829;-155,384018
1157;11,57;0,415333;0,137664;0,095813;-0,894073;158,983398;636,839294;-264,511017;0,569608;0,090676;-0,002139;-0,816896;12,206003;611,368713;-98,081009;-0,339371;-0,027092;0,085135;-0,9364;148,525497;354,214355;-616,050354;-0,643688;0,586036;0,416141;-0,26278;323,752686;-75,827866;-155,380371
1158;11,58;0,414612;0,13782;0,093366;-0,894643;158,558823;636,88916;-264,340851;0,568512;0,091055;-0,002103;-0,817618;12,164546;611,167175;-97,847702;-0,339345;-0,026974;0,085223;-0,936405;148,531677;354,159363;-616,021057;-0,643701;0,586038;0,416108;-0,262797;323,75412;-75,828423;-155,373566
1159;11,59;0,415097;0,138126;0,090049;-0,89471;158,120483;636,749207;-264,40799;0,567522;0,091267;-0,002271;-0,818281;12,125672;610,943298;-97,630531;-0,339346;-0,027088;0,085206;-0,936403;148,492096;354,176819;-616,058594;-0,643682;0,586061;0,416085;-0,262829;323,754456;-75,843262;-155,375488
1160;11,6;0,417479;0,138516;0,088194;-0,893726;157,775345;636,396423;-264,760132;0,566598;0,091338;-0,002361;-0,818913;12,05161;610,705627;-97,413681;-0,339384;-0,027151;0,085137;-0,936394;148,495041;354,2276;-616,072327;-0,643676;0,586098;0,416052;-0,262814;323,765625;-75,857773;-155,364868
1161;11,61;0,42077;0,139108;0,08811;-0,892097;157,573944;635,96283;-265,230347;0,565607;0,09132;-0,002546;-0,819599;11,961376;610,471252;-97,175049;-0,339394;-0,027122;0,08513;-0,936391;148,508972;354,233093;-616,062073;-0,643695;0,586054;0,416092;-0,262801;323,764679;-75,838814;-155,372742
1162;11,62;0,42333;0,139484;0,087251;-0,890912;157,405548;635,628235;-265,590179;0,564809;0,091226;-0,002806;-0,820159;11,900693;610,267029;-96,972404;-0,339379;-0,027069;0,085159;-0,936396;148,51268;354,206726;-616,050232;-0,64371;0,586056;0,416067;-0,262801;323,774353;-75,837555;-155,364426
1163;11,63;0,424621;0,139613;0,0851;-0,890485;157,15921;635,445496;-265,754211;0,564009;0,091234;-0,003031;-0,820708;11,863828;610,108948;-96,789154;-0,339369;-0,027126;0,085102;-0,936403;148,519836;354,224823;-616,057068;-0,643732;0,586049;0,416013;-0,262848;323,77179;-75,833031;-155,356201
1164;11,64;0,424905;0,139875;0,082279;-0,890573;156,806778;635,353821;-265,772491;0,563143;0,091134;-0,003114;-0,821313;11,82514;609,969238;-96,591202;-0,339357;-0,027114;0,085174;-0,936401;148,499847;354,202026;-616,055298;-0,643698;0,58604;0,416079;-0,262847;323,749725;-75,8311;-155,37384
1165;11,65;0,42419;0,140583;0,079784;-0,89103;156,32782;635,36084;-265,637146;0,562292;0,091135;-0,00331;-0,821895;11,782078;609,794128;-96,398804;-0,33938;-0,027063;0,085202;-0,936392;148,518478;354,203094;-616,053833;-0,643697;0,58602;0,416121;-0,262828;323,74585;-75,821297;-155,381836
1166;11,66;0,422644;0,141337;0,077003;-0,891889;155,790985;635,455994;-265,390289;0,561486;0,091319;-0,003235;-0,822426;11,728259;609,58783;-96,222557;-0,339395;-0,027147;0,085065;-0,936396;148,556564;354,257477;-616,064697;-0,643721;0,58603;0,416053;-0,262854;323,761414;-75,829384;-155,36496
1167;11,67;0,421271;0,142871;0,07448;-0,892509;155,281982;635,520203;-265,181915;0,560909;0,091417;-0,00271;-0,82281;11,681037;609,418701;-96,088776;-0,339409;-0,027156;0,084998;-0,936397;148,584824;354,287659;-616,054871;-0,643707;0,586123;0,415951;-0,262843;323,787872;-75,871033;-155,334824
1168;11,68;0,420985;0,144827;0,073104;-0,892442;154,839508;635,466431;-265,13559;0,560337;0,091477;-0,002474;-0,823194;11,642896;609,301453;-95,970703;-0,33943;-0,02709;0,084993;-0,936392;148,605209;354,291626;-616,039795;-0,643703;0,586109;0,416011;-0,262787;323,785065;-75,857651;-155,341354
1169;11,69;0,421851;0,14512;0,071901;-0,892083;154,489014;635,295898;-265,256897;0,559837;0,091525;-0,002439;-0,823529;11,598825;609,201294;-95,86689;-0,339429;-0,027071;0,085031;-0,936389;148,573425;354,27243;-616,042847;-0,643707;0,586087;0,41602;-0,262814;323,779266;-75,852242;-155,350235
1170;11,7;0,422718;0,14473;0,071032;-0,891806;154,272217;635,15509;-265,369415;0,559485;0,091566;-0,002558;-0,823763;11,554591;609,117981;-95,789017;-0,339444;-0,027161;0,08502;-0,936382;148,522797;354,293884;-616,071472;-0,643712;0,5861;0,415972;-0,262847;323,783234;-75,861115;-155,344971
1171;11,71;0,422626;0,144812;0,071071;-0,891833;154,215698;635,166382;-265,330017;0,559214;0,091612;-0,002521;-0,823942;11,535789;609,081055;-95,733177;-0,339427;-0,027296;0,084982;-0,936388;148,471008;354,306702;-616,097107;-0,643719;0,586076;0,415998;-0,262846;323,776184;-75,849098;-155,350479
1172;11,72;0,422231;0,145118;0,071565;-0,891931;154,269241;635,227173;-265,257446;0,559186;0,09154;-0,002349;-0,823969;11,534587;609,070068;-95,728111;-0,339433;-0,027267;0,084924;-0,936392;148,497681;354,315582;-616,086487;-0,643726;0,586056;0,416042;-0,2628;323,772003;-75,836456;-155,352142
1173;11,73;0,421988;0,14546;0,071909;-0,891962;154,368454;635,266174;-265,221893;0,559157;0,091576;-0,002433;-0,823985;11,510591;609,051392;-95,726051;-0,339424;-0,02725;0,08496;-0,936392;148,482208;354,294373;-616,087219;-0,643701;0,586051;0,416119;-0,26275;323,756592;-75,829857;-155,3638
1174;11,74;0,421874;0,145786;0,072383;-0,891925;154,456833;635,293945;-265,195099;0,559065;0,0917;-0,002615;-0,824033;11,488331;609,038025;-95,708488;-0,339415;-0,027164;0,085023;-0,936392;148,480331;354,261597;-616,066956;-0,643704;0,586041;0,416088;-0,262815;323,744354;-75,829659;-155,369507
1175;11,75;0,421753;0,145762;0,072362;-0,891988;154,511566;635,316833;-265,171234;0,559069;0,091624;-0,002487;-0,824039;11,511235;609,041565;-95,704185;-0,33944;-0,027197;0,084989;-0,936385;148,478058;354,294525;-616,073853;-0,643726;0,586039;0,416021;-0,262871;323,750549;-75,834023;-155,363525
1176;11,76;0,421519;0,145723;0,072139;-0,892122;154,526871;635,340271;-265,138611;0,559016;0,091556;-0,002251;-0,824084;11,535009;609,048035;-95,694511;-0,339394;-0,027292;0,084988;-0,9364;148,442871;354,278809;-616,088196;-0,643735;0,586041;0,416014;-0,262857;323,756287;-75,831543;-155,359024
1177;11,77;0,421287;0,145798;0,071967;-0,892234;154,514557;635,361084;-265,105743;0,558952;0,09165;-0,002399;-0,824116;11,520561;609,028503;-95,688049;-0,339362;-0,027237;0,085054;-0,936407;148,439026;354,23349;-616,076599;-0,643702;0,586064;0,416047;-0,262833;323,753296;-75,840904;-155,365067
1178;11,78;0,421097;0,145778;0,071792;-0,892341;154,485809;635,384155;-265,06842;0,558878;0,091744;-0,002606;-0,824155;11,498405;609,001282;-95,68013;-0,339389;-0,027192;0,085066;-0,936397;148,450287;354,239563;-616,076416;-0,643672;0,586096;0,416051;-0,262829;323,757996;-75,859474;-155,368622
1179;11,79;0,420847;0,145847;0,071604;-0,892463;154,455933;635,411133;-265,020294;0,558771;0,09168;-0,002388;-0,824236;11,511715;608,993591;-95,65519;-0,339395;-0,027254;0,085026;-0,936397;148,450073;354,261871;-616,093872;-0,643691;0,586031;0,41612;-0,262818;323,746368;-75,828758;-155,386368
1180;11,8;0,420491;0,145819;0,071154;-0,892671;154,444641;635,449585;-264,959106;0,558711;0,091589;-0,002187;-0,824287;11,535069;608,986267;-95,631767;-0,339409;-0,027232;0,085047;-0,936391;148,453079;354,26181;-616,091309;-0,643707;0,586009;0,416122;-0,262827;323,747803;-75,81778;-155,386322
1181;11,81;0,420172;0,14569;0,071052;-0,89285;154,444046;635,502991;-264,875763;0,558568;0,09165;-0,002341;-0,824377;11,52344;608,959717;-95,603973;-0,339414;-0,027185;0,085063;-0,936388;148,461731;354,253601;-616,078735;-0,643701;0,58607;0,416031;-0,262848;323,765991;-75,846413;-155,364685
1182;11,82;0,419696;0,145389;0,070703;-0,893151;154,444931;635,56842;-264,763367;0,558354;0,091774;-0,002389;-0,824508;11,504496;608,91748;-95,564354;-0,339417;-0,02723;0,084997;-0,936392;148,482544;354,278473;-616,087585;-0,643699;0,58611;0,415987;-0,262834;323,778137;-75,862724;-155,350388
1183;11,83;0,419032;0,14538;0,070761;-0,89346;154,441696;635,653503;-264,617279;0,558126;0,0918;-0,002202;-0,82466;11,504316;608,8797;-95,514122;-0,339416;-0,027221;0,084987;-0,936394;148,497162;354,278503;-616,084595;-0,643721;0,586099;0,415961;-0,262846;323,78186;-75,856819;-155,343948
1184;11,84;0,418332;0,145408;0,071318;-0,893739;154,427139;635,760193;-264,437347;0,557836;0,091688;-0,001982;-0,824869;11,510956;608,839844;-95,446236;-0,339408;-0,027303;0,08497;-0,936396;148,464676;354,290558;-616,101685;-0,643724;0,586059;0,416026;-0,262824;323,771423;-75,837234;-155,35643
1185;11,85;0,417709;0,144952;0,07179;-0,894066;154,402161;635,881042;-264,238831;0,557479;0,091672;-0,001979;-0,825112;11,500392;608,774292;-95,369339;-0,339397;-0,027263;0,085012;-0,936397;148,453491;354,266357;-616,090271;-0,643736;0,586042;0,416024;-0,262836;323,77002;-75,83165;-155,360046
1186;11,86;0,416989;0,144613;0,072151;-0,894428;154,389145;636,00177;-264,045807;0,557092;0,091775;-0,002106;-0,825361;11,474751;608,698242;-95,301605;-0,339376;-0,027228;0,085112;-0,936396;148,417999;354,223785;-616,086609;-0,643723;0,586053;0,416013;-0,262861;323,763306;-75,839241;-155,364426
1187;11,87;0,416156;0,144723;0,072351;-0,894782;154,375946;636,107666;-263,872375;0,556709;0,09187;-0,001992;-0,82561;11,460824;608,629822;-95,237717;-0,339376;-0,027312;0,085099;-0,936395;148,389496;354,238983;-616,11377;-0,643696;0,585999;0,416139;-0,262848;323,731873;-75,816643;-155,397263
1188;11,88;0,415864;0,144787;0,072362;-0,894907;154,347534;636,141663;-263,779114;0,556216;0,091877;-0,001719;-0,825942;11,467299;608,557922;-95,151573;-0,339367;-0,027309;0,085056;-0,936403;148,408569;354,238098;-616,115601;-0,643674;0,586023;0,41615;-0,262832;323,728088;-75,826691;-155,401001
1189;11,89;0,416364;0,144514;0,072367;-0,894718;154,339111;636,085815;-263,800537;0,555604;0,09178;-0,001584;-0,826364;11,478683;608,457153;-95,037979;-0,339358;-0,027275;0,085066;-0,936406;148,41127;354,225525;-616,103638;-0,64368;0,586058;0,416083;-0,262846;323,744415;-75,843307;-155,38678
1190;11,9;0,416843;0,144252;0,072733;-0,894507;154,367004;636,036011;-263,814697;0,555006;0,09178;-0,001737;-0,826766;11,468616;608,333984;-94,916031;-0,339364;-0,027273;0,085102;-0,936401;148,392883;354,2229;-616,105713;-0,643702;0,586053;0,416039;-0,262869;323,75473;-75,84256;-155,379089
1191;11,91;0,417212;0,144216;0,073086;-0,894312;154,438583;635,991272;-263,806335;0,554419;0,091865;-0,001667;-0,82715;11,456222;608,219421;-94,795944;-0,339338;-0,027322;0,085124;-0,936406;148,358643;354,205719;-616,115479;-0,643671;0,58609;0,416051;-0,262847;323,756744;-75,857063;-155,379715
1192;11,92;0,418219;0,14382;0,07308;-0,893906;154,51738;635,879639;-263,876862;0,553753;0,091925;-0,001282;-0,827591;11,477005;608,110901;-94,667358;-0,339331;-0,027252;0,08513;-0,936411;148,388046;354,186066;-616,098755;-0,643658;0,586113;0,416039;-0,262844;323,760498;-75,867249;-155,377808
1193;11,93;0,419481;0,143524;0,072567;-0,893404;154,57222;635,706665;-264,006134;0,552961;0,092105;-0,001068;-0,8281;11,495761;607,976929;-94,50309;-0,339337;-0,027214;0,085117;-0,936411;148,42215;354,186951;-616,093506;-0,64368;0,586074;0,416053;-0,262855;323,756805;-75,848778;-155,383743
1194;11,94;0,420659;0,144251;0,071686;-0,892804;154,543839;635,499329;-264,148163;0,551937;0,092385;-0,001122;-0,828752;11,480629;607,792603;-94,302101;-0,339355;-0,027262;0,08508;-0,936406;148,421539;354,217285;-616,105896;-0,643673;0,586062;0,416088;-0,262845;323,755951;-75,844543;-155,390244
1195;11,95;0,420946;0,144453;0,071115;-0,892682;154,406464;635,429016;-264,105194;0,550763;0,09245;-0,001021;-0,829525;11,459876;607,578735;-94,080971;-0,339378;-0,02731;0,085033;-0,9364;148,434372;354,253021;-616,116516;-0,643666;0,586048;0,416117;-0,262849;323,745789;-75,839905;-155,397827
1196;11,96;0,419068;0,144365;0,070717;-0,893611;154,222305;635,635071;-263,711151;0,549778;0,09246;-0,00059;-0,830177;11,451967;607,378357;-93,876053;-0,339375;-0,027261;0,085062;-0,9364;148,453827;354,238159;-616,107056;-0,643678;0,586071;0,416073;-0,262837;323,76004;-75,848473;-155,382187
1197;11,97;0,416383;0,145419;0,070512;-0,89471;154,032196;635,928467;-263,195313;0,54896;0,092567;-0,000349;-0,830707;11,425322;607,18335;-93,685516;-0,339371;-0,027251;0,085078;-0,936401;148,449188;354,232025;-616,109253;-0,643682;0,586076;0,416064;-0,262827;323,766479;-75,848755;-155,377777
1198;11,98;0,417351;0,147222;0,08147;-0,893032;153,59993;636,280396;-262,565552;0,548168;0,092456;-0,000166;-0,831242;11,382896;606,955994;-93,465088;-0,339403;-0,027252;0,084992;-0,936397;148,493423;354,27594;-616,105103;-0,643692;0,586075;0,416048;-0,262834;323,766541;-75,84642;-155,375092
1199;11,99;0,421332;0,15451;0,105393;-0,887411;153,158508;636,544983;-261,945251;0,547477;0,092332;-0,000162;-0,831712;11,319819;606,668518;-93,256798;-0,339438;-0,02728;0,084991;-0,936383;148,486938;354,305145;-616,114258;-0,643699;0,586098;0,416016;-0,262814;323,77951;-75,854706;-155,359528
1200;12;0,416863;0,15942;0,099439;-0,889338;153,385727;636,53241;-261,887726;0,546834;0,092565;-0,000901;-0,832108;11,206791;606,340759;-93,087639;-0,339438;-0,027343;0,084981;-0,936383;148,45488;354,31662;-616,127747;-0,643712;0,586074;0,416009;-0,262847;323,782196;-75,847328;-155,362473
1201;12,01;0,410406;0,159104;0,08175;-0,894187;153,522171;636,501465;-261,958771;0,546194;0,092965;-0,002063;-0,832481;11,053298;605,994324;-92,92907;-0,339408;-0,027284;0,084993;-0,936394;148,462204;354,276764;-616,107727;-0,643699;0,586083;0,416012;-0,262853;323,785614;-75,855209;-155,365463
1202;12,02;0,410114;0,159863;0,080026;-0,894341;153,150253;636,449707;-261,909576;0,545764;0,093236;-0,002718;-0,832731;10,884226;605,590942;-92,778465;-0,339393;-0,027232;0,085019;-0,936399;148,46965;354,247925;-616,096191;-0,643689;0,586079;0,416044;-0,262836;323,778931;-75,851082;-155,370178
1203;12,03;0,414866;0,162249;0,090645;-0,890699;152,493271;636,275635;-261,99704;0,545309;0,093507;-0,003625;-0,832996;10,702645;605,100281;-92,601868;-0,339391;-0,027348;0,084939;-0,936403;148,458725;354,280518;-616,122742;-0,643697;0,586048;0,416077;-0,262833;323,770813;-75,834793;-155,378311
1204;12,04;0,416955;0,157351;0,080138;-0,891609;151,891235;635,885986;-262,37207;0,544567;0,094176;-0,005013;-0,833398;10,483642;604,562439;-92,372719;-0,339374;-0,02736;0,084944;-0,936409;148,444229;354,267731;-616,12384;-0,643697;0,586051;0,416078;-0,262826;323,769714;-75,835304;-155,378036
1205;12,05;0,416793;0,150936;0,058133;-0,894496;151,411987;635,285278;-262,999664;0,543639;0,094952;-0,005971;-0,833909;10,291296;604,151245;-92,148903;-0,339368;-0,027284;0,08505;-0,936404;148,421082;354,227417;-616,112976;-0,643708;0,586058;0,416057;-0,262817;323,778381;-75,836746;-155,371475
1206;12,06;0,419526;0,152229;0,05515;-0,893187;150,75383;634,759644;-263,467133;0,542661;0,094967;-0,005599;-0,834547;10,293083;603,966248;-91,963356;-0,339356;-0,027275;0,085075;-0,936406;148,418015;354,210754;-616,115784;-0,643729;0,586058;0,416011;-0,262839;323,78537;-75,837029;-155,363968
1207;12,07;0,420131;0,153672;0,051693;-0,892862;150,0354;634,491089;-263,576508;0,541853;0,094453;-0,004341;-0,835138;10,415574;603,855103;-91,789139;-0,339331;-0,027241;0,085044;-0,936419;148,446762;354,194275;-616,101074;-0,643706;0,58605;0,416075;-0,262812;323,767487;-75,831406;-155,377075
1208;12,08;0,418562;0,154277;0,048296;-0,893685;149,413055;634,548767;-263,298584;0,541069;0,094585;-0,004825;-0,835629;10,368826;603,67041;-91,603127;-0,339375;-0,027288;0,085067;-0,936399;148,411514;354,227173;-616,119629;-0,643694;0,586074;0,416069;-0,262797;323,771606;-75,842964;-155,374557
1209;12,09;0,416396;0,155147;0,0472;-0,894604;149,01564;634,754395;-262,882782;0,540332;0,094849;-0,006254;-0,836066;10,231613;603,327148;-91,405327;-0,339387;-0,02732;0,085049;-0,936395;148,401367;354,247803;-616,12616;-0,64369;0,586052;0,416097;-0,262812;323,761475;-75,834114;-155,385254
1210;12,1;0,416858;0,157333;0,056111;-0,893492;148,558853;635,045349;-262,336548;0,539719;0,094981;-0,006799;-0,836443;10,11578;602,830872;-91,205872;-0,339362;-0,02722;0,085031;-0,936409;148,449661;354,215637;-616,097107;-0,643689;0,586036;0,416114;-0,262821;323,757172;-75,830254;-155,387695
1211;12,11;0,417604;0,15927;0,065436;-0,892165;148,129318;635,34845;-261,771515;0,538898;0,095722;-0,008616;-0,83687;9,868057;602,266479;-90,975006;-0,339404;-0,027244;0,084995;-0,936397;148,463196;354,252472;-616,110352;-0,643695;0,586039;0,416123;-0,262787;323,761475;-75,828735;-155,377655
1212;12,12;0,419052;0,165772;0,079061;-0,889193;147,807266;635,497009;-261,298492;0,538121;0,096354;-0,010357;-0,837278;9,625216;601,742737;-90,740654;-0,339426;-0,027382;0,084928;-0,936391;148,432037;354,309875;-616,132629;-0,643683;0,586033;0,416153;-0,262781;323,751099;-75,821831;-155,383163
1213;12,13;0,414096;0,170525;0,072203;-0,891197;147,879181;635,47583;-261,192749;0,537544;0,096328;-0,009959;-0,837657;9,586571;601,343384;-90,538292;-0,339425;-0,027337;0,084926;-0,936393;148,447388;354,306244;-616,114014;-0,643699;0,586067;0,416053;-0,262826;323,768799;-75,841057;-155,365173
1214;12,14;0,406996;0,170102;0,054101;-0,895819;147,862259;635,465881;-261,172699;0,536789;0,096702;-0,010104;-0,838096;9,550874;601,059326;-90,367645;-0,339401;-0,027316;0,084921;-0,936402;148,481964;354,289642;-616,108643;-0,643708;0,586067;0,416035;-0,262833;323,771301;-75,840904;-155,361572
1215;12,15;0,406171;0,17094;0,05291;-0,896106;147,403061;635,48053;-260,971588;0,535886;0,09725;-0,010897;-0,8386;9,463086;600,855469;-90,21019;-0,339388;-0,027354;0,08495;-0,936403;148,464859;354,282227;-616,122498;-0,643693;0,586079;0,41604;-0,262833;323,771973;-75,850067;-155,365829
1216;12,16;0,406518;0,17108;0,050359;-0,896068;147,043701;635,335571;-260,999023;0,535114;0,096951;-0,010134;-0,839137;9,504905;600,677246;-90,043304;-0,339382;-0,027359;0,084977;-0,936403;148,451691;354,27301;-616,128418;-0,643678;0,58607;0,416101;-0,262793;323,761749;-75,843475;-155,378159
1217;12,17;0,408169;0,171148;0,047112;-0,895481;146,788986;635,012268;-261,273438;0,534387;0,096819;-0,009784;-0,839619;9,50325;600,474854;-89,890961;-0,3394;-0,027325;0,085006;-0,936395;148,451035;354,274445;-616,130371;-0,643689;0,586044;0,416109;-0,262813;323,750031;-75,830284;-155,387329
1218;12,18;0,411034;0,166694;0,038635;-0,895417;146,492188;634,555359;-261,69931;0,533422;0,097206;-0,010839;-0,840175;9,354988;600,233704;-89,714928;-0,33941;-0,02723;0,08506;-0,936389;148,453125;354,251556;-616,110474;-0,643716;0,586042;0,416045;-0,262854;323,764252;-75,832886;-155,377518
1219;12,19;0,414799;0,162505;0,03198;-0,894713;146,268127;634,026855;-262,22348;0,53251;0,097005;-0,010723;-0,840778;9,293532;599,941345;-89,513985;-0,339351;-0,027295;0,084965;-0,936417;148,461929;354,236786;-616,104492;-0,643739;0,586004;0,416049;-0,262874;323,761047;-75,816917;-155,380539
1220;12,2;0,418045;0,162471;0,031159;-0,893236;146,133728;633,569153;-262,652649;0,531722;0,096903;-0,010638;-0,84129;9,266945;599,615723;-89,323372;-0,339347;-0,027345;0,084982;-0,936415;148,421753;354,23761;-616,120361;-0,643717;0,586011;0,416098;-0,262835;323,753998;-75,81752;-155,384567
1221;12,21;0,419232;0,162205;0,030067;-0,892766;145,928329;633,361328;-262,746582;0,530635;0,097509;-0,011524;-0,841894;9,136696;599,304749;-89,098434;-0,339372;-0,027357;0,085005;-0,936404;148,398926;354,252289;-616,124146;-0,643681;0,586032;0,416162;-0,262774;323,745972;-75,822548;-155,389236
1222;12,22;0,417973;0,162511;0,029008;-0,893335;145,764557;633,454712;-262,486084;0,529769;0,097639;-0,011184;-0,842429;9,08249;599,013794;-88,888649;-0,339371;-0,027396;0,084945;-0,936409;148,407196;354,271881;-616,122742;-0,643682;0,586076;0,416081;-0,262801;323,759186;-75,845284;-155,373596
1223;12,23;0,415461;0,163598;0,028856;-0,894313;145,706985;633,707764;-262,049713;0,529066;0,097604;-0,010601;-0,842882;9,086838;598,743652;-88,720795;-0,339379;-0,027342;0,084996;-0,936402;148,411713;354,259308;-616,119629;-0,643674;0,586123;0,416026;-0,262802;323,772095;-75,867317;-155,360107
1224;12,24;0,413337;0,164239;0,029749;-0,89515;145,710907;633,97052;-261,608887;0,527961;0,097929;-0,011224;-0,843529;9,015862;598,505371;-88,528259;-0,339393;-0,027227;0,085033;-0,936398;148,457672;354,245972;-616,09906;-0,643691;0,586062;0,416065;-0,262839;323,751953;-75,841743;-155,377716
1225;12,25;0,41167;0,163824;0,030427;-0,895971;145,735474;634,214417;-261,182098;0,526927;0,097916;-0,011365;-0,844175;9,013442;598,287598;-88,326416;-0,339404;-0,027297;0,08494;-0,9364;148,485229;354,289185;-616,111511;-0,643719;0,586006;0,416072;-0,262881;323,744293;-75,820908;-155,389343
1226;12,26;0,411135;0,170036;0,039668;-0,894697;146,026672;634,291199;-260,968536;0,525991;0,097789;-0,01106;-0,844778;9,073895;598,093506;-88,133316;-0,339399;-0,027405;0,084925;-0,9364;148,459854;354,306946;-616,136353;-0,643697;0,586057;0,416049;-0,26286;323,752838;-75,843094;-155,380554
1227;12,27;0,411394;0,176087;0,048577;-0,892966;146,398422;634,250549;-260,928955;0,524971;0,09791;-0,01167;-0,845389;9,052694;597,890259;-87,937691;-0,339406;-0,027313;0,085014;-0,936392;148,462357;354,282196;-616,121033;-0,643698;0,586088;0,416021;-0,262829;323,771484;-75,853889;-155,365311
1228;12,28;0,411893;0,175687;0,049808;-0,892747;146,599854;634,213562;-260,898346;0,524046;0,09794;-0,012125;-0,845953;9,022841;597,643311;-87,749954;-0,339402;-0,027276;0,085028;-0,936393;148,475418;354,272797;-616,115112;-0,64371;0,58606;0,416049;-0,262821;323,771423;-75,838867;-155,369858
1229;12,29;0,412516;0,175464;0,050965;-0,892438;146,751816;634,162048;-260,883759;0,52328;0,097867;-0,01175;-0,846441;9,024591;597,39093;-87,576866;-0,339405;-0,027347;0,084932;-0,936399;148,508102;354,308319;-616,126526;-0,643678;0,586092;0,416051;-0,262823;323,770477;-75,855103;-155,3703
1230;12,3;0,412681;0,175391;0,051322;-0,892356;146,805237;634,13623;-260,828613;0,522485;0,098102;-0,011485;-0,846908;8,985691;597,16156;-87,396782;-0,339437;-0,027323;0,084898;-0,936391;148,548752;354,335602;-616,124512;-0,643703;0,586078;0,416036;-0,262818;323,783569;-75,846924;-155,364746
1231;12,31;0,412509;0,17554;0,051092;-0,892419;146,722244;634,1203;-260,7323;0,521634;0,098481;-0,011438;-0,847389;8,946123;596,938721;-87,214241;-0,33942;-0,02731;0,084958;-0,936392;148,520477;354,305786;-616,120728;-0,643719;0,586043;0,416045;-0,262842;323,783447;-75,831863;-155,372299
1232;12,32;0,412327;0,175724;0,049621;-0,89255;146,488892;634,070129;-260,644531;0,520871;0,098674;-0,011344;-0,847838;8,933347;596,692749;-87,055832;-0,339408;-0,027342;0,08491;-0,9364;148,529877;354,316101;-616,121277;-0,643702;0,586091;0,416007;-0,262837;323,794617;-75,852066;-155,361679
1233;12,33;0,412239;0,175656;0,047825;-0,892702;146,185043;634,003601;-260,568451;0,519971;0,098907;-0,011647;-0,848358;8,876732;596,405029;-86,8787;-0,339394;-0,027301;0,08496;-0,936402;148,526337;354,289429;-616,112427;-0,643695;0,586102;0,416011;-0,262825;323,79541;-75,858055;-155,360855
1234;12,34;0,412126;0,175567;0,046565;-0,892838;145,929153;633,957764;-260,475739;0,519023;0,099121;-0,011895;-0,84891;8,792595;596,068237;-86,679382;-0,339388;-0,027313;0,084997;-0,9364;148,508682;354,276703;-616,121765;-0,643696;0,586064;0,416049;-0,262846;323,779114;-75,843361;-155,375519
1235;12,35;0,41157;0,17576;0,046113;-0,89308;145,776779;633,975769;-260,318054;0,518151;0,099151;-0,012393;-0,849432;8,704603;595,70752;-86,486061;-0,339413;-0,027308;0,084944;-0,936396;148,531708;354,304443;-616,121338;-0,643713;0,586043;0,416042;-0,262862;323,779175;-75,834206;-155,37735
1236;12,36;0,410336;0,174724;0,04484;-0,893916;145,650742;634,103088;-260,013;0,517238;0,099316;-0,013334;-0,849955;8,592342;595,376465;-86,287163;-0,339415;-0,027236;0,085016;-0,936391;148,520737;354,278564;-616,10791;-0,643703;0,586083;0,416012;-0,262847;323,790802;-75,852837;-155,367249
1237;12,37;0,409019;0,17404;0,044385;-0,894675;145,57132;634,27887;-259,656128;0,516475;0,099505;-0,013271;-0,850397;8,533135;595,101318;-86,120026;-0,339408;-0,027237;0,085063;-0,936389;148,498535;354,261749;-616,115906;-0,643679;0,586102;0,416035;-0,262825;323,78363;-75,858994;-155,368362
1238;12,38;0,413602;0,176128;0,062744;-0,891053;145,10881;634,544922;-259,05954;0,515802;0,099364;-0,012511;-0,850834;8,535053;594,884888;-85,96685;-0,339396;-0,027325;0,085007;-0,936396;148,483627;354,279633;-616,130249;-0,6437;0,586083;0,416011;-0,262855;323,784576;-75,850563;-155,36615
1239;12,39;0,418375;0,17724;0,079579;-0,887252;144,68396;634,727356;-258,580444;0,51492;0,099252;-0,012725;-0,851378;8,518361;594,700439;-85,791649;-0,339429;-0,027287;0,084969;-0,936389;148,511871;354,304779;-616,119507;-0,64372;0,586077;0,415981;-0,262866;323,794617;-75,849205;-155,362259
1240;12,4;0,418725;0,176671;0,079831;-0,887178;144,735367;634,688843;-258,539154;0,514017;0,099406;-0,013201;-0,851898;8,502659;594,513062;-85,631004;-0,339453;-0,027185;0,085009;-0,936379;148,532364;354,299713;-616,096497;-0,643693;0,586081;0,416035;-0,262836;323,786621;-75,850151;-155,370758
1241;12,41;0,419323;0,176207;0,080361;-0,88694;144,801559;634,63385;-258,524689;0,513219;0,099469;-0,012948;-0,852376;8,507026;594,335327;-85,482849;-0,339455;-0,027292;0,084943;-0,936381;148,525116;354,332672;-616,11969;-0,643678;0,58612;0,416021;-0,262811;323,797455;-75,864784;-155,359177
1242;12,42;0,419404;0,175794;0,080353;-0,886984;144,88327;634,623901;-258,457886;0,512502;0,09941;-0,012891;-0,852815;8,490041;594,171753;-85,334496;-0,33944;-0,027387;0,084899;-0,936388;148,514877;354,348053;-616,135925;-0,643678;0,586106;0,416042;-0,262807;323,795929;-75,858589;-155,362991
1243;12,43;0,419402;0,175497;0,080121;-0,887064;144,944214;634,616028;-258,389282;0,511842;0,099488;-0,012939;-0,853201;8,478788;594,00946;-85,19223;-0,339428;-0,027351;0,084971;-0,936387;148,503067;354,322296;-616,122131;-0,643687;0,586088;0,416054;-0,262804;323,792511;-75,849533;-155,364777
1244;12,44;0,41945;0,175303;0,079987;-0,887092;144,951797;634,598389;-258,331757;0,511191;0,099408;-0,012628;-0,853605;8,511519;593,848206;-85,049202;-0,339442;-0,027332;0,084919;-0,936387;148,540817;354,341522;-616,114929;-0,643705;0,586073;0,416024;-0,262843;323,795013;-75,847252;-155,362335
1245;12,45;0,418453;0,173472;0,076896;-0,888196;144,846405;634,663147;-258,150452;0,51058;0,099452;-0,0127;-0,853965;8,516405;593,668335;-84,923798;-0,339443;-0,027253;0,084955;-0,936386;148,54921;354,321655;-616,097778;-0,643728;0,586046;0,416004;-0,262878;323,793945;-75,835777;-155,364395
1246;12,46;0,416296;0,170817;0,071158;-0,8902;144,65863;634,827637;-257,841553;0,510004;0,099756;-0,013447;-0,854262;8,457928;593,461731;-84,815132;-0,339962;-0,026613;0,082793;-0,93641;149,905624;355,140533;-615,822815;-0,643728;0,586071;0,415986;-0,262853;323,801697;-75,84214;-155,355835
1247;12,47;0,412458;0,16958;0,062859;-0,892844;144,624832;634,951233;-257,701172;0,509475;0,099778;-0,013763;-0,85457;8,395063;593,221802;-84,700104;-0,340404;-0,026093;0,080667;-0,936449;151,192841;355,910156;-615,567444;-0,643725;0,586089;0,415966;-0,26285;323,807129;-75,851959;-155,351425
1248;12,48;0,409051;0,169295;0,056369;-0,894896;144,568985;635,026306;-257,61261;0,509045;0,09981;-0,01381;-0,854822;8,31304;592,931519;-84,585449;-0,340348;-0,026144;0,080941;-0,936445;151,023682;355,801727;-615,600403;-0,643735;0,586068;0,415973;-0,262861;323,799988;-75,843063;-155,354767
1249;12,49;0,407606;0,169928;0,054519;-0,89555;144,302155;635,092529;-257,417511;0,508607;0,100193;-0,014817;-0,855021;8,179217;592,574707;-84,467003;-0,340314;-0,026291;0,081207;-0,93643;150,826569;355,729401;-615,658142;-0,643715;0,586086;0,415988;-0,262846;323,796021;-75,850937;-155,35347
1250;12,5;0,406706;0,17106;0,052843;-0,895844;143,969269;635,084045;-257,297455;0,508138;0,100548;-0,015893;-0,855239;8,036819;592,130188;-84,344826;-0,340251;-0,026385;0,081368;-0,936436;150,699997;355,659607;-615,678833;-0,643717;0,586071;0,416005;-0,262846;323,792267;-75,845161;-155,356461
1251;12,51;0,407215;0,171522;0,051959;-0,895576;143,611877;634,941711;-257,333527;0,507721;0,100959;-0,016994;-0,855417;7,830178;591,595032;-84,225174;-0,340248;-0,026413;0,081215;-0,93645;150,764755;355,69931;-615,670776;-0,643731;0,586033;0,416024;-0,262868;323,782562;-75,829521;-155,363388
1252;12,52;0,411122;0,173286;0,058188;-0,893065;143,19104;634,651672;-257,45462;0,50718;0,101632;-0,018842;-0,855619;7,588064;591,066528;-84,084831;-0,340334;-0,026268;0,080773;-0,936461;151,053192;355,852417;-615,606079;-0,643722;0,586059;0,415996;-0,262875;323,787689;-75,841904;-155,355698
1253;12,53;0,41582;0,175294;0,065542;-0,889983;142,74884;634,28595;-257,649231;0,506568;0,101748;-0,019172;-0,85596;7,494553;590,592041;-83,909256;-0,339933;-0,026718;0,082711;-0,936424;149,8853;355,146301;-615,836975;-0,643729;0,586065;0,415984;-0,262864;323,791565;-75,841103;-155,350937
1254;12,54;0,418689;0,177149;0,06811;-0,888076;142,449371;633,912842;-257,942169;0,505925;0,101814;-0,019325;-0,85633;7,426373;590,105164;-83,731407;-0,339427;-0,027366;0,084902;-0,936393;148,504196;354,333527;-616,121033;-0,643719;0,586082;0,415999;-0,262826;323,795013;-75,845848;-155,34996
1255;12,55;0,415066;0,177773;0,051365;-0,890774;142,664673;633,47876;-258,481812;0,505006;0,102392;-0,021009;-0,856763;7,239354;589,627869;-83,539246;-0,339399;-0,027269;0,085017;-0,936396;148,484253;354,272247;-616,102905;-0,643687;0,586076;0,416053;-0,262836;323,776794;-75,846565;-155,368851
1256;12,56;0,410166;0,176728;0,032088;-0,894149;142,813522;633,155945;-258,862793;0,503986;0,102731;-0,021325;-0,857316;7,122427;589,217041;-83,339783;-0,339384;-0,027276;0,085056;-0,936397;148,470749;354,250122;-616,115356;-0,643676;0,586068;0,416075;-0,262847;323,770844;-75,846001;-155,379349
1257;12,57;0,415175;0,178879;0,047232;-0,890731;142,012772;633,224792;-258,392761;0,503049;0,10279;-0,02056;-0,857877;7,146666;588,901611;-83,150696;-0,339369;-0,027324;0,085064;-0,936401;148,444809;354,246857;-616,125061;-0,643705;0,586107;0,415988;-0,262826;323,804047;-75,861115;-155,351074
1258;12,58;0,418229;0,179595;0,060064;-0,888382;141,220444;633,473511;-257,694427;0,501844;0,102779;-0,020735;-0,85858;7,157783;588,649231;-82,917419;-0,339401;-0,027348;0,085026;-0,936392;148,444855;354,28363;-616,128113;-0,643721;0,586114;0,415938;-0,262849;323,810211;-75,865059;-155,342255
1259;12,59;0,413226;0,177783;0,05084;-0,891657;141,17514;633,685608;-257,356476;0,500683;0,102593;-0,020925;-0,859275;7,1374;588,373291;-82,689255;-0,339921;-0,026784;0,082795;-0,936419;149,808578;355,12912;-615,86084;-0,643719;0,586084;0,415972;-0,262867;323,792053;-75,851265;-155,353302
1260;12,6;0,408436;0,177333;0,044267;-0,894301;141,322052;633,914856;-257,034546;0,499705;0,102656;-0,020873;-0,859838;7,087382;588,023315;-82,499641;-0,340343;-0,026254;0,081026;-0,936436;150,929047;355,791534;-615,634583;-0,643689;0,586105;0,416013;-0,262826;323,786499;-75,858711;-155,35141
1261;12,61;0,406321;0,175279;0,040755;-0,895835;141,396515;634,125305;-256,647186;0,498573;0,10316;-0,021667;-0,860415;6,981921;587,660278;-82,293823;-0,340241;-0,026402;0,081543;-0,936424;150,609283;355,602051;-615,709656;-0,64368;0,586094;0,416052;-0,262813;323,774109;-75,853348;-155,356552
1262;12,62;0,406117;0,173862;0,039477;-0,89626;141,540436;634,154541;-256,494263;0,497531;0,103226;-0,021788;-0,861007;6,941051;587,365356;-82,07032;-0,340223;-0,026401;0,081646;-0,936421;150,549774;355,563293;-615,71106;-0,643673;0,586091;0,416072;-0,262803;323,764557;-75,852112;-155,359451
1263;12,63;0,407727;0,17587;0,043569;-0,894947;141,707336;633,960754;-256,6138;0,496483;0,102661;-0,020913;-0,861701;7,000534;587,150818;-81,839653;-0,340266;-0,026347;0,081484;-0,936421;150,637924;355,634186;-615,67865;-0,643685;0,586091;0,416045;-0,26282;323,768494;-75,853943;-155,35495
1264;12,64;0,409523;0,176833;0,04586;-0,893822;141,743759;633,736389;-256,754211;0,495252;0,102355;-0,021142;-0,862439;7,034362;586,944092;-81,624825;-0,340339;-0,026296;0,081179;-0,936423;150,813889;355,760468;-615,651611;-0,643703;0,586065;0,416041;-0,262839;323,764008;-75,8396;-155,359039
1265;12,65;0,410565;0,176645;0,045248;-0,893412;141,645737;633,571655;-256,796265;0,494106;0,102661;-0,021947;-0,86304;6,987336;586,680603;-81,432724;-0,340379;-0,026131;0,080994;-0,936429;150,97937;355,809296;-615,605347;-0,643707;0,586043;0,416052;-0,26286;323,757721;-75,832664;-155,369614
1266;12,66;0,41022;0,175263;0,041898;-0,894006;141,395981;633,541931;-256,640533;0,493008;0,102969;-0,02208;-0,863628;6,950685;586,427063;-81,234077;-0,340365;-0,026131;0,081143;-0,936421;150,895111;355,756378;-615,62085;-0,643725;0,58602;0,416059;-0,262857;323,759033;-75,822144;-155,372559
1267;12,67;0,408144;0,174057;0,038233;-0,895356;141,082703;633,690491;-256,258392;0,492024;0,102886;-0,021334;-0,864217;7,014485;586,220276;-81,042015;-0,340296;-0,026376;0,081618;-0,936398;150,552658;355,618958;-615,7229;-0,643703;0,58607;0,416064;-0,262789;323,769562;-75,839363;-155,360901
1268;12,68;0,405439;0,174655;0,036305;-0,896547;140,824799;633,870483;-255,8414;0,491076;0,102857;-0,02046;-0,864781;7,074507;586,024414;-80,853493;-0,340178;-0,026498;0,082215;-0,936385;150,200485;355,401154;-615,787476;-0,643691;0,586089;0,416045;-0,262808;323,771301;-75,849159;-155,357605
1269;12,69;0,403581;0,173825;0,033632;-0,89765;140,65155;633,990662;-255,522491;0,489992;0,103176;-0,020611;-0,865354;7,040184;585,798401;-80,66172;-0,340083;-0,026584;0,082666;-0,936378;149,934494;355,231659;-615,827698;-0,643702;0,586093;0,416014;-0,262821;323,774353;-75,850258;-155,347977
1270;12,7;0,403595;0,173603;0,033909;-0,897677;140,688156;633,975952;-255,425217;0,489121;0,103248;-0,021008;-0,865829;7,00017;585,530579;-80,49868;-0,340036;-0,026616;0,082792;-0,936383;149,856445;355,173279;-615,831909;-0,643698;0,586075;0,416063;-0,262793;323,766296;-75,840744;-155,351089
1271;12,71;0,404075;0,174332;0,035557;-0,897256;140,800003;633,91925;-255,406616;0,488414;0,103314;-0,020963;-0,866221;6,951743;585,196167;-80,337936;-0,340068;-0,026618;0,082772;-0,936373;149,861786;355,207611;-615,832703;-0,643726;0,586039;0,416045;-0,262834;323,763916;-75,827438;-155,348572
1272;12,72;0,402955;0,172619;0,032965;-0,898189;140,729492;634,036682;-255,161591;0,487804;0,103832;-0,021424;-0,866491;6,829703;584,78009;-80,184441;-0,340064;-0,026687;0,083067;-0,936346;149,674149;355,13327;-615,877808;-0,643748;0,586054;0,415992;-0,262831;323,774689;-75,832848;-155,331345
1273;12,73;0,401468;0,171203;0,030395;-0,899216;140,703232;634,198242;-254,88591;0,487267;0,104315;-0,022489;-0,866708;6,66684;584,281799;-80,068527;-0,33998;-0,026791;0,083417;-0,936342;149,447601;354,992249;-615,925659;-0,643719;0,58607;0,416031;-0,262806;323,765442;-75,839828;-155,338654
1274;12,74;0,401019;0,171634;0,030751;-0,899322;140,843445;634,249207;-254,787033;0,486738;0,105078;-0,023963;-0,866874;6,436336;583,719849;-79,977142;-0,339977;-0,026889;0,083527;-0,936331;149,34433;354,973907;-615,970886;-0,643746;0,586057;0,415999;-0,262818;323,770233;-75,832802;-155,331955
1275;12,75;0,400343;0,171775;0,030462;-0,899606;140,897812;634,302307;-254,661865;0,486139;0,105916;-0,025748;-0,867057;6,193828;583,285706;-79,866127;-0,339958;-0,026809;0,083758;-0,93632;149,245483;354,881897;-615,975159;-0,643746;0,586052;0,416027;-0,262785;323,771271;-75,829025;-155,333954
1276;12,76;0,398779;0,17209;0,030053;-0,900254;140,892334;634,420044;-254,430923;0,48551;0,105745;-0,025733;-0,86743;6,194587;583,103333;-79,725937;-0,339872;-0,0269;0,084017;-0,936325;149,060013;354,765839;-616,004578;-0,643678;0,586086;0,416095;-0,262768;323,752869;-75,847137;-155,353821
1277;12,77;0,397346;0,172552;0,030244;-0,900793;140,930847;634,53833;-254,195602;0,485084;0,105107;-0,024401;-0,867785;6,338791;583,069092;-79,619286;-0,339809;-0,027055;0,084242;-0,936323;148,870407;354,690399;-616,051086;-0,643663;0,586104;0,41608;-0,262787;323,749573;-75,856079;-155,355011
1278;12,78;0,396667;0,172424;0,030009;-0,901124;140,995087;634,611267;-254,03685;0,484489;0,105116;-0,024348;-0,868117;6,338752;582,952393;-79,524849;-0,339777;-0,027006;0,084488;-0,936314;148,765945;354,598694;-616,060364;-0,643708;0,586092;0,416017;-0,262805;323,766937;-75,849258;-155,340088
1279;12,79;0,396717;0,171913;0,029971;-0,901201;141,085312;634,624146;-253,976822;0,48386;0,10569;-0,025378;-0,868369;6,212673;582,752136;-79,452888;-0,339779;-0,027115;0,084485;-0,936311;148,730453;354,609802;-616,098877;-0,643714;0,586084;0,416016;-0,262811;323,767792;-75,845619;-155,341797
1280;12,8;0,396467;0,171181;0,029667;-0,901461;141,144272;634,661133;-253,874237;0,483454;0,105753;-0,025369;-0,868588;6,205863;582,648376;-79,394669;-0,33976;-0,027282;0,084574;-0,936304;148,614609;354,596252;-616,154175;-0,643722;0,586073;0,416007;-0,262826;323,769684;-75,841843;-155,343002
1281;12,81;0,395589;0,170604;0,029161;-0,901972;141,143326;634,758606;-253,684372;0,482977;0,105131;-0,024275;-0,86896;6,331772;582,619812;-79,292;-0,339731;-0,027179;0,084857;-0,936292;148,508514;354,49469;-616,145264;-0,643743;0,586073;0,415991;-0,2628;323,780243;-75,837196;-155,332962
1282;12,82;0,395268;0,170339;0,029193;-0,902162;141,167725;634,800171;-253,57312;0,482476;0,105096;-0,024271;-0,869243;6,34503;582,521667;-79,195305;-0,339736;-0,027177;0,084881;-0,936289;148,493683;354,494507;-616,138672;-0,643718;0,586033;0,416089;-0,262796;323,753296;-75,82151;-155,357864
1283;12,83;0,394976;0,170201;0,029153;-0,902317;141,192429;634,823547;-253,481155;0,481847;0,105739;-0,025107;-0,86949;6,239448;582,34082;-79,117798;-0,339737;-0,027325;0,084872;-0,936285;148,437546;354,5159;-616,175964;-0,64369;0,586027;0,416135;-0,262806;323,737579;-75,823814;-155,371094
1284;12,84;0,394018;0,170152;0,029098;-0,902747;141,198639;634,902588;-253,305786;0,481314;0,105929;-0,025225;-0,869758;6,210016;582,229004;-79,052872;-0,339696;-0,027219;0,085028;-0,936289;148,415146;354,432159;-616,166687;-0,643692;0,58607;0,416067;-0,262813;323,75354;-75,843277;-155,352829
1285;12,85;0,393367;0,170035;0,02923;-0,903048;141,23526;634,956726;-253,164917;0,480857;0,105543;-0,024618;-0,870075;6,298552;582,153931;-78,956192;-0,33968;-0,027184;0,085103;-0,936288;148,389725;354,400696;-616,159485;-0,643722;0,586052;0,416038;-0,262825;323,759979;-75,831795;-155,346634
1286;12,86;0,392624;0,169848;0,029101;-0,903411;141,246414;635,017761;-252,997284;0,480142;0,105332;-0,024601;-0,870496;6,332968;582,028137;-78,798103;-0,339708;-0,027285;0,085113;-0,936275;148,333527;354,432343;-616,179932;-0,643736;0,586058;0,416008;-0,262826;323,769745;-75,834023;-155,341248
1287;12,87;0,3915;0,169685;0,028697;-0,903942;141,270264;635,124207;-252,770187;0,479461;0,105408;-0,024867;-0,870855;6,302501;581,850281;-78,680122;-0,339703;-0,027254;0,085186;-0,93627;148,32016;354,408142;-616,180786;-0,643747;0,586014;0,416057;-0,262818;323,765045;-75,813484;-155,353653
1288;12,88;0,390542;0,169612;0,028388;-0,90438;141,310318;635,223877;-252,555435;0,478763;0,105467;-0,024887;-0,871231;6,296029;581,685913;-78,597038;-0,339689;-0,027209;0,085268;-0,93627;148,317154;354,371368;-616,188416;-0,643706;0,586038;0,416113;-0,262777;323,757172;-75,82061;-155,360764
1289;12,89;0,389615;0,169557;0,028319;-0,904792;141,327881;635,316467;-252,329437;0,477966;0,105433;-0,02498;-0,87167;6,311847;581,522766;-78,4618;-0,33965;-0,027255;0,085273;-0,936282;148,305725;354,345245;-616,196655;-0,643642;0,586127;0,416092;-0,262768;323,758911;-75,864487;-155,354523
1290;12,9;0,388813;0,169276;0,028372;-0,905188;141,325409;635,398376;-252,098434;0,477071;0,10544;-0,025174;-0,872154;6,314934;581,327087;-78,272903;-0,339652;-0,027381;0,085189;-0,936285;148,288528;354,385376;-616,208679;-0,643687;0,586126;0,416005;-0,262799;323,782562;-75,865585;-155,335663
1291;12,91;0,387902;0,1692;0,028584;-0,905586;141,317825;635,500549;-251,830704;0,476107;0,105441;-0,025087;-0,872683;6,317141;581,136353;-78,094154;-0,339706;-0,027344;0,085239;-0,936262;148,265121;354,408142;-616,209656;-0,643754;0,586116;0,415892;-0,262838;323,814728;-75,863556;-155,312927
1292;12,92;0,386848;0,168936;0,028492;-0,906089;141,352203;635,621704;-251,540634;0,475303;0,105453;-0,024722;-0,87313;6,324845;580,93988;-77,959496;-0,339686;-0,027152;0,085395;-0,936261;148,269745;354,324127;-616,181641;-0,643726;0,586085;0,416009;-0,26279;323,796021;-75,847748;-155,334229
1293;12,93;0,38571;0,168447;0,02802;-0,90668;141,374908;635,731201;-251,256073;0,474303;0,105658;-0,024744;-0,873648;6,299405;580,707581;-77,797173;-0,339643;-0,027158;0,085435;-0,936273;148,250031;354,285828;-616,179626;-0,643717;0,586067;0,416051;-0,262782;323,776947;-75,833458;-155,342407
1294;12,94;0,384368;0,168373;0,027766;-0,907271;141,355606;635,852905;-250,9422;0,47321;0,105949;-0,024491;-0,874212;6,312517;580,449646;-77,598068;-0,339632;-0,027335;0,085406;-0,936274;148,185043;354,315765;-616,209534;-0,643728;0,586098;0,415951;-0,262846;323,785614;-75,852814;-155,329163
1295;12,95;0,382981;0,168717;0,028561;-0,907769;141,362396;635,99469;-250,586395;0,472157;0,105965;-0,023703;-0,874802;6,375346;580,223572;-77,397499;-0,339666;-0,027402;0,085384;-0,936261;148,165894;354,356262;-616,229919;-0,643711;0,586114;0,415967;-0,262827;323,786652;-75,862244;-155,330795
1296;12,96;0,381857;0,168929;0,029824;-0,908162;141,394363;636,133301;-250,234604;0,470981;0,105857;-0,023334;-0,875458;6,393738;579,987854;-77,213722;-0,339657;-0,027324;0,085374;-0,936268;148,209305;354,338959;-616,214722;-0,643725;0,586071;0,416007;-0,262826;323,773438;-75,840118;-155,340744
1297;12,97;0,380605;0,168505;0,030508;-0,908744;141,374466;636,277466;-249,868774;0,469767;0,106132;-0,023927;-0,876061;6,330984;579,69519;-77,03492;-0,339619;-0,027201;0,085431;-0,93628;148,230789;354,273926;-616,187439;-0,643712;0,586055;0,41605;-0,262827;323,757965;-75,832893;-155,352646
1298;12,98;0,37915;0,168188;0,030986;-0,909394;141,345917;636,427002;-249,497208;0,468418;0,106173;-0,024101;-0,876773;6,27387;579,387756;-76,812729;-0,33965;-0,027196;0,085458;-0,936267;148,201645;354,284302;-616,194458;-0,643711;0,586051;0,416058;-0,262822;323,754333;-75,830879;-155,35582
1299;12,99;0,377728;0,167597;0,030443;-0,910113;141,360992;636,57959;-249,126404;0,467225;0,105752;-0,023408;-0,877479;6,302788;579,141052;-76,592606;-0,339665;-0,027262;0,085399;-0,936264;148,184799;354,320587;-616,201233;-0,643731;0,586051;0,416018;-0,262836;323,762177;-75,830925;-155,348801
1300;13;0,376258;0,167289;0,029931;-0,910795;141,397903;636,726685;-248,747299;0,466093;0,105521;-0,022941;-0,878121;6,334901;578,926575;-76,390846;-0,339665;-0,027233;0,085423;-0,936263;148,175537;354,312073;-616,190918;-0,643736;0,586014;0,416073;-0,262822;323,752136;-75,811859;-155,359924
1301;13,01;0,374724;0,167738;0,030837;-0,911315;141,395447;636,874573;-248,34079;0,464834;0,105634;-0,022921;-0,878775;6,31456;578,685303;-76,200691;-0,339618;-0,027264;0,085486;-0,936274;148,130325;354,265045;-616,196045;-0,643698;0,586012;0,416143;-0,262807;323,735291;-75,812073;-155,376968
1302;13,02;0,373496;0,167221;0,032028;-0,911873;141,374893;637,033691;-247,920074;0,463615;0,105832;-0,02284;-0,879397;6,344554;578,477478;-76,035042;-0,339612;-0,027213;0,085477;-0,936278;148,157715;354,248688;-616,184814;-0,643698;0,586048;0,416067;-0,262849;323,746918;-75,831993;-155,363892
1303;13,03;0,37118;0,165661;0,0315;-0,913121;141,282822;637,249939;-247,261551;0,463868;0,104859;-0,019919;-0,879451;6,658319;578,303467;-76,102104;-0,339587;-0,027338;0,085522;-0,93628;148,089233;354,262054;-616,211914;-0,643722;0,586066;0,416016;-0,262829;323,765747;-75,83622;-155,342484
1304;13,04;0,3679;0,164968;0,032256;-0,914546;141,417526;637,557495;-246,402832;0,465752;0,103713;-0,015352;-0,878682;6,985046;577,849609;-76,555969;-0,339678;-0,027278;0,085635;-0,936238;148,114197;354,302551;-616,250366;-0,643752;0,58603;0,41603;-0,262814;323,766785;-75,820488;-155,344009
1305;13,05;0,366319;0,164747;0,036383;-0,915066;142,079529;637,880432;-245,816879;0,465188;0,106209;-0,017816;-0,878637;6,495546;577,096924;-76,694626;-0,339719;-0,026783;0,085614;-0,936239;148,413834;354,262177;-616,19104;-0,643744;0,586019;0,416064;-0,262805;323,759979;-75,817764;-155,356216
1306;13,06;0,364849;0,1644;0,040209;-0,915555;142,792969;638,190857;-245,325562;0,462724;0,108427;-0,021942;-0,879573;5,924592;576,337708;-76,326805;-0,339623;-0,026675;0,085594;-0,936279;148,459137;354,180023;-616,148071;-0,643693;0,58604;0,416113;-0,262805;323,741852;-75,8284;-155,374054
1307;13,07;0,362748;0,16377;0,041527;-0,916443;143,053406;638,441711;-244,727112;0,462048;0,106526;-0,018806;-0,880233;6,216578;575,73938;-76,072273;-0,339713;-0,027147;0,085394;-0,936251;148,302643;354,337524;-616,224731;-0,643723;0,586053;0,416022;-0,262848;323,756622;-75,836113;-155,357269
1308;13,08;0,360601;0,163093;0,04066;-0,91745;142,814316;638,599976;-244,120361;0,460399;0,105917;-0,01736;-0,8812;6,466177;575,428345;-75,72699;-0,339648;-0,027405;0,085253;-0,93628;148,25592;354,404663;-616,246338;-0,64375;0,586096;0,415926;-0,262836;323,791687;-75,853348;-155,320435
1309;13,09;0,358721;0,163339;0,039094;-0,918211;142,386734;638,639465;-243,640991;0,45744;0,106765;-0,018165;-0,882621;6,475265;575,137207;-75,289429;-0,33968;-0,027072;0,085556;-0,93625;148,268524;354,320953;-616,189331;-0,643729;0,586087;0,415958;-0,262859;323,785889;-75,851768;-155,325562
1310;13,1;0,357106;0,163483;0,037613;-0,918876;142,01329;638,646667;-243,190674;0,4559;0,106265;-0,016893;-0,883503;6,598557;574,708618;-75,064346;-0,339717;-0,02696;0,08555;-0,936241;148,323685;354,30896;-616,161133;-0,643728;0,586061;0,415988;-0,262868;323,777008;-75,841934;-155,334076
1311;13,11;0,355082;0,163861;0,038129;-0,919572;141,798676;638,762207;-242,621704;0,453505;0,106195;-0,017255;-0,884736;6,57549;574,188721;-74,681061;-0,33957;-0,026957;0,085345;-0,936313;148,432449;354,253143;-616,120483;-0,643733;0,586025;0,416078;-0,262797;323,764038;-75,819672;-155,345016
1312;13,12;0,35351;0,163322;0,038491;-0,920258;141,806976;638,906494;-242,113586;0,450975;0,106672;-0,018132;-0,885954;6,501585;573,519653;-74,271286;-0,339622;-0,026938;0,085492;-0,936281;148,383286;354,256287;-616,129395;-0,643723;0,586039;0,416102;-0,262751;323,76355;-75,819008;-155,346405
1313;13,13;0,351202;0,162829;0,037826;-0,921256;141,848389;639,08252;-241,548981;0,449572;0,106776;-0,01765;-0,886664;6,484685;572,781982;-74,045074;-0,339745;-0,027071;0,08558;-0,936224;148,290604;354,359253;-616,196289;-0,643736;0,586089;0,415985;-0,262792;323,779358;-75,844681;-155,331055
1314;13,14;0,349429;0,163214;0,038582;-0,921831;141,847794;639,216736;-241,070175;0,447109;0,107303;-0,018191;-0,887834;6,329811;572,052429;-73,698135;-0,339679;-0,027016;0,085487;-0,936259;148,352325;354,311951;-616,184448;-0,643717;0,586107;0,415993;-0,262786;323,77594;-75,855438;-155,33728
1315;13,15;0,34795;0,163549;0,039194;-0,922305;141,73851;639,317383;-240,613159;0,44536;0,107959;-0,019135;-0,888613;6,142006;571,377197;-73,47374;-0,339654;-0,026932;0,085512;-0,936268;148,363434;354,260132;-616,174866;-0,643702;0,586062;0,416084;-0,262781;323,759521;-75,834396;-155,361893
1316;13,16;0,346103;0,163941;0,038563;-0,922957;141,60994;639,419495;-240,130936;0,443973;0,107877;-0,018989;-0,88932;6,116928;570,789124;-73,260826;-0,339714;-0,026867;0,085636;-0,936237;148,314636;354,269928;-616,171143;-0,643718;0,586021;0,416122;-0,262772;323,76123;-75,813606;-155,368698
1317;13,17;0,344723;0,163583;0,039162;-0,923511;141,631866;639,536011;-239,70282;0,441709;0,107949;-0,01902;-0,890437;6,118832;570,345032;-72,879196;-0,339707;-0,026964;0,085458;-0,936253;148,341797;354,31485;-616,154419;-0,643717;0,586054;0,416061;-0,262797;323,772919;-75,830681;-155,353302
1318;13,18;0,343164;0,163014;0,040359;-0,924141;141,664246;639,675842;-239,220123;0,440564;0,108062;-0,018542;-0,891001;6,138091;569,994324;-72,694061;-0,33974;-0,027209;0,085273;-0,93625;148,318024;354,418243;-616,195557;-0,643715;0,586079;0,416008;-0,262831;323,781616;-75,844795;-155,34166
1319;13,19;0,341931;0,162941;0,04093;-0,924586;141,642776;639,764771;-238,809433;0,439447;0,10786;-0,017919;-0,891589;6,214044;569,603821;-72,561043;-0,339674;-0,026977;0,085567;-0,936254;148,286346;354,273315;-616,148376;-0,643741;0,586075;0,415968;-0,262841;323,790894;-75,843056;-155,32785
1320;13,2;0,34031;0,163068;0,041207;-0,925149;141,615005;639,884399;-238,367554;0,438361;0,107906;-0,017561;-0,892125;6,234657;569,207214;-72,42112;-0,339682;-0,026786;0,085637;-0,93625;148,363388;354,240723;-616,130493;-0,643748;0,586065;0,415987;-0,262814;323,788727;-75,839203;-155,326126
1321;13,21;0,338827;0,16284;0,04077;-0,925752;141,641724;639,976013;-237,976852;0,437339;0,108105;-0,017504;-0,892604;6,200556;568,791138;-72,286072;-0,339833;-0,026967;0,085446;-0,936208;148,395599;354,431793;-616,207031;-0,643722;0,586076;0,416028;-0,262788;323,781982;-75,845016;-155,334824
1322;13,22;0,337746;0,162482;0,039863;-0,92625;141,572449;640,022522;-237,639893;0,435439;0,108255;-0,018029;-0,893504;6,15093;568,377991;-71,998787;-0,339794;-0,026983;0,085565;-0,936211;148,333328;354,374115;-616,193787;-0,643705;0,586041;0,416096;-0,2628;323,753876;-75,826225;-155,361053
1323;13,23;0,336359;0,162234;0,039451;-0,926815;141,430145;640,102051;-237,242706;0,434281;0,108072;-0,017987;-0,89409;6,199184;567,988892;-71,790756;-0,339756;-0,026904;0,085567;-0,936227;148,352936;354,329376;-616,155396;-0,643699;0,586074;0,416073;-0,262777;323,764252;-75,840309;-155,354553
1324;13,24;0,335233;0,162624;0,040538;-0,927108;141,428589;640,175354;-236,906509;0,433232;0,108141;-0,017985;-0,894591;6,201971;567,579468;-71,648361;-0,339755;-0,026959;0,085458;-0,936235;148,360901;354,360107;-616,168945;-0,643696;0,586122;0,416021;-0,262761;323,785736;-75,859634;-155,336792
1325;13,25;0,333804;0,163689;0,041656;-0,927387;141,418991;640,253845;-236,563507;0,431771;0,108675;-0,018739;-0,895217;6,048259;567,200073;-71,446747;-0,339759;-0,026895;0,085577;-0,936225;148,341949;354,326355;-616,171387;-0,643711;0,586066;0,416066;-0,262776;323,77533;-75,833572;-155,350082
1326;13,26;0,33251;0,163749;0,041246;-0,927859;141,333908;640,315369;-236,244385;0,430852;0,108502;-0,018591;-0,895683;6,051561;566,877869;-71,284248;-0,339771;-0,026802;0,085618;-0,93622;148,367615;354,315887;-616,137329;-0,643731;0,586079;0,416008;-0,262791;323,790802;-75,841789;-155,334839
1327;13,27;0,331644;0,163378;0,040403;-0,928271;141,350861;640,375244;-236,000381;0,430014;0,107952;-0,017828;-0,896168;6,148306;566,582458;-71,141273;-0,339698;-0,026948;0,085459;-0,936256;148,356201;354,317993;-616,121521;-0,643708;0,586089;0,416027;-0,262796;323,787048;-75,847221;-155,340317
1328;13,28;0,330713;0,163219;0,039693;-0,928662;141,388458;640,437195;-235,76239;0,429073;0,108345;-0,018461;-0,896558;6,068245;566,308044;-71,017967;-0,339745;-0,026891;0,08551;-0,936236;148,351669;354,327637;-616,122925;-0,643713;0,586101;0,415993;-0,262811;323,796021;-75,854271;-155,332062
1329;13,29;0,330121;0,163151;0,039194;-0,928906;141,373138;640,462524;-235,598389;0,428449;0,108823;-0,018852;-0,896791;5,987088;566,050354;-70,9496;-0,339782;-0,026668;0,085674;-0,936214;148,390167;354,290436;-616,094055;-0,64372;0,586087;0,416005;-0,262806;323,79425;-75,850655;-155,332748
1330;13,3;0,329633;0,16294;0,03934;-0,92911;141,375595;640,4953;-235,449524;0,428243;0,108889;-0,018524;-0,896888;6,004465;565,855957;-70,925385;-0,339728;-0,026767;0,085544;-0,936243;148,409546;354,297272;-616,092896;-0,643687;0,586094;0,416051;-0,262797;323,781494;-75,853355;-155,345123
1331;13,31;0,328876;0,162781;0,039403;-0,929403;141,321808;640,539551;-235,244095;0,428447;0,108816;-0,018161;-0,896807;6,05687;565,718323;-70,957741;-0,339673;-0,026943;0,085489;-0,936263;148,339386;354,301636;-616,113037;-0,643715;0,586068;0,416034;-0,262814;323,784515;-75,841324;-155,344254
1332;13,32;0,328445;0,162896;0,039399;-0,929536;141,253693;640,560486;-235,100418;0,428524;0,108729;-0,017572;-0,896792;6,092588;565,539856;-70,987854;-0,33967;-0,026759;0,085702;-0,93625;148,320404;354,228088;-616,088257;-0,643714;0,586076;0,416014;-0,262831;323,786255;-75,849144;-155,343262
1333;13,33;0,328078;0,163131;0,040137;-0,929593;141,245575;640,593506;-234,96489;0,427666;0,109324;-0,018528;-0,89711;5,97816;565,315247;-70,893166;-0,339699;-0,026626;0,085663;-0,936247;148,416763;354,228271;-616,07312;-0,643728;0,586076;0,415977;-0,262854;323,788422;-75,847847;-155,33815
1334;13,34;0,32728;0,163334;0,040461;-0,929824;141,226715;640,644531;-234,758072;0,426909;0,109631;-0,019167;-0,89742;5,914168;565,070618;-70,787743;-0,339679;-0,026872;0,085474;-0,936264;148,377533;354,289185;-616,105164;-0,643756;0,586011;0,416043;-0,262824;323,78006;-75,812813;-155,348145
1335;13,35;0,326554;0,163445;0,04102;-0,930035;141,257996;640,687317;-234,569077;0,426453;0,109395;-0,018462;-0,89768;5,987204;564,857849;-70,703354;-0,339743;-0,02694;0,085578;-0,936229;148,266602;354,320404;-616,134216;-0,643734;0,58604;0,416054;-0,2628;323,785889;-75,826332;-155,344025
1336;13,36;0,325819;0,163669;0,041904;-0,930214;141,297119;640,729797;-234,384491;0,425458;0,109687;-0,018513;-0,898115;5,964262;564,674011;-70,56102;-0,339765;-0,026746;0,08564;-0,936221;148,348297;354,298645;-616,109009;-0,643725;0,58611;0,415958;-0,262816;323,802216;-75,858215;-155,320663
1337;13,37;0,325114;0,163853;0,042092;-0,93042;141,291046;640,763855;-234,212097;0,42489;0,10996;-0,018794;-0,898345;5,910688;564,455383;-70,512749;-0,33979;-0,026758;0,085581;-0,936217;148,382751;354,328125;-616,118408;-0,643712;0,586121;0,415993;-0,262769;323,801636;-75,858818;-155,321335
1338;13,38;0,324634;0,164031;0,042514;-0,930537;141,327911;640,794067;-234,07695;0,424427;0,110057;-0,018713;-0,898554;5,913231;564,254517;-70,463371;-0,339772;-0,026922;0,085611;-0,936216;148,282883;354,332153;-616,152527;-0,643713;0,58611;0,415998;-0,262781;323,799042;-75,855225;-155,325378
1339;13,39;0,324256;0,163991;0,042678;-0,930668;141,31929;640,813965;-233,962158;0,423652;0,110134;-0,018529;-0,898914;5,929481;564,123901;-70,342529;-0,339755;-0,026785;0,085681;-0,93622;148,315475;354,293365;-616,114075;-0,643726;0,586066;0,416011;-0,262826;323,785126;-75,836296;-155,337952
1340;13,4;0,323969;0,16388;0,04269;-0,930787;141,278687;640,827576;-233,862732;0,423462;0,109955;-0,018382;-0,899029;5,95993;564,049683;-70,31086;-0,339851;-0,026621;0,08566;-0,936192;148,401001;354,338715;-616,088501;-0,643734;0,586049;0,416014;-0,262842;323,787018;-75,832191;-155,343201
1341;13,41;0,323617;0,163748;0,042553;-0,930939;141,276718;640,852356;-233,763199;0,423099;0,109926;-0,01822;-0,899206;5,962481;563,98175;-70,27195;-0,339744;-0,026837;0,085551;-0,936235;148,353607;354,317078;-616,111633;-0,643722;0,586063;0,416027;-0,262821;323,785614;-75,835915;-155,34079
1342;13,42;0,323354;0,16331;0,042279;-0,93112;141,254929;640,872498;-233,681229;0,422766;0,110133;-0,018455;-0,899332;5,907507;563,893433;-70,236847;-0,339745;-0,026763;0,085614;-0,936231;148,344284;354,290222;-616,102356;-0,643754;0,586035;0,416;-0,262844;323,784393;-75,821312;-155,33429
1343;13,43;0,323207;0,163084;0,042258;-0,931212;141,223755;640,882385;-233,623886;0,42277;0,110221;-0,018846;-0,899312;5,875089;563,831116;-70,232895;-0,339854;-0,026577;0,085671;-0,936191;148,387314;354,324493;-616,079834;-0,643772;0,586015;0,416022;-0,262811;323,789368;-75,811073;-155,332428
1344;13,44;0,323089;0,162996;0,042291;-0,931266;141,218704;640,897705;-233,574982;0,422467;0,109982;-0,018627;-0,899488;5,904098;563,831421;-70,172577;-0,339778;-0,026797;0,085575;-0,936221;148,317123;354,327393;-616,099609;-0,643746;0,586047;0,416034;-0,262785;323,787262;-75,824577;-155,3293
1345;13,45;0,323008;0,162927;0,042179;-0,931312;141,189957;640,909424;-233,536667;0,422496;0,10989;-0,018371;-0,899491;5,919868;563,820618;-70,17009;-0,33978;-0,02679;0,085619;-0,936217;148,278122;354,312775;-616,096863;-0,643732;0,58604;0,416059;-0,262795;323,773407;-75,821579;-155,337067
1346;13,46;0,322945;0,162803;0,042119;-0,931358;141,18071;640,91394;-233,510727;0,422438;0,11019;-0,01884;-0,899472;5,856303;563,767883;-70,176918;-0,339809;-0,026643;0,085648;-0,936208;148,33699;354,302887;-616,07312;-0,643733;0,586051;0,41605;-0,262784;323,775757;-75,825676;-155,331375
1347;13,47;0,322842;0,162623;0,042016;-0,93143;141,190399;640,923035;-233,476944;0,422207;0,110293;-0,019104;-0,899562;5,828967;563,724854;-70,14415;-0,339803;-0,026714;0,085612;-0,936211;148,317581;354,31485;-616,088623;-0,643739;0,586126;0,415901;-0,262835;323,803589;-75,865593;-155,301285
1348;13,48;0,322716;0,162402;0,041725;-0,931525;141,179291;640,929504;-233,434235;0,422231;0,110004;-0,018694;-0,899595;5,884784;563,727051;-70,128159;-0,33977;-0,026842;0,085615;-0,936219;148,250046;354,309448;-616,106018;-0,643745;0,586111;0,415933;-0,262804;323,799561;-75,853874;-155,302292
1349;13,49;0,322575;0,162164;0,041745;-0,931615;141,195267;640,941528;-233,381836;0,421974;0,109932;-0,018549;-0,899727;5,908013;563,709717;-70,087296;-0,339765;-0,026786;0,085665;-0,936218;148,259247;354,291504;-616,093872;-0,643741;0,586085;0,415983;-0,262793;323,78595;-75,840157;-155,313187
1350;13,5;0,322366;0,162024;0,041751;-0,931711;141,213837;640,958679;-233,319122;0,42179;0,110117;-0,018905;-0,899783;5,865602;563,631775;-70,06852;-0,33981;-0,026591;0,085651;-0,936208;148,360199;354,296387;-616,058533;-0,643719;0,586083;0,416005;-0,262815;323,773438;-75,84388;-155,327347
1351;13,51;0,322113;0,162092;0,041958;-0,931777;141,213715;640,973572;-233,237793;0,421506;0,110117;-0,018978;-0,899915;5,836347;563,549255;-70,044952;-0,339753;-0,026748;0,085616;-0,936228;148,305634;354,285034;-616,084839;-0,643711;0,586098;0,41601;-0,262796;323,776886;-75,85006;-155,327789
1352;13,52;0,321734;0,162218;0,042408;-0,931866;141,236832;640,998108;-233,122818;0,421076;0,109902;-0,018696;-0,900149;5,861455;563,490417;-69,988251;-0,339749;-0,026759;0,085647;-0,936226;148,28241;354,279755;-616,090515;-0,643701;0,586142;0,41598;-0,262769;323,791809;-75,867638;-155,313324
1353;13,53;0,321197;0,162332;0,042891;-0,932009;141,255142;641,029175;-232,978287;0,420721;0,109651;-0,018406;-0,900351;5,883321;563,390991;-69,914413;-0,339783;-0,026636;0,085713;-0,936211;148,301193;354,269196;-616,07074;-0,643722;0,586102;0,415992;-0,262787;323,786926;-75,84977;-155,319336
1354;13,54;0,320555;0,162316;0,043372;-0,932211;141,274307;641,064392;-232,806503;0,41998;0,109703;-0,018406;-0,900691;5,854116;563,22406;-69,806343;-0,339756;-0,026801;0,085627;-0,936224;148,2612;354,294464;-616,093079;-0,643725;0,586092;0,415986;-0,26281;323,78775;-75,849739;-155,322525
1355;13,55;0,319883;0,162236;0,043885;-0,932431;141,31192;641,105896;-232,605392;0,419225;0,109877;-0,01859;-0,901017;5,82883;563,031494;-69,72155;-0,339743;-0,026799;0,085638;-0,936228;148,252182;354,28299;-616,091492;-0,643697;0,586115;0,41601;-0,26279;323,781067;-75,85936;-155,324036
1356;13,56;0,319149;0,161965;0,043885;-0,93273;141,309921;641,146301;-232,370697;0,418378;0,109895;-0,018443;-0,901411;5,847702;562,829163;-69,613724;-0,339761;-0,026617;0,085763;-0,936215;148,277069;354,239899;-616,065918;-0,643715;0,586074;0,416053;-0,26277;323,768677;-75,836121;-155,330383
1357;13,57;0,318218;0,161477;0,043644;-0,933144;141,29248;641,204651;-232,078964;0,417304;0,109905;-0,018188;-0,901914;5,864047;562,597412;-69,458588;-0,339769;-0,026594;0,085752;-0,936214;148,2883;354,245667;-616,057983;-0,64373;0,586042;0,416063;-0,262789;323,760864;-75,823547;-155,337448
1358;13,58;0,316977;0,161355;0,043925;-0,933574;141,329651;641,286499;-231,739548;0,416236;0,109841;-0,017989;-0,902418;5,861799;562,324585;-69,307831;-0,33976;-0,02671;0,085708;-0,936218;148,242828;354,268616;-616,071655;-0,643715;0,586083;0,416019;-0,262803;323,762787;-75,842667;-155,331161
1359;13,59;0,31574;0,161191;0,04472;-0,933984;141,391159;641,375793;-231,373871;0,414965;0,109741;-0,017652;-0,903022;5,84332;562,042969;-69,148537;-0,339804;-0,026615;0,085756;-0,9362;148,259903;354,27774;-616,062317;-0,643733;0,586051;0,416024;-0,262823;323,759583;-75,831963;-155,336716
1360;13,6;0,314547;0,161009;0,045826;-0,934364;141,450226;641,459961;-231,00267;0,413596;0,109822;-0,017411;-0,903645;5,822654;561,736389;-68,985451;-0,339803;-0,026388;0,085843;-0,936199;148,313568;354,221893;-616,016602;-0,643746;0,586006;0,416095;-0,262778;323,753418;-75,806068;-155,345261
1361;13,61;0,313097;0,161009;0,046192;-0,934833;141,474777;641,53302;-230,618362;0,412052;0,110091;-0,01739;-0,904318;5,802979;561,389099;-68,784195;-0,339754;-0,026536;0,085758;-0,93622;148,279877;354,225891;-616,033081;-0,643758;0,586028;0,416055;-0,262762;323,766541;-75,810295;-155,330215
1362;13,62;0,31149;0,160275;0,046;-0,935505;141,429153;641,610962;-230,129517;0,410707;0,11014;-0,016919;-0,904932;5,84581;561,103821;-68,579987;-0,339759;-0,026589;0,085751;-0,936218;148,237473;354,229279;-616,040283;-0,643734;0,586055;0,416033;-0,262799;323,760223;-75,826546;-155,330032
1363;13,63;0,308986;0,159524;0,045479;-0,936489;141,295181;641,724426;-229,39772;0,411053;0,108557;-0,013772;-0,90502;6,108567;560,872925;-68,568291;-0,339729;-0,026438;0,08586;-0,936223;148,235886;354,161621;-615,996338;-0,643706;0,586098;0,41602;-0,262792;323,765381;-75,847374;-155,326172
1364;13,64;0,305861;0,160219;0,045977;-0,937371;141,287308;641,858643;-228,580505;0,411734;0,106899;-0,010288;-0,904954;6,306954;560,406067;-68,715202;-0,339705;-0,026497;0,085906;-0,936226;148,211823;354,158081;-616,024353;-0,643715;0,586086;0,416043;-0,262759;323,773682;-75,841576;-155,329315
1365;13,65;0,303605;0,160432;0,047489;-0,937993;141,496597;642,007751;-227,919342;0,409841;0,109206;-0,012833;-0,905505;5,870927;559,67334;-68,647713;-0,33969;-0,026259;0,085925;-0,936236;148,34198;354,112732;-615,995667;-0,643734;0,586044;0,416064;-0,262774;323,762054;-75,819611;-155,343353
1366;13,66;0,301772;0,159694;0,049301;-0,938616;141,683029;642,152832;-227,321579;0,406983;0,11071;-0,015076;-0,906576;5,534319;558,8573;-68,305374;-0,339689;-0,026012;0,08591;-0,936245;148,457855;354,067108;-615,941406;-0,643719;0,586065;0,41603;-0,262817;323,760742;-75,833908;-155,349228
1367;13,67;0,299464;0,159702;0,050966;-0,939265;141,685837;642,252686;-226,6521;0,405;0,10853;-0,012111;-0,907772;5,867855;558,046753;-67,963562;-0,339752;-0,026398;0,085786;-0,936223;148,29715;354,183685;-616,01947;-0,643719;0,58608;0,416013;-0,26281;323,769989;-75,844955;-155,344879
1368;13,68;0,297037;0,15938;0,050975;-0,94009;141,631836;642,341064;-225,932724;0,40211;0,109028;-0,012328;-0,908993;5,849349;557,31842;-67,59623;-0,339786;-0,026665;0,085784;-0,936203;148,148972;354,261475;-616,078247;-0,643701;0,586116;0,41601;-0,262779;323,77182;-75,857773;-155,336792
1369;13,69;0,294403;0,159455;0,050879;-0,940911;141,630585;642,444031;-225,182983;0,398747;0,110629;-0,013988;-0,910256;5,561625;556,501038;-67,266197;-0,339819;-0,026249;0,085978;-0,936185;148,274277;354,184937;-616,007141;-0,643676;0,58609;0,416102;-0,262752;323,752625;-75,842484;-155,353226
1370;13,7;0,29155;0,159096;0,051192;-0,941842;141,587402;642,548096;-224,361206;0,397041;0,110018;-0,012676;-0,911095;5,625768;555,682617;-67,131203;-0,33976;-0,02611;0,085969;-0,936211;148,367676;354,119476;-615,968201;-0,643705;0,586018;0,416141;-0,262782;323,739777;-75,814041;-155,365524
1371;13,71;0,288831;0,158867;0,05183;-0,942683;141,553482;642,625549;-223,578125;0,394892;0,109828;-0,012329;-0,912056;5,693593;555,033691;-66,886955;-0,339675;-0,026316;0,085936;-0,936239;148,267395;354,093323;-615,993286;-0,643723;0,58602;0,416112;-0,262779;323,748108;-75,813354;-155,355804
1372;13,72;0,286053;0,15924;0,051253;-0,943499;141,431107;642,681335;-222,859772;0,391713;0,109668;-0,01202;-0,913449;5,749531;554,396118;-66,483818;-0,339798;-0,026223;0,086027;-0,936189;148,259338;354,156494;-615,998535;-0,64376;0,58598;0,416116;-0,262769;323,748535;-75,789528;-155,358154
1373;13,73;0,283444;0,159021;0,051271;-0,944322;141,357407;642,744202;-222,122177;0,389172;0,109371;-0,010947;-0,914584;5,833795;553,766602;-66,179039;-0,339917;-0,026034;0,086053;-0,936148;148,350174;354,213593;-615,975647;-0,643775;0,585991;0,416079;-0,262769;323,756226;-75,793594;-155,352554
1374;13,74;0,280903;0,159386;0,052664;-0,944942;141,354996;642,828796;-221,389084;0,386477;0,110029;-0,010996;-0,915646;5,745492;553,162598;-65,932571;-0,339782;-0,026241;0,085914;-0,936204;148,32634;354,171936;-615,994324;-0,64372;0,586067;0,416067;-0,262751;323,758789;-75,827782;-155,348755
1375;13,75;0,278163;0,159624;0,053015;-0,945693;141,278687;642,898682;-220,687988;0,383939;0,110433;-0,010567;-0,91667;5,694389;552,534546;-65,697205;-0,339741;-0,026284;0,085917;-0,936218;148,303696;354,153931;-616,012878;-0,643726;0,586043;0,416074;-0,262779;323,756866;-75,819389;-155,358643
1376;13,76;0,27613;0,15902;0,051828;-0,946456;141,156479;642,929321;-220,041779;0,381646;0,110169;-0,009998;-0,917665;5,782676;551,94043;-65,412514;-0,33976;-0,026044;0,086084;-0,936202;148,336502;354,092468;-615,948242;-0,64372;0,586054;0,416073;-0,262771;323,765961;-75,828255;-155,356812
1377;13,77;0,274303;0,158717;0,051303;-0,947066;141,043243;642,951721;-219,427628;0,379471;0,109674;-0,009569;-0,918631;5,866087;551,342163;-65,134941;-0,339697;-0,02621;0,085987;-0,936229;148,293839;354,101898;-615,929504;-0,643727;0,586084;0,416021;-0,262769;323,779694;-75,840416;-155,338791
1378;13,78;0,272047;0,159079;0,052209;-0,947607;141,013229;643,018982;-218,813568;0,377439;0,109472;-0,009437;-0,919492;5,817596;550,743591;-64,945473;-0,339717;-0,026383;0,085831;-0,936231;148,300476;354,179199;-615,970581;-0,643763;0,586051;0,415985;-0,262811;323,781616;-75,82531;-155,335617
1379;13,79;0,270035;0,158705;0,052397;-0,948234;141,02742;643,078247;-218,235397;0,374776;0,110174;-0,010284;-0,920488;5,67831;550,143555;-64,732712;-0,339657;-0,026261;0,085973;-0,936244;148,313492;354,083588;-615,965515;-0,643747;0,586064;0,416;-0,2628;323,778076;-75,832748;-155,336655
1380;13,8;0,268124;0,158544;0,052672;-0,948788;140,997406;643,125427;-217,671967;0,372809;0,110401;-0,010115;-0,921262;5,651224;549,582153;-64,57502;-0,339797;-0,026151;0,085976;-0,936196;148,375397;354,168488;-615,987122;-0,643728;0,586096;0,416007;-0,262761;323,778809;-75,84623;-155,331284
1381;13,81;0,266565;0,158056;0,053461;-0,949265;140,973541;643,1604;-217,170486;0,370955;0,110444;-0,009726;-0,922009;5,673233;549,103271;-64,371559;-0,339839;-0,026316;0,085841;-0,936188;148,361099;354,251862;-616,020691;-0,64372;0,586124;0,416007;-0,262718;323,782928;-75,854523;-155,327744
1382;13,82;0,264744;0,157658;0,053513;-0,949838;140,886276;643,165466;-216,665543;0,369344;0,110359;-0,009152;-0,922671;5,750806;548,679077;-64,18425;-0,339798;-0,026499;0,085841;-0,936198;148,273849;354,242096;-616,048218;-0,643718;0,586047;0,416154;-0,262662;323,752472;-75,81353;-155,359329
1383;13,83;0,26303;0,15689;0,052843;-0,950478;140,775269;643,166809;-216,188705;0,368436;0,110211;-0,007993;-0,923063;5,839991;548,322449;-64,118385;-0,339776;-0,026443;0,085851;-0,936206;148,308105;354,224274;-616,033447;-0,643745;0,586052;0,416101;-0,262671;323,76474;-75,8144;-155,349228
1384;13,84;0,261627;0,1566;0,052994;-0,950904;140,751434;643,202454;-215,770599;0,366514;0,110393;-0,007783;-0,923808;5,782028;547,90918;-63,941673;-0,339686;-0,026212;0,085909;-0,93624;148,384827;354,118591;-615,963684;-0,643768;0,586086;0,415965;-0,262753;323,786652;-75,837196;-155,330994
1385;13,85;0,260107;0,156577;0,053458;-0,951299;140,748779;643,24823;-215,322968;0,364799;0,110764;-0,008303;-0,924437;5,724955;547,427917;-63,77676;-0,339785;-0,026172;0,085922;-0,936205;148,38121;354,17276;-615,973572;-0,643744;0,586009;0,416119;-0,262741;323,745087;-75,800209;-155,367142
1386;13,86;0,259079;0,156268;0,054157;-0,951591;140,760452;643,257141;-214,976257;0,363508;0,110913;-0,008088;-0,92493;5,744984;547,003967;-63,649395;-0,3398;-0,026398;0,085855;-0,936199;148,294815;354,218414;-616,012817;-0,643763;0,585986;0,416164;-0,262673;323,753906;-75,785492;-155,36087
1387;13,87;0,257598;0,156019;0,055227;-0,951972;140,791412;643,305542;-214,541138;0,361731;0,11102;-0,007982;-0,925614;5,716327;546,687866;-63,470894;-0,339777;-0,026321;0,08583;-0,936212;148,347305;354,196655;-615,993591;-0,643771;0,586049;0,416071;-0,262659;323,780487;-75,812515;-155,332306
1388;13,88;0,256585;0,155017;0,056128;-0,952357;140,894135;643,364929;-214,144791;0,360925;0,110721;-0,007478;-0,925969;5,739365;546,461975;-63,428574;-0,339794;-0,02626;0,085871;-0,936203;148,378174;354,192139;-615,998108;-0,643771;0,586074;0,416021;-0,262684;323,783661;-75,824265;-155,323425
1389;13,89;0,255856;0,153805;0,056314;-0,952738;140,931213;643,377197;-213,851196;0,359908;0,110239;-0,006748;-0,926428;5,811589;546,241638;-63,33255;-0,339719;-0,026496;0,08592;-0,936219;148,248993;354,1698;-616,046753;-0,64377;0,586038;0,416079;-0,262675;323,770203;-75,806915;-155,336075
1390;13,9;0,254571;0,153481;0,056746;-0,953109;140,910095;643,395142;-213,505051;0,358482;0,110217;-0,006642;-0,926984;5,824707;545,96228;-63,155518;-0,339748;-0,02645;0,085879;-0,936214;148,282684;354,193573;-616,034973;-0,643754;0,58607;0,41608;-0,262641;323,778015;-75,818314;-155,331665
1391;13,91;0,253173;0,15379;0,058206;-0,953344;140,952469;643,434753;-213,097748;0,357403;0,110328;-0,006599;-0,927387;5,797839;545,626648;-63,053375;-0,339825;-0,026382;0,085768;-0,936198;148,374557;354,25415;-616,017883;-0,643753;0,586105;0,416019;-0,262662;323,785614;-75,836166;-155,321655
1392;13,92;0,251852;0,153536;0,059435;-0,953659;141,023895;643,484985;-212,683548;0,356049;0,110251;-0,006555;-0,927917;5,750161;545,267944;-62,955544;-0,339803;-0,026573;0,085803;-0,936197;148,268814;354,270813;-616,066833;-0,643742;0,586108;0,416043;-0,262644;323,783813;-75,835854;-155,324875
1393;13,93;0,250708;0,1527;0,059923;-0,954064;141,013779;643,50293;-212,322586;0,354921;0,110285;-0,006699;-0,928345;5,699633;544,965027;-62,860622;-0,339722;-0,026338;0,085978;-0,936217;148,288361;354,13623;-616,010315;-0,64376;0,586098;0,416032;-0,262638;323,789612;-75,829849;-155,318176
1394;13,94;0,249173;0,152315;0,059578;-0,954549;140,942429;643,507629;-211,929794;0,353615;0,109969;-0,006106;-0,928884;5,747197;544,64447;-62,732071;-0,339783;-0,02617;0,0859;-0,936207;148,406708;354,163757;-615,974548;-0,643757;0,586086;0,416036;-0,262667;323,77655;-75,826393;-155,324432
1395;13,95;0,24751;0,152302;0,060083;-0,954952;141,010468;643,536804;-211,508972;0,352034;0,109768;-0,005582;-0,929512;5,797474;544,307007;-62,574268;-0,339813;-0,026475;0,08575;-0,936201;148,334488;354,278015;-616,029053;-0,643746;0,58611;0,415998;-0,262702;323,774628;-75,839806;-155,320862
1396;13,96;0,246156;0,152086;0,060843;-0,955288;140,996933;643,552063;-211,101746;0,350598;0,110133;-0,005642;-0,930011;5,758826;543,932617;-62,453442;-0,339779;-0,026517;0,085843;-0,936204;148,277115;354,241486;-616,037048;-0,643749;0,586075;0,416047;-0,262693;323,772339;-75,826012;-155,331787
1397;13,97;0,244958;0,151601;0,061105;-0,955656;140,950256;643,563538;-210,705109;0,349085;0,110354;-0,005667;-0,930553;5,717099;543,488953;-62,368156;-0,339821;-0,026293;0,08586;-0,936193;148,388947;354,228516;-616,011536;-0,643771;0,586053;0,41605;-0,262684;323,781006;-75,816154;-155,329742
1398;13,98;0,243429;0,151127;0,061393;-0,956104;140,993423;643,584473;-210,288818;0,347687;0,110557;-0,005507;-0,931054;5,699088;543,098328;-62,270657;-0,339747;-0,02626;0,085809;-0,936226;148,422928;354,181061;-615,98584;-0,643768;0,586072;0,416018;-0,262702;323,781189;-75,823456;-155,326126
1399;13,99;0,242224;0,1505;0,06066;-0,956555;140,914261;643,57373;-209,946548;0,346126;0,110716;-0,005057;-0,931619;5,71522;542,710205;-62,113182;-0,339765;-0,026469;0,085819;-0,936213;148,311417;354,224518;-616,035095;-0,643756;0,586119;0,41597;-0,262702;323,791809;-75,842468;-155,317123
1400;14;0,241143;0,150379;0,060633;-0,956849;140,773651;643,561951;-209,598389;0,344747;0,111026;-0,005077;-0,932093;5,728981;542,303528;-61,980186;-0,33983;-0,026423;0,085868;-0,936186;148,305771;354,244598;-616,04248;-0,643727;0,58611;0,416032;-0,262693;323,788818;-75,846451;-155,336472
1401;14,01;0,239782;0,151044;0,061679;-0,957019;140,692566;643,563293;-209,174164;0,34381;0,11104;-0,004734;-0,932439;5,736507;541,886292;-61,935051;-0,339736;-0,026434;0,085726;-0,936233;148,375244;354,208191;-616,018982;-0,643723;0,586063;0,416095;-0,262709;323,77301;-75,827354;-155,356964
1402;14,02;0,237847;0,150576;0,061324;-0,957599;140,644363;643,56958;-208,640732;0,342635;0,111085;-0,004189;-0,932869;5,708478;541,470581;-61,882057;-0,339726;-0,026555;0,085715;-0,936234;148,33728;354,22113;-616,052856;-0,643744;0,586101;0,416021;-0,262691;323,786011;-75,834869;-155,330902
1403;14,03;0,23576;0,150344;0,061235;-0,958157;140,657104;643,588806;-208,103607;0,340726;0,111217;-0,004423;-0,933551;5,671431;541,031433;-61,712982;-0,339727;-0,026402;0,085909;-0,93622;148,319031;354,164154;-616,031982;-0,643769;0,586087;0,416037;-0,262633;323,790497;-75,821045;-155,321899
1404;14,04;0,234018;0,151041;0,061581;-0,958452;140,552994;643,583801;-207,631744;0,338602;0,110656;-0,004116;-0,934391;5,712588;540,515198;-61,487572;-0,339804;-0,026521;0,085759;-0,936203;148,345261;354,276245;-616,056824;-0,643775;0,586073;0,416056;-0,26262;323,790375;-75,813469;-155,321869
1405;14,05;0,232756;0,151237;0,061408;-0,958739;140,414703;643,545776;-207,226547;0,336755;0,11033;-0,003943;-0,935098;5,735983;539,930237;-61,314007;-0,339791;-0,026726;0,085659;-0,936211;148,297607;354,310028;-616,08667;-0,643768;0,586058;0,416071;-0,262649;323,777954;-75,80983;-155,329254
1406;14,06;0,23168;0,151377;0,061399;-0,958978;140,320389;643,500671;-206,857193;0,334396;0,110831;-0,004593;-0,935882;5,64823;539,237854;-61,151447;-0,339706;-0,026589;0,085815;-0,936231;148,284821;354,197815;-616,059326;-0,64375;0,586065;0,416063;-0,262687;323,771362;-75,819847;-155,335587
1407;14,07;0,230061;0,150815;0,060566;-0,95951;140,162018;643,456909;-206,365173;0,33266;0,111436;-0,004843;-0,936427;5,565746;538,457397;-61,094849;-0,339779;-0,026455;0,085876;-0,936203;148,335632;354,219849;-616,060364;-0,643723;0,586129;0,416028;-0,262668;323,785553;-75,847885;-155,326279
1408;14,08;0,227181;0,150395;0,060754;-0,96025;140,126953;643,439148;-205,605484;0,33202;0,111278;-0,004251;-0,936676;5,588366;537,635132;-61,147049;-0,339707;-0,026553;0,085781;-0,936235;148,340057;354,200714;-616,053833;-0,643755;0,586072;0,416048;-0,262684;323,785492;-75,824989;-155,337616
1409;14,09;0,223259;0,150791;0,062267;-0,96101;140,277512;643,493347;-204,611771;0,330682;0,110938;-0,003864;-0,937191;5,539552;536,712402;-61,137138;-0,339744;-0,026704;0,085717;-0,936223;148,294357;354,257294;-616,108704;-0,643758;0,586042;0,416083;-0,262688;323,778625;-75,811966;-155,350677
1410;14,1;0,219608;0,150982;0,063103;-0,961766;140,424194;643,545959;-203,686752;0,328529;0,111764;-0,004571;-0,937847;5,307642;535,756104;-61,062469;-0,339792;-0,026655;0,085818;-0,936198;148,281067;354,267914;-616,138123;-0,643741;0,586095;0,416046;-0,262669;323,787537;-75,83152;-155,34198
1411;14,11;0,21696;0,151543;0,064238;-0,962204;140,389236;643,529602;-202,96666;0,325516;0,112583;-0,004887;-0,938798;5,162158;534,829529;-60,873264;-0,339818;-0,026464;0,085853;-0,93619;148,353119;354,243805;-616,100891;-0,64375;0,586087;0,416036;-0,262682;323,789215;-75,829681;-155,342651
1412;14,12;0,214817;0,15132;0,063466;-0,962771;140,171585;643,463623;-202,337906;0,32229;0,111937;-0,00467;-0,939988;5,251968;533,946045;-60,558167;-0,339763;-0,026693;0,085643;-0,936223;148,341904;354,285065;-616,120605;-0,643766;0,586033;0,416094;-0,262673;323,782013;-75,805107;-155,352798
1413;14,13;0,211876;0,150944;0,063105;-0,963505;140,073318;643,408447;-201,54541;0,319222;0,111496;-0,004733;-0,941086;5,400259;533,125366;-60,278759;-0,339682;-0,026917;0,085637;-0,936247;148,22644;354,247314;-616,137024;-0,643745;0,586062;0,416071;-0,262696;323,779449;-75,82045;-155,349548
1414;14,14;0,207237;0,151236;0,064956;-0,964345;140,164734;643,406616;-200,411514;0,316142;0,111922;-0,004708;-0,942075;5,448471;532,307861;-60,067509;-0,339723;-0,026841;0,085664;-0,936232;148,264633;354,270721;-616,128235;-0,643723;0,58614;0,415987;-0,262707;323,796448;-75,858627;-155,327438
1415;14,15;0,203173;0,151273;0,066101;-0,965126;140,235703;643,399719;-199,344131;0,313045;0,112126;-0,003899;-0,943088;5,451859;531,460632;-59,870602;-0,339725;-0,026582;0,085704;-0,936235;148,403442;354,239594;-616,077393;-0,64376;0,586124;0,415944;-0,262722;323,807007;-75,850761;-155,319427
1416;14,16;0,200838;0,150561;0,06519;-0,965788;140,093796;643,31073;-198,61322;0,309645;0,112324;-0,004132;-0,944186;5,507609;530,600037;-59,623421;-0,339713;-0,026602;0,085731;-0,936236;148,39505;354,229523;-616,079468;-0,643763;0,586116;0,415942;-0,262733;323,801025;-75,848534;-155,322144
1417;14,17;0,19856;0,15004;0,065459;-0,966321;139,988693;643,220398;-197,920654;0,306073;0,111942;-0,004312;-0,945394;5,621482;529,717407;-59,311085;-0,339672;-0,026775;0,085682;-0,93625;148,336914;354,230835;-616,099731;-0,64375;0,586091;0,416028;-0,262685;323,788177;-75,833099;-155,33725
1418;14,18;0,194839;0,149579;0,066461;-0,967081;140,021759;643,166443;-196,938629;0,302942;0,111296;-0,003676;-0,946481;5,726446;528,816528;-59,103378;-0,339633;-0,026795;0,085629;-0,936269;148,358795;354,222626;-616,093567;-0,643754;0,586025;0,416123;-0,262674;323,768311;-75,800018;-155,361618
1419;14,19;0,189735;0,149857;0,066562;-0,968046;139,952576;643,108643;-195,704727;0,300339;0,111227;-0,002779;-0,947321;5,771185;527,8526;-59,077351;-0,339717;-0,02682;0,085688;-0,936232;148,34642;354,282562;-616,13678;-0,643736;0,586079;0,416077;-0,262671;323,784058;-75,824409;-155,350342
1420;14,2;0,185065;0,149777;0,067387;-0,968905;139,932556;643,035889;-194,574127;0,297113;0,112002;-0,002808;-0,948246;5,687115;526,764526;-58,993683;-0,339664;-0,02668;0,085756;-0,936249;148,386444;354,214417;-616,104004;-0,64376;0,586102;0,415979;-0,262716;323,807251;-75,839104;-155,333878
1421;14,21;0,181951;0,149461;0,067895;-0,969508;139,94545;642,947937;-193,731277;0,293512;0,112413;-0,00349;-0,949317;5,604598;525,606445;-58,79789;-0,339736;-0,0266;0,085649;-0,936235;148,470734;354,269348;-616,091309;-0,643777;0,586089;0,415953;-0,262745;323,81308;-75,837296;-155,331985
1422;14,22;0,180114;0,149823;0,068446;-0,969756;139,871277;642,841309;-193,083679;0,289905;0,112842;-0,00366;-0,950373;5,639752;524,457458;-58,557579;-0,339732;-0,026808;0,085582;-0,936237;148,404572;354,308655;-616,118652;-0,643728;0,586141;0,415984;-0,262697;323,815826;-75,859947;-155,329407
1423;14,23;0,17828;0,149863;0,068577;-0,97008;139,802368;642,727722;-192,444122;0,286192;0,113122;-0,003649;-0,951464;5,656553;523,35321;-58,334896;-0,339725;-0,026803;0,085639;-0,936234;148,38118;354,28833;-616,115662;-0,643753;0,586123;0,415949;-0,262732;323,820313;-75,85408;-155,326233
1424;14,24;0,176342;0,149455;0,068931;-0,970472;139,744843;642,613342;-191,760956;0,28259;0,113444;-0,004127;-0,9525;5,607142;522,335388;-58,179604;-0,339734;-0,02662;0,0857;-0,936231;148,442261;354,259705;-616,085144;-0,643773;0,586117;0,415947;-0,262698;323,825989;-75,844856;-155,316116
1425;14,25;0,173832;0,149221;0,069228;-0,970939;139,686829;642,497742;-191,002548;0,279367;0,113345;-0,003732;-0,953464;5,666464;521,336365;-58,095978;-0,339646;-0,026635;0,085738;-0,936259;148,439606;354,202759;-616,077576;-0,643757;0,58609;0,416029;-0,262668;323,80777;-75,830322;-155,329117
1426;14,26;0,170976;0,149138;0,069643;-0,971429;139,683731;642,388672;-190,231705;0,275977;0,113222;-0,00382;-0,954465;5,727478;520,269592;-58,005741;-0,339744;-0,026709;0,085673;-0,936227;148,465439;354,304901;-616,118408;-0,643748;0,586044;0,416083;-0,262708;323,783447;-75,815308;-155,35498
1427;14,27;0,168819;0,149101;0,070584;-0,971744;139,627487;642,290588;-189,536362;0,272062;0,114143;-0,005707;-0,955469;5,640052;519,162231;-57,842819;-0,339734;-0,026818;0,085676;-0,936227;148,405731;354,311462;-616,135132;-0,643728;0,586082;0,416056;-0,262716;323,78949;-75,835976;-155,35495
1428;14,28;0,166781;0,14945;0,070003;-0,972085;139,549637;642,186218;-188,918396;0,268636;0,114428;-0,006331;-0,9564;5,620476;518,111023;-57,717484;-0,339725;-0,026905;0,085674;-0,936228;148,360641;354,309906;-616,162231;-0,643768;0,586053;0,416025;-0,262732;323,798187;-75,822952;-155,348343
1429;14,29;0,164747;0,149186;0,070242;-0,972455;139,574188;642,082458;-188,28421;0,265588;0,114139;-0,005924;-0,957288;5,625204;517,127075;-57,613178;-0,339726;-0,026794;0,085699;-0,936229;148,400299;354,290314;-616,143127;-0,643752;0,586072;0,416056;-0,262681;323,803467;-75,827942;-155,345428
1430;14,3;0,162794;0,149032;0,071026;-0,97275;139,490051;641,962891;-187,658691;0,262224;0,11478;-0,00606;-0,958137;5,550806;516,219543;-57,449581;-0,339683;-0,026578;0,085819;-0,93624;148,428528;354,205566;-616,074707;-0,643709;0,586154;0,416007;-0,26268;323,809631;-75,865417;-155,332779
1431;14,31;0,161135;0,14887;0,06942;-0,973167;139,350403;641,833679;-187,133408;0,259058;0,115015;-0,005764;-0,958972;5,611869;515,405945;-57,270447;-0,33976;-0,026673;0,085707;-0,936219;148,432434;354,299316;-616,101379;-0,643748;0,586092;0,415996;-0,262737;323,801697;-75,840935;-155,33783
1432;14,32;0,15987;0,148283;0,068902;-0,973502;139,300552;641,723755;-186,639145;0,256166;0,114467;-0,00513;-0,959818;5,732687;514,658508;-57,110058;-0,339714;-0,026783;0,085635;-0,936239;148,419952;354,292877;-616,104248;-0,64376;0,586072;0,416007;-0,262738;323,795929;-75,830826;-155,33876
1433;14,33;0,157718;0,14814;0,069256;-0,97385;139,175903;641,598999;-185,980881;0,253565;0,114553;-0,004806;-0,9605;5,766269;513,955017;-57,060196;-0,339674;-0,026832;0,085781;-0,936239;148,328979;354,250671;-616,119324;-0,643741;0,586084;0,416041;-0,262702;323,785309;-75,831535;-155,341599
1434;14,34;0,154646;0,14838;0,069677;-0,974276;139,105377;641,474243;-185,218567;0,251074;0,114739;-0,004173;-0,961135;5,769458;513,210754;-57,060799;-0,339708;-0,026715;0,085792;-0,936229;148,391312;354,26889;-616,107483;-0,643726;0,586058;0,416122;-0,262669;323,769745;-75,818047;-155,35527
1435;14,35;0,151868;0,147728;0,069407;-0,974831;139,064682;641,34906;-184,507782;0,248049;0,115189;-0,004521;-0,961864;5,68519;512,392395;-56,932941;-0,339691;-0,026528;0,085782;-0,936241;148,490463;354,234863;-616,06311;-0,643749;0,586069;0,416061;-0,262685;323,785767;-75,823776;-155,341507
1436;14,36;0,150147;0,147663;0,068877;-0,975145;138,914169;641,218323;-183,988281;0,245286;0,115212;-0,004905;-0,962568;5,696337;511,610382;-56,789352;-0,339705;-0,026754;0,085782;-0,93623;148,378937;354,25943;-616,104553;-0,64377;0,586089;0,415981;-0,262716;323,801636;-75,837097;-155,326874
1437;14,37;0,149269;0,148292;0,069147;-0,975165;138,807846;641,109192;-183,618958;0,242586;0,11422;-0,004003;-0,963374;5,866011;510,879211;-56,658932;-0,33962;-0,027116;0,085606;-0,936266;148,289352;354,293213;-616,146912;-0,64373;0,586118;0,416027;-0,262676;323,790375;-75,846931;-155,330933
1438;14,38;0,147966;0,14841;0,06854;-0,975389;138,662842;640,985474;-183,151825;0,23973;0,114316;-0,003341;-0,96408;5,887182;510,228577;-56,530079;-0,339645;-0,026778;0,085698;-0,936259;148,402191;354,240906;-616,084473;-0,643758;0,586074;0,416057;-0,262657;323,787384;-75,82196;-155,332352
1439;14,39;0,144748;0,147135;0,067859;-0,976112;138,47641;640,824341;-182,332962;0,237896;0,114038;-0,002602;-0,96457;5,957319;509,707092;-56,522789;-0,339624;-0,026618;0,085857;-0,936256;148,40683;354,16095;-616,059631;-0,643782;0,585988;0,416136;-0,262667;323,769318;-75,783401;-155,35672
1440;14,4;0,138546;0,146152;0,068722;-0,977099;138,447296;640,639587;-180,970749;0,237137;0,111743;0,000371;-0,965028;6,284811;509,17392;-56,704983;-0,339592;-0,026924;0,085723;-0,936271;148,316696;354,209503;-616,111877;-0,643768;0,585952;0,416202;-0,262676;323,752533;-75,771469;-155,377029
1441;14,41;0,130792;0,146149;0,070324;-0,978053;138,482529;640,424988;-179,307648;0,236586;0,111561;0,00175;-0,965183;6,320414;508,489899;-57,048523;-0,339612;-0,027089;0,085601;-0,93627;148,316925;354,299957;-616,163452;-0,643746;0,586043;0,416095;-0,262697;323,771118;-75,815857;-155,353241
1442;14,42;0,124595;0,146548;0,070364;-0,9788;138,326111;640,20166;-177,983704;0,234024;0,114159;-0,000148;-0,965505;5,942124;507,581482;-57,178585;-0,33968;-0,026546;0,085941;-0,93623;148,438019;354,218719;-616,114441;-0,64375;0,586123;0,415971;-0,262705;323,799896;-75,849937;-155,324722
1443;14,43;0,121242;0,147158;0,070258;-0,979137;138,114288;640,015137;-177,168701;0,230006;0,114131;0,000158;-0,966474;5,931934;506,60849;-56,930153;-0,339637;-0,026429;0,08616;-0,936229;148,375122;354,104828;-616,093384;-0,643728;0,586124;0,416044;-0,262643;323,788177;-75,844933;-155,332825
1444;14,44;0,120249;0,146291;0,069321;-0,979456;138,004776;639,84375;-176,762009;0,227049;0,111419;0,002738;-0,967485;6,395393;505,729858;-56,690125;-0,339565;-0,027321;0,085553;-0,936285;148,201019;354,287689;-616,190247;-0,643738;0,586081;0,416079;-0,262655;323,768494;-75,826462;-155,342636
1445;14,45;0,120909;0,145304;0,068389;-0,979587;137,951981;639,692688;-176,588257;0,223013;0,111475;0,002259;-0,968418;6,449744;504,752991;-56,47937;-0,339626;-0,027499;0,08533;-0,936278;148,217224;354,422455;-616,212158;-0,643779;0,586082;0,41598;-0,262711;323,786194;-75,830734;-155,321442
1446;14,46;0,120614;0,1458;0,067457;-0,979614;137,735214;639,506775;-176,273712;0,218777;0,112861;0,001391;-0,969225;6,25032;503,632843;-56,40971;-0,339652;-0,026495;0,086127;-0,936225;148,341873;354,131653;-616,067871;-0,64378;0,586092;0,415995;-0,262661;323,796509;-75,832458;-155,310104
1447;14,47;0,117518;0,147009;0,066982;-0,979842;137,470612;639,28009;-175,496185;0,215859;0,112377;0,00248;-0,969933;6,329418;502,552155;-56,500385;-0,339613;-0,026596;0,08609;-0,936239;148,344193;354,127106;-616,100647;-0,64378;0,586045;0,416081;-0,262633;323,776794;-75,808388;-155,324036
1448;14,48;0,112435;0,146971;0,06744;-0,980413;137,402985;639,03595;-174,322037;0,212312;0,112043;0,002473;-0,970754;6,435719;501,436279;-56,447048;-0,3396;-0,02728;0,085462;-0,936282;148,311752;354,350037;-616,199585;-0,643763;0,586074;0,41605;-0,262657;323,778809;-75,823982;-155,323669
1449;14,49;0,107586;0,146137;0,06792;-0,981049;137,441956;638,784424;-173,181839;0,208859;0,111854;0,002356;-0,971525;6,459479;500,338135;-56,358894;-0,339646;-0,027128;0,0857;-0,936248;148,26564;354,30191;-616,173645;-0,643726;0,586113;0,416056;-0,262652;323,776215;-75,842751;-155,330719
1450;14,5;0,103879;0,146015;0,06797;-0,981463;137,416382;638,542664;-172,272308;0,205033;0,111532;0,002835;-0,972376;6,47728;499,285095;-56,25222;-0,339666;-0,026806;0,086048;-0,936218;148,276596;354,210022;-616,143127;-0,643695;0,586074;0,416157;-0,262656;323,752472;-75,828506;-155,363419
1451;14,51;0,100739;0,145815;0,068273;-0,981799;137,323807;638,311646;-171,477264;0,201103;0,111595;0,002779;-0,973189;6,503358;498,288422;-56,152641;-0,339465;-0,026878;0,085803;-0,936311;148,355423;354,134491;-616,102234;-0,643713;0,586119;0,416044;-0,26269;323,778564;-75,849625;-155,339737
1452;14,52;0,099055;0,14561;0,067727;-0,982038;137,222534;638,103027;-170,866058;0,197804;0,111201;0,003372;-0,973908;6,648068;497,363647;-56,033039;-0,339502;-0,027164;0,085601;-0,936308;148,306702;354,227173;-616,154541;-0,643734;0,586133;0,416012;-0,262656;323,801636;-75,851784;-155,32309
1453;14,53;0,097144;0,145551;0,067766;-0,982235;137,120193;637,882935;-170,240097;0,19425;0,109669;0,005015;-0,97479;6,957967;496,449402;-55,884785;-0,339573;-0,027075;0,085747;-0,936272;148,28511;354,243347;-616,145264;-0,643767;0,585995;0,416169;-0,262636;323,771606;-75,785652;-155,358398
1454;14,54;0,093603;0,145411;0,067211;-0,982638;136,945129;637,614868;-169,398132;0,191197;0,109302;0,005736;-0,97543;7,065743;495,527679;-55,877441;-0,339543;-0,026909;0,085882;-0,936275;148,305099;354,179504;-616,103699;-0,643759;0,586034;0,416111;-0,262661;323,779877;-75,805855;-155,343048
1455;14,55;0,089605;0,145695;0,066391;-0,983024;136,768265;637,31958;-168,464951;0,187263;0,110386;0,004993;-0,976075;6,901978;494,459442;-55,82901;-0,339561;-0,027027;0,085781;-0,936274;148,300354;354,219421;-616,147522;-0,643766;0,586063;0,416028;-0,262707;323,792328;-75,823509;-155,324615
1456;14,56;0,085935;0,145829;0,066325;-0,983336;136,648148;637,052307;-167,59407;0,183698;0,109781;0,004983;-0,976821;6,943504;493,35318;-55,817291;-0,339489;-0,027022;0,085738;-0,936305;148,312805;354,159027;-616,108948;-0,643731;0,586113;0,416025;-0,262687;323,792969;-75,847099;-155,31749
1457;14,57;0,083089;0,145127;0,06624;-0,983691;136,54567;636,789551;-166,824387;0,181614;0,108823;0,006588;-0,977308;7,208877;492,320892;-56,056797;-0,339648;-0,027178;0,085587;-0,936256;148,317993;354,327515;-616,157837;-0,643718;0,586142;0,416033;-0,262644;323,795959;-75,855225;-155,309372
1458;14,58;0,079676;0,145006;0,066977;-0,983941;136,491058;636,510864;-165,940536;0,178548;0,109698;0,006366;-0,977776;7,200568;491,142212;-56,40395;-0,339607;-0,027268;0,085503;-0,936276;148,315506;354,345673;-616,180359;-0,643731;0,586104;0,416088;-0,262611;323,790375;-75,833931;-155,317154
1459;14,59;0,075373;0,145188;0,06757;-0,984212;136,423721;636,221497;-164,976822;0,17463;0,111743;0,004586;-0,978262;6,853021;489,770844;-56,643009;-0,339541;-0,026936;0,085774;-0,936285;148,353699;354,199158;-616,14856;-0,64376;0,58608;0,416026;-0,262688;323,791687;-75,829231;-155,318588
1460;14,6;0,071896;0,145285;0,068011;-0,984428;136,333786;635,94342;-164,133453;0,170609;0,112151;0,004085;-0,978927;6,758255;488,304688;-56,816315;-0,339609;-0,026877;0,085858;-0,936254;148,333557;354,19809;-616,148865;-0,643771;0,586045;0,41607;-0,26267;323,782745;-75,810165;-155,330215
1461;14,61;0,069741;0,145642;0,067865;-0,98454;136,193893;635,68866;-163,520691;0,166932;0,111662;0,003819;-0,979618;6,904506;486,905823;-57,049606;-0,339528;-0,027377;0,085456;-0,936306;148,244202;354,294434;-616,181152;-0,643716;0,5861;0,416115;-0,262613;323,783508;-75,83493;-155,33728
1462;14,62;0,067283;0,145116;0,06694;-0,984852;136,070221;635,410156;-162,874344;0,16299;0,11284;0,002773;-0,98015;6,845135;485,610138;-57,346039;-0,33957;-0,027451;0,085393;-0,936294;148,242645;354,341614;-616,211426;-0,643722;0,586136;0,416025;-0,262661;323,80127;-75,856148;-155,324524
1463;14,63;0,06337;0,144799;0,066578;-0,985183;135,998932;635,046021;-161,913925;0,159394;0,112878;0,003164;-0,980735;6,841478;484,369171;-57,718319;-0,339451;-0,02688;0,085785;-0,936318;148,357697;354,105164;-616,105408;-0,643755;0,586095;0,416014;-0,262686;323,795441;-75,835365;-155,324219
1464;14,64;0,05762;0,143987;0,067361;-0,985601;135,98967;634,614624;-160,61409;0,155623;0,112631;0,003221;-0,981369;6,876075;483,121613;-57,959942;-0,339471;-0,026828;0,085884;-0,936303;148,34848;354,106842;-616,114624;-0,643763;0,586125;0,415936;-0,262724;323,803711;-75,850807;-155,311493
1465;14,65;0,051577;0,142385;0,068211;-0,98611;135,969986;634,147888;-159,219421;0,151524;0,112872;0,003104;-0,981983;6,953788;481,877258;-58,141865;-0,339468;-0,027318;0,085646;-0,936312;148,217651;354,214874;-616,186523;-0,643752;0,586125;0,41597;-0,262699;323,80304;-75,850327;-155,318085
1466;14,66;0,045574;0,141754;0,068474;-0,986479;135,865463;633,658447;-157,95752;0,14791;0,1122;0,004031;-0,982607;7,083422;480,659119;-58,385544;-0,339528;-0,027498;0,085429;-0,936305;148,248917;354,32785;-616,227478;-0,643745;0,586073;0,416051;-0,262702;323,778534;-75,827492;-155,343002
1467;14,67;0,041004;0,141954;0,068537;-0,986646;135,688232;633,215454;-156,924881;0,143408;0,112921;0,003467;-0,983194;7,040697;479,461365;-58,527657;-0,339583;-0,027037;0,085747;-0,936269;148,330292;354,237366;-616,181519;-0,643731;0,586094;0,416045;-0,262699;323,778809;-75,83831;-155,340302
1468;14,68;0,038651;0,141575;0,067449;-0,986871;135,483185;632,852417;-156,214005;0,1386;0,11312;0,003763;-0,98386;7,142828;478,281616;-58,57991;-0,339433;-0,026863;0,085933;-0,936311;148,316528;354,070435;-616,120667;-0,643732;0,586111;0,416057;-0,262641;323,78717;-75,837921;-155,330688
1469;14,69;0,036832;0,140877;0,066289;-0,987118;135,281387;632,507813;-155,609085;0,133556;0,112106;0,005226;-0,984666;7,382822;477,077637;-58,511986;-0,339538;-0,027301;0,085564;-0,936295;148,269501;354,281372;-616,201355;-0,643749;0,586083;0,416044;-0,262682;323,779816;-75,825424;-155,333725
1470;14,7;0,033946;0,14044;0,066022;-0,987302;135,034042;632,099487;-154,806915;0,128661;0,111267;0,005815;-0,98541;7,525926;475,910736;-58,459969;-0,339511;-0,02738;0,085423;-0,936315;148,278458;354,289337;-616,184814;-0,643733;0,586037;0,416134;-0,262679;323,762238;-75,809151;-155,357056
1471;14,71;0,028759;0,140526;0,065498;-0,98749;134,805588;631,567505;-153,667953;0,124532;0,109756;0,007621;-0,986097;7,679411;474,819214;-58,606407;-0,339526;-0,027182;0,085653;-0,936294;148,2603;354,217773;-616,161743;-0,643766;0,586036;0,416075;-0,262693;323,779297;-75,811119;-155,343399
1472;14,72;0,022003;0,139979;0,065109;-0,987767;134,603699;630,940552;-152,276306;0,120277;0,108907;0,008915;-0,986708;7,749444;473,700439;-58,856895;-0,339511;-0,027108;0,085736;-0,936294;148,283249;354,207733;-616,179199;-0,643791;0,586042;0,416017;-0,262714;323,79306;-75,81395;-155,332809
1473;14,73;0,014853;0,138838;0,065152;-0,988058;134,5215;630,290222;-150,799774;0,115389;0,110141;0,00816;-0,987162;7,690707;472,478882;-59,023254;-0,339485;-0,026926;0,085783;-0,936305;148,368301;354,16037;-616,14209;-0,643721;0,58611;0,416084;-0,262625;323,786011;-75,837753;-155,334442
1474;14,74;0,008672;0,138414;0,066231;-0,988119;134,515427;629,698181;-149,490601;0,110281;0,109457;0,008606;-0,987817;7,832672;471,154755;-59,106506;-0,339628;-0,026985;0,085755;-0,936253;148,354538;354,272003;-616,170105;-0,643739;0,586078;0,416071;-0,262673;323,775635;-75,826851;-155,343048
1475;14,75;0,005723;0,138045;0,066513;-0,988174;134,387527;629,264587;-148,701523;0,105794;0,108234;0,010251;-0,988427;8,043766;469,89032;-59,248299;-0,339447;-0,027307;0,085667;-0,936318;148,230698;354,194794;-616,163086;-0,64378;0,586071;0,415985;-0,262727;323,791931;-75,82666;-155,33374
1476;14,76;0,004621;0,13747;0,065129;-0,988352;134,125168;628,912476;-148,236664;0,101451;0,108058;0,010651;-0,988897;8,083545;468,680939;-59,591518;-0,339473;-0,027403;0,085525;-0,936319;148,266006;354,251801;-616,193298;-0,643748;0,58609;0,416036;-0,262682;323,792206;-75,834343;-155,337479
1477;14,77;0,003037;0,138275;0,06394;-0,988323;133,886856;628,550049;-147,753113;0,096869;0,108595;0,011129;-0,989293;7,965869;467,388275;-60,002647;-0,33951;-0,026956;0,085711;-0,936301;148,407379;354,190948;-616,14978;-0,643737;0,58611;0,416012;-0,262702;323,796967;-75,845924;-155,331955
1478;14,78;0,000151;0,139377;0,063004;-0,988233;133,618149;628,10553;-147,101273;0,092457;0,108808;0,010943;-0,989693;7,824347;466,042114;-60,344444;-0,339481;-0,026854;0,086016;-0,936287;148,297455;354,07901;-616,137268;-0,643744;0,586094;0,416036;-0,262683;323,798798;-75,835236;-155,333893
1479;14,79;-0,005402;0,140568;0,063036;-0,988048;133,356262;627,493835;-146,03923;0,089256;0,107698;0,011906;-0,990097;7,855393;464,801056;-60,729454;-0,339552;-0,027384;0,085508;-0,936292;148,271423;354,300201;-616,210693;-0,643743;0,586034;0,416122;-0,262682;323,773926;-75,809189;-155,357315
1480;14,8;-0,012596;0,140841;0,064456;-0,987852;133,333664;626,804688;-144,657394;0,08613;0,108103;0,012255;-0,990326;7,808167;463,662201;-61,135098;-0,339429;-0,027357;0,085275;-0,936359;148,378723;354,270508;-616,154053;-0,643753;0,586081;0,416001;-0,262745;323,783173;-75,834435;-155,338272
1481;14,81;-0,018941;0,139706;0,065432;-0,987847;133,477875;626,182617;-143,349762;0,082112;0,10941;0,01184;-0,990529;7,640969;462,554321;-61,514194;-0,339599;-0,026779;0,085898;-0,936257;148,346481;354,181519;-616,114929;-0,643711;0,586104;0,416087;-0,262659;323,774628;-75,841728;-155,345291
1482;14,82;-0,023589;0,138827;0,066411;-0,987806;133,558197;625,685669;-142,337173;0,0781;0,109738;0,012356;-0,99081;7,550022;461,580231;-61,807335;-0,339604;-0,026846;0,085933;-0,93625;148,283295;354,189941;-616,128296;-0,643712;0,586081;0,416145;-0,262617;323,760681;-75,825287;-155,34642
1483;14,83;-0,025772;0,139285;0,068105;-0,987571;133,566025;625,336792;-141,769028;0,074633;0,108969;0,013016;-0,991154;7,596898;460,755402;-62,037937;-0,339521;-0,027325;0,08529;-0,936325;148,349701;354,315338;-616,153442;-0,643748;0,586112;0,416028;-0,262645;323,783844;-75,839447;-155,317215
1484;14,84;-0,026035;0,139198;0,069516;-0,987478;133,497849;625,119751;-141,492783;0,071537;0,109194;0,013625;-0,991349;7,560842;460,034363;-62,216251;-0,339599;-0,027455;0,08533;-0,936289;148,298172;354,393921;-616,215393;-0,643813;0,586021;0,416037;-0,262673;323,781921;-75,797539;-155,322128
1485;14,85;-0,026397;0,139742;0,069142;-0,987418;133,373367;624,917969;-141,281631;0,069315;0,109269;0,014124;-0,991492;7,503705;459,480347;-62,387093;-0,339631;-0,026871;0,085995;-0,936234;148,268707;354,19696;-616,142273;-0,643804;0,586046;0,41603;-0,262651;323,788208;-75,807022;-155,312958
1486;14,86;-0,028501;0,140099;0,067292;-0,987437;133,271729;624,619751;-140,875427;0,068231;0,107585;0,015577;-0,991729;7,616902;459,099915;-62,495834;-0,339632;-0,026964;0,085681;-0,93626;148,374023;354,276123;-616,145752;-0,643762;0,586077;0,416056;-0,262643;323,786835;-75,824448;-155,319031
1487;14,87;-0,032839;0,138933;0,067927;-0,987424;133,429642;624,214905;-140,010971;0,067187;0,105766;0,017088;-0,991972;7,745993;458,793335;-62,516853;-0,339528;-0,027463;0,085195;-0,936327;148,370087;354,356659;-616,202026;-0,643776;0,586097;0,415988;-0,262674;323,80014;-75,834244;-155,306183
1488;14,88;-0,036777;0,137909;0,07077;-0,987229;133,692169;623,853088;-139,170517;0,065972;0,105035;0,017713;-0,99212;7,792429;458,493042;-62,577709;-0,339599;-0,027369;0,085541;-0,936273;148,241455;354,336487;-616,218201;-0,643762;0,586079;0,416047;-0,262653;323,797577;-75,827164;-155,31987
1489;14,89;-0,039442;0,137786;0,071628;-0,987081;133,816223;623,58429;-138,644287;0,064344;0,105143;0,018321;-0,992204;7,762503;458,115662;-62,701336;-0,339762;-0,026994;0,085815;-0,936199;148,303009;354,359955;-616,187256;-0,643747;0,586102;0,416054;-0,262627;323,806061;-75,836075;-155,31868
1490;14,9;-0,041753;0,137915;0,072279;-0,98692;133,826553;623,358398;-138,215775;0,063003;0,105873;0,018225;-0,992215;7,677907;457,755188;-62,834801;-0,339618;-0,026922;0,085523;-0,93628;148,471664;354,289307;-616,119507;-0,643805;0,586061;0,415969;-0,262712;323,812653;-75,822716;-155,310959
1491;14,91;-0,043486;0,13743;0,072764;-0,986878;133,885269;623,180725;-137,859818;0,061899;0,105771;0,018121;-0,992297;7,695372;457,478424;-62,916069;-0,339599;-0,027498;0,085223;-0,936298;148,331451;354,401245;-616,221008;-0,643838;0,586001;0,415983;-0,262743;323,800568;-75,795029;-155,316483
1492;14,92;-0,044553;0,13659;0,07294;-0,986934;133,997025;623,056396;-137,583725;0,060984;0,105353;0,018461;-0,992391;7,74126;457,306091;-62,912411;-0,33963;-0,027492;0,085412;-0,936269;148,253204;354,40152;-616,228149;-0,643816;0,585998;0,416043;-0,262709;323,789215;-75,791405;-155,321594
1493;14,93;-0,045136;0,136168;0,073502;-0,986924;134,095032;622,982361;-137,411682;0,060444;0,105707;0,018503;-0,992386;7,732548;457,190399;-62,962479;-0,339732;-0,02696;0,085633;-0,936228;148,411392;354,356262;-616,13916;-0,643817;0,585986;0,416078;-0,262678;323,782562;-75,783737;-155,322678
1494;14,94;-0,045362;0,136092;0,073537;-0,986921;134,116547;622,94696;-137,340454;0,059908;0,106327;0,018217;-0,992358;7,651765;457,073578;-63,036137;-0,339713;-0,027179;0,085395;-0,93625;148,404236;354,417572;-616,175903;-0,643797;0,586004;0,416064;-0,262707;323,772064;-75,793739;-155,324905
1495;14,95;-0,045577;0,136013;0,0736;-0,986918;134,130234;622,921875;-137,287781;0,059742;0,106496;0,017991;-0,992354;7,603977;457,026825;-63,064701;-0,339535;-0,027603;0,085239;-0,936316;148,272705;354,385986;-616,215881;-0,643782;0,586057;0,416012;-0,262708;323,782318;-75,818062;-155,311401
1496;14,96;-0,045741;0,13606;0,07371;-0,986895;134,135925;622,900513;-137,24881;0,059674;0,105845;0,018322;-0,992421;7,666092;457,028992;-63,02388;-0,33972;-0,027189;0,085447;-0,936242;148,377365;354,415894;-616,177368;-0,643758;0,586052;0,416095;-0,262648;323,771301;-75,812263;-155,324783
1497;14,97;-0,045646;0,136052;0,073346;-0,986928;134,117706;622,907288;-137,268372;0,059643;0,105601;0,018693;-0,992442;7,706232;457,039368;-62,997147;-0,3397;-0,027022;0,085545;-0,936246;148,40123;354,359222;-616,143738;-0,643749;0,586111;0,416019;-0,26266;323,795563;-75,843575;-155,310654
1498;14,98;-0,045453;0,135955;0,073531;-0,986937;134,103745;622,935181;-137,317337;0,059976;0,106245;0,018274;-0,992361;7,633234;457,071533;-63,043648;-0,339661;-0,02747;0,085259;-0,936273;148,320511;354,447113;-616,223206;-0,643761;0,586105;0,416004;-0,262667;323,801514;-75,839699;-155,307266
1499;14,99;-0,045117;0,136055;0,073575;-0,986935;134,100342;622,968689;-137,384659;0,060117;0,106406;0,017907;-0,992342;7,604501;457,105682;-63,040882;-0,339645;-0,027506;0,085184;-0,936284;148,357162;354,456177;-616,228882;-0,643782;0,586051;0,416035;-0,262685;323,789764;-75,8125;-155,317627
1500;15;-0,044834;0,136068;0,073401;-0,986959;134,092392;622,99939;-137,448181;0,060375;0,105771;0,018378;-0,992386;7,686099;457,176544;-62,984577;-0,339628;-0,026994;0,085564;-0,936271;148,412231;354,283447;-616,129639;-0,643768;0,58606;0,416023;-0,262717;323,782928;-75,817322;-155,320847
1501;15,01;-0,044539;0,136026;0,073311;-0,986985;134,075165;623,026611;-137,508377;0,060638;0,105658;0,018563;-0,992378;7,731181;457,225616;-62,958546;-0,339684;-0,027324;0,085368;-0,936259;148,351791;354,418427;-616,207336;-0,643755;0,586055;0,416065;-0,262696;323,781342;-75,815414;-155,32959
1502;15,02;-0,044277;0,136113;0,073325;-0,986983;134,050354;623,045593;-137,553223;0,060607;0,106279;0,018024;-0,992324;7,671116;457,214233;-62,973469;-0,339584;-0,027565;0,085185;-0,936305;148,311096;354,405334;-616,220886;-0,643784;0,58603;0,416081;-0,262655;323,793121;-75,801262;-155,326462
1503;15,03;-0,044297;0,136193;0,073305;-0,986973;134,015823;623,048462;-137,562302;0,060775;0,106427;0,017831;-0,992301;7,637095;457,223511;-62,999226;-0,33961;-0,027129;0,085353;-0,936293;148,425278;354,326233;-616,147522;-0,643772;0,586125;0,415964;-0,262656;323,816406;-75,843178;-155,29924
1504;15,04;-0,044487;0,136113;0,073423;-0,986967;134,017181;623,033386;-137,537888;0,060735;0,105928;0,018283;-0,992349;7,676193;457,232239;-62,990128;-0,339632;-0,027086;0,085481;-0,936274;148,383026;354,308655;-616,162476;-0,643742;0,586154;0,415981;-0,262641;323,811707;-75,855583;-155,306824
1505;15,05;-0,044778;0,135851;0,07331;-0,986998;134,031647;623,000366;-137,480087;0,060502;0,105747;0,018577;-0,992377;7,678397;457,185089;-62,99437;-0,339566;-0,027412;0,08537;-0,936299;148,256073;354,336121;-616,216614;-0,643748;0,58611;0,416022;-0,262658;323,800293;-75,839149;-155,326767
1506;15,06;-0,045265;0,135967;0,073244;-0,986965;134,017441;622,951355;-137,385986;0,060171;0,106093;0,01821;-0,992367;7,629321;457,09079;-63,031837;-0,339643;-0,027512;0,085191;-0,936284;148,297012;354,427612;-616,248291;-0,643748;0,586072;0,416053;-0,262694;323,7789;-75,825897;-155,344757
1507;15,07;-0,045881;0,136117;0,07348;-0,986898;134,042648;622,88855;-137,263351;0,059615;0,106121;0,017938;-0,992403;7,617334;456,99939;-63,06942;-0,339573;-0,027341;0,085303;-0,936305;148,327927;354,335175;-616,20929;-0,643755;0,586076;0,416049;-0,262675;323,778839;-75,823135;-155,34137
1508;15,08;-0,046458;0,136069;0,073689;-0,986862;134,123886;622,820007;-137,128265;0,059191;0,105883;0,018273;-0,992447;7,638858;456,937836;-63,111008;-0,339618;-0,027378;0,085453;-0,936273;148,23204;354,350159;-616,243591;-0,643751;0,586006;0,416185;-0,262625;323,751343;-75,786873;-155,368088
1509;15,09;-0,046608;0,13577;0,074151;-0,986862;134,211502;622,785461;-137,038361;0,058529;0,10574;0,01859;-0,992496;7,648428;456,799469;-63,151932;-0,339615;-0,027542;0,085324;-0,936281;148,239319;354,406921;-616,273438;-0,643748;0,586048;0,416126;-0,262632;323,762909;-75,808464;-155,350067
1510;15,1;-0,045862;0,135303;0,074566;-0,986929;134,309982;622,809326;-137,068115;0,057613;0,106017;0,018193;-0,992527;7,630711;456,595551;-63,194603;-0,339623;-0,027504;0,085272;-0,936285;148,294098;354,40509;-616,255615;-0,643782;0,586044;0,416053;-0,262672;323,776428;-75,809837;-155,336517
1511;15,11;-0,044168;0,134669;0,074887;-0,987069;134,39769;622,889404;-137,245422;0,05679;0,106232;0,01807;-0,992554;7,620239;456,406494;-63,254639;-0,339629;-0,02763;0,08526;-0,93628;148,242325;354,437012;-616,284485;-0,64378;0,586054;0,416012;-0,262721;323,776184;-75,817528;-155,335571
1512;15,12;-0,041772;0,133659;0,075142;-0,987291;134,477356;623,008789;-137,509995;0,055836;0,105934;0,018942;-0,992624;7,630033;456,175964;-63,325695;-0,339571;-0,027569;0,085252;-0,936303;148,282745;354,392914;-616,251648;-0,64376;0,586078;0,416011;-0,262718;323,774994;-75,826416;-155,334259
1513;15,13;-0,040235;0,132863;0,075775;-0,987414;134,545303;623,061035;-137,632492;0,054614;0,105848;0,019291;-0,992694;7,604717;455,867279;-63,429752;-0,339643;-0,027411;0,085315;-0,936276;148,326004;354,407715;-616,243591;-0,643727;0,586139;0,416017;-0,262654;323,789948;-75,852081;-155,32431
1514;15,14;-0,041217;0,13254;0,075822;-0,987414;134,617142;622,922668;-137,387894;0,053229;0,106053;0,019096;-0,992751;7,570665;455,534149;-63,533871;-0,339598;-0,027487;0,085373;-0,936285;148,241516;354,3573;-616,25293;-0,643766;0,586105;0,415978;-0,262696;323,802582;-75,841354;-155,323975
1515;15,15;-0,043516;0,132019;0,076334;-0,987345;134,721573;622,674438;-136,916107;0,05174;0,105762;0,019338;-0,992856;7,599348;455,225647;-63,625546;-0,339519;-0,027756;0,085241;-0,936317;148,179169;354,372314;-616,29248;-0,643781;0,586062;0,415992;-0,26273;323,788513;-75,82299;-155,338089
1516;15,16;-0,044855;0,131581;0,077479;-0,987255;134,718567;622,470215;-136,588104;0,050144;0,105423;0,01989;-0,992963;7,622053;454,908783;-63,735554;-0,33962;-0,027586;0,08525;-0,936285;148,259277;354,421509;-616,280334;-0,643747;0,58608;0,416041;-0,262697;323,782318;-75,831902;-155,348358
1517;15,17;-0,04527;0,131652;0,077322;-0,987238;134,658508;622,336731;-136,424179;0,048194;0,105687;0,019636;-0,993037;7,565549;454,513855;-63,894169;-0,339594;-0,027434;0,085357;-0,936289;148,278458;354,360413;-616,251343;-0,643738;0,586117;0,415984;-0,262727;323,785278;-75,852409;-155,340271
1518;15,18;-0,045314;0,131693;0,077603;-0,987209;134,648483;622,237915;-136,319641;0,046342;0,105743;0,019763;-0,993116;7,507655;454,07373;-64,072823;-0,339593;-0,027619;0,085287;-0,936291;148,215073;354,391754;-616,29248;-0,643747;0,586077;0,416049;-0,262691;323,771057;-75,828247;-155,348801
1519;15,19;-0,045986;0,132395;0,077297;-0,987108;134,560486;622,080566;-136,156738;0,044546;0,105495;0,020573;-0,993209;7,486516;453,645447;-64,20784;-0,339561;-0,027681;0,085139;-0,936314;148,246033;354,406006;-616,283752;-0,643769;0,585986;0,416155;-0,262674;323,745453;-75,782333;-155,37056
1520;15,2;-0,047667;0,132374;0,077561;-0,98701;134,554138;621,85498;-135,798706;0,042511;0,105524;0,020708;-0,993292;7,479389;453,213867;-64,336983;-0,339593;-0,027495;0,085295;-0,936294;148,247833;354,372192;-616,256592;-0,64376;0,586015;0,416115;-0,262694;323,743774;-75,796677;-155,362289
1521;15,21;-0,049462;0,132641;0,078111;-0,986843;134,518951;621,61554;-135,426743;0,040522;0,105777;0,020505;-0,993352;7,436926;452,77359;-64,508766;-0,339616;-0,027576;0,085395;-0,936274;148,157394;354,37796;-616,287659;-0,643741;0,586099;0,416016;-0,262708;323,761749;-75,837708;-155,338623
1522;15,22;-0,050127;0,132702;0,078663;-0,986757;134,498383;621,449829;-135,215881;0,038509;0,10548;0,021034;-0,993453;7,405249;452,319244;-64,680809;-0,339553;-0,027614;0,085235;-0,93631;148,202591;354,362061;-616,261536;-0,643757;0,586095;0,416017;-0,262677;323,772247;-75,832977;-155,33165
1523;15,23;-0,05061;0,132905;0,078541;-0,986715;134,502594;621,29895;-135,04184;0,036333;0,105144;0,021505;-0,99356;7,414326;451,866791;-64,83139;-0,339563;-0,027557;0,085125;-0,936318;148,285568;354,387451;-616,242493;-0,643735;0,586102;0,416065;-0,262641;323,768677;-75,834274;-155,337296
1524;15,24;-0,05093;0,133654;0,078276;-0,986618;134,425232;621,132996;-134,908279;0,034189;0,105048;0,022011;-0,993636;7,410655;451,383118;-65,005226;-0,339565;-0,02757;0,08529;-0,936302;148,220779;354,359863;-616,26709;-0,643741;0,586106;0,416042;-0,262654;323,772247;-75,836418;-155,33194
1525;15,25;-0,050819;0,134094;0,078447;-0,986551;134,347855;620,992126;-134,790543;0,031842;0,105327;0,022066;-0,993683;7,374342;450,862061;-65,191299;-0,339574;-0,027631;0,085299;-0,936296;148,187759;354,371979;-616,282471;-0,643748;0,586106;0,416011;-0,262685;323,769897;-75,838448;-155,3293
1526;15,26;-0,050966;0,134368;0,077881;-0,986551;134,237717;620,825439;-134,637802;0,029507;0,105434;0,022141;-0,993742;7,354467;450,352142;-65,390686;-0,339536;-0,027706;0,085093;-0,936326;148,261917;354,398895;-616,269348;-0,64374;0,586087;0,416051;-0,262683;323,759399;-75,832039;-155,337341
1527;15,27;-0,051609;0,134192;0,077514;-0,98657;134,183472;620,634766;-134,420731;0,027117;0,10543;0,022151;-0,99381;7,358307;449,84906;-65,584709;-0,33952;-0,027602;0,08522;-0,936323;148,257965;354,348602;-616,250977;-0,643741;0,586066;0,416111;-0,262633;323,75882;-75,817268;-155,338379
1528;15,28;-0,053037;0,134268;0,077205;-0,986508;134,123291;620,391968;-134,120926;0,024736;0,105539;0,022349;-0,993856;7,352995;449,319061;-65,749382;-0,339619;-0,027425;0,085407;-0,936276;148,24501;354,359894;-616,242371;-0,643778;0,586081;0,415987;-0,262706;323,783325;-75,831352;-155,318176
1529;15,29;-0,055032;0,134813;0,077424;-0,986308;134,079117;620,10614;-133,73938;0,022518;0,105759;0,022518;-0,993882;7,344932;448,783691;-65,919907;-0,339563;-0,027468;0,085286;-0,936306;148,276077;354,349426;-616,217407;-0,643744;0,586134;0,415987;-0,26267;323,790192;-75,853523;-155,310806
1530;15,3;-0,056932;0,135342;0,078092;-0,986075;134,057861;619,835632;-133,324982;0,020148;0,105784;0,022484;-0,993931;7,31913;448,236938;-66,129478;-0,339532;-0,027593;0,085157;-0,936326;148,277161;354,368195;-616,225891;-0,643742;0,586137;0,416023;-0,262608;323,789368;-75,844849;-155,305527
1531;15,31;-0,058656;0,136018;0,078134;-0,985877;134,027374;619,570679;-132,937241;0,017762;0,105743;0,022292;-0,993985;7,297716;447,678864;-66,377922;-0,339532;-0,027603;0,085271;-0,936314;148,238464;354,351593;-616,24646;-0,643768;0,586088;0,416021;-0,262661;323,786377;-75,829803;-155,315247
1532;15,32;-0,059902;0,136193;0,077647;-0,985817;134,035294;619,339417;-132,651886;0,01552;0,106054;0,022053;-0,993995;7,259587;447,120605;-66,63797;-0,339559;-0,027534;0,085317;-0,936303;148,261185;354,35498;-616,242249;-0,643744;0,586071;0,416092;-0,262646;323,767395;-75,822998;-155,330154
1533;15,33;-0,060621;0,136444;0,077468;-0,985752;134,004562;619,153503;-132,473999;0,013391;0,106688;0,022067;-0,993957;7,215682;446,54715;-66,899284;-0,339593;-0,027562;0,085166;-0,936303;148,304245;354,415192;-616,235718;-0,643746;0,586077;0,416091;-0,262628;323,768188;-75,823021;-155,325134
1534;15,34;-0,061343;0,136881;0,077636;-0,985634;133,963776;618,978027;-132,277496;0,011278;0,107269;0,021666;-0,99393;7,152924;445,98407;-67,178307;-0,339534;-0,027607;0,085223;-0,936318;148,249557;354,362762;-616,234314;-0,643747;0,586075;0,416083;-0,262642;323,764435;-75,822037;-155,324371
1535;15,35;-0,062292;0,137148;0,077664;-0,985535;133,900253;618,781067;-132,026978;0,009136;0,107589;0,021364;-0,993924;7,105812;445,416016;-67,445618;-0,339599;-0,027461;0,085319;-0,93629;148,281631;354,367645;-616,223572;-0,643759;0,586055;0,416093;-0,262642;323,763;-75,813797;-155,323837
1536;15,36;-0,063268;0,137089;0,077986;-0,985455;133,892868;618,580627;-131,73996;0,00717;0,107362;0,021928;-0,993952;7,10238;444,866791;-67,724861;-0,339612;-0,027379;0,085273;-0,936292;148,34166;354,37674;-616,200195;-0,643772;0,586071;0,416039;-0,26266;323,775055;-75,82077;-155,311142
1537;15,37;-0,064647;0,137345;0,078718;-0,985272;133,888931;618,360535;-131,442413;0,005293;0,107754;0,021766;-0,993925;7,084199;444,362762;-67,975685;-0,339571;-0,027652;0,085207;-0,936305;148,242661;354,396057;-616,249084;-0,643753;0,586131;0,415975;-0,262674;323,78891;-75,852333;-155,2948
1538;15,38;-0,06611;0,137868;0,079083;-0,985072;133,84584;618,128296;-131,161819;0,00315;0,10835;0,021447;-0,993876;7,017225;443,848877;-68,198029;-0,339561;-0,027653;0,085227;-0,936307;148,225311;354,382385;-616,24353;-0,643739;0,586092;0,41607;-0,262644;323,772095;-75,834755;-155,314682
1539;15,39;-0,067556;0,138408;0,078925;-0,984911;133,79361;617,897827;-130,867279;0,001252;0,108432;0,021299;-0,993875;6,975372;443,354431;-68,469841;-0,339541;-0,027511;0,085293;-0,936312;148,254959;354,332764;-616,211548;-0,643771;0,586024;0,41611;-0,262653;323,7612;-75,801376;-155,327789
1540;15,4;-0,068874;0,139091;0,078631;-0,984747;133,76001;617,671753;-130,574142;-0,000668;0,108847;0,021057;-0,993835;6,928634;442,877136;-68,726486;-0,339587;-0,027586;0,085247;-0,936297;148,243118;354,387695;-616,244873;-0,643795;0,586072;0,415985;-0,262685;323,785919;-75,823479;-155,301834
1541;15,41;-0,069793;0,139058;0,078475;-0,9847;133,719711;617,47406;-130,336761;-0,002527;0,108805;0,021316;-0,993831;6,933178;442,449158;-68,890572;-0,339546;-0,027742;0,08519;-0,936313;148,208313;354,396667;-616,268127;-0,643765;0,586099;0,415981;-0,262706;323,780365;-75,840485;-155,307556
1542;15,42;-0,07064;0,139271;0,078398;-0,984615;133,678284;617,299622;-130,142288;-0,004346;0,108033;0,02225;-0,993889;6,980025;442,062561;-69,013474;-0,339563;-0,027556;0,085245;-0,936307;148,262527;354,372864;-616,22345;-0,643765;0,586044;0,416085;-0,262665;323,760803;-75,810844;-155,326126
1543;15,43;-0,0713;0,139731;0,079183;-0,98444;133,638077;617,133789;-129,949051;-0,006344;0,108083;0,021988;-0,993878;6,994266;441,666229;-69,161819;-0,339612;-0,027511;0,085201;-0,936295;148,309692;354,416168;-616,218933;-0,643753;0,586066;0,416106;-0,26261;323,765991;-75,816124;-155,320709
1544;15,44;-0,072033;0,139959;0,07946;-0,984332;133,5961;616,971008;-129,759842;-0,008221;0,108905;0,021052;-0,993795;6,932731;441,249725;-69,381035;-0,339596;-0,027614;0,085186;-0,936299;148,286713;354,426208;-616,238708;-0,643764;0,586042;0,416103;-0,262644;323,757874;-75,807365;-155,324005
1545;15,45;-0,072935;0,140051;0,079472;-0,984251;133,560776;616,808044;-129,548843;-0,009669;0,109243;0,021164;-0,993743;6,887375;440,806702;-69,644226;-0,339654;-0,027472;0,085282;-0,936273;148,311035;354,432587;-616,22406;-0,643777;0,586016;0,416107;-0,262662;323,758118;-75,79808;-155,325089
1546;15,46;-0,073995;0,14047;0,0802;-0,984053;133,539291;616,628601;-129,320557;-0,011127;0,109714;0,020913;-0,993681;6,839252;440,323883;-69,945274;-0,33966;-0,027272;0,085374;-0,936269;148,359299;354,387695;-616,177917;-0,643751;0,586076;0,416069;-0,262652;323,768066;-75,826805;-155,312012
1547;15,47;-0,074967;0,140916;0,0804;-0,9839;133,527191;616,463806;-129,127838;-0,012583;0,110626;0,019919;-0,993583;6,717498;439,886108;-70,245506;-0,339649;-0,027417;0,085232;-0,936281;148,378525;354,430969;-616,196472;-0,64372;0,586108;0,416068;-0,262658;323,76651;-75,845299;-155,312302
1548;15,48;-0,075632;0,140963;0,079894;-0,983883;133,480087;616,330139;-128,981705;-0,014127;0,110763;0,019679;-0,993552;6,688061;439,485962;-70,480408;-0,339637;-0,02753;0,085219;-0,936283;148,329376;354,439301;-616,224243;-0,64374;0,586059;0,416111;-0,26265;323,75943;-75,81884;-155,320847
1549;15,49;-0,076119;0,140987;0,079801;-0,98385;133,432816;616,206299;-128,853027;-0,015554;0,110441;0,02008;-0,993558;6,698875;439,16217;-70,620239;-0,339628;-0,027352;0,085327;-0,936282;148,350555;354,383423;-616,187012;-0,643777;0,586041;0,416091;-0,262631;323,7724;-75,803917;-155,311737
1550;15,5;-0,076757;0,141019;0,079669;-0,983806;133,39032;616,064575;-128,707458;-0,016743;0,110568;0,020465;-0,993517;6,705953;438,880737;-70,723976;-0,339659;-0,027447;0,085276;-0,936273;148,33963;354,432587;-616,215637;-0,643808;0,58607;0,415984;-0,262662;323,798035;-75,817192;-155,289902
1551;15,51;-0,0776;0,140987;0,079162;-0,983786;133,337997;615,915466;-128,524918;-0,017955;0,110809;0,020372;-0,993471;6,726782;438,587402;-70,836182;-0,339622;-0,027528;0,085204;-0,93629;148,322052;354,424591;-616,221802;-0,643756;0,586135;0,415968;-0,262668;323,798889;-75,850227;-155,291
1552;15,52;-0,078589;0,140484;0,077991;-0,983873;133,251816;615,750671;-128,305511;-0,018049;0,110326;0,020617;-0,993518;6,816125;438,465698;-70,854385;-0,339615;-0,027514;0,085165;-0,936297;148,34314;354,40863;-616,217285;-0,643752;0,586106;0,415998;-0,262697;323,794678;-75,845337;-155,306229
1553;15,53;-0,081018;0,140507;0,077827;-0,983685;133,172943;615,417786;-127,859238;-0,015733;0,105468;0,024001;-0,994009;7,249782;438,596222;-70,747841;-0,339607;-0,02756;0,085143;-0,9363;148,344254;354,4086;-616,234619;-0,643738;0,586104;0,41605;-0,262652;323,790375;-75,841698;-155,309692
1554;15,54;-0,086714;0,140345;0,079352;-0,983101;133,20752;614,795715;-126,950996;-0,014312;0,099654;0,02779;-0,994531;7,761828;438,6828;-70,607941;-0,339548;-0,027497;0,085377;-0,936302;148,260666;354,335571;-616,252625;-0,643753;0,58613;0,415998;-0,262638;323,796143;-75,847237;-155,291901
1555;15,55;-0,092037;0,139712;0,079148;-0,982723;133,189514;614,216675;-126,065018;-0,016973;0,100999;0,027195;-0,99437;7,659842;438,518402;-70,381538;-0,339565;-0,027276;0,085583;-0,936284;148,270828;354,285278;-616,221375;-0,643756;0,586098;0,416051;-0,26262;323,788177;-75,832184;-155,30687
1556;15,56;-0,092252;0,139739;0,078257;-0,982771;133,103607;614,081055;-125,918251;-0,019769;0,101389;0,027444;-0,994272;7,643988;438,31073;-70,276726;-0,339744;-0,027482;0,085211;-0,936247;148,350891;354,490936;-616,248291;-0,643773;0,586102;0,416004;-0,262644;323,788361;-75,831161;-155,303024
1557;15,57;-0,091209;0,139904;0,07844;-0,98283;133,040237;614,015137;-125,970009;-0,021362;0,097712;0,030403;-0,994521;8,015796;438,10376;-70,310844;-0,339673;-0,027988;0,08492;-0,936284;148,252518;354,591187;-616,353149;-0,643787;0,58611;0,415955;-0,26267;323,789703;-75,834946;-155,294983
1558;15,58;-0,093323;0,140367;0,077715;-0,982623;132,933563;613,681946;-125,586021;-0,023963;0,098194;0,030352;-0,994416;7,927509;437,714874;-70,361374;-0,339542;-0,02738;0,085501;-0,936296;148,252914;354,282104;-616,236694;-0,643771;0,586131;0,415969;-0,262641;323,799652;-75,847939;-155,288071
1559;15,59;-0,095579;0,140735;0,078157;-0,982319;132,866486;613,338379;-125,151917;-0,026807;0,099483;0,029652;-0,994236;7,771629;437,157349;-70,561012;-0,339619;-0,027191;0,085442;-0,93628;148,363022;354,319397;-616,1698;-0,643736;0,586107;0,416069;-0,26262;323,776855;-75,835747;-155,308182
1560;15,6;-0,096712;0,141428;0,077811;-0,982136;132,824753;613,102112;-124,898109;-0,028912;0,097714;0,031099;-0,994308;7,950724;436,575775;-70,898727;-0,339591;-0,027837;0,084977;-0,936313;148,26857;354,504272;-616,268005;-0,64379;0,586074;0,415995;-0,262679;323,784485;-75,821045;-155,297562
1561;15,61;-0,097924;0,141752;0,077551;-0,981989;132,675476;612,825439;-124,647026;-0,031644;0,098936;0,030743;-0,994115;7,846406;435,914093;-71,246269;-0,339613;-0,027621;0,085283;-0,936284;148,24292;354,415131;-616,259644;-0,643771;0,586114;0,415971;-0,262673;323,796234;-75,844124;-155,289597
1562;15,62;-0,098973;0,141815;0,077537;-0,981876;132,62442;612,586731;-124,392685;-0,034288;0,10035;0,029834;-0,993914;7,685876;435,157806;-71,718422;-0,339639;-0,027168;0,085543;-0,936264;148,351364;354,318878;-616,182312;-0,643754;0,586099;0,416007;-0,262692;323,77832;-75,836761;-155,30426
1563;15,63;-0,100119;0,142286;0,077652;-0,981683;132,540848;612,33728;-124,155197;-0,036192;0,099995;0,029931;-0,993879;7,682418;434,462372;-72,292381;-0,339546;-0,027487;0,085193;-0,93632;148,35936;354,364655;-616,202148;-0,643764;0,586114;0,41599;-0,262662;323,79425;-75,839027;-155,297119
1564;15,64;-0,100998;0,142785;0,077995;-0,981493;132,492874;612,101685;-123,947411;-0,039224;0,101502;0,029097;-0,993636;7,486382;433,773651;-72,708153;-0,339469;-0,027834;0,085121;-0,936344;148,232895;354,374115;-616,272095;-0,643749;0,586054;0,416116;-0,262634;323,772644;-75,813614;-155,329132
1565;15,65;-0,102456;0,143944;0,076847;-0,981263;132,329193;611,816162;-123,665085;-0,042072;0,101651;0,029047;-0,993506;7,46131;433,131866;-73,040527;-0,339616;-0,027251;0,085487;-0,936275;148,33197;354,319031;-616,192444;-0,643755;0,586068;0,416072;-0,262655;323,785065;-75,821625;-155,324097
1566;15,66;-0,104018;0,144608;0,07579;-0,981084;132,167816;611,535889;-123,366119;-0,044104;0,10007;0,029887;-0,993553;7,554552;432,554626;-73,413727;-0,3396;-0,027227;0,085432;-0,936286;148,371536;354,332458;-616,174988;-0,643799;0,586124;0,415904;-0,262689;323,828766;-75,846756;-155,285812
1567;15,67;-0,105663;0,144461;0,075075;-0,980984;131,96405;611,230103;-123,065399;-0,046902;0,101905;0,029269;-0,993257;7,37174;431,913635;-73,786682;-0,339496;-0,027613;0,085248;-0,936329;148,264908;354,333771;-616,223755;-0,643785;0,586099;0,415973;-0,262671;323,814301;-75,837303;-155,299255
1568;15,68;-0,107008;0,145229;0,075601;-0,980685;131,747894;610,951111;-122,807411;-0,048976;0,10287;0,029182;-0,99306;7,275225;431,324005;-74,219711;-0,33953;-0,027563;0,085235;-0,93632;148,30217;354,355988;-616,222961;-0,643791;0,586053;0,416021;-0,262681;323,793518;-75,814354;-155,309097
1569;15,69;-0,108395;0,145828;0,076233;-0,980394;131,636444;610,692993;-122,49707;-0,050772;0,102135;0,029586;-0,993033;7,338771;430,743347;-74,644684;-0,33961;-0,027269;0,085405;-0,936284;148,37381;354,341949;-616,184204;-0,643789;0,586087;0,415995;-0,262651;323,806427;-75,826706;-155,294907
1570;15,7;-0,109721;0,1459;0,075593;-0,980286;131,480179;610,428711;-122,226044;-0,053297;0,102947;0,029538;-0,992819;7,213969;430,158142;-74,935379;-0,339589;-0,027327;0,0854;-0,93629;148,332443;354,33551;-616,187195;-0,643773;0,586087;0,416004;-0,262676;323,796936;-75,834137;-155,301163
1571;15,71;-0,111212;0,145847;0,074832;-0,980184;131,384842;610,170227;-121,967117;-0,055188;0,103224;0,029551;-0,992686;7,188893;429,711212;-75,222122;-0,339567;-0,02761;0,085211;-0,936307;148,281204;354,38855;-616,231201;-0,643769;0,586121;0,415986;-0,262639;323,802155;-75,842934;-155,288513
1572;15,72;-0,112457;0,146429;0,074182;-0,980005;131,32251;609,933594;-121,752861;-0,057256;0,102153;0,030025;-0,992666;7,272515;429,284027;-75,481842;-0,339571;-0,027338;0,085267;-0,936309;148,383545;354,355347;-616,174011;-0,643789;0,586059;0,416039;-0,262642;323,785065;-75,813446;-155,302155
1573;15,73;-0,112968;0,14686;0,07409;-0,979888;131,269302;609,751343;-121,610596;-0,059506;0,10266;0,029795;-0,992488;7,165258;428,839386;-75,696808;-0,339624;-0,02713;0,085526;-0,936272;148,357361;354,304565;-616,15918;-0,643801;0,586053;0,416027;-0,262647;323,784943;-75,811775;-155,302231
1574;15,74;-0,113398;0,14727;0,073717;-0,979805;131,099854;609,567627;-121,469948;-0,061169;0,102328;0,030121;-0,992411;7,162918;428,408936;-75,955627;-0,339599;-0,027459;0,085341;-0,936288;148,27951;354,371735;-616,218872;-0,643798;0,586029;0,416063;-0,262651;323,774841;-75,800186;-155,314743
1575;15,75;-0,11412;0,147538;0,073537;-0,979695;130,921295;609,370789;-121,293068;-0,06316;0,101939;0,030484;-0,992316;7,220463;427,974274;-76,163826;-0,339525;-0,0276;0,085115;-0,936331;148,313919;354,381989;-616,214661;-0,643763;0,586037;0,416119;-0,262631;323,766113;-75,805008;-155,326889
1576;15,76;-0,115541;0,147151;0,074305;-0,979528;130,821854;609,127502;-121,021439;-0,065224;0,102196;0,030111;-0,992167;7,164573;427,570343;-76,381027;-0,339602;-0,027295;0,085362;-0,93629;148,343506;354,338898;-616,176453;-0,643773;0,586064;0,416053;-0,26265;323,775208;-75,819305;-155,31015
1577;15,77;-0,117631;0,14742;0,074815;-0,9792;130,688644;608,818787;-120,679176;-0,067067;0,102506;0,029804;-0,992021;7,130654;427,149292;-76,672035;-0,339675;-0,02731;0,085488;-0,936252;148,287064;354,376678;-616,209167;-0,643799;0,586067;0,415988;-0,262683;323,791443;-75,82206;-155,297607
1578;15,78;-0,118924;0,148042;0,074241;-0,978994;130,563202;608,555908;-120,401062;-0,068927;0,102189;0,030001;-0,991921;7,138021;426,69931;-76,961441;-0,339588;-0,027528;0,085188;-0,936304;148,340744;354,408386;-616,211914;-0,643784;0,586055;0,416052;-0,262645;323,786896;-75,815636;-155,304138
1579;15,79;-0,119853;0,14867;0,073363;-0,978852;130,458618;608,359497;-120,240746;-0,070526;0,101812;0,030515;-0,991831;7,120087;426,264404;-77,239555;-0,339595;-0,027483;0,085181;-0,936303;148,372391;354,40802;-616,198914;-0,64377;0,58607;0,416049;-0,262649;323,779877;-75,821922;-155,301758
1580;15,8;-0,121447;0,149104;0,073019;-0,978615;130,380341;608,13147;-120,011108;-0,072254;0,101943;0,03056;-0,991692;7,138577;425,83136;-77,540222;-0,339643;-0,027321;0,085406;-0,93627;148,354706;354,380066;-616,182495;-0,64376;0,586098;0,416021;-0,262659;323,784576;-75,833344;-155,296677
1581;15,81;-0,122348;0,149673;0,072069;-0,978486;130,28389;607,962036;-119,859024;-0,073632;0,102235;0,030529;-0,991562;7,114326;425,419067;-77,888397;-0,339627;-0,027399;0,085405;-0,936274;148,324936;354,38562;-616,197693;-0,643782;0,58608;0,416006;-0,262667;323,78949;-75,825928;-155,293015
1582;15,82;-0,123484;0,150236;0,071703;-0,978284;130,179901;607,763977;-119,655861;-0,075079;0,103605;0,030015;-0,991327;6,970701;424,98349;-78,265114;-0,339631;-0,027435;0,085213;-0,936289;148,398102;354,422424;-616,191895;-0,643754;0,586113;0,416047;-0,262596;323,793579;-75,836075;-155,29068
1583;15,83;-0,124202;0,150313;0,073005;-0,978085;130,122192;607,616699;-119,479736;-0,076582;0,103979;0,029526;-0,991187;6,895289;424,561096;-78,66153;-0,339602;-0,027356;0,085226;-0,936301;148,427948;354,398315;-616,16394;-0,643761;0,586078;0,416069;-0,262622;323,781067;-75,820358;-155,301956
1584;15,84;-0,124786;0,150201;0,073355;-0,978002;130,002197;607,455261;-119,319138;-0,077469;0,104188;0,029421;-0,991099;6,881011;424,226349;-79,044235;-0,339706;-0,027258;0,085451;-0,936245;148,361267;354,405731;-616,188232;-0,643821;0,58599;0,416059;-0,262689;323,772949;-75,78566;-155,311203
1585;15,85;-0,125642;0,150102;0,072663;-0,977959;129,880096;607,255249;-119,15316;-0,078676;0,105102;0,028921;-0,990922;6,860232;423,899994;-79,310867;-0,339618;-0,027284;0,085366;-0,936284;148,365204;354,361359;-616,168762;-0,643817;0,58598;0,416078;-0,26269;323,763611;-75,779999;-155,316071
1586;15,86;-0,126449;0,150334;0,072315;-0,977845;129,762421;607,078857;-119,024124;-0,08044;0,104827;0,028736;-0,990815;6,878053;423,531769;-79,457146;-0,339607;-0,027444;0,085174;-0,936301;148,374649;354,400696;-616,182312;-0,643775;0,586036;0,416065;-0,262688;323,76886;-75,810402;-155,311844
1587;15,87;-0,127857;0,150268;0,072126;-0,977686;129,655334;606,860535;-118,806374;-0,081982;0,103917;0,029384;-0,990766;6,934829;423,231903;-79,634026;-0,33959;-0,027547;0,085232;-0,936299;148,300674;354,402924;-616,200989;-0,643761;0,586111;0,415985;-0,262683;323,789795;-75,847626;-155,287231
1588;15,88;-0,129028;0,15017;0,071482;-0,977595;129,536957;606,672607;-118,620461;-0,08327;0,10422;0,029576;-0,990621;6,900451;422,969269;-79,836319;-0,339576;-0,027513;0,085356;-0,936293;148,260529;354,368134;-616,202698;-0,643764;0,586071;0,416074;-0,262623;323,774719;-75,821579;-155,29718
1589;15,89;-0,129824;0,150221;0,071153;-0,977505;129,434265;606,511841;-118,47216;-0,084829;0,104342;0,029545;-0,990477;6,85534;422,619934;-80,041252;-0,339628;-0,027443;0,085293;-0,936282;148,328796;354,414307;-616,206909;-0,643771;0,586067;0,416056;-0,262645;323,768433;-75,817719;-155,298416
1590;15,9;-0,130647;0,150488;0,070888;-0,977374;129,33606;606,344971;-118,324699;-0,085791;0,104533;0,029436;-0,990377;6,862535;422,312073;-80,250786;-0,339607;-0,027519;0,085283;-0,936289;148,291885;354,397827;-616,208923;-0,643811;0,58603;0,416022;-0,262684;323,76944;-75,803604;-155,295349
1591;15,91;-0,131654;0,151223;0,070412;-0,97716;129,222092;606,165161;-118,179779;-0,087186;0,104985;0,029207;-0,990214;6,891684;421,979736;-80,466202;-0,339573;-0,027769;0,085183;-0,936303;148,22464;354,434021;-616,254028;-0,643827;0,586035;0,416004;-0,262662;323,777435;-75,802338;-155,285263
1592;15,92;-0,132516;0,151707;0,070335;-0,976974;129,122101;605,9953;-118,042496;-0,08866;0,105351;0,029227;-0,990044;6,848208;421,667267;-80,714066;-0,339634;-0,027547;0,085178;-0,936288;148,327728;354,44696;-616,216858;-0,643777;0,586117;0,415969;-0,262655;323,782379;-75,839584;-155,277557
1593;15,93;-0,13321;0,151857;0,070696;-0,97683;129,035477;605,826965;-117,89595;-0,089315;0,10545;0,029455;-0,989967;6,783708;421,437622;-80,95153;-0,339651;-0,027354;0,085293;-0,936277;148,364227;354,40744;-616,18573;-0,643783;0,586097;0,415969;-0,262685;323,788269;-75,837639;-155,284256
1594;15,94;-0,133665;0,151705;0,070942;-0,976774;128,963409;605,692749;-117,770859;-0,090336;0,105176;0,029755;-0,989895;6,762562;421,180176;-81,137352;-0,339623;-0,027499;0,085324;-0,93628;148,273941;354,398438;-616,219666;-0,643771;0,586059;0,416054;-0,262665;323,774506;-75,82077;-155,304016
1595;15,95;-0,134256;0,151515;0,071074;-0,976712;128,880859;605,553467;-117,646202;-0,091334;0,105776;0,029451;-0,989749;6,753669;420,931671;-81,306839;-0,339588;-0,027611;0,085204;-0,9363;148,279663;354,41037;-616,224976;-0,643802;0,586032;0,416038;-0,262674;323,779114;-75,804253;-155,300644
1596;15,96;-0,134953;0,151655;0,070822;-0,976613;128,802902;605,428589;-117,52507;-0,092535;0,106324;0,028985;-0,989592;6,759644;420,660675;-81,461716;-0,339617;-0,027654;0,085103;-0,936298;148,313644;354,457214;-616,232361;-0,643792;0,586065;0,416023;-0,262649;323,785858;-75,815926;-155,292099
1597;15,97;-0,135734;0,151863;0,070537;-0,976493;128,725906;605,297424;-117,397995;-0,093552;0,106048;0,028998;-0,989526;6,805445;420,410889;-81,628395;-0,339605;-0,027546;0,085275;-0,93629;148,263992;354,400269;-616,218872;-0,643797;0,586083;0,415987;-0,262654;323,793854;-75,823944;-155,282379
1598;15,98;-0,136426;0,151857;0,070538;-0,976397;128,649033;605,16571;-117,278969;-0,094173;0,106241;0,029337;-0,989436;6,798165;420,229248;-81,799149;-0,339606;-0,027319;0,08537;-0,936287;148,309845;354,343811;-616,166077;-0,643789;0,586091;0,415988;-0,262654;323,790466;-75,829132;-155,284286
1599;15,99;-0,137064;0,151778;0,070219;-0,976343;128,577576;605,040588;-117,179398;-0,0951;0,10639;0,029746;-0,989319;6,80119;420,050446;-81,961365;-0,33962;-0,027394;0,085195;-0,936296;148,371796;354,403625;-616,177002;-0,643771;0,5861;0,415999;-0,26266;323,780701;-75,83625;-155,288788
1600;16;-0,137511;0,151394;0,069097;-0,97642;128,506226;604,910278;-117,086876;-0,095051;0,105083;0,030699;-0,989434;6,965229;419,968079;-82,036797;-0,339599;-0,027487;0,085219;-0,936299;148,316147;354,395813;-616,194641;-0,64379;0,586059;0,416049;-0,262627;323,775238;-75,8125;-155,293228
1601;16,01;-0,138361;0,150773;0,067545;-0,976505;128,404785;604,723206;-116,95726;-0,094442;0,102061;0,032237;-0,98976;7,299099;419,928131;-81,980698;-0,339577;-0,027525;0,085355;-0,936293;148,230499;354,354736;-616,208557;-0,6438;0,586046;0,416053;-0,262624;323,772949;-75,80471;-155,290634
1602;16,02;-0,139511;0,150538;0,066711;-0,976435;128,34166;604,505127;-116,769226;-0,094869;0,098956;0,033864;-0,98998;7,592202;419,812988;-81,955643;-0,339601;-0,027512;0,085276;-0,936292;148,281418;354,384186;-616,223022;-0,643795;0,586071;0,416004;-0,262658;323,775818;-75,821678;-155,284134
1603;16,03;-0,140078;0,150551;0,066849;-0,976342;128,292221;604,324219;-116,630081;-0,095905;0,099462;0,033801;-0,989832;7,544857;419,672729;-82,005684;-0,339572;-0,027482;0,085245;-0,936306;148,302917;354,365662;-616,201172;-0,643777;0,586095;0,41598;-0,262688;323,775299;-75,833221;-155,286911
1604;16,04;-0,140838;0,151;0,067065;-0,976149;128,248032;604,148376;-116,48996;-0,097537;0,100053;0,033895;-0,98961;7,463048;419,443115;-82,158073;-0,339578;-0,027423;0,085348;-0,936296;148,278732;354,355347;-616,190125;-0,643753;0,586135;0,415985;-0,262651;323,782257;-75,847076;-155,286987
1605;16,05;-0,141904;0,151015;0,067514;-0,975961;128,19516;603,928467;-116,272675;-0,099346;0,099095;0,034593;-0,989502;7,574528;419,105957;-82,323891;-0,339585;-0,027263;0,085459;-0,936288;148,309921;354,32016;-616,171326;-0,643757;0,586108;0,416015;-0,262651;323,779175;-75,836784;-155,296646
1606;16,06;-0,142758;0,151096;0,067334;-0,975836;128,115463;603,737427;-116,08593;-0,100835;0,099027;0,034595;-0,989358;7,612998;418,731781;-82,544357;-0,339639;-0,027371;0,085329;-0,936277;148,325928;354,384003;-616,19928;-0,643768;0,586121;0,415982;-0,262647;323,801331;-75,844353;-155,286774
1607;16,07;-0,143644;0,151333;0,067734;-0,975642;128,086243;603,559998;-115,907715;-0,102622;0,099598;0,034453;-0,989122;7,552845;418,298279;-82,895027;-0,339503;-0,027803;0,085081;-0,936337;148,250198;354,404358;-616,237427;-0,643757;0,5861;0,416036;-0,262638;323,791718;-75,833771;-155,298599
1608;16,08;-0,144683;0,151714;0,068584;-0,97537;128,037125;603,34668;-115,712677;-0,104377;0,100005;0,034356;-0,988901;7,499128;417,92804;-83,282509;-0,339561;-0,027444;0,085276;-0,936308;148,343674;354,36026;-616,188416;-0,643771;0,586056;0,416068;-0,26265;323,777924;-75,81292;-155,30629
1609;16,09;-0,145871;0,152003;0,068234;-0,975172;127,958641;603,11853;-115,537254;-0,106304;0,100394;0,034387;-0,988655;7,472342;417,558746;-83,574326;-0,339622;-0,027215;0,085472;-0,936275;148,395996;354,343719;-616,180542;-0,643792;0,586078;0,415994;-0,262663;323,795746;-75,821732;-155,286774
1610;16,1;-0,14698;0,15223;0,067872;-0,974995;127,876144;602,893738;-115,375;-0,10819;0,099934;0,034522;-0,988492;7,546159;417,205658;-83,76384;-0,339605;-0,027552;0,085355;-0,936282;148,289139;354,399902;-616,235352;-0,643775;0,586022;0,416126;-0,262623;323,772552;-75,792671;-155,315186
1611;16,11;-0,147994;0,152493;0,067816;-0,974805;127,790031;602,679199;-115,211937;-0,109604;0,099413;0,034999;-0,988372;7,591394;416,897552;-83,963638;-0,339557;-0,027724;0,085106;-0,936317;148,312698;354,433319;-616,233215;-0,643768;0,586066;0,416089;-0,262601;323,784698;-75,811188;-155,302338
1612;16,12;-0,148984;0,152773;0,067436;-0,974637;127,697227;602,493774;-115,064545;-0,111295;0,099956;0,035126;-0,988124;7,520911;416,536163;-84,226418;-0,339554;-0,027318;0,085331;-0,93631;148,39064;354,325775;-616,160889;-0,643802;0,586071;0,415988;-0,262667;323,801147;-75,818146;-155,289612
1613;16,13;-0,14995;0,153124;0,066891;-0,974471;127,61763;602,319092;-114,919113;-0,112561;0,100187;0,034949;-0,987963;7,46907;416,20459;-84,565742;-0,339633;-0,027138;0,08559;-0,936262;148,350708;354,312317;-616,17041;-0,643772;0,586082;0,415998;-0,2627;323,795135;-75,829285;-155,303696
1614;16,14;-0,150811;0,153613;0,067138;-0,974244;127,54969;602,152161;-114,765823;-0,113877;0,099809;0,034625;-0,987862;7,455853;415,844421;-84,879478;-0,339603;-0,027482;0,08541;-0,93628;148,263626;354,373322;-616,230713;-0,643744;0,586111;0,416043;-0,26263;323,799408;-75,838074;-155,306213
1615;16,15;-0,151527;0,153872;0,067842;-0,974043;127,457039;601,984619;-114,60376;-0,115501;0,100233;0,033992;-0,987653;7,391847;415,469421;-85,144218;-0,339577;-0,027541;0,085199;-0,936307;148,322525;354,393433;-616,214722;-0,643798;0,586107;0,415938;-0,262676;323,809448;-75,832802;-155,286591
1616;16,16;-0,152253;0,153994;0,06774;-0,973918;127,387672;601,820068;-114,455147;-0,116628;0,100753;0,034119;-0,987463;7,363333;415,167999;-85,453239;-0,339604;-0,027518;0,085306;-0,936288;148,291534;354,384583;-616,226257;-0,643814;0,586061;0,415958;-0,262707;323,803314;-75,818565;-155,293671
1617;16,17;-0,152965;0,154146;0,067043;-0,973831;127,366661;601,658447;-114,31797;-0,117934;0,101154;0,034124;-0,987267;7,351613;414,842529;-85,756721;-0,339605;-0,027539;0,085335;-0,936284;148,288361;354,393982;-616,236633;-0,643787;0,586102;0,415942;-0,262706;323,804413;-75,838585;-155,287552
1618;16,18;-0,153533;0,154165;0,067499;-0,973707;127,35714;601,512085;-114,187019;-0,118976;0,101665;0,033876;-0,987098;7,302261;414,557434;-86,010674;-0,339603;-0,027471;0,085251;-0,936295;148,358765;354,404572;-616,20343;-0,643789;0,586099;0,415947;-0,262701;323,800385;-75,83712;-155,28598
1619;16,19;-0,154267;0,154422;0,068179;-0,973503;127,333046;601,365784;-114,066139;-0,119852;0,101947;0,033828;-0,986964;7,299357;414,299347;-86,222939;-0,339562;-0,027477;0,085263;-0,936308;148,349518;354,372253;-616,190918;-0,643769;0,586051;0,416075;-0,262654;323,775696;-75,815041;-155,310272
1620;16,2;-0,155128;0,154909;0,067998;-0,973301;127,314034;601,228943;-113,952484;-0,121216;0,1017;0,033824;-0,986823;7,326516;414,025208;-86,394478;-0,339584;-0,027399;0,08541;-0,936289;148,312408;354,348785;-616,192505;-0,643776;0,586089;0,416001;-0,26267;323,788452;-75,830765;-155,296356
1621;16,21;-0,155999;0,155399;0,067709;-0,973104;127,268433;601,098938;-113,850716;-0,122346;0,101708;0,033717;-0,986686;7,303493;413,819183;-86,565811;-0,3396;-0,027419;0,085428;-0,936281;148,296051;354,359558;-616,204041;-0,643774;0,586116;0,415981;-0,262647;323,793274;-75,837898;-155,286835
1622;16,22;-0,156659;0,155555;0,06776;-0,972969;127,239525;600,982544;-113,755379;-0,123392;0,101651;0,033651;-0,986564;7,291875;413,628693;-86,714493;-0,339565;-0,027509;0,085257;-0,936307;148,341217;354,391266;-616,207458;-0,643819;0,586046;0,415995;-0,26267;323,793793;-75,807831;-155,297485
1623;16,23;-0,157173;0,155672;0,067633;-0,972877;127,209053;600,873291;-113,668633;-0,12421;0,101579;0,034014;-0,986457;7,294927;413,460541;-86,821808;-0,339598;-0,027462;0,085277;-0,936294;148,357803;354,405609;-616,212952;-0,643829;0,586076;0,415911;-0,262712;323,810211;-75,827042;-155,286041
1624;16,24;-0,157645;0,155725;0,067619;-0,972793;127,201797;600,771057;-113,578659;-0,124954;0,101251;0,034394;-0,986383;7,315731;413,285553;-86,940155;-0,339619;-0,027447;0,085382;-0,936278;148,309967;354,39328;-616,21991;-0,643823;0,586076;0,415941;-0,262677;323,811462;-75,821655;-155,287079
1625;16,25;-0,158178;0,155699;0,067556;-0,972715;127,187981;600,669006;-113,489044;-0,125902;0,101355;0,034437;-0,986251;7,318734;413,081757;-87,051407;-0,339644;-0,027486;0,08526;-0,936278;148,339828;354,432556;-616,221802;-0,643819;0,586061;0,415973;-0,262671;323,811707;-75,817856;-155,293015
1626;16,26;-0,158705;0,155614;0,067159;-0,97267;127,191841;600,564148;-113,396645;-0,126573;0,101516;0,034562;-0,986144;7,3344;412,907471;-87,178909;-0,339575;-0,027588;0,085188;-0,936307;148,3302;354,411102;-616,217834;-0,643771;0,586088;0,416013;-0,262666;323,797791;-75,831894;-155,298843
1627;16,27;-0,159167;0,155859;0,066469;-0,972603;127,192436;600,45752;-113,30867;-0,12747;0,101785;0,03459;-0,985999;7,361722;412,731201;-87,295723;-0,339607;-0,027479;0,08536;-0,936283;148,312836;354,390411;-616,213013;-0,643746;0,586106;0,416051;-0,262626;323,793396;-75,838112;-155,298874
1628;16,28;-0,159571;0,155624;0,066124;-0,972598;127,19722;600,35675;-113,217529;-0,128351;0,101798;0,034631;-0,985882;7,382328;412,570831;-87,408615;-0,339643;-0,027309;0,085498;-0,936262;148,328415;354,369568;-616,187317;-0,643753;0,586126;0,415997;-0,262648;323,801636;-75,84906;-155,28801
1629;16,29;-0,159946;0,155283;0,065545;-0,97263;127,162872;600,26001;-113,12841;-0,12891;0,1018;0,034385;-0,985818;7,404829;412,435822;-87,531998;-0,339622;-0,027467;0,085322;-0,936281;148,34053;354,409729;-616,204041;-0,643764;0,586111;0,415998;-0,262655;323,797638;-75,842133;-155,287704
1630;16,3;-0,160297;0,155208;0,065722;-0,972572;127,153008;600,175659;-113,050163;-0,129671;0,101502;0,034527;-0,985744;7,405345;412,289612;-87,625168;-0,339588;-0,027548;0,08531;-0,936292;148,300201;354,397339;-616,215088;-0,643794;0,586132;0,415914;-0,262668;323,809509;-75,847458;-155,269455
1631;16,31;-0,16071;0,155656;0,065853;-0,972423;127,119186;600,08606;-112,986938;-0,13031;0,100801;0,034971;-0,985716;7,410802;412,16864;-87,732506;-0,339617;-0,027295;0,085443;-0,936277;148,346771;354,355988;-616,175659;-0,643794;0,586111;0,415918;-0,262706;323,798889;-75,843651;-155,279617
1632;16,32;-0,160976;0,155358;0,066002;-0,972417;127,099678;600,010986;-112,919243;-0,130987;0,100396;0,035252;-0,985657;7,402752;412,04007;-87,815582;-0,339645;-0,027379;0,085359;-0,936272;148,358154;354,411896;-616,201416;-0,643719;0,586161;0,416004;-0,262643;323,788086;-75,864494;-155,290833
1633;16,33;-0,161279;0,155562;0,066345;-0,972311;127,067093;599,948181;-112,86351;-0,131644;0,10049;0,035121;-0,985565;7,3701;411,918762;-87,880699;-0,339594;-0,027628;0,085273;-0,936291;148,265091;354,425018;-616,239929;-0,643749;0,58611;0,41601;-0,262673;323,777466;-75,841545;-155,296814
1634;16,34;-0,161507;0,155792;0,066954;-0,972194;127,055779;599,894897;-112,811073;-0,131904;0,100895;0,034879;-0,985497;7,329207;411,845673;-87,948891;-0,339593;-0,027484;0,085361;-0,936288;148,267059;354,376617;-616,207397;-0,643783;0,586097;0,415968;-0,262687;323,788544;-75,835358;-155,286316
1635;16,35;-0,16176;0,15594;0,067039;-0,972123;127,045151;599,851135;-112,772957;-0,132316;0,10111;0,03488;-0,98542;7,316655;411,756531;-88,002403;-0,339634;-0,027295;0,085445;-0,936271;148,324677;354,366058;-616,175232;-0,643768;0,58611;0,416017;-0,262615;323,792999;-75,837082;-155,284348
1636;16,36;-0,161959;0,155889;0,067178;-0,972088;127,05645;599,818359;-112,737968;-0,132505;0,101325;0,034755;-0,985377;7,307171;411,694794;-88,068085;-0,339597;-0,02747;0,085435;-0,93628;148,263535;354,370361;-616,206238;-0,643762;0,586081;0,416087;-0,262586;323,780029;-75,819717;-155,295685
1637;16,37;-0,162112;0,155932;0,067154;-0,972057;127,052399;599,79541;-112,714928;-0,132687;0,101446;0,034529;-0,985348;7,311368;411,637482;-88,144287;-0,339626;-0,027462;0,08536;-0,936277;148,302841;354,400787;-616,205078;-0,643812;0,586065;0,415982;-0,262663;323,79245;-75,816467;-155,282349
1638;16,38;-0,162149;0,155946;0,067362;-0,972035;127,065865;599,786621;-112,701492;-0,132958;0,10143;0,034311;-0,985321;7,323346;411,575165;-88,211327;-0,339599;-0,027501;0,085303;-0,936291;148,335037;354,402374;-616,205994;-0,643772;0,586094;0,415987;-0,262691;323,779083;-75,834023;-155,289215
1639;16,39;-0,162174;0,156102;0,067294;-0,97201;127,065186;599,778564;-112,70163;-0,132875;0,101688;0,034278;-0,985307;7,30263;411,561615;-88,266342;-0,339611;-0,027354;0,085421;-0,93628;148,351959;354,36438;-616,183777;-0,643783;0,586098;0,415984;-0,26266;323,796783;-75,83474;-155,280228
1640;16,4;-0,162198;0,156005;0,06742;-0,972013;127,076897;599,776123;-112,700356;-0,132973;0,101876;0,034207;-0,985276;7,273854;411,548492;-88,282455;-0,339602;-0,027368;0,085381;-0,936286;148,354706;354,371613;-616,180542;-0,643783;0,586083;0,416014;-0,262646;323,796387;-75,826912;-155,28714
1641;16,41;-0,162197;0,156034;0,067294;-0,972017;127,080887;599,779724;-112,707932;-0,132895;0,101659;0,034294;-0,985306;7,292276;411,567993;-88,268829;-0,339573;-0,02747;0,085351;-0,936296;148,321487;354,372559;-616,197449;-0,643767;0,586104;0,415999;-0,262661;323,787354;-75,836258;-155,28627
1642;16,42;-0,162106;0,156002;0,067366;-0,972032;127,088394;599,790771;-112,713097;-0,132753;0,101522;0,034342;-0,985338;7,317081;411,588715;-88,251724;-0,339614;-0,027351;0,08545;-0,936276;148,334015;354,362457;-616,190308;-0,643792;0,586058;0,416027;-0,262658;323,788361;-75,81633;-155,293457
1643;16,43;-0,162076;0,156083;0,067393;-0,972022;127,08242;599,798584;-112,722977;-0,132803;0,101704;0,034284;-0,985314;7,307611;411,585083;-88,247658;-0,339598;-0,027389;0,085372;-0,936288;148,364151;354,374237;-616,190857;-0,643784;0,58607;0,416008;-0,262684;323,785889;-75,822868;-155,293579
1644;16,44;-0,16204;0,155979;0,067502;-0,972038;127,093315;599,803406;-112,729683;-0,13266;0,101848;0,034149;-0,985323;7,300228;411,605652;-88,253212;-0,339574;-0,02739;0,085357;-0,936298;148,350159;354,354492;-616,179199;-0,643787;0,586067;0,41601;-0,262677;323,781036;-75,818756;-155,293137
1645;16,45;-0,162016;0,15592;0,067388;-0,972059;127,093376;599,80365;-112,737053;-0,132713;0,101737;0,034207;-0,985326;7,314074;411,604401;-88,244186;-0,33955;-0,027472;0,085329;-0,936307;148,339127;354,358368;-616,195496;-0,643803;0,586018;0,41606;-0,262669;323,768951;-75,794609;-155,306122
1646;16,46;-0,162025;0,155914;0,067359;-0,97206;127,103867;599,802856;-112,737206;-0,132779;0,101578;0,034294;-0,98533;7,326335;411,597717;-88,247108;-0,339559;-0,027472;0,085387;-0,936298;148,325958;354,358795;-616,208374;-0,643812;0,586042;0,416023;-0,262651;323,78537;-75,804291;-155,290894
1647;16,47;-0,162028;0,155977;0,067415;-0,972046;127,100464;599,796753;-112,737038;-0,13274;0,101639;0,034305;-0,985329;7,308756;411,600647;-88,262825;-0,339584;-0,027433;0,085438;-0,936285;148,306992;354,35965;-616,206909;-0,643792;0,586065;0,416026;-0,262645;323,785858;-75,81662;-155,291672
1648;16,48;-0,162028;0,155925;0,067508;-0,972048;127,110046;599,796326;-112,732979;-0,132846;0,101675;0,034282;-0,985312;7,306879;411,589508;-88,26564;-0,339534;-0,027478;0,085324;-0,936313;148,350403;354,356232;-616,195557;-0,64377;0,586037;0,416098;-0,262648;323,766602;-75,805595;-155,315781
1649;16,49;-0,162049;0,156047;0,067489;-0,972026;127,107933;599,796814;-112,731796;-0,132739;0,101677;0,034243;-0,985327;7,319488;411,60434;-88,259865;-0,339553;-0,027447;0,085447;-0,936295;148,3078;354,340057;-616,202515;-0,643767;0,586084;0,416057;-0,262613;323,790741;-75,825333;-155,300705
1650;16,5;-0,162084;0,156075;0,06752;-0,972014;127,111794;599,796326;-112,729683;-0,132764;0,101526;0,034371;-0,985335;7,328836;411,598175;-88,250725;-0,339584;-0,027406;0,085489;-0,936282;148,314026;354,351257;-616,204407;-0,64377;0,586107;0,416006;-0,262638;323,801544;-75,838448;-155,289886
1651;16,51;-0,162077;0,156084;0,067519;-0,972013;127,106232;599,793701;-112,728165;-0,132804;0,101648;0,03431;-0,985319;7,319228;411,592133;-88,255585;-0,339584;-0,027439;0,08537;-0,936292;148,352936;354,374146;-616,200317;-0,643788;0,586075;0,416;-0,262674;323,79422;-75,825531;-155,295258
1652;16,52;-0,162099;0,155992;0,067546;-0,972023;127,111641;599,792236;-112,721802;-0,132723;0,101746;0,034243;-0,985322;7,315273;411,599701;-88,261032;-0,339582;-0,027439;0,085336;-0,936296;148,357025;354,376862;-616,192566;-0,64379;0,586068;0,416008;-0,26267;323,790985;-75,822014;-155,292633
1653;16,53;-0,162111;0,155961;0,067598;-0,972022;127,101006;599,786804;-112,717041;-0,132844;0,101653;0,034251;-0,985315;7,318203;411,584015;-88,253731;-0,339563;-0,027339;0,085487;-0,936291;148,328369;354,325989;-616,172058;-0,643794;0,586134;0,415916;-0,262659;323,818512;-75,851112;-155,263458
1654;16,54;-0,162129;0,155979;0,067579;-0,972017;127,100288;599,782837;-112,710793;-0,13282;0,101548;0,034345;-0,985326;7,316057;411,586853;-88,255791;-0,339598;-0,027385;0,085514;-0,936275;148,299973;354,353119;-616,195923;-0,6438;0,586064;0,416024;-0,26263;323,796021;-75,81501;-155,285156
1655;16,55;-0,162158;0,156059;0,067572;-0,972;127,091957;599,779724;-112,709892;-0,132826;0,101667;0,034367;-0,985312;7,308165;411,582031;-88,262726;-0,339571;-0,027493;0,085384;-0,936293;148,30571;354,372559;-616,20459;-0,643805;0,586044;0,416042;-0,262633;323,790558;-75,806168;-155,293045
1656;16,56;-0,162173;0,156045;0,067578;-0,972;127,086983;599,778931;-112,706856;-0,132873;0,101673;0,034261;-0,985309;7,302936;411,572327;-88,261986;-0,339562;-0,027421;0,085397;-0,936298;148,325378;354,348999;-616,186768;-0,643767;0,586047;0,416091;-0,262644;323,765289;-75,810371;-155,311432
1657;16,57;-0,162185;0,156044;0,067497;-0,972003;127,081963;599,773926;-112,702393;-0,132824;0,101672;0,034226;-0,985317;7,305984;411,579285;-88,264359;-0,339616;-0,027346;0,085506;-0,93627;148,312485;354,356537;-616,191895;-0,643781;0,586079;0,416016;-0,262656;323,778442;-75,825104;-155,294174
1658;16,58;-0,162222;0,155989;0,067604;-0,971999;127,08567;599,767761;-112,693268;-0,132891;0,101607;0,0344;-0,985308;7,305466;411,567505;-88,261276;-0,339613;-0,027421;0,085491;-0,936271;148,289902;354,374573;-616,206665;-0,643786;0,586101;0,415974;-0,26266;323,789063;-75,834816;-155,282135
1659;16,59;-0,162279;0,155979;0,067641;-0,971988;127,074226;599,761841;-112,683281;-0,132882;0,101735;0,034246;-0,985302;7,293959;411,565796;-88,268021;-0,339604;-0,027513;0,085376;-0,936282;148,292603;354,40509;-616,208923;-0,64379;0,586036;0,41604;-0,26269;323,769165;-75,810356;-155,30368
1660;16,6;-0,162319;0,155908;0,067577;-0,971997;127,069084;599,756958;-112,671005;-0,132912;0,101887;0,034189;-0,985284;7,278035;411,559174;-88,271576;-0,339591;-0,027507;0,085411;-0,936283;148,276001;354,386475;-616,204285;-0,643809;0,586083;0,41594;-0,262701;323,796539;-75,832146;-155,275253
1661;16,61;-0,162322;0,155812;0,067902;-0,971989;127,058846;599,747192;-112,660797;-0,133015;0,101757;0,034314;-0,985279;7,284313;411,539429;-88,270859;-0,339631;-0,027388;0,085459;-0,936268;148,308426;354,390869;-616,187195;-0,643799;0,586057;0,416041;-0,262621;323,786591;-75,811104;-155,282791
1662;16,62;-0,162361;0,155762;0,068124;-0,971975;127,063721;599,736633;-112,647545;-0,133016;0,101708;0,034348;-0,985283;7,294001;411,533356;-88,278946;-0,339651;-0,027432;0,08535;-0,936269;148,34758;354,432892;-616,189819;-0,643778;0,586059;0,416076;-0,262613;323,781006;-75,810898;-155,287842
1663;16,63;-0,162379;0,155679;0,068498;-0,97196;127,059029;599,725098;-112,639786;-0,133184;0,101772;0,034246;-0,985257;7,292788;411,506104;-88,289963;-0,339593;-0,027562;0,085284;-0,936292;148,317871;354,418457;-616,203308;-0,64377;0,58605;0,416104;-0,26261;323,778625;-75,807106;-155,294647
1664;16,64;-0,162431;0,155645;0,068805;-0,971935;127,056671;599,717163;-112,639587;-0,133269;0,101815;0,034142;-0,985245;7,290203;411,488342;-88,307228;-0,339624;-0,02739;0,0854;-0,936276;148,333939;354,387207;-616,183899;-0,643763;0,586095;0,416049;-0,262611;323,788483;-75,827049;-155,28186
1665;16,65;-0,162464;0,155776;0,068726;-0,971914;127,051231;599,709778;-112,642441;-0,133301;0,101796;0,034138;-0,985243;7,2905;411,481903;-88,319527;-0,339647;-0,027236;0,085468;-0,936266;148,367401;354,367859;-616,162964;-0,64378;0,586114;0,415972;-0,26265;323,801697;-75,838326;-155,271957
1666;16,66;-0,162431;0,155647;0,068375;-0,971965;127,04258;599,707947;-112,639671;-0,133344;0,101773;0,034256;-0,985235;7,286019;411,46994;-88,326614;-0,339628;-0,027378;0,085433;-0,936272;148,309875;354,380432;-616,193726;-0,643785;0,586042;0,416052;-0,262671;323,777588;-75,808685;-155,301025
1667;16,67;-0,162453;0,155767;0,068324;-0,971945;127,027618;599,709534;-112,643425;-0,133274;0,101823;0,034231;-0,98524;7,277355;411,47348;-88,332596;-0,339613;-0,027437;0,085362;-0,936282;148,312775;354,388519;-616,199951;-0,64377;0,586104;0,416033;-0,2626;323,795868;-75,832649;-155,283356
1668;16,68;-0,162461;0,155897;0,068312;-0,971924;127,022293;599,714417;-112,646507;-0,133335;0,101798;0,034092;-0,985239;7,261939;411,474609;-88,321251;-0,339603;-0,027372;0,085344;-0,936289;148,343948;354,378754;-616,176636;-0,643771;0,586089;0,41606;-0,262589;323,787994;-75,824715;-155,285858
1669;16,69;-0,162435;0,155903;0,068341;-0,971925;127,026993;599,719543;-112,650589;-0,133277;0,101788;0,034153;-0,985246;7,265912;411,490753;-88,309593;-0,33962;-0,027369;0,085377;-0,93628;148,326584;354,383942;-616,179565;-0,643769;0,586107;0,41602;-0,262617;323,78949;-75,835526;-155,277878
1670;16,7;-0,162396;0,155744;0,068247;-0,971964;127,034126;599,725403;-112,655121;-0,133187;0,101745;0,034225;-0,98526;7,275569;411,506042;-88,306816;-0,339589;-0,02753;0,08528;-0,936295;148,310867;354,402588;-616,205566;-0,643767;0,586129;0,415975;-0,262643;323,792816;-75,848915;-155,268677
1671;16,71;-0,162346;0,155807;0,068224;-0,971964;127,043488;599,730652;-112,660217;-0,133226;0,101796;0,034235;-0,985249;7,280221;411,501099;-88,302269;-0,339585;-0,027458;0,085285;-0,936298;148,340485;354,38855;-616,185059;-0,643796;0,586076;0,41601;-0,262635;323,786896;-75,818794;-155,274094
1672;16,72;-0,162323;0,155753;0,068326;-0,971969;127,055748;599,732666;-112,660294;-0,133168;0,101853;0,034165;-0,985254;7,297588;411,511536;-88,301781;-0,339589;-0,027386;0,085379;-0,93629;148,341629;354,365906;-616,175659;-0,643784;0,586057;0,416029;-0,262679;323,768188;-75,811111;-155,290054
1673;16,73;-0,162346;0,155726;0,068212;-0,971977;127,073738;599,733337;-112,663177;-0,133212;0,101708;0,034234;-0,98526;7,313605;411,51178;-88,300858;-0,33958;-0,027421;0,085429;-0,936288;148,317856;354,356689;-616,19104;-0,643792;0,586047;0,416047;-0,262653;323,78418;-75,811279;-155,291443
1674;16,74;-0,162344;0,155755;0,068264;-0,97197;127,084999;599,733398;-112,670448;-0,133187;0,10172;0,034381;-0,985258;7,313568;411,511597;-88,311539;-0,339575;-0,027432;0,085399;-0,936292;148,330948;354,364288;-616,192566;-0,643816;0,586062;0,416004;-0,262627;323,808502;-75,812637;-155,277634
1675;16,75;-0,162347;0,155861;0,068097;-0,971964;127,092812;599,734619;-112,677032;-0,133127;0,101861;0,034342;-0,985252;7,311897;411,514709;-88,325287;-0,339575;-0,027266;0,085473;-0,936291;148,365601;354,320221;-616,159363;-0,643813;0,586061;0,416011;-0,262627;323,815613;-75,811676;-155,284393
1676;16,76;-0,162343;0,155958;0,067856;-0,971966;127,1036;599,738464;-112,681877;-0,133265;0,101879;0,034136;-0,985239;7,318069;411,509094;-88,319977;-0,339598;-0,027311;0,085463;-0,936282;148,366089;354,344299;-616,18335;-0,643803;0,586084;0,415996;-0,262623;323,821075;-75,822182;-155,281509
1677;16,77;-0,162327;0,155857;0,068081;-0,971969;127,102303;599,740051;-112,685188;-0,133209;0,101789;0,034185;-0,985254;7,335034;411,519104;-88,312416;-0,339568;-0,027413;0,085393;-0,936296;148,363907;354,355042;-616,193665;-0,643783;0,586087;0,41603;-0,262611;323,812317;-75,824417;-155,289017
1678;16,78;-0,162319;0,155962;0,068037;-0,971957;127,11544;599,746704;-112,688141;-0,133165;0,101814;0,034253;-0,985255;7,335322;411,522522;-88,307419;-0,339551;-0,027463;0,085392;-0,936301;148,337219;354,350098;-616,199158;-0,643788;0,586101;0,415989;-0,262631;323,81781;-75,832893;-155,278351
1679;16,79;-0,162292;0,156012;0,067885;-0,971964;127,125175;599,750488;-112,688858;-0,133138;0,101766;0,034298;-0,985262;7,325533;411,529724;-88,302673;-0,339545;-0,027544;0,085372;-0,936302;148,325806;354,369537;-616,21405;-0,643789;0,586129;0,415941;-0,262644;323,821136;-75,845596;-155,264832
1680;16,8;-0,162289;0,155948;0,068001;-0,971966;127,133621;599,755005;-112,686035;-0,133069;0,10164;0,034358;-0,985283;7,330212;411,548981;-88,295387;-0,339538;-0,027374;0,08547;-0,936301;148,351746;354,323151;-616,169312;-0,643817;0,586085;0,415951;-0,262656;323,812256;-75,824905;-155,266953
1681;16,81;-0,162252;0,155925;0,067935;-0,971981;127,136635;599,757874;-112,68763;-0,133109;0,101567;0,034391;-0,985283;7,339025;411,548187;-88,287949;-0,339553;-0,027406;0,085467;-0,936295;148,342575;354,340973;-616,183167;-0,643776;0,586076;0,416008;-0,262686;323,782257;-75,826241;-155,289063
1682;16,82;-0,162266;0,155932;0,06792;-0,971978;127,133041;599,758484;-112,688217;-0,133085;0,101546;0,034404;-0,985288;7,335925;411,549988;-88,292931;-0,339534;-0,027427;0,085489;-0,936299;148,315506;354,324249;-616,187073;-0,643773;0,586037;0,416076;-0,262675;323,762848;-75,806892;-155,305923
1683;16,83;-0,162251;0,155847;0,068051;-0,971985;127,122162;599,756897;-112,694847;-0,133101;0,10161;0,034345;-0,985282;7,325078;411,545166;-88,302452;-0,339534;-0,027381;0,085474;-0,936302;148,34166;354,318604;-616,178101;-0,643842;0,586015;0,415979;-0,262707;323,792999;-75,799133;-155,28891
1684;16,84;-0,162246;0,155713;0,068123;-0,972003;127,115387;599,757446;-112,697243;-0,133117;0,101589;0,034449;-0,985278;7,321437;411,540741;-88,304161;-0,339563;-0,027335;0,085458;-0,936294;148,368286;354,333801;-616,17749;-0,643841;0,586064;0,415918;-0,262698;323,812653;-75,818909;-155,273041
1685;16,85;-0,162248;0,155964;0,067912;-0,971977;127,115097;599,755615;-112,699867;-0,133079;0,101704;0,034403;-0,985273;7,323812;411,549408;-88,309212;-0,339538;-0,027482;0,085374;-0,936307;148,353851;354,358063;-616,20282;-0,643827;0,586062;0,415942;-0,262698;323,807465;-75,820045;-155,281494
1686;16,86;-0,162205;0,155946;0,068113;-0,971973;127,11306;599,754456;-112,701782;-0,133147;0,101757;0,03432;-0,985261;7,324147;411,537109;-88,310036;-0,339553;-0,027409;0,08542;-0,936299;148,354294;354,344543;-616,191895;-0,643783;0,586092;0,415984;-0,262672;323,808899;-75,835823;-155,287079
1687;16,87;-0,162236;0,156024;0,067916;-0,971969;127,121986;599,756287;-112,703011;-0,133098;0,10172;0,034328;-0,985271;7,324533;411,537994;-88,307785;-0,339539;-0,027396;0,085458;-0,936301;148,337418;354,319824;-616,188599;-0,643793;0,586067;0,416029;-0,262633;323,803955;-75,815727;-155,289108
1688;16,88;-0,162257;0,155967;0,068065;-0,971964;127,128479;599,761841;-112,700287;-0,133079;0,101561;0,034356;-0,985289;7,340569;411,545532;-88,298203;-0,339533;-0,027443;0,085484;-0,936299;148,308838;354,316528;-616,199402;-0,643802;0,586079;0,415977;-0,262668;323,807526;-75,82341;-155,28125
1689;16,89;-0,162225;0,155922;0,068071;-0,971976;127,137497;599,762268;-112,700676;-0,133086;0,10165;0,034326;-0,98528;7,347996;411,544373;-88,289543;-0,33954;-0,027427;0,08542;-0,936303;148,354767;354,336212;-616,188049;-0,64377;0,586089;0,416008;-0,262675;323,796204;-75,832497;-155,290268
1690;16,9;-0,162206;0,155941;0,068113;-0,971973;127,134796;599,759949;-112,697784;-0,133049;0,101643;0,034324;-0,985286;7,347974;411,546112;-88,294777;-0,339552;-0,027431;0,085417;-0,936299;148,357697;354,345795;-616,191162;-0,64379;0,586051;0,416023;-0,262684;323,792908;-75,815796;-155,295227
1691;16,91;-0,162222;0,155739;0,068205;-0,971997;127,123863;599,755798;-112,69593;-0,13311;0,101714;0,034281;-0,985272;7,341554;411,537292;-88,297112;-0,339545;-0,027461;0,085429;-0,9363;148,33194;354,343597;-616,198242;-0,643805;0,586059;0,415962;-0,262729;323,794922;-75,822639;-155,288971
1692;16,92;-0,162268;0,155957;0,068207;-0,971954;127,119453;599,751099;-112,69458;-0,133138;0,101724;0,034297;-0,985267;7,339562;411,53598;-88,304886;-0,339561;-0,027327;0,085465;-0,936295;148,358505;354,327026;-616,174255;-0,64379;0,586058;0,416021;-0,262673;323,790222;-75,818764;-155,297424
1693;16,93;-0,162219;0,155878;0,068555;-0,97195;127,103477;599,744446;-112,693581;-0,133136;0,1018;0,034282;-0,98526;7,314015;411,537415;-88,314499;-0,339593;-0,027378;0,085447;-0,936283;148,343002;354,361816;-616,199829;-0,643789;0,586067;0,416024;-0,26265;323,793243;-75,822456;-155,297043
1694;16,94;-0,162249;0,155814;0,06842;-0,971965;127,090424;599,742676;-112,691269;-0,133226;0,10184;0,034229;-0,985245;7,302409;411,517273;-88,3265;-0,339579;-0,027346;0,085434;-0,93629;148,356705;354,352356;-616,189575;-0,643763;0,586091;0,416056;-0,26261;323,789886;-75,829552;-155,301834
1695;16,95;-0,162291;0,155794;0,068203;-0,971977;127,087112;599,742981;-112,692284;-0,133211;0,10189;0,03413;-0,985245;7,298056;411,522461;-88,328629;-0,33956;-0,027383;0,085413;-0,936298;148,341507;354,347504;-616,189514;-0,643742;0,586072;0,4161;-0,262633;323,766724;-75,822144;-155,317947
1696;16,96;-0,162293;0,155832;0,068091;-0,971978;127,095413;599,746582;-112,690971;-0,133212;0,101864;0,034137;-0,985248;7,311086;411,522125;-88,320824;-0,339564;-0,027529;0,085357;-0,936297;148,321487;354,383423;-616,226196;-0,643768;0,586087;0,416022;-0,262661;323,781433;-75,828087;-155,301346
1697;16,97;-0,162256;0,155715;0,068265;-0,971991;127,097755;599,748474;-112,689911;-0,133172;0,101814;0,034223;-0,985255;7,316829;411,524841;-88,31353;-0,339573;-0,027397;0,085441;-0,93629;148,337128;354,35083;-616,197144;-0,643766;0,58607;0,416057;-0,262649;323,779358;-75,820122;-155,309509
1698;16,98;-0,162254;0,155988;0,068091;-0,97196;127,119362;599,750122;-112,691452;-0,133134;0,101803;0,034257;-0,98526;7,317935;411,532745;-88,314232;-0,339602;-0,02726;0,085473;-0,936281;148,388184;354,342957;-616,1698;-0,643765;0,586101;0,415991;-0,262683;323,791229;-75,838074;-155,2948
1699;16,99;-0,162266;0,155959;0,06808;-0,971963;127,133057;599,750183;-112,691406;-0,133166;0,101765;0,03425;-0,98526;7,332674;411,531982;-88,307533;-0,339583;-0,027333;0,085472;-0,936286;148,365799;354,345032;-616,18103;-0,643792;0,586086;0,415956;-0,262708;323,799835;-75,831459;-155,288574
1700;17;-0,162271;0,155898;0,068063;-0,971973;127,148926;599,751465;-112,691475;-0,13312;0,101554;0,034401;-0,985283;7,349975;411,54248;-88,306488;-0,339569;-0,02738;0,085507;-0,936286;148,337952;354,341553;-616,1922;-0,643763;0,586134;0,415966;-0,262657;323,813599;-75,852196;-155,28302
1701;17,01;-0,162251;0,155985;0,068007;-0,971966;127,155151;599,751953;-112,696823;-0,13316;0,101766;0,034276;-0,98526;7,355856;411,53772;-88,314369;-0,339572;-0,027401;0,085488;-0,936286;148,355011;354,353607;-616,202515;-0,643757;0,586099;0,416019;-0,262663;323,802155;-75,839317;-155,301727
1702;17,02;-0,162228;0,155895;0,068211;-0,97197;127,16201;599,749878;-112,701881;-0,13318;0,101933;0,034181;-0,985243;7,346078;411,53656;-88,318153;-0,339553;-0,027389;0,085545;-0,936288;148,330307;354,324554;-616,201538;-0,643781;0,586031;0,416074;-0,262673;323,784241;-75,804817;-155,319931
1703;17,03;-0,162198;0,155708;0,068631;-0,971976;127,166687;599,750488;-112,704742;-0,133107;0,101748;0,034358;-0,985266;7,351686;411,548676;-88,319427;-0,339575;-0,027479;0,085479;-0,936284;148,335541;354,367432;-616,232422;-0,643783;0,586081;0,415995;-0,26268;323,799103;-75,825829;-155,301727
1704;17,04;-0,16223;0,155905;0,068241;-0,971966;127,173264;599,753967;-112,704498;-0,133138;0,101688;0,034454;-0,985265;7,356431;411,549683;-88,317947;-0,339571;-0,027306;0,085613;-0,936278;148,341919;354,315979;-616,198303;-0,643718;0,586108;0,416071;-0,262657;323,777618;-75,840012;-155,322006
1705;17,05;-0,162241;0,155987;0,068273;-0,971949;127,177002;599,752625;-112,706467;-0,133138;0,101822;0,034323;-0,985256;7,349801;411,552673;-88,321304;-0,339567;-0,027272;0,085616;-0,93628;148,355942;354,310242;-616,187195;-0,643746;0,58612;0,415992;-0,262687;323,793091;-75,848991;-155,3069
1706;17,06;-0,162225;0,156002;0,068222;-0,971953;127,168732;599,753052;-112,710243;-0,133131;0,101723;0,034314;-0,985267;7,352625;411,549042;-88,323265;-0,339547;-0,027357;0,085597;-0,936287;148,31105;354,309265;-616,20166;-0,643767;0,586132;0,415962;-0,262658;323,812775;-75,853615;-155,290253
1707;17,07;-0,162236;0,15603;0,067998;-0,971962;127,150032;599,756958;-112,714676;-0,133115;0,101633;0,034404;-0,985275;7,344013;411,547119;-88,314323;-0,33955;-0,027359;0,085532;-0,936291;148,328934;354,318695;-616,200195;-0,643784;0,586049;0,416048;-0,262666;323,782013;-75,810509;-155,311859
1708;17,08;-0,162219;0,156176;0,067926;-0,971946;127,143204;599,760437;-112,721222;-0,133062;0,101575;0,034423;-0,985288;7,342744;411,552612;-88,310478;-0,339568;-0,027243;0,085556;-0,936286;148,352203;354,303192;-616,173889;-0,643785;0,586079;0,415993;-0,262684;323,793121;-75,824913;-155,301453
1709;17,09;-0,162196;0,156019;0,06799;-0,971971;127,134995;599,764771;-112,730026;-0,133098;0,101688;0,034315;-0,985275;7,33741;411,546814;-88,31134;-0,339535;-0,027365;0,085513;-0,936298;148,319717;354,303314;-616,199219;-0,643776;0,586077;0,416042;-0,262633;323,796326;-75,819923;-155,306717
1710;17,1;-0,162206;0,15596;0,067817;-0,971991;127,126961;599,769531;-112,740875;-0,133069;0,101671;0,034313;-0,985281;7,336192;411,551086;-88,31675;-0,339511;-0,027402;0,08549;-0,936308;148,307571;354,291016;-616,206848;-0,643765;0,586095;0,41601;-0,26267;323,797546;-75,8339;-155,309799
1711;17,11;-0,162205;0,156026;0,067671;-0,971991;127,123772;599,774353;-112,752586;-0,133044;0,101674;0,034284;-0,985285;7,346558;411,555908;-88,3228;-0,339515;-0,027403;0,085431;-0,936312;148,34288;354,304718;-616,212585;-0,643734;0,586091;0,416065;-0,262669;323,77951;-75,834984;-155,330139
1712;17,12;-0,162187;0,156104;0,067845;-0,971969;127,130135;599,776855;-112,758339;-0,133078;0,101812;0,034105;-0,985272;7,349767;411,553284;-88,323227;-0,339523;-0,027431;0,085411;-0,93631;148,352829;354,319824;-616,228333;-0,643743;0,586041;0,416142;-0,262635;323,767944;-75,807564;-155,346329
1713;17,13;-0,162183;0,156014;0,067609;-0,972001;127,139481;599,777405;-112,76487;-0,133009;0,101592;0,034366;-0,985295;7,355372;411,560028;-88,325226;-0,339524;-0,027471;0,08543;-0,936307;148,332108;354,320953;-616,242676;-0,643717;0,58609;0,416092;-0,262667;323,778839;-75,837181;-155,341797
1714;17,14;-0,162183;0,155883;0,067563;-0,972025;127,155396;599,779541;-112,763374;-0,133014;0,101766;0,034362;-0,985277;7,351578;411,561615;-88,32383;-0,339498;-0,027525;0,085449;-0,936313;148,293945;354,306946;-616,247437;-0,643737;0,5861;0,416015;-0,262721;323,785065;-75,843925;-155,329559
1715;17,15;-0,162164;0,155878;0,067962;-0,972001;127,166718;599,780579;-112,75956;-0,133027;0,101721;0,034287;-0,985282;7,356462;411,567719;-88,317421;-0,339509;-0,0274;0,085476;-0,93631;148,337997;354,293152;-616,209656;-0,64374;0,5861;0,41603;-0,262689;323,788483;-75,841133;-155,324692
1716;17,16;-0,162148;0,155867;0,067965;-0,972005;127,172379;599,778748;-112,752945;-0,132996;0,101561;0,034307;-0,985302;7,373309;411,570679;-88,308327;-0,339526;-0,027333;0,085489;-0,936305;148,377808;354,29538;-616,19281;-0,643802;0,586059;0,41598;-0,262707;323,801453;-75,81839;-155,309723
1717;17,17;-0,16217;0,155949;0,068068;-0,971981;127,181442;599,778625;-112,74691;-0,132996;0,101543;0,03443;-0,9853;7,373772;411,571075;-88,297501;-0,339521;-0,02739;0,085445;-0,936309;148,377563;354,311707;-616,196289;-0,643787;0,586127;0,415925;-0,262678;323,818848;-75,847626;-155,284256
1718;17,18;-0,162151;0,156062;0,068125;-0,971962;127,186211;599,77533;-112,737572;-0,132968;0,101687;0,034345;-0,985292;7,375074;411,577118;-88,297653;-0,339523;-0,027389;0,085401;-0,936312;148,402954;354,325256;-616,185852;-0,643784;0,586107;0,415949;-0,262693;323,810089;-75,842453;-155,290482
1719;17,19;-0,16219;0,156151;0,067896;-0,971958;127,185165;599,769409;-112,730965;-0,133021;0,101583;0,034421;-0,985293;7,377401;411,570526;-88,299706;-0,339513;-0,027408;0,085509;-0,936305;148,342499;354,299438;-616,197205;-0,643787;0,58605;0,41604;-0,262668;323,797668;-75,816513;-155,310791
1720;17,2;-0,162229;0,156142;0,067914;-0,971951;127,189087;599,760071;-112,727974;-0,133068;0,101508;0,034391;-0,985295;7,378712;411,561188;-88,305557;-0,339541;-0,027374;0,085527;-0,936295;148,352295;354,312073;-616,198425;-0,6438;0,586048;0,41602;-0,26267;323,801849;-75,811508;-155,308365
1721;17,21;-0,162275;0,156185;0,068225;-0,971915;127,191406;599,755066;-112,726395;-0,133088;0,101552;0,034344;-0,985289;7,372255;411,556213;-88,312859;-0,339509;-0,027518;0,085456;-0,936309;148,315262;354,329224;-616,217773;-0,643754;0,586097;0,416029;-0,262661;323,796387;-75,835243;-155,313934
1722;17,22;-0,1623;0,156257;0,068103;-0,971908;127,180992;599,751404;-112,727501;-0,13317;0,101681;0,034259;-0,985268;7,368055;411,545441;-88,324562;-0,339516;-0,027359;0,085509;-0,936306;148,343887;354,295044;-616,187683;-0,643775;0,586044;0,416067;-0,262667;323,792419;-75,811615;-155,327133
1723;17,23;-0,162258;0,156343;0,067966;-0,97191;127,183449;599,752197;-112,736061;-0,133141;0,101757;0,034188;-0,985267;7,36325;411,54837;-88,325874;-0,33954;-0,02739;0,085515;-0,936296;148,339218;354,312256;-616,210083;-0,643794;0,586043;0,416049;-0,262653;323,8078;-75,810242;-155,317307
1724;17,24;-0,162244;0,156179;0,067924;-0,971942;127,183037;599,75769;-112,739655;-0,133091;0,101429;0,034484;-0,985297;7,375463;411,550842;-88,317024;-0,339508;-0,027354;0,085563;-0,936304;148,330521;354,270325;-616,196777;-0,643767;0,586078;0,416042;-0,262651;323,807526;-75,828133;-155,314606
1725;17,25;-0,16221;0,1562;0,068052;-0,971936;127,17572;599,764099;-112,741333;-0,133067;0,101447;0,034383;-0,985302;7,377794;411,554932;-88,307007;-0,339503;-0,027428;0,085489;-0,93631;148,320908;354,290375;-616,202454;-0,643786;0,586045;0,416037;-0,262685;323,796265;-75,810005;-155,318222
1726;17,26;-0,162185;0,156165;0,068059;-0,971945;127,168373;599,768494;-112,74501;-0,132995;0,101464;0,034361;-0,985311;7,374723;411,560303;-88,30056;-0,339521;-0,027445;0,085429;-0,936309;148,341141;354,31546;-616,206482;-0,643802;0,586012;0,416069;-0,26267;323,800507;-75,796654;-155,320923
1727;17,27;-0,162163;0,156254;0,067973;-0,97194;127,161293;599,770447;-112,747437;-0,133012;0,101536;0,034329;-0,985302;7,360873;411,557983;-88,297935;-0,339548;-0,02728;0,085487;-0,936299;148,375366;354,296875;-616,173523;-0,643765;0,586108;0,415999;-0,262657;323,820557;-75,843864;-155,300278
1728;17,28;-0,162174;0,156245;0,067874;-0,971947;127,145615;599,768616;-112,745125;-0,132996;0,101516;0,034316;-0,985307;7,340639;411,560333;-88,297157;-0,339534;-0,027466;0,085445;-0,936302;148,305893;354,323273;-616,210876;-0,643787;0,586131;0,415923;-0,262671;323,831329;-75,852715;-155,281845
1729;17,29;-0,162149;0,156309;0,068042;-0,971929;127,142654;599,762573;-112,746506;-0,133029;0,1015;0,034368;-0,985302;7,33356;411,555756;-88,299759;-0,339506;-0,027615;0,085357;-0,936316;148,27626;354,347382;-616,232971;-0,643806;0,586029;0,416032;-0,262681;323,8013;-75,806976;-155,312378
1730;17,3;-0,162161;0,156317;0,068114;-0,971921;127,143341;599,761963;-112,744453;-0,133077;0,101741;0,034203;-0,985276;7,316894;411,55014;-88,305496;-0,339562;-0,027387;0,085462;-0,936293;148,312881;354,330109;-616,202576;-0,643781;0,586055;0,416053;-0,262652;323,793121;-75,816948;-155,315323
1731;17,31;-0,162192;0,156232;0,068051;-0,971933;127,144966;599,757935;-112,741585;-0,133054;0,101658;0,034377;-0,985282;7,311636;411,551636;-88,310677;-0,339556;-0,027411;0,08552;-0,936289;148,279541;354,323273;-616,211304;-0,643776;0,586088;0,416031;-0,262626;323,807892;-75,83168;-155,306396
1732;17,32;-0,162207;0,156245;0,067989;-0,971933;127,154366;599,754883;-112,741676;-0,133092;0,101654;0,034382;-0,985277;7,316439;411,553558;-88,309425;-0,339577;-0,027348;0,085565;-0,936279;148,288071;354,319489;-616,204895;-0,643821;0,586017;0,416031;-0,262673;323,795471;-75,800034;-155,315781
1733;17,33;-0,162205;0,156253;0,068094;-0,971925;127,173782;599,753357;-112,742271;-0,13306;0,101656;0,0344;-0,985281;7,32442;411,560181;-88,311104;-0,339568;-0,027339;0,085489;-0,936289;148,343292;354,333954;-616,192932;-0,64376;0,586065;0,416068;-0,262657;323,776001;-75,820091;-155,322495
1734;17,34;-0,16221;0,156348;0,068203;-0,971901;127,179581;599,753479;-112,743866;-0,133064;0,101637;0,034418;-0,985281;7,335001;411,560242;-88,310127;-0,339554;-0,027266;0,085542;-0,936292;148,36145;354,305237;-616,170776;-0,64378;0,586124;0,415912;-0,26272;323,810547;-75,853249;-155,291367
1735;17,35;-0,162194;0,156299;0,068065;-0,971921;127,17572;599,755615;-112,742218;-0,133068;0,101482;0,034477;-0,985295;7,342319;411,555298;-88,304314;-0,339557;-0,027363;0,085524;-0,936289;148,331482;354,324799;-616,196045;-0,643814;0,586103;0,415879;-0,26274;323,820068;-75,842995;-155,285706
1736;17,36;-0,162168;0,15628;0,068442;-0,971902;127,169174;599,757568;-112,742287;-0,133048;0,10152;0,034388;-0,985297;7,342695;411,558624;-88,302063;-0,339568;-0,027275;0,085489;-0,936291;148,366776;354,319275;-616,172546;-0,643828;0,586111;0,415858;-0,26272;323,835083;-75,844032;-155,274124
1737;17,37;-0,162149;0,156274;0,068464;-0,971905;127,160576;599,762024;-112,74984;-0,133077;0,10156;0,034283;-0,985292;7,337003;411,554291;-88,301529;-0,339574;-0,027293;0,085493;-0,936288;148,34137;354,321533;-616,180237;-0,643788;0,586085;0,415997;-0,262655;323,810486;-75,828552;-155,299576
1738;17,38;-0,162108;0,15633;0,068394;-0,971908;127,142281;599,763672;-112,757378;-0,133045;0,101684;0,034289;-0,985284;7,312235;411,552734;-88,304718;-0,339562;-0,027354;0,085475;-0,936292;148,320831;354,325317;-616,195679;-0,643735;0,58607;0,4161;-0,262654;323,783569;-75,826653;-155,330307
1739;17,39;-0,16208;0,156412;0,068419;-0,971897;127,122719;599,766052;-112,760262;-0,133006;0,101687;0,034322;-0,985287;7,294225;411,554932;-88,306412;-0,339559;-0,027359;0,085405;-0,9363;148,344818;354,337341;-616,193481;-0,643791;0,586043;0,416014;-0,262716;323,801453;-75,819145;-155,317703
1740;17,4;-0,162068;0,156395;0,068111;-0,971924;127,114105;599,764099;-112,760704;-0,132997;0,101679;0,034377;-0,985288;7,280959;411,556183;-88,304016;-0,33956;-0,027348;0,085422;-0,936298;148,321365;354,331207;-616,187622;-0,643783;0,586064;0,41602;-0,262679;323,795319;-75,822243;-155,312485
1741;17,41;-0,162114;0,156283;0,068214;-0,971927;127,117142;599,761108;-112,760239;-0,133021;0,101582;0,034407;-0,985293;7,284871;411,551178;-88,304581;-0,339568;-0,027417;0,085428;-0,936293;148,291443;354,345123;-616,213135;-0,643793;0,586013;0,416096;-0,262649;323,776489;-75,79303;-155,327026
1742;17,42;-0,162123;0,1563;0,068254;-0,97192;127,117561;599,758179;-112,756348;-0,133062;0,101631;0,034325;-0,985285;7,288332;411,544098;-88,307167;-0,339579;-0,027352;0,085508;-0,936283;148,281738;354,325165;-616,2052;-0,643788;0,58605;0,41606;-0,262634;323,787018;-75,810341;-155,314636
1743;17,43;-0,162132;0,156355;0,06833;-0,971904;127,120705;599,756104;-112,752548;-0,133071;0,101776;0,03423;-0,985273;7,289511;411,545746;-88,31234;-0,339561;-0,027392;0,085475;-0,936292;148,281906;354,328125;-616,204956;-0,643757;0,586038;0,416126;-0,262631;323,76651;-75,806458;-155,332291
1744;17,44;-0,162169;0,15635;0,068345;-0,971898;127,129074;599,754272;-112,749908;-0,13308;0,101724;0,034272;-0,985275;7,295516;411,545441;-88,315201;-0,339568;-0,027339;0,085414;-0,936296;148,342148;354,342438;-616,188416;-0,64373;0,586071;0,41612;-0,262634;323,764923;-75,822578;-155,331894
1745;17,45;-0,162144;0,156413;0,068633;-0,971871;127,128632;599,75531;-112,750122;-0,133104;0,101658;0,034355;-0,985276;7,293338;411,543213;-88,312866;-0,339562;-0,027383;0,085495;-0,93629;148,290253;354,32785;-616,207336;-0,643799;0,58599;0,416106;-0,262668;323,768341;-75,785149;-155,335648
1746;17,46;-0,162149;0,156429;0,068439;-0,971882;127,125473;599,753906;-112,751282;-0,13308;0,101632;0,034309;-0,985283;7,298388;411,544189;-88,310204;-0,339578;-0,027259;0,085475;-0,93629;148,345383;354,321136;-616,177979;-0,643809;0,586063;0,41599;-0,262662;323,803894;-75,819817;-155,302917
1747;17,47;-0,162183;0,156413;0,068307;-0,971888;127,116409;599,754211;-112,751488;-0,13308;0,101734;0,034229;-0,985276;7,28723;411,544739;-88,308136;-0,339567;-0,027404;0,085424;-0,936294;148,296326;354,3414;-616,207458;-0,643791;0,586091;0,415976;-0,262667;323,808411;-75,833427;-155,3013
1748;17,48;-0,162186;0,156421;0,068172;-0,971896;127,110779;599,754395;-112,752884;-0,133064;0,10164;0,034323;-0,985284;7,281701;411,538818;-88,309273;-0,339571;-0,027382;0,085442;-0,936291;148,292633;354,334167;-616,20459;-0,643741;0,586079;0,416105;-0,262612;323,789764;-75,825706;-155,327408
1749;17,49;-0,16217;0,156386;0,068365;-0,97189;127,098885;599,752563;-112,752716;-0,133053;0,101655;0,034315;-0,985285;7,275145;411,534576;-88,313255;-0,339563;-0,027489;0,085375;-0,936297;148,292725;354,360718;-616,229187;-0,643759;0,586098;0,416004;-0,262688;323,79837;-75,839043;-155,315613
1750;17,5;-0,162195;0,15634;0,068313;-0,971897;127,085358;599,750916;-112,75071;-0,133112;0,101657;0,034273;-0,985278;7,28265;411,52475;-88,319145;-0,33956;-0,027465;0,085341;-0,936302;148,304153;354,358093;-616,216614;-0,643792;0,586113;0,415909;-0,262723;323,819275;-75,847;-155,29718
1751;17,51;-0,162167;0,156394;0,068308;-0,971893;127,086761;599,751221;-112,754211;-0,133106;0,101651;0,034265;-0,98528;7,288327;411,523468;-88,318542;-0,339553;-0,027489;0,085365;-0,936302;148,267914;354,34436;-616,224792;-0,643833;0,586014;0,415981;-0,262729;323,797638;-75,798607;-155,314896
1752;17,52;-0,162166;0,156455;0,068406;-0,971877;127,085823;599,753113;-112,758713;-0,133101;0,101632;0,034222;-0,985284;7,288894;411,524475;-88,314964;-0,339557;-0,027517;0,085342;-0,936301;148,273941;354,356842;-616,233826;-0,643806;0,586025;0,41602;-0,26271;323,792572;-75,807388;-155,319916
1753;17,53;-0,162146;0,156356;0,06834;-0,971901;127,089012;599,756042;-112,763855;-0,133108;0,101687;0,034199;-0,985278;7,289493;411,530365;-88,31691;-0,339569;-0,027302;0,085417;-0,936297;148,329681;354,315887;-616,191162;-0,643778;0,586045;0,416086;-0,262628;323,790802;-75,808067;-155,325287
1754;17,54;-0,162169;0,156325;0,068162;-0,971915;127,093452;599,758179;-112,766052;-0,133034;0,101691;0,034255;-0,985286;7,282274;411,540405;-88,317932;-0,339549;-0,027422;0,085395;-0,936303;148,287186;354,325409;-616,217651;-0,643775;0,586034;0,416113;-0,262617;323,785217;-75,801491;-155,331497
1755;17,55;-0,162175;0,156379;0,068319;-0,971894;127,085014;599,758057;-112,767212;-0,133051;0,10167;0,034258;-0,985285;7,282697;411,537994;-88,317986;-0,339524;-0,027485;0,085396;-0,93631;148,257645;354,31604;-616,227478;-0,643802;0,586007;0,416076;-0,26267;323,782227;-75,793289;-155,333572
1756;17,56;-0,162171;0,156401;0,068395;-0,971886;127,088394;599,754822;-112,769394;-0,133062;0,101596;0,034344;-0,985289;7,282887;411,534912;-88,31852;-0,339536;-0,027409;0,085446;-0,936303;148,260864;354,304688;-616,214722;-0,643765;0,586075;0,416034;-0,262677;323,783295;-75,824776;-155,325684
