Frame,qx,qy,qz,qw,tx,ty,tz
0.0,-0.1113827663077053,0.5211244518819376,0.8409203172044438,-0.09421361437271547,0.16411226904757925,0.43595223479831224,0.3956821769209423
1.0,-0.11139430638422154,0.5211210057807196,0.8409251453835939,-0.09417592951944087,0.16410453127653477,0.43594352008599435,0.3956847540588328
2.0,-0.11151231019878866,0.5211226870146485,0.8409051865852171,-0.09420518524392867,0.16411597097024613,0.43596991942943053,0.395718339784055
3.0,-0.11151231019878866,0.5211226870146485,0.8409051865852171,-0.09420518524392867,0.16411597097024613,0.43596991942943053,0.395718339784055
4.0,-0.11151231019878866,0.5211226870146485,0.8409051865852171,-0.09420518524392867,0.16411597097024613,0.43596991942943053,0.395718339784055
5.0,-0.11148503653670748,0.5211160022458617,0.8409040680644156,-0.09428439502068582,0.16416175288873436,0.43598463429824386,0.39569453589856607
6.0,-0.11145462055756059,0.5210970065134216,0.8409297692704615,-0.09419607483249993,0.16414476561407448,0.4359581830108557,0.39568603649642264
7.0,-0.11140362948122724,0.5211134599799921,0.8409361050887405,-0.094108768583322,0.16412635457934716,0.4359290328477483,0.3956872987714331
8.0,-0.11143766255090179,0.5211063966114798,0.8409238645646552,-0.09421690284357624,0.16416128800652877,0.4359661227718327,0.3956812746299815
9.0,-0.1113542661901166,0.5211260917029702,0.8409273242948619,-0.0941756826464889,0.16414765895676695,0.4359506411782526,0.39566550192032807
10.0,-0.11131908984004356,0.5211504952183829,0.8409251128700158,-0.0941019453325489,0.16412129030092354,0.4359285901142927,0.39567707988675915
11.0,-0.11149189816619558,0.5211184613149262,0.8409085586904544,-0.09422261852233198,0.16414151744141048,0.43598225166927373,0.3956983286588477
12.0,-0.11149811417636622,0.5210995751569105,0.8409306636923579,-0.09412237867973805,0.16411066762299356,0.4359476242585606,0.39570762966840856
13.0,-0.11149004347865625,0.5210996129275786,0.8409284209391221,-0.09415176296113598,0.16411089687239946,0.43595105551884955,0.3957081050413471
14.0,-0.11112500833801056,0.5211003070449026,0.8409760433551065,-0.09415411314634875,0.16409930502759054,0.4358939593567134,0.3956156347266882
15.0,-0.11138646516832958,0.5211006211209505,0.8409332765161386,-0.0942253813603105,0.16412042624821865,0.43595118700685376,0.39566978945846426
16.0,-0.11137583592453938,0.5211028217972352,0.8409436216820678,-0.09413340235705944,0.1640840635010951,0.43592235642109256,0.395678376681709
17.0,-0.1113114286989705,0.5211010776703469,0.8409471070945432,-0.09418808715074323,0.164097663979756,0.4359234341363292,0.39565786223619925
18.0,-0.11162331447437726,0.5211174459552598,0.840890086013054,-0.09423750013545426,0.16409973908549783,0.4359821457020891,0.3957270490417112
19.0,-0.1113141689781731,0.5211296125106247,0.8409294551331796,-0.09418457537536801,0.1640752420164494,0.43592360765931226,0.39566042423371406
20.0,-0.11143702858913757,0.5210993131913081,0.8409324038692388,-0.09418060614306031,0.1640738142086225,0.4359419698200297,0.3956784801687597
21.0,-0.11141780410265655,0.5211136972611055,0.8409276402942639,-0.09416629569503102,0.16407559048197762,0.4359395786624747,0.39567657277905216
22.0,-0.11155497913893114,0.5211293642910163,0.8408957766994285,-0.09420172520723093,0.1640833792836781,0.4359759469450196,0.3957088558966981
23.0,-0.11133695179051008,0.5211328120643101,0.8409192356484727,-0.09423117569218047,0.1640917817906029,0.4359554870353627,0.3956488519794195
24.0,-0.11152420039068527,0.521138413238122,0.8408949329253452,-0.09419564085110231,0.16408793545854214,0.4359754313386329,0.3956989254738316
25.0,-0.11141351102341487,0.5211165489200097,0.8409235613567988,-0.09419201642460329,0.16409135275842396,0.4359571319036427,0.39566850160334566
26.0,-0.1113391275076981,0.5211379127714699,0.8409298089770462,-0.09410595587872736,0.16406879015466577,0.4359200467205012,0.39566588141733017
27.0,-0.11150486320147666,0.5211199596114101,0.8409078223988297,-0.09420555931302833,0.16408612797030528,0.43596618657711367,0.3956966908711954
28.0,-0.1114636114415956,0.5211114707609569,0.8409194722893765,-0.09419734332934257,0.16407326209484824,0.4359545557414826,0.3956846048204036
29.0,-0.11133719337913303,0.5211219832890954,0.8409293407275378,-0.09420059345272605,0.1640673347421616,0.43593163740691765,0.3956658164636516
30.0,-0.11149056972073634,0.5210938449703515,0.8409149657013476,-0.0943031179593878,0.16409922532063706,0.43597724908226637,0.39568543467106676
31.0,-0.11124757491945589,0.5211224572393691,0.8409374872664855,-0.0942311208957611,0.1640833496301327,0.4359282297493038,0.3956428566705593
32.0,-0.1118550000911938,0.5211076794161683,0.8408583422631837,-0.09430001937701532,0.16410009308331408,0.43603760528258906,0.39577005831277445
33.0,-0.11128320436667469,0.521133344826036,0.840927023649431,-0.09422221729731324,0.1640869579415006,0.4359389338186274,0.39564292127723233
34.0,-0.11146130522426786,0.5211208177920775,0.8409185629590583,-0.09415647174937691,0.1640771005893985,0.4359515378266988,0.3956831778221902
35.0,-0.1114149799855414,0.5211220332272442,0.8409123656158158,-0.09425986459961193,0.16411029566881455,0.4359737642924389,0.39566304238750527
36.0,-0.1114000506522711,0.5211380373125122,0.8409179624708771,-0.09413902046740441,0.16406160057464533,0.4359436248582484,0.39566744469133125
37.0,-0.11125773970992102,0.5211394128058026,0.8409282627472852,-0.09420766788269362,0.16407555335565593,0.4359367575115692,0.39562614491074544
38.0,-0.111464461272392,0.521124762256983,0.8409131013053603,-0.09417967980864524,0.16406591906643564,0.4359578083417028,0.39567762113288507
39.0,-0.11145273689381631,0.521121665299894,0.8409121812476565,-0.09421889844002364,0.16407160245934266,0.4359615421123978,0.3956712432477897
40.0,-0.11133330221262827,0.5211419085017449,0.8409124181493397,-0.0942460186099158,0.16409598958699348,0.4359501970310411,0.3956565344947899
41.0,-0.11151950534011755,0.5211086897377036,0.8409143420299519,-0.09419237111827165,0.16408884476825875,0.43596293022441035,0.39569590544880334
42.0,-0.11140941258220512,0.5211108964079458,0.8409284754496049,-0.09418426413684185,0.16409216496703788,0.4359453202656338,0.39566958202872554
43.0,-0.11129667886287864,0.5211090392226276,0.8409373816053626,-0.09424828238901793,0.1641247489135017,0.435943902184953,0.39564586162874793
44.0,-0.11140779203790707,0.5210920215403134,0.840940387700781,-0.09418425183611162,0.16410665625071716,0.4359442509806297,0.3956663281253242
45.0,-0.1114012257475369,0.5211034806191545,0.8409372388942453,-0.09415672907164883,0.1640931291626974,0.43593593247803447,0.3956735591474284
46.0,-0.11139419225442411,0.5211001708212813,0.8409335278529969,-0.0942164934325656,0.16410485181286036,0.43595294829623826,0.39566360056125316
47.0,-0.11133183938809073,0.5211091449206902,0.8409446538653916,-0.0941412223933175,0.16408257459240486,0.43592370195607316,0.39566305986475236
48.0,-0.11152298857053568,0.5210963564112105,0.8409166556543745,-0.09423581377755992,0.1641034110764191,0.43597441104639945,0.39568987686940904
49.0,-0.11126875282433789,0.521104941336518,0.8409516006545992,-0.09417701479686176,0.16407299289948046,0.4359212903797934,0.39563642277055167
50.0,-0.111533208493906,0.5211057364598672,0.8409100026064453,-0.09423121748180173,0.16407768940123524,0.43597219354866235,0.3956889523628017
51.0,-0.11155269979379756,0.5211367703864904,0.8408879209648382,-0.09423357201807127,0.16407782973580765,0.43598099439808247,0.3957046749139934
52.0,-0.11141776154750598,0.5210997738360305,0.8409306443969597,-0.09421655604985321,0.16408924182152704,0.43595081001547026,0.39567257296965147
53.0,-0.11135918793480538,0.5211089548063843,0.8409335326207942,-0.0942092468763561,0.1640845829945781,0.4359417371183647,0.395663896019629
54.0,-0.11152894836461683,0.5211208277652926,0.8409061538501712,-0.09418713799033757,0.16407861130758233,0.4359620489645283,0.3957036885687999
55.0,-0.11141325955479917,0.5211079875109833,0.8409251664969938,-0.09422534319189925,0.16408762980026997,0.43595454609785456,0.3956682045829155
56.0,-0.11140927527145451,0.5211231700436351,0.8409216982619031,-0.09417702702612057,0.16407916350068022,0.43594377338146795,0.3956793918660654
57.0,-0.11159054388321718,0.5211293159889523,0.8408866552656953,-0.09424128356938974,0.16409747102839065,0.43598999038945646,0.39571695658723366
58.0,-0.11144868198097396,0.5211273264090359,0.8409076851110889,-0.09423251071463437,0.16408062494473089,0.4359640505673575,0.3956800315271307
59.0,-0.11136407308938905,0.5211346755788472,0.8409151238849655,-0.09422551435680275,0.16406861714519677,0.43594703772802207,0.39566240085884347
60.0,-0.11143131975382502,0.5211212766777163,0.8409133695592185,-0.0942357727631559,0.1640586437976901,0.4359581040324382,0.39567578158001043
61.0,-0.11153054420436223,0.5211183092184583,0.8408926086819357,-0.09432001998973115,0.1640915863569938,0.43599182508909146,0.3956977319807443
62.0,-0.11131907340601672,0.521119536847044,0.8409360567730044,-0.09417558405137884,0.16404285334645952,0.43592130907162685,0.39566302248054297
63.0,-0.11149766705928449,0.5211270239142187,0.8409033634627604,-0.09421479981225332,0.16405451691586523,0.4359593089506878,0.3957037253262452
64.0,-0.11142416244879515,0.5211015539941652,0.8409263030369815,-0.09423788679721955,0.1640698799771392,0.4359494332069246,0.39568261560610263
65.0,-0.11144050767371516,0.5210936862030857,0.840928893498288,-0.09423894910518497,0.16407994213334712,0.43595238881483545,0.39568685199641335
66.0,-0.11138909834170257,0.5211034761735329,0.8409297058603198,-0.09423834512637985,0.1640880599028157,0.4359449193120788,0.39568116396979963
67.0,-0.11145864642934468,0.5211159142637469,0.8409107780566675,-0.09425623260733415,0.16408202782018846,0.4359645956579029,0.3956966813280133
68.0,-0.1115416034392936,0.5211030613205708,0.8409095019362925,-0.09424054190091029,0.16408423281694356,0.43597158064317326,0.39571670507386625
69.0,-0.11133454521316856,0.5211279002140236,0.8409157917358379,-0.09429189715976963,0.16409419110901025,0.43595527785936655,0.3956713984658494
70.0,-0.11147131813229531,0.5211169496965817,0.8408950601884772,-0.09437567336658456,0.16411031924432434,0.4359965141287756,0.39569545188537925
71.0,-0.11133670774512863,0.5211039056751552,0.8409371863929628,-0.09423112829666253,0.16406223579502954,0.43593365129551404,0.3956711884537595
72.0,-0.1113515685587638,0.5211290373805182,0.8409161107505467,-0.09426266099857193,0.1640446256318252,0.4359473959885609,0.3956814048523822
73.0,-0.1113057973845502,0.5211305942043609,0.8409098482963574,-0.09436392473289881,0.1640633876059154,0.43596412279347363,0.39566456334238637
74.0,-0.11151865949480416,0.5211239526946159,0.8408921953356783,-0.09430657631345309,0.16403019766805665,0.43598039397478056,0.39571607044874346
75.0,-0.11137774293537502,0.5211332828998265,0.8408992108530817,-0.09435897953737793,0.16403095334438017,0.4359726278452183,0.39567795228072755
76.0,-0.11150390513754088,0.5211304569017319,0.8408868313109101,-0.0943359049162476,0.16401923744459415,0.4359860770802335,0.3957115424320812
77.0,-0.11147516968894401,0.5211276557139757,0.8408955135780365,-0.09430794365909655,0.16401805401076613,0.4359734348517833,0.39570983880128385
78.0,-0.1113051867879097,0.521121497904319,0.8409277078669859,-0.0942556627351604,0.16401940752405264,0.4359310482162796,0.39567589417194604
79.0,-0.11136954548924399,0.5211150466672625,0.8409137384084278,-0.09433990158177064,0.16405814393050872,0.43596614598903705,0.39568247183007954
80.0,-0.11141100733865125,0.5211122204000174,0.8409158507385172,-0.09428771484274333,0.1640621898692073,0.4359613937318555,0.39569734344848173
81.0,-0.11138577687169983,0.5211032279255509,0.8409259673251246,-0.09427699631703806,0.16408427015520255,0.4359548910579992,0.39569791717390224
82.0,-0.11148085606354743,0.5211103234800838,0.8409116476042705,-0.09425311887302336,0.16409356983795573,0.4359655838343606,0.3957280174029528
83.0,-0.1114610028540419,0.5211083086191429,0.8409148422254085,-0.09425923644865633,0.16409726931443586,0.43596806355648327,0.39572080340335614
84.0,-0.11166423751789677,0.5211300483479203,0.8408625263278013,-0.09436515557168694,0.1641284704158151,0.43603202454122036,0.3957645115164537
85.0,-0.11142736880952736,0.5211072403964093,0.8409239971241654,-0.09422322721781949,0.16408258566875572,0.4359524932697336,0.3957123862375208
86.0,-0.11156306920054224,0.5211076508167578,0.8409004875020786,-0.09427018600576613,0.16408924914555093,0.4359821674326632,0.39574225377319355
87.0,-0.11146202643257981,0.5210949488669676,0.8409276105052775,-0.09421796441634549,0.16405634977890335,0.43595359504017556,0.3957114477524526
88.0,-0.11126616479952246,0.5211258835597106,0.8409244678629737,-0.09430638050678833,0.16406923328908085,0.4359505178045041,0.3956639253630292
89.0,-0.1115693737595762,0.5210980081373612,0.8409011445035965,-0.09431015813109504,0.16406023021264962,0.4359898216702949,0.3957304090174082
90.0,-0.1114794471703031,0.5210995450178866,0.8409113241065962,-0.09431724142513062,0.16405210741084938,0.43597203938576323,0.395708014961048
91.0,-0.11145675401418298,0.5211139042101358,0.8409072992580442,-0.09430060910743568,0.1640553853983272,0.4359657734529758,0.39571111397056546
92.0,-0.11155625885834371,0.5211091415333229,0.8409013260295809,-0.09426252490584985,0.16404680376987374,0.435970963413979,0.39574149229565103
93.0,-0.11148433832621461,0.5210802811704537,0.8409224329720477,-0.09431884545338166,0.16407811815570583,0.4359743236377502,0.3957128364225342
94.0,-0.11134399006257165,0.5211125357962302,0.8409275216271064,-0.09426104329499572,0.16408430533988477,0.4359414784714013,0.395696030094845
95.0,-0.11150963507945272,0.5210843591597685,0.8409193161331324,-0.09429419747622672,0.1641049260032834,0.43597705043595275,0.39571954390669895
96.0,-0.11129889577143713,0.5211106157699597,0.8409402839219324,-0.09421104398748711,0.16409920169335201,0.435924541759527,0.3956879077336675
97.0,-0.11139509150199288,0.5210987287665261,0.8409332999292887,-0.09422543996825067,0.16410698859602874,0.4359451947668584,0.3957003710198917
98.0,-0.1114377794174955,0.5210863428704844,0.8409327685789652,-0.09424820063257593,0.16410908160984933,0.4359573540167201,0.3956989610869739
99.0,-0.11127691894251608,0.5210868709410836,0.8409534404704937,-0.09425089497894032,0.16410131602726225,0.43593419482681395,0.3956578102625818
100.0,-0.11151689359145657,0.521092067112234,0.8409233433525475,-0.09420706258653977,0.16407552380131593,0.435956207463601,0.3957236029639556
101.0,-0.11119445753207279,0.5211166094960373,0.8409503617838161,-0.0942112569556903,0.16406838573954577,0.43591077787690347,0.395653011654143
102.0,-0.11162078260445196,0.5211059207054174,0.8408918500019092,-0.09428847701015997,0.164080176511761,0.435991334111519,0.39574550061951075
103.0,-0.11148690432383895,0.521089838633186,0.8409280014438616,-0.09421330386500625,0.1640536565204461,0.4359475872840973,0.3957173924464069
104.0,-0.11156394746010964,0.5210772846844375,0.8409141794703042,-0.09431485449703311,0.1640893475774049,0.435982868825546,0.39572284347909514
105.0,-0.11150475803430888,0.5211115817398084,0.8409091909708488,-0.09423980503533398,0.1640673116066977,0.4359600475081546,0.3957204917178748
106.0,-0.11140227985349703,0.5210908665425832,0.8409332080579174,-0.09426123505854589,0.1640837510053625,0.4359520997379946,0.3956821199532371
107.0,-0.11156395281371004,0.5210823303760346,0.8409238887264338,-0.0942003331823926,0.1640854962125774,0.43595891065870973,0.3957253822907498
108.0,-0.11135652609630753,0.5211082959576778,0.8409309011861524,-0.09423952148696997,0.16408755510410522,0.4359447467604038,0.39567433611112973
109.0,-0.11140545592126168,0.5211141872988948,0.8409121088386754,-0.09431677154822495,0.16412095023463458,0.4359750827827842,0.39567893906010076
110.0,-0.1113017757807401,0.5211205746275176,0.8409394691486854,-0.09415981433640737,0.1640863441198432,0.4359202367127246,0.3956722030811741
111.0,-0.11136277985239591,0.5210995235803244,0.8409348125095014,-0.09424573676042508,0.16410875111799705,0.435951544242983,0.39567271360247114
112.0,-0.1112742814666365,0.5211157661148346,0.8409422515698896,-0.09419406624197282,0.16409823780995636,0.4359259390470087,0.39566191254953953
113.0,-0.11136424734677729,0.5211054124164244,0.8409278536389544,-0.09427353041748021,0.16411117796555136,0.4359595346080225,0.39567484714937073
114.0,-0.11124112080625695,0.5211030095859265,0.8409632762549581,-0.0941160689403481,0.1640679723610332,0.4358978006729335,0.39566160135650796
115.0,-0.11153301205068214,0.5210814373307874,0.8409243670912834,-0.09423763433102358,0.16409179790256387,0.43597098904689857,0.39570880878250086
116.0,-0.11133104698486887,0.5211055820103708,0.8409408871435732,-0.09419551318967298,0.1640691323382136,0.43593106348503136,0.3956704248824713
117.0,-0.11144540422805024,0.521111292925496,0.8409186897721963,-0.09422685102335315,0.16406710424432436,0.435957260757414,0.3956927406037779
118.0,-0.11154691212906237,0.5211131507130609,0.840897644686912,-0.0942842601306382,0.164087854531412,0.4359882464054531,0.3957109459985055
119.0,-0.11151684159656788,0.5211096662960945,0.8409104588023785,-0.09422478447771918,0.16406429911039308,0.4359688089206668,0.3957028314419188
120.0,-0.11128029585531726,0.5211161881516669,0.8409373113075588,-0.09422872519271158,0.16408124904419907,0.43593574364958115,0.39565782328075094
121.0,-0.11143822966145206,0.5211257314729915,0.8409078649965442,-0.09425208514199962,0.16409663315294823,0.43596821139875697,0.39569850157615616
122.0,-0.11148611474642346,0.5211011156451193,0.8409224989297337,-0.0942009781580385,0.16408735831807447,0.4359583794515669,0.3957036027371451
123.0,-0.11116492542601604,0.5211343923989725,0.8409541090620547,-0.09411424369152561,0.16406863469867106,0.43589195628792454,0.3956510725005331
124.0,-0.11122791025012355,0.5211190468356407,0.8409480841736201,-0.0941786107947119,0.16408855599898234,0.4359127317355793,0.39565365983106515
125.0,-0.11119049122658617,0.5211055326911646,0.8409736043654699,-0.09406962963676517,0.16405269547799067,0.43587812374019674,0.39564939777387553
126.0,-0.11139356377053539,0.5211014777323387,0.8409330092471033,-0.09421463694290655,0.16408758289280553,0.4359445661203909,0.3956789832924186
127.0,-0.11126666984052722,0.5211000033763967,0.8409518217387415,-0.09420482035442954,0.16407969323472701,0.43592142040577714,0.39565547479171725
128.0,-0.1114013965556419,0.5210986314433353,0.8409356707183202,-0.09419736125213071,0.1640643558243364,0.4359378692253292,0.3956883791316629
129.0,-0.11130369297076462,0.5211067764865592,0.8409453924131302,-0.09418100875433096,0.16404996561284202,0.43592175854237686,0.39566847130115423
130.0,-0.11132614862006321,0.5210977729595733,0.8409396513557026,-0.09425551669661654,0.16407336466764572,0.43594247565118704,0.39566227568512213
131.0,-0.11134634887846641,0.5210939017627949,0.8409485142188979,-0.09417394846819108,0.16404756031278347,0.4359254823020659,0.39566802356212905
132.0,-0.1114247607011373,0.521079183956512,0.8409456885355405,-0.09418787439684323,0.16405909325610324,0.43593931209564496,0.3956806133897798
133.0,-0.11144704068825086,0.521083113239767,0.8409475838101206,-0.09412283199151955,0.16404342838291888,0.4359252464787654,0.39569671183213656
134.0,-0.11149326109273776,0.521091078513475,0.8409292907513769,-0.09418741200901634,0.16405420458201042,0.43595149239959796,0.395693157589465
135.0,-0.1115690400922389,0.5210779688805373,0.8409363036758019,-0.09410755974048872,0.16402958147735738,0.4359404279249596,0.3957126442682324
136.0,-0.11142742635082939,0.521092073002307,0.8409401782046865,-0.09416260824796166,0.16404126309087083,0.4359318384709537,0.3956764712957113
137.0,-0.11128701104472086,0.521096088111758,0.8409593190067276,-0.09413549757183078,0.16402595552497348,0.43590288131593613,0.3956467853180765
138.0,-0.11130250367964901,0.5210696317832848,0.8409717259810293,-0.09415278863826634,0.16403085158024816,0.4359029387491069,0.39564452877449363
139.0,-0.11144134668001587,0.5210772185180951,0.8409422488165377,-0.09420983360018449,0.16403682600013844,0.43594161007823223,0.3956730831490902
140.0,-0.11138065759712343,0.5210892799209805,0.8409562020504251,-0.09409026356425433,0.16400683894866186,0.4359023123222394,0.3956789580532417
141.0,-0.11132859912277976,0.5210593894213269,0.8409777440666679,-0.09412486227225657,0.16401312969930504,0.43590122027632366,0.3956526619281561
142.0,-0.1112587043960485,0.5210715133120523,0.8409837884654349,-0.09408637653308308,0.1640069353629374,0.4358812083309506,0.39564890490754
143.0,-0.11133932572061857,0.5210364356474233,0.8409911163138766,-0.09411976177746331,0.16401569455099976,0.43589658127701336,0.39565455237493935
144.0,-0.11128604765168706,0.5210594977073416,0.8409850462110507,-0.09410933798744893,0.16400192967111218,0.43588963226366007,0.3956449344687629
145.0,-0.11140478594903633,0.5210638476932118,0.8409599125002495,-0.09416934672369379,0.16401329604150117,0.43592225349099384,0.39566864618920217
146.0,-0.11139854774937842,0.521081144131328,0.8409603985244775,-0.09407663314377188,0.16398104964368707,0.4358989559968814,0.3956763051281276
147.0,-0.11131831608010545,0.5210722875688331,0.8409666288599116,-0.09416492328287081,0.16400654180762847,0.435908622776416,0.3956453932876194
148.0,-0.11141465183913908,0.5210651690863841,0.840966850562146,-0.0940883689736753,0.16397840020778345,0.43590577608764114,0.39566546391236157
149.0,-0.11154191141337802,0.5210895222008677,0.8409287741324618,-0.0941430225072293,0.16399691327032354,0.43594531975876266,0.39569706457694975
150.0,-0.11148302695197009,0.5210810785149659,0.8409345025058467,-0.09420831603712453,0.16401288559920324,0.43595241449839606,0.3956723670604224
151.0,-0.1114121977514677,0.5210651935298215,0.8409687036981214,-0.09407457512111636,0.16398100327937812,0.43590416471081234,0.3956620793161453
152.0,-0.1113764684868733,0.5210935751772049,0.8409554489341325,-0.0940781647590055,0.16398240653382154,0.435901974493624,0.39566317788915933
153.0,-0.11138117025561002,0.5210877126229388,0.8409498897717027,-0.09415473200453368,0.16399467166428772,0.4359208873894276,0.39565801894680597
154.0,-0.11152128182405101,0.5210890341524764,0.8409359218351454,-0.09410630985026355,0.16396889013013513,0.4359312743604541,0.3956858567940543
155.0,-0.11128736034261251,0.5210871869023251,0.8409607321712579,-0.09417172622489459,0.16397398897586019,0.435911181852349,0.39562068709420933
156.0,-0.11145674956131647,0.521113828248743,0.8409235594359838,-0.09415592477736441,0.1639514997874606,0.43593608474396345,0.3956671492307402
157.0,-0.11131367450843783,0.5211073876633058,0.8409515096201914,-0.09411118348887086,0.1639210509131137,0.43590105266037027,0.39562764066557227
158.0,-0.11146518736576781,0.5211025556196909,0.840919956123253,-0.09424046862047862,0.1639523984242875,0.4359556332654948,0.3956394462334738
159.0,-0.11144859728159019,0.5211207702808504,0.8409192816262882,-0.09416535846576841,0.16393120319162818,0.43593600973446367,0.3956501816041934
160.0,-0.11147273716815419,0.5211437749953329,0.8409024427650488,-0.09415984496390842,0.1639238115525167,0.4359389254102196,0.3956533570833553
161.0,-0.11155841208768241,0.521115436740614,0.8409123174595479,-0.09412702389817024,0.16390809186783278,0.4359380622725487,0.39567758332552927
162.0,-0.11142772227891247,0.5211223172371051,0.8409211470760537,-0.09416484261898286,0.16391982144734285,0.4359258724048681,0.39565428098867106
163.0,-0.1113028828167891,0.5211185825149227,0.8409492105256031,-0.0940824986417498,0.16387798262051487,0.4358774278367154,0.3956408223629681
164.0,-0.11149467780322814,0.5211155419392912,0.8409171068572423,-0.09415916400286482,0.16388555016711906,0.4359220258770384,0.39567566571133794
165.0,-0.111383067720488,0.5210981110673817,0.8409443075371891,-0.0941447953313268,0.1638726619229119,0.435893514828062,0.39565541725316744
166.0,-0.11135142679078733,0.5210938162269435,0.8409518109017051,-0.09413897270970704,0.1638694036775398,0.43588784043359274,0.3956508615073291
167.0,-0.11150767232232385,0.5211122336301838,0.840916165591191,-0.09417049124660339,0.16387296222578382,0.4359260726324465,0.39568424201629526
168.0,-0.11137416512203702,0.5210977068638369,0.8409417342563242,-0.09418054380064553,0.1638736087893127,0.43590883555548415,0.39563620392239557
169.0,-0.11145449248599654,0.5210683613643733,0.8409545522453047,-0.09413341568027202,0.1638769558285051,0.4359043051954879,0.39565375055699215
170.0,-0.11131713856812628,0.5211403946026822,0.8409305241928379,-0.09411183376772554,0.1638780614990125,0.43589672800590024,0.39563916033299484
171.0,-0.11157907725156146,0.5210838388882137,0.8409260047069425,-0.09415517498699445,0.16390675976362287,0.4359424893464029,0.3956801164901561
172.0,-0.1114564401972046,0.521138284865448,0.8409178848030752,-0.09407157383815905,0.16389189127689183,0.43590809652589985,0.3956802543330924
173.0,-0.11142851997427015,0.5210597512117439,0.8409662238932484,-0.09410754950709313,0.16391407117263743,0.43590240446829837,0.3956587347822511
174.0,-0.11138384593131871,0.521120962230601,0.8409403206558854,-0.09405295680932807,0.16389732550268465,0.43589335680279634,0.3956691779915946
175.0,-0.11149208346191122,0.5210834332860914,0.8409490393979807,-0.09405468630384858,0.16390294877790124,0.43589705878918816,0.3956954597457789
176.0,-0.11144224774530545,0.5210613087929296,0.8409622637578523,-0.09411805794714176,0.16392928673593676,0.4358944245495666,0.39568312775832604
177.0,-0.11130962212568048,0.5210780023406902,0.8409824628599885,-0.09400202476979834,0.16390214329811525,0.4358507889440929,0.39566539126717715
178.0,-0.11143385434047992,0.5210434088773593,0.840977977000718,-0.09408668541332234,0.16393342935069613,0.43589161845659247,0.39567597204591676
179.0,-0.11123652888092775,0.5210712893795915,0.8409893239340647,-0.09406435592581065,0.16391729147316653,0.43586184795755645,0.39562963478815
180.0,-0.11153249210838981,0.5210418113727414,0.8409630952966568,-0.09411166959825257,0.16392304128124413,0.435906775768418,0.39569224653596724
181.0,-0.11155285321459502,0.5210538350230601,0.8409582724771567,-0.09406405211174361,0.16391199517410754,0.4359053126443227,0.39569967676120943
182.0,-0.11126319099126598,0.5210744206571616,0.8409916925246056,-0.09399427414392664,0.16389586328293632,0.43584977058248897,0.39564275306107183
183.0,-0.11139425463294857,0.5210173755471735,0.8410096355350891,-0.09399471979766666,0.16389167543334296,0.43585377269190456,0.3956677454931855
184.0,-0.11143107076172386,0.5210613447759876,0.8409708002763933,-0.09405479536747462,0.1639102916518743,0.4358848885088394,0.3956835867380941
185.0,-0.11140749074538665,0.521019973548075,0.8410026705425298,-0.09402694459628681,0.16392376735431327,0.4358647648288318,0.3956792004034218
186.0,-0.11131498266048911,0.5210613605181759,0.840986027543032,-0.09405601888041615,0.16394509468352347,0.4358716042984103,0.39566354771652845
187.0,-0.11130385498726983,0.5210301906453988,0.8410036994313648,-0.09408384475429876,0.16397639386763807,0.4358713786549577,0.3956512489726973
188.0,-0.11120992842982265,0.5210257013111774,0.8410241599756332,-0.0940368689882317,0.163980296328088,0.43585032529313866,0.3956308067870927
189.0,-0.11142180294172405,0.5210565903610231,0.8409692826872776,-0.09410566957950242,0.16402220457648684,0.43591281793425546,0.3956765934580859
190.0,-0.11126447460025403,0.5210295222436948,0.8410246778822207,-0.09394649985786245,0.16398128471859746,0.4358404950999465,0.3956474285612548
191.0,-0.11128990949164363,0.521059206778252,0.841000418234892,-0.09396890765406107,0.1639855876016614,0.4358584668269788,0.39565190355948254
192.0,-0.11127398854731886,0.5210349756836606,0.8410073794401737,-0.09405977521911342,0.16401581504107457,0.43587203139843933,0.39563968980552133
193.0,-0.11134709500798592,0.5210388674092818,0.8410052710132583,-0.09397051244965765,0.1639688647454188,0.4358610997409418,0.39566659045206976
194.0,-0.11127685602862408,0.5210284095009102,0.8410115324838752,-0.09405562202473865,0.1639731036331012,0.43586821433950507,0.39563471123633087
195.0,-0.11123134603799341,0.5210273252403149,0.8410174900965511,-0.09406218880717584,0.16397225750720684,0.43585450301849477,0.39563182748279224
196.0,-0.11137218821082277,0.5210522354461824,0.8409854307674471,-0.09404418571374051,0.1639531386901543,0.4358760427652657,0.3956752072690858
197.0,-0.11131064901386327,0.5210117473060298,0.8410217820738716,-0.09401627871022869,0.16394558019459107,0.4358466365216155,0.3956535639489271
198.0,-0.11137614878359947,0.521049987816271,0.8409931836947191,-0.09398259763284743,0.1639255752782265,0.43585470960245704,0.3956790473785051
199.0,-0.11125843557176529,0.5210356298401659,0.8410123301623809,-0.09403027951690561,0.16394615632222914,0.43584604862244236,0.3956442224221948
200.0,-0.11145365968674825,0.5210408154245874,0.8409783668152518,-0.09407410351878652,0.16395936080068602,0.43589252200094447,0.39568774444483956
201.0,-0.11114742094976461,0.5210406200534647,0.8410262641790152,-0.09400928694339873,0.16394997769230668,0.4358325781625281,0.39561474411980946
202.0,-0.11131090954919745,0.5210374361177695,0.8410043602772396,-0.09402945056641773,0.16395649537615395,0.43586058520183774,0.395653833603989
203.0,-0.11136988529710772,0.5210563692309865,0.8409717195104335,-0.09414656508017569,0.16399524932152632,0.4359046660822788,0.3956619657411714
204.0,-0.11129158007315548,0.5210146992046388,0.8410263562577939,-0.09398156998719584,0.16395785726607182,0.43584300137682075,0.39565504300950016
205.0,-0.11123421787807321,0.5210219521032472,0.8410304156361406,-0.09397294384276596,0.16394722228988506,0.4358360242913498,0.3956404072680949
206.0,-0.11143629362147224,0.5210579445086793,0.8409752351187942,-0.09402778762253236,0.16395020173294922,0.43588570710650937,0.39568995450785505
207.0,-0.11143536086490513,0.52102348129239,0.840996062160598,-0.09403358826097594,0.16394694834178533,0.43587750719073415,0.3956785652755997
208.0,-0.11131028405782226,0.5210462437405664,0.8410025626492056,-0.09399745828628711,0.1639409598353376,0.4358522083094068,0.39566144627128297
209.0,-0.11124987226752016,0.5209912244937653,0.8410485935695515,-0.09396208371266895,0.16392587764432262,0.43582356222686836,0.3956364581370514
210.0,-0.11140841830446059,0.5210529762401663,0.8409861997311469,-0.093990276858441,0.16392939422500405,0.4358649229316929,0.39568720427675863
211.0,-0.11120162740186469,0.5210151546543107,0.8410328261527221,-0.0940276130574772,0.16394031178942017,0.43583561717576896,0.39562717976899103
212.0,-0.11142453023830615,0.5210083487770448,0.841001806277011,-0.09407888394637048,0.16394691485585425,0.43587859602838125,0.39567851979775437
213.0,-0.11135703675693132,0.5210418916414935,0.8409940361979092,-0.09404248294743875,0.16392447239664446,0.4358625991098421,0.39567130816519847
214.0,-0.11139419905392345,0.521022745816329,0.8410048948845118,-0.09400743342650815,0.16391854599398747,0.43585167502157324,0.39568120346786734
215.0,-0.11133819842172138,0.5210411608515827,0.8409928628398997,-0.09407932250494865,0.16392385657510267,0.43586924907532826,0.3956519241477757
216.0,-0.11134675682202615,0.5210256484333843,0.8410040850288973,-0.09405478395326539,0.16391500531043882,0.4358547008827807,0.3956578519706663
217.0,-0.11123749312187266,0.5210658969646009,0.8410037371242625,-0.09396417023239143,0.16388877237025284,0.4358248119112813,0.39564541156920674
218.0,-0.11122725222567867,0.5210418048994748,0.8410172150705154,-0.09398925398393819,0.16390671636442022,0.43583138724793014,0.3956376203037397
219.0,-0.11119621900145396,0.5210426900563506,0.841022202229231,-0.09397644053759976,0.16391254772450733,0.43582040820545415,0.39563620738679617
220.0,-0.11117581745386627,0.5210780285855717,0.8409944204305725,-0.09405323249885778,0.16393732989321566,0.43584686355947966,0.3956293250416315
221.0,-0.11122384283762238,0.52102873211577,0.8410208656948167,-0.09403308226473316,0.16392802791691763,0.4358377664462161,0.3956305905578712
222.0,-0.1114320647893058,0.5210621864924182,0.8409680999563398,-0.09407309711259704,0.16393306948670278,0.43588939600069343,0.3956800983425238
223.0,-0.11131007863643878,0.5210085174556237,0.8410162899842747,-0.09408395779158645,0.16392337009817365,0.4358564262230733,0.3956392315650401
224.0,-0.11133475776622903,0.5210269272757718,0.8410090584895158,-0.0940174255405924,0.16390994287051627,0.43584535324521323,0.3956564962620109
225.0,-0.11117753240546356,0.5210647458696601,0.8410046407189183,-0.09403340464569936,0.16391306001109998,0.43583645710036595,0.39562196964412755
226.0,-0.11120695385043392,0.5210286977923789,0.841029939587419,-0.09397207143437787,0.16389652971060387,0.43581322618378704,0.39563090792328
227.0,-0.11125954850371537,0.5210444966124863,0.8410020471947228,-0.09407179189786403,0.16392043834306474,0.43585525554730237,0.39563829522463667
228.0,-0.11109390892002677,0.5210060727341448,0.8410615398244919,-0.09394839968337027,0.16389830311056844,0.43578648549214094,0.39560674272196605
229.0,-0.1112774349194611,0.5210573374455998,0.8409952633304033,-0.09404015433671407,0.1639007875180986,0.4358539958812189,0.39564369400752775
230.0,-0.1112265298154598,0.5210168137547337,0.8410376960713549,-0.09394537049297833,0.16386059534666517,0.4358056084567996,0.3956393998658808
231.0,-0.11127404903720185,0.5210320341279239,0.8410154116158167,-0.09400416399321224,0.1638703728229402,0.43582542325995355,0.3956502333587779
232.0,-0.11145625508499929,0.5210417181298695,0.8409828008347956,-0.09402637859007211,0.16385838715508624,0.43586327731751007,0.39568949766623646
233.0,-0.11141275440394226,0.5210048856107233,0.8410096200886703,-0.09404215142261692,0.16385503310521252,0.4358525627923634,0.395663499641823
234.0,-0.11129510684416605,0.5210386679502558,0.8410083899937416,-0.09400528524132658,0.16384229844623216,0.4358340708957861,0.39564373683176024
235.0,-0.11125633619616322,0.5209862276204464,0.841051375450784,-0.0939572356892587,0.16383986470146833,0.4358018576284317,0.3956321818181373
236.0,-0.11140955110107524,0.5210032640939369,0.8410139669692238,-0.09401605229751929,0.16386391842152012,0.4358453837212954,0.3956673449164593
237.0,-0.1112928133272757,0.5210075791375469,0.841027021626838,-0.09401362175995137,0.16387665185388134,0.43582638376072425,0.39564975786134615
238.0,-0.11129073382626106,0.5209969016301,0.8410407121884204,-0.09395276205542226,0.1638692851100822,0.43580671517426595,0.3956579373893744
239.0,-0.1112173038753661,0.5210259796676526,0.8410331693590627,-0.09394598377742114,0.1638581932725061,0.43580124699677436,0.39564495279298306
240.0,-0.11120544286792301,0.5210174546305955,0.8410339555144527,-0.09400025063008227,0.16388183038648804,0.4358071743841232,0.39564228356116615
241.0,-0.1111804499169842,0.5210479112677229,0.8410212079372443,-0.09397504732416291,0.16386766281112752,0.43580419929636416,0.39563792632289485
242.0,-0.11136776299339333,0.5210034344085055,0.8410180496453727,-0.0940280961791894,0.16387626647223025,0.43583770106790326,0.39566702930382425
243.0,-0.11133142263627317,0.5209783800109088,0.8410432364646195,-0.09398465987655037,0.16387080540160134,0.4358203188473804,0.3956523299511009
244.0,-0.11119177054709861,0.5210162215848954,0.8410434368179247,-0.09393840744601814,0.1638575451210701,0.43579646940591027,0.3956265398881423
245.0,-0.11134165115546561,0.521014428316566,0.8410224732434481,-0.09395851054273971,0.1638414069577135,0.4358155764312961,0.3956603842868106
246.0,-0.11137490246977891,0.5210479206067995,0.840997027010223,-0.09396114138910588,0.16384116825027298,0.43584032573257425,0.39567733974746966
247.0,-0.11111661666100191,0.5209847878970526,0.8410825348364502,-0.09385157364033239,0.16383910104652236,0.43575930994947387,0.39562782589575796
248.0,-0.111237933605981,0.5210062966817193,0.8410454702480025,-0.09392059369695216,0.16384448420381614,0.43578955185368984,0.39565896152012286
249.0,-0.11141612535462045,0.5209796245115069,0.8410232771745672,-0.09405596794124098,0.1638569243260602,0.4358439335026847,0.3956769764370023
250.0,-0.11127965330202906,0.5209826972827535,0.8410640073615582,-0.09383604538706802,0.16382012726449358,0.4357700592350375,0.395668997764852
251.0,-0.11121050064545202,0.5209956725516747,0.8410630126764784,-0.09385490097049809,0.16383115523652275,0.43577014569823996,0.39565136592182715
252.0,-0.11140541319685665,0.5209469994964804,0.8410585753263692,-0.09393364943421484,0.16384666509604334,0.435800782458707,0.3956829354025698
253.0,-0.11114042710725387,0.5209953754109145,0.8410690668927978,-0.09388529692628139,0.163851295459662,0.4357635128768613,0.3956323794161151
254.0,-0.11116666683009833,0.5209903886638785,0.8410702781959616,-0.09387105113459987,0.16384846877719733,0.4357683754580344,0.39562753198176304
255.0,-0.11141711898854238,0.5209858959938543,0.8410344901266916,-0.09391969010335119,0.1638313698159668,0.4358140469947503,0.39567795006958617
256.0,-0.11123724023502408,0.5210125240088624,0.8410379613076837,-0.09395410502061835,0.16384540191171415,0.4357971929087322,0.39564435768364536
257.0,-0.11112565215032073,0.5209796232838174,0.8410860588413871,-0.09383796236001817,0.16381773954298706,0.43574724812293075,0.39562172278370933
258.0,-0.11129499705149214,0.5210057834255982,0.8410402897376076,-0.09390222737756523,0.16379818641670377,0.435796031051667,0.39565062610698176
259.0,-0.11146063855379561,0.5209859604064242,0.8410250278107736,-0.09395242257900292,0.16380260108906802,0.43582096134865744,0.3956862696462814
260.0,-0.11099798152262971,0.5209931191993618,0.8410951652964553,-0.09383251440598855,0.16378422160940426,0.4357210791274787,0.3955978317998754
261.0,-0.11136886695026704,0.5209989615374194,0.8410387376931981,-0.09386639042051105,0.16378574089279305,0.4357867677649953,0.39568857059496804
262.0,-0.11137792975035748,0.5209362776081057,0.8410717244178618,-0.09390796463079876,0.16379991969912527,0.43578599807288704,0.3956725127555729
263.0,-0.11126347352205286,0.520996939278405,0.8410460574976045,-0.09393698893448423,0.1638365236001725,0.43578854591835314,0.395658025456917
264.0,-0.1114278585241741,0.5209853714852299,0.841028607795479,-0.09396252398010535,0.16384112292004585,0.43581486683137605,0.3956952437637964
265.0,-0.11136101318121411,0.5209602605352105,0.8410539195616674,-0.09395443617145197,0.1638491091323666,0.4358004875619623,0.395679719772522
266.0,-0.11129371178935225,0.52094644175068,0.841075400126155,-0.093918506408921,0.16385633848336617,0.4357812283407767,0.39566750985713045
267.0,-0.11118200697927416,0.5209550597736218,0.84107543565212,-0.09400265189301546,0.16386087400467403,0.43578466316792114,0.3956236511099168
268.0,-0.11136235747065477,0.5209699104073621,0.8410441613039492,-0.09398668270164574,0.16384090248291247,0.4358106338491765,0.3956674629975688
269.0,-0.1111853189999416,0.5209422300250981,0.8410970071451234,-0.09387674039332222,0.16382798284635688,0.4357481156332689,0.3956352316641788
270.0,-0.11115941163387416,0.5209602051687698,0.841095847716914,-0.09381804085084021,0.1638035008413675,0.43573609255583223,0.39563273521832076
271.0,-0.11112174803903571,0.5209765042516739,0.8410830523006889,-0.093886837538664,0.16379332967441598,0.43574739838865006,0.39560790656781347
272.0,-0.11129653010236427,0.5209912530719679,0.8410509701271947,-0.0938853676446908,0.16380228543756467,0.4357817509837091,0.39565045085883344
273.0,-0.11128486213784096,0.5209432691362228,0.841083960651978,-0.09386991496005863,0.1638103275201242,0.4357647565553475,0.3956418130590398
274.0,-0.11119921781196908,0.5209696229436542,0.8410813915683645,-0.09384816825797192,0.1637837021479459,0.43574819657864566,0.3956253982156322
275.0,-0.11120652008732246,0.5210186227319623,0.8410451357688447,-0.0938924078726426,0.16378894331315436,0.4357727735700556,0.39563276427990796
276.0,-0.1110037747058185,0.5209565704005655,0.8411144004896733,-0.09385616147295896,0.1637920229427083,0.43571611543136485,0.39557955031830316
277.0,-0.11123731156988957,0.5209609762743618,0.8410757091659229,-0.09390193376606773,0.16378714630662544,0.4357619423470688,0.3956280284643777
278.0,-0.11128965081445072,0.5209494049402325,0.8410807384092033,-0.0938590570538863,0.1637709805723059,0.4357536477290654,0.39564147559907814
279.0,-0.11102403737344337,0.5209907234957275,0.8410977508630344,-0.09379180481173963,0.16375390842364046,0.4357029567646685,0.39559840800372104
280.0,-0.11109943846787217,0.5209732701638685,0.8410935681881905,-0.09383696552716386,0.16376268122583565,0.4357249396377451,0.39560285675061607
281.0,-0.11118773895242941,0.520973623604783,0.8410832175291549,-0.09382319225837639,0.16374392403702812,0.43573484698496023,0.39562105784791946
282.0,-0.11112188322526102,0.5209708858561353,0.8410982453103402,-0.09378168741610411,0.1637375566641092,0.43571360850989393,0.3956101232345226
283.0,-0.1111065836885733,0.5209363918117317,0.8411113688146641,-0.09387368107169344,0.16374997389865006,0.43572690758437543,0.39558935711431276
284.0,-0.11119080596765578,0.5209619207882951,0.84107763347414,-0.0939345315971375,0.1637555814128446,0.4357624765194562,0.3956063878926449
285.0,-0.1111459078208054,0.520958635458812,0.8410957864132945,-0.09384330233630479,0.16372974985610358,0.4357270416577446,0.3956004436415568
286.0,-0.11114152723803684,0.5209521002114267,0.8410957793919817,-0.09388482357386209,0.1637222532898191,0.43573722526692743,0.3955900108452681
287.0,-0.11126403825386706,0.5209822348476976,0.8410588958134741,-0.09390292081485078,0.16371936604520815,0.43575892378384784,0.39562643765508715
288.0,-0.11098262130394247,0.5209801801258952,0.8411136521043734,-0.09375678070485614,0.1636947787428984,0.43568353545158367,0.3955815209676672
289.0,-0.11112042165415062,0.5210517551871591,0.8410467083959279,-0.09379634643289522,0.1637101915400179,0.4357364822320441,0.39562869501382103
290.0,-0.11122480592694202,0.5209648758028925,0.8410783975356255,-0.09387102814550968,0.16371824651766295,0.43574691927960807,0.3956213093082035
291.0,-0.11109129240043411,0.5209512883112226,0.8411115671442946,-0.09380731088645336,0.1637097649805774,0.43570190339443954,0.39559560045567865
292.0,-0.11109399339046341,0.5209064268304674,0.8411466464600735,-0.09373867007935684,0.16370973235439573,0.43568259202703774,0.3956004965670412
293.0,-0.11113648583013014,0.5209052163095389,0.8411293051576652,-0.0938505681593091,0.16372580101455325,0.4357167242809578,0.3955953766954796
294.0,-0.11104305127185275,0.5209444929276176,0.8411201432043078,-0.09382526711173739,0.1636984735362834,0.43570531134945895,0.39557439913473397
295.0,-0.11097650834754283,0.520931682449106,0.8411460165062746,-0.09374313698270123,0.16366457013320776,0.43566677858366776,0.39556647928915356
296.0,-0.11101970739108953,0.5209602688022884,0.8411206597213667,-0.09376064574296082,0.16365754758691653,0.43568494751517106,0.39558357240722264
297.0,-0.11098786595841666,0.5209333004506068,0.8411412599766336,-0.09376337694726919,0.16364406440407275,0.4356742280558269,0.39556613386668815
298.0,-0.1110496756031009,0.5209345429779353,0.8411375719867795,-0.09371636182119286,0.1636337448428356,0.4356685196985764,0.39558504656992427
299.0,-0.11098259572479559,0.5209738170029864,0.8411134127725004,-0.0937943084505802,0.1636578767723379,0.43568869687534717,0.39556605579683857
300.0,-0.11106832644944348,0.520978457907882,0.8410901272715545,-0.09387582788963868,0.16367571219094415,0.4357281757863807,0.3955778812494476
301.0,-0.11092641592639044,0.5209595786902678,0.8411350627659976,-0.09374568686731842,0.16364932729276255,0.43566553395616375,0.39556403406178936
302.0,-0.11089904782561642,0.5209344918081856,0.841157886786157,-0.09371267754880172,0.1636523205197849,0.43564497558709436,0.39556203849850646
303.0,-0.11100891908838617,0.5209751784155857,0.8411019301386196,-0.09385854502795862,0.1636929139220666,0.43571410284822215,0.3955766291103152
304.0,-0.11107141436174585,0.5209469654773525,0.8411165479879612,-0.09381019546102135,0.16367073336980556,0.4357039909317334,0.3955823020548304
305.0,-0.1108609018928824,0.5209253274664312,0.8411676406637402,-0.09372120323430154,0.1636619674586607,0.4356398994262486,0.3955496908722105
306.0,-0.11087483373717776,0.5209045612691058,0.8411800804505186,-0.09370849239024572,0.16365626934873234,0.4356383372783549,0.39555154733201936
307.0,-0.11103172913656446,0.5209531267123547,0.8411240734724708,-0.09375546873992804,0.16366412589726106,0.43568923418386285,0.395585496385069
308.0,-0.11098793195948717,0.5209329936322373,0.8411536779913841,-0.09365353760685487,0.16364268521433628,0.4356498783010888,0.39558428473452445
309.0,-0.110952598771148,0.5209226372394374,0.8411628504282478,-0.09367062451410965,0.16365185699985074,0.4356474937464953,0.3955774854434805
310.0,-0.11098217237878247,0.5209220634443034,0.8411536198518823,-0.09372165726816034,0.16366825409932026,0.43566840086220027,0.395579938605055
311.0,-0.11086887485954079,0.5209640962332114,0.8411561564543147,-0.09359927073592601,0.16362955513765234,0.4356298931213482,0.395566216233488
312.0,-0.1111471284730451,0.5209473501491113,0.8411106313686234,-0.09377142423729891,0.163669046570593,0.43571211157108847,0.39561078311826847
313.0,-0.11105022661549308,0.5208958214008526,0.8411566709907369,-0.09375950759021606,0.16364914150625248,0.4356761669000989,0.39557983187038936
314.0,-0.11086750474612075,0.520953838219428,0.8411522307845629,-0.0936932200426908,0.16363230528237332,0.43564081969390434,0.3955614899151506
315.0,-0.11090925585737507,0.5209438216659558,0.8411532132394078,-0.09369067984731266,0.16362405788218187,0.4356418478817252,0.3955696287443807
316.0,-0.11107112098073063,0.5209191389962824,0.8411388529534267,-0.0937650615295991,0.16362574793090398,0.43567805575717555,0.39559328533098204
317.0,-0.11088750965659862,0.5209321888714842,0.8411665123755454,-0.09366169578693065,0.16359925679927045,0.4356298889807528,0.39556201303329636
318.0,-0.11104916088578594,0.5209275872698887,0.8411355832631755,-0.09377346776275665,0.16363949746542292,0.43568295147292013,0.39559622585580684
319.0,-0.11104649902651934,0.5209377043797138,0.8411291764826268,-0.09377788480876209,0.16363964023702732,0.43568749850523625,0.3955978533745125
320.0,-0.11098849741092331,0.5209103947375061,0.841163575872398,-0.09368966176927675,0.16363320700681297,0.43565152079649094,0.3955873625106855
321.0,-0.11089794076127563,0.5209396541576178,0.8411579568170975,-0.09368465799871482,0.16364329848657536,0.43564351194729223,0.3955731275434471
322.0,-0.1109280378714092,0.5209401727459322,0.8411468399643197,-0.09374593565310776,0.16365260423155062,0.4356661859682751,0.39556817306168063
323.0,-0.11094312732179597,0.5209263507603717,0.8411543419838836,-0.09373757275074766,0.16366005404303094,0.4356631622426818,0.39557255000971936
324.0,-0.1110441860392665,0.520949633734231,0.8411346288183005,-0.09366538347621958,0.1636409123975373,0.43566835918202695,0.39560644813509976
325.0,-0.11075185697009084,0.5209129824757517,0.8411920677744947,-0.09369949828661797,0.16362873511777937,0.4356194164812297,0.395520051865927
326.0,-0.11106951023153916,0.5209316636011249,0.8411297951556225,-0.09377864072458622,0.16364719278284517,0.43569709619132607,0.395586528359374
327.0,-0.11078770048713489,0.5209677413963698,0.8411547404441101,-0.09368778187970864,0.16363958214838245,0.43563898755357044,0.3955410064508058
328.0,-0.11094847450696503,0.5209587158670769,0.8411324220840016,-0.09374807137111824,0.16365197243774152,0.43567992999848254,0.39557056537635843
329.0,-0.11097344852231639,0.520955895720276,0.8411303508285676,-0.09375276717175099,0.16365553029665234,0.4356859338097453,0.39557683991254355
330.0,-0.11118061676622645,0.5209167317360325,0.8411215383217974,-0.09380398085425294,0.16368721155456167,0.4357236272918147,0.39561468702524505
331.0,-0.11108291431089765,0.5209427899493607,0.8411238795016417,-0.09375401367451856,0.16366380416549414,0.4357005537476117,0.39559399987952804
332.0,-0.11087753662407557,0.5209239242225753,0.841158605722087,-0.09379038897671833,0.1636612266784689,0.4356698885437331,0.3955421414287956
333.0,-0.11084828732153515,0.5209474638332754,0.8411595613376843,-0.09368558850621113,0.16362970788543316,0.4356459210607352,0.3955516162776771
334.0,-0.11102774142045947,0.5209704954034287,0.8411227433971997,-0.09367557896349675,0.16361760254930507,0.4356749585659917,0.3956032021577427
335.0,-0.11092300335891338,0.5209731229046405,0.8411265807748947,-0.09375056080237378,0.16362087280075716,0.435673401093984,0.39556546842826446
336.0,-0.11083982930253777,0.5209895090914884,0.841128480515072,-0.09374082847511267,0.16361294508400764,0.43566201096281654,0.39554021312917653
337.0,-0.11086034775061936,0.5209410457065565,0.8411604632839568,-0.09369890715846352,0.16361482077780481,0.4356413494036681,0.3955442391403031
338.0,-0.11087462265279463,0.5209596530281535,0.841142326659664,-0.09374136904245219,0.16361710353597408,0.43566058140826736,0.39554040330765305
339.0,-0.11103302468928813,0.520968939687353,0.8411141169077384,-0.09375539263369613,0.1636226014462056,0.4356898625946262,0.39557899546275854
340.0,-0.11085073122057246,0.5209852127874864,0.8411459985703477,-0.09359451123722277,0.1635800734503885,0.435622627801611,0.3955518651779697
341.0,-0.11083642443779494,0.5209759853800938,0.8411421415448133,-0.09369742468440954,0.1635930766535375,0.43564444395032004,0.39553053686945416
342.0,-0.11082629641873568,0.5209521383625181,0.8411624253465294,-0.09365989399294994,0.16358320271486826,0.4356211012371322,0.39552836299822847
343.0,-0.11093719729295447,0.5209461380744833,0.8411371878584805,-0.09378854238974377,0.1636098732064337,0.4356975741848611,0.39553729055163156
344.0,-0.11086230788849087,0.520940142804175,0.8411699599502144,-0.09361631685853779,0.1635628845403488,0.4356313974623165,0.39554647689934264
345.0,-0.11083527716992904,0.5209078080542613,0.8411807122531225,-0.09373156445989486,0.1635788704697226,0.43562924844340795,0.39550777154384575
346.0,-0.11071615899957896,0.520949807633006,0.8411638751532742,-0.09379000586758006,0.16356956309577128,0.4356435881550253,0.3954778377108167
347.0,-0.11084880237125322,0.5209784385699989,0.8411430303670058,-0.09366115535821262,0.1635510588209363,0.4356371463280542,0.3955400942650513
348.0,-0.11065086711412739,0.520956522046095,0.8411885278611081,-0.093608484334434,0.16354384352605122,0.435583057114129,0.3954994436422276
349.0,-0.11086340174231887,0.5209783506941655,0.8411293958800304,-0.09376675129598436,0.1635676145274773,0.43566566327695344,0.3955369401887486
350.0,-0.11069398647059277,0.5211196550552766,0.8410853466601651,-0.09357663227466488,0.16352708122335158,0.43562993977964454,0.39554888394421484
351.0,-0.11073216585869919,0.5211578551531785,0.8410454701894725,-0.0936770757984545,0.1635771641725775,0.43567559765011765,0.3955610459597177
352.0,-0.11094701426166449,0.5209624588120815,0.8411248513745577,-0.09379691324889361,0.1635642879882145,0.4356796729354113,0.39554963133165955
353.0,-0.1107291065832441,0.5209418348074949,0.8411807499631722,-0.09366758027232591,0.16352344029215318,0.43560126010538164,0.39549999128125957
354.0,-0.1104491549313107,0.5210378793294719,0.841167618702289,-0.09358178094868103,0.16356890923309778,0.4355710167266728,0.39545505991011143
355.0,-0.11064516042473023,0.5210012816089953,0.8411564757529342,-0.09365413143729313,0.16354940460182596,0.43561870598076263,0.39547076618143506
356.0,-0.11080610090954826,0.5208977778144545,0.8411978178076044,-0.0936682677586739,0.16351998607635085,0.4356120797094173,0.39550606678367717
357.0,-0.11055545532821835,0.5209967715712409,0.8411871268702478,-0.09350974760575526,0.16353191323808033,0.43555290586787593,0.39549759108610427
358.0,-0.11070738950410788,0.5210712047814856,0.8410995844118695,-0.09370252162528568,0.1635640412799444,0.43566511005569303,0.39551163587442
359.0,-0.11102231932306882,0.5209443002374003,0.8411361199099371,-0.09370756877193939,0.1635516814635636,0.43567784443796037,0.3955697732217395
360.0,-0.11055449213462884,0.520961414204399,0.8412073687829761,-0.09352578192257581,0.1635285489220234,0.43555154219007663,0.3954856243786618
361.0,-0.11048276405458789,0.5211209666745131,0.8411005191568434,-0.09368251498101225,0.16354596712399677,0.4356289778245009,0.39547007604446055
362.0,-0.11086787568698554,0.5210825571787486,0.8410778845485705,-0.09364440649613218,0.1635004499936083,0.43566077752930266,0.39554169108509524
363.0,-0.11060092893065995,0.5210759796479936,0.841124279595423,-0.09357993496813069,0.16349711164790975,0.43559815664804297,0.3954889493396978
364.0,-0.11053463660680694,0.5210502360778543,0.8411418690913431,-0.09364348164680196,0.16352678744138924,0.4356044269563882,0.3954904781596058
365.0,-0.1106218921082112,0.5209384865164062,0.841202632979104,-0.09361634751163009,0.1635148910995007,0.43558069707929403,0.3954783785089297
366.0,-0.11041586553260943,0.5210993223847381,0.8411334091242176,-0.09358643546969511,0.16349241837826134,0.43557150786097376,0.39544521713573855
367.0,-0.11054925895055745,0.5209734062816587,0.8411847618725726,-0.0936683921403126,0.16352429795388534,0.4356020154235701,0.3954543368006197
368.0,-0.11050273893881955,0.5208492028657659,0.8412830174925532,-0.09353147619780057,0.163509338805324,0.4355172338017918,0.395460621551365
369.0,-0.11053010323979434,0.5208883398054289,0.841253920372598,-0.09354290561169595,0.16350802582543672,0.43552534459441183,0.39546935916440495
370.0,-0.11070454779063241,0.5209468991469273,0.8411839923005675,-0.09363932114743026,0.1635478663317912,0.43562054277355516,0.3955224737745251
371.0,-0.11038997488745833,0.5209342967059802,0.8412557666456417,-0.09343579102916497,0.1635213062882097,0.43551409607006425,0.3954676311748354
372.0,-0.11048584451883482,0.521022817485976,0.841180196779068,-0.09350924214570329,0.16352947339514406,0.435551000776668,0.39549728743192347
373.0,-0.11058589184809135,0.5209991216683788,0.8411756381792439,-0.09356399670109122,0.16353469922413483,0.4355739533267149,0.39549762169324687
374.0,-0.11054347933032566,0.5210610101471639,0.8411493365041245,-0.09350591735625237,0.16350959022058376,0.4355802065338227,0.3954964240966641
375.0,-0.1104181247677006,0.5210093509973789,0.8412048304917599,-0.09344264044537699,0.16350063431367026,0.4355257149346077,0.3954821778944715
376.0,-0.11046514637144808,0.520975208249841,0.8412011289704554,-0.09361060006751609,0.16353456267603889,0.43556409809275015,0.39546059134417993
377.0,-0.11049684444231266,0.5210604024582594,0.8411518807064281,-0.09354153057528547,0.16350174085194202,0.43556971594762234,0.39548422445519293
378.0,-0.11043253903986933,0.520965398239988,0.841226426510936,-0.09347624028328798,0.16349655236002814,0.43552744525350934,0.39547322933575957
379.0,-0.11053421048972792,0.5209966194856557,0.8411821983934118,-0.09358001871103773,0.16354363139874525,0.4355768934550175,0.39550521006283756
380.0,-0.11070217887469999,0.5209167786602331,0.8412109190944072,-0.0935677663460163,0.1635668383412929,0.4355782549411469,0.3955457067621713
381.0,-0.11049148877353117,0.5209481947075411,0.8412275716058348,-0.09349214998978482,0.1635514715008413,0.43553917839759565,0.39551325166961576
382.0,-0.11043898122102853,0.5210108091724261,0.8412013315471673,-0.09344136105402104,0.1635395007669483,0.4355345112674059,0.39551104352221034
383.0,-0.11068377608644657,0.5209095390309486,0.8412260064044152,-0.09349417097706432,0.1635482073974048,0.435556952419632,0.39554084124293043
384.0,-0.11053027765268544,0.5209898800765256,0.8412006573965258,-0.09345617462490369,0.16354233953477798,0.4355452922226896,0.39552173022909004
385.0,-0.11058083406072386,0.5209732212408292,0.8411859330135802,-0.09362162137274166,0.1635825651379484,0.43560211346816613,0.3955071103320002
386.0,-0.11055745605028083,0.5210017395368656,0.841175339467586,-0.09358570715040823,0.16357067717189516,0.4356021229859554,0.39549312442924395
387.0,-0.11067195016918376,0.5210169367668768,0.8411555267800714,-0.0935438443466511,0.16357045427136954,0.43560816023066945,0.39552198899715607
388.0,-0.1104658703714721,0.5209864902858653,0.8412053779618405,-0.09350871890239144,0.16358360750827325,0.4355630101291528,0.39548423378278996
389.0,-0.11039214642247559,0.5210337787226701,0.8411820234290182,-0.09354239091490672,0.1636329206002489,0.43558443048929385,0.3954792866705645
390.0,-0.11051620690893366,0.5209656855536565,0.8412190678487114,-0.09344197329795584,0.16361583973022015,0.43556124147542247,0.3955070104042018
391.0,-0.11060477900317711,0.5209702293012014,0.8411989324632044,-0.09349309635624146,0.16361376829580984,0.43557961998461603,0.3955221612771038
392.0,-0.11038626941457162,0.5210017317978204,0.8412034531300061,-0.09353511335621027,0.16362188925617083,0.435561381238084,0.3954772695107561
393.0,-0.1102345291074379,0.5209449210273186,0.8412681807765353,-0.09344830582327904,0.1635986685285711,0.435504386265598,0.39544705470255404
394.0,-0.11040692965651196,0.520966410314384,0.8412335562958073,-0.09343667893218217,0.16358282907064375,0.4355262192666494,0.3954920406661734
395.0,-0.11050690425511882,0.5209362692491512,0.8412243903866065,-0.093568971948014,0.16360578897870823,0.4355659253636152,0.39549136830721654
396.0,-0.11047423424875795,0.5209931385122574,0.841197114564765,-0.0935361301220654,0.16360951016885725,0.43557504652652834,0.39549433087803926
397.0,-0.11041958669499272,0.5209639546909849,0.8412251907013951,-0.09351070161344117,0.16363345600286766,0.43555410552480117,0.3954825930368002
398.0,-0.11054208101693422,0.5208950706122633,0.8412569557194769,-0.09346394058613731,0.1636237059652574,0.4355471391464619,0.39550370083914543
399.0,-0.11036924630354385,0.5209926383830228,0.8412144161839465,-0.09350725226091657,0.16363562258616976,0.43557245062883587,0.39546872354227613
400.0,-0.11050027149342347,0.5209921013857636,0.841199300141659,-0.09349148482460275,0.1636434194807936,0.4355921381175336,0.3954834033116021
401.0,-0.11061946777039211,0.520993748509576,0.8411741440213436,-0.09356765891105509,0.16364672684896886,0.4356113743123599,0.3954928998490418
402.0,-0.11054860675159482,0.5209312430452547,0.8412164347451243,-0.09361920465005551,0.1636579513962265,0.4356095807876373,0.39547534726494477
403.0,-0.1104730700283826,0.5210134115718303,0.8411952347369298,-0.09344144057466193,0.16364042124809985,0.4355663642863572,0.3955106837184186
404.0,-0.1106051822773508,0.5210009622169199,0.8411756005493278,-0.0935312785271074,0.16363792011051803,0.4356047074008035,0.3955084473120666
405.0,-0.11067316849997975,0.5209833287254688,0.8411734157310559,-0.09356872143859497,0.16363956224173926,0.43563034447026494,0.3955179833508119
406.0,-0.11031806162778947,0.5209648941101972,0.8412393838304308,-0.09349761214081957,0.16367996297223875,0.4355529460320916,0.3954588871494851
407.0,-0.11031602780828438,0.5209954570437558,0.8412270307792292,-0.0934408392231762,0.16366089568701386,0.435542041849093,0.39546353094572906
408.0,-0.11068117441963353,0.5210094089258424,0.8411588061629498,-0.0935453700316385,0.16365798175758756,0.43563934649879543,0.3955320293575254
409.0,-0.11051402878853923,0.5210012740830169,0.8411901246964949,-0.09350666263905665,0.16368288024337008,0.4356047389880171,0.3954908574086101
410.0,-0.11053194938948518,0.5211106842153242,0.8411217838773747,-0.09349057518135198,0.1636742752635093,0.4356288417344478,0.39550855379749583
411.0,-0.11049318960369982,0.5209954280789431,0.8411854167126422,-0.09360616262842082,0.16367093706497665,0.43562657497668467,0.39545879217335234
412.0,-0.1104545145732048,0.5210313315852496,0.8411762837618348,-0.093534011747216,0.1636663253383558,0.4356096618659858,0.39545698785187344
413.0,-0.11052166428480467,0.5210661427234048,0.8411472032857666,-0.09352229165072042,0.16366957903438292,0.4356242747101339,0.39548462919417976
414.0,-0.11083260311860342,0.5209573334785997,0.8411613432937126,-0.09363324905789693,0.16366118808532032,0.43567203493933027,0.39553308309923163
415.0,-0.11052022560810122,0.5210251746608876,0.8411682932188214,-0.09356254370452456,0.16366245635550017,0.43561586946297504,0.39548533359760085
416.0,-0.11036566435149675,0.5210347052308703,0.8411866861229855,-0.09352654792444168,0.16366498032782548,0.4356008897386774,0.39546177983862374
417.0,-0.11064378893007856,0.5210155922953926,0.8411535861331799,-0.09360207845752372,0.1636517339674462,0.43565627939334606,0.39550853026203664
418.0,-0.11079430040062882,0.5210819458278342,0.8410894145159697,-0.09363132766439121,0.16362192346160703,0.43568550824098584,0.3955330971948809
419.0,-0.11052349987711305,0.5210833262591551,0.8411345109909778,-0.09353853478421295,0.1636177664137626,0.4356195838298219,0.3954885356374874
420.0,-0.11041332652406084,0.5210364433998749,0.8411767035665992,-0.09355038937347956,0.16361732951452512,0.43559482622466084,0.39545547128237013
421.0,-0.1107530653195031,0.5210132171846359,0.8411403251848668,-0.09360523163341773,0.16361825502907326,0.4356586551880043,0.3955210950329815
422.0,-0.11056797690303176,0.5210804366628203,0.8411305071667955,-0.09353807205723554,0.16364192658980717,0.4356428268782795,0.3955074221343042
423.0,-0.11033565979973996,0.521101644021342,0.8411463935032305,-0.09355139481225946,0.16365796532104868,0.4356103096300886,0.3954527661180328
424.0,-0.11090042896172439,0.5211053739338303,0.8410618704492719,-0.0936227226145467,0.1636261587013747,0.4357097454890087,0.3955654535557608
425.0,-0.11065312205250212,0.5210773223944906,0.8411156493993008,-0.09358832727330146,0.16362999714880563,0.4356622532434645,0.39551593468933066
426.0,-0.11036956359206909,0.5210742404289704,0.8411661230350419,-0.09348662392056171,0.16362291195261228,0.43559323720250664,0.39546030242940744
427.0,-0.11041759778479056,0.5210509115817381,0.8411597420966259,-0.09361725223063301,0.1636153833595545,0.4356188341757077,0.39544628853836017
428.0,-0.11047558886588407,0.520974087842257,0.8412107554396157,-0.09351796081168369,0.16357754900688692,0.4355859744501056,0.3954608646477173
429.0,-0.110343540286294,0.5211206380524517,0.8411469670770111,-0.09343106276842945,0.16357339415121497,0.43557199306971484,0.3954561523718782
430.0,-0.11061570090320456,0.5210909576996083,0.8411027755376655,-0.09367230914327437,0.1636010248465263,0.43567461529213314,0.39548248237500366
431.0,-0.11082935973256601,0.5210922777380234,0.8410656466724762,-0.09374576838704582,0.16359689215053053,0.4357378846003488,0.39551793343400554
432.0,-0.1104564548175398,0.5211330537796087,0.8411106129055248,-0.09355559152275565,0.1635734824623564,0.43563687799228257,0.3954557432388202
433.0,-0.11035795298180136,0.5210564211327905,0.841158454962012,-0.09366846777798356,0.1635630810087926,0.43561241340065454,0.39540631253369785
434.0,-0.11066345959790079,0.5210648029118227,0.8411180507564319,-0.09362421998600441,0.163513848781988,0.4356455638488965,0.3954924227243278
435.0,-0.11027252012609803,0.5211186128398433,0.8411524414639557,-0.09347691092533748,0.1635370591755034,0.43556482577738365,0.3954262486364316
436.0,-0.11032975227195936,0.5211556425531001,0.84111185768974,-0.09356807603231003,0.1635918473975973,0.4356190808399861,0.39544822853307826
437.0,-0.11055669301412042,0.5211195657008985,0.8410999570044279,-0.09360810969482349,0.16357193460222097,0.43565655002015213,0.3954910821557758
438.0,-0.11060057152846826,0.5211361087335248,0.8410975156632089,-0.0934860358386961,0.1635440070108627,0.4356264670300125,0.395503501167574
439.0,-0.11061620345186496,0.5211872064792371,0.8410546140036902,-0.09356862508003695,0.1635682616236269,0.4356753978555403,0.3954994975377846
440.0,-0.11050850590155338,0.5210599750991064,0.841139480797104,-0.0936415843389218,0.1636066407116492,0.4356485888358276,0.39546469498003956
441.0,-0.11049955671562199,0.5211929035438078,0.8410708949715544,-0.0935283641093675,0.16357034117306263,0.43563956100100726,0.3954878858900981
442.0,-0.11062409502257299,0.521282267975586,0.8409862824599655,-0.09364389680503973,0.16355519012959646,0.4357326424568767,0.39548686053583615
443.0,-0.1105630744515287,0.5212429107958494,0.8410064874959068,-0.09375351994828218,0.1635849005869602,0.4357336906715649,0.39545251781432844
444.0,-0.11039895368090757,0.5211882437911727,0.8410777874907747,-0.09361111552405117,0.163522148428356,0.4356437028010193,0.39543240536691315
445.0,-0.11038359518919706,0.5210678486629499,0.8411526395492598,-0.09362689774944848,0.16349242855397236,0.43560706742905475,0.3953994446532608
446.0,-0.11046243159553705,0.5210937680267284,0.8411131541895852,-0.09374432238250287,0.16351536468966343,0.4356577289526944,0.39540091320095955
447.0,-0.11015791312351975,0.5211805653242992,0.8411083545569241,-0.09366316457956532,0.16350175101912862,0.43561315150337976,0.3953750418925933
448.0,-0.1105901901205293,0.5211630346958531,0.8410705370192596,-0.09359088029209116,0.1634813642650929,0.43566027233213656,0.395485810141796
449.0,-0.11032317995383221,0.5212241561253113,0.8410557068517285,-0.09369884208714094,0.16351330224476904,0.43565757347426415,0.3954284105287392
450.0,-0.11031089955987143,0.5211960148123287,0.8410822439149558,-0.09363161086418283,0.16352993806904528,0.43563317663097517,0.3954437444940812
451.0,-0.11045664032424683,0.5212421249335305,0.8410540594451581,-0.09345612282712193,0.16347007067834057,0.4356226553862282,0.39549691525301145
452.0,-0.11033293812026952,0.5211741341857115,0.8410964827090157,-0.09359952668707806,0.16349348954348492,0.43562052882896884,0.395438398547858
453.0,-0.10993480184604214,0.5211668533906196,0.8411504395188911,-0.09362365281897723,0.1635319124338097,0.4355616081644627,0.39533687490248975
454.0,-0.11028096262178287,0.5212331466199571,0.8410732150264557,-0.09354123749947332,0.16349377956664402,0.4356070066695271,0.395435567301769
455.0,-0.11040493462445777,0.5211050767922876,0.841132796345758,-0.09357279659943435,0.1634771915343572,0.43560518393436065,0.39544446498844493
456.0,-0.11026462137536316,0.5211771419906134,0.8410998643537175,-0.09363289018075767,0.16352544679895728,0.4356223922263276,0.3954177724132611
457.0,-0.11022181905366979,0.5211700680887489,0.8411186063214231,-0.09355426678017298,0.16351372859480032,0.43560238189910133,0.3954124561045809
458.0,-0.11041762477956757,0.5211677642803464,0.8410960623952418,-0.09353888729444855,0.1634899905750842,0.4356285331514034,0.3954521207436415
459.0,-0.11025804694354449,0.5210910574241367,0.8411589712848954,-0.09358877060698376,0.16351871242380522,0.4356080434441616,0.39540149366225746
460.0,-0.10989685519467234,0.521051898509294,0.8412305586923824,-0.09358817981072,0.1635330190341601,0.435529167741743,0.39531127340268224
461.0,-0.11019481672477098,0.5211454886146812,0.8411394536989958,-0.09353556272623802,0.16347481430291186,0.43557753216770956,0.39540034969405946
462.0,-0.11007596402027921,0.5210581941431681,0.8412141872306184,-0.09348974095159798,0.1634679556878766,0.4355235264330891,0.39536520426304583
463.0,-0.11005666550422906,0.5212190095590994,0.841104993347209,-0.09359842209520974,0.1635155317635439,0.4356020349532751,0.3953614472513116
464.0,-0.11032191773192834,0.5212603081293314,0.8410378217673008,-0.0936597458558272,0.16351994628917377,0.4356887133444981,0.3954327435814834
465.0,-0.11003051565877094,0.5211272499613302,0.8411801416700667,-0.09346466835940194,0.16348058377915742,0.4355481322564933,0.39536481318331607
466.0,-0.11010689028234784,0.5212372788977626,0.8410816264553002,-0.0936475810628018,0.16347217747718465,0.4356073060966462,0.3953377410556592
467.0,-0.11049772340392063,0.5211575317012549,0.8410744620819577,-0.09369540814336359,0.16344833273348547,0.43567189553093627,0.39540812140753123
468.0,-0.1102035288877066,0.5211764606000587,0.8411410720720403,-0.0933379666083986,0.1634322033575508,0.43552714836620454,0.39542696843928427
469.0,-0.11003414637809163,0.5211509292900206,0.841153356078404,-0.09356937046400465,0.16350576812581788,0.4355710007190666,0.3953619793179478
470.0,-0.11034304042933624,0.5212453465775475,0.8410396939712064,-0.09370130876824287,0.1634755911679218,0.4356882894443148,0.39542069744750963
471.0,-0.11033989662376913,0.521332672073501,0.8410185074209752,-0.09340889902549268,0.16338333907293529,0.43560948806323263,0.3954371817531564
472.0,-0.1101958804603908,0.5214233243447165,0.840961825590691,-0.0935830789087223,0.16345974034278135,0.4356807618342436,0.395415730709492
473.0,-0.10992224899932729,0.5211388371549239,0.8411777068225135,-0.09354932992042875,0.16350030433857346,0.43556283670960466,0.39533349456778133
474.0,-0.11003624292894038,0.5211509291364139,0.841169100496492,-0.09342525714312036,0.16342981933718614,0.4355125628630291,0.39533756714403
475.0,-0.11064640653062519,0.5213204480299074,0.8409687995881565,-0.09356196506599998,0.16340572701118222,0.43570849235060055,0.39547149774570944
476.0,-0.11027826028845591,0.5212235929255525,0.8410832693635605,-0.09350724828714452,0.16344912556642077,0.43562407043193685,0.3953978390699987
477.0,-0.11018428849533848,0.5212519058424854,0.8410873140382094,-0.09342378384727959,0.1634485903504314,0.43558452808357484,0.395383248507724
478.0,-0.11028993626224598,0.5211791838226818,0.8411060301833749,-0.09353627263450588,0.16344354843945696,0.4356324113198093,0.39539146192310926
479.0,-0.10994495595145014,0.5211702533008962,0.8411690150163065,-0.0934257026284002,0.16344000940363534,0.43553907744453546,0.3953378868353532
480.0,-0.11017439482555437,0.5212765397952701,0.8410687955598168,-0.09346471483641446,0.16342747981721756,0.4356021418300423,0.39538514233785804
481.0,-0.11061816674683037,0.521234001908089,0.8410247840656054,-0.09357376249702896,0.16339187656703308,0.4356929806564447,0.3954442494452406
482.0,-0.11035115360283794,0.5212852423189144,0.8410355811085797,-0.09350652569947922,0.16338738464625263,0.4356454839052038,0.39540658405603263
483.0,-0.11003149071911177,0.521262159723177,0.8410966736336313,-0.09346238544623198,0.16343047099737554,0.43557202950589424,0.3953601823430589
484.0,-0.11022673069073857,0.5211214675749006,0.8411600034704092,-0.09344694984575098,0.163385392775146,0.4355712189633367,0.3953747135381368
485.0,-0.1103625789036803,0.5212837425399779,0.8410357500453778,-0.0934998828173151,0.16337541618131046,0.4356397784333697,0.3953998708952575
486.0,-0.1103510361885375,0.5213036465260357,0.8410279061649671,-0.09347308694242207,0.1634042614218986,0.4356410514799978,0.39541614588516216
487.0,-0.11021465854599646,0.5212830418008373,0.841051150861443,-0.09353972956502479,0.16342165196774883,0.43563378606267444,0.39538564063652804
488.0,-0.11009681053292358,0.5212273169418052,0.8411111063077024,-0.09344989689645168,0.16338765911671455,0.4355729914761355,0.3953778561586721
489.0,-0.10989079309155542,0.5211818631518157,0.8411883600338897,-0.09325031934961923,0.16333994363082213,0.4354731514526555,0.3953561162688106
490.0,-0.11015700462535659,0.5212858715598131,0.841067762883371,-0.09344245653051209,0.1633625014042555,0.4355971288636692,0.39539793927632927
491.0,-0.11030347037248477,0.5212062793282778,0.8410934920004821,-0.09348206526919678,0.16336608516675655,0.4356087327692177,0.39540407821874807
492.0,-0.10992021299995278,0.5211123092209285,0.8412182972332024,-0.09333426140784443,0.16338502199841284,0.4354906010623436,0.39534313084917516
493.0,-0.10985239143206126,0.5210849922527356,0.8412446395992669,-0.09332919849180729,0.16341352898574413,0.43548567567830454,0.39532860526360986
494.0,-0.11024757536934829,0.5212763767879454,0.8410640151967128,-0.09342233924065198,0.16340221263293184,0.4356176843210885,0.395402791841134
495.0,-0.11014856201805798,0.5212932745512694,0.8410704019935864,-0.09338733898830079,0.16341168642884393,0.4355952614445149,0.3953908173151285
496.0,-0.10991214792237876,0.5210898773249298,0.841243600398348,-0.09324089380418604,0.1634002170687629,0.4354773615789973,0.39535029837026076
497.0,-0.11032940010919572,0.5212018736072004,0.8411066966942226,-0.09335713789540845,0.1634014564855562,0.43559165868299565,0.39545602581341377
498.0,-0.11020937559950333,0.5211508601396266,0.8411467232820976,-0.09342304007837303,0.1634093469032445,0.4355771978164187,0.39539373898853525
499.0,-0.11007791153513542,0.5212249429487991,0.8411240811030662,-0.09336858373460868,0.16341655600712982,0.4355635746242455,0.39536774751094483
500.0,-0.11032320780460023,0.5211971375614796,0.8411156921676544,-0.09330983874571312,0.16340017733340156,0.435577873705316,0.39544839193358805
501.0,-0.11010992663657297,0.5210856174309141,0.8412076840297229,-0.09335531957034529,0.16342591995471292,0.43553569399601266,0.3953883736932028
502.0,-0.11007652213452641,0.5212463722616721,0.8411073549593058,-0.0934012639752466,0.16346004276936457,0.43558490489599433,0.39539410766456784
503.0,-0.11003609078916832,0.5211386454163794,0.8411927725208939,-0.0932807077376181,0.16341309856173164,0.435506653710301,0.3953819230766841
504.0,-0.1104179476593078,0.5211741911535074,0.8411049944740713,-0.09342230772661386,0.1634050208015765,0.4356092980538225,0.39545416077051865
505.0,-0.11005144405450272,0.5212312193494585,0.8411233228498037,-0.09337157701945524,0.16338517990623844,0.4355517182578411,0.3953779726445744
506.0,-0.1099534579159535,0.5211315670570689,0.8412019704371169,-0.0933347300937883,0.16337151379029205,0.4354976928106231,0.39534701135751
507.0,-0.11023936179428377,0.5212575137414439,0.8410770903244608,-0.09341956760024296,0.16336985395652512,0.4355957796612294,0.3954274673597946
508.0,-0.11028114361243407,0.5212019420773633,0.841112524912934,-0.09336126269983622,0.16335959461853622,0.43556159255467497,0.39542841688411057
509.0,-0.11020573045017111,0.5212912473783058,0.8410619010927838,-0.09340776687677937,0.16337988544567303,0.43559690446296256,0.39541427253415434
510.0,-0.11030248893791635,0.5211834079933176,0.8411259719529299,-0.09331835549778436,0.16337284088889092,0.4355707519582529,0.39544444745257223
511.0,-0.11008180069415813,0.5211621147226649,0.8411592513795068,-0.09339786481713254,0.1634213250624295,0.4355481255006712,0.39539323496119994
512.0,-0.11020942680657296,0.5212753019409629,0.841077786265734,-0.09334934000654,0.16341259550705217,0.435586892224834,0.39543385541440473
513.0,-0.11036911178609783,0.5211716074827281,0.8411126694766223,-0.09342532827519219,0.16342407861260316,0.43560404088064886,0.3954492918733998
514.0,-0.11034347527281067,0.5211925304762779,0.8411051348924087,-0.09340672191055514,0.16342442593044085,0.43560651240724213,0.39545579979998113
515.0,-0.11014413871811517,0.5211388108973012,0.8411734736851035,-0.09332628596021542,0.1634268773795745,0.4355406035776061,0.3954109311691393
516.0,-0.11037262126619042,0.5211678423165957,0.8411173911473384,-0.09339967301543149,0.16344712009528004,0.4355995517840229,0.39546634903729316
517.0,-0.11048127044493099,0.5212130275777503,0.841068666762766,-0.09345783302651714,0.1634593042632943,0.435653250093786,0.39548341093156675
518.0,-0.11047401201649211,0.5212491829798773,0.8410540271029605,-0.09339649568202707,0.16344853373265192,0.435647252793152,0.39547943610772784
519.0,-0.11036678742975875,0.52125971007162,0.8410542704126481,-0.09346229779506313,0.16346435416153202,0.43563441701358807,0.39545162652149346
520.0,-0.11040197252566294,0.5211174625042978,0.8411351550478129,-0.09348607210818125,0.16346167386872937,0.43561090646798883,0.39545944139711353
521.0,-0.11048197172174785,0.5212387486671519,0.8410585925694397,-0.09340420053450332,0.16344327865172217,0.4356464042067728,0.3955111929269765
522.0,-0.11030204523805535,0.5212849828580423,0.8410461457871019,-0.09347088380695653,0.16346313237418472,0.4356392861470233,0.3954539161628531
523.0,-0.11052809178809281,0.5212259425614063,0.8410487845786333,-0.09350935613862509,0.1634483589405618,0.4356626065647667,0.3954911343095379
524.0,-0.1104933838223909,0.5212170800917788,0.8410659520395749,-0.09344534162729297,0.16344974133571025,0.435642054834128,0.39551683510725966
525.0,-0.11025207570983793,0.5211392890292789,0.841150769855767,-0.09340076874833815,0.16346837908945988,0.4355745931317685,0.395466214183965
526.0,-0.11039787861070073,0.5212253971462298,0.8410705449274867,-0.09347048851585672,0.16345288297098728,0.43562838192551023,0.3954924141035218
527.0,-0.11062040779439382,0.5211549927874348,0.8410832914551346,-0.09348527000082928,0.1634597786080117,0.435654497792016,0.3955328584333476
528.0,-0.1104762781426304,0.5211937474353107,0.8410866737069559,-0.09340919073976738,0.16347353481813334,0.4356286843295736,0.39551983765851784
529.0,-0.11027581733147059,0.5211464728765745,0.8411413212544404,-0.09341774777051828,0.1634868773630162,0.4355773597838388,0.3954717654404559
530.0,-0.11040994836735854,0.5210843960186964,0.841164181989414,-0.09339975623858868,0.16348315492449098,0.4355803989349014,0.39549509355615076
531.0,-0.11034878719176765,0.5212575380395041,0.8410657793754396,-0.09339207121530947,0.16350514496637747,0.4356247867222764,0.395507257890128
532.0,-0.11037409833736427,0.5211556581745617,0.8411147325347023,-0.093489812717373,0.163557188530044,0.43562743313133057,0.3954864183510721
533.0,-0.11044161880577459,0.521147631347548,0.8411119475813563,-0.09347987383548394,0.163558260512306,0.4356350320719682,0.395505300728343
534.0,-0.11029464929556645,0.521185259021814,0.8411176794715437,-0.0933919985627141,0.1635618917744449,0.43560021469453614,0.3954933448204411
535.0,-0.11039599597351371,0.521139577089754,0.8411168930629408,-0.09353415134523786,0.16361887328697217,0.435647895000283,0.3954910863051119
536.0,-0.11060165610395818,0.5211526658373622,0.8410807254670754,-0.09354349686349597,0.16362249047849223,0.43568623457312455,0.3955342751028647
537.0,-0.11048061386669958,0.5210967989492364,0.8411407022142493,-0.09345843548345871,0.16363660529883095,0.43563541131654626,0.39551065318080314
538.0,-0.11028007604415191,0.5211448264036986,0.8411335739142396,-0.09349163371453784,0.163669482476517,0.43562950747072754,0.3954697944920459
539.0,-0.11052945699632344,0.5211403763469867,0.8410995274999228,-0.0935282423464993,0.16367254624288397,0.4356808340978412,0.3955124280727169
540.0,-0.11058486763227328,0.5211616635819817,0.8410795101890306,-0.0935241412865909,0.16366984127814213,0.4356972640806895,0.395513336363323
541.0,-0.11036819092354001,0.5211719879838844,0.8411092199166023,-0.09345534518943166,0.16366283767825232,0.4356424228050595,0.39547389243540815
542.0,-0.11055898126444355,0.521139033325657,0.8410947959789785,-0.09354337915239536,0.16366335143282174,0.4356853994628119,0.3954987038109263
543.0,-0.11064218741504472,0.5211887323369209,0.8410445723596808,-0.09361965046596278,0.16365934262635837,0.4357254947933292,0.3955160435395312
544.0,-0.11048131013847831,0.5211107571119368,0.841128785771511,-0.0934870294685481,0.16363163306161393,0.43563981491743964,0.39547888312502916
545.0,-0.11061669935201024,0.5211766416983173,0.8410559390294375,-0.0936149635252916,0.16363160630533874,0.43570817113038124,0.39550904726439634
546.0,-0.11078510995558606,0.5211809613957668,0.8410291334362555,-0.09363258835562667,0.16362582783040616,0.4357423698566248,0.3955472466505326
547.0,-0.11043917977106457,0.5211764670488523,0.8410864593004139,-0.09355130008430705,0.16362870489507167,0.4356661655155569,0.39547973751867926
548.0,-0.11049609662637724,0.5211509882810765,0.8410955404889482,-0.09354438419058496,0.16363252274479598,0.43566604808727294,0.3954926809775396
549.0,-0.11065515435517218,0.5211153086386601,0.8410899700552728,-0.09360520385901296,0.16364314172697195,0.43569727150566456,0.395508564363689
550.0,-0.11063894311729247,0.5212069587797418,0.8410362136512123,-0.09359710312126822,0.1636543223991479,0.4357184748791799,0.39552037149821917
551.0,-0.11059450098432341,0.5212074709464338,0.8410433047023447,-0.09358305507414015,0.16364774413326624,0.43571808605016826,0.3955062800670289
552.0,-0.11081794685083252,0.5211395441887758,0.8410527471402772,-0.093612150206445,0.16365169852002823,0.435743394899445,0.39552864471450455
553.0,-0.11052003091268336,0.5210970129532366,0.8411105235169147,-0.09368197845570737,0.1636882206148572,0.4356829828673291,0.3954411464440641
554.0,-0.11076419929460965,0.5210601249378175,0.8410969851164791,-0.09372032854391527,0.16370099736231017,0.4357314313669543,0.39551264829361277
555.0,-0.1109523922322259,0.5211775794592245,0.8410090765487148,-0.09363349021396072,0.16365340554827326,0.43576589536120097,0.3956036323571307
556.0,-0.11077145043712625,0.5212090849862767,0.8410146546795442,-0.09362225221639668,0.16365814619116728,0.4357392079831638,0.3955638385703616
557.0,-0.11078639392874093,0.5213085628134239,0.8409394619672063,-0.09372608262364339,0.16369371378596667,0.4358031882921073,0.39558255836043993
558.0,-0.11085526200993444,0.521237615043935,0.8409905415453944,-0.09358081309330364,0.16366596234075578,0.4357559156369485,0.39562162918088484
559.0,-0.1108975619458649,0.5211251242507163,0.8410572004245227,-0.09355811692847828,0.1636594510802203,0.4357247823804703,0.3955986862145231
560.0,-0.11085747973854906,0.5212440422209574,0.8409581320844352,-0.09383329748139271,0.163711979868862,0.4358231777628326,0.39555836998341704
561.0,-0.11077193661855078,0.5211826242814889,0.8410263086698162,-0.09366428524287745,0.1636695962345333,0.4357525988013995,0.3955513800401976
562.0,-0.11067398350683098,0.5212123353732319,0.8410220876112323,-0.09365265068088617,0.1636734800819579,0.43573784152041417,0.3955401265598366
563.0,-0.11079469700623801,0.5211359049275367,0.8410430207094304,-0.09374721876733164,0.16369677053397091,0.4357570604874381,0.3955448896413985
564.0,-0.11080652651967046,0.5211682261716425,0.8410142370982064,-0.09381176209767575,0.16368817755321372,0.43578344710964584,0.39554180833326263
565.0,-0.1108285799327442,0.5212334312825491,0.8409845100618426,-0.09368985974775464,0.16365018295097894,0.43577096127265225,0.3955697225946626
566.0,-0.11073701870010813,0.5211041043169294,0.8410748142166777,-0.0937068943239686,0.16368097245066077,0.4357250439310071,0.395537789677619
567.0,-0.11088668763072737,0.521129188265097,0.8410172800504346,-0.09390658284175421,0.16372073410759336,0.43580396693765966,0.3955564305079034
568.0,-0.11080960601876864,0.5211637379711835,0.8410327345224323,-0.0936671174937542,0.1636566181214439,0.43573566840946576,0.39557545393974314
569.0,-0.11080897691040448,0.5211988077340376,0.8410164923699762,-0.09361855058901893,0.16364827343991586,0.43573521473590654,0.39558750838822526
570.0,-0.11069908231109532,0.5211353556038437,0.8410609925413155,-0.09370198045160896,0.16367932710319635,0.43572456187799874,0.3955508052348776
571.0,-0.11074636743455464,0.5211110822139583,0.8410758226138098,-0.09364797225968642,0.16367120707801425,0.43571434614917653,0.3955692465300025
572.0,-0.11073576271284376,0.5212727892683195,0.8409734541789955,-0.09367987719398414,0.16369085241234038,0.43577040206288487,0.39559301790948254
573.0,-0.110723611177285,0.5212680740617762,0.8409644575056823,-0.0938011625938695,0.16370936246387224,0.43580447376871534,0.39557159067494174
574.0,-0.11088376657895573,0.5212733755312313,0.8409380162108946,-0.0938195670573293,0.16369991275469872,0.4358050342992025,0.3956133429718003
575.0,-0.11096236311090966,0.5211326361167107,0.841029028589468,-0.09369259638171223,0.16367453507137322,0.43575525300852874,0.39563138595226155
576.0,-0.11078247687761082,0.5211661573288836,0.8410277391824393,-0.09373057770856617,0.16371050443985133,0.4357495463641813,0.39558667213362597
577.0,-0.11081184334797442,0.5212009305233498,0.8409862473961186,-0.0938746882072721,0.16374123102295646,0.4358054410849693,0.3955583048140391
578.0,-0.11087216340265318,0.5211402567165124,0.8410275841962307,-0.09376992499151941,0.16371102569240492,0.4357717965394496,0.3955765333035601
579.0,-0.11078553956777186,0.5211409292519827,0.8410500041842074,-0.0936674251957551,0.16370538090689232,0.43573327516872795,0.3955821782559016
580.0,-0.11093549404082341,0.5212002632574105,0.8409774450154155,-0.09381118652734319,0.16374781601133334,0.4358139657491456,0.39560782140324136
581.0,-0.11094579870191112,0.5211856065665065,0.8409847305737365,-0.09381511711935148,0.16374727864742566,0.4358079966740856,0.3956077004200405
582.0,-0.11088042760324807,0.5211781565814954,0.8410049406892036,-0.09375259790098783,0.1637227100913948,0.43577659836944915,0.3955927725326729
583.0,-0.11081894873426568,0.5212650900622248,0.8409494148549671,-0.0938400135280337,0.16372422924600752,0.4358154989983007,0.39556672097469187
584.0,-0.11099932795604639,0.5212090419888964,0.8409470433405409,-0.09395932119340338,0.16373838244390154,0.43585201029191106,0.39557942315618744
585.0,-0.11091113700087357,0.5211995248058812,0.8409798513380274,-0.09382251688569454,0.16368663226700908,0.43578880514977997,0.3955798641986892
586.0,-0.1108136395372087,0.5212344133206759,0.8409764649333965,-0.09377424534964837,0.16364989805369853,0.43577532560940146,0.3955909867822215
587.0,-0.11077155090067645,0.5212059640991833,0.840998309625373,-0.09378619144503625,0.16364889115499512,0.4357594294609673,0.3955911703108182
588.0,-0.11102113392460335,0.5212148507122742,0.8409484902222805,-0.09388835929945828,0.16367535607833328,0.4358331773874077,0.3956274487659912
589.0,-0.1109954091304335,0.5212915051007043,0.8409103234696895,-0.09383503473603012,0.1636603308640151,0.43583252056954624,0.3956416554368188
590.0,-0.11089058853051882,0.5211172016520329,0.8410351538813409,-0.09380836558377278,0.1636850769513214,0.43576413610851594,0.39561041355059356
591.0,-0.11087887067003144,0.5211790506025746,0.8409964290099498,-0.09382579413173103,0.1636983097677555,0.43578371181042425,0.39561067584123233
592.0,-0.1108610789464799,0.5211706939771448,0.84100290199072,-0.09383521597668416,0.16371378837882333,0.4357878326989098,0.39559589382120997
593.0,-0.11092838998882494,0.5211401611269034,0.8410163064850429,-0.0938051010413016,0.16372367432643448,0.43578513193615065,0.3956099468846166
594.0,-0.11100962893699604,0.5212124860008229,0.8409500732524761,-0.0939009106279987,0.16375419340977235,0.4358433292398691,0.39562576825738466
595.0,-0.11093696340138195,0.521115171074819,0.8410238637047825,-0.09386601784470268,0.16377236391666655,0.43580274786540973,0.3956076276205377
596.0,-0.11081575426814579,0.521187136395617,0.8410022729723118,-0.0938030613419602,0.16377245696639056,0.43578445494111484,0.3956003556643427
597.0,-0.11085249779657308,0.5212097748199086,0.8409748147180266,-0.09388000518971878,0.16379258901488006,0.4358218329723784,0.3955981393900752
598.0,-0.11084820384147792,0.5211769489973698,0.8410008209622125,-0.09383433635826383,0.16379060715016278,0.4358048680726039,0.3955984651987513
599.0,-0.11101436916236948,0.5212260192490143,0.8409411697358449,-0.09389992407140794,0.16380709332435867,0.4358547581963861,0.395641874594037
600.0,-0.11101953806744293,0.5211764670485043,0.8409793001361224,-0.09382733665989108,0.16376721716506903,0.4358228467591906,0.39564085269093885
601.0,-0.11100480731850412,0.5212149873686902,0.8409544018592024,-0.09385394870792076,0.16376880919335807,0.43583757943153867,0.39563910184372764
602.0,-0.11098735576043223,0.5211961068101671,0.8409674651688492,-0.09386238668770555,0.1637715070019138,0.4358283768086235,0.3956293793947806
603.0,-0.11110408079550797,0.5211760886677528,0.8409678731182987,-0.09383178680198409,0.1637554409449752,0.4358338903617491,0.3956544322006413
604.0,-0.11093866037220836,0.5211932718946105,0.8409726783875398,-0.0938889832317827,0.16377391520858492,0.43582672230079356,0.39561901725397897
605.0,-0.11096455793642697,0.5211856191998682,0.8409678068080664,-0.09394447899506407,0.1637895348688058,0.43584618794222507,0.395618696700061
606.0,-0.11103667549695073,0.5212697276797389,0.8409091148079756,-0.09391798726624564,0.16376932994481896,0.4358605609123649,0.3956375571229471
607.0,-0.11112982294323649,0.5212982232909572,0.840863016531536,-0.0940622787082153,0.16379551069440926,0.43592880120845645,0.3956417146934701
608.0,-0.11096234471520688,0.5213096362803621,0.84088611561122,-0.09399022155955451,0.16376602658028627,0.4358933686824017,0.39560281380741064
609.0,-0.11114504604992935,0.5212975099341796,0.8408706462095358,-0.09398000435273786,0.16375722271107046,0.43590197953491605,0.3956374123827085
610.0,-0.11122471117550485,0.5212850952807061,0.8408651196831113,-0.09400406141448238,0.16378549360721315,0.4359255858252104,0.39565405370600704
611.0,-0.11108680580026879,0.521291467082049,0.8408727132256925,-0.09406385106405608,0.163827642162306,0.43592991799536185,0.3956233352629141
612.0,-0.11120861779879929,0.5212742794442504,0.840867696899071,-0.09406000865835557,0.16381349053862881,0.4359298382854051,0.39565062793153793
613.0,-0.11131775860393603,0.5212858268277024,0.8408443682274584,-0.09407545794797287,0.16378081244103274,0.43595289366268086,0.39567105511495715
614.0,-0.11114634510243346,0.5212241980226666,0.8409139333717051,-0.09399777671480442,0.16376805618489432,0.4358926438760748,0.39564193633574685
615.0,-0.111071702631355,0.5212948659138815,0.8408752002074854,-0.09404061528095972,0.16377375215979764,0.43590543589324426,0.3956313697094736
616.0,-0.11125502688614287,0.5212928584784184,0.8408475462472246,-0.09408229728267034,0.16376238755795972,0.43593848030717947,0.39566221661036927
617.0,-0.11133812591838001,0.5212307001294737,0.8408712775545295,-0.09411627671840393,0.16379233206053384,0.4359412646376212,0.39567257103850706
618.0,-0.11135749660848598,0.5213459231588676,0.8407979160841215,-0.0941105767877222,0.1637819069746728,0.435978351520484,0.3956842412655423
619.0,-0.11132707389828014,0.5212976541440979,0.8408313286460424,-0.09411543533575403,0.16377696552032847,0.4359645055085599,0.3956703298757639
620.0,-0.11114995427589924,0.5212740618831735,0.840874638565198,-0.09406849786262537,0.16379605206724976,0.43591201899882936,0.3956543612217121
621.0,-0.11120702298824395,0.5212725436717016,0.8408760731138393,-0.09399661119835932,0.163797128111724,0.4359089715075395,0.39568485314726864
622.0,-0.11128183730112293,0.5212499980261908,0.8408704272323221,-0.09408356312722552,0.16380617575449724,0.43593736692356,0.39569194088213344
623.0,-0.1114049803867913,0.5213301033192922,0.8408067311480408,-0.09406324773396336,0.1637920702382979,0.4359636422804298,0.39573269427747954
624.0,-0.1114140594461484,0.5212646121419555,0.8408444930932502,-0.09407789283876417,0.1638083522041583,0.43595671876648845,0.3957254534153532
625.0,-0.11130225674551035,0.5212373151029995,0.8408800817624484,-0.09404337872891766,0.16381440434032632,0.43592318074926806,0.3957063799608133
626.0,-0.11137078737082463,0.5212633444906648,0.8408495211106921,-0.09409121244159152,0.16381843427048812,0.43595415846208424,0.3957077874689237
627.0,-0.11147187706052977,0.5213081611949888,0.8407989017337157,-0.09417551985244975,0.16383603072417388,0.43600776522775964,0.3957082261471295
628.0,-0.11125352870305039,0.5213378080229487,0.8408165852599181,-0.09411170080705997,0.16380902893802118,0.43595497590282545,0.39567793213365077
629.0,-0.11158032795813477,0.5212324356028888,0.8408466486050511,-0.0940398427151434,0.16376611664822535,0.4359679725582155,0.3957487069807809
630.0,-0.11151628963125056,0.5213429306923735,0.8407787686147012,-0.09411019079096992,0.16378078648188307,0.43599525690699614,0.3957393755100855
631.0,-0.11153538791029115,0.521278621388812,0.8408027439664985,-0.09422951695242542,0.163819110944258,0.43602010209439374,0.3957189812005213
632.0,-0.1114582875512202,0.5213388751807786,0.8407901505280866,-0.09409968191416723,0.1637581337825608,0.4359835554167579,0.39572354513668984
633.0,-0.1116612887732942,0.521292440544168,0.8407861187341582,-0.0941522732861088,0.16376638571715818,0.43601084043907656,0.3957608934740303
634.0,-0.1114844936565444,0.5212758157766206,0.8408141727440301,-0.09420328270997183,0.16378218803774963,0.4359933963941829,0.39569717331486676
635.0,-0.11153555270082025,0.5213702257203484,0.8407474578434826,-0.09421581791693434,0.1637880541874153,0.4360291681347791,0.3957180184053003
636.0,-0.11154132217945073,0.5212386834415711,0.8408393797366976,-0.09411644816164327,0.16376798102657691,0.4359718137372687,0.39571107476745404
637.0,-0.11149890506056423,0.5213120620053727,0.8407861563709599,-0.09423570147746155,0.1637959113036217,0.43601826585551184,0.3956908122978301
638.0,-0.11155193238716095,0.5213072782319954,0.840782820684583,-0.09422917003091769,0.16380521326177155,0.436017538351624,0.39571210674160334
639.0,-0.1115267820654075,0.5212340946142313,0.8408488979956671,-0.0940740465446778,0.16376373790245471,0.43595965136144216,0.3957143093754405
640.0,-0.1115892981113214,0.5213368888718013,0.8407630263018993,-0.09419771999451906,0.163794035890194,0.4360282231299232,0.3957316532090478
641.0,-0.11150290219547972,0.521197782836186,0.8408512046946038,-0.09428268946239655,0.16383810891159406,0.4359935213430284,0.3956986358715233
642.0,-0.11151179735699678,0.5212362364181643,0.8408289532343463,-0.09425803041477836,0.1638228440735363,0.4359991811924391,0.3957157288783516
643.0,-0.11184961074821435,0.5212826285192171,0.8407605126506172,-0.09421170918224683,0.16379919521867745,0.436052158633281,0.3957976539574647
644.0,-0.11156850548500725,0.5212409569106338,0.8408245439846748,-0.09420413820895794,0.16382249760962653,0.43600044350217154,0.39573194782566257
645.0,-0.11152662340839488,0.5212742565279166,0.8408141476579992,-0.09416225810027212,0.1638355232826209,0.4359891115009766,0.39574638547853713
646.0,-0.11165811778051529,0.5211903657252458,0.8408524482719062,-0.0941287822296583,0.1638401729022289,0.4359804648617311,0.3957705916443355
647.0,-0.11153033720154505,0.5212299075549061,0.8408403506586205,-0.09416937962151904,0.16386027364070455,0.43598924461134564,0.3957371533331065
648.0,-0.1115159846774665,0.5212630278028082,0.840823852221752,-0.09415036134947738,0.16385495231716932,0.43599407651999206,0.3957400578147193
649.0,-0.11156561310270062,0.5212487985887049,0.8408362399692324,-0.09405966987638047,0.16384886825346848,0.435975455315485,0.3957698598003334
650.0,-0.11159762977208014,0.5212340876549607,0.84083338889398,-0.09412867266045691,0.16388149796784912,0.4359954091861643,0.39577410033771177
651.0,-0.11150295605311902,0.5211777254974981,0.8408750723387017,-0.09418058162940936,0.16390200318914955,0.43598923886887797,0.39572134956765015
652.0,-0.11158186954148097,0.5212906104321058,0.8408051019993271,-0.09408701460271557,0.16386729656768975,0.436006824426843,0.3957527926291212
653.0,-0.11159026687544932,0.5212215899184187,0.8408448004869998,-0.09410466532302901,0.16387876154733874,0.43599886520025916,0.39573183542745916
654.0,-0.11150418454201853,0.5212033228335693,0.8408686243646399,-0.09409500335290799,0.16389147355099862,0.4359805716915308,0.3957164624484837
655.0,-0.11168023384586771,0.521217495600995,0.8408345955336943,-0.0941117984168174,0.16389302368814093,0.4360123013648156,0.39575617262570245
656.0,-0.1118160023155555,0.5212683717578549,0.8407785342634418,-0.09416964772632824,0.16389475013123028,0.4360595085358522,0.3957920142349194
657.0,-0.11162258662080976,0.5212943755337967,0.8407832585291504,-0.09421297346975574,0.16390132765122775,0.4360469406451539,0.39575491861925016
658.0,-0.11157100884577924,0.5212180363387009,0.8408390210263765,-0.09419877546851958,0.16389926675289337,0.4360223094658352,0.39572498107805965
659.0,-0.11163135640019035,0.5213879020676141,0.8407166100596937,-0.0942797826446511,0.16388383467236714,0.4360909316805494,0.3957393004153293
660.0,-0.11180128351659878,0.5214653686663565,0.8406331746990631,-0.09439389747794352,0.16386823476924942,0.43615721531434787,0.39577557574161054
661.0,-0.11182265917005907,0.521255126550183,0.8407771616119614,-0.09424728353126775,0.16381475890125421,0.4360672983120332,0.3957592960346425
662.0,-0.11175261773780495,0.5212599885161798,0.8407889869017799,-0.0941979633831805,0.1638169989652262,0.43603805698416775,0.3957317831753376
663.0,-0.11167097533197658,0.5213213248072472,0.840751851623618,-0.09428676238518048,0.16386496672432396,0.4360906983132981,0.39571466836123836
664.0,-0.11164529861658383,0.5213688246502277,0.8407258237502655,-0.09428661230042859,0.1638995658074655,0.4360946161965018,0.39574596114899036
665.0,-0.11156394213874335,0.5212775630828534,0.8407881120743921,-0.09433207108531245,0.1639247312281849,0.4360676375574432,0.39571179103673904
666.0,-0.11167336369871779,0.521343977286638,0.840718230506469,-0.09445831928017354,0.1639233961642526,0.43614381848449496,0.3957106085604868
667.0,-0.11185029625229138,0.5213667028091077,0.8406592919385891,-0.09464791232533437,0.1639451496128171,0.4362295109711796,0.3957288004227937
668.0,-0.11185159407156856,0.5213187361281603,0.8406418382782933,-0.09506469376944449,0.1640179204775109,0.4363356179946277,0.39566145023086763
669.0,-0.11176301428884192,0.5213387766367154,0.8405518294274745,-0.09585160748850761,0.16416614718670341,0.4365542363011915,0.3955150920148628
670.0,-0.11171664515777881,0.5213365641476028,0.840480405155279,-0.09654152799433677,0.16428129678309153,0.43674920980382614,0.39537847911970014
671.0,-0.11190187573411087,0.5213118277802621,0.8403876709833645,-0.09726515759893756,0.16439257727464276,0.43700574980507445,0.39528551133280443
672.0,-0.11162423019693384,0.5213014633263121,0.8403450905416963,-0.09800481809205047,0.1645577614434342,0.4371704149791702,0.3951141866635137
673.0,-0.11142204994324782,0.5211447995960724,0.8403860611817024,-0.09871419762079625,0.16473671409070828,0.4373145999006982,0.394993425294353
674.0,-0.11147962625866784,0.5212072233868925,0.8402945103926194,-0.09909822915966537,0.16477701274317574,0.43745872628175514,0.39494953586037274
675.0,-0.11192287483442462,0.521260038426323,0.8405746112755751,-0.0958935102470538,0.1641030340948154,0.4366023459334399,0.3955180486323495
676.0,-0.11179470361791649,0.5211953988500349,0.8407694399134636,-0.09467866374287336,0.16388407055304977,0.4361962425860899,0.3956833442575507
677.0,-0.1119559935917813,0.5210529551901064,0.8408572925177265,-0.09449172983014173,0.16385406778703548,0.43612403852083176,0.3957345968587424
678.0,-0.1121496472645025,0.5211507216765771,0.840765842416449,-0.09453666029741864,0.16385090638741331,0.43619989674785664,0.3957597804314554
679.0,-0.11189393357782036,0.5212219576395457,0.8407257545542032,-0.0948030808156977,0.16392102149578214,0.43625011915415846,0.3956671011783177
680.0,-0.11181883422531833,0.5211762315019755,0.8407773521599526,-0.09468541664263444,0.16389553676442586,0.43620141299382686,0.3956623246586737
681.0,-0.11194160013401712,0.5211480592241806,0.840805339361128,-0.09444659775833174,0.1638362307749356,0.4361496941442971,0.39572358044290734
682.0,-0.11192051765384878,0.5210374083245441,0.8408549944595799,-0.09463981797804123,0.16391868497768253,0.43615945178525106,0.39569134167643816
683.0,-0.11193439967288586,0.5212022217133667,0.8407377963313525,-0.09475701594511371,0.1639324983681744,0.43624623083786196,0.39569605177237255
684.0,-0.11202722183754624,0.5211788303062813,0.8407721645543098,-0.09447060769677633,0.1638657213986245,0.4361847969853084,0.3957510612850558
685.0,-0.11198030627448442,0.5209420462853724,0.8409170328595635,-0.0945427906577187,0.1639356519506116,0.43612181337295985,0.39572639098373297
686.0,-0.11199329981669762,0.5210763763534902,0.8408117171948756,-0.094723635014117,0.16395939410774535,0.4362069832746636,0.39573234368546156
687.0,-0.11206775071648954,0.5211226564973623,0.8407927711772119,-0.09454899296461991,0.1638803505916326,0.4361877959729834,0.39575839429724075
688.0,-0.11199254439894792,0.5210819893605548,0.8408320678321383,-0.09451277198467235,0.16387845541458296,0.43615055244603534,0.3957411188071772
689.0,-0.11193435384390654,0.5210487950203073,0.8408452944568288,-0.0946469462119181,0.1639213121577917,0.4361687923801675,0.3957151547715053
690.0,-0.11191130578480334,0.5210233820848202,0.8408735846236047,-0.09456272860215559,0.16389957144531692,0.43613584652624,0.3957240181601417
691.0,-0.11186861803621653,0.5211442597568346,0.8408111850688981,-0.0945019782025919,0.16388155249689013,0.43614122753783574,0.3957312763834789
692.0,-0.11197495896101797,0.5211018798131729,0.8408068236353627,-0.09464842708184795,0.1639238401090948,0.4362010196564651,0.39572196965470907
693.0,-0.11189074800170307,0.5210414052152131,0.8408618487961875,-0.09459210221806573,0.16394113234679003,0.4361537427935299,0.39571624905760916
694.0,-0.11186940164456688,0.5210706550124444,0.8408609119770115,-0.09446447040965804,0.1639189947132468,0.43612432597687384,0.3957299611120281
695.0,-0.11188299297830068,0.5210686864794689,0.8408422154851355,-0.09462551722885103,0.16396676187317377,0.4361829581783071,0.39570288563305955
696.0,-0.11177317474406574,0.5210418290982312,0.8408799317478272,-0.09456801849130395,0.1639598606942351,0.43614326746484033,0.3956701632770706
697.0,-0.11185141647239341,0.5210484346017925,0.8408756847562527,-0.09447683429203083,0.1639338372086998,0.4361340855806379,0.39569100717864325
698.0,-0.1118943455163017,0.5210645308392113,0.840852933959359,-0.09453969322315794,0.16395570618900185,0.43616509335506193,0.39570141255203334
699.0,-0.11181656295113597,0.5210236543933239,0.840870913128041,-0.09469696546160028,0.16400279389908534,0.43617425917478525,0.3956591056382296
700.0,-0.11184310671276113,0.5210663898274985,0.8408578090188527,-0.09454671800221337,0.1639349002879423,0.43614553025635594,0.39568295279015164
701.0,-0.1119312885059524,0.5210727243098023,0.8408447913236691,-0.09452322221345141,0.1639134974895584,0.4361608696158673,0.39570388034535364
702.0,-0.11190373312348269,0.521058842622439,0.8408487927049015,-0.09459674859476998,0.1639365441378942,0.4361625075341925,0.3956943418049523
703.0,-0.11177519191946005,0.5210586126463084,0.840868011366584,-0.09457915266526196,0.1639278596310874,0.43614003074114305,0.395664846832424
704.0,-0.11184790634449099,0.5210246862293524,0.840890863208917,-0.09447686678611524,0.16391017977875866,0.43611651706686116,0.39569281110478216
705.0,-0.11190231453235344,0.5210382198096803,0.8408618939231342,-0.0945955646310209,0.1639602840387394,0.4361600495616182,0.3957012965615828
706.0,-0.11175987701490901,0.5210460152759948,0.8408797851113137,-0.09456197357167935,0.16394592814569087,0.436138475589618,0.3956641147413489
707.0,-0.11193812722476838,0.5210263409117006,0.8408694976568224,-0.09455102146428215,0.16394789821474984,0.4361530004991723,0.39571393949778744
708.0,-0.1117713226923059,0.5210225822663032,0.8408955669444964,-0.09453721851873957,0.1639519170625532,0.4361186452093644,0.39568046361159165
709.0,-0.11174344150358644,0.5210229317488722,0.8408887971475145,-0.09462842440065537,0.16398051128978883,0.4361397329362488,0.39566652697792026
710.0,-0.11185129001805993,0.5210237009514239,0.8408851166681788,-0.09452942681578257,0.1639540692323516,0.4361278324208827,0.3956983057123872
711.0,-0.11173531608850686,0.5210417335773456,0.8408844574692352,-0.09457304159212561,0.16396555056034703,0.436125544234833,0.395662942488634
712.0,-0.11183468199942873,0.5210191130230044,0.8408851878372516,-0.09457372067714435,0.16397695401656037,0.43614344377972314,0.39568377365755547
713.0,-0.11192875175559287,0.5210088829669247,0.8408804472530711,-0.09456094239942414,0.16398732184850864,0.4361512033039457,0.3957092620506408
714.0,-0.11179740318093793,0.521051795829592,0.8408743773948911,-0.09453384656042634,0.16396448404040917,0.43613681164557505,0.395676465818249
715.0,-0.11176656804515199,0.5210145336878383,0.8408898278224286,-0.09463819217535345,0.16398782910467466,0.4361624064893727,0.3956431016215891
716.0,-0.11178745866865324,0.5210054519749887,0.8408996035443039,-0.0945766348300388,0.16398797754201466,0.4361407877610243,0.3956661242342666
717.0,-0.11176311035341945,0.5209924816351711,0.8409244711106832,-0.09445567812986684,0.1639454696652557,0.43609509737841295,0.3956731386723885
718.0,-0.11179427768130068,0.5209901396728328,0.8409061690477341,-0.09459454899127041,0.1639716028689122,0.4361316567409962,0.3956735252408302
719.0,-0.11183451410823149,0.52102279711115,0.8408759681150033,-0.09463557783045957,0.1639734893169656,0.4361506397873085,0.3956862994381338
720.0,-0.11190001452708563,0.5210154682909602,0.8408734424845351,-0.0946209399371866,0.16395857875508396,0.4361531852943188,0.3957020278563165
721.0,-0.11187996645565039,0.5209952146223384,0.8408941113475555,-0.09457247457643683,0.1639492075502533,0.43612901329970327,0.3957054690020319
722.0,-0.11181302604191114,0.5209754201695399,0.8409082996921219,-0.0946345090092759,0.1639767246005654,0.43612989680614633,0.3956812560180172
723.0,-0.11181597340193729,0.5209955051140066,0.8408976676769455,-0.09461492608807381,0.1639759418231823,0.4361365877993647,0.39568304307119184
724.0,-0.11190123923213315,0.5210015891235379,0.840881907255301,-0.0946206892796107,0.163978591111866,0.43615534021957,0.3956969675476788
725.0,-0.1116847081611779,0.5209881529119048,0.8409218800523105,-0.09459525430845733,0.16398250473038098,0.43611285981758374,0.39564359555451867
726.0,-0.11173132133733715,0.5209905711257371,0.8409068667471137,-0.09466033006409241,0.16400266920228201,0.43614021374467343,0.3956482601909815
727.0,-0.11189431871923833,0.5209905728997523,0.8408983525268903,-0.09454335040343759,0.16396098053296193,0.4361305036055523,0.3957051778048584
728.0,-0.11185688545983148,0.5209693624398112,0.8409097520284149,-0.0946031157932577,0.1639651936205041,0.43613322770416696,0.3956836941692168
729.0,-0.1118065957841649,0.5209499664771335,0.8409251009052646,-0.09463293419365398,0.1639796444531917,0.4361333443323677,0.39566926121354584
730.0,-0.11189361268483392,0.5209739627541545,0.8409058552638067,-0.09456898093780523,0.1639630106703455,0.4361321674602739,0.395706941266461
731.0,-0.1118429565306157,0.5209992723005835,0.8408947933789216,-0.09458783116751339,0.16397395146896132,0.4361328116870555,0.3957033352685024
732.0,-0.1118266809065002,0.5209635428701125,0.8409186595136017,-0.09459169371304901,0.1639829420011923,0.4361273076741802,0.39569155283786583
733.0,-0.11185585491726736,0.520957032399128,0.840918758279783,-0.09459217773055537,0.16397892555228658,0.43612893996189805,0.39569430762919033
734.0,-0.11192014078295043,0.5209816877762498,0.8408996142277544,-0.09455052554348199,0.16395949942210924,0.4361380653463326,0.3957046848023289
735.0,-0.11186014802233797,0.5210275212041596,0.8408616591612292,-0.09470638618854726,0.16399083666568495,0.4361840623759584,0.39564581920726744
736.0,-0.11219027427541692,0.5210341305007945,0.8408219538198003,-0.09463201987668571,0.1639356704911523,0.4362258101791716,0.39574171388853807
737.0,-0.11198849118535416,0.5210006655268917,0.8408992619310686,-0.09436797998446325,0.16387244207968588,0.4360773354972857,0.39574946207209705
738.0,-0.11148183004561003,0.5208664965011541,0.8410432532994125,-0.09442531690089802,0.1639382697707253,0.43599805848309736,0.3956260032291997
739.0,-0.11179358512585401,0.5210344502421621,0.84087182965959,-0.0946565479535876,0.16397918956089463,0.4361635106833575,0.3956751886079658
740.0,-0.11217136751548966,0.5211093317764115,0.8407830092127893,-0.09458636299347549,0.1639227603695887,0.4362088544737562,0.3957729789971778
741.0,-0.11192622223109203,0.5209686253103758,0.8409076194030904,-0.0945441053113338,0.16394831763189405,0.43612280863132297,0.3957279072716242
742.0,-0.1116636846376403,0.5209549195401774,0.840949418786974,-0.09455828034542213,0.16396444740404886,0.4360910862587933,0.39564971101876917
743.0,-0.11193312401332764,0.5210774833159695,0.8408371047248315,-0.09456318230513977,0.16391972381083114,0.43616808872520596,0.3957042937629984
744.0,-0.11181471772326666,0.5209679440712193,0.8409264241271818,-0.09451253544024872,0.16391509419722675,0.4361033642071115,0.39567509052878536
745.0,-0.11168961248289415,0.5209823353151244,0.8409336568360207,-0.09451677921627491,0.16394336838855889,0.4360950970574306,0.39564251595231326
746.0,-0.11188147939063289,0.5210327433701037,0.8408756888014741,-0.09452772550015905,0.1639289646684289,0.4361367921510222,0.3956874328352328
747.0,-0.11191710703279617,0.520879085481542,0.8409765968229448,-0.09443464966536663,0.1639140130990933,0.43606953653028113,0.3957025722243795
748.0,-0.1116149897915622,0.521056318247347,0.8408865259809405,-0.09461637116299733,0.1639702224931704,0.43613239915313284,0.3956396456473432
749.0,-0.1116228766824709,0.5209320609153333,0.840974442940228,-0.09450982823498649,0.16395181212172877,0.4360690205399505,0.39564268496819044
750.0,-0.1119127435785601,0.5208927353695677,0.8409694258335672,-0.09442839020702067,0.16391074600232308,0.43607398795700136,0.3957179328503999
751.0,-0.11196511279547473,0.5211082782871009,0.840814044154207,-0.09456066291221328,0.1639368593123903,0.43617695620069624,0.39574293590099735
752.0,-0.11172577926725948,0.5209084049611761,0.8409823736656377,-0.09444803370974345,0.16394005062700553,0.4360599199516618,0.39567997611105643
753.0,-0.11187390926678957,0.5209515081866436,0.8409403310874233,-0.094409290294984,0.16391067402366138,0.43607847693993207,0.3957168324623766
754.0,-0.1119111972883256,0.5209907107868768,0.8409086507983442,-0.09443094941695179,0.1639101432740783,0.4361032610275646,0.3957163294028527
755.0,-0.11168678503594681,0.5209794138585893,0.8409341791197796,-0.0945315755292237,0.163953697275144,0.4360938793394515,0.39566283472188524
756.0,-0.11195174080029925,0.521027382907152,0.8408718552583497,-0.09450818497404047,0.16393310908913986,0.4361369233638401,0.3957267814465533
757.0,-0.11197833205306024,0.5209279473768714,0.8409417761361799,-0.09440262677098152,0.16391002042215427,0.4360883216317248,0.39573668267559914
758.0,-0.11174456802180559,0.5209737537733304,0.8409402156870687,-0.09444073822843577,0.16393704703406706,0.43607006886557853,0.395700998917696
759.0,-0.11170284112317123,0.5209807926442326,0.8409409112043285,-0.09444507845108867,0.16391787613502748,0.4360648978525479,0.39568247342628987
760.0,-0.1118876318130888,0.5209748567734725,0.8409156456581872,-0.09448403751106599,0.16390912313121614,0.4361083073419028,0.3957128118261034
761.0,-0.11158811638197814,0.5209558942270952,0.8409659042887342,-0.09449548336402731,0.16393920272988272,0.43605740693966955,0.395640560222743
762.0,-0.1116263009462387,0.5209624920936221,0.840956110136854,-0.0945011724379859,0.1639282497239674,0.4360651968350996,0.3956460503497483
763.0,-0.11198394027741063,0.5209800999719821,0.8408984982506108,-0.09449364101883377,0.16391669247154542,0.43612080636101036,0.39573451584843666
764.0,-0.11165798202043707,0.5209116724388032,0.8409956449542647,-0.09439200038187984,0.16390338556670792,0.4360255196261848,0.3956500146231918
765.0,-0.11174035081670332,0.5210122213904427,0.8409013999528063,-0.09457903953079003,0.16394221919258925,0.4361179688787019,0.3956612429381812
766.0,-0.1118469107816842,0.5209591248370085,0.8409324952015773,-0.09446902831987503,0.16390783378943755,0.43608942765518277,0.3956954911454547
767.0,-0.11164703900177046,0.5209202545187065,0.8409902898160506,-0.09440529407516446,0.1639059584577207,0.4360319648962847,0.39565183428581086
768.0,-0.11162810055937095,0.520988094151792,0.8409434091542376,-0.09447092419172748,0.16392998059230576,0.4360668476717412,0.39565486995475596
769.0,-0.11164149640535105,0.5209424284711655,0.8409650969006466,-0.09451385239119564,0.16393778135230824,0.43606827549235916,0.39565286874333716
770.0,-0.11164412081201232,0.520987119489884,0.8409539143699164,-0.09436379347854473,0.16391057988115587,0.4360403509111753,0.39567377108425406
771.0,-0.11148937531870971,0.5209470122516132,0.8409954525470856,-0.09439797885698736,0.16393472479164498,0.43602136180971574,0.3956224504877603
772.0,-0.11158204747096455,0.5209117844546272,0.8409935666179974,-0.09449963177506918,0.16395768249002965,0.4360541348051241,0.39562404868402434
773.0,-0.1116775856633419,0.5209556344281827,0.8409622200826392,-0.09442398112564078,0.16393349396959617,0.4360589187045626,0.39565318365555013
774.0,-0.11165927805156839,0.52095335478359,0.8409670259788848,-0.09441540648090915,0.1639443266703797,0.43605960591046916,0.39564939235010443
775.0,-0.11160197208832554,0.5209801382131007,0.8409495151892148,-0.09449131344456915,0.16395673456210957,0.4360762160191312,0.39563189450279035
776.0,-0.11163942099518995,0.5209391094864835,0.8409783620707526,-0.0944165155896075,0.16393942927359165,0.4360508315866249,0.3956443060382673
777.0,-0.11160612518426717,0.5209317090710655,0.8409973307879436,-0.09432771020864845,0.16391584449213686,0.43602510833257807,0.3956457959908827
778.0,-0.1116526159609421,0.520927116622981,0.8409833002247197,-0.09442309706361442,0.16394097002846691,0.43604890049495465,0.3956527584598607
779.0,-0.11183400219801101,0.5209333233122402,0.8409519436032818,-0.09445346560662993,0.16393383986845456,0.4360843082621345,0.3956917263843067
780.0,-0.11171962200720953,0.5209432254425755,0.8409706198161929,-0.09436788929514373,0.16390986297632973,0.4360458489498867,0.3956758346601671
781.0,-0.11158594100562685,0.5209014131709405,0.8410122168117906,-0.09438615735224842,0.16392013263979618,0.43601691600167825,0.3956344078673968
782.0,-0.11160866857237547,0.5209079284920857,0.8409942480152187,-0.09448338445940047,0.16393480314480388,0.43604870482283276,0.3956306834427138
783.0,-0.11164090624652862,0.5208941046842578,0.841011294599941,-0.09436970972176756,0.1639132669876546,0.43601820516613143,0.39565251380123867
784.0,-0.11151380285270772,0.5209283793555478,0.8410020789170363,-0.09441291549652035,0.16391729529267748,0.4360121323207842,0.39562595246814725
785.0,-0.11152081809000014,0.5209351613465962,0.8409921117241159,-0.09445598352219435,0.16391431365781559,0.43602529473777063,0.39562449041245995
786.0,-0.11166647098648225,0.5209112773574985,0.840992665842078,-0.09441067936965238,0.16389776188900226,0.43603182428292697,0.39565954116443647
787.0,-0.11163212028091694,0.5209210643492964,0.8409914062048799,-0.09440852254071987,0.16390100037598712,0.43602810963708416,0.395652184442291
788.0,-0.11153608861225936,0.5209225845306712,0.840999149613524,-0.0944446515811955,0.16390510681273784,0.4360227004030319,0.3956238250537284
789.0,-0.11156728770572975,0.5209404348353905,0.8409880173858745,-0.09440846509120471,0.16389943223049327,0.4360234308151395,0.3956344509102577
790.0,-0.11146794868121086,0.5209604415070804,0.8409892308522143,-0.09440459942265313,0.1639070356249681,0.43601240664180374,0.3956108287493127
791.0,-0.11159001245934012,0.5209520186296257,0.8409654721968011,-0.09451845310760167,0.16393670854723355,0.43606138674052153,0.39562196513887404
792.0,-0.11164626687291862,0.5209503367898388,0.8409657269460753,-0.0944590058912012,0.16392024618926165,0.4360514447222548,0.39564362293124233
793.0,-0.1115415225856897,0.5209530890209066,0.8409889706865343,-0.09436057949400797,0.16389630845350503,0.4360066320126572,0.3956371815456782
794.0,-0.11165064754493222,0.5209619536009725,0.8409611786755444,-0.09443024813953747,0.163900345434815,0.4360419205706469,0.39566061271537467
795.0,-0.11156338315696714,0.5209430093678942,0.8409857894402566,-0.0944187189536178,0.1638883986680663,0.4360180510105879,0.3956383488013484
796.0,-0.11143867182172801,0.5209579114276195,0.8409994075128474,-0.0943624581421095,0.16387474962893825,0.43599151176855816,0.3956153546559475
797.0,-0.11158198363396815,0.5209848592806982,0.8409625502968395,-0.09437280501720689,0.16386628980268655,0.4360265713538761,0.3956499203297531
798.0,-0.11151673869542038,0.5209871679574447,0.8409577018360328,-0.09448032354451848,0.1638907136324209,0.43604437828237225,0.3956189991094825
799.0,-0.11145812258972375,0.5209742638785986,0.8409737830103861,-0.09447750829761842,0.1639006309930298,0.43603159259928553,0.3955988577633613
800.0,-0.11164603741829728,0.520963419534903,0.8409558092114339,-0.09447541896617936,0.16389036125235645,0.4360613927542001,0.3956338120993641
801.0,-0.11149238830440426,0.5209824048342762,0.840956071504844,-0.09454981228122117,0.16390340572198195,0.43606083650140987,0.3955895017888223
802.0,-0.11134749378349834,0.5209765584476231,0.8409862928160434,-0.09448394822260722,0.16389663650523345,0.4360195624248634,0.3955632805893594
803.0,-0.1114610884069887,0.5209778966913158,0.8409784377144338,-0.09441252157215435,0.16387201832792903,0.4360217074342326,0.39559250000540325
804.0,-0.11160040154831156,0.5210012905878169,0.8409409009990559,-0.09445319797116904,0.16386966052018107,0.43605884041139414,0.395625608172566
805.0,-0.11158110367341145,0.5210035260947297,0.8409286754054752,-0.09457243774311225,0.16389989000995328,0.43609242173541135,0.39560682629677935
806.0,-0.11153849268787541,0.5209897903905658,0.8409603753780388,-0.09441636511611139,0.16386722441252063,0.4360417385286404,0.3956142761218544
807.0,-0.11152809343417708,0.5209926196749497,0.8409538513368457,-0.09447113072731335,0.16387105680910183,0.43605170291426304,0.39560860187476876
808.0,-0.11141280030196962,0.5210151479047452,0.840958900605329,-0.09443797475246052,0.163859539706041,0.4360322477862203,0.3955849386014221
809.0,-0.11143577186958292,0.5210096125325232,0.8409565399673596,-0.0944624278889075,0.16386606381865604,0.43603936252899994,0.39558810644080955
810.0,-0.11147802724087967,0.521007739983474,0.8409560139036563,-0.09442757541665323,0.16384242335993282,0.4360339443258296,0.39560035885673045
811.0,-0.11144805491838057,0.5209821250028258,0.8409806529742014,-0.09438483885421137,0.16381814494115457,0.4360094392911873,0.3955981367417134
812.0,-0.11129994416475597,0.5210141774568641,0.8409717347556805,-0.09446211229848092,0.16383401647414023,0.4360153591763131,0.3955691496969555
813.0,-0.11141645017767578,0.5210353555318525,0.84094373375605,-0.09445723673724164,0.16381043390215674,0.43603574905333564,0.3956007764521269
814.0,-0.111272931678952,0.5210815726880571,0.8409346319269431,-0.0944524965599587,0.16378054875912565,0.43602042759156956,0.3955675634919747
815.0,-0.11144874411411852,0.5209730603971993,0.8409806268227363,-0.09443427918187045,0.16374463869460176,0.4360506896711501,0.3955580771062035
816.0,-0.1116930427658812,0.5209760364143462,0.8409683301491215,-0.09423853440018463,0.16371333179512246,0.43601057985038,0.3956129878924561
817.0,-0.11133489841510522,0.5208952540045093,0.8410651843753277,-0.09424452441480184,0.16378722981414678,0.43595966232766326,0.39554719581102016
818.0,-0.11103307091476973,0.5209208657272647,0.8410780773762723,-0.09434392704475592,0.16386335497019694,0.4359420140645076,0.3954923961486344
819.0,-0.11131716765256673,0.5208864832503629,0.8410706629754787,-0.09426504991176979,0.16384950624706343,0.4359394364587624,0.39556924171016994
820.0,-0.11142593340877248,0.5208989237598869,0.8410469182721497,-0.09427965769292566,0.1638355736940345,0.4359622463199208,0.3956202146820858
821.0,-0.11134762978529132,0.5208988366734567,0.8410571849820595,-0.09428106322847069,0.16380312722768064,0.4359577703416126,0.395578345749341
822.0,-0.11153238623751405,0.5211444433998293,0.8408742639071211,-0.09433699291532066,0.1637772626879658,0.43607006499026585,0.39561198889161725
823.0,-0.11147401401652773,0.521034193735131,0.8409600970402049,-0.09424981880064413,0.16377621929041908,0.43599857989291607,0.39560831876828334
824.0,-0.11131455852501887,0.5209156469111843,0.8410547034143488,-0.09424936990815509,0.16379270882556018,0.4359408931107723,0.3955572755658432
825.0,-0.11163905437725564,0.5211523498671071,0.8408406541154481,-0.09446662983535549,0.16379161209857918,0.4361125051017321,0.3956101435472609
826.0,-0.111788590323809,0.5211142589786419,0.8408446269487686,-0.09446456210634016,0.16374996991024757,0.4361258543263091,0.39563105249199626
827.0,-0.11148631168388044,0.5211796715973043,0.8408435402505556,-0.09447059351863459,0.16374366301292823,0.43609322760648545,0.39559051507645404
828.0,-0.11122652855537327,0.5211291694250952,0.8409114877106805,-0.0944506111999343,0.16372519830736118,0.4360215578270762,0.3955487762170738
829.0,-0.11145697195974674,0.5210921075573685,0.8409096909275322,-0.09439942026912285,0.16367804799872473,0.4360249945993856,0.3956180290090474
830.0,-0.11163032343594718,0.521249836056004,0.8407870310517278,-0.09441635301363803,0.16364691211199,0.4360952479153829,0.3956716562072372
831.0,-0.11143753036248592,0.5211252666091445,0.8408918808745869,-0.09439797671273265,0.16365167733668462,0.43603113855857034,0.3956005910322282
832.0,-0.11150907533756532,0.521150200165557,0.8408617746809898,-0.09444400915408734,0.163683974778548,0.43606235123585524,0.39562927986319585
833.0,-0.11143696895833077,0.521116937449144,0.840905237587129,-0.09432561079335372,0.16368354279330113,0.43601079074630267,0.39561864389760526
834.0,-0.11136683361594259,0.5211739229092828,0.8408723285244225,-0.09438695657570227,0.1637244274329469,0.4360422362618156,0.3955923078172967
835.0,-0.1114833429988359,0.5212030699635148,0.840831005589928,-0.0944565727360567,0.1637471411018919,0.43609755796700533,0.3956004207877733
836.0,-0.1115313426795879,0.5211121494957833,0.8408915532580257,-0.09436250795351811,0.16375262904327695,0.4360578649778343,0.3956118421640888
837.0,-0.11137080581821607,0.521140162626494,0.8408959861714732,-0.09435790878213772,0.16378965429869108,0.4360379461634427,0.39559996905725303
838.0,-0.11144851211227512,0.5210239521590571,0.8409590568284397,-0.09434582747921454,0.16381022015417335,0.43601273773079985,0.39561483702907563
839.0,-0.11161345951476608,0.5210683399840549,0.840903130178048,-0.09440416504671828,0.1638082098185174,0.4360690659960864,0.3956429613114595
840.0,-0.11127063667503806,0.5210762883150023,0.8409508789097172,-0.0943396334038155,0.1637985351128299,0.4360027262143238,0.39556655059299795
841.0,-0.11115519518737453,0.5210353478882399,0.8409906980998221,-0.09434688412137082,0.16381572753323312,0.43597701584103854,0.39553492629243103
842.0,-0.11141651531544888,0.5210165788459833,0.8409601326109524,-0.0944147236481618,0.16385176989881697,0.4360267025064893,0.3956009349420214
843.0,-0.11149772490118305,0.5209264975333506,0.841013299459748,-0.09434231098146931,0.16385475312389536,0.435994788022207,0.39561888103699105
844.0,-0.11138373196204086,0.5210395823940182,0.84095914822146,-0.09433519415102798,0.16383959991036037,0.43600848413191934,0.39559930291592227
845.0,-0.11143360174676566,0.5209553586516229,0.8410039810257722,-0.09434177543752795,0.16383180684112184,0.43599442267269195,0.3955961903899016
846.0,-0.11138599120645697,0.5209305303263981,0.841029218668952,-0.09431011017862824,0.16382357062209896,0.4359652177035727,0.39559975791923596
847.0,-0.11118866340898573,0.5209303304924718,0.8410570499270441,-0.09429586772677356,0.16380199038137286,0.43592168101893775,0.39556631118993757
848.0,-0.11125983381967507,0.5208677837698138,0.8410863075776147,-0.09429647084909867,0.16378371352617224,0.43590383565683055,0.3955764994860619
849.0,-0.11132631625900082,0.520961840576899,0.8410171847097422,-0.09431493515785339,0.16376834307566132,0.4359487454534378,0.395592873715517
850.0,-0.11136000010336736,0.5209090677377393,0.8410475873043751,-0.09429554292259469,0.16378895835926885,0.43593828881698526,0.39559468157872796
851.0,-0.11144921459360081,0.5209198433650349,0.8410226317020137,-0.09435317864298981,0.16383225603052326,0.43597574383376825,0.39561590185217904
852.0,-0.11127872366283173,0.5209093711718586,0.8410572337416985,-0.09430377646770922,0.1638488078939952,0.43593921019711507,0.39557597444804876
853.0,-0.11131281218850433,0.520898318001187,0.8410616311707778,-0.09428537913468703,0.16387027111537625,0.4359463378038787,0.3955774947475414
854.0,-0.11139188948053155,0.5210039756770922,0.8409725606969343,-0.09440262942027637,0.1638933693537487,0.4360271464736168,0.39558651388500826
855.0,-0.11135593082017607,0.520958035055023,0.8410168162523823,-0.0943042796668739,0.16387558677347358,0.4359857009801651,0.3955750533814494
856.0,-0.1110945108985359,0.521007087650828,0.841025354061346,-0.09426546606157085,0.16387486887036587,0.43594629417118325,0.39553039824370495
857.0,-0.11123018193663892,0.5209358480945446,0.8410371203914658,-0.09439412545275637,0.16392073597180595,0.4359784756344724,0.3955428673937688
858.0,-0.1112360519575202,0.5209228525126232,0.8410471750781974,-0.09436933701155137,0.16391611527301517,0.4359686479774764,0.3955426983224858
859.0,-0.11120503508986208,0.520961009281787,0.8410311757485635,-0.09433784181203923,0.16390536077571397,0.43597025216963525,0.3955349223971669
860.0,-0.11116727018885064,0.5209047345257458,0.8410763491722871,-0.09429035184173519,0.16390247352813217,0.4359411233092986,0.39552018669176814
861.0,-0.11118995161463777,0.5209367748156066,0.8410484870329223,-0.09433511416371275,0.16391837142481022,0.4359672443035064,0.39553494094489644
862.0,-0.11129152065761365,0.520862820871304,0.8410846125636792,-0.0943016106559682,0.16392785692624565,0.43595404348781763,0.39556333645653363
863.0,-0.11124219925517594,0.5208919872937231,0.8410792362067263,-0.09424663972777757,0.16392189789640899,0.43593808107137105,0.39556965759493873
864.0,-0.1112752430442018,0.5209058596284463,0.8410632711296597,-0.09427343022760858,0.16391383122849493,0.4359538085489922,0.39557582926646184
865.0,-0.1112094790439668,0.5208862506175467,0.8410886778211026,-0.0942326998950633,0.16390137811820213,0.43593058177132815,0.3955609938295186
866.0,-0.11128376776989621,0.5209138690491665,0.8410596133900466,-0.09425174156135731,0.16390901919937528,0.43595399539820706,0.3955785956565837
867.0,-0.11129629637690502,0.5208705460010062,0.8410821247203522,-0.09427549096820292,0.16391880351340055,0.43594792794757065,0.3955757548110773
868.0,-0.11130341826305258,0.5208865349686923,0.8410610672673022,-0.09436656133639619,0.16395194380795491,0.43597776939019056,0.39556823555688725
869.0,-0.1111337092850556,0.5208706533069317,0.8411050535141144,-0.09426213522498635,0.1639382580039907,0.43592455978584743,0.395530457999341
870.0,-0.11118471178435932,0.5208792366501566,0.8410858657101843,-0.09432575043289647,0.16396164509746403,0.43595651718604256,0.3955360716502406
871.0,-0.11120483331701553,0.5208758209317145,0.8410853727052282,-0.0943252884276249,0.16396982219347617,0.43596218035652745,0.39554259033773576
872.0,-0.11125103788348463,0.5208517455357735,0.8411008967349499,-0.09426530249168343,0.16396681837505098,0.43594729522354675,0.3955639121531791
873.0,-0.11112566472719011,0.5208890665070426,0.8410937950999202,-0.09427032871893094,0.16396447330807765,0.43593658874431374,0.3955433351991804
874.0,-0.11118340871578257,0.5208540536739262,0.8410972137663947,-0.09436514924581935,0.1639695205725114,0.43596044605781653,0.395536688191362
875.0,-0.11112954285958848,0.5209059915688211,0.8410771105127296,-0.09432108366150038,0.16393984625609379,0.43595414547378664,0.3955289410380711
876.0,-0.11116144041222537,0.5208966450609966,0.8410844789099791,-0.09426939411286397,0.16392129792368157,0.4359395199941539,0.39554220233287607
877.0,-0.11130420637295012,0.520875662530965,0.8410708070581014,-0.09433883262607111,0.1639375558361116,0.43597152025382807,0.39556966005139155
878.0,-0.11122199378238679,0.520875459869206,0.8410886928665768,-0.09427743174857313,0.16392542972898827,0.43594233631977075,0.39555771477185997
879.0,-0.11133451006440219,0.5208430323609035,0.8410941088119601,-0.09427546145011875,0.16393419438250642,0.4359476409392765,0.3955874790138541
880.0,-0.11136912098149035,0.5208937277358924,0.8410556492048173,-0.09429760462429299,0.16393446406676876,0.4359711164217712,0.39560920100411573
881.0,-0.11137203782818436,0.5208677582483817,0.8410747494529975,-0.09426724478778499,0.1639272535885776,0.43595621928137934,0.39561062625708865
882.0,-0.11131062993651396,0.5208754267623888,0.8410757809270686,-0.09428819754432409,0.16393198271889528,0.4359586843803571,0.3955926136520308
883.0,-0.11106951211951217,0.5208818153371374,0.8411048698934205,-0.09427775861885022,0.16392409115591478,0.4359258969028422,0.3955280634394902
884.0,-0.11099612116784383,0.5208824617093429,0.8411159560423108,-0.09426171365054554,0.16392390855952726,0.4359124142717965,0.3955013186025912
885.0,-0.11123047765422636,0.5209239011041362,0.8410571313366444,-0.0942813445334513,0.16392664468462592,0.4359682933880538,0.39554817618019555
886.0,-0.11106071956953177,0.5208900147749481,0.8411020542088647,-0.0942679345381023,0.1639208984152337,0.4359322871587651,0.39549892488604255
887.0,-0.11104558410188184,0.5208915423473676,0.8410962944569356,-0.0943286955982342,0.16394563283845195,0.4359510197935149,0.39548552998430364
888.0,-0.11103302338757069,0.520866373988382,0.8411188518790719,-0.09428130874803291,0.1639480949150843,0.43593101549462165,0.39548767966658815
889.0,-0.11106101085764995,0.5208868847562275,0.8411029580520781,-0.09427682171283545,0.1639402761033824,0.43593780763308926,0.39550328031348736
890.0,-0.11114585443416625,0.5209371478012754,0.8410541779746132,-0.09433428217895579,0.16394876230581942,0.4359789354438025,0.39552630031302893
891.0,-0.11106296838450404,0.5209350937860194,0.8410707567193372,-0.09429542569677102,0.16393938808490882,0.4359563976511587,0.39551064764637056
892.0,-0.11111545721918431,0.5209731952009746,0.8410341391769166,-0.09434967826125264,0.16393980505506717,0.435988883612828,0.3955167757848614
893.0,-0.11128476154184658,0.5209499711539602,0.8410225708245526,-0.09438148529729135,0.163938122435627,0.4360158707717076,0.39553769268620476
894.0,-0.11125049435136367,0.5209758517356973,0.8410114158772471,-0.09437842856813147,0.16392234713275705,0.43601124265093666,0.39553159858567755
895.0,-0.1111445924475038,0.520860757753259,0.8410972063749917,-0.09437393724203653,0.16392618452326932,0.435952078306641,0.39550280835923
896.0,-0.11128529208174474,0.5208128306152301,0.8411156327719188,-0.0943083853086606,0.1638928829386313,0.4359438973482028,0.39552632197107696
897.0,-0.11144670274485853,0.5209970767850048,0.8409792385000804,-0.09431648233794396,0.16386241301350482,0.43603194492043107,0.3955719276162363
898.0,-0.1113710708314236,0.5209919941770377,0.8409893610093541,-0.09434363388365785,0.16388196706077532,0.4360344466609277,0.39555533700903645
899.0,-0.11125541108284444,0.5209219935136038,0.8410563220987505,-0.09426968354844129,0.16390434350638308,0.4359723910095461,0.39555077745038925
900.0,-0.11111900867500749,0.5208532523007844,0.841122628261398,-0.09421878637202338,0.16392094592383094,0.43591854875275715,0.3955286659190639
901.0,-0.11123054792122596,0.5209049402730759,0.8410704107844683,-0.09426755810506955,0.16390651955279129,0.4359652029506395,0.39554840170032257
902.0,-0.1114387126637619,0.5210195089647055,0.8409570378089968,-0.09439992138523316,0.16390769427474922,0.4360651330167089,0.39557614040130656
903.0,-0.11135267625162974,0.5210011160247975,0.8409841324716474,-0.09436157863996332,0.16389154820258425,0.43603758784235286,0.39554362913193397
904.0,-0.11131877154446393,0.5209515315883619,0.8410257371396165,-0.09430451901333255,0.16386883372166386,0.4359893828205198,0.3955485671820044
905.0,-0.11129996756741553,0.5208580475485287,0.8410863511971808,-0.09430249918872562,0.1638767850332864,0.4359443611362906,0.3955515045271286
906.0,-0.11136359405205541,0.5208886063499301,0.841065792678543,-0.09424193376969096,0.16385237543436315,0.43595319890241346,0.3955690162808039
907.0,-0.111457745379397,0.5209944409199807,0.840979928632832,-0.09431183998912814,0.16384629106155008,0.4360287663109294,0.395575033513626
908.0,-0.11148031624946025,0.521037783262368,0.8409459924543932,-0.09434831888726818,0.16385402208293748,0.43605679128450053,0.39558364930189305
909.0,-0.11125660950901398,0.5210228628589146,0.8409976879536075,-0.09423392210635143,0.16384951636278147,0.43599008179553594,0.3955663776446143
910.0,-0.11125873074050713,0.520942815924072,0.8410448467364527,-0.09425308031659442,0.16386812127055034,0.43596727159445836,0.39557336057047204
911.0,-0.11130883741051938,0.5209577295581285,0.8410181972563922,-0.09434923747210043,0.16385742497855924,0.4359961667314634,0.3955737887588997
912.0,-0.11144773128550979,0.521014479383446,0.8409656625062686,-0.09434018205145682,0.16381432106420102,0.4360307444746731,0.39559606928897967
913.0,-0.11157534388426865,0.5210504707415957,0.840928051515822,-0.09432582759176807,0.16380176010207095,0.43605633002072486,0.39561667671014156
914.0,-0.11145208122972276,0.5210402917291242,0.8409456361127343,-0.09437099706658181,0.1638169159013334,0.43604543824018294,0.395574310751969
915.0,-0.11130882488254636,0.5209959634920605,0.8409964926948602,-0.09433160023656019,0.1638355232881432,0.43600325302197596,0.3955444316606044
916.0,-0.11124706487668515,0.5209882979531201,0.8410135198643505,-0.09429498055363011,0.16385999169568266,0.435984321751306,0.3955390357385671
917.0,-0.11140815933493739,0.5209438157447072,0.8410097290976637,-0.09438431243601855,0.16388939531837313,0.43602518074654,0.3955566431030184
918.0,-0.11150185036724504,0.5209927184556625,0.8409603300420639,-0.09444388797800594,0.163898890582627,0.43607608693706534,0.3955725921958643
919.0,-0.11133932673826652,0.5210298306550842,0.8409663989016133,-0.0943768287635084,0.16389106897690686,0.4360455617948037,0.3955464328694489
920.0,-0.1112771391783204,0.5209781463251623,0.8410112316076457,-0.09433598283623032,0.16389603542841866,0.43600758231342807,0.3955381050048929
921.0,-0.11127508047241318,0.5209364053804704,0.8410430756224675,-0.09428500921478837,0.1638807668859512,0.43597847611833074,0.3955402767649514
922.0,-0.11132751401897115,0.5209485199785779,0.8410206954731025,-0.0943557838207276,0.16388714412081914,0.4360076967650936,0.3955417298048073
923.0,-0.1114658978815125,0.5210185025716484,0.8409446911163395,-0.09448333223754068,0.1639024917546633,0.43608278922737587,0.3955587520603225
924.0,-0.11145478349477667,0.5210146373125434,0.8409536257523179,-0.09443822465634234,0.16388595939223366,0.4360684491167244,0.39555529925190114
925.0,-0.11139085987518405,0.5210093537575917,0.8409730938503523,-0.09436940740054532,0.16387793426083075,0.4360365244062669,0.39555659447533664
926.0,-0.11143000300403727,0.5209743614103076,0.8409901348876183,-0.09436451772434387,0.16388795381995855,0.43602738228686067,0.39557586705545944
927.0,-0.11140218473272785,0.5209317013449436,0.8410171765058225,-0.09439186719634168,0.16389022246316357,0.4360179741967205,0.39556296372183064
928.0,-0.11144115427401101,0.5209530750143039,0.8409973407603901,-0.09440463760414321,0.16388250598725657,0.43603202657943807,0.3955737196596729
929.0,-0.11143816368465811,0.5209574441186686,0.8410027430723935,-0.0943359064017792,0.16385404816545124,0.4360131085446758,0.3955806338297153
930.0,-0.11144711243491248,0.5209748691750599,0.8409967068033095,-0.09428290387942714,0.16383153419144064,0.436003269026755,0.3955939544221545
931.0,-0.11126323508099104,0.5209492921089919,0.8410312021006984,-0.09433368785066565,0.16385506976675354,0.4359786429616179,0.39554827547480986
932.0,-0.11116433756879396,0.5209231483633103,0.8410604999934955,-0.09433344530355643,0.1638697507093014,0.435955868990052,0.39552529366104366
933.0,-0.11122389230756922,0.5209616150864946,0.8410272647399664,-0.09434713217918111,0.16387303633051592,0.435981392877249,0.3955407177340186
934.0,-0.11119859979149135,0.5209874737426066,0.8410137639378471,-0.09435450426346163,0.1638774397061071,0.43599058581518557,0.39553371623993255
935.0,-0.11120997986493857,0.520986662468219,0.841014071267488,-0.094342831411562,0.16388974233383313,0.4359937162561436,0.3955372849508631
936.0,-0.11128777838387403,0.5209488873252065,0.841023044875502,-0.09437968619014565,0.16390356785555826,0.4360082984741365,0.39554648773337076
937.0,-0.1113358832370496,0.5209559526920258,0.8410169609093736,-0.09433815729242778,0.1638989048527283,0.43600215114085883,0.3955749390855255
938.0,-0.11131821772620612,0.5209577084951821,0.8410168524296612,-0.0943502744617911,0.16389908510839016,0.43600056739384757,0.3955687239896951
939.0,-0.11123638596343659,0.5209482696458445,0.8410422280603819,-0.09427267583993931,0.16387270053710337,0.43596643638134136,0.39555433074665713
940.0,-0.11127433385056308,0.5209520647919764,0.8410328621346171,-0.09429047472965578,0.16387744370933782,0.4359771184682811,0.39556658177062043
941.0,-0.11138239674060914,0.5209320513595245,0.8410249729350614,-0.09434380987777966,0.16389656620892615,0.43600008247063093,0.3955906331025225
942.0,-0.11134108509270611,0.5209236287485068,0.8410353165056181,-0.09434687155471104,0.16389556127204138,0.4359910419094118,0.3955798187929397
943.0,-0.11142561416245542,0.5209193442413101,0.8410249268919123,-0.09436334908308719,0.16389281316217574,0.43600512813548914,0.39559743453680946
944.0,-0.11144540444285492,0.520930751032383,0.8410210231870511,-0.09431178619245635,0.16387322427691442,0.4359977315911252,0.3956061615862275
945.0,-0.1113099581986732,0.5209545634065466,0.84103145859417,-0.09424713113229029,0.16385790558763508,0.4359657372245379,0.39558343679503616
946.0,-0.11126089325407101,0.5209648588370772,0.8410281254564743,-0.09427789603262977,0.16385595200223754,0.43597004069038325,0.39556464310171113
947.0,-0.11138367220990412,0.5209767290308932,0.8409947045500594,-0.09436541894182421,0.16388460339273678,0.43601614228990054,0.3955867879231091
948.0,-0.11134825121508045,0.5209712537270994,0.841002789143209,-0.09436539829143123,0.16389679591222778,0.4360090105033378,0.3955820872925723
949.0,-0.11125812178711346,0.520981053202571,0.841002824044443,-0.09441727855437955,0.16390605811980843,0.4360139661041644,0.3955507182971694
950.0,-0.1112345888538814,0.5209886243377971,0.8410105185987147,-0.09433465513499482,0.16388491513340264,0.4359942107955981,0.39554913547182713
951.0,-0.1112373089551875,0.5209654545127188,0.8410198295917035,-0.09437638758877295,0.16390457673756473,0.43600348109041337,0.3955375538178696
952.0,-0.11120062725901587,0.5209607279432413,0.8410269962798723,-0.09438184129643436,0.1639086128409479,0.4359938929970759,0.3955323167656435
953.0,-0.11126781993555383,0.5209325358475506,0.8410399622019258,-0.094342712074717,0.1639077602611144,0.4359813393000698,0.3955547429685077
954.0,-0.11128821509190781,0.5209342822451427,0.8410352775155489,-0.09435077497158688,0.16391183585838148,0.4359855261595389,0.3955613415281507
955.0,-0.11128168347551576,0.5209338219776846,0.8410335077015968,-0.09437679251662089,0.163909651269851,0.4359900856608963,0.39556009531896175
956.0,-0.11128584535002123,0.5209326993255085,0.8410357198652776,-0.09435836639569889,0.16390429012956456,0.43598273236098045,0.39556868030680503
957.0,-0.11126428133264878,0.5209286879812274,0.841040459297577,-0.09436369832836612,0.1639083529687661,0.43598058481586066,0.39556597271338034
958.0,-0.11122203051029597,0.5209152828962312,0.8410527527402034,-0.09437793747710445,0.16390989919893031,0.43597741515704735,0.3955544135463279
959.0,-0.11128945133455843,0.5209346627510336,0.8410346633429145,-0.09435269059115503,0.1639008002995371,0.43598557637202356,0.3955757520573395
960.0,-0.1113361952344361,0.5209235493946605,0.8410339328375436,-0.09436541279834762,0.16390803366657392,0.4359976153868029,0.3955766186074818
961.0,-0.11121331582630657,0.5209599290589539,0.841023709223836,-0.09440058909344033,0.16391565338014027,0.43599969379929504,0.39554253491166
962.0,-0.11110794021941861,0.5209666445448011,0.8410365329368815,-0.09437336042251984,0.16390786325841442,0.43597969610150833,0.39551569885197607
963.0,-0.11114129954192094,0.5209560280742493,0.8410405125965056,-0.0943572176393618,0.16390870812263333,0.4359771631652399,0.39552268790760575
964.0,-0.11129455925098414,0.5209530250635782,0.8410126782901687,-0.09444120770846458,0.16393062041150872,0.43602152061966837,0.3955473982922475
965.0,-0.11135072008780346,0.5209572277816958,0.8410052274450066,-0.09441817287000787,0.16392189191637502,0.4360214519725107,0.3955687411104749
966.0,-0.11122155475042476,0.520971297723241,0.8410202797127336,-0.09435868703715575,0.1638923556467763,0.43598814286882404,0.3955483520801516
967.0,-0.11120720458928057,0.5209519294378052,0.841034572591523,-0.09435514065624662,0.16388151870351442,0.43597686068053054,0.3955437387591452
968.0,-0.1113676439986253,0.5209450802069784,0.8410106691368681,-0.0944167658644257,0.1638927410795744,0.43601304243752237,0.3955770114154632
969.0,-0.11125766747986225,0.5209518637434938,0.8410205203561918,-0.09442124458468693,0.16388987475222858,0.4359978705268396,0.3955515692060466
970.0,-0.11131952194253296,0.5209381478649064,0.8410218504745782,-0.0944121663657973,0.1638829679352213,0.4360056161802111,0.39555548704997423
971.0,-0.11144811210746586,0.5209539765951865,0.8409984406120711,-0.09438164792695808,0.16386781606052153,0.43602441997912245,0.39558660783060806
972.0,-0.11135396840143966,0.5209711396080725,0.8409991317942156,-0.09439187326297141,0.1638755614551156,0.4360145618437702,0.39556898403537244
973.0,-0.11130240086736416,0.5209854210617861,0.8409952905193036,-0.09440809248462854,0.16387553909314734,0.43601531169516045,0.39555952978819114
974.0,-0.11122452675795624,0.520979065228952,0.8410107054330284,-0.09439762490484542,0.1638619986461806,0.435996554242219,0.39554188585481004
975.0,-0.11116076482973575,0.520979874654037,0.8410279205859484,-0.0943148522917147,0.16383377681620748,0.43595729280629797,0.39554369568859
976.0,-0.11125113744939805,0.5209743441611461,0.8410231105275986,-0.09428173047076377,0.16381776581028298,0.435958690842271,0.3955721791682699
977.0,-0.11136430178609269,0.5209414571793931,0.8410316149190923,-0.09425398233544491,0.16381142626740025,0.4359582709396882,0.39559688373690727
978.0,-0.11134424201235035,0.5209405564336788,0.841028251679416,-0.09431265191017345,0.16382835982973734,0.4359702554101465,0.39558271074584583
979.0,-0.11143575011832822,0.520927719105448,0.8410132741590196,-0.09440899189953676,0.16385509090594885,0.43601068847220603,0.395588886118887
980.0,-0.11136364334327624,0.5209388476686142,0.8410198553083841,-0.0943740372564014,0.16384988658165392,0.4359958790193432,0.3955737452107316
981.0,-0.1113135975915673,0.5209579006080637,0.8410189628416761,-0.09433585175304651,0.16384455554334562,0.43598459273814555,0.39556813721822054
982.0,-0.11128221562355137,0.5209615824098879,0.8410175108339892,-0.09436548420635471,0.16385671355113318,0.4359895452219922,0.395559161800681
983.0,-0.11121800279535295,0.5209798133966914,0.8410177330011894,-0.09433855343867321,0.1638443655901601,0.4359746302203015,0.3955518081096957
984.0,-0.1113573515744938,0.5209770253372938,0.8410049715621202,-0.09430332512068063,0.16382251901665232,0.43598001027083166,0.3955907709645916
985.0,-0.11130368924078113,0.5209747211856688,0.8410168397270286,-0.09427355908454856,0.163798900512376,0.43595979544489627,0.3955803568331666
986.0,-0.11122566468027147,0.5209606753984166,0.8410337608928863,-0.09429230744458948,0.16380010920855953,0.4359494939337273,0.39555706526302364
987.0,-0.11130274449084562,0.5209294310220004,0.8410434202669266,-0.09428781570070634,0.1638048601971124,0.43595592974455677,0.39556805486741353
988.0,-0.1113506157324608,0.5209157954512121,0.8410431084736717,-0.09430940628790137,0.1638241249385834,0.43596816588505805,0.39557428927109456
989.0,-0.11136270160218623,0.5209088097510645,0.8410489497794448,-0.09428162435217505,0.1638356351074347,0.4359609309022014,0.3955837618942028
990.0,-0.11126389139920602,0.5209354203450444,0.841045939512006,-0.0942781095005882,0.1638334041059804,0.43595160389312765,0.3955648936893428
991.0,-0.1112892694238343,0.520927867451201,0.8410517250566089,-0.0942382682521049,0.16382666550466024,0.43594488046817736,0.395571984389397
992.0,-0.1114256739899555,0.5209206588357329,0.8410381310877911,-0.09423825354061718,0.16383088654382438,0.43596261386093993,0.3956052725516941
993.0,-0.1114344269397815,0.5209323146255747,0.8410282529057234,-0.0942516306797424,0.16382166558654945,0.43596963609865025,0.3956076707674206
994.0,-0.11136454768258025,0.520910532709756,0.8410449073969214,-0.09430598164059525,0.16383098159860568,0.435967274664261,0.39557877299829125
995.0,-0.11130002944025687,0.5209204995603719,0.8410465629831363,-0.09431232940938154,0.1638343312353616,0.43596051213248144,0.39556160849347966
996.0,-0.11136238549240769,0.5209371432022354,0.8410299287284125,-0.09429512666525021,0.16383445496264212,0.4359703124866913,0.39557923240168524
997.0,-0.1113702786711049,0.5209493233190822,0.8410190081599697,-0.09431591316279286,0.16384880413352884,0.43598488933718726,0.3955748361963501
998.0,-0.11126293950340642,0.5209556921939322,0.8410277938796893,-0.09432907815549357,0.16386029041514683,0.43597950069201297,0.3955421501220794
999.0,-0.11134804075196825,0.5209485390189745,0.8410178800435162,-0.09435655229926483,0.1638755240727522,0.43600104487675967,0.39555483178615225
1000.0,-0.11141852783177597,0.5209551821821673,0.8410007752175296,-0.09438911958938184,0.16388497459706383,0.43602405241569403,0.3955689184085222
1001.0,-0.11133895387921433,0.5209592965599769,0.8410107366883162,-0.09437155001265957,0.1638753042760623,0.4360070098289212,0.39555299823328655
1002.0,-0.1111958900068491,0.520955106234263,0.8410388680175254,-0.09431263869615844,0.16384331055394608,0.43596617534350024,0.3955237162315021
1003.0,-0.1112141220112103,0.5209657538353717,0.841027675858712,-0.09433213045252242,0.1638340538533124,0.435972000748163,0.39553303918311233
1004.0,-0.11140886577057717,0.520962632370076,0.8410043973419139,-0.09432711144373505,0.16382374555522108,0.435996475734595,0.3955819636607617
1005.0,-0.1114415631797999,0.520964425616269,0.8409979933428954,-0.09433567952570651,0.16382929713189934,0.43600077019885075,0.3955931817056979
1006.0,-0.11129867713147348,0.5209436124679268,0.8410349589356813,-0.09428973934478414,0.1638206964633032,0.4359622800905263,0.39556185054192516
1007.0,-0.11122130582628048,0.5209374963852331,0.8410459091006246,-0.09431714995315646,0.16383718901644323,0.43596266103778586,0.395537520644209
1008.0,-0.1113845465649671,0.5209355137666111,0.8410284367079394,-0.09429126116365784,0.163841433058848,0.4359849821477892,0.39557537700527745
1009.0,-0.11135002843515925,0.5209434401452125,0.8410345637328037,-0.09423357121500286,0.16383566516232786,0.4359690760060353,0.39557291974378594
1010.0,-0.11132874197597693,0.520950714979262,0.8410219410542176,-0.09433111065835172,0.16387064278131336,0.4359983699857257,0.39555580048624395
1011.0,-0.11139392345783679,0.5209499526481296,0.8410068362751285,-0.09439301876240871,0.16389515560739157,0.4360281932956612,0.395562316762778
1012.0,-0.11127416900445175,0.5209471904575848,0.841029606582894,-0.09434662112518985,0.1638921164126209,0.43599566327519335,0.39553568137787043
1013.0,-0.11134350977187558,0.5209507855830704,0.8410163861265834,-0.09436281099375775,0.16389196647378357,0.4360102621427796,0.3955485707097054
1014.0,-0.11144841172740862,0.5209598079701117,0.8409937091581148,-0.09439126633147031,0.163900120448493,0.4360394521800578,0.39556759560773697
1015.0,-0.11147263947157537,0.5209520665508083,0.8409966277712352,-0.0943793784843541,0.1638995489658996,0.43603910036048055,0.39556760932021695
1016.0,-0.1114369533183063,0.520965893375736,0.840992626847173,-0.09438085061624946,0.1638975440496897,0.43603513683662654,0.39556253908301287
1017.0,-0.11148936884693042,0.5209850661704359,0.8409706351229775,-0.09440906906836447,0.1638996867506342,0.436055680004519,0.3955788754539783
1018.0,-0.11149043951978128,0.5209693826190237,0.8409845168073206,-0.09437068803180915,0.16388076423289236,0.43604218046523513,0.3955817300622212
1019.0,-0.1113724523682778,0.5209524752861926,0.8410142658991601,-0.09433822078437572,0.16385746647999458,0.4360079694426424,0.3955580249698682
1020.0,-0.11130236588175296,0.5209443729337118,0.8410367287195162,-0.09426539451252171,0.16382647686520524,0.43596894026136995,0.3955575112587567
1021.0,-0.11125971723659626,0.5209342880392769,0.8410435386127209,-0.09431070471180428,0.16382951450921202,0.435967761666581,0.39555061878723885
1022.0,-0.11129827892900754,0.5209314287641377,0.8410401156463541,-0.09431152372198484,0.16382262400550374,0.4359674819611755,0.39556724601328114
1023.0,-0.11141517614589212,0.5209175472255808,0.8410362806279075,-0.09428436871740896,0.16381225667478636,0.4359727048604063,0.3955999175695707
1024.0,-0.11146513642837465,0.5209194456737757,0.8410288598215281,-0.0942810236857377,0.1638066760152777,0.4359820597346282,0.3956087468722973
1025.0,-0.11141893964885402,0.520933954413382,0.8410259100038803,-0.09428177835036022,0.16380128586719217,0.43598127539253695,0.39559104921798044
1026.0,-0.11140546934592935,0.5209312350336087,0.8410234420159964,-0.09433472184587356,0.16381851010309562,0.43599450181181143,0.3955787035773
1027.0,-0.11148785005518488,0.5209291901136635,0.8410103808532604,-0.09436512848848871,0.16383649491191954,0.43601588446356787,0.39559541420090777
1028.0,-0.11133366798052653,0.5209338010747256,0.8410292712268413,-0.09435334764324924,0.16384333799382791,0.4359925197917379,0.3955583739837979
1029.0,-0.11131262665614543,0.5209498161904423,0.8410181546300554,-0.09438883271187536,0.16384923829189646,0.43600501125616953,0.3955472240398352
1030.0,-0.11131956379185744,0.5209537126649167,0.8410176043436663,-0.09436404591723675,0.16383742241119698,0.4360002827993252,0.395551146945743
1031.0,-0.1112371296800052,0.5209544125221167,0.8410317344736913,-0.09433145107791148,0.16382097868911777,0.43598027687498986,0.39553490518612733
1032.0,-0.11121338145020052,0.5209649094980064,0.8410347262608212,-0.09427479027572333,0.1638030252000728,0.4359614666916741,0.39554403069252897
1033.0,-0.11124739966414393,0.5209693813483023,0.8410291646270762,-0.0942595566094799,0.16380169596149607,0.43596185218514627,0.39556052580967016
1034.0,-0.111255931926591,0.5209518179213314,0.8410290271758054,-0.09434774222695512,0.16382638857585885,0.4359848501327859,0.39554806984814017
1035.0,-0.11125166331995148,0.5209510174684273,0.8410355140198748,-0.09429935824001905,0.16382259010177191,0.4359704047891398,0.3955570914394265
1036.0,-0.11139233046233672,0.5209771175953523,0.8410072205567777,-0.09424142734260509,0.16381603775614256,0.4359794472529306,0.3956101476734072
1037.0,-0.11134335415010224,0.5209635986508172,0.8410189464092143,-0.09426939136395415,0.16381352886960443,0.4359773165129939,0.39559163395198843
1038.0,-0.11132342170050001,0.5209560781420174,0.841025135350101,-0.09427927734727858,0.16380301538466718,0.4359730157243961,0.3955839969696093
1039.0,-0.11126165940991695,0.5209500467312304,0.8410409088405241,-0.09424479621064362,0.1637870583767785,0.43594733979425976,0.3955744182212935
1040.0,-0.11125533930425961,0.5209258568551366,0.8410579231041816,-0.0942341292723413,0.16378366682319745,0.4359370006687072,0.3955650315198822
1041.0,-0.11136049492856852,0.5209334972097444,0.8410277007082392,-0.0943373642598838,0.1638089750322412,0.4359851002755274,0.3955736794735937
1042.0,-0.11134931535511602,0.5209746860667148,0.841005816800991,-0.09431819842709466,0.16380018302346264,0.4359906459008927,0.39557310039909543
1043.0,-0.1114567508914249,0.5209758925577724,0.8409911043992091,-0.09431582251010759,0.16381285883932356,0.4360119384704856,0.39559445409327304
1044.0,-0.11139785423664512,0.5209661641904916,0.8410042952158456,-0.09432152070771455,0.16383196993979057,0.43600835816733896,0.3955768184210382
1045.0,-0.1111897421562471,0.5209614834262104,0.8410373680594181,-0.09429803578694747,0.16383966973341577,0.43597362539431017,0.3955275541943626
1046.0,-0.11133277176033704,0.5209784169756897,0.8409981279881722,-0.09438565409030572,0.1638641391954628,0.4360218847545485,0.39555510764598745
1047.0,-0.11144094152114147,0.5209806461305032,0.8409794752659134,-0.09441189062715448,0.16385673168024922,0.43604277603921476,0.3955766901784926
1048.0,-0.11150476518226184,0.5209864445331851,0.8409720126023443,-0.09437100176368478,0.1638254630371812,0.43603460337882566,0.39559607053025675
1049.0,-0.11128473260752236,0.5209844944880827,0.8410050415563385,-0.09434715082232539,0.16380199985277338,0.43598860090917835,0.3955461905716013
1050.0,-0.11132694757763702,0.5209632163879632,0.8410078442176624,-0.09438985050371944,0.16380858069314982,0.4359991625237204,0.3955465883681244
1051.0,-0.1114787193954294,0.5209699451099383,0.8409813992935997,-0.09440920218009476,0.16381745085620664,0.43602751701431913,0.3955839201633752
1052.0,-0.11139644684432069,0.520964524383336,0.8410014450070823,-0.09435764653966676,0.1638093532190587,0.43600609494491044,0.3955670218680614
1053.0,-0.11144682196824819,0.5209715418181305,0.8409884685647364,-0.09437507207921236,0.16381876442429527,0.436026588329676,0.3955749808384355
1054.0,-0.1113422172424713,0.5209781458905403,0.8409949705446573,-0.09440414017709327,0.16383719034248093,0.436023034129034,0.39554774450147456
1055.0,-0.11120460358300936,0.520956904238449,0.8410340362805989,-0.09433551762619093,0.16382204088139685,0.4359764640685375,0.39552478821902987
1056.0,-0.11132221959815303,0.5209463898963124,0.8410335373340428,-0.0942592773000461,0.16379874454713003,0.4359663055354098,0.39556649354506035
1057.0,-0.11129012219766912,0.5209476898427636,0.8410364245750684,-0.0942642333374702,0.1637829103783462,0.43595794816266065,0.39555931627644136
1058.0,-0.11120393952792187,0.5209584719505753,0.8410437041008717,-0.0942414034736174,0.16375687134321232,0.4359363853857464,0.395547309352186
1059.0,-0.1113381356464757,0.5209517206985803,0.8410262781066206,-0.09427578578872106,0.1637618562581332,0.4359618274927028,0.3955825419101672
1060.0,-0.11138578684489103,0.5209265737437777,0.841027233504781,-0.09434990068785216,0.163792105850707,0.4359827713292174,0.3955854486987552
1061.0,-0.1113473427542722,0.5209297013843568,0.8410375002453051,-0.09428647123684328,0.1637861851210308,0.43596532713044045,0.3955805955533712
1062.0,-0.11129011990341656,0.5209303859863412,0.8410491343582047,-0.09424646286900781,0.163794956676243,0.43595364725153574,0.3955664846469646
1063.0,-0.11127489228362138,0.5209306106866004,0.841053514963275,-0.09422410607097405,0.1638046078669647,0.43595178423981906,0.3955601761665303
1064.0,-0.1114156180141025,0.5209444815021562,0.8410183951473373,-0.09429457184155486,0.16382941396056314,0.4359992225588036,0.3955828155622022
1065.0,-0.11144603287639478,0.520953107002728,0.8410007083233287,-0.09436869533895781,0.1638494285707633,0.43602675181532197,0.3955771387986712
1066.0,-0.11134653180403217,0.520953365121146,0.8410146690014683,-0.09436030812009,0.16384252318033404,0.43600758366741843,0.39555598303267586
1067.0,-0.11132636700165674,0.5209644063240179,0.8410106105560938,-0.0943593147799537,0.16383456231716279,0.4360026738170044,0.3955573228915457
1068.0,-0.1113095104050393,0.520985445439661,0.8410008341761587,-0.09435017460733199,0.16382368687907164,0.4359994522136339,0.39555304758864385
1069.0,-0.11126133080647192,0.5209958835504769,0.8409980000435433,-0.09437462324900199,0.1638241025559219,0.4360007453670964,0.39553880480096154
1070.0,-0.11142421761610137,0.5209961157774743,0.840970648538517,-0.09442488745098045,0.1638399821763695,0.4360404328315121,0.39557389485187666
1071.0,-0.1114713985989169,0.5209807639198846,0.8409741303611638,-0.09442289438022529,0.1638383958874706,0.4360457989639866,0.39557803553913873
1072.0,-0.11137532352392886,0.5209852385619311,0.840986124386705,-0.09440475146695407,0.1638292020801277,0.4360268917596206,0.39555668614951384
1073.0,-0.1113841915008713,0.5209914557729409,0.8409822898429126,-0.0943941368192977,0.16382267786992583,0.4360265891158275,0.3955551637586764
1074.0,-0.1114559863339352,0.5209937927462018,0.840972700445036,-0.09438192695872019,0.16380518678588007,0.43603458657299826,0.395568075631724
1075.0,-0.11148951400890411,0.5210080298803111,0.8409573551156899,-0.0944004657992679,0.16380437337395695,0.4360455336302046,0.39557943830831777
1076.0,-0.11138760653638888,0.5210059915865363,0.8409742870332984,-0.09438117603558599,0.1637982634837789,0.4360216328790994,0.3955599646956923
1077.0,-0.11139525369813981,0.5209978293028157,0.8409753618962361,-0.09440762680406486,0.16381036365764512,0.43602784105966846,0.39555848931661497
1078.0,-0.11133962962775225,0.5210112471389415,0.8409759639387482,-0.0943938308703116,0.1638125460618251,0.43601979306940586,0.39555135542259057
1079.0,-0.11141396934005608,0.5210281899724397,0.8409550724477374,-0.09439872252502758,0.1638169152471989,0.43604093481616574,0.39557058671932244
1080.0,-0.11145250162663599,0.5210344521840155,0.8409407387370472,-0.09444635223690175,0.1638425435221111,0.43606447376819923,0.39557224687616627
1081.0,-0.11141260410699144,0.5210274924539704,0.8409508245673598,-0.09444201614061472,0.1638540347445142,0.4360580093394252,0.39556060947108995
1082.0,-0.1114153247158192,0.521010375315536,0.8409632328322462,-0.09442274755783384,0.16385302332522136,0.43605126233259256,0.3955586128640153
1083.0,-0.11131436979589196,0.5209997220688124,0.8409867423653751,-0.09439120640630617,0.16384091234521336,0.436024422907859,0.39553611850117754
1084.0,-0.11132260200213845,0.5210086536304203,0.8409800078516377,-0.09439220052286985,0.16383685116885874,0.4360279997061911,0.39554119600564436
1085.0,-0.11142089143090012,0.5210241233168207,0.8409535313006508,-0.09442672327073202,0.16384505212561506,0.43605476608804394,0.3955634985144473
1086.0,-0.11150512189311358,0.5210278691428596,0.8409384734132479,-0.09444072903916638,0.16384875929247655,0.43607200200391094,0.39558417474040986
1087.0,-0.11139534963808315,0.5210174118495864,0.8409601716608225,-0.09443475159477971,0.16384959911337602,0.4360532479112858,0.39555952697918795
1088.0,-0.11139128523953586,0.5210102025462178,0.8409766656948331,-0.09433238135568452,0.16383403177235703,0.4360231897485908,0.3955702091722522
1089.0,-0.11135785504122374,0.5210220723716312,0.8409678807780191,-0.09438459472771911,0.16385680587933768,0.4360361088481906,0.3955567096147973
1090.0,-0.11132257339204013,0.5210177787422104,0.8409691028272585,-0.09443901194857401,0.16387579176141487,0.4360485208523626,0.3955397800730373
1091.0,-0.1114734194630123,0.5210291253510597,0.8409443501158953,-0.09441889269255167,0.16387248141695424,0.4360694355719391,0.395577819865976
1092.0,-0.11146602151040028,0.5210483051744582,0.8409306837625414,-0.0944435007299706,0.1638739474670554,0.4360787594471259,0.3955727099924499
1093.0,-0.11146833447858852,0.5210337002066758,0.8409330412936381,-0.0945003371324229,0.1638850370936142,0.436090257117558,0.39556325490740873
1094.0,-0.11142175311385526,0.5210374647816861,0.8409451805156527,-0.09442646130404661,0.163866936552314,0.43606203412097094,0.39556532688553914
1095.0,-0.11148316023535437,0.5210224531699876,0.8409445993232632,-0.0944419882557696,0.16387311784360079,0.4360712833330639,0.39557591072835085
1096.0,-0.11149479132550297,0.5210275874181923,0.8409368857967598,-0.09446861258062357,0.1638793723824909,0.4360820697590805,0.39557421162450807
1097.0,-0.11143732194500616,0.5210689997282798,0.8409237970471818,-0.09442451143450611,0.1638626497912614,0.4360698242239187,0.39557241320018166
1098.0,-0.11142768689316349,0.5210775902691327,0.8409148410835049,-0.09446822512599949,0.16386206634384837,0.43608333229779306,0.3955619649554452
1099.0,-0.11138231679596788,0.5210733760032211,0.8409250572610626,-0.09445403324499708,0.1638463910610471,0.4360715104617283,0.3955473324393274
1100.0,-0.11140654318022233,0.5210927277019619,0.8409038133340756,-0.09450781974509953,0.1638497097138382,0.4360905737079804,0.39555140976454795
1101.0,-0.11153313723527125,0.521112180043187,0.8408680522834158,-0.09456941238154092,0.1638569096006161,0.43612878592095344,0.3955766225650743
1102.0,-0.11157848932770649,0.5210953825382826,0.8408747253142834,-0.09454913719466879,0.16383961708257547,0.4361249369285705,0.39558512739498314
1103.0,-0.11146186888574042,0.5211132077395099,0.8408798774855721,-0.09454262606774605,0.16383418919363757,0.43610613831691714,0.3955643149646884
1104.0,-0.11147240560346938,0.5211235606495364,0.8408702648433762,-0.09455863274791376,0.1638374414623071,0.4361147850421561,0.3955664709000706
1105.0,-0.11153761211158165,0.5211114533750537,0.8408638724215388,-0.09460529743116759,0.16384543825954065,0.4361346123039864,0.3955711195528302
1106.0,-0.11148883708078293,0.521119378430839,0.8408679923706672,-0.0945825144345095,0.16383248591080649,0.43612242229936654,0.3955622535293448
1107.0,-0.11151177525617212,0.5211257681288117,0.8408642618963211,-0.09455342847791365,0.1638203427490768,0.4361195384006391,0.39557237104158727
1108.0,-0.11154214525786446,0.5211338498061564,0.8408521997481379,-0.09458032880152932,0.16382281415983027,0.43613187331295467,0.3955778269988901
1109.0,-0.1115639167666955,0.5211062151163025,0.8408632686953298,-0.09460850068488182,0.16383561664898025,0.43613757530030717,0.3955735496077449
1110.0,-0.11159463574536006,0.5211014913838502,0.840867982574735,-0.09455637911364084,0.16383812580132845,0.43613238350334393,0.3955834984119586
1111.0,-0.1116211262350656,0.5211270260729645,0.8408460534755682,-0.09457939114270769,0.16386418101939504,0.4361549200540696,0.3955914970077654
1112.0,-0.11156818546631336,0.5211354963878365,0.8408445279815726,-0.09460874251254009,0.16389197509937162,0.4361607539848513,0.3955797017265513
1113.0,-0.1115100979279819,0.5211381242863887,0.8408527570455019,-0.09458961065748414,0.1639017425941299,0.4361520451214945,0.3955675928596763
1114.0,-0.11145819102878277,0.5211336339373013,0.8408643230841322,-0.09457270957394995,0.16390636064834951,0.4361414169844833,0.3955545788288098
1115.0,-0.11145481619645169,0.5211358883891212,0.8408625822004607,-0.09457974220027242,0.1639073844933133,0.43614180274820424,0.3955547276544764
1116.0,-0.11156081383785574,0.5211364093209034,0.8408442884441224,-0.09461453528316208,0.1639075957238894,0.4361622381790288,0.3955773455532931
1117.0,-0.11159528696389519,0.5211279388196352,0.8408437859314916,-0.09462500182002805,0.16390262239794356,0.43616374664098717,0.3955819571655873
1118.0,-0.11160521876974877,0.5211380528242459,0.8408309298358229,-0.09467181456661522,0.16390773017614774,0.4361809411452809,0.3955760211393452
1119.0,-0.11149735149159495,0.5211459273969813,0.8408500493215497,-0.09458571522089121,0.16388229069861485,0.43614389730704606,0.3955587213136353
1120.0,-0.11140976440768001,0.5211361457352631,0.8408684647143165,-0.09457910473148014,0.16389124068347036,0.4361271502638117,0.3955377089088985
1121.0,-0.11149452423294755,0.5211391584625122,0.8408496433045964,-0.09462994207747438,0.16391362639754264,0.4361528654349405,0.39555912605642585
1122.0,-0.11144449942223034,0.5211517255877903,0.8408517873260565,-0.09460060367657959,0.16389821987772604,0.43614351530380485,0.3955501954251102
1123.0,-0.11148593879867914,0.5211751378753252,0.8408271553263701,-0.09464172428996374,0.16389634726719107,0.4361700271440964,0.39555068892398115
1124.0,-0.11158027182373575,0.52116474428346,0.8408236827671136,-0.09461863851084125,0.1638848580290338,0.43617493503693344,0.3955770119345008
1125.0,-0.1115638009728944,0.5211629163064527,0.8408319302118475,-0.09457482812912002,0.16387831795644145,0.4361595541336251,0.39558419019098534
1126.0,-0.11157225339396327,0.5211606297843527,0.8408206712438593,-0.09467750020145294,0.16390481759011036,0.4361906184314859,0.3955667269334959
1127.0,-0.11164962388934004,0.5211543214138435,0.8408147270504213,-0.09467380594531166,0.16390319956538063,0.4362034208501929,0.3955760974421436
1128.0,-0.11162675281046942,0.5211869483094289,0.8408006319905673,-0.09464634284090234,0.1638997460718457,0.436200148839318,0.3955764548604541
1129.0,-0.11149643355675978,0.5211811129347844,0.8408222609216804,-0.09463994063151282,0.1639100428529552,0.4361797802641839,0.39554442228090547
1130.0,-0.11150709280559476,0.5211527034309872,0.8408366474574704,-0.09465601012666677,0.16392450193517444,0.43617945087721444,0.3955423688705235
1131.0,-0.11157587051334636,0.5211668992253184,0.8408228069896788,-0.09461974168773303,0.16391115649470714,0.4361784719013476,0.3955677010305119
1132.0,-0.11151534110890456,0.5211803794249437,0.8408271371750905,-0.09457836005016097,0.163891196162161,0.4361589680537497,0.39555654541519164
1133.0,-0.11151329689772464,0.5211818601752275,0.8408256264880717,-0.09458604062033288,0.163883290384359,0.43615911724747525,0.39555697127429923
1134.0,-0.111561616810379,0.52118173974895,0.8408190672895857,-0.09458803248394164,0.16387998714876564,0.436163714820719,0.39557425115785094
1135.0,-0.1115610696951187,0.5211606401980743,0.840831227200191,-0.09459684033748285,0.16387473257959673,0.4361620790975896,0.39556580931752683
1136.0,-0.11158930321291509,0.5211662863298695,0.8408213833669329,-0.09461992747041109,0.16387316880423725,0.4361764340381071,0.39556681297269425
1137.0,-0.11165934623564058,0.5211995097423644,0.8407827307125985,-0.09469773586530163,0.16388489906231601,0.4362209411158347,0.39557104469869153
1138.0,-0.11158263855098054,0.5212107062777384,0.8407863392503999,-0.09469448856915494,0.1638924983960141,0.43621266205899606,0.3955546193655579
1139.0,-0.11156741645332069,0.5211865268367836,0.8408050337764975,-0.09467951735114108,0.16390567742746867,0.4362022605026051,0.39555545346772625
1140.0,-0.11156682115756102,0.5211801664466709,0.8408110596255718,-0.09466171628879588,0.16390948427318244,0.4361968979953551,0.3955552565709275
1141.0,-0.11156085391377196,0.5211925109567952,0.8408022210058866,-0.09467928785193196,0.1639165963963659,0.436204776037742,0.3955500014704694
1142.0,-0.11160284490310182,0.5211936755308875,0.8407936979591558,-0.09469907638570735,0.16391972020505796,0.43621785978729266,0.3955571008635932
1143.0,-0.11163410936056205,0.5211919285320309,0.8407904719420549,-0.09470048337676555,0.16391318798986854,0.4362171447035033,0.39556503207485044
1144.0,-0.11155788634430039,0.5211927178063172,0.8407984820928852,-0.09471484260852159,0.16390612553103318,0.43620837250274963,0.39554270908880973
1145.0,-0.11147929361705414,0.5211961831146907,0.840812111165351,-0.09466730966382232,0.16389351160841828,0.43618482611658527,0.395529104318636
1146.0,-0.11162944267115499,0.5211913663127838,0.8407971058086294,-0.09465016679210478,0.16389660756644375,0.4362009967212475,0.3955693844477949
1147.0,-0.11164028394733601,0.521171134006928,0.8408063304420335,-0.09466684090373532,0.1639132997034952,0.43620427683625507,0.3955693297739097
1148.0,-0.11156443777688217,0.5211590284322541,0.8408240286658625,-0.09466570722910027,0.16392291891121552,0.4361900031209623,0.3955521018640501
1149.0,-0.11160095791454555,0.5211543744358273,0.8408215916286003,-0.09466992790799326,0.16392287700285957,0.4361965904434887,0.3955587190790988
1150.0,-0.11155516007869733,0.5211810698591451,0.8408134898027462,-0.0946488988103948,0.16390435759698932,0.43618928958269054,0.3955520563288386
1151.0,-0.1114872682091738,0.5212079204638245,0.8408105670764853,-0.09460699215993937,0.16388504612105567,0.436170506283867,0.39554798156580806
1152.0,-0.11157211231045075,0.5212038335759437,0.8407906431169843,-0.09470650488351975,0.16390192891616923,0.4362068077294765,0.39555804172810227
1153.0,-0.11164375114202313,0.5211900898230626,0.840791616878929,-0.09468907057988417,0.16389197138641545,0.4362055803502275,0.39557556446100595
1154.0,-0.1116242823626799,0.521191835130193,0.8408007195601297,-0.09462156502513804,0.16387916153003027,0.43618491970470713,0.39557856578102335
1155.0,-0.11172463048966788,0.5212075244861001,0.8407704854415156,-0.09468534296002079,0.1638980977947137,0.4362264903099353,0.39559583245813507
1156.0,-0.11180066441265286,0.5212156165956489,0.8407537703621664,-0.09469947241409958,0.16391135800039852,0.43624656458279554,0.3956156912376585
1157.0,-0.11156957119645719,0.5211914481688354,0.8408041384747907,-0.09465783571567428,0.1639129722308849,0.4361980070822339,0.395558418369058
1158.0,-0.1114439340663867,0.5211651937280425,0.840844428880658,-0.09459247764266862,0.16390440608663487,0.4361562492379033,0.3955330139484128
1159.0,-0.11155605636521042,0.5211785888489998,0.840821882495868,-0.09458692684357552,0.1639004193333244,0.43617018125000884,0.39557172500323656
1160.0,-0.11162299470518953,0.5212108480981782,0.8407863707171906,-0.09464585407738556,0.16390392816473362,0.43620332715483745,0.39557894017222794
1161.0,-0.1115947629670174,0.5212152187748513,0.8407858901336167,-0.09465934474757765,0.16390512208693422,0.4362051292431116,0.39556642425005323
1162.0,-0.11154116692032415,0.5211988132975458,0.8408053625264074,-0.09463988295702247,0.16389905291600348,0.4361866772151256,0.39555684341826364
1163.0,-0.11160919436767705,0.5211893948544932,0.8407973105363756,-0.09468307672759099,0.16390944210489009,0.4362093949077369,0.3955656231001064
1164.0,-0.11158529554399473,0.5211873288499839,0.8408095226683806,-0.09461414616614175,0.1639074448308943,0.43619036841113856,0.39556651162128953
1165.0,-0.11152643480250103,0.5212049441741481,0.8408080736463677,-0.0945993858317847,0.16391581486375933,0.4361814587387798,0.3955606199224523
1166.0,-0.11163176927716638,0.5212101728816019,0.8407775280595267,-0.09471774956623574,0.16394177675055022,0.4362302796372749,0.39556856973829047
1167.0,-0.11165139569894979,0.5212142987981649,0.8407650528913777,-0.09478262711790975,0.16395245029416178,0.4362557045899438,0.39555574890367684
1168.0,-0.11158536093209327,0.5212235695512548,0.8407658178696172,-0.09480262270600075,0.16394717246011783,0.43625209054143366,0.39553606784251605
1169.0,-0.11155960269640261,0.5212256821843483,0.8407716864858218,-0.09476926971053666,0.16392023117182766,0.43623272766734644,0.3955393948102312
1170.0,-0.11164486588695205,0.5212492561520258,0.8407463390450367,-0.09476407686677653,0.16389811219011985,0.43624465742759155,0.3955664659379485
1171.0,-0.11178483450057253,0.5212463540128146,0.8407285461376869,-0.09477289123604028,0.16388344595878424,0.4362624131274759,0.39559652774734216
1172.0,-0.11176788224663219,0.5212397055214082,0.8407278573538355,-0.09483554057043991,0.16388187093548395,0.43627117770333507,0.3955838921990731
1173.0,-0.11174599317523018,0.5212346876960249,0.8407375624812948,-0.0948028711839449,0.16387153490428522,0.4362535474467371,0.3955863128285203
1174.0,-0.1116527271735954,0.5212243051198219,0.840761514316746,-0.09475741823661919,0.16385832674930784,0.43622576166855265,0.3955671141907099
1175.0,-0.11168634915950909,0.5212461076330475,0.8407402260979142,-0.09478674437729134,0.1638568926465784,0.436246957930416,0.39556970913258827
1176.0,-0.1117862071582457,0.5212171645373318,0.8407474314594339,-0.09476427478328676,0.16385647631236672,0.43625000974690076,0.3955934561525669
1177.0,-0.11172636700766404,0.5211908407514166,0.8407781165298125,-0.09470736611626968,0.163853865600614,0.4362193725694893,0.3955874041164624
1178.0,-0.11167569516939316,0.5212107998367447,0.8407724742907676,-0.0947073794218499,0.16385205385689627,0.436213765858695,0.39558196499415565
1179.0,-0.11174193431272922,0.5212185207522462,0.8407557926103643,-0.09473484540024396,0.1638616667524039,0.43623258822972466,0.3955988117926186
1180.0,-0.11171393368833299,0.5212309582131448,0.8407534460947086,-0.0947202623516086,0.16386287214428,0.4362260615960649,0.3955937194064881
1181.0,-0.11166476059385301,0.5212318357101946,0.8407600999772801,-0.09471435461371312,0.16385949421200502,0.4362163286677357,0.39557973853440853
1182.0,-0.11172068658674797,0.5212309805521412,0.8407469224897105,-0.09477006608270265,0.16387617338167088,0.4362404624602327,0.39558802550116146
1183.0,-0.11171436429409685,0.5212273639475514,0.8407487218188603,-0.09478144672142043,0.1638845249307473,0.4362416223147277,0.3955850180951031
1184.0,-0.11179767101850463,0.5212286005856107,0.8407369169703213,-0.09478113277252685,0.16387639624936887,0.4362553623254164,0.39560443555717195
1185.0,-0.11175299254125652,0.5212195914326045,0.8407523007228543,-0.09474689965444637,0.1638639898431199,0.43623623915378396,0.39559482382228095
1186.0,-0.1117031228318567,0.5212105668898744,0.8407749587494471,-0.09465424476383799,0.16384703084275506,0.4362014644728496,0.3955953567344207
1187.0,-0.11178598555663773,0.52121965455984,0.8407587289461214,-0.0946505405930404,0.1638446249277755,0.4362144577259883,0.39562352573899867
1188.0,-0.11179372134038978,0.5212049724299718,0.840762138472423,-0.09469195897444464,0.16384967853428964,0.4362193222613724,0.39562651218615874
1189.0,-0.11176094208271123,0.5211940215416765,0.8407737459797529,-0.09468786514212497,0.163843483007846,0.4362116804328319,0.3956157598750896
1190.0,-0.11175051050623329,0.5212040562854342,0.8407727309473154,-0.09465394872164266,0.16383522790352223,0.4362052576715765,0.3956171321267682
1191.0,-0.11179775925784623,0.5211907238148127,0.840778517282851,-0.09462016333724561,0.16382589443775247,0.4361978990399006,0.3956322963618061
1192.0,-0.11173111838417807,0.521175885709061,0.8407957768709866,-0.09462724203901739,0.163832208714791,0.4361836956836709,0.39561598051342034
1193.0,-0.11169634111709076,0.5211744531238185,0.8407989587673603,-0.09464791454578347,0.16384859613415084,0.4361833460909292,0.39560903209590914
1194.0,-0.11174623367629566,0.5211916791237275,0.8407784376631291,-0.09467645764444155,0.16385345112898933,0.4362047970156123,0.39561850125251263
1195.0,-0.11179720166986926,0.5212119732128697,0.8407547116324954,-0.09471525508645906,0.16386858020643097,0.43622959781298154,0.3956252160535686
1196.0,-0.11174507083476905,0.5212069379033974,0.8407668991466176,-0.09469629520143714,0.1638794193292906,0.43621681260979933,0.3956159252608783
1197.0,-0.11173305846210128,0.5212041102555603,0.8407718251982355,-0.09468229534734715,0.16387616464180105,0.43621248649912464,0.39561889129435723
1198.0,-0.111745431452641,0.5212206623693204,0.8407501367676097,-0.09476912574248872,0.16389372973132352,0.43624397337609333,0.39560825645103426
1199.0,-0.11176554914347973,0.5212555149276185,0.8407259337858234,-0.09476842534386078,0.1638961542152084,0.4362558237202866,0.39561158320008133
1200.0,-0.1118277858984953,0.5212620771258678,0.8407138709545797,-0.09476592444561706,0.16388357541820425,0.4362657653017878,0.39562586441619957
1201.0,-0.11177479459599185,0.5212294923161666,0.8407415104271483,-0.09476246238639226,0.16387416050222192,0.43624138999174944,0.3956104277788812
1202.0,-0.11172275641078007,0.5212128741354554,0.8407606174964917,-0.09474571020554601,0.1638712749885024,0.43622048704522975,0.3956011200790023
1203.0,-0.11185024004942107,0.5212151892668688,0.8407360430106946,-0.09480061318951713,0.16387750415183935,0.436252729119864,0.39562873950880173
1204.0,-0.11186399882477639,0.5212021421432822,0.8407433169120515,-0.09479160226468285,0.16386921628249018,0.4362474821719773,0.395633075009452
1205.0,-0.11177089834001983,0.5212017179111104,0.8407659730924307,-0.09470276670040058,0.16385138113613126,0.43620915673455357,0.395623322048467
1206.0,-0.11175948959489525,0.521193481612774,0.840775282456606,-0.09467890799886752,0.16385302283041914,0.4361975850904537,0.3956283527436546
1207.0,-0.11173824181060131,0.5211623707872736,0.8407935592169852,-0.09471293138583636,0.16386071138186895,0.43619487208243596,0.39561728882844016
1208.0,-0.11176983189024388,0.521211105630072,0.840762161759076,-0.0946861943543511,0.16384829514319837,0.4362048599403397,0.3956289219104495
1209.0,-0.1118017232594706,0.5212235451176109,0.8407487965003783,-0.09469874272876136,0.1638438318199204,0.4362193542457667,0.39563356976701847
1210.0,-0.11171482313017993,0.5211855481418765,0.8407800442616107,-0.09473299252366221,0.16385140123748124,0.43620267140428387,0.3956074250004804
1211.0,-0.11173700764698546,0.5212208081146458,0.8407513046247941,-0.09476789584094272,0.1638615208291717,0.43622025734860903,0.3956132748345623
1212.0,-0.11187820244651477,0.5212490397914192,0.840710444035731,-0.09480852083596708,0.16385878759115563,0.4362650433843832,0.3956328489042208
1213.0,-0.11183585912263874,0.5212419351147202,0.8407192873790594,-0.09481912001811482,0.16385743417621224,0.4362633787765349,0.39561379672784114
1214.0,-0.11182144902770486,0.5212173474241916,0.8407357374403202,-0.09482541891346948,0.16388354834588556,0.4362587292657132,0.39561227746654315
1215.0,-0.11185429851811565,0.5212148288398624,0.8407370994803682,-0.09478843630839538,0.16388921592270547,0.4362553325051366,0.3956292181287847
1216.0,-0.11185472192370242,0.5212138217284915,0.840740805540346,-0.09476059899516062,0.1638862183118771,0.43624800875766606,0.3956365536912666
1217.0,-0.11181284248787896,0.5212294293055931,0.8407389084000507,-0.09474100581499934,0.16388182037883237,0.4362412069940117,0.39563518268104647
1218.0,-0.111709138081361,0.5212335709393914,0.8407538330464517,-0.09470810531622395,0.16386616370683252,0.4362149242130138,0.39561278287829915
1219.0,-0.11180208812258288,0.521176216996826,0.8407687807881796,-0.09478133350119945,0.16387061018716348,0.4362286739696986,0.39561709977033516
1220.0,-0.11184708229125598,0.5211817308160852,0.8407623884127043,-0.09475462984491806,0.16385363687476687,0.43622921213467936,0.395634485215483
1221.0,-0.11184900352274527,0.5212086460163305,0.8407479200443233,-0.09473269060855505,0.1638415318711922,0.43623116008271356,0.3956342870474573
1222.0,-0.11189874187412206,0.521204308633176,0.840738286357215,-0.09478330065119546,0.16384544798271772,0.4362518852432103,0.39563299946987085
1223.0,-0.11183513517995079,0.5212118585561932,0.8407463771605448,-0.09474508077520546,0.16384605177878436,0.43623553479593935,0.39562820806085375
1224.0,-0.11171512030100784,0.5212141543764861,0.8407622608869245,-0.09473308736678539,0.16386178104441276,0.4362182812199527,0.395604068613126
1225.0,-0.11179885002556622,0.521220131007072,0.8407386438598298,-0.09481099560001524,0.16388573804203446,0.4362569200903864,0.3956145676960172
1226.0,-0.11190598426760358,0.5212277106261362,0.8407204796931054,-0.09480400511123181,0.16389456909886765,0.4362740874057115,0.39564158077037503
1227.0,-0.11179856094197639,0.5212344594125541,0.8407382307055989,-0.09473619963997232,0.16389116005160306,0.43624620777902645,0.3956246836186921
1228.0,-0.11176113373580643,0.5212281039416637,0.8407479186091917,-0.09472935132142057,0.16389535142159878,0.43623938018209196,0.39561909803210976
1229.0,-0.11184802894651696,0.521226411113245,0.8407284173768245,-0.09480915036981251,0.16392404388761841,0.4362742726223758,0.3956299988992463
1230.0,-0.11182587705787843,0.5212470156631579,0.8407139453456978,-0.09485032410993058,0.16394496323044813,0.43628831473564994,0.3956216847255707
1231.0,-0.1118044583859907,0.5212386662861938,0.8407284688403202,-0.09479270823547598,0.1639307682409926,0.4362650284516707,0.39562131126240985
1232.0,-0.1118471814868234,0.5212253429415135,0.840726635459843,-0.09483182112206465,0.16393723748128,0.4362814701800507,0.3956239328455199
1233.0,-0.11180052303730519,0.5212144806965996,0.8407443240233531,-0.09478971348872371,0.1639346169010854,0.43626116229281187,0.3956175129260847
1234.0,-0.11180553090436259,0.5212160630689515,0.8407470684548467,-0.09475075589502034,0.16393271730014858,0.43624966761091566,0.3956284102498881
1235.0,-0.11180678299026517,0.5212301614842296,0.8407319399873721,-0.09480594454759529,0.16393716716393458,0.4362674805583935,0.3956229942802545
1236.0,-0.11172291603874594,0.5212326109347297,0.8407478512029856,-0.09475022969643124,0.1639223626294013,0.43624074681288405,0.39560898075652157
1237.0,-0.11171557934682028,0.5212332039497418,0.8407537123087709,-0.094703599036739,0.1639150504646029,0.4362257048669319,0.39561867637891235
1238.0,-0.1118133935370035,0.5212261166826893,0.8407410492395027,-0.09473958220977602,0.163914821602236,0.43624818557522244,0.39563575495792136
1239.0,-0.11177853586209535,0.5212450401303163,0.840728550818077,-0.0947875039201242,0.16391705993208308,0.4362602766621578,0.3956183418377355
1240.0,-0.11166828426762064,0.521258871456047,0.8407364791989085,-0.09477107027631135,0.1639127003969186,0.43624584107949627,0.3955901147202624
1241.0,-0.11178355684695632,0.5212654075842224,0.8407122020297964,-0.09481458027597223,0.1639235589657312,0.43627649452352046,0.39561371460371686
1242.0,-0.11188618432536236,0.5212581905951152,0.840700470575967,-0.09483722511738361,0.16393423882780084,0.43629732386049846,0.39563343619940317
1243.0,-0.11183939443292955,0.5212529037071347,0.8407172189230219,-0.09477298157226079,0.16393181522921504,0.4362761408055178,0.39562199873093773
1244.0,-0.11182919325055785,0.5212556093334051,0.8407106140200856,-0.09482871268429507,0.16394654973451153,0.436290960999228,0.395611550051681
1245.0,-0.11174622716080329,0.5212511322948804,0.8407266182502949,-0.09480923563690333,0.16393762163891104,0.43627205652484574,0.3955935472964842
1246.0,-0.1114774561159444,0.521324056846429,0.8404567051971984,-0.09709032505954714,0.16439226336906299,0.4369317684971928,0.3951984320396509
1247.0,-0.11132989171705772,0.5213484667709315,0.8402024497644837,-0.09930395166169109,0.16483386095796554,0.4375693846446504,0.39484028157392165
1248.0,-0.1113335108921455,0.5213439482022861,0.840238056288641,-0.09902194599969853,0.16476788674958795,0.43747832415373744,0.39488606818191707
1249.0,-0.11142608907345218,0.5213707208235225,0.8402433655148731,-0.09873137723132872,0.16470546042989231,0.4374101088889911,0.39495375687720297
1250.0,-0.11149513433752063,0.5213498678716194,0.8402684485910838,-0.0985499091406796,0.16466317060335386,0.4373625080211374,0.39498797902400445
1251.0,-0.11155373892467638,0.5213290736041706,0.840256810142715,-0.09869272189848495,0.1646913002840595,0.4374070616828112,0.39497940341739907
1252.0,-0.11148892947580902,0.5213239774979121,0.8402136257553312,-0.09915942812044966,0.164790864287499,0.43753636487583963,0.3948940578037368
1253.0,-0.1116000555675606,0.5213006510523883,0.8404484782417623,-0.09714635469630051,0.164385200963725,0.4369501366005958,0.39521813483879753
1254.0,-0.1118680406718825,0.5212443096579771,0.8407115189099835,-0.09483698169744405,0.16391726216212607,0.436289454839365,0.3956205782057477
1255.0,-0.11175732624062869,0.5212227563862124,0.8407504151722657,-0.09474110852406141,0.16389837148934017,0.4362409029232097,0.39560725497864385
1256.0,-0.11175888327679513,0.5212160215321342,0.8407589932119838,-0.09470019134145938,0.1638996621915266,0.43622429037912774,0.39562279005438794
1257.0,-0.11180600607830396,0.5212098762846411,0.8407586451173381,-0.09468147933268375,0.1638936892970104,0.4362264087125638,0.3956358946457841
1258.0,-0.1118304953664646,0.5212361926741795,0.8407350497041494,-0.0947171998719243,0.16388996681367302,0.4362485629077284,0.3956332478092295
1259.0,-0.11164819910792674,0.521310506407112,0.8404470307747308,-0.09705062600238991,0.16435805901579262,0.4369341094663015,0.39524569187641645
1260.0,-0.11142211476239906,0.5213660850617194,0.8402248824749138,-0.09891746336874947,0.16473875969614246,0.43746471844901363,0.3949230743326705
1261.0,-0.11147753826077485,0.5213679587053683,0.8402799853978425,-0.09837558761459178,0.16463221284131874,0.4373042662405321,0.3950223370519994
1262.0,-0.11145898748755995,0.521366568549308,0.8402952214468065,-0.09827378145278746,0.16460422016695625,0.437271022374248,0.39502778744757905
1263.0,-0.11143220767167365,0.5213748200736993,0.8402734632921305,-0.0984462643962857,0.1646225741162243,0.4373279076598187,0.39498575776398753
1264.0,-0.1114317245355118,0.5213897170895037,0.8402274317377598,-0.09876029888440725,0.16468546536999312,0.43743002718984886,0.3949426402902697
1265.0,-0.1113042296153473,0.5213774925775666,0.8402264930603927,-0.09897635607910317,0.16473441392431762,0.43747020632407874,0.3948858830357085
1266.0,-0.11127648970031818,0.5213862019771586,0.8402419726076285,-0.09883015074485178,0.16469597017119214,0.4374197396443992,0.39490515293231443
1267.0,-0.11142670520741269,0.5214241764586846,0.8402590782660332,-0.09831377809096387,0.16458793134697464,0.4372940266774815,0.39502631747184724
1268.0,-0.11144398323124714,0.5214197057780712,0.8403314421443538,-0.09769747372094016,0.16446446757235533,0.4371110067466398,0.39511843411532743
1269.0,-0.1114522864107653,0.5214100201580627,0.8403902837876019,-0.09723245161968873,0.1643691778602429,0.43697064810762876,0.3951805479107249
1270.0,-0.11146616790604623,0.5213902050441295,0.8404161951480583,-0.09709874576554894,0.16434215529504365,0.436929700762523,0.39519456180139473
1271.0,-0.11146595925192383,0.5214161453419693,0.8403975282182861,-0.09712125343798705,0.1643413715206484,0.43694951514363367,0.39518957486969875
1272.0,-0.1114722171737723,0.5214634226975631,0.8404020256381635,-0.09682085978846462,0.16426864705123215,0.43686630918487285,0.39523896687442217
1273.0,-0.11151612313455496,0.52145185425526,0.8404458464180866,-0.0964515277918194,0.1641881999972021,0.43675118360643306,0.39530612533576154
1274.0,-0.11158776625399801,0.5214773984907649,0.8404349631531663,-0.09632531336820574,0.16415368968113117,0.4367280404331614,0.3953541780800669
1275.0,-0.11146780239017201,0.521482484991242,0.8404718671880121,-0.09611444919033263,0.16409715484226708,0.4366406846469921,0.3953630202428931
1276.0,-0.11151828242412364,0.5214545385774192,0.8405143295028144,-0.0958357907183874,0.16402540075059197,0.43655437750203774,0.39541115239493707
1277.0,-0.11163236149980377,0.5214505658884803,0.8405307533790981,-0.09558020623814674,0.16396151510760265,0.4364968838102295,0.39547288041277595
1278.0,-0.1115413947475258,0.5214503169405238,0.840569437194921,-0.0953472887617553,0.16391538169143646,0.43641433885048053,0.39548955426617893
1279.0,-0.11164570543853335,0.5214657691577849,0.8405480498364717,-0.095329239847575,0.16391795387595498,0.4364212722398358,0.3955291364748304
1280.0,-0.11179051149945853,0.5214835734632013,0.8405314801869679,-0.09520816646403801,0.1638895820357618,0.43640854908077703,0.3955907815591918
1281.0,-0.11163981724632953,0.5214841382225976,0.8405803464283877,-0.09495012367434083,0.1638337081379664,0.4363152287439967,0.3955884115893866
1282.0,-0.11163206930502294,0.5214914308928414,0.8405793743097294,-0.09492778356771614,0.16382534876388358,0.4363121720139333,0.39558120330403024
1283.0,-0.11177498815921005,0.5215104732660577,0.8405508209739405,-0.09490782715801449,0.1638194525387302,0.4363286950867616,0.39562018694501866
1284.0,-0.11164978528526628,0.5214820281823985,0.8406003824443873,-0.09477244727702144,0.16380769548870597,0.43626277687651316,0.3956182644729114
1285.0,-0.11160404734813696,0.521474070422594,0.8406190388900936,-0.0947046036257033,0.16379305125595237,0.4362374671565549,0.3956140980432023
1286.0,-0.11169303426126602,0.521513323908152,0.840585827928387,-0.09467832365294018,0.1637753917079868,0.43625264295282096,0.39563112875914824
1287.0,-0.11164938767754691,0.521515418400001,0.8405977003542484,-0.09461283613469114,0.16377336379320173,0.4362293541774591,0.39563311539035984
1288.0,-0.11159239105417794,0.5215082948091525,0.840617832001955,-0.09454045284635906,0.16377958970617146,0.43619820423746886,0.3956434790043838
1289.0,-0.11164281769076013,0.5214804172024856,0.8406304622115116,-0.09452238747751611,0.16378709693502683,0.43618871820559224,0.39565921986107355
1290.0,-0.11177991381312072,0.5214869349592502,0.8406017551141621,-0.09457968510059854,0.16378932735208884,0.43622649263860147,0.3956717339595047
1291.0,-0.11172387827347356,0.5215371758839084,0.8405820290622819,-0.09454417809737586,0.1637666603356022,0.43622355860309947,0.3956632274066324
1292.0,-0.11151251087688184,0.52151609483008,0.8406362532099373,-0.09442781655992469,0.16375063085618327,0.43615022198165776,0.3956377233006858
1293.0,-0.1115183838819837,0.5214841755514653,0.8406602946726361,-0.09438312172563175,0.16374630086244363,0.43613070242550456,0.3956437571903548
1294.0,-0.11169539556036372,0.5214936209745756,0.8406317752386435,-0.09437563431609927,0.16373611696177115,0.43616103597738665,0.39567767009304666
1295.0,-0.11175723200118569,0.5215297667993549,0.8405997850268875,-0.09438763081248668,0.16373345478029927,0.43618404135899935,0.3956927274482621
1296.0,-0.1116866018275004,0.5215099763249289,0.8406187613493978,-0.09441157573730802,0.16374607660085172,0.43617381380130077,0.3956779845867647
1297.0,-0.11156485941672722,0.5214681272826031,0.8406648835357865,-0.09437599250584523,0.1637418289661728,0.43612869954419897,0.395656282543147
1298.0,-0.11154857023631709,0.5214986966462781,0.8406505364359992,-0.09435412796657801,0.16371838839853106,0.4361239410253208,0.39565808585356554
1299.0,-0.11162070811391489,0.5215126856159757,0.840627111292556,-0.09440019079267487,0.16370682827964433,0.4361527763786004,0.3956624684493022
1300.0,-0.11158812260241815,0.5215121650739529,0.8406337431965044,-0.09438253214117227,0.16369450167855645,0.4361444875970494,0.3956520213456374
1301.0,-0.11161393831738146,0.5214830836254316,0.8406564738233976,-0.0943102077434152,0.16368073639241001,0.43611666873223537,0.3956664921529389
1302.0,-0.11156823831086285,0.5214699423810676,0.8406686729591529,-0.09432820203095904,0.1636872691157005,0.43610494259136695,0.3956555102459587
1303.0,-0.1116832128650668,0.5214701890080624,0.8406611872305361,-0.09425746773692449,0.16367787280262147,0.4361247958921858,0.3956891870986693
1304.0,-0.11158510036281134,0.5215593542101147,0.8406287905859197,-0.09416921923326944,0.16371370581437866,0.4361209241262379,0.3957119420808851
1305.0,-0.11110891200906615,0.5215281570870746,0.8406976362107171,-0.09429037865675462,0.1638286826990968,0.4360775761875657,0.3956385288459337
1306.0,-0.11102853664408102,0.521425672147358,0.8407684547512727,-0.09432040061146271,0.16383150034318023,0.43604453442617763,0.3956108190555725
1307.0,-0.11150268482322588,0.5215394602666469,0.8406225149906612,-0.0944326741798756,0.16378080131434003,0.4361510738828235,0.3956759677938366
1308.0,-0.11179048013668988,0.5214955073938897,0.840602599551441,-0.0945124010178435,0.16378495487986205,0.436244937349021,0.39571106678204193
1309.0,-0.11140424653521697,0.5215231815586698,0.8406620997529032,-0.09428626087550135,0.1637700955516541,0.436147282960641,0.39564695347222745
1310.0,-0.11129142272857308,0.5215404059119865,0.8406628047942286,-0.09431793500554907,0.1637824119200859,0.4361217577131402,0.39561072793721086
1311.0,-0.11135908994455614,0.5213803542880188,0.8407324807609022,-0.09450171978773297,0.16383100103968157,0.4361413123531146,0.3955938415344433
1312.0,-0.11130071205077013,0.5214449262645242,0.8407151587365781,-0.09436822685897388,0.16381870216807043,0.43611608186119566,0.39559479636748895
1313.0,-0.11138575428467734,0.5215843534118401,0.8406284005232841,-0.09427018750406285,0.16379760005691746,0.4361543373592474,0.3956427024751926
1314.0,-0.11136517232415384,0.5215050302869136,0.8406698005122498,-0.09436412605090401,0.1638127727379047,0.43614276765099025,0.395640848494195
1315.0,-0.11128469329396204,0.5214753584969163,0.8407000616207844,-0.0943534520290099,0.16380203822012812,0.4361045263514196,0.3956347746470106
1316.0,-0.11118559141318443,0.521537628964019,0.8406859097024889,-0.09425214620574136,0.16376639101313345,0.43608442396137964,0.3956208793442953
1317.0,-0.11131605215375606,0.5215190528599921,0.8406629659509272,-0.09440546443670159,0.16377409552254996,0.4361350734340933,0.3956049177978725
1318.0,-0.11158142240130063,0.5215546983879594,0.8405904267793071,-0.09454108721254346,0.16378080284859473,0.4362208397288161,0.39564165220640213
1319.0,-0.1113124709404851,0.5215069218031917,0.8406835416687506,-0.09429340958820709,0.16375739662229252,0.43610513565616116,0.3956058925603195
1320.0,-0.11111421909970685,0.5214989275679633,0.840718090378817,-0.09426341479663133,0.16378723031595102,0.4360726359538056,0.3955847372223501
1321.0,-0.11129693211156075,0.5216299784553934,0.8405938926716771,-0.09443021805681426,0.16382230396655775,0.4361931337947922,0.39563530296960625
1322.0,-0.11129537216487144,0.5216140661595144,0.8406177778739519,-0.09430725126669764,0.1638030310900272,0.4361495911266974,0.3956303107135585
1323.0,-0.11122692127887215,0.5215701449288924,0.8406530457508382,-0.09431655512961008,0.16379586258877257,0.4361251356509073,0.39559756457589
1324.0,-0.11130193372140479,0.5215613339129186,0.84063791303284,-0.09441161839860929,0.16379028061890508,0.43615785839023996,0.3956109041284925
1325.0,-0.11121568321966548,0.5215731197316564,0.8406535453594274,-0.09430890336545786,0.16378464094403705,0.436120642955765,0.39561299336164324
1326.0,-0.11111619022210326,0.5215772569796412,0.8406664255646027,-0.09428848392329256,0.16378922121818254,0.43610628374337906,0.3955760170180178
1327.0,-0.11130228380976168,0.5215092767938946,0.8406707264010502,-0.09440659727461187,0.16378330628734458,0.43614281657339754,0.39557336310554636
1328.0,-0.11122830295737235,0.5215507985700697,0.8406585036598269,-0.09437324491913242,0.16377281027368806,0.43613064616986463,0.39556625796503286
1329.0,-0.11097460936748584,0.521577582311356,0.8406879736799785,-0.09426129967185004,0.16378063729916767,0.4360780704088039,0.395529543886395
1330.0,-0.11110627168014513,0.5215240951853959,0.8406924124399314,-0.09436250420755155,0.16379705924597776,0.43611118538983173,0.39553792486367
1331.0,-0.11129623344031443,0.5214904391745172,0.8406866788186661,-0.09437572955166425,0.16377444739119168,0.4361374978681587,0.3955695313754926
1332.0,-0.11107748236177804,0.5214936137315526,0.8407328731268412,-0.09420424509151346,0.1637546970793192,0.4360645934473034,0.3955449364157745
1333.0,-0.1109528984859759,0.5214964585851031,0.8407400574919275,-0.09427117125201726,0.16379081328050865,0.4360566194464194,0.3955225651389771
1334.0,-0.11123035551870526,0.521484436030901,0.8406958621050106,-0.09440475850415894,0.16378244871843614,0.4361249048696453,0.39555949796657686
1335.0,-0.111261515491378,0.5215650407904399,0.8406537815474179,-0.09429741759907709,0.16372611005441687,0.436120679712612,0.39557922107796833
1336.0,-0.11105933948704498,0.5215679045555143,0.8406809932056017,-0.0942773128229388,0.1637567296515209,0.43609283064726245,0.395548181384292
1337.0,-0.11107805023476365,0.5215834155444738,0.8406624237887577,-0.09433502326609784,0.16377686231396854,0.4361120327696012,0.3955527691353124
1338.0,-0.1112319426960168,0.5215931307435656,0.8406431165792063,-0.09427200768624094,0.1637453269307288,0.4361183725410315,0.39559252518218035
1339.0,-0.11109011295033402,0.5215698147457485,0.8406811797628221,-0.09422881270268292,0.16375063056512768,0.4360897714027535,0.39555593945910167
1340.0,-0.1109192559296085,0.5216307337790348,0.8406589066860201,-0.09429156298753882,0.16376869004583444,0.4360959635749564,0.395511136522489
1341.0,-0.1111685832195991,0.5215483579940325,0.8406712171152669,-0.0943438450171032,0.16376793243904925,0.4361211223274397,0.3955548734483265
1342.0,-0.11108482497008222,0.5215484196594514,0.840687491096324,-0.09429713636300432,0.16375132333182238,0.43609418808975636,0.3955450583378845
1343.0,-0.11087440386516892,0.5216292312637757,0.8406659588421492,-0.09428975184353706,0.1637425343916803,0.43608136365952643,0.395501461107992
1344.0,-0.11111885014395091,0.5215769380289431,0.8406613930976202,-0.09433197238585876,0.1637236524931458,0.43611591469620986,0.3955365480656568
1345.0,-0.11110278520346695,0.5215838310939832,0.840663855833542,-0.09429082540967106,0.16369551934722518,0.43609930026927823,0.39553382116293956
1346.0,-0.11095087901572316,0.5215944650918747,0.8406769199542515,-0.09429439372196251,0.1637098982748168,0.436079559698684,0.39550331976772046
1347.0,-0.1110271828972241,0.5215934953251218,0.8406651486227639,-0.09431488845084184,0.1637050804456978,0.4360931364000801,0.39552043849625873
1348.0,-0.11115515833991245,0.5215813315508806,0.8406593066558694,-0.09428348468800131,0.16368509863955397,0.4360990658813837,0.3955453577773919
1349.0,-0.11109242103043161,0.5215765361069165,0.840674860938255,-0.09424526066998455,0.16368962906344958,0.4360837132630358,0.395533845943035
1350.0,-0.11090038110985238,0.5215892127383812,0.8406860265402853,-0.0943016617274154,0.16371539698133872,0.43607401657462397,0.39548785390345553
1351.0,-0.11106852540123394,0.5215539576637485,0.8406860039966215,-0.09429896391089747,0.1637077287106956,0.4360856074881818,0.39552593771390676
1352.0,-0.11107342746358602,0.5215562922392446,0.8406875764374677,-0.09426625356319235,0.16369801551390692,0.4360808497958147,0.39553275096108187
1353.0,-0.11093586779282673,0.5215797611633429,0.8406952731085787,-0.09422973922671556,0.1636920881452764,0.43605616861830343,0.3955060131338001
1354.0,-0.11111626276183745,0.5215652362008724,0.8406750191923862,-0.0942782723773172,0.1636855735511235,0.4360915517901305,0.3955344418746078
1355.0,-0.11111463031561371,0.521554883746331,0.840682969741121,-0.09426657179204663,0.16367950487287936,0.4360859342614938,0.3955352331903072
1356.0,-0.11091174133566191,0.5215647119052084,0.8407130904525941,-0.09418246371154579,0.16367695813088734,0.43603625123779405,0.3955052971803522
1357.0,-0.11089050228041793,0.5215671973749484,0.8407125527912357,-0.09419850691853975,0.1636763934268102,0.4360393737319001,0.39549555782121976
1358.0,-0.11101201435094284,0.5215681948482804,0.8406937446963225,-0.09421771818998219,0.16365924481505315,0.43606423598178856,0.39551191722952495
1359.0,-0.11090292565618938,0.5216017612719185,0.840689938895456,-0.09419432232828427,0.16365590313963432,0.43605418492741005,0.39549404295376284
1360.0,-0.11066856775262336,0.5215833038678209,0.8407368078236739,-0.09415383799065301,0.16365485693062604,0.43600333366429467,0.39544636806572503
1361.0,-0.11083677888407108,0.5215472507357292,0.8407315861311995,-0.09420230240245396,0.16364940701890912,0.43602820535125275,0.39547255371830803
1362.0,-0.11088788033738127,0.5215574606180498,0.8407188422655308,-0.09419937116371545,0.16362370810755555,0.4360278877818793,0.3954795461233622
1363.0,-0.11072716946911619,0.5215263580259026,0.8407682560183494,-0.09411955959023119,0.16360206278626535,0.4359756805970636,0.3954399335492956
1364.0,-0.11077872267613845,0.5215191512578109,0.8407725124936306,-0.0940607873065261,0.16361375397907946,0.4359801225750519,0.39547340352209037
1365.0,-0.11055048900726838,0.5214773918706974,0.8408255245446463,-0.09408696202030023,0.16366485964590563,0.4359487152419206,0.3954443838770345
1366.0,-0.11031795586966894,0.5214418875014216,0.8408710858411059,-0.09414947460337708,0.16368771873978788,0.4359119308426495,0.39538696032881404
1367.0,-0.11069972579596904,0.5215310418496154,0.8407597580788086,-0.09420176373728392,0.16362583384068366,0.4359905886895234,0.39545780233889705
1368.0,-0.11094843026409641,0.5215960991278538,0.8406918016546615,-0.09415545564213583,0.16357185255443923,0.43604397910115544,0.3955140974666968
1369.0,-0.11050507906131678,0.5215982264221052,0.8407605150615577,-0.09405144341471171,0.163606615055029,0.4359591310384495,0.3954335979806033
1370.0,-0.1103856483282384,0.5215262601700339,0.8408175613834826,-0.09408080072653502,0.16364892578970905,0.43592602943429193,0.395403111964885
1371.0,-0.11060556906537518,0.5214730135349156,0.8408236138878208,-0.09406356667255936,0.16361440589255954,0.4359342153445985,0.3954455023387154
1372.0,-0.11047428267456542,0.5215829759304181,0.8407790370368785,-0.09400661129116579,0.16359783554231516,0.4359398635399201,0.3954288221180119
1373.0,-0.11026538723472587,0.5216679545009288,0.8407510107453074,-0.09403099252659539,0.16362603638682077,0.4359462269067965,0.3953827825097862
1374.0,-0.1105177164022748,0.521555401610106,0.8407787404308337,-0.09411114201882875,0.16363718165111296,0.43596565378460084,0.3954265268493077
1375.0,-0.11056613668657647,0.5215247935502867,0.8407931181321715,-0.09409543895490681,0.16363183381754218,0.43596551609904766,0.39545290879518474
1376.0,-0.1102990242181247,0.5215338613365327,0.8408352776552869,-0.0939818737113303,0.16362924463249845,0.43589749906114184,0.39538338487887326
1377.0,-0.11048962212226887,0.5214859609216248,0.8408337997351247,-0.09403699903718707,0.16361794166462146,0.4359342037287576,0.39537694133603846
1378.0,-0.11068290533563277,0.5215045552158563,0.8407834044213451,-0.0941571038489836,0.16363840467363114,0.4360014488282343,0.3954152485819196
1379.0,-0.11054897532895264,0.5214548912035463,0.8408453376270532,-0.09403636894554976,0.1636525381600391,0.43593356866378913,0.3954205499492447
1380.0,-0.11041619508890771,0.5215654874712381,0.8407904200506247,-0.09407005736190382,0.16367256060141788,0.43595619470546565,0.3954161468046822
1381.0,-0.1105932502950034,0.5216056640286985,0.8407306231288477,-0.09417368834099477,0.16367512163569387,0.43601873829154836,0.3954431628307927
1382.0,-0.11077592691344552,0.5215930829057862,0.840718861838865,-0.09413365620046805,0.16365439830451137,0.4360224427413864,0.3954803126489461
1383.0,-0.11072464251269301,0.5215677634464091,0.8407414651518382,-0.0941324091282441,0.16367220176315248,0.4360163092762496,0.39546872911197845
1384.0,-0.1105096613220946,0.5214654878328594,0.8408355613855762,-0.09411120264408972,0.16368609250142951,0.4359584051136562,0.39541232177138363
1385.0,-0.11044966511403156,0.5215498831154424,0.8407904328808263,-0.09411715504911622,0.16366968826706407,0.4359671500305913,0.39540447291129643
1386.0,-0.11067625084614768,0.521583546117525,0.8407372045793366,-0.09413992115054577,0.16364341508210617,0.4360006165822328,0.395443374199508
1387.0,-0.11061233618763722,0.5215494062843042,0.8407626760217111,-0.09417669826668483,0.1636612465713523,0.43599289841629685,0.3954269456577534
1388.0,-0.1105423479984757,0.5215625397099829,0.8407666643984254,-0.09415053110100832,0.16368239822457448,0.4359809509283129,0.3954280324112195
1389.0,-0.11077214542444026,0.5215336474074482,0.8407657206228567,-0.09404886732693135,0.16365451965688052,0.43598476833789496,0.39549343068248255
1390.0,-0.1107310431103026,0.521547521387099,0.8407567147277328,-0.09410082713189884,0.16365850133750512,0.435997743563191,0.39547557238267567
1391.0,-0.11067395575963246,0.521591560011125,0.8407224134994319,-0.09423026839273038,0.16369026220775956,0.4360277785595752,0.3954429748005608
1392.0,-0.1108533684000858,0.5216020550516153,0.8407005068807661,-0.09415670242053617,0.16366415531289166,0.436047560492647,0.39549862514495854
1393.0,-0.11060881839112664,0.5215237774277206,0.8407961755071668,-0.09402356153731707,0.1636549483059416,0.4359529954082501,0.3954549428738567
1394.0,-0.11045261289021915,0.5215449838261378,0.8407906766061685,-0.09413866518948732,0.1636878204743649,0.4359597103182552,0.3954055182081797
1395.0,-0.11076874167741273,0.5215906519123821,0.8407107088473038,-0.09422834888865823,0.1636783042296386,0.4360548242549486,0.39545727771451117
1396.0,-0.11079637394053157,0.5215788745110245,0.8407258241662379,-0.0941261375253592,0.16366518642298894,0.4360300825597195,0.39547272628936214
1397.0,-0.11057086012239262,0.5215894325721487,0.8407454264263374,-0.09415772227520341,0.16370098234613442,0.43600391099276986,0.3954370278891657
1398.0,-0.11056419349274978,0.5215119094922946,0.8407890205384564,-0.09420568091671316,0.16370935149958463,0.4359938865889309,0.3954234358900796
1399.0,-0.11075820603143373,0.5215566384196779,0.8407411596067436,-0.0941572900001483,0.16367529804437334,0.43602200682060055,0.3954723845004702
1400.0,-0.11069162316424272,0.5216154154389732,0.8407170035097239,-0.09412567634457453,0.16366657310054597,0.4360114949891399,0.39546821224286427
1401.0,-0.11074948928329831,0.5215131629763855,0.840758741868303,-0.09425131000618886,0.16369889016847103,0.4360232762009037,0.39545999899845985
1402.0,-0.1108691907945678,0.5215186387715477,0.8407411317282131,-0.09423736714697113,0.16370114647023734,0.4360373793288664,0.39549710288110534
1403.0,-0.11068312210153254,0.5215268263894377,0.840778336101534,-0.09407871906204128,0.16368733549520798,0.4359787327619332,0.395475918379089
1404.0,-0.11081260328944338,0.5215896824779664,0.8407076178129456,-0.09420972049652214,0.1637084957873733,0.4360556699145095,0.39548737017984503
1405.0,-0.11103134100248445,0.5215909181887938,0.8406717270959526,-0.09426559626751047,0.16370403839367795,0.43609215144710706,0.3955212297397558
1406.0,-0.11088500756291501,0.521519406873403,0.8407504395485821,-0.09413140682605492,0.1636918909831317,0.43601924315509344,0.3955085078872641
1407.0,-0.11073042794573126,0.5215753096239105,0.8407389621062259,-0.09410614387075492,0.16371156992128394,0.43600942832413625,0.39549556053393714
1408.0,-0.11085743195804265,0.5215107269584075,0.8407549629053168,-0.09417156575665839,0.16372382076354902,0.4360239058355589,0.39550204232191477
1409.0,-0.1110075341318542,0.5215544811404785,0.840703889013239,-0.09420839435139024,0.16371176275285856,0.4360603076643549,0.3955517774792433
1410.0,-0.11093074619566211,0.5216049103182607,0.8406920770454738,-0.09412501619293287,0.16371060408316657,0.4360468640253572,0.3955731212450736
1411.0,-0.11073613861636741,0.5216081706342914,0.8407150462212826,-0.09413094596906692,0.1637243299598523,0.4360154097005613,0.3955290935749344
1412.0,-0.11100851712738859,0.5215595912417949,0.8406920580074235,-0.09428449242644746,0.16373231846247327,0.43608177979879925,0.39555945730667086
1413.0,-0.1112393170608418,0.5215158643886124,0.8406938940202261,-0.09423796521543251,0.16369717632957753,0.4360751959410132,0.39559305710117587
1414.0,-0.11115328746190578,0.5215461494788055,0.8406872682718187,-0.0942309801281391,0.16371540989571032,0.43608096114515776,0.3955763241451812
1415.0,-0.11089743891048892,0.5215196214856894,0.8407361971964434,-0.09424271415966627,0.16377363219477206,0.4360558583313887,0.3955220860467684
1416.0,-0.11091330366645523,0.5215154561634403,0.8407402123747927,-0.09421126975272107,0.1637809462409797,0.436049897404397,0.39552678084750253
1417.0,-0.11109643620394959,0.5214948680243068,0.840727740956941,-0.09422075181472098,0.16377079696577318,0.4360664177328254,0.39555603932785305
1418.0,-0.11113399169144611,0.5214551471099284,0.8407425502767257,-0.09426414799633939,0.16378457415769426,0.4360776024992151,0.3955565056232502
1419.0,-0.11112944910582247,0.5215416095508424,0.8406954681427362,-0.09421106566013598,0.16379716512316983,0.4360954478382816,0.39558584831538335
1420.0,-0.11099212481938035,0.521485666401394,0.8407533076784914,-0.09416646745869275,0.16380909670595173,0.4360544883892176,0.39556119232952025
1421.0,-0.11092374279929873,0.5215241874070585,0.8407241640354713,-0.0942938239741092,0.16383032148170715,0.43608150538519713,0.39553373996784713
1422.0,-0.11113684830669561,0.5215383472624026,0.8406845185192973,-0.09431804496083217,0.1638182758264004,0.4361182329675786,0.39556390149999376
1423.0,-0.11112171596364286,0.5215396256540549,0.840691916326015,-0.09426285025404468,0.16381068152669148,0.4360995115677273,0.3955626109348843
1424.0,-0.11093279101422622,0.52153205488488,0.8407241039079975,-0.09424018629779675,0.16382462192854988,0.436070663825114,0.395528717502424
1425.0,-0.11095637596095981,0.5214610551273812,0.8407705676463401,-0.09419078085831745,0.16384106617407163,0.43605334181382643,0.3955371842379811
1426.0,-0.1110213387657708,0.5215489094348876,0.8407008391211873,-0.09425018040760956,0.1638711948174937,0.4361091394260252,0.3955611216904539
1427.0,-0.1111267059788494,0.5215547845819046,0.8406860997468318,-0.09422496267164752,0.1638516862076549,0.4361168104103595,0.39558106896740897
1428.0,-0.11121191663972513,0.5215578766415631,0.8406747019082376,-0.09420900425096812,0.16383735787520134,0.4361167914575671,0.39561089455540105
1429.0,-0.11110065588294417,0.5215476040140667,0.8406960734143886,-0.09420643903255657,0.16384486227830247,0.4360995399099336,0.39559040472670476
1430.0,-0.1108781831855895,0.5214978469306876,0.8407651844521521,-0.0941271945468413,0.16383341768569748,0.4360381164439252,0.39552786312637916
1431.0,-0.11097688908969582,0.5215632491710185,0.8407005356756991,-0.09422588029164768,0.16383529809506087,0.43609611701429996,0.39554113234957244
1432.0,-0.1111055799696642,0.5215266313260134,0.84070137171467,-0.09426943573829893,0.16384133167288495,0.436109987035262,0.3955528280647298
1433.0,-0.1111301788993343,0.5215179229135368,0.8407209702678403,-0.09411370553566167,0.16381345222011093,0.43608049675714733,0.39557704236980573
1434.0,-0.1110096370718714,0.5215344016149497,0.8407249078785086,-0.09412947297197148,0.16383642666598108,0.4360861312638801,0.3955577726262974
1435.0,-0.11083643865964617,0.5214934765826806,0.8407681918564734,-0.09417369754529044,0.16386597670955821,0.43606625803412724,0.39551378752101995
1436.0,-0.11104950738006986,0.521535402267227,0.8407188191115325,-0.09413128217715841,0.16383503367008354,0.4360771701423186,0.395555797041753
1437.0,-0.11144762979335943,0.5214825582620949,0.8406886872944587,-0.09422259971462763,0.16382338383151743,0.4361447579689534,0.39561617554302875
1438.0,-0.11110129357131451,0.5214732579999257,0.8407426354149925,-0.09420172372720352,0.16384266477228754,0.4360886778259103,0.3955457659714551
1439.0,-0.11091997033579297,0.5214561590209073,0.8407912541677902,-0.09407604006772008,0.16383909534843993,0.43601860621054733,0.3955240180325417
1440.0,-0.11124577605339497,0.5214489557342536,0.8407451551330362,-0.09414323127161729,0.1638183804403707,0.43607662149461224,0.39558464518972764
1441.0,-0.11142442460583354,0.5214712402797207,0.840697748500906,-0.09423183553288249,0.16383995564841738,0.436156242370107,0.39563370038834733
1442.0,-0.11082314323158239,0.5215083882794576,0.8407785107941241,-0.09401450773816553,0.16386880420900088,0.4360497703406898,0.3955688511884774
1443.0,-0.11067485858800577,0.5214855226864664,0.8408339736168929,-0.09381979597384467,0.16383193742375507,0.4359529580203805,0.3955559546368096
1444.0,-0.1116648579254319,0.5214529382769836,0.840677603324454,-0.09422823321831701,0.16379358042001949,0.4361602264387976,0.3956714339189005
1445.0,-0.11186867125289572,0.5214991363414913,0.8406006792596238,-0.09441689051991387,0.16380396758253635,0.4362676746261896,0.3956827932209884
1446.0,-0.11074174684938579,0.521502802626661,0.840812119949961,-0.09384066976815894,0.16381187086133345,0.4359717225037006,0.39552837460354695
1447.0,-0.11085328512049852,0.5214763304228354,0.8408124972209741,-0.09385270642744935,0.16384002032885142,0.4359833126766481,0.39556895303084366
1448.0,-0.11163760894381103,0.5214658546842768,0.8406619720399507,-0.09432844445662493,0.16386099748683391,0.436210304625756,0.3956731583975831
1449.0,-0.11143478469812382,0.5215203878974816,0.8406770979826459,-0.09413177303132064,0.16383204806096952,0.43613801277733943,0.39563946056752375
1450.0,-0.11105212554887899,0.5215450057398963,0.8407430194323513,-0.09385844487642414,0.1638335015074557,0.43603606583733623,0.3956045396236324
1451.0,-0.11121006838562612,0.521341167248233,0.8408259653651873,-0.09406063995962935,0.1638681263145926,0.43606013582909714,0.39559751287999445
1452.0,-0.11151735679726,0.5213830746779939,0.8407430822521174,-0.09420529824528742,0.16385920959083866,0.436132726309384,0.3956451599620906
1453.0,-0.11138871786816093,0.5214550039411676,0.8407286048365468,-0.09408849773483242,0.16384863494264984,0.43611395061482255,0.3956236817543943
1454.0,-0.1112083590374301,0.5214256441039041,0.8407821153784404,-0.09398634481022168,0.1638511480757151,0.4360651821751268,0.395586481193915
1455.0,-0.11133821527148707,0.5214430076980933,0.840745535746411,-0.09406346615666811,0.16385738036625233,0.4360960181560979,0.3956277064509679
1456.0,-0.11135626273823789,0.5213719782012266,0.840783282362354,-0.09409843354433961,0.16385661135669735,0.4360710161419058,0.3956013440500158
1457.0,-0.11150529448853193,0.5215128582326034,0.8406611854827891,-0.09423204986499129,0.16386775015916918,0.43616458830861066,0.3956228380416186
1458.0,-0.11161638536577699,0.5214763059846445,0.8406624292947287,-0.0942917005190449,0.16387281253364355,0.43620175414841894,0.3956529469319238
1459.0,-0.11125668449505,0.5214121587875933,0.8407729590743012,-0.09408582312481537,0.16387646980066445,0.43608830992663433,0.39563099229980975
1460.0,-0.11116993044149881,0.5214768713488113,0.8407513212430126,-0.09402305590660445,0.1638592329963352,0.4360545458587531,0.3956193628917738
1461.0,-0.11174539719643344,0.5214135750110592,0.8406824196257062,-0.09430757833740569,0.16382805718235197,0.4361856248571505,0.3956686498631494
1462.0,-0.11182079222805517,0.5214518766126606,0.8406428742127794,-0.09435893618466634,0.16383276778415104,0.436212669085946,0.39569189014956696
1463.0,-0.11121840156293056,0.5213263365693739,0.8408323138022595,-0.09407623514406475,0.16386594529119058,0.4360379227941652,0.39560301673787046
1464.0,-0.11114456647685392,0.5213513049405148,0.8408359802450635,-0.09399232152052431,0.16386787758921426,0.43602875722893686,0.39560898827906865
1465.0,-0.1116617353639519,0.5213792304981666,0.8407349696987135,-0.09412792139611853,0.16383985159286613,0.43613014684674395,0.3956856790014314
1466.0,-0.11186643719972184,0.5214255868558311,0.8406585700921985,-0.09431026524632957,0.16386785124185418,0.43621607291035136,0.39571635555322965
1467.0,-0.11135047919637166,0.5214590676889029,0.8407302030965416,-0.094096955896599,0.16387998220863428,0.43610441012008905,0.39565763933510695
1468.0,-0.11117527675011321,0.5213290448915858,0.8408522667458751,-0.09393375485035342,0.16386434899917823,0.4360074895111994,0.3956226587522891
1469.0,-0.11164877841163409,0.5214276500002949,0.8406965113013591,-0.09421853310301269,0.1638588871822611,0.43616696015198797,0.3956871632288928
1470.0,-0.11175831871826923,0.5213942169524741,0.8406893839671058,-0.09433720586698757,0.16385371273464422,0.43618941681028395,0.3956750054924838
1471.0,-0.11151922071267065,0.5214141178091296,0.8407293431927053,-0.09415387753952546,0.16383456500256877,0.43610988027269026,0.39564890365256145
1472.0,-0.11143446518225768,0.5214027550204421,0.8407552269914547,-0.09408599955989594,0.16385672937122603,0.43610663407704253,0.3956688273788421
1473.0,-0.11125615952098375,0.5213622043870756,0.8408054467907801,-0.09407294750483518,0.16389157947444094,0.4360758589191147,0.395634340064655
1474.0,-0.11129045111775925,0.5214935661443993,0.8407159456040466,-0.09410416976466279,0.16388698302589833,0.4361192679454106,0.3956376682622844
1475.0,-0.11165099765226395,0.5213620589496081,0.8407493445731805,-0.09410737383885927,0.1638558763757227,0.43611960757317364,0.39566599757766074
1476.0,-0.11176673203382642,0.5213777048165739,0.8407105848131987,-0.0942295023531891,0.16388155287940762,0.4361658438880645,0.3956915257749436
1477.0,-0.11129468513308734,0.5213784506553018,0.8407827963015835,-0.09413975619627453,0.16391882150251913,0.43609590155918354,0.3956372837215343
1478.0,-0.11114039429102399,0.521382037560594,0.8408322445347011,-0.09386010982699633,0.1638662324964727,0.4359913587213704,0.3956315592865627
1479.0,-0.11173674424861905,0.5214432755896198,0.8406706765134155,-0.09425828333659983,0.16387310770561997,0.436178246960255,0.39569457044865874
1480.0,-0.11178261207247887,0.5212973491096324,0.8407305744955154,-0.09447657147655335,0.16390246995269617,0.43621436812283176,0.39565687762190177
1481.0,-0.11107012132369497,0.5214606904653316,0.8407768829505107,-0.09400217840338844,0.16384951725780947,0.4360445605321952,0.39558627875498437
1482.0,-0.11112592956312979,0.5214788596953576,0.840763437441929,-0.09395567534955561,0.1638208942103099,0.43604741065463803,0.39560000993782357
1483.0,-0.11173114710971535,0.5213772208264983,0.8406877012190485,-0.09447821647245343,0.1638643977736851,0.4362165609329875,0.39563978902789254
1484.0,-0.11183190158065598,0.5214693721934462,0.8406234044475765,-0.09442251610708967,0.1638697996468892,0.4362531807152141,0.39569017155740605
1485.0,-0.11113185224433272,0.5215148272014606,0.840747289687723,-0.09389351047075732,0.16383353885772428,0.4360390635505069,0.39561020418308124
1486.0,-0.11128486545833392,0.5214836422792883,0.840714277017384,-0.0941806454330447,0.1638762220002364,0.4361246423707706,0.3956116526321902
1487.0,-0.1118809917574596,0.5213881575350252,0.8406535470418279,-0.09454441660718017,0.16390501655455164,0.4362531710810078,0.3956880478632348
1488.0,-0.1117065806452116,0.5214876039751378,0.8406498793943757,-0.0942342772829833,0.16384671416847135,0.4361920295131391,0.39569397709893783
1489.0,-0.11126077610849573,0.5216223363057121,0.8406450732745193,-0.09405869840681366,0.1638537744197885,0.4361422587618697,0.39563201174754226
1490.0,-0.11127985164847089,0.5214436582934097,0.8407217868962192,-0.09434078058140295,0.16391091711350875,0.43615051236007724,0.39558570051833236
1491.0,-0.11189491360616738,0.5214597778608084,0.8406102253690365,-0.09451813258545849,0.1638857815488956,0.4362625354890239,0.3956953196966899
1492.0,-0.11184438434647404,0.5215134091763777,0.8406038011109922,-0.09433900199356514,0.1638623985564917,0.4362425010391197,0.39569879914186123
1493.0,-0.11127149309149366,0.5215654299199043,0.8406587792487984,-0.09423891982389855,0.16389510741825028,0.4361594526373327,0.39558694432443664
1494.0,-0.11153302740254602,0.5215437854815524,0.8406166147674077,-0.09442547644030798,0.1638941598373059,0.4362300836753528,0.3956275806897043
1495.0,-0.11200422788747909,0.5214190079185327,0.8406257878599337,-0.09447516023510277,0.16387105306829963,0.43627339505835167,0.3957029991625625
1496.0,-0.11153052957997106,0.5215587729459612,0.8406134565540716,-0.09437374632242976,0.1638865957682463,0.43622313183090256,0.39562844626049853
1497.0,-0.11135493859350028,0.5215326445566361,0.8406602235954816,-0.09430889023307402,0.16388103657899863,0.4361782142952355,0.3955971094402546
1498.0,-0.11184878336010315,0.5215163806040651,0.8405838119743331,-0.09449534099202753,0.16387434537891649,0.4362790804522758,0.39568659992290395
1499.0,-0.11190159505289562,0.521496460002771,0.8405819342153429,-0.09455943686374804,0.1639013753929552,0.43629674412330616,0.39569478875378283
1500.0,-0.11133826082816127,0.5214676283881319,0.8407051023810925,-0.0942880429822066,0.16388954013537949,0.4361364825423117,0.395595467599198
1501.0,-0.11168261110820128,0.521533087797899,0.8406039673351843,-0.09442035166420232,0.1638860825731231,0.43624083878064746,0.39566580703839904
1502.0,-0.11196956914288135,0.5214498224360776,0.840603957850839,-0.09454038456049099,0.16387816575248942,0.43627273479957374,0.39569836491282295
1503.0,-0.11151389790921411,0.5214395478151603,0.8406793937769059,-0.09446483698344386,0.16388690938500816,0.43618999422118065,0.3956162320780549
1504.0,-0.11144230536441224,0.5214716941666119,0.8406817090266944,-0.09435119960035057,0.16386784652151154,0.43615940596524166,0.3956279839565922
1505.0,-0.11178907369347767,0.5214398811479706,0.8406512196292938,-0.09438845420349593,0.1638252909854798,0.43621104210143247,0.3956970365766879
1506.0,-0.11190627939044341,0.5214964250483624,0.8405822526842103,-0.09455125470930727,0.16384555717325028,0.436268725837344,0.39571470600701164
1507.0,-0.11173370177542151,0.5214272766864354,0.8406574474428105,-0.09446814846215228,0.16385107857051184,0.43621117813860943,0.395686866749287
1508.0,-0.11172948826547445,0.5214935658683328,0.8406335170656465,-0.09432005192803687,0.1638132149576513,0.4361991023451802,0.39571521472787974
1509.0,-0.11191306381422418,0.52149420998267,0.8405982475515552,-0.09441314164626882,0.16383989675350014,0.43625608945874517,0.39574651701897723
1510.0,-0.11188595963643988,0.5214887224599842,0.8405986492360401,-0.09447198148568296,0.1638649677627554,0.43625347148741306,0.39572630233675443
1511.0,-0.11200751452537655,0.521508922859152,0.840571302441447,-0.09445975640464031,0.16385451761874298,0.4362789486860791,0.39575570202120514
1512.0,-0.11196214331819238,0.5214483602397872,0.8406134216578028,-0.09447307233066214,0.16387203245184045,0.4362641415289333,0.3957321171174707
1513.0,-0.11178446435788272,0.5215005711170604,0.8406072211006386,-0.0944504509584955,0.163876242522433,0.43624823161080306,0.3957099037688343
1514.0,-0.11185384944569451,0.521478577711069,0.8406201743622254,-0.0943744234834962,0.16383774819652522,0.436214764013429,0.39572878073837464
1515.0,-0.11215295171851035,0.5214250963376469,0.8406059432322647,-0.09444168853157922,0.16383329728732265,0.4362623339770742,0.3957845205592583
1516.0,-0.11196928618965436,0.5214938874243413,0.8405837816008057,-0.09447703656929915,0.16385288230991732,0.43626929087667154,0.39575240525556954
1517.0,-0.11180729084975399,0.5214659658628972,0.8406313393026128,-0.09439982808146248,0.16385092987298588,0.43622184959083965,0.3957269892427555
1518.0,-0.11199846168640126,0.5214792222709692,0.8405940809252762,-0.09443175542652305,0.16383242080564947,0.4362501013923241,0.39577015303350827
1519.0,-0.1120941756250986,0.5214380820689164,0.8405924281974417,-0.09455999162620751,0.16384113804279388,0.43628194850991725,0.3957663830291676
1520.0,-0.11187846579853364,0.5214640980105,0.8406176035319599,-0.09444812337387476,0.1638232156231256,0.43623421131687085,0.39573266012296116
1521.0,-0.11193080896909458,0.5215092979694663,0.8405949956932788,-0.09433768785768944,0.16379178826206456,0.4362235147389615,0.39576179165892966
1522.0,-0.11201208444515912,0.5214357595314351,0.8406139315070756,-0.09447888534664002,0.16380321895421454,0.4362408783253345,0.39574562509595645
1523.0,-0.11197828876239918,0.5214217254775357,0.8406137501338045,-0.09459793936368685,0.163831948552433,0.43626675772729795,0.3957229327279523
1524.0,-0.11195648604477501,0.5214484089074991,0.8406183869340446,-0.0944353198159925,0.1638221653743821,0.43623274621833225,0.39574902947498114
1525.0,-0.11201111464168159,0.5214657039424583,0.8406025876464027,-0.094415673755454,0.16381352978545569,0.43623842197145485,0.3957637459820023
1526.0,-0.11213228769213317,0.5214127737160329,0.8405988714993889,-0.09459707551840786,0.1638525247970651,0.4362871192303633,0.3957562214929433
1527.0,-0.11201006607612427,0.5214029095078663,0.8406330827971821,-0.09449217513244228,0.16385051006404389,0.4362436354389788,0.39574051621082196
1528.0,-0.11178362003354407,0.5214939704101857,0.8406220652800299,-0.09435573370152787,0.16382892864997725,0.43620839372481335,0.3957140239484033
1529.0,-0.1118603281100981,0.5214327425456082,0.8406382633426775,-0.09445883865829387,0.16383976405814324,0.43622657199787784,0.39569826522450746
1530.0,-0.11201213844863854,0.5214031360205874,0.8406254324474361,-0.09455650644255452,0.16384692002225262,0.43626003434570354,0.39571263395279255
1531.0,-0.11199823883717384,0.5214208962590546,0.8406289457468722,-0.09444373464808416,0.16384666239965245,0.4362393931936364,0.3957344204122135
1532.0,-0.11191776225429434,0.521442092889673,0.8406296928876226,-0.0944154526043813,0.16385806278385445,0.4362310108512586,0.3957250382058296
1533.0,-0.11196882697964318,0.521454928415902,0.8405986401830606,-0.09456038038184159,0.16386423896465394,0.43627896739359706,0.39571135166573757
1534.0,-0.1120115362649468,0.5214162989719923,0.8406248452300584,-0.09448983274329986,0.16384446576711084,0.4362510541885156,0.3957215168566255
1535.0,-0.11183989362340979,0.5214685568691,0.840621776663224,-0.09443204430026543,0.16385204292791458,0.4362270823367221,0.39569833065037197
1536.0,-0.11176854020566057,0.5214628793767759,0.8406278134439467,-0.09449411683711653,0.16386834464120145,0.43623410460314804,0.3956711012157982
1537.0,-0.11205061262598101,0.5214527789272962,0.8405957922455742,-0.09450065406217056,0.1638479173577574,0.43626611500943246,0.3957302483950971
1538.0,-0.11204941680223533,0.5214467598289975,0.840602012640425,-0.09447995132823402,0.16383726446299013,0.43625651827898615,0.39572668146028955
1539.0,-0.11190419779148211,0.5214197985975255,0.8406424270519901,-0.09444127268996445,0.16383670514676482,0.43621864607205807,0.3956969253889356
1540.0,-0.11197628553413504,0.5214641663231414,0.840601364172266,-0.09447635297054109,0.16383659237443388,0.43625101305334346,0.39572270178986446
1541.0,-0.11214485104389316,0.521439894457044,0.8405916357248545,-0.09449693541265386,0.16384119430244454,0.43627615197377584,0.3957547481686597
1542.0,-0.11195272488278749,0.5214385295025407,0.8406198226768321,-0.09448153821947547,0.16384520765488064,0.4362484820278291,0.39570508224536066
1543.0,-0.1119093181074491,0.5214699228176335,0.840599735929144,-0.09453839470368809,0.16386164882920354,0.4362716442369071,0.3956909190656859
1544.0,-0.1120138028211519,0.5214670892773896,0.8405883891591982,-0.09453117363523716,0.1638713561359814,0.4362863888807733,0.39571474792878114
1545.0,-0.11184731282692478,0.5215137662402924,0.8405882728183426,-0.09447182561767913,0.163872786068948,0.43626700572896626,0.3956889219925577
1546.0,-0.11163641391858434,0.5215056683180944,0.8406269241517436,-0.09442204928233136,0.1638773616661738,0.4362228704610823,0.3956399813305468
1547.0,-0.11180603596579643,0.521495069511484,0.840598759506853,-0.0945305681373349,0.16390542493786917,0.4362710141139623,0.3956609653915054
1548.0,-0.11191887772191056,0.5214974137956038,0.8405834894134524,-0.09451988965011235,0.16389306398328687,0.43628178328661693,0.3956922340069175
1549.0,-0.11172858961254743,0.52148120930293,0.840626864212155,-0.09444864092184514,0.16388368667715694,0.4362324546269294,0.39565527931049493
1550.0,-0.11182373907452496,0.521513940226273,0.8405900351458309,-0.09448309024683046,0.1638904628543447,0.43626571491403787,0.39567924985642167
1551.0,-0.11192295926156458,0.5214816489983229,0.840591226197291,-0.09453322901635605,0.1638807928657684,0.4362746566782321,0.39569225837343214
1552.0,-0.11191897583765449,0.5214679444706887,0.8405957725049239,-0.09457310920032003,0.16388510702605158,0.4362636998619541,0.3956884159604634
1553.0,-0.11196891566885808,0.5214639091149147,0.840590328504585,-0.09458463426522219,0.16389617820468338,0.4362665690883003,0.3957075280762951
1554.0,-0.11187224145487332,0.5214360897045037,0.8406453503534217,-0.0943631330272166,0.1638628977382655,0.4362159773594514,0.3957374175874546
1555.0,-0.11161577306797621,0.5214511421371582,0.8406875187825132,-0.09420786235549983,0.16385642761765432,0.4361583702785542,0.3957022757675143
1556.0,-0.11185399329537399,0.5215850323088299,0.8405345251362702,-0.09454866635347102,0.163892398744164,0.4362850823843825,0.3956967858242483
1557.0,-0.1124103735629734,0.5215471113287016,0.8404639568037454,-0.09472515977242675,0.1638880597071696,0.43641166585370256,0.39581805801292946
1558.0,-0.11173627958478147,0.52143298004884,0.8406763982463623,-0.09426475785499866,0.16385127577625777,0.43616512594090795,0.39572218402679415
1559.0,-0.11155309621236288,0.5214681543585031,0.8406674052458639,-0.09436728496972902,0.1638738221602634,0.4361742544663194,0.39563865782602436
1560.0,-0.11227045899414267,0.521462433221561,0.8405391295544422,-0.09469026593982141,0.16386936034221494,0.4363661965122581,0.3957458339222398
1561.0,-0.11199731107613008,0.5214967363627305,0.8405827319516719,-0.09443742382869715,0.16385929141829053,0.43626414930603885,0.3957337851374506
1562.0,-0.11150654035292736,0.5214972187682847,0.8406658180367041,-0.09427579042439291,0.1638843048999795,0.43616192018054833,0.3956483430187293
1563.0,-0.11190082402318101,0.5214070229953599,0.8406392928557348,-0.0945436473860595,0.1639018466137946,0.4362520373513102,0.3956853119023638
1564.0,-0.11226171000784357,0.5213738155996177,0.8406124443891902,-0.09453767085792349,0.16387946563383016,0.43628888408592137,0.39577279179474706
1565.0,-0.11160171093126545,0.5214797460867512,0.8406600171545305,-0.09431154805354647,0.1638780793066691,0.43617197055568424,0.39566307622210084
1566.0,-0.11159315407956578,0.5214547752718841,0.8406703193844666,-0.09436789398276346,0.1638926456253992,0.43619528565334204,0.3956475296516191
1567.0,-0.11201948578838486,0.5213868803761734,0.8406453598300598,-0.0944602285170696,0.16387050720259652,0.43623887589655697,0.3957179583723075
1568.0,-0.11196787119066988,0.5214085682131835,0.8406358522501611,-0.09448632031438578,0.16388507329752497,0.4362472239690016,0.3957104083475703
1569.0,-0.11163686491443409,0.5214652580003732,0.8406558618447696,-0.09438705968886006,0.16390146537325662,0.4361996547316715,0.3956553051863576
1570.0,-0.11169730505436924,0.5214535703736664,0.8406560634151398,-0.09437832924727743,0.16387985044830977,0.43620133282764245,0.3956627009967472
1571.0,-0.11201046141726526,0.5214443834968411,0.8406059196958929,-0.09450449314668936,0.16387274416360514,0.4362616334394035,0.39571251842536537
1572.0,-0.11173860251123356,0.5214200615522915,0.8406572992877728,-0.09450348815694071,0.16389467545731862,0.43623348060994727,0.39565153289518407
1573.0,-0.11147665540991218,0.5214765279506567,0.8406801178085063,-0.09429806793685376,0.1638718615964302,0.4361563573085001,0.3956271604469862
1574.0,-0.11183347052260983,0.5214714090326321,0.8406232194094889,-0.09441105561329247,0.16385592687992326,0.4362305464491743,0.39569382238814144
1575.0,-0.1120287263576251,0.5213922481985878,0.8406256292747695,-0.0945951341005891,0.16387354977988988,0.4362780110980612,0.39570224244832597
1576.0,-0.11167204849318074,0.5214555066020545,0.8406532120506238,-0.094422906588921,0.16386752989574394,0.4362008565543576,0.395648877162577
1577.0,-0.11164639852835201,0.5215400584333514,0.8406173437731267,-0.09430551676756635,0.16385319820376787,0.4362000780784092,0.39567024992058697
1578.0,-0.11193284208491512,0.5214490715745927,0.8406087857797845,-0.09454508917244271,0.16389539482650745,0.4362749272610365,0.3956881974962603
1579.0,-0.11188994434163729,0.5214485514067995,0.8406129859249807,-0.09456139003453803,0.16390863393315058,0.4362728465676848,0.3956732633206145
1580.0,-0.11167987691895734,0.5215017028924885,0.8406283854724669,-0.09437953437877666,0.16390051583956863,0.43622055477357513,0.39564848520845874
1581.0,-0.11175765905792648,0.5214974181255349,0.8406224947092997,-0.09436360484321506,0.1638987439254986,0.4362312427972417,0.39566756395493574
1582.0,-0.11183061712678463,0.521478649487451,0.8406042126877429,-0.09454358155584401,0.16392606381070446,0.4362709732885695,0.39565961921624265
1583.0,-0.11175818358540172,0.5214442238289321,0.8406352447794356,-0.09454319156741348,0.16393226565930966,0.43626261022285306,0.3956358452306803
1584.0,-0.11159830459520902,0.5215558237154243,0.8406084042747602,-0.0943549247397372,0.16389675705505202,0.4362172785456995,0.39564275705678453
1585.0,-0.11165761824662632,0.5214689154432179,0.8406468128011402,-0.0944228925698071,0.16388613440782485,0.4362160121184649,0.3956382567107485
1586.0,-0.11185185716633655,0.5214529711506495,0.8406135440739643,-0.09457711375385967,0.16389448866052542,0.43626142454133615,0.39565398506535304
1587.0,-0.11194158418623903,0.5214594493034438,0.8406063809188422,-0.09449887205967443,0.16387551417464968,0.43626661425222685,0.3956776390961341
1588.0,-0.11188637688278813,0.5214602339796333,0.840626211234191,-0.09438345210892737,0.16386142045850355,0.43623550810004574,0.3956825571405663
1589.0,-0.111822401304542,0.5214884625920597,0.8406081711272592,-0.09446394330081978,0.16388414359286094,0.4362614541911125,0.3956760428180912
1590.0,-0.11190110438403784,0.5214781017639974,0.8406049485705376,-0.09445661785695224,0.16387187417514934,0.4362528464042308,0.39568271817019635
1591.0,-0.11216682103067704,0.5214664850509065,0.8405717055753371,-0.09450141276559663,0.16386441818404412,0.4363002005343021,0.3957361981816094
1592.0,-0.11194412872479396,0.5214909912783531,0.8405800365128385,-0.09455612235938271,0.16388503456881198,0.4362916835331799,0.3956852305106471
1593.0,-0.1117330278962621,0.5214970631635492,0.8406124880226845,-0.0944838005651682,0.16388713699646237,0.4362467159507196,0.39564965708197364
1594.0,-0.11187050265116844,0.5214955127526281,0.8406020633999115,-0.0944224116577176,0.16385891345513595,0.4362453063069008,0.39569078792974177
1595.0,-0.11200878079495871,0.5214622165110195,0.8405940817575049,-0.0945133826000249,0.16386892764748076,0.4362737886011602,0.39570254447956854
1596.0,-0.11206494204224568,0.5214792485287705,0.8405655749677039,-0.09460632271761825,0.16388675942227104,0.43630888316643707,0.3957044271419191
1597.0,-0.11192892259239176,0.5214786274445332,0.8406006585643191,-0.09445893407775122,0.1638512453489755,0.4362556750200751,0.39569332400311863
1598.0,-0.11169253554218998,0.5214633708091307,0.8406469615142206,-0.09441089187929601,0.1638448153443796,0.43620287026328913,0.3956381957832932
1599.0,-0.11179731322336116,0.5214609064242233,0.8406169181971819,-0.09456786276498855,0.1638798322598209,0.4362592073773716,0.3956459345151063
1600.0,-0.11188525068756723,0.5214576817128124,0.8406121324328932,-0.09452417504481873,0.16386530826470824,0.43625762117164063,0.3956687803218589
1601.0,-0.11189787569460323,0.521462367905901,0.8406234945332353,-0.0943822266729161,0.1638353423628595,0.4362213887970979,0.39568842797677134
1602.0,-0.11189702012362444,0.5214708655378444,0.8406091372963457,-0.09446412851743295,0.1638569045888235,0.43624245404836115,0.39569770497121676
1603.0,-0.11188035046212923,0.5214368286811696,0.8406287837716765,-0.09449692465867747,0.16385888248029948,0.43623940304835424,0.39568022119095764
1604.0,-0.11180174097368664,0.5214490021530039,0.8406415727946552,-0.09440897710608714,0.16384489334162633,0.4362249227361573,0.39566834722993616
1605.0,-0.11162489313887983,0.5214499185758638,0.8406730313335109,-0.09433302728887853,0.16385252463434674,0.43618806171044866,0.39564726512954707
1606.0,-0.11174416887223594,0.5214938493548692,0.8406174529720796,-0.09444418228153408,0.16386622119516775,0.4362271718492771,0.3956658759970729
1607.0,-0.11223377264490582,0.5213941582608763,0.8405980867391193,-0.09458630228450504,0.1638726300638762,0.43630550598725837,0.3957313525807675
1608.0,-0.11183983931190049,0.5214265140972144,0.8406432623121324,-0.09447299226938399,0.163895768073466,0.4362393577910997,0.3956691810207199
1609.0,-0.1115692465802718,0.5214783323748762,0.8406627100883722,-0.09433376886302221,0.1639244950359326,0.43619540933162093,0.3956494698388444
1610.0,-0.11191821713511083,0.5214908370803037,0.8406033742753333,-0.09438001203383288,0.16390299022356317,0.4362525612574383,0.39571066607242533
1611.0,-0.1121427501544533,0.5214355526291192,0.8405849028350967,-0.09458323936021606,0.1639132206339649,0.43631077588751044,0.395716791511448
1612.0,-0.11170968815537534,0.5214113011672528,0.8406733333862767,-0.0944433540303785,0.16391455902978924,0.43621054888604627,0.39564177639388376
1613.0,-0.11146938622284763,0.5214947899131992,0.840676794855429,-0.0942352726960177,0.163887423536816,0.43615754837897447,0.39563751936494856
1614.0,-0.1118405224005962,0.5214875708895684,0.840620233405663,-0.0943399922931302,0.16386924938580927,0.4362274577054762,0.39570599269034606
1615.0,-0.1119451488492986,0.5214424146972267,0.8406128952127121,-0.09453069451736651,0.16388544070070965,0.43626444543338505,0.3956932485353361
1616.0,-0.11189601415264348,0.5214785463939994,0.8406078759761751,-0.09443413850073552,0.16387826173452247,0.43624032641360816,0.3957007970872344
1617.0,-0.11190989856011581,0.5214863807012106,0.8406047813234356,-0.09440196482910472,0.16389145324419824,0.436247639249982,0.3957115559946335
1618.0,-0.11186263601434544,0.5214636859106007,0.8406145146489643,-0.0944966279924251,0.16391187883711117,0.43626400365069895,0.3956769658720053
1619.0,-0.11187381838323528,0.5214298489359165,0.8406359618177908,-0.09447931571354637,0.16390943112774065,0.4362502658310583,0.39567183175281023
1620.0,-0.11176496193457845,0.5214598930140648,0.8406458727785162,-0.09435406637749667,0.16388876714355757,0.436214402582154,0.39566997786337216
1621.0,-0.11177726151717687,0.521479276524201,0.840634417690168,-0.09433442509618889,0.16388468990412955,0.4362164858309142,0.3956791558187522
1622.0,-0.11190503761379582,0.5214357189464177,0.8406281709998308,-0.09447926589980858,0.1639106733673579,0.4362671220933373,0.39568824455498197
1623.0,-0.11184964547371135,0.5214619306702474,0.8406200394532287,-0.09447254065978902,0.16391577213602046,0.4362667582363638,0.3956874679328161
1624.0,-0.11180976590635164,0.5214932214187855,0.8406168046394877,-0.09437575970513586,0.16389411890705416,0.43624191593035433,0.3956916299843079
1625.0,-0.1118671140120464,0.5215036658131922,0.8405899313627784,-0.09448937843767218,0.16390011584464023,0.4362718710657923,0.3956883777016518
1626.0,-0.11199263571376272,0.5214453378912327,0.8406046099215487,-0.0945319994288898,0.1639066432945327,0.4362818600518188,0.395697221196312
1627.0,-0.11184712599330349,0.5214837567046204,0.8406161541704334,-0.0943895823064419,0.16390202341035282,0.4362442843630346,0.39568703282452383
1628.0,-0.11164955793361259,0.5215130708378155,0.8406351294847494,-0.09429248238698214,0.1638980255444404,0.4362075907421864,0.39565407111143747
1629.0,-0.11184053585660246,0.5214902970690991,0.8406083835169724,-0.0944304514607095,0.1639134678801036,0.436258063286002,0.39567485685107456
1630.0,-0.1119269014241143,0.5214689610259128,0.8406110011148529,-0.09442264680063014,0.16389928695236608,0.43625943383069576,0.3956928595775977
1631.0,-0.11165252120029938,0.5214803127191961,0.8406490723125091,-0.09434582754962681,0.16389518386214147,0.43620837641572546,0.3956462490585799
1632.0,-0.11174449816484365,0.52150441790207,0.8406142279069051,-0.09441413601250791,0.16391032908140565,0.43625109192355127,0.3956673752221074
1633.0,-0.11200969449184661,0.5214795109276966,0.8405910650689365,-0.09444368347710927,0.163881378991712,0.43628294738116924,0.3957173718141448
1634.0,-0.111854416071272,0.5214720439581482,0.8406228385312409,-0.09438612353066124,0.1638586698374277,0.43623689347224637,0.3956839649380467
1635.0,-0.11164883419507393,0.5214956207156892,0.8406400746395178,-0.09434574875056587,0.16387328743237287,0.4362104628879488,0.3956428729613293
1636.0,-0.1118250912266032,0.5214842537700237,0.8406268822248347,-0.09431737338919696,0.16387264574113863,0.43622687673080357,0.3956826479347081
1637.0,-0.11182723675272861,0.5214983250998265,0.8406091569249171,-0.09439497514330315,0.16388548001092904,0.43624634337151125,0.3956755481299751
1638.0,-0.11188139378965771,0.5214713258282075,0.8406136609191012,-0.0944398387273166,0.1639148678452677,0.43626115458435843,0.3956811740973957
1639.0,-0.11171454340311646,0.5214794387888858,0.8406403344191091,-0.09435509451211577,0.16391490954236643,0.43621848451227874,0.39565602948075884
1640.0,-0.11173782736774454,0.5214677791250294,0.840640528024913,-0.09439023207695343,0.16391067921581984,0.4362306597531794,0.39565413668088434
1641.0,-0.11184694944437365,0.5214511744296968,0.8406356280962206,-0.09439636307162588,0.1639055184801991,0.4362428805094106,0.39567721024679336
1642.0,-0.11170513219628364,0.5214859043043902,0.8406406362096922,-0.09432781035202242,0.16390468687215978,0.436214296153014,0.395662264690946
1643.0,-0.11176051211336034,0.5214655987484692,0.8406383890041864,-0.09439447116492528,0.1639249815638102,0.436234828518962,0.3956653677944859
1644.0,-0.11176919265099086,0.5214422696147065,0.840650384446162,-0.09440624006774861,0.16390733617827838,0.43622676779479486,0.39565778966424864
1645.0,-0.11185786623749172,0.5214276555424848,0.8406466841543622,-0.09441488344821039,0.16391768060745768,0.43624020474313996,0.395679145676332
1646.0,-0.11184420431312428,0.521443966381144,0.8406446045546521,-0.09435948664240032,0.1639220268596904,0.4362345456022703,0.3956910019395659
1647.0,-0.11179165023185043,0.521468419598011,0.8406408329731478,-0.0943202217904763,0.16390409110609,0.4362232581133143,0.39568510180818084
1648.0,-0.1118677157667023,0.5214135204804179,0.840653922219669,-0.09441683052318638,0.16392995872706687,0.4362455268960458,0.39568204696994086
1649.0,-0.11180917674702467,0.5214439315642478,0.8406553569201476,-0.09430538219758045,0.16391339746641276,0.43621748382896697,0.3956864394304741
1650.0,-0.11175546513419304,0.5214718084380916,0.8406485064179756,-0.09427596551705585,0.1639170114669323,0.4362142663820965,0.3956827939539612
1651.0,-0.11181137398119884,0.5214593408175173,0.8406365516872304,-0.09438517092212795,0.1639313878713143,0.43623982071027406,0.3956779588987724
1652.0,-0.11181874298438878,0.5214527210262808,0.8406359915822663,-0.09441799673885728,0.1639251343675666,0.43624455408869783,0.3956702264427774
1653.0,-0.11169595096108004,0.5214442912259346,0.8406720644845996,-0.09428862965375938,0.1639072696246199,0.436200910892911,0.395653164702035
1654.0,-0.11172756519012986,0.5214851149516686,0.8406460568278814,-0.09425727133895094,0.16390274821058487,0.43620940913585227,0.3956718008457004
1655.0,-0.1118625220968179,0.5214570636642935,0.8406340298263943,-0.09435960365849658,0.16390810636093825,0.43624206482318495,0.3956853470186561
1656.0,-0.11179291797035898,0.5214412189614276,0.8406530676358094,-0.09436004734100321,0.16390615394167599,0.43622471815287295,0.3956683032056512
1657.0,-0.11168847083118408,0.5214950055028033,0.8406431759568734,-0.09427457470688534,0.16389843124612244,0.43620581133575176,0.3956639787369447
1658.0,-0.1117637588152505,0.5214998223181145,0.8406302166541266,-0.09427426152294958,0.16389817742898175,0.43622346446098015,0.3956801858965983
1659.0,-0.11187690017197809,0.5214876795389684,0.8406122814909953,-0.09436711028465024,0.16389891488459227,0.436258859090038,0.39568411533402137
1660.0,-0.1118664785134934,0.5214804602238828,0.8406219951514421,-0.09433282491946522,0.16389118083613868,0.4362453398763282,0.3956819966007422
1661.0,-0.11173531287278445,0.5215071244545837,0.8406250424875519,-0.09431371556212884,0.16389469146457328,0.4362332969244541,0.3956567603627379
1662.0,-0.11179576618465566,0.521515455712724,0.8406006670114144,-0.09441321271888123,0.16391584732434597,0.436267866009525,0.3956553469499837
1663.0,-0.11194461897681322,0.5214716244692165,0.8406043975264378,-0.09444571993895226,0.1639139145591077,0.4362785478502579,0.3956801204838314
1664.0,-0.11175068538801863,0.5214928087234476,0.8406255748865972,-0.09436989780441642,0.16390306283676925,0.4362347053205382,0.3956541352885541
1665.0,-0.11158528324779386,0.521502675675047,0.8406451963575358,-0.0943363008988401,0.1639015953537121,0.43620733034598524,0.3956277581561437
1666.0,-0.11173169411761877,0.5214994114319258,0.8406272906151588,-0.09434060991311932,0.16388468286605187,0.4362254267524134,0.3956634344867607
1667.0,-0.11180546923098465,0.5214838434890108,0.840620868215181,-0.09439647213282625,0.16388738681266932,0.4362408596831233,0.39567237206126515
1668.0,-0.11174904456281393,0.5214639511583784,0.840637448850404,-0.09442551705908105,0.1638900257101556,0.43623836672097244,0.39564974295971
1669.0,-0.11173612312856417,0.5214833096219124,0.8406304851726945,-0.0943958895942804,0.16388126142175302,0.4362346667457229,0.3956499793433212
1670.0,-0.11191568302471452,0.5214632408445525,0.8406123621870999,-0.09445541212250252,0.16389431716613898,0.43626572436230127,0.3956826187431486
1671.0,-0.11184670151325948,0.5214509942484441,0.8406281606013027,-0.0944641284402877,0.16389977555292223,0.43625566043878616,0.39566188110956896
1672.0,-0.11175791950292192,0.5214583938835383,0.8406440147741026,-0.09438724119952645,0.16390375543837887,0.4362304884385761,0.39565174273721726
1673.0,-0.11178283698088885,0.5214619095758901,0.8406448466991289,-0.09433088537784541,0.16390799387439714,0.43622288861550484,0.39566970261385737
1674.0,-0.11180044595071827,0.5214547430990182,0.8406439816233069,-0.09435733858725934,0.16391598606526167,0.4362333811811301,0.3956719423585703
1675.0,-0.11162686389870323,0.5214431623560263,0.8406786700688517,-0.09431778930591106,0.16391377400835244,0.43619239733634385,0.39563728170414814
1676.0,-0.11166739735341526,0.5214681936622075,0.8406573736812083,-0.09432123537359995,0.16392678184466833,0.4362045361496226,0.39565771953269413
1677.0,-0.1117849161979408,0.5214450746936344,0.8406510580963887,-0.09436612268071372,0.1639404650270861,0.436228258511163,0.39567397304677243
1678.0,-0.11183615453677863,0.5214362856592601,0.8406508844269613,-0.09435552473738806,0.163931774239825,0.43622977439528,0.39568313653834375
1679.0,-0.11191870209998059,0.5214389149035372,0.8406379327455376,-0.09435850875139105,0.1639434163995142,0.4362499987689588,0.3956999517955715
1680.0,-0.11173771426612762,0.5214241083673777,0.8406782471049021,-0.09429563758995144,0.16393857070943102,0.4362092836993293,0.3956551413713835
1681.0,-0.11176597267187388,0.5214411949887332,0.8406640807587455,-0.09429395974019246,0.16393958336877568,0.4362191683212007,0.39566676910204557
1682.0,-0.11178517499169774,0.5214302097793146,0.8406714300662,-0.09426641847458489,0.1639272126457082,0.43620997001649015,0.39567450966126594
1683.0,-0.11174435752831902,0.5214219921802618,0.8406793134975961,-0.09428995963813455,0.16393230512227905,0.43620628602509726,0.39566477578306647
1684.0,-0.11169809263617173,0.5214396145568304,0.8406714313067865,-0.09431759675089513,0.1639368898233475,0.43620978473016847,0.39565826375382845
1685.0,-0.11186051243103999,0.5214246074218449,0.8406534967907546,-0.09436791227486575,0.16395001450078805,0.4362438265273363,0.3956891725842375
1686.0,-0.11177846390878744,0.5214350302667207,0.840661186900464,-0.0943390325159166,0.16393802529102403,0.4362240707270575,0.3956750531505746
1687.0,-0.11176097651151141,0.5214262152969736,0.8406730088111577,-0.0943031197080068,0.16392843370488766,0.43620515195029697,0.3956744258120536
1688.0,-0.11180164804903711,0.5214308143071508,0.8406686830183545,-0.09426803687722722,0.16392477965041347,0.4362023149174967,0.3956871630011758
1689.0,-0.11179815553556188,0.52142587161197,0.8406648018575982,-0.09433410703594447,0.1639452573256074,0.436221241106992,0.39567372769511167
1690.0,-0.11180027321288942,0.5214365951244861,0.8406574816699391,-0.09433755713851086,0.1639484135831384,0.43622519189245473,0.39567476532629803
1691.0,-0.11182782859877952,0.5214358514353387,0.8406563243761244,-0.0943193186744366,0.16393721968071978,0.4362250251610817,0.39568362967376564
1692.0,-0.11168944484243953,0.5214375703494017,0.8406744573048089,-0.09431216768882607,0.16392641207560021,0.43620408699507224,0.39565537954237395
1693.0,-0.11173558567453287,0.5214703561199089,0.8406467532387581,-0.09432318300014512,0.1639229280922262,0.43622273143632,0.3956758082950215
1694.0,-0.11171040932660084,0.5214519357310898,0.8406595810347615,-0.09434051083623601,0.16392153856416578,0.4362212212678699,0.3956674397462516
1695.0,-0.11175373183593629,0.521436830123012,0.8406619412857775,-0.09435166180642905,0.16391361975507945,0.43622480677522263,0.39567102526130277
1696.0,-0.11190378151995878,0.5214517260626164,0.8406297761899647,-0.09437807187403871,0.1639286921964663,0.43625592256590096,0.39570840478625624
1697.0,-0.1117588162850326,0.5214542709805401,0.8406536489937245,-0.09432312914793385,0.16392250672891198,0.43622067610169896,0.39567682396086656
1698.0,-0.11161588203011596,0.5214665211748299,0.8406651809153165,-0.0943218732271472,0.1639335758036694,0.4362025993653235,0.3956428696116842
1699.0,-0.11168946086440039,0.5214589835949623,0.8406617998665828,-0.09430657986061164,0.1639374752470355,0.43621133525478184,0.3956584266885595
1700.0,-0.11172983346153446,0.5214577545598492,0.8406622107890275,-0.09426187922677157,0.16393749588654163,0.43621177556243124,0.39567302131226956
1701.0,-0.1117531921165948,0.5214605083768818,0.8406557495070538,-0.09427657755672497,0.16395620097176397,0.43622234433081075,0.3956829013591153
1702.0,-0.11173372896400212,0.5214500619762527,0.8406709954532838,-0.09422146294950985,0.16394506323855204,0.4362008063512133,0.39568567469413174
1703.0,-0.11182893951022711,0.5214719563784767,0.8406392574020229,-0.09427049333379699,0.16396182832240697,0.43623266369322516,0.3957132839068779
1704.0,-0.11163708270183068,0.5214646942962675,0.8406801312767862,-0.09417351668473557,0.1639472873821984,0.43618434413118834,0.39567884683024696
1705.0,-0.11160477877587847,0.5214571549833523,0.8406887318025962,-0.09417677575282513,0.16395015127742893,0.4361814392244687,0.3956680008625163
1706.0,-0.11169371604976046,0.5214476620290805,0.8406828344052728,-0.09417654429696488,0.16393035717664484,0.43618782299894143,0.3956869750823353
1707.0,-0.11170833209198167,0.5214416801814643,0.8406775366215001,-0.0942395995893735,0.16392905183655246,0.43619768276333354,0.3956843112924111
1708.0,-0.11158921014263473,0.5214457922366913,0.8406906685471999,-0.09424082849834474,0.16391767560129192,0.4361767069873492,0.3956535251164891
1709.0,-0.11172086366363833,0.5214264402233558,0.8406835680289889,-0.09425526247535629,0.1639165363092121,0.43618973843318154,0.3956858633908987
1710.0,-0.11176556576415864,0.5214066015680381,0.8406885234742738,-0.09426781343243248,0.1639111767466822,0.43618828620961486,0.39569800032962477
1711.0,-0.11177784943532867,0.5214019578752586,0.8406833129069564,-0.09432538417226032,0.16392872337669448,0.43620192551738124,0.3957024578672683
1712.0,-0.11180712161083242,0.5214099581766534,0.8406727923456019,-0.09434023150898872,0.16394240226235368,0.4362129999246007,0.3957169722416903
1713.0,-0.11184122715269079,0.5214186789001545,0.8406657780903104,-0.09431410684945828,0.1639417780523886,0.4362118497431524,0.395731890521241
1714.0,-0.1118939091028725,0.5214053123763199,0.8406706254768407,-0.094282303704396,0.1639293748133848,0.436207728269804,0.39574214799507335
1715.0,-0.11176691214251457,0.5214026071040334,0.8406892775341669,-0.09428158512840566,0.16393665905035207,0.43619184861254956,0.3957009883327044
1716.0,-0.11169701729476259,0.5214106805295343,0.8406933044624506,-0.0942838607036572,0.16395603539239934,0.43618787436336137,0.3956803942968047
1717.0,-0.1117614102675144,0.5214075459300297,0.8406832014243921,-0.09431496734387,0.1639628835773085,0.43620608741276545,0.39568507495338257
1718.0,-0.11176907401983886,0.521403094714558,0.8406801014487263,-0.0943581154060882,0.16397443649977367,0.4362200452211801,0.3956738121650307
1719.0,-0.11176698928455266,0.521411950264942,0.8406871952474623,-0.09424838446430482,0.16395401922527708,0.43619493511380003,0.3956882589915883
1720.0,-0.11172545879037316,0.5214347159169416,0.8406794687609378,-0.09424059474837046,0.16395645222334218,0.4361950733707232,0.39568431704171386
1721.0,-0.11188368228461688,0.5214150468452976,0.8406664225584183,-0.09427808093391685,0.16395005181596833,0.43622491453804196,0.3957105474954621
1722.0,-0.1117196701852097,0.5214080114272405,0.840694818451364,-0.09425827890549955,0.16393777282634533,0.43619078086944096,0.39567757826906585
1723.0,-0.1117433868499577,0.5214342282231389,0.8406764425649922,-0.09424903208473556,0.16394546264160645,0.4361955944054813,0.39569624828489397
1724.0,-0.11170536730913876,0.5214078722495494,0.8407026754345145,-0.09420590845471236,0.16393930528178075,0.43616827683853315,0.39568854899274514
1725.0,-0.11179212718608364,0.5214028123604314,0.8406878991806405,-0.09426284386270332,0.16393371440183202,0.4361905727008864,0.3956953448769243
1726.0,-0.11181719905345162,0.521412447565478,0.8406721988210256,-0.09431981578141624,0.16394126488979116,0.43620862410221356,0.3956958630063734
1727.0,-0.11164258482942603,0.5214229669438316,0.8406912700482481,-0.09429852204971227,0.16393347400220445,0.43618082376204886,0.39565651347119474
1728.0,-0.11183143192649099,0.5214290819475029,0.8406620333553461,-0.09430158539234529,0.16391812142565723,0.4362091484201492,0.3956984069392636
1729.0,-0.11199713902224323,0.521411209190152,0.8406450595426795,-0.09435505099453079,0.163915620281228,0.4362444524655418,0.395726582112609
1730.0,-0.11174713062698965,0.5214459394117147,0.8406625718926597,-0.09430350622584334,0.1639013379252338,0.4362048758939524,0.3956843004812748
1731.0,-0.11175929851000693,0.5214519591195759,0.8406641380121769,-0.09424181973599059,0.1638944558985186,0.436198268697135,0.3956949853446509
1732.0,-0.11168585625501888,0.5214687719340179,0.8406667406931656,-0.09421263451650476,0.1638936746124231,0.4361852076992656,0.3956844730007076
1733.0,-0.11169457134838721,0.5214490241573382,0.8406694690888159,-0.09428722966864635,0.1639226847560379,0.43620646785007955,0.39567317941936847
1734.0,-0.11161676707000757,0.5214342791471621,0.840693297067217,-0.09424844882209657,0.16393120775248993,0.4361850747539563,0.3956530622128399
1735.0,-0.11171243002516332,0.521447330239133,0.8406726185096703,-0.09424735143465805,0.16393042401467575,0.4362006140426627,0.39567890008803674
1736.0,-0.1116334868555253,0.5214406058100421,0.8406814065959447,-0.09429969156257742,0.16392324700005034,0.4361938301080148,0.39565193309297364
1737.0,-0.11164868907183191,0.5214488461191034,0.8406750319282196,-0.09429295733024788,0.1639053641030357,0.4361925911846997,0.39565885663002426
1738.0,-0.11171292292958884,0.5214436813746686,0.8406692195624756,-0.0942972602209584,0.1639014619008841,0.4362006036753669,0.39567704338487064
1739.0,-0.11173266814554882,0.5214316107100012,0.8406665928917502,-0.09436400700069238,0.16390591105920796,0.4362161493585604,0.3956747733909036
1740.0,-0.11171846626695188,0.521433575742217,0.84066886515279,-0.09434971937618893,0.1638836986802858,0.43620930454845097,0.3956687380166297
1741.0,-0.11178157360762839,0.5214504340601421,0.8406520805776143,-0.09433135237459553,0.16388011628949228,0.4362171757850301,0.39569386709163773
1742.0,-0.11170095720032477,0.521463160156382,0.8406620716243961,-0.0942674391952466,0.1638713253653303,0.43619153459619403,0.3956838867989413
1743.0,-0.11174942960133076,0.5214475429658523,0.8406628099795626,-0.0942897917906229,0.1638761488769003,0.4362027952188606,0.3956870536731132
1744.0,-0.11170996018529554,0.5214384186167704,0.8406658255186994,-0.09436010910763666,0.1638986274982957,0.43621730091902955,0.39566791797632284
1745.0,-0.11173653929056566,0.5214500927886122,0.8406649129237385,-0.09427221593363909,0.16388736029604192,0.4362017030657068,0.39568933285927665
1746.0,-0.11161919383698714,0.5214451776618608,0.8406784666914532,-0.09431753761458678,0.16389158708911106,0.43619207432418455,0.3956552992653781
1747.0,-0.11177017293143715,0.5214473114055698,0.8406548261254906,-0.09433765516855137,0.1638791486923677,0.43621443957938444,0.39568814295487265
1748.0,-0.11174467685929679,0.5214506899150546,0.8406575561493562,-0.09432485605457801,0.1638729950250209,0.436205382523432,0.39568442387253144
1749.0,-0.1118621089030843,0.5214481048690498,0.8406386697579158,-0.09436826494046067,0.16389112515283105,0.43623440595761004,0.39571121400484166
1750.0,-0.11184675950482761,0.5214374738680744,0.8406431088351997,-0.09440565026650191,0.16388364131715136,0.436235014373144,0.3956985046048008
1751.0,-0.11186612262920961,0.5214376590650196,0.8406436438709414,-0.09437691633066193,0.16386348435392153,0.43622311886555243,0.3957085016426345
1752.0,-0.11189674621783348,0.5214418901585801,0.8406350021109134,-0.09439420850716224,0.16387243948584415,0.43623342858844394,0.39571693618288534
1753.0,-0.11167386246830956,0.5214347215779416,0.8406724183270685,-0.09436453061644497,0.16387378888808724,0.43619144044154584,0.3956700479550963
1754.0,-0.11179680970078704,0.5214294584169177,0.8406598064466382,-0.09436038925771066,0.16386801396082665,0.4362072766559244,0.39570147284013313
1755.0,-0.11186157934620153,0.5214156320098533,0.8406615573122477,-0.09434443184038489,0.16386193426888598,0.4362075966130201,0.3957165567445873
1756.0,-0.11177643851528454,0.5214234986030138,0.8406716495147941,-0.09431193243437869,0.16385293538438692,0.43619141519228577,0.39570114305148796
