femurAF_X,femurAF_Y,femurAF_Z,femurLF_X,femurLF_Y,femurLF_Z,femurMF_X,femurMF_Y,femurMF_Z
-0.028026802,0.416820129,-0.488700745,0.16521509043012503,0.5098850404374831,-0.10830300768181525,0.08048460966466785,0.5092892344047809,-0.08159513455198539
-0.028029083,0.416815308,-0.4887164,0.16521720013150018,0.5098442469321973,-0.10831209420858716,0.08048434856301717,0.5092829511870164,-0.08161099582569153
-0.028029083,0.416815308,-0.4887164,0.16521720013150018,0.5098442469321973,-0.10831209420858716,0.08048434856301717,0.5092829511870164,-0.08161099582569153
-0.028029083,0.416815308,-0.4887164,0.16521720013150018,0.5098442469321973,-0.10831209420858716,0.08048434856301717,0.5092829511870164,-0.08161099582569153
-0.028028196000000002,0.41695462,-0.488766693,0.16530596958258725,0.5099227431849771,-0.10839217521839982,0.08058105434014505,0.5093327666576827,-0.08166652260613558
-0.028053747,0.416942017,-0.48875280800000004,0.16531796774684882,0.5099115601231383,-0.10839772485403319,0.08059522720648549,0.5093280898789447,-0.08166503624069657
-0.027999376000000003,0.41689505000000004,-0.488727356,0.16525138563918645,0.5098211001395366,-0.10830017818672144,0.0805176076556219,0.5092698043425188,-0.08160181149006035
-0.028039841,0.416869049,-0.488709717,0.16523100875700816,0.5098357093033109,-0.10830266660018167,0.0805004331713344,0.5092624029890053,-0.08159460183532827
-0.028014278,0.416848907,-0.488703705,0.1652098930663703,0.5098559132872428,-0.10828280417456426,0.08047823954831504,0.5092550585190695,-0.08157876499812125
-0.02803404,0.41682931500000003,-0.488699158,0.16515970053445625,0.5098281605827051,-0.10826080737505771,0.08042603871815367,0.5092249752527733,-0.08156319389835494
-0.028068714,0.41681201199999995,-0.488698303,0.16513260556540496,0.5098484548262265,-0.10827299402060828,0.08040126909397836,0.5092232290958294,-0.08156850834413172
-0.028054324999999998,0.41680755599999997,-0.488701691,0.16510645765826434,0.5098776540296613,-0.10826402963715168,0.08037403609400286,0.5092306522822665,-0.08156350591029661
-0.028101437,0.41676385499999996,-0.48869009399999996,0.16509570295117415,0.5098812096066069,-0.10828245912210872,0.08036628331606528,0.5092313721441554,-0.08157247967128882
-0.02812591,0.416757355,-0.488684784,0.16506443701704238,0.5098561810786073,-0.10826916432875515,0.08033397217670976,0.5092128185080417,-0.08156234394075011
-0.028128807,0.41673883100000003,-0.488678802,0.16503919884350562,0.5098710789963269,-0.10826001804049139,0.08030801908672833,0.5092183869918039,-0.08155569230728611
-0.028132,0.41673312399999995,-0.488675964,0.16500928707827678,0.5098646147512527,-0.1082434286618232,0.08027671306147616,0.5092052951219056,-0.08154369007121215
-0.028111126,0.416722473,-0.488672241,0.16494983104336097,0.5097910027375319,-0.10818352773029903,0.08020932080660051,0.5091587859514819,-0.08150833195890624
-0.028108826,0.416682556,-0.488659241,0.16490263249969622,0.5097342759658559,-0.10814130504053275,0.08015682165781653,0.5091260822345364,-0.08148239493845363
-0.028092844,0.416685272,-0.488654388,0.16488442244294835,0.5097366476509828,-0.10811902641936541,0.08013634605089154,0.5091266436520777,-0.08146736069917773
-0.028106184,0.416697784,-0.488657745,0.1649267056112164,0.5097925876636341,-0.10816121893594953,0.080184535044708,0.5091579953489276,-0.08149135461375766
-0.028125813,0.416664307,-0.488640564,0.16490715563796202,0.5097524804050124,-0.10814245588568736,0.08016268140705109,0.5091491923917357,-0.08147918576380027
-0.028141663,0.41668746900000003,-0.488655121,0.16494223274148836,0.5098051675509789,-0.10819007830948385,0.08020297393020354,0.5091813006486953,-0.08151071083393213
-0.028119946,0.416697205,-0.488653351,0.16494987007213852,0.5098050636867685,-0.10817875518541405,0.08020929587021515,0.5091850171255807,-0.08150347695099851
-0.028116659,0.416697632,-0.488651428,0.16495461723014654,0.5097937316406417,-0.10817469570983843,0.08021325762372748,0.5091850776445328,-0.08150165023201958
-0.028126678,0.41673184199999996,-0.48866332999999995,0.16498444969345438,0.5098094991704218,-0.10820231046676974,0.08024588085890219,0.5091996003285921,-0.08152042863718736
-0.028157751,0.416721893,-0.488659943,0.1649852025029473,0.5097888167337863,-0.1082124531850123,0.0802475591723188,0.5091961788711935,-0.0815272433145949
-0.028107285000000003,0.41674676499999996,-0.488668121,0.1650199095876941,0.5098690655848999,-0.10822618176077828,0.0802837545706874,0.5092446026383409,-0.0815369719250528
-0.028166716,0.416728333,-0.488654449,0.16500558595242165,0.5098446120820787,-0.10823393743950595,0.08027143255914837,0.5092357170902828,-0.08153801381234149
-0.028124058,0.416733246,-0.488660187,0.16498819588672792,0.5098357831258324,-0.10820582670542006,0.08024978666717626,0.509226518958094,-0.08152342346270376
-0.028147133,0.416708466,-0.48864483599999997,0.1649742772625269,0.509841794192051,-0.10820265988683338,0.08023699198261583,0.509228061171723,-0.0815167898829543
-0.028160599,0.416709045,-0.488652374,0.16496258308658676,0.5098203833078058,-0.10820571478623117,0.08022512908261392,0.5092091386464681,-0.08152032343474871
-0.028119062,0.41670889299999997,-0.488654114,0.1649705603983445,0.5098517385581314,-0.10819813319402556,0.08023236672934807,0.5092205254576059,-0.08151555561181703
-0.028124721999999998,0.416686005,-0.488649567,0.1649506297435521,0.509817107409577,-0.1081834691664115,0.08021028453171444,0.5092008786896695,-0.08150737503258922
-0.028081582999999997,0.41668396,-0.48865936299999996,0.16494265056106144,0.5098245933210038,-0.10816966147003176,0.08019917021235423,0.5092028705261435,-0.08150365611025154
-0.028059114,0.416653503,-0.488650696,0.1649219895279514,0.5097772501321675,-0.10813498451250377,0.08017347048732702,0.5091821298128519,-0.08148438986773704
-0.028087236,0.416674744,-0.48866381799999997,0.1649670048600405,0.5098719474679149,-0.10820319370446174,0.08022711944616788,0.5092337234618937,-0.08152615614675904
-0.028163088,0.416642792,-0.48865295400000003,0.16493368493200117,0.5098061555180629,-0.10820562614910585,0.0801940949191077,0.5092024669140691,-0.08152684643170977
-0.028107706,0.416666168,-0.488669006,0.16494468542726945,0.5098417483020152,-0.10820214714468233,0.0802033428154906,0.509220221083238,-0.08152934453673305
-0.028128374,0.416640259,-0.488662842,0.16492592048485943,0.5097801363505373,-0.10818820695093763,0.08018191233385301,0.509194666819833,-0.08152305833661387
-0.028101166,0.416651154,-0.48867199699999997,0.16496610699041117,0.5098222160141516,-0.10821158303970571,0.08022447907575414,0.5092186473025835,-0.08153927444300865
-0.028044350000000003,0.416660706,-0.488685242,0.164955823570631,0.5097824684330348,-0.10817871689075968,0.08020785015590326,0.5091981250923151,-0.0815261487659061
-0.028046994999999998,0.416672333,-0.48869647200000005,0.1649930444493717,0.509819346251584,-0.10821635112726455,0.0802491033606951,0.509219662797244,-0.08155130525806158
-0.028045042,0.41671258499999997,-0.48872369400000004,0.16505318869484353,0.5098847653657923,-0.10827926521171753,0.08031560418521166,0.5092555356232459,-0.08159470630404018
-0.02797529,0.416687988,-0.488722839,0.16506394133563082,0.5098977796906887,-0.10825768266375366,0.08032270216305072,0.5092645693640032,-0.08158482621996507
-0.028014524000000002,0.416715576,-0.48874676499999997,0.16508146759804038,0.5099030790402963,-0.10830495263768683,0.08034507788374227,0.5092564042158075,-0.08161701692599917
-0.027953381,0.41668338,-0.488735809,0.165080271393893,0.5098976344103108,-0.10826891542601134,0.08033967279068537,0.5092506060831964,-0.08159435553447503
-0.027951649,0.41669348100000003,-0.48874566700000005,0.16509718797263365,0.5098801618798886,-0.10827972327081352,0.08035757573874631,0.5092322714623122,-0.08160205097448243
-0.028002739,0.416687622,-0.488747406,0.16511934328066016,0.5098965814408895,-0.10832409375012532,0.08038594565534697,0.5092355418215954,-0.08162701158398784
-0.027947431999999998,0.416735352,-0.48877059900000003,0.165150939557785,0.5099299289968341,-0.10833172742172673,0.0804174386298765,0.509246614140532,-0.08163553398519935
-0.027964140000000002,0.416734161,-0.488755981,0.16514571839506517,0.5098867437293705,-0.1083126551167316,0.08041125817895634,0.5092245440761369,-0.08161897447510541
-0.027968409,0.41673056,-0.488755585,0.16517924327132397,0.5099331127149729,-0.10834368471673383,0.08044904728981944,0.5092524529596061,-0.08163693587067508
-0.027990763000000002,0.41675744600000003,-0.488775909,0.16517932504506358,0.5099217731595225,-0.10836603726003965,0.08045036809491989,0.509243005022226,-0.08165530962768765
-0.027946018,0.41670025600000005,-0.488742432,0.16515404059736144,0.5098942206066829,-0.10830426669817184,0.08041864348215988,0.5092383296447652,-0.08161340448901178
-0.02796932,0.416731293,-0.488757172,0.1651706795372229,0.5099086301235459,-0.10833520928890238,0.08043865657974753,0.5092437723075977,-0.08163385927974293
-0.027943622999999997,0.416707489,-0.488743317,0.1651550517761738,0.5098972220912195,-0.10830341276582277,0.08041949844379666,0.5092418421330971,-0.08161303395135923
-0.0279645,0.416727844,-0.488750519,0.16516200806393908,0.5099092560947814,-0.10832270507114299,0.08042895137694163,0.509245869163016,-0.08162459905311147
-0.027964962,0.416717224,-0.48874615499999996,0.16514557255307546,0.5099015384224332,-0.10831094333067545,0.08041107237791034,0.5092427587046837,-0.0816173049117258
-0.027932142,0.416677307,-0.488725525,0.16512300694387513,0.5098955941196204,-0.10827052674083745,0.08038427832931219,0.5092438883184847,-0.08159014077980942
-0.028003052,0.416740112,-0.488743073,0.16515676587585584,0.5099547174178108,-0.1083403030539792,0.08042811305205286,0.5092655362219338,-0.08162887735942093
-0.027969883,0.416698914,-0.48871957400000005,0.16509627206013894,0.5098600945980127,-0.1082561730170462,0.08035726545998566,0.5092187503671866,-0.08157641888231024
-0.027998771999999998,0.416700531,-0.48870929,0.16513083991527905,0.5098995115384193,-0.1082873554119821,0.080397541872726,0.5092436261093662,-0.08158983006169854
-0.028011606,0.416729767,-0.48871759,0.16514838084036806,0.5099047250975662,-0.10830519278484246,0.08041722325327852,0.5092470376860274,-0.08160091927078286
-0.02795252,0.416748993,-0.488718536,0.16514709786702897,0.5099072984641544,-0.10827141353711175,0.08041126963592439,0.5092543752889231,-0.08158184726095828
-0.027980545,0.41674765,-0.48871713299999997,0.16517331448642764,0.5099078741924513,-0.10829801612816516,0.08044091282041532,0.5092602764167462,-0.08159744370501942
-0.027972321999999997,0.41675915500000005,-0.488720306,0.1651787232621981,0.5099047708132991,-0.10829618313642715,0.08044584584204631,0.5092599544369376,-0.08159705321360929
-0.027968426,0.416753021,-0.488711792,0.16516011533922573,0.5098787229621574,-0.10827136901385671,0.08042495803154441,0.5092421067840814,-0.08157927882635892
-0.027980333000000003,0.416783752,-0.488720551,0.16519027678524903,0.5099218018604907,-0.10830450970965558,0.08046026886635411,0.5092560105615737,-0.08159678942687038
-0.027995218000000002,0.416765961,-0.488702087,0.165155267888446,0.5098626386990656,-0.10826570113491119,0.08042174923612658,0.5092226312696778,-0.08156849060683226
-0.028004124000000002,0.416765656,-0.488697479,0.16515026896247492,0.5098591724226592,-0.10826230322494224,0.08041743041315592,0.5092133835380872,-0.08156307344607393
-0.027993399,0.41677246100000004,-0.488689484,0.16515281392997797,0.5098755920371644,-0.10825250799803274,0.08042037384049483,0.50921717547991,-0.08155232210331491
-0.028023983000000002,0.41676608299999995,-0.488680359,0.16513994217372477,0.5098427938892904,-0.10824591104720446,0.08040764190143418,0.5091976154231264,-0.08154495829254825
-0.028000676999999998,0.416799042,-0.488679138,0.16514614153490537,0.5098448788740788,-0.10822845260452874,0.08041274736486131,0.5091960735556023,-0.08153105934646203
-0.028005161,0.416775665,-0.48866125499999996,0.16513151890745514,0.5098288685531069,-0.10820722430711004,0.08039661047200514,0.5091915827480082,-0.0815143600559336
-0.028061165,0.416789764,-0.488661194,0.16515622144870154,0.5098630094647949,-0.10825304760954708,0.08042810666849459,0.5092116725754112,-0.08153896576603603
-0.028055866000000002,0.416774017,-0.488650482,0.165133769465588,0.5098273960164019,-0.10822338163786725,0.08040214538596559,0.5091960477256753,-0.08151995259104729
-0.028020584,0.416776672,-0.488652008,0.1651404864332806,0.5098399313923121,-0.10821281981352303,0.08040728745047662,0.5092033787338197,-0.08151451212283388
-0.02803418,0.416768097,-0.48864563,0.1651316468716198,0.509836731640421,-0.10821017179084669,0.08039866224271032,0.5092021943742217,-0.0815111358339438
-0.028040909,0.41677273600000003,-0.488645325,0.165143766185522,0.5098552418511726,-0.10822283136224474,0.08041285395584757,0.5092114074548374,-0.08151744178091673
-0.028035164,0.416795898,-0.48865506,0.16514548699739626,0.5098612815092027,-0.1082263337448124,0.0804146475059415,0.5092113825019393,-0.08152086027874383
-0.02808312,0.41678799400000005,-0.48864855999999995,0.1651351870546151,0.5098424909143316,-0.10823629454236999,0.08040616330692595,0.5092031658790751,-0.08152480561052608
-0.028063457,0.416794342,-0.48865026899999997,0.1651479395551128,0.5098689535046547,-0.10823941449908313,0.08041922454297179,0.5092201694191245,-0.08152717434040392
-0.028028130999999998,0.416774017,-0.488639557,0.16513688647223082,0.5098340937189204,-0.10820159433899199,0.08040336507901004,0.5092055421809383,-0.08150412033934379
-0.028077249999999998,0.416794556,-0.488640747,0.1651593114926753,0.5098494467063623,-0.10823785018433221,0.08043121748538198,0.5092149758524064,-0.08152329656051234
-0.028033767999999997,0.416795349,-0.488637634,0.16515093428854632,0.5098244271238975,-0.1082020853025357,0.08041802307148382,0.5092042967323243,-0.08150247785837922
-0.028033493,0.416822327,-0.48864907799999996,0.16517646139324121,0.5098303587689654,-0.10822120725777631,0.08044540493910324,0.5092076195762059,-0.08151577502467643
-0.028048468,0.41680957,-0.48863855,0.16518809435855086,0.5098355071621683,-0.10822857212009813,0.08045870471961458,0.5092167913699615,-0.08151775848825622
-0.028034298,0.41683117700000005,-0.488646576,0.1652023161276831,0.5098421269086876,-0.10823295972793529,0.08047311964726057,0.5092197539239363,-0.08152161834748403
-0.028046892,0.416835236,-0.48864404300000003,0.16520683527446886,0.5098602043423446,-0.10824254793581371,0.08047947480975291,0.5092301064346128,-0.08152556442341159
-0.028017317,0.416820435,-0.488640472,0.16519436552280647,0.5098511017334616,-0.1082190135207615,0.08046367596352855,0.5092265771483852,-0.08151245892184136
-0.028019308,0.416795013,-0.488631195,0.16516451510390726,0.5098197363880326,-0.1081941350056095,0.08043067799060023,0.5092111924616439,-0.08149719950659744
-0.028013916,0.416799286,-0.48863363600000004,0.16515540658010167,0.509832207589017,-0.10819121775225307,0.08042126800918915,0.5092143830816785,-0.0814954522412824
-0.028045051999999997,0.416802124,-0.488631958,0.16515763480334836,0.5098433497488836,-0.10820851312475344,0.08042616427731071,0.509221620088385,-0.08150437117228342
-0.028019156,0.416787689,-0.488634613,0.16515130091317537,0.509833251654783,-0.1081958621690062,0.0804170969309723,0.5092183089573784,-0.08150023773962624
-0.028053991,0.416792664,-0.48862994400000004,0.16515939065367943,0.5098438828665841,-0.10821437504280056,0.0804284807253933,0.5092254683979748,-0.0815083774212385
-0.028039639999999998,0.416800385,-0.488632813,0.16515639580863645,0.5098325183898502,-0.10820376680031979,0.08042405939674595,0.5092156364424011,-0.08150225999755065
-0.028073141,0.41681839000000004,-0.488642029,0.16519637168031465,0.5098873402169803,-0.10825931217198717,0.08047133106384985,0.5092437354035368,-0.08153529473306702
-0.028035677,0.416799957,-0.48863269000000004,0.16517195580093488,0.5098317037120608,-0.10820943884571085,0.0804403091781563,0.5092165032386204,-0.08150570443152713
-0.02801586,0.416796387,-0.488634705,0.16517737182604975,0.5098344938890342,-0.10820569568190393,0.08044482023969997,0.5092182838843017,-0.08150485618967372
-0.028069317000000003,0.416813538,-0.48864483599999997,0.16520937014307827,0.5098747779008869,-0.10826489434692746,0.08048438869560852,0.5092386481470694,-0.0815405103436354
-0.028045071,0.416802551,-0.488643951,0.16520918885411306,0.5098662252485021,-0.10825219389787127,0.0804819806490407,0.5092372700100289,-0.08153470060648021
-0.028019310000000002,0.416806702,-0.48864688100000003,0.16519242791764485,0.5098367923222935,-0.10822530969639166,0.0804610281746797,0.5092220434786646,-0.0815207815382252
-0.028013432,0.416782043,-0.488638733,0.16520026988110564,0.5098530654252971,-0.10822817126735532,0.08046944046881305,0.5092352435286218,-0.08152190447654073
-0.028008326,0.41680896,-0.488645569,0.16519763964729836,0.5098381867782036,-0.10822085490931187,0.08046574274739052,0.509224642710011,-0.08151787653398868
-0.028038592999999997,0.416793549,-0.48863430799999996,0.16521452514343954,0.5098638220872389,-0.10824358534375302,0.08048664698583881,0.5092434259515272,-0.08152801658247148
-0.028029764,0.416792938,-0.488633331,0.1651999602735702,0.509830840101609,-0.1082228057548004,0.0804691347447453,0.5092261162986949,-0.08151622684586442
-0.028005707,0.41681262199999997,-0.488643433,0.16521289162132052,0.5098625560680979,-0.10823019952307056,0.08048252890945523,0.5092415644108461,-0.0815225255927079
-0.028018329999999998,0.416806244,-0.488641113,0.16521069995844948,0.5098590723003706,-0.10823388592057705,0.08048087713772929,0.5092409291785303,-0.0815244331642308
-0.028028873,0.416798279,-0.488637878,0.1651994233000238,0.5098464953866513,-0.10822915015074266,0.08046910471036046,0.5092341374025006,-0.08152113689466904
-0.028015253,0.416785278,-0.488638062,0.16518131506564465,0.5098174244503706,-0.1082092892946082,0.08044793440842145,0.5092154356806237,-0.08151075647700919
-0.028031424000000003,0.416787323,-0.488642517,0.1651810103653131,0.509832181848437,-0.10822491128735522,0.08044974479104305,0.5092172966741535,-0.08151996056472381
-0.028026131,0.41680047600000003,-0.48865329,0.16519180920393747,0.5098673095252401,-0.10824385614146627,0.08046247169840115,0.5092327982948234,-0.08153324768593688
-0.028025068,0.416800873,-0.488657654,0.16519465092031174,0.5098604804416276,-0.10824735580763632,0.08046535079894791,0.5092266617532136,-0.0815366123229021
-0.028054783,0.41679272500000003,-0.488651703,0.16518358590400675,0.5098494728737712,-0.10825017862593336,0.08045515557877703,0.5092214867952571,-0.08153653846213149
-0.028031713,0.41680731200000004,-0.488658356,0.16518662081853053,0.5098685596234803,-0.108247755523634,0.08045762786432654,0.5092293124079179,-0.08153616705239074
-0.028045815,0.41679382299999995,-0.48865329,0.16518226185240834,0.509844680345742,-0.10824509667238606,0.08045310940337468,0.509216272440575,-0.08153375691814801
-0.028054659000000003,0.416795074,-0.488655487,0.16518244805432447,0.5098560936106777,-0.10825436663633195,0.08045431283120304,0.5092231436585876,-0.08153990765502749
-0.028057081,0.416801422,-0.48865713499999996,0.16518557171792508,0.5098796708849154,-0.10826304718751248,0.08045876444810199,0.5092350743682152,-0.08154465524701363
-0.028057508,0.416790161,-0.48865588400000004,0.16518232869887123,0.5098725444521068,-0.10826137734788528,0.08045500958466636,0.5092325380348661,-0.08154449822253093
-0.028038752,0.41678292800000005,-0.48865750100000005,0.1651736434619887,0.5098473537665243,-0.10824466185780654,0.08044334440990851,0.5092205240834242,-0.08153692234682125
-0.028063980000000002,0.416794647,-0.488669281,0.16518783110718813,0.5098641989459208,-0.10827771788113376,0.0804609469077909,0.5092288553843862,-0.08155934826182602
-0.028044588000000002,0.416778168,-0.488665283,0.16517870090426914,0.509856036628046,-0.10826126582311116,0.08044939321438925,0.509227042293759,-0.08155043230533601
-0.028048452,0.41675595099999996,-0.488658051,0.16517327859097514,0.509851687390648,-0.1082576146425364,0.08044353702462655,0.5092284005855002,-0.08154802366192593
-0.028049416,0.416760315,-0.48865991200000003,0.16517834555445401,0.5098682950544112,-0.10826553572390475,0.08044983317631596,0.5092348160881977,-0.08155228550457974
-0.028056719,0.416770996,-0.48866568,0.1651660708461228,0.5098711114571678,-0.10826685340667262,0.08043764134196574,0.5092311615764228,-0.08155349456502888
-0.028059439000000002,0.416762451,-0.488660828,0.1651564856560467,0.5098755988916185,-0.10826170413578848,0.08042791398720106,0.5092319104260491,-0.08154888603642309
-0.028068570999999997,0.416754395,-0.488658661,0.16514732371177526,0.5098573086170031,-0.10825701695204089,0.08041826286356013,0.509219570796853,-0.08154560776148322
-0.028064415,0.416750732,-0.48865448,0.16515642606600253,0.5098847534558446,-0.10826296338475515,0.08042884489515746,0.5092337062952301,-0.08154718210803179
-0.028052483,0.416750427,-0.488655731,0.16514234030035166,0.5098570820040467,-0.10824430066234515,0.08041183845827042,0.5092190798031918,-0.081537469074267
-0.028069317000000003,0.416788849,-0.488673218,0.16517498553361382,0.5098834507895218,-0.10828397006627523,0.08044865902931665,0.5092350108764391,-0.08156414661140275
-0.028024452000000002,0.41679351800000003,-0.48867300399999997,0.16517642250993678,0.5098747629939042,-0.1082584285607594,0.08044624369383906,0.5092363717509091,-0.08155058145347317
-0.028055229,0.416777222,-0.488668976,0.16518152400364472,0.5098711600413113,-0.10827573042878043,0.0804533352728534,0.5092409146665146,-0.08156137721070388
-0.028047167,0.416787262,-0.48867511,0.16520319772743688,0.5099004473179148,-0.108293490385827,0.08047686010364552,0.5092592910865802,-0.08157352642178801
-0.028022738000000002,0.41676550300000004,-0.488665436,0.16519561296616464,0.5098672067079584,-0.10826474343460961,0.08046541950182005,0.5092472858070425,-0.08155650769608605
-0.028044376,0.41676162699999997,-0.488661011,0.16520008360841693,0.5098632490121059,-0.10827356102694546,0.08047164045039405,0.5092444627078948,-0.08155974688106557
-0.02803746,0.41678677399999997,-0.488668304,0.1651988463818947,0.5098637948796649,-0.10827069179970499,0.08047019159788205,0.5092383251940048,-0.08155770453026753
-0.028060503,0.416795258,-0.48866970800000004,0.1652166941446074,0.5098841882982992,-0.10829578485662762,0.08049203389251924,0.5092441710358959,-0.08157047539601973
-0.028049641,0.41678790299999996,-0.488662994,0.1652059160384963,0.509857486141754,-0.10827334159710153,0.08047874296244101,0.5092297139601835,-0.08155570907995241
-0.028024759,0.416817261,-0.488667786,0.16520750732094117,0.5098632480466333,-0.10826052945166896,0.08047912910721165,0.5092279130378087,-0.08154689777435914
-0.0280497,0.41682479899999997,-0.48866629,0.16520932144894337,0.5098531734490671,-0.1082683175243331,0.08048239240331986,0.5092224972842053,-0.08154997953773381
-0.028015129000000003,0.416826233,-0.488664063,0.16520427796499965,0.5098569801177469,-0.10824654743263692,0.08047442720585724,0.509228389573298,-0.08153742713723801
-0.028036777000000002,0.416832092,-0.48866574100000004,0.1652064195158891,0.5098473357992296,-0.10825651830826695,0.08047763815803166,0.5092259113559663,-0.08154383809891869
-0.02803513,0.416820953,-0.488661652,0.16520948131126892,0.509862795623879,-0.10825965278345132,0.08048125333226544,0.5092370026535508,-0.08154531937628008
-0.028036625000000003,0.416819366,-0.488663208,0.16520297603753237,0.5098568860316979,-0.10825760637872543,0.08047416162755329,0.5092340110944485,-0.08154506478895775
-0.028010366000000002,0.41679681399999996,-0.48865295400000003,0.16516771484249082,0.5098184235039442,-0.10821221678203989,0.08043310086845289,0.5092148131197993,-0.0815176350870941
-0.028025573999999998,0.416793152,-0.48864685100000005,0.16516895951655036,0.5098222418124394,-0.1082162976060477,0.08043551323081659,0.5092189751114162,-0.08151800192030578
-0.028056097000000002,0.416816681,-0.488653137,0.16519365304767328,0.5098720904463646,-0.1082570668745077,0.08046605484905982,0.5092435596974723,-0.08154080038225214
-0.028048237,0.416806824,-0.48864419600000003,0.16517906447849456,0.5098558166857199,-0.10823515271744474,0.08044899711287613,0.5092390976259742,-0.08152644281763281
-0.028050804,0.416804596,-0.48863797,0.16516209620892097,0.509830201738869,-0.10821589235805856,0.08042982956266734,0.5092281986499186,-0.08151382457366652
-0.028056295,0.416828949,-0.488643188,0.16518049286966788,0.5098533418428091,-0.10823294702628908,0.08045064025162799,0.5092411029178181,-0.08152345280574724
-0.028050913,0.41685553,-0.488645447,0.16517867939127723,0.5098443092867557,-0.10822284404547383,0.08044787638318257,0.5092356991727021,-0.08151628196748015
-0.028062212,0.41685079999999997,-0.48864321899999996,0.1651896115711367,0.509845481279326,-0.10823335158351989,0.08046031094499284,0.509238090790825,-0.08152199566712699
-0.028047726000000002,0.41683725,-0.48863443,0.1651859579040601,0.5098428723808142,-0.10821802275911847,0.08045507523533771,0.5092404998911064,-0.08151157199800019
-0.028044582,0.41682958999999997,-0.488637085,0.1651831100168606,0.5098538420777593,-0.10822218932575339,0.08045215514378148,0.5092479764205832,-0.0815160466654047
-0.028065472,0.41683770800000003,-0.48863964800000004,0.16518073889634885,0.5098565220766941,-0.10823282959422227,0.08045107518421353,0.5092503989570486,-0.08152259663594406
-0.028061684,0.416827911,-0.488639618,0.16516640859383813,0.5098331315680273,-0.1082202724518578,0.08043430601988387,0.5092421449067246,-0.08151743794208613
-0.028046507,0.416816711,-0.48863363600000004,0.16516138762100144,0.5098320159480634,-0.10820649739238707,0.08042751063880198,0.5092466656291436,-0.08150916982457915
-0.028049715,0.416834961,-0.488641998,0.16516769177617424,0.5098390833932029,-0.10821695646856011,0.08043452339235384,0.509252381303563,-0.08151740967483431
-0.028043555999999997,0.416826385,-0.488635437,0.1651705503294728,0.5098478340672995,-0.10821295551873925,0.08043727778681299,0.5092605869006213,-0.08151375126711854
-0.028064123,0.416831329,-0.488634003,0.16517331331348442,0.5098466710490454,-0.108221878274554,0.08044164182591056,0.5092594992851437,-0.08151759174720524
-0.028034479,0.41682867399999995,-0.4886315,0.16516394009891563,0.5098450039113669,-0.10819979980253129,0.08042971441352686,0.5092553566237888,-0.08150367356168772
-0.028045132,0.416844391,-0.488633606,0.16516182682332417,0.5098497093786464,-0.10820355053228838,0.08042869141425758,0.509252512010882,-0.08150413177932808
-0.028057505,0.41683493,-0.488634094,0.16516104159682957,0.5098430984881973,-0.1082106205745066,0.08042876079142175,0.5092455314162919,-0.081508498078321
-0.02804574,0.416822052,-0.488629028,0.1651379464009309,0.5098101216224281,-0.10818293785833696,0.08040237238579725,0.5092228378822384,-0.08149103952143485
-0.028017653,0.41682330300000003,-0.488633423,0.16514046197131538,0.5098349533100955,-0.10818011336140865,0.08040418824608701,0.5092342148412435,-0.08149073586495104
-0.028055515,0.41683126800000003,-0.48863916,0.1651584878344812,0.5098440178508844,-0.10821449891519194,0.08042616088887823,0.5092430104913223,-0.08151260004581576
-0.028036526,0.416827637,-0.488644775,0.16515670184041922,0.5098242029746736,-0.10820560677312664,0.08042152907177748,0.5092412231674907,-0.08151234033557643
-0.028039526,0.41683081099999997,-0.488648041,0.16516872170854327,0.509833479448619,-0.1082179922834618,0.08043445893968904,0.509252918302884,-0.08152178460394242
-0.02804044,0.41683056599999996,-0.48865121499999997,0.16517207698007588,0.5098286647061477,-0.1082222174105645,0.08043745000847471,0.5092569695356639,-0.08152697440157777
-0.028020315,0.41683023100000005,-0.48865319799999996,0.16518302695351633,0.5098415587904281,-0.10822277486287578,0.08044794181577265,0.5092682214034069,-0.08152902140568699
-0.028001964999999997,0.416868073,-0.488666504,0.1651845656666314,0.5098438302412943,-0.10821884896446715,0.08044860463390825,0.509263794752766,-0.08152802077600364
-0.028023329,0.416855499,-0.48865905800000004,0.16517513402183936,0.5098254494116777,-0.10821604322106328,0.08043965073643213,0.5092499816823293,-0.0815235994967777
-0.028027662,0.416852661,-0.488658813,0.1651845111646051,0.5098433583252145,-0.10822783155971541,0.08045099795010634,0.509255403556333,-0.08152940669585292
-0.028024767,0.416827911,-0.488652679,0.16516996407027143,0.5098337811759484,-0.10821654863494473,0.080435097871714,0.5092486740414999,-0.08152235558388975
-0.028053007,0.41684491,-0.488661591,0.16515856268669232,0.5098265166457432,-0.10822808110317458,0.08042493508051032,0.5092389193547693,-0.08153001141988642
-0.02804608,0.41685150099999996,-0.488665649,0.1651711341778007,0.5098666596498974,-0.10824320789755723,0.08043931898117486,0.5092618748580353,-0.08153977044966325
-0.028051407,0.41684491,-0.488665131,0.16516711244690754,0.5098494036212488,-0.10824074535071326,0.08043424330573397,0.5092596726869347,-0.08154031563089291
-0.028030636,0.41681802399999995,-0.488656525,0.16515330946432233,0.5098331789614805,-0.10821718758867672,0.08041687127895734,0.5092600017492509,-0.08152772610601665
-0.028045181,0.416830872,-0.488665649,0.16515445913124285,0.5098448299671513,-0.10823398895567561,0.0804193661656931,0.5092681903037484,-0.0815403314784503
-0.028018314,0.416836884,-0.488667358,0.1651456579069498,0.5098504479804747,-0.10821748986962672,0.08040833930357887,0.5092699524629487,-0.08153098197597114
-0.028044403,0.41683325200000004,-0.488663452,0.16514857760260307,0.5098472285158624,-0.10822841456755464,0.0804132446377541,0.5092674459146143,-0.08153558702597195
-0.028042158,0.416825195,-0.488654694,0.16512628033527482,0.5098219718305632,-0.10820298981420626,0.080388504378032,0.5092509678792266,-0.08151772940699117
-0.028105371,0.416844971,-0.48866479500000004,0.16513472275755817,0.5098499801437206,-0.10825149380459771,0.08040354840080441,0.5092577946537079,-0.08154574065730708
-0.028062864,0.416834045,-0.488663879,0.16512263853620518,0.509845459173807,-0.10822441767814979,0.08038755590484714,0.5092547847555056,-0.08153103426799185
-0.02807213,0.416822235,-0.48866220099999996,0.16512078737897565,0.5098250984655593,-0.10822441456252745,0.08038539840482946,0.5092452495372743,-0.08153176626166163
-0.028070427,0.416830872,-0.48866763300000005,0.165121446727858,0.5098283651835748,-0.10822800378831096,0.08038614537121293,0.5092459147756568,-0.08153513398729359
-0.028069695,0.416837646,-0.48867492700000004,0.16512934249622302,0.5098609769728287,-0.10824525269357867,0.08039592399769678,0.5092612805195037,-0.0815467883854825
-0.028089642,0.41682498199999996,-0.488670898,0.16512088578460712,0.5098434860672647,-0.10824587892013074,0.08038728610764925,0.509257081954552,-0.08154769436209687
-0.028072617,0.41679968300000003,-0.48865878300000004,0.16509491205861979,0.5098057472613577,-0.10820888746099928,0.08035631111489926,0.5092459496429891,-0.08152600944118006
-0.028105932,0.416862152,-0.488685944,0.16509976417991196,0.5098419406595405,-0.10824900684470759,0.08036522429244024,0.5092611305522049,-0.08155368417629086
-0.028115664,0.416828247,-0.48866861,0.1650906091471218,0.5098519003978172,-0.10824268920495257,0.080356248424383,0.5092722502292875,-0.08154677263922844
-0.028115313,0.416810181,-0.48866601600000004,0.16508748481500907,0.5098717769959451,-0.1082476100904313,0.0803533045622498,0.5092889234246215,-0.0815511904559467
-0.028082876,0.41677829000000005,-0.488657715,0.16503441055313278,0.5098187488699378,-0.10819072308708275,0.08029201442252806,0.5092651432142145,-0.08151977144461552
-0.028112713,0.416797211,-0.48867214999999997,0.16505730099570048,0.5098750780762088,-0.10824107655688363,0.0803212075375701,0.5092880182925864,-0.08155082236254042
-0.028064844000000002,0.416792816,-0.488673096,0.16503136931923756,0.5098448820133051,-0.10819824702826554,0.08028925249455847,0.5092677343459704,-0.08152690699189441
-0.028081533,0.41677969400000003,-0.488670715,0.1650259116476753,0.5098249128170811,-0.10819989172367622,0.08028405239165923,0.5092546217513368,-0.08152758584984718
-0.028100977,0.416782166,-0.48866934199999995,0.1650549491742151,0.5098815810052865,-0.10823638812101251,0.08031899294542404,0.5092805054741084,-0.08154601021264585
-0.02811787,0.416778168,-0.48866571,0.16506725303126957,0.5098936862443811,-0.10825152284459068,0.08033393691861984,0.5092855976922583,-0.08155292341391356
-0.028093315,0.416786835,-0.488668457,0.16505902685496976,0.5098485440417345,-0.10822445792285645,0.08032115198920284,0.5092678365274871,-0.0815397209987322
-0.028098875,0.41681045499999997,-0.48867477400000003,0.1650788962772963,0.5098441667406173,-0.1082368389150015,0.08034184796876775,0.5092747424878201,-0.0815492342515696
-0.028055164,0.41686611900000003,-0.488716125,0.16507457416669424,0.5098265842127885,-0.10823590024354393,0.08033077748817669,0.5092990205886845,-0.08156887109094038
-0.028092909,0.416779297,-0.488677795,0.16511085300156125,0.5097356858583882,-0.10823415737874956,0.08037038177229237,0.5092338911758201,-0.0815560656060759
-0.028084066,0.416984985,-0.488724609,0.16515173724981602,0.5099114310062792,-0.10828992963614684,0.08042117024176776,0.5093012004017132,-0.08158265579928548
-0.028005856000000003,0.41683548000000004,-0.488692993,0.16516055361574894,0.5099185230170422,-0.10826135579498873,0.08042462257271074,0.5093260935388605,-0.08157070461754347
-0.028138641,0.41680069,-0.488682434,0.16515214696484695,0.509687848356303,-0.10826609314690666,0.08041768077521196,0.5091825958756653,-0.08156899963128933
-0.028034733,0.416907043,-0.48870324699999995,0.16516419391772838,0.5099346554892935,-0.10827456348623384,0.08043179181005095,0.5093211516638131,-0.08157318732671376
-0.028029371,0.416842377,-0.48869809,0.1651639195347622,0.5098214055586685,-0.10825466709946602,0.08042821273024048,0.5092446449469835,-0.0815629608552382
-0.028071648,0.416833862,-0.488699768,0.16516273297339387,0.509806613230655,-0.10827567987456421,0.08042778605412805,0.5092588645435472,-0.08158095034497018
-0.028054753999999998,0.416834595,-0.48869235200000005,0.16517805827760615,0.509890996243766,-0.10828792019815597,0.08044544703676872,0.509315208788607,-0.08158636773750687
-0.028032497,0.416858795,-0.488709869,0.16514179726757355,0.5097958631884411,-0.10824654793159635,0.08040345602995905,0.5092342075113072,-0.08156288420468014
-0.028061014,0.416856323,-0.48870172100000003,0.16516135637594603,0.5099287097812327,-0.10829589600150899,0.08043126084287516,0.5093092619632466,-0.08158733860784434
-0.028092669999999997,0.41683831800000004,-0.48868847699999995,0.16514166716066997,0.5098014616931605,-0.1082620187398016,0.08040836804163082,0.5092301310943502,-0.08156255349340569
-0.028022182,0.416852844,-0.48870593300000004,0.16513839298231164,0.5098589168124238,-0.10825250880703777,0.08040224597905124,0.5092584195598259,-0.08156272355528524
-0.02806319,0.416866974,-0.488706177,0.16513480023982366,0.5098869869345174,-0.10827515953613386,0.08040289729039697,0.5092651805160663,-0.08157239147662142
-0.028130268,0.41682077,-0.48868576,0.16514352749522387,0.509860799449022,-0.1082981442938198,0.08041585551449273,0.5092554143034322,-0.08158157729421589
-0.028012969999999998,0.416849915,-0.48870294200000003,0.1651174427373156,0.5098563605271068,-0.10823429670322315,0.08037859090367398,0.5092640235326998,-0.08155291800019529
-0.028036558,0.416828613,-0.48869482399999997,0.165114677077191,0.5098044075210846,-0.10822925747792181,0.08037574408512793,0.5092312459603913,-0.08154771771940733
-0.028111511,0.416857849,-0.488697021,0.1651441486300839,0.5098950971603496,-0.1082995108039844,0.08041523166897024,0.5092891217709326,-0.08158690578093718
-0.028060186,0.416833862,-0.48869339,0.16513946955078312,0.5098225445406639,-0.10825555893946051,0.0804036777089986,0.5092538243080446,-0.08156395012815101
-0.028011731999999998,0.41683529700000005,-0.48869799799999997,0.16513902975904232,0.5098151209416053,-0.10823317589508184,0.08039947224705905,0.5092504401781729,-0.08155343880863564
-0.028088213,0.41687933299999996,-0.488701782,0.165173716711305,0.5098872926980337,-0.10830029508819962,0.08044506360824784,0.5092816904644256,-0.08158684469388243
-0.028082087000000002,0.41683770800000003,-0.488682587,0.1651688049923987,0.5098273445733575,-0.10827101314645074,0.08043761562538355,0.5092447587597109,-0.0815650964815249
-0.028014668,0.41686428799999997,-0.488695923,0.1651827112415386,0.5098532640225383,-0.10825700769280093,0.08044844438663484,0.5092612580720252,-0.0815610643266316
-0.028042117999999998,0.416856476,-0.488687439,0.16518127382122638,0.5098224266919346,-0.10825610728206322,0.08044821189227253,0.5092373798221135,-0.08155618632717289
-0.028096911999999998,0.416867615,-0.48868490600000003,0.16519672422814244,0.509875785222285,-0.1082995806347302,0.08047047754789066,0.5092677263504393,-0.08157855463312069
-0.02802166,0.4168284,-0.488674469,0.16516465777057981,0.5098153368170237,-0.10822943815419092,0.08042849843904787,0.5092386234767865,-0.08153916752690747
-0.028037052,0.416858673,-0.488686584,0.16517664164560558,0.5098385284103817,-0.10825372479443184,0.08044360017200364,0.5092447710331686,-0.08155393120903005
-0.028084745,0.416844025,-0.488675537,0.16516562868252901,0.5098574208631746,-0.10826950846049271,0.08043574680683056,0.5092579508900849,-0.08155981741445567
-0.028060183,0.416838287,-0.488673218,0.1651464409764379,0.5098069828264452,-0.10823404107996407,0.08041159746616632,0.5092304971195333,-0.08153958843128231
-0.027994211,0.41684069799999995,-0.48867260700000004,0.1651485129972254,0.5098295862528722,-0.10820591973807472,0.08040932386101275,0.5092526235820563,-0.08152527541851493
-0.028075617,0.416897552,-0.488689178,0.16516300416224222,0.5098600188471561,-0.10826473039358751,0.08043105455509487,0.5092741275378955,-0.08156129822019864
-0.028094467,0.417044281,-0.48877359000000004,0.1651747560408041,0.509988357151891,-0.10836019457193072,0.08044366523056908,0.5094190194266939,-0.08165367949872097
-0.028147600000000002,0.41677322400000005,-0.488689117,0.1651709646001322,0.5095579647839567,-0.10826189696148122,0.08042855027140158,0.5091854804292507,-0.08158785880006957
-0.028006138,0.417092926,-0.48875824,0.1651725566939653,0.5100087160307027,-0.10829195612330318,0.08044039083443055,0.5093646084014369,-0.08159055097661815
-0.028098438,0.416938721,-0.48870404100000003,0.16516862052914172,0.5100660074222113,-0.10833435516953603,0.08044888010022046,0.509352003411709,-0.08159532709029593
-0.028099499,0.416730743,-0.48863974000000004,0.16512777844220766,0.5096735682225139,-0.10820473138543184,0.08038857891852692,0.5091761082426969,-0.0815225193266931
-0.0280425,0.41692807,-0.488689606,0.16514125421575804,0.5097778731134128,-0.10820978201909139,0.08040306458990028,0.5092172067480182,-0.08152561602402807
-0.028083094,0.41689453099999996,-0.488688599,0.16516489593972378,0.5099787941952606,-0.10829869427421863,0.08044250821834302,0.5092794874364353,-0.08156766676799844
-0.028135052,0.416912811,-0.488683319,0.16518124597636544,0.5099725557227035,-0.1083221246905705,0.08046026182067935,0.5093177931349442,-0.0815855210854216
-0.028106693,0.416813141,-0.48865484600000003,0.1651234218778634,0.5095705280336148,-0.10817602248596922,0.08037982114205079,0.5091248274475824,-0.08150687686767116
-0.028054832000000002,0.416963348,-0.488713623,0.16515039852698934,0.5098621281206143,-0.10825665981394929,0.08041629690394046,0.5092691217774157,-0.0815602142021275
-0.028106981,0.416850525,-0.48867681900000004,0.1651728126001337,0.5100499989874215,-0.108331285672744,0.08045202982261757,0.5093673516896153,-0.08159474137612756
-0.028150583,0.416895111,-0.48869213899999997,0.16513845304707414,0.5097077625701917,-0.1082567232719947,0.08040375117981878,0.5091988594656792,-0.08156044713110254
-0.02800528,0.416841278,-0.488687225,0.1651066794700865,0.509716080128253,-0.10817705755778985,0.08035821327839238,0.5092304670397866,-0.08152407459571237
-0.028080683000000002,0.416892761,-0.488690338,0.16514438165289883,0.5099200411702455,-0.10827484827639922,0.08041472024339956,0.5092940615441871,-0.0815650659928878
-0.028136457,0.416931,-0.488701477,0.16513830306838992,0.5099114948138583,-0.10829979457428641,0.0804107562825728,0.509301137397885,-0.08158294367124881
-0.028046295000000002,0.416840485,-0.488687683,0.16509375380763874,0.5096535356223875,-0.10817670488190896,0.08034563900557928,0.5091863529371218,-0.08152227522136764
-0.028067465,0.416896149,-0.488693176,0.16511023519193999,0.5097953904057748,-0.10822234612940185,0.08037075862083946,0.5092501864451383,-0.08154194684846124
-0.028106905,0.416879974,-0.48868634,0.16510196268694036,0.5099824013393984,-0.10828100781040036,0.08037072101793473,0.5093677859579931,-0.08157597502901809
-0.028147593000000002,0.416942719,-0.488711212,0.16510699441814555,0.5097007677501318,-0.10824497943586334,0.08036850916389995,0.5092071959249188,-0.08156042685646712
-0.028040857,0.416804565,-0.488666901,0.1650714213224462,0.5097396230034699,-0.108171607674783,0.08032366814029855,0.5092485290737234,-0.08151645807806994
-0.028092125,0.416886017,-0.48868173200000004,0.16507681015836678,0.5099064169049748,-0.10823605522217361,0.08034164205782403,0.5093015145453281,-0.08154326176024364
-0.028123791000000002,0.416856934,-0.48867422499999996,0.16508754709660647,0.5098463983307127,-0.10824251806425685,0.08035398759308646,0.5092581868734143,-0.08154424576363534
-0.028138447,0.416877991,-0.48868899499999996,0.16508727524294875,0.5097745109838306,-0.10824188681514096,0.08035047479482918,0.5092387562172689,-0.08155279804577913
-0.028140184000000002,0.416850494,-0.488670319,0.16509460080110308,0.5098149388631718,-0.10824440607898084,0.08036140036490906,0.5092427678403075,-0.08154464565208622
-0.028090923,0.416858368,-0.48866507000000003,0.16508183294511478,0.5099777443725911,-0.10824554711482261,0.08035020136244712,0.5093348915680522,-0.08154241635635197
-0.028129892,0.416835358,-0.488667755,0.16506293449745343,0.5097887528612243,-0.10821783259057799,0.08032488957691221,0.5092421868161384,-0.08153291454131471
-0.028101252,0.416776947,-0.488648407,0.16505441646179514,0.5097600245608392,-0.10818687107812883,0.080311965901287,0.5092406276209597,-0.08151540425472598
-0.028127459,0.416855194,-0.488661407,0.16503719380085005,0.5098912004319789,-0.108217372084018,0.08030160156552198,0.5092890979246301,-0.08152586175222802
-0.02808395,0.416806793,-0.488651978,0.16502817382150897,0.509867215423194,-0.10818724809826501,0.08028882983729661,0.5092677534797444,-0.08150759163126946
-0.028128447,0.41684967,-0.488678131,0.16499349136319422,0.5097111012321464,-0.10816976473192813,0.0802476200574173,0.5091979555725404,-0.08150904792142347
-0.028142889,0.416769165,-0.488650238,0.16501459019687478,0.5097604784046371,-0.10819163427388287,0.0802740762880035,0.509216433899598,-0.08151450622886779
-0.028142088000000003,0.416843231,-0.488670319,0.16502528004241834,0.5099172206852087,-0.10823695340849497,0.08029200230019562,0.5092885651968714,-0.08153870855926323
-0.028094479,0.416809906,-0.488668793,0.16504845044481112,0.5098692300975968,-0.10821943199171517,0.08031061742147676,0.5092786547471355,-0.08153477876260001
-0.028138452999999997,0.416774292,-0.488656677,0.16503170360930522,0.5097492698114993,-0.10820051739139962,0.08029012173767998,0.509231358553982,-0.08152626177822139
-0.028103535000000002,0.416817657,-0.488665314,0.1650259403119704,0.5098615029631968,-0.10820533741673688,0.08028586512921813,0.5092877987938403,-0.08152743712003518
-0.028074703,0.416833862,-0.48867709400000003,0.1650428261722386,0.5098812798025372,-0.1082119270604668,0.08030323865346335,0.5092894986486223,-0.08153287263743846
-0.028118753000000003,0.416834137,-0.488674255,0.16504759529130636,0.5097948368229765,-0.10821267288708629,0.08030663351983405,0.509263544603851,-0.08153671049925532
-0.028150698,0.416796326,-0.488664856,0.16504520832274894,0.5097682810615364,-0.10822103276218678,0.08030555211516222,0.5092484808955319,-0.08154069700154407
-0.028097382,0.416888306,-0.48869818099999995,0.1650596371362413,0.50989982982488,-0.10824428407973892,0.0803233546657955,0.5092981428141579,-0.0815549557157065
-0.028078049,0.41682330300000003,-0.48867688,0.16507016808644695,0.5098833465242512,-0.10823037939416127,0.08033231289539927,0.5092982510144962,-0.08154567584402424
-0.028159426,0.416834991,-0.48867749,0.16504093691343905,0.5097366895231205,-0.10821876757498865,0.0803009544687564,0.5092208866409691,-0.08153939042043647
-0.028119709,0.416813416,-0.488669373,0.16505163622772395,0.5098639575051443,-0.10823229095337819,0.08031511021556598,0.5092822479078776,-0.0815432929199464
-0.028113818999999998,0.416854858,-0.48868283100000004,0.1650609849629556,0.5099388977612784,-0.10825570007578272,0.0803289199530118,0.5093014713773101,-0.08155381457215424
-0.028145178,0.416775574,-0.488646729,0.16503187158777205,0.5098253110677049,-0.1082123467054555,0.08029499463666948,0.5092539368203342,-0.08152423964001633
-0.028134012,0.416896393,-0.48869131499999996,0.1650154497926987,0.5098483236259475,-0.10821901733598197,0.08027572785510143,0.5092827034173254,-0.0815398224003867
-0.028130507000000003,0.416933411,-0.488747986,0.1650291251998718,0.5099513021770596,-0.10829697246866493,0.08028810083058992,0.5094183294609502,-0.08162124245762578
-0.028224539,0.416687775,-0.48868219,0.16494612173158296,0.5094733194429316,-0.10818004301185277,0.08019106856435096,0.5091335346896453,-0.08154575399122535
-0.028137007000000002,0.417095184,-0.488753845,0.16497259989428065,0.5099294162742924,-0.10823258366127243,0.0802366542497129,0.5092649560812251,-0.0815436748962838
-0.02811199,0.416817078,-0.48865826399999995,0.16499139028277657,0.5101052940680247,-0.10824488548414382,0.0802624216161021,0.5093719003272784,-0.08153563905157045
-0.028190556000000002,0.41665594499999997,-0.488628448,0.16495160441761805,0.5095517113980985,-0.1081387270584716,0.08020263586518311,0.5091044636446722,-0.08148667007521698
-0.028202345,0.41686734000000003,-0.488671844,0.16498336780358297,0.5098276407841987,-0.10821999667327191,0.08024839200184229,0.5092321084927335,-0.08152638208360946
-0.028084496,0.416820435,-0.488661316,0.16492120231932306,0.5099902946731792,-0.10816936739610679,0.08018366287897276,0.5092718087711571,-0.08148691941439273
-0.028128609000000002,0.416710175,-0.488632813,0.1649427831064047,0.5098570939947085,-0.10816857773007968,0.08020197020633343,0.5092445886984456,-0.08149388356144174
-0.02822426,0.416730988,-0.488630676,0.1649452884715048,0.5096249824192669,-0.10815442623953817,0.08020137048384711,0.5091335069227605,-0.08148709306520885
-0.02812669,0.416841705,-0.488667755,0.16489968132103616,0.509826266917155,-0.10814096684002653,0.08015520826243257,0.5092093304027315,-0.08147800530065546
-0.028100595,0.41666479500000003,-0.488615906,0.1648992651284445,0.50995682594896,-0.1081509322646292,0.08015765661344054,0.5092966768405917,-0.08147990243566063
-0.028214259999999998,0.416836914,-0.488661102,0.1649229946403752,0.5096223231120256,-0.10814196448714103,0.08017641975188887,0.5091287708764196,-0.0814831142952421
-0.028189956999999998,0.416709106,-0.488640472,0.16488314721748742,0.5096085235081862,-0.10811659634684184,0.08013015952164457,0.5091499978924728,-0.08147751465130944
-0.028106649,0.416807526,-0.48865917999999997,0.16491724692597312,0.5098886185377772,-0.10815473705462506,0.08017472910800907,0.5092491802628799,-0.08148609188360365
-0.028092663,0.416847046,-0.48866861,0.1649717678222072,0.5099344227491365,-0.10818626989878231,0.08023296390457015,0.5092834716814185,-0.08150610468173579
-0.028177427,0.41674581899999996,-0.488644409,0.16495064537969092,0.5096332126330967,-0.10814549303493158,0.08020286864438984,0.5091546585941444,-0.08149019023889173
-0.028229635,0.416741058,-0.488631439,0.16498514879368265,0.5098119936343202,-0.10822140554747665,0.08025166807216928,0.5092317529337826,-0.08152270879577037
-0.028043125,0.41685732999999997,-0.488672791,0.16494501963640973,0.5100065185636309,-0.10816687779053291,0.08020436495198703,0.5093121690860049,-0.08149368590895352
-0.028118227000000003,0.41679775999999996,-0.488660339,0.16492406249371566,0.5097056522456543,-0.10812289890621417,0.08017389879946468,0.5091777666217352,-0.08147611798883259
-0.028214742999999997,0.41669207799999997,-0.488627747,0.1649144702992835,0.5096576289228841,-0.10814849842047267,0.08016659875490438,0.5091870088621991,-0.08149335579941157
-0.028137468,0.416902496,-0.48869162,0.1649296756316218,0.5099367541805241,-0.10819766453899217,0.08018884367198711,0.5093125156930441,-0.08152330291977244
-0.028080679,0.41675048800000003,-0.488650787,0.1649154842692226,0.5098576532270456,-0.10813865574216419,0.08016731200780312,0.5092711530560907,-0.08148676728015368
-0.028221122999999997,0.41680157500000004,-0.488659454,0.16493231820667045,0.5097303930846648,-0.10818353070517991,0.08018924365435248,0.5092137296922111,-0.081513993456619
-0.028163662,0.416729797,-0.488631561,0.16491589700586703,0.5097842232729468,-0.10814883743327909,0.08017044012957979,0.5092373855962926,-0.08148747306312856
-0.028110626,0.41681896999999996,-0.488659454,0.16494241895430786,0.5099131565738347,-0.10817300279882613,0.08020222765776641,0.5092707524697566,-0.08149703723643598
-0.028105776,0.416751984,-0.488635223,0.16493494116385257,0.5098117939884134,-0.10813410793011866,0.08018832733194953,0.5092436101624522,-0.08147686775302201
-0.028207977,0.416719879,-0.48862899800000004,0.16490924632186074,0.5096290331714357,-0.10812988838837401,0.08015998842666261,0.509162157788526,-0.08147908809488877
-0.028096056,0.416792206,-0.48865741,0.16493217792320697,0.5098297049790043,-0.10814450617168489,0.0801849984651252,0.5092556766986053,-0.08148918947639533
-0.028089096,0.416746521,-0.48864608800000003,0.16490611046765322,0.5098642975268056,-0.10813606807562405,0.08015741269545192,0.5092848821865041,-0.08148569572414073
-0.028221581,0.416795258,-0.48866351300000005,0.16493014531179806,0.5097013719628343,-0.10818117451536778,0.08018532341696512,0.5092059027739412,-0.08151678787346106
-0.028146015,0.416715912,-0.48864325000000003,0.16491655819862241,0.5097560366517333,-0.10814840992676909,0.08016729637624806,0.5092446605907528,-0.08149843886149222
-0.028126518,0.41684066799999997,-0.488670563,0.1649265329608744,0.5099105974229239,-0.10817818063269533,0.08018423942273387,0.5092953770710588,-0.0815082531392153
-0.028170736000000002,0.416732239,-0.488635193,0.16493371739808094,0.5098429916038503,-0.10817888392494979,0.08019213399078334,0.5092705705672433,-0.08150574728011406
-0.028193218000000003,0.416758362,-0.488646484,0.16489817310523147,0.5096727746195673,-0.10813554868243971,0.08014882255698956,0.5091821201586624,-0.08148547021080288
-0.028162706,0.416742767,-0.488635651,0.16493068286354476,0.5098828143619965,-0.10818089673579828,0.08019077137222583,0.5092786501097772,-0.08150314891682041
-0.028140239999999997,0.416787872,-0.488646759,0.16492019854754014,0.5099316063125887,-0.10817618574396681,0.08018088510317298,0.5092877509623744,-0.08149746669753404
-0.02819492,0.416737915,-0.488636383,0.16488966763834279,0.5097407483058269,-0.10814359686436655,0.08014475843140213,0.5091875802278779,-0.08148062232516469
-0.028238759999999998,0.41671758999999997,-0.488626862,0.1649186948800836,0.5097967053524384,-0.10818971712966391,0.08018148056092018,0.5092130457920948,-0.08150294711830844
-0.028161848,0.416819458,-0.488658813,0.16489861711002374,0.5099105666305412,-0.1081753736848633,0.08015984605494947,0.5092556214809176,-0.08149520184096594
-0.028124367,0.416734222,-0.488638672,0.1648791371153562,0.5098128837465987,-0.10812329068895075,0.08013126295279221,0.5092273749338391,-0.08147043254860113
-0.028234034999999998,0.41674762,-0.48863363600000004,0.1648884855673351,0.5096924197257858,-0.10814592063813723,0.08014246685239433,0.5091877508654039,-0.08148551058875
-0.028174084000000002,0.41670697,-0.488627411,0.1648795755068281,0.5097867625417531,-0.10813775009047799,0.08013220847139141,0.5092430308785147,-0.08148239454731236
-0.028109365,0.416803619,-0.488662659,0.1649115152968523,0.5098889553651532,-0.10815772445794766,0.0801663907002073,0.5092827568237843,-0.08149658751443468
-0.028151641999999998,0.416704773,-0.488636597,0.16487547713699913,0.5097496882820457,-0.10812494106096705,0.0801243943417271,0.5092293974201256,-0.08148093413368315
-0.028230554999999997,0.416734985,-0.48863974000000004,0.16489602374966875,0.5097373407515445,-0.1081681488230131,0.08015183624006449,0.5092150773500744,-0.08150225737026562
-0.028185762,0.41675949100000004,-0.48865094,0.1648992887198675,0.5098584024964092,-0.10818188586507137,0.08015810164378007,0.5092608783598718,-0.08150804061293326
-0.028104603000000002,0.41672521999999995,-0.488646454,0.16485277606658866,0.5097959799768572,-0.10810574817640457,0.08010083273142526,0.509221537184282,-0.08146559128714222
-0.028213707,0.416709656,-0.488635529,0.16485248124461335,0.5097095307930816,-0.10813268336963705,0.08010455318996482,0.509180243131356,-0.0814788208407565
-0.02819875,0.416713074,-0.48863214099999996,0.1648726596642414,0.5097929667333543,-0.10815151123463722,0.08012823986261448,0.5092255880757074,-0.08148727982554396
-0.028146936,0.41677023300000005,-0.48864703400000004,0.16487297374957344,0.5098228198161042,-0.10813359689858168,0.08012693285990695,0.5092260310933445,-0.08147516034576484
-0.028167835,0.41670224,-0.488625092,0.16487536939677516,0.5097942042152528,-0.10813310427567462,0.08012935043714299,0.5092224440703367,-0.08147404946265567
-0.028222612,0.416761292,-0.48863799999999996,0.1649224067703302,0.5098125599486609,-0.10818772920893786,0.08018402663176605,0.5092310045696135,-0.08150461530657446
-0.028139255999999998,0.416713623,-0.488626801,0.16493848648594925,0.5099015801428717,-0.10817583794732889,0.08019904089390786,0.5092792789359775,-0.08149702716696311
-0.028152985000000002,0.416752075,-0.488638824,0.16490184478432196,0.5098355232296549,-0.10815065118741342,0.08015829481524474,0.5092402894091831,-0.08148426264245517
-0.028152134,0.416727844,-0.488638519,0.1649251399984753,0.5097978674885668,-0.1081584508219251,0.08018087047662732,0.5092334114193537,-0.0814936797700762
-0.028158762,0.41676712,-0.488656891,0.16495948156774656,0.5098264159273413,-0.10819499181631925,0.08021819974267842,0.5092596012275056,-0.08152077733053482
-0.02812903,0.416784576,-0.48867099,0.16493782624735906,0.5098075375121208,-0.10817412675680152,0.08019163646436706,0.5092563101562003,-0.08151518250988153
-0.028157688,0.416821075,-0.48868530299999996,0.16493439977185823,0.5097726990558386,-0.1081838095562498,0.08018769272064753,0.5092483140407247,-0.08152596817654693
-0.028158930000000002,0.41699884,-0.488770081,0.16496461951554348,0.5099241531526518,-0.10827812827874186,0.08022005243419963,0.5093988258927942,-0.08161350332059067
-0.028207411,0.416728668,-0.48870907599999996,0.16494977978381742,0.5096788859258029,-0.10824028368755972,0.08019529405983425,0.5093289464155389,-0.08160432050438407
-0.02816346,0.417022797,-0.48877966300000003,0.16497286206588008,0.5099418706184055,-0.10829266960285491,0.08022519794588287,0.5094720851962419,-0.08163685277885827
-0.028266767999999998,0.417039764,-0.488755219,0.16492965470762316,0.5097449581198729,-0.10824656663607385,0.08018192309578132,0.5093206911819963,-0.08159020103785616
-0.028211352999999998,0.41681957999999997,-0.48869836400000005,0.16491649863111,0.5098496333906287,-0.10823419041971936,0.08016762470720448,0.5093963080636076,-0.08158193521549595
-0.028183872000000002,0.41690737899999997,-0.488703552,0.16485425869399484,0.5097426406055126,-0.10814627695662182,0.08009874378591869,0.5092807444657478,-0.08151529523765112
-0.028234297000000002,0.416936523,-0.48869448899999995,0.16488522629280478,0.5098605706693555,-0.10820018368710793,0.08013912697894122,0.5093526354904317,-0.08154009187121232
-0.028324074,0.41684011800000004,-0.488667297,0.1648713200668918,0.5097095938737333,-0.10819818465326353,0.08012395014496292,0.5092906779741463,-0.08154058454601432
-0.028195071999999998,0.416824066,-0.488692993,0.16488105525019883,0.5098107878520766,-0.10819197600673772,0.08012864761104796,0.5093531765991115,-0.08155103319306159
-0.028145771,0.417017487,-0.488750854,0.16488914222135678,0.5099253626177777,-0.10820966803788627,0.08013616340119249,0.5094296691058491,-0.08157122379382019
-0.028281309,0.416771088,-0.48868652300000004,0.16489142579318386,0.5097476305158589,-0.10823205481496723,0.08014048353283405,0.509364445864862,-0.08158527643184374
-0.028271851,0.416948364,-0.488730255,0.1649315981307079,0.5098831024631522,-0.108281169157465,0.08018648042481276,0.509444853651074,-0.08161672080978889
-0.028152365,0.41706485,-0.488755798,0.16489584189887743,0.5098433985045371,-0.10818980367292329,0.08014042979218083,0.5093860446305735,-0.08155841638740612
-0.028230540999999998,0.416943756,-0.48871374500000003,0.164901845865989,0.5098458487131564,-0.10822060761037619,0.0801512066882548,0.5094129946112875,-0.08157362581158321
-0.028344658,0.416902527,-0.48868392899999996,0.16491271955528775,0.5097499802603518,-0.10824092179503521,0.08016687153748371,0.5093696742466179,-0.08157790520327689
-0.028227671,0.416984741,-0.48872070300000003,0.16490935108790852,0.509813652163879,-0.10821205758076553,0.08015903986028151,0.5093756257568577,-0.08156411727798946
-0.028165422,0.417015778,-0.488718201,0.16491329223535825,0.5099061254300686,-0.1081949576216498,0.08016228384804691,0.5094246090717024,-0.08154998507477507
-0.02832482,0.416920776,-0.48867865,0.16491068932007497,0.5097496895736598,-0.10822001094684043,0.08016525963721871,0.5093402986705327,-0.0815560954494926
-0.028246967,0.416997314,-0.488700043,0.16488471300759522,0.5097560625484481,-0.10817157621622982,0.08013237617034089,0.5093365559889648,-0.08152978090201839
-0.028159327,0.416886749,-0.48866479500000004,0.16487680760172838,0.509848978136844,-0.10813750297015173,0.08012276899413151,0.5093731872479118,-0.08150206782399375
-0.028248774999999997,0.41696286,-0.488670746,0.1648920128791715,0.5098029527974335,-0.1081667400888743,0.08014343009776569,0.5093449982540527,-0.08151363826427223
-0.028282146,0.416912018,-0.48866397100000003,0.16490676624687584,0.5097375496226436,-0.1081808437111809,0.08015805626153195,0.5093281400438853,-0.08152735646635495
-0.028212233,0.41697256499999996,-0.488668488,0.1649015595416178,0.5097492395762204,-0.1081353132669575,0.08014794155995744,0.5093313987767072,-0.08149756766455636
-0.028202076000000003,0.41697048999999997,-0.488667114,0.16492868884119768,0.5098423878457117,-0.10816578213632994,0.08017860299258477,0.5093979801314442,-0.08151723070985577
-0.028270594,0.416973755,-0.48868103,0.1649661142573075,0.5097615934045888,-0.10821298020643144,0.08021992141453495,0.509361376366296,-0.08155135108008067
-0.028228231,0.41701086400000004,-0.48868804899999996,0.16498783421455662,0.5098280334159803,-0.10821666966609189,0.08024166583063874,0.5094089566544968,-0.08155525256936158
-0.028212672999999997,0.41699704000000004,-0.488681213,0.16499444058805077,0.5098836954485174,-0.10822224571679925,0.08024962883583868,0.5094413821637849,-0.08155689211454058
-0.028212667,0.41704168700000005,-0.488691345,0.16496918411324615,0.509757924070662,-0.10817798508795505,0.08021785829462823,0.5093710933207624,-0.08153247933838077
-0.02823377,0.416973633,-0.488699677,0.16497478468481688,0.5097841991044526,-0.10822287284025583,0.08022623299350166,0.5093910775253637,-0.08156863707290114
-0.028198584,0.41706210299999996,-0.4887164,0.1649924129649929,0.5098673679508303,-0.10822938737444997,0.08024638212399493,0.5094206183514554,-0.0815679824192477
-0.028186834,0.41699826,-0.488684418,0.16496511564863287,0.5098263171426608,-0.10818314146904259,0.08021334435156677,0.5094238080227279,-0.08153928493303454
-0.028233941999999998,0.417023438,-0.488693176,0.1649551716396786,0.509714455117489,-0.10817735897726714,0.08020049955952208,0.5093811597721049,-0.08154177530633769
-0.028141708,0.41701297,-0.488710388,0.16494170863975055,0.5097522959108379,-0.10815269600578864,0.08018016778069764,0.5094147978618785,-0.08153903167786757
-0.028180185,0.417086731,-0.488737305,0.1649581580460203,0.5098393497251563,-0.10821072583278772,0.08020235601478669,0.5094755360825001,-0.08157913736403583
-0.028299763,0.417038208,-0.488720306,0.1649796195848809,0.5097653085196721,-0.10825912482055407,0.08022836878113634,0.5094764282848698,-0.08161213853497315
-0.028331634999999997,0.41702407799999996,-0.488704742,0.16499132453616222,0.509742163995105,-0.10826350457532101,0.08024025074387836,0.5094944406332759,-0.08161554092171196
-0.028330647,0.417143341,-0.488729309,0.16500391471808964,0.5098044334507775,-0.108280081797815,0.08025548244184363,0.50952611264078,-0.0816240204432475
-0.028384419999999997,0.417064484,-0.488702545,0.16500486813264684,0.5097662911123874,-0.10829105269031317,0.08025764242817862,0.509529085316229,-0.08163075802766201
-0.028417453999999998,0.417061615,-0.488694977,0.16500741532965227,0.5096970550236946,-0.1082854076355311,0.08025888620124424,0.5095108580528688,-0.0816288515197715
-0.028365234,0.417054779,-0.488704071,0.16500006760396485,0.509721800301586,-0.10827191070550492,0.08024882826821375,0.5095163083175605,-0.08162411442153542
-0.028397446,0.417124664,-0.488726959,0.16501652989455723,0.5098037069445199,-0.10832247136192723,0.0802725412620866,0.5095429530614668,-0.08165210877036572
-0.028465452,0.41705050699999996,-0.488695862,0.16501580108246433,0.509762706831013,-0.10833366882647885,0.08027544909516215,0.5095200236558846,-0.08165158321388384
-0.028372456,0.417067596,-0.48869696,0.16499613811003544,0.509745879858976,-0.10826921679440715,0.08024794777374093,0.5094999410724101,-0.08161206781838842
-0.028319175999999998,0.417040619,-0.488695374,0.16497473912246127,0.5097955237351905,-0.10824835362550203,0.08022524465170647,0.509497901939276,-0.08159587811362315
-0.028319151,0.417055084,-0.488700317,0.16497028225434707,0.5098120551281974,-0.10825152335363651,0.08022221098524655,0.5094894995313821,-0.08159481281486922
-0.028359344,0.417061279,-0.48869988999999997,0.16497321527957826,0.5097315849833105,-0.10825188934944424,0.08022436818213967,0.5094578964500115,-0.08159709891817425
-0.02840814,0.417001556,-0.488684204,0.16499124649941485,0.5097181141216306,-0.1082814405513555,0.08024588018525931,0.5094651545343727,-0.08161538080455358
-0.028394911000000002,0.41707547,-0.488722443,0.16500848402257026,0.5098037437385408,-0.1083245732230373,0.0802665279172984,0.5095062112647492,-0.0816481380681592
-0.02842395,0.41703241,-0.488715515,0.16502765020760818,0.50979957371146,-0.10835164053019174,0.08028808574091494,0.5095190863595312,-0.08166742453020874
-0.028413363,0.417070618,-0.48872644000000004,0.16503547058359924,0.5097448566039252,-0.10833850700006263,0.08029245783151144,0.5095051539044501,-0.08166484630250279
-0.028394712,0.417005768,-0.488711548,0.16503206275716276,0.5097783088391331,-0.10833635984897137,0.08028850782367318,0.5095308581564537,-0.08166449249613157
-0.028398924000000002,0.41706622299999996,-0.488736755,0.16503127560705066,0.5098151182587749,-0.10835754211384545,0.08028992322771344,0.5095375039319896,-0.08167897450050157
-0.028377866999999998,0.417026764,-0.488731873,0.16503155795824778,0.5098113431384537,-0.10835079894523438,0.08028810429570533,0.5095455785228412,-0.08167878602519386
-0.02843045,0.417007538,-0.48872540299999995,0.16502992720292017,0.50976503938606,-0.10836363615591227,0.08028793905950075,0.5095280390693293,-0.08168669631934858
-0.02841654,0.41704705799999997,-0.48873870799999997,0.16502930684287442,0.5098029203826105,-0.10836915135733358,0.0802881275924651,0.509539205108719,-0.08168989281820774
-0.028417986,0.417010223,-0.488732819,0.1650345152302565,0.5098378105467772,-0.10838414469490885,0.08029534481903151,0.5095567730046944,-0.0816986831360278
-0.028407589,0.417034332,-0.48873666400000004,0.1650308229634125,0.5098125912756581,-0.10836878855507086,0.08028891553680123,0.5095534495291689,-0.08169179820855545
-0.028418040999999998,0.41691238399999997,-0.488704102,0.1649978869675297,0.5097093709420712,-0.10832936136838339,0.08025130346311597,0.5094967403312375,-0.0816668180679784
-0.028343903,0.41697644,-0.488727142,0.16501551733291317,0.5098822393313758,-0.10835023378033014,0.08027224998834065,0.5095715807287179,-0.08167811399782875
-0.028397182,0.416973694,-0.488723114,0.16501548080452927,0.5098821323798826,-0.1083739201894831,0.0802762845295426,0.5095668129371479,-0.0816889238242685
-0.028473421,0.416970886,-0.488723785,0.16501928320199002,0.5097847790718004,-0.10839221917736835,0.08027955430057067,0.5095518574326326,-0.08170806777776102
-0.028384804,0.41687429800000003,-0.488708344,0.16499013140339425,0.509731502088359,-0.10832745686939893,0.08024138006321843,0.5095127789359887,-0.08167185428463518
-0.028311901,0.41707653800000005,-0.48876889,0.1650079451459126,0.5100278243864677,-0.1083829797287878,0.08026756592347013,0.509639279948612,-0.08170270602049072
-0.028403793,0.416930908,-0.488724304,0.1649912768296427,0.5098692234460617,-0.10837346362328537,0.08024815376796604,0.5095948556092162,-0.08170048743507527
-0.028449397999999997,0.416759705,-0.488676208,0.16499128473279503,0.5097129721193329,-0.10835221758741857,0.08024496855420156,0.5095328138616528,-0.08168858542949124
-0.028355699999999998,0.416998596,-0.48874804699999996,0.16498883886448443,0.5099891296201562,-0.10838428001376917,0.08024596435595241,0.5096637573295477,-0.08171108756147913
-0.028377539,0.416839355,-0.48871807899999997,0.16494388363298781,0.5098441036172083,-0.1083460380013945,0.08019687156202203,0.509555970092197,-0.08168556600991349
-0.028420437,0.416945129,-0.48873761000000004,0.16494959500760129,0.5098210941376475,-0.108358810500387,0.08020532010247175,0.509533619781035,-0.08168963218549845
-0.028400208,0.41684549,-0.488708771,0.16494949657597618,0.5098900369177726,-0.10836083907859956,0.08020558947511179,0.5095885094302618,-0.08169064723175415
-0.028383907,0.416921387,-0.488722687,0.1648560445892212,0.5097198807590912,-0.1082588832637228,0.08010185103437263,0.5094386313772354,-0.0816211765991905
-0.028373104000000003,0.416855621,-0.488708282,0.1648285283242575,0.5097845893955868,-0.10825686409252057,0.08007540169290672,0.5094583232355954,-0.08161627627437633
-0.028339165000000003,0.416890717,-0.488710754,0.16489908541426196,0.5098593624103472,-0.10828762794818221,0.08015170765950526,0.5094902518294068,-0.0816293166032225
-0.028435059,0.41696048,-0.488714355,0.16491986929338737,0.5098101425475569,-0.10832145659481017,0.08017985334897577,0.5094443801810196,-0.08163970705837045
-0.028392116999999998,0.41679556300000004,-0.48866861,0.16493079018021006,0.5099394740822786,-0.10833137717191409,0.08019377402916339,0.5095197988455278,-0.08164089555006768
-0.028359066,0.416984711,-0.488715302,0.16493209875436993,0.5099099023435012,-0.108308441218928,0.08019201051606216,0.5094868390628257,-0.08162776833540511
-0.028425783,0.416796692,-0.488671417,0.16492836503511843,0.5098241715714124,-0.1083215691364295,0.0801878163723053,0.5094777164355117,-0.08164125384861075
-0.028384063999999997,0.416870758,-0.48869931,0.1649317516262187,0.5098406510462954,-0.1083158985539074,0.08018918259980626,0.5094806056310393,-0.08164218106279122
-0.028316956,0.41691098,-0.488709381,0.16495434605875592,0.5099753281052368,-0.10832644736614515,0.08021372863508693,0.5095498001880797,-0.08164749447551833
-0.028317549,0.41690683,-0.488696808,0.1649367576475896,0.509831378897881,-0.1082710643102202,0.08018799690109318,0.5094950847618028,-0.08161671568039339
-0.028389589,0.416749237,-0.488659393,0.1649218063732559,0.5097016958361922,-0.10826947449165158,0.08017231007422267,0.5094356772508273,-0.08161667062666214
-0.028320972,0.41693042,-0.488715668,0.1649633814110892,0.5099429379330036,-0.10832668876708766,0.08022231230526257,0.5095331291560937,-0.08164892450054771
-0.028292891,0.416944916,-0.488716919,0.16496292010868766,0.5099261080577847,-0.10830577998870115,0.08021963576464644,0.5095171350738362,-0.0816350405468225
-0.028431930999999997,0.41681555200000003,-0.488668152,0.16497021939399711,0.5097791594846058,-0.1083270929568523,0.08023053533450039,0.5094641186917735,-0.08164364232750654
-0.028406555,0.416937256,-0.488703278,0.1649690021566675,0.5098221218625764,-0.10832946071537566,0.08023001466589501,0.5094648140169687,-0.08164433053328031
-0.028262638,0.416930298,-0.488720795,0.16498756924952482,0.5099963045929083,-0.10832754965710274,0.08024700855256418,0.5095492080053312,-0.08164876932329986
-0.028401888,0.417096283,-0.488761902,0.1650051589796584,0.5099114572581943,-0.10838708304681728,0.08026682845493616,0.5095714959381134,-0.08169964014051806
-0.028523240999999998,0.41682122800000004,-0.488680298,0.1649706601040246,0.5095008089983756,-0.1083165894404836,0.08022070016579716,0.5094106305568862,-0.08166408484878088
-0.028375111,0.417038544,-0.488753632,0.1649881519000087,0.5098704258533956,-0.10836063053985691,0.08024420124286596,0.5095683209949058,-0.08169058362637298
-0.028297207,0.417044586,-0.488759888,0.16498902228420922,0.5100334387712112,-0.10836607611943952,0.08024939759440167,0.5096033827791773,-0.08168404280172792
-0.028418098,0.41687207,-0.488699768,0.16498527410745276,0.5097431729304982,-0.10833673195998716,0.08024078914843792,0.509492291306037,-0.08166785177849067
-0.028442326,0.416965698,-0.488721313,0.16497611768066017,0.5096745924859445,-0.1083263711106755,0.08023038078291844,0.509445985243793,-0.08166126921548715
-0.028359362000000003,0.416973846,-0.488728729,0.16499400249680138,0.509960128034081,-0.1083684089364021,0.08025793410075963,0.5095462232123811,-0.08167482846706246
-0.028268696,0.416998688,-0.488733276,0.16497623364571054,0.5099617590194917,-0.10831218052751371,0.0802315353590954,0.5095607605058357,-0.08164581303593707
-0.028406191,0.41682061800000003,-0.48868335,0.16493996865966218,0.5095863221179902,-0.10826551133836336,0.08018788542603221,0.5093804524929628,-0.08162040206948347
-0.028400906,0.417023041,-0.488728638,0.1649847813248245,0.5098337934835088,-0.10834188027966712,0.08024431497322951,0.5095026745649126,-0.08166110882400733
-0.028294287,0.416951965,-0.488710754,0.16496426685289664,0.5099118138138361,-0.10829579220323665,0.08021988183631273,0.5095197142990766,-0.08162829684231611
-0.02833077,0.41694622800000003,-0.48871356200000005,0.16497833136268367,0.5097867989451611,-0.10829515418491371,0.08023192415502248,0.5094659855427847,-0.08163313275278432
-0.028424557,0.416954926,-0.488701263,0.16498420811359327,0.5097229924530635,-0.10831582596089334,0.08024138667794242,0.5094462276722027,-0.08164191625356551
-0.028407782,0.41697830199999997,-0.488706207,0.16501171276474796,0.5098511523439563,-0.10835179595475393,0.08027566890628678,0.5094949954474927,-0.08165730464708423
-0.028234207,0.41695190400000004,-0.488708832,0.16498796160911808,0.5098733707637082,-0.10826601125014298,0.08023874606384057,0.5095111148706616,-0.0816134489376514
-0.028379166,0.416915009,-0.48869619799999997,0.1649915617574517,0.5097170656637524,-0.10829971377180886,0.08024653210416896,0.5094360376409036,-0.08163286515769988
-0.028437378,0.416926575,-0.488695648,0.16501121447481693,0.5097868063409705,-0.10835295411401143,0.08027371084032583,0.5094800315303859,-0.08166248372281387
-0.028305895,0.416914154,-0.488704742,0.1649904955556319,0.5098513469664973,-0.10830346854089357,0.08024637674602783,0.5094916928842608,-0.08163466993994326
-0.028294697,0.41712795999999996,-0.488768097,0.1650120187050248,0.5099594436146621,-0.1083462592975954,0.0802693399021333,0.5095821480694168,-0.08167312899620947
-0.028527409,0.416895844,-0.488699188,0.16500142190235992,0.5096392818601687,-0.10836881630838764,0.08025925623828781,0.5094742822901392,-0.08169189788818687
-0.028467798,0.41698486300000004,-0.488731689,0.16500457760359905,0.50977149667156,-0.10838313073030333,0.08026248227401718,0.5095503864194534,-0.08170639494607224
-0.028359764,0.416996368,-0.48874600199999996,0.1650022613553704,0.509942961487578,-0.10838038420948362,0.08026231909656596,0.5095900624266634,-0.0816982274203391
-0.028384317,0.416916534,-0.48870974699999997,0.1649896639101896,0.5099347316001774,-0.10836771183980755,0.0802499663897048,0.5095953561904245,-0.08168460236656222
-0.028500440999999998,0.416930145,-0.488699646,0.16496768821273194,0.5096920012343282,-0.10834288413750238,0.08022695562100765,0.5094449364581273,-0.0816620475406594
-0.028343111,0.41690863,-0.488697754,0.16496024096252646,0.5098560413007973,-0.108302514623678,0.08021543704691309,0.5095138970235462,-0.08163566274178186
-0.02831245,0.41705838,-0.48874502599999997,0.16497706234452647,0.5099626938213633,-0.10833222629600203,0.08023702080837193,0.5095358638280817,-0.0816514650755862
-0.028439072,0.41684912100000004,-0.488683105,0.16496901915318338,0.5097952930012496,-0.10834080565054126,0.08023120136041309,0.509458221362001,-0.08165169811352394
-0.028359891999999998,0.416975983,-0.4887052,0.164933437127718,0.5097577563310649,-0.10826443359883768,0.08018591037171202,0.5094330274919708,-0.08160601836810207
-0.028288208000000002,0.41688269,-0.488683716,0.16494333964694036,0.5098693649866617,-0.10826159183195119,0.0801978547708969,0.5094678699110109,-0.08159773169277185
-0.028368383,0.41692379799999996,-0.488690521,0.16496370785256737,0.5099025558517828,-0.10831754808716096,0.08022655646498268,0.5094823190568097,-0.08162750465432049
-0.028377539,0.416924591,-0.48867984000000003,0.1649491685499171,0.5097591896659879,-0.10826892174702579,0.08020618536299944,0.5094065097794874,-0.08159642167349215
-0.028325018,0.416868988,-0.48865976,0.1649395713463017,0.5098169753731683,-0.10824496607668277,0.08019448507571844,0.5094400597612032,-0.08157948032625877
-0.028362192,0.417020721,-0.48870849600000005,0.16497223360106647,0.5099569199483741,-0.10832630912715092,0.08023638843524258,0.5095175450007542,-0.08163242712429997
-0.028421033999999998,0.416974426,-0.48870007299999996,0.1649407263008818,0.5098090750491695,-0.10830698305632205,0.08019600212681817,0.5095168153234607,-0.08163928440031111
-0.02848151,0.416881744,-0.48866821299999996,0.16491911635220738,0.5095510948272554,-0.10825457703059084,0.0801639868173132,0.5094398623028034,-0.08161859596095457
-0.02835079,0.41681555200000003,-0.488669464,0.16491286185902385,0.5097942475767302,-0.10826169813999428,0.08016169066129727,0.5095058940227152,-0.08161445296277703
-0.02832633,0.41702596999999997,-0.488736206,0.1649256887067412,0.5101024518817179,-0.10834644394806356,0.08019067090294159,0.5095801943782652,-0.08165142854100582
-0.028368511000000003,0.41676004,-0.488649017,0.1648819660019728,0.5098224650550576,-0.10825503246683342,0.08013425175946702,0.5094769849915093,-0.08159747412235123
-0.028402937000000003,0.416892303,-0.48867272900000003,0.16485244369424865,0.5095649287674491,-0.10818608330303937,0.08009477292479435,0.5093412855642689,-0.08155889659194161
-0.02837808,0.41695428500000004,-0.48870105,0.16489583532338617,0.5099837416078605,-0.10831090929384055,0.08015568842100344,0.5095517069296666,-0.08163056649820487
-0.02835479,0.416867859,-0.488672211,0.16485978045520264,0.5098675083834406,-0.10824463541431004,0.08011466198718264,0.5094448490133674,-0.08157993782383761
-0.028337271,0.416821014,-0.48865096999999996,0.16486080854284,0.5097788062471776,-0.1082047895629687,0.0801107842856774,0.5094065372424625,-0.0815549369012432
-0.028365656000000003,0.416807129,-0.48861795,0.16486480354749475,0.5097982911930469,-0.10819636998029648,0.08011837494603691,0.5094094451885811,-0.081535321974338
-0.028415253,0.41686517300000003,-0.48862207,0.16488669493453295,0.5098443106343588,-0.10823387068629454,0.08014891901064121,0.5094030337931525,-0.08154614974735092
-0.028278643,0.416733246,-0.48860186800000005,0.16489124581488082,0.5098433531372971,-0.10817862042992203,0.08014397472120685,0.5094145876875907,-0.08152086273994223
-0.028327051000000002,0.416937073,-0.48864788800000003,0.16490910420839044,0.5097421133542714,-0.10818375290608856,0.08016279768626583,0.5093441687272169,-0.08152245110694344
-0.028398911,0.416793304,-0.488610046,0.16495735086033117,0.5098516346068994,-0.10826881974166583,0.08022288436262297,0.5094230055218363,-0.0815703870695143
-0.028314922,0.41695745799999995,-0.488670532,0.16494283954359845,0.5098325343805998,-0.1082344623666218,0.08020162654163718,0.5093887294807041,-0.08155769909106192
-0.028250150999999998,0.417092224,-0.488728271,0.1649586237149601,0.5099434000152082,-0.10826148693945448,0.08021055915441515,0.509546402933732,-0.08160575980151634
-0.028454498,0.41672259500000003,-0.488622375,0.1649086616944425,0.5094048180319973,-0.10819282923039782,0.08015087094396432,0.5092950576193008,-0.08156531146318621
-0.028351433,0.416899933,-0.488680725,0.16494511142428114,0.5098425951717733,-0.10828086597046155,0.0802044150306912,0.5094347283581832,-0.08160188806490862
-0.028169542,0.41691507,-0.488675903,0.1649321451522298,0.5101548424318535,-0.10824978856586222,0.08019399887534914,0.5095413943479903,-0.08156664614036106
-0.028353645,0.416750854,-0.48860461400000005,0.1649241282981878,0.5096761708786791,-0.1081909797549476,0.08017739611378688,0.509334418773326,-0.08153025147800225
-0.028460756,0.41676138300000004,-0.488602814,0.16496384900978642,0.5096010385158984,-0.10824289783093968,0.08022330816118743,0.5093123639515255,-0.08156186999511573
-0.028305964,0.41692730699999997,-0.488653229,0.16492807291372458,0.509954604445113,-0.10824230092915571,0.08019235378253203,0.50942108898934,-0.08154973441202759
-0.028203245,0.41701413000000004,-0.488691559,0.1649317815881445,0.5100987172204229,-0.10824436632480439,0.08019300061399495,0.5095153520532633,-0.08156256490904434
-0.028480577,0.41677182,-0.48860791,0.16489013368756186,0.5094003776782832,-0.10816913195776959,0.08013627064644861,0.5092364179338581,-0.08152939360500744
-0.028446907,0.41683139,-0.488619202,0.16492917601524348,0.5096067044038415,-0.10821891698093328,0.08018424924805138,0.5093277502737993,-0.08155171963082206
-0.028220285,0.416940094,-0.48866781600000003,0.16494864246737728,0.5101714376700316,-0.1082737738460504,0.08021750292291412,0.5095260368818691,-0.0815691433110186
-0.028254707,0.41681741299999997,-0.48862295499999997,0.16493378003457262,0.5099415477371506,-0.10821258540633738,0.08019259330546509,0.5094465386018067,-0.08153663968005333
-0.028472276999999997,0.416833862,-0.48860916099999996,0.1649165224116818,0.5093745290189906,-0.10815818847209886,0.08016365541301061,0.509208416086642,-0.08151529477241866
-0.028294189,0.416848633,-0.48864178500000005,0.1649378541680978,0.5097701423345693,-0.1082039899747092,0.08018977475868173,0.5094015381433644,-0.0815479023011826
-0.028208258,0.416939423,-0.48867095899999996,0.16493782588745562,0.5100417045677732,-0.10823370959682677,0.08019918906528235,0.5094683108940253,-0.08155123422612844
-0.028341635,0.41690859999999996,-0.488659668,0.16499345581678035,0.5098438700457982,-0.10827759228136279,0.08025780771367286,0.5094023066843539,-0.08158312084929707
-0.028429272000000002,0.416751892,-0.48861325099999997,0.16498298930859193,0.5095210374942362,-0.10822985479637566,0.08023875744979105,0.5092683903248758,-0.08156018703011318
-0.028303452,0.41686843900000004,-0.488634094,0.16497110809172505,0.509893354309439,-0.10824317029037865,0.08023528842440993,0.5094007741310025,-0.08155013612846164
-0.02819873,0.41688140900000004,-0.48863491800000003,0.164979920370502,0.5100885502673422,-0.10823988235226921,0.08024557533662396,0.5094948039497724,-0.08154422578264564
-0.028392842999999997,0.4168125,-0.488610168,0.16499407807422595,0.509557425234007,-0.10820798229596551,0.0802513712560124,0.5092552152018197,-0.08153398460323211
-0.028351216999999998,0.416810303,-0.488618622,0.16500091875070858,0.509669634209289,-0.10822666428317297,0.08025921496631364,0.5093259072703005,-0.08154998281409809
-0.028172276,0.416990387,-0.488676239,0.16496118548926153,0.5100192456066733,-0.10821462095272204,0.08022099174634024,0.5094500046139406,-0.08153700164743997
-0.028279343000000002,0.416910858,-0.488654358,0.16498492179065263,0.5098982179215239,-0.10824902136893928,0.08024544200942457,0.5094442672086079,-0.0815669236656048
-0.028394993,0.416694946,-0.488597992,0.16495139566196637,0.509447867903842,-0.10817715298442647,0.08019776893724968,0.5092640123340452,-0.0815367926859987
-0.028309657999999998,0.416946808,-0.488672058,0.1649759613885966,0.5098004108751972,-0.10824489932399421,0.0802356327881071,0.509370223075382,-0.0815651037882119
-0.028172709,0.41697000100000003,-0.488671783,0.16501397932566372,0.5101648552531408,-0.10827781895464893,0.080281625376231,0.5095506178574438,-0.08157630683823539
-0.028309244,0.416813751,-0.488618805,0.16497916851723357,0.5095359787127133,-0.10816102368622955,0.08022669280149285,0.5092737242682587,-0.08151765818274356
-0.028298061,0.416790771,-0.48862243699999997,0.1650187061095539,0.5095874521795156,-0.10819721595910335,0.08026885636298153,0.5093211104912472,-0.08154553922513952
-0.028225031,0.416963562,-0.488662933,0.16502313003465682,0.5100034108022364,-0.10826224940542829,0.08028858899797094,0.5094681742244619,-0.08156597775934983
-0.028150929999999998,0.41688061499999995,-0.488660706,0.16503007040755152,0.5099942860823774,-0.10824397315726929,0.08028975691339828,0.5094790085522746,-0.08156563736448044
-0.028307434,0.416800568,-0.488625885,0.16498259396580645,0.5094756603297366,-0.10815744000319119,0.08022782439489977,0.5092452209508175,-0.08152107810130309
-0.028324148,0.416936035,-0.48866323899999997,0.16502359629419555,0.5097470356857222,-0.10825725427355218,0.08028466150075639,0.5093559466658837,-0.08157243045653906
-0.028130534999999998,0.416901886,-0.488666626,0.1650010100942049,0.509991591415808,-0.10821891826244462,0.08025941454744004,0.5094442029676299,-0.08154529472216564
-0.028201315,0.416926178,-0.488666626,0.16502453167309436,0.509754460909889,-0.1082029255539461,0.08027821841349694,0.5093479605457027,-0.08154177424622304
-0.028334957,0.41678775,-0.488621796,0.16504227704257673,0.5095893375644507,-0.10822850480364195,0.08029738548288112,0.509312884496109,-0.08156116952375998
-0.028273615,0.41692022700000003,-0.488664978,0.16507214779252494,0.5098323327605937,-0.10828266781596153,0.08033797891322599,0.5093788435707759,-0.08158370127074932
-0.02818158,0.416921021,-0.488657654,0.16508512257894292,0.5100801326581602,-0.10829558060550125,0.08035650894500969,0.5094892196665495,-0.08158167605747206
-0.028271954000000002,0.41693145800000003,-0.488649048,0.16507771246267777,0.5097520553006955,-0.10824638175914594,0.08033985963960942,0.5093481632448342,-0.08155831302354016
-0.028314371,0.416840973,-0.488625641,0.1650780176925065,0.5096467398931296,-0.10824107386455245,0.08033913069319666,0.5092993509059621,-0.08155549360661166
-0.028243888999999998,0.416931213,-0.488636841,0.1650802404488212,0.5100012349732281,-0.10828214171209129,0.08035432997795473,0.5094224233354081,-0.08155940018612051
-0.028197406999999997,0.416999603,-0.488660461,0.1650787815692384,0.5100362500672387,-0.10827323392439024,0.08034982981228693,0.5094505899456614,-0.08156028614464503
-0.028377995,0.416826019,-0.488604553,0.16505605803492066,0.509529396069635,-0.10821620368576851,0.08031431613649061,0.5092581591262502,-0.08153880776274763
-0.02834865,0.416897034,-0.488627411,0.16506456375229278,0.5096736409839402,-0.10824631889604894,0.08032672893904118,0.5093300693604251,-0.08155734828280117
-0.028163233000000003,0.41692663599999996,-0.488639709,0.16504451852081356,0.5099684386927816,-0.10821897745190688,0.08030828345062842,0.5094174729005693,-0.08152840335693208
-0.02823325,0.417004456,-0.488669922,0.1651012533473912,0.509889941276976,-0.10827538769658042,0.08036995777598399,0.5093831433065528,-0.08156826225595683
-0.028356489,0.41680978399999996,-0.488610138,0.16510629269974939,0.5096270034497422,-0.10826416239587894,0.08037125524371815,0.5092960600586912,-0.08156615223612926
-0.028267723,0.416958984,-0.48865155,0.16510123238509145,0.509827908548757,-0.10827048418037617,0.08037027397185795,0.5093491262482073,-0.08156177218266317
-0.028104101,0.417101105,-0.488706818,0.16507324824921585,0.5100914504355172,-0.10825806628636007,0.08033881564213005,0.5094824395107483,-0.08156303155811986
-0.028272022,0.416913513,-0.48866748,0.16504382869825945,0.5097427687156529,-0.1082497406137781,0.0802976128414019,0.5094252187972105,-0.08158707190478702
-0.028435438,0.41667276,-0.488603546,0.16500707272152304,0.5092885922129569,-0.10819817280333757,0.08025328508412181,0.5091973500631946,-0.08155784625358223
-0.028221201,0.41692053199999995,-0.48864859,0.16505866566975677,0.5099963147147871,-0.10827280593930567,0.08032883214256156,0.5094291626347217,-0.08156225574532681
-0.028168499,0.416939606,-0.488621124,0.1650763994497618,0.510220531991227,-0.10827782728373381,0.08035733502229184,0.5094871475868323,-0.08153718195601618
-0.028469190999999998,0.416718536,-0.488538391,0.1650814876814551,0.5095562140767873,-0.10824213069903908,0.08035231720101503,0.5092310934266672,-0.08152543537658966
-0.028500118,0.416951599,-0.48859286500000004,0.16508718617281756,0.5094484961043865,-0.10823221380590149,0.08035729914828538,0.50914684151296,-0.08151751575387987
-0.028254984,0.41684707600000004,-0.488555603,0.16510618607709177,0.5101685709694731,-0.1082813575261344,0.08039271737113092,0.5094729300010592,-0.08152198260554894
-0.028289986,0.41684970099999996,-0.48855423000000003,0.16508610541271967,0.5099702007263619,-0.10823830200290797,0.08036528526776959,0.5093751036046945,-0.08149978416672252
-0.028460495000000002,0.416775177,-0.488540894,0.16507224127379622,0.5094059387995857,-0.10818505107597866,0.08033620341169916,0.5091473259732026,-0.08148941754664492
-0.028403403999999997,0.41686471599999997,-0.48856897,0.16512500767714658,0.5097468702303508,-0.10827223771468653,0.08040253516489086,0.509307269518462,-0.0815359469226305
-0.028230633,0.41683078,-0.488572906,0.16512578867828454,0.5101465914544525,-0.10829485139258031,0.08041139627435702,0.5094585370111576,-0.08153820467798528
-0.028291889,0.41687029999999997,-0.488590057,0.16511666464603564,0.5098572374608108,-0.10825795721634375,0.08039082769887118,0.5093539655158357,-0.0815334532238445
-0.028463982000000002,0.41684433000000004,-0.48857797199999997,0.1650963366885535,0.509431676739588,-0.10822559388130583,0.08036126029049781,0.5091842050566914,-0.08152680311702142
-0.028272226,0.416723419,-0.48854504400000004,0.16508735343665262,0.5098149925626374,-0.1082136394863179,0.08035561988764417,0.509353484426233,-0.0815070825627256
-0.028257093,0.41697216800000003,-0.48860907,0.1651068100048111,0.5100934626371068,-0.10828713954174692,0.08039034554260592,0.5094270336326036,-0.08153650657542096
-0.028409622,0.416822021,-0.488566132,0.16514598335479969,0.5098026298167544,-0.10830730000863138,0.08042709512199575,0.509346408863638,-0.08155993225528385
-0.028434715,0.416817963,-0.488567657,0.16511122682964113,0.5095237945957404,-0.10823682407022471,0.08037923925244633,0.5092251895010129,-0.0815287548979931
-0.028308432,0.41682113600000004,-0.48856189,0.16508940110310505,0.5099662927747904,-0.10826305591283057,0.0803681362108865,0.5094001458118933,-0.08152531862314698
-0.028289791,0.416929596,-0.488582733,0.16509731625906424,0.5100441856956633,-0.10827095929398314,0.08037947262276768,0.5094184302938773,-0.08152371191249835
-0.02840062,0.416703339,-0.48852496300000003,0.1651010503358887,0.509574767358494,-0.10821200416279277,0.08036837242614298,0.5092529547138459,-0.08150639476030518
-0.028377487,0.416874054,-0.48858029199999997,0.1650954789327523,0.5096183837820063,-0.10822171639783516,0.08036222061944438,0.509267058981804,-0.08151832056157127
-0.028260944,0.416993805,-0.488622711,0.16510671420837555,0.5100679083376187,-0.10829113811320377,0.08038586228791558,0.5094618291653272,-0.08155296763350174
-0.028300475999999998,0.416778229,-0.488562164,0.16512729135398652,0.509861845016073,-0.1082634859409493,0.08040241641660997,0.5093707923401543,-0.08153570494797167
-0.028333372,0.416895905,-0.488590698,0.16511938557311676,0.5096254738813198,-0.10821824509353803,0.08038571606640874,0.509258693718376,-0.08151636188404791
-0.02823728,0.416845337,-0.488566467,0.1651082531306989,0.5098995315785793,-0.10821877477961203,0.08037865849157992,0.5093916360666864,-0.0815062743887317
-0.028287075000000002,0.416882843,-0.48856542999999997,0.1651247010333322,0.509985176845662,-0.10826320069840858,0.0804039132633578,0.509422975738966,-0.0815238683910419
-0.028335560000000003,0.41680902099999995,-0.488565735,0.16512019744891562,0.5097320458634488,-0.108242022029417,0.08039100051042532,0.5093182003778962,-0.08152663768320526
-0.028351669,0.41695825200000003,-0.48860424799999996,0.16510127450178028,0.5097084463850136,-0.10823691846225375,0.08037057840128671,0.5093009248618802,-0.081526192017112
-0.02827739,0.416799133,-0.488545166,0.16505308092225324,0.5098763692083904,-0.10819545533831888,0.08032121011008916,0.509387121338917,-0.0814898276938286
-0.028342369000000003,0.416784424,-0.488546234,0.16505172939723103,0.5097671223922374,-0.10820574734040514,0.08032133533413402,0.5093132200965568,-0.08149481067933925
-0.028377573000000003,0.416894623,-0.488574921,0.1650638900977295,0.5097012143617783,-0.10821550907220921,0.08033336203895673,0.5092838272844201,-0.08150440191428004
-0.028288281999999998,0.416683136,-0.488516022,0.16501630843454432,0.5097404096684944,-0.10814827307541366,0.08027800098804291,0.5093147408807901,-0.08146198633711725
-0.028338354,0.416831848,-0.48855508400000003,0.16502946031557278,0.5098044604462295,-0.1081987681468534,0.08030044658735816,0.5093045825163556,-0.08148427400242975
-0.028322872,0.416853058,-0.488567444,0.16502217003105552,0.5097921275739544,-0.10819135464056853,0.08028989612479918,0.5093131667921594,-0.08148681948382301
-0.028279046999999998,0.416767181,-0.488554657,0.1650321019841267,0.5097222847544358,-0.1081652596029694,0.08029280367208505,0.509309989447637,-0.08148190942245395
-0.0283183,0.416798462,-0.488564667,0.16500710626427229,0.5097531056010041,-0.10818240293738415,0.08027068023696424,0.5093142898206836,-0.08149035566628306
-0.028317827,0.41697000100000003,-0.48861663800000005,0.16498739564975476,0.5098711475704653,-0.10821104767585814,0.08025297815499483,0.5093803853515273,-0.08151352930876288
-0.028237711000000002,0.41681842,-0.488589691,0.16496651724414185,0.5097015612913703,-0.10812840053792137,0.080215157302986,0.5093493309353714,-0.08148252347233818
-0.028242647000000003,0.416895844,-0.488629761,0.16494962009400677,0.5096085210341789,-0.10812082189360887,0.08019352445550432,0.5093004736651623,-0.0814894644060779
-0.028298733,0.416895569,-0.48863092,0.1649309616949167,0.5098055725618429,-0.10818912206780021,0.08018812487788682,0.5093593561793563,-0.08151755777480373
-0.028173399,0.416900818,-0.488622559,0.16491804098956225,0.5099227552990867,-0.1081379203199093,0.08016957030270835,0.5094273363986085,-0.0814851321159387
-0.028173443,0.41682016,-0.488603088,0.1648877483447113,0.5096096912277497,-0.10804635822277958,0.08012206982394907,0.5093130236801701,-0.08144538876724647
-0.028367795999999997,0.416783752,-0.488589539,0.1649039451689877,0.5096233360852598,-0.1081519081325726,0.08015331527689556,0.5093256041627919,-0.08150304453036318
-0.028288893000000002,0.41699822999999997,-0.488661499,0.16491091337166214,0.509920789677632,-0.10820758850814247,0.08016915379081084,0.5094307929728937,-0.08153337007416121
-0.028126822,0.41687857100000003,-0.48865683,0.16490107132679524,0.5098414649913592,-0.1081255198214447,0.0801433831009888,0.5094091066857923,-0.08150095981370367
-0.028299028,0.416903748,-0.488640472,0.1648650498441553,0.5095334780087095,-0.10809702187009981,0.08010280193227942,0.5092803614685271,-0.0814846731643583
-0.028341877,0.41679187,-0.488602478,0.1648783756254683,0.5097060307616418,-0.10815689977238128,0.08012754615704526,0.5093644607848766,-0.08150919673706432
-0.028120497,0.41694577,-0.488643005,0.1648907892976673,0.5099249727271905,-0.10810725568126242,0.08013468936543205,0.5094549068935859,-0.08147827888750947
-0.028166748,0.41684301799999995,-0.488622253,0.16490932546237577,0.5097249884100676,-0.10809562486902177,0.08014923226783031,0.5093692828057826,-0.08147758741566594
-0.028394024,0.416832031,-0.48860022,0.16491478889330777,0.5096057258669312,-0.1081653508224299,0.08016709489867765,0.5092984860781976,-0.08150725994933919
-0.028262686,0.416945984,-0.488626312,0.16490844819498493,0.5099040108579994,-0.10816650670628986,0.08016430408549954,0.5094217587315264,-0.08149972372201353
-0.028103989,0.416855042,-0.488619171,0.16488921670598,0.5098452948367429,-0.10807695163882948,0.08013015017489851,0.5094000134670817,-0.0814569928113869
-0.028332214,0.416893097,-0.488620819,0.1649105151340088,0.5096385382743875,-0.10814548990848522,0.08015883802691502,0.5093199939133569,-0.0815001976466583
-0.028369308,0.416823792,-0.48860995500000004,0.16491104780547153,0.5097444072095166,-0.10819648439672006,0.08016673641224813,0.5093702853630008,-0.08152849680812324
-0.028135061,0.416940674,-0.488658356,0.16488445969401067,0.5098934587591745,-0.10812032935324538,0.0801295379012025,0.5094130724282943,-0.08148778716213496
-0.028212082,0.416836456,-0.488623993,0.1648806847685897,0.5097719126085187,-0.10811889498651181,0.08012471603970722,0.5093776955584283,-0.08148826975090555
-0.028414469,0.416814026,-0.48860366800000005,0.16490059928758222,0.5096204429124842,-0.10817995864361564,0.08015270933240035,0.5093246599269735,-0.08152236116629098
-0.028218741999999998,0.416878937,-0.488630432,0.16487957412713272,0.5097388673973485,-0.10810971124605373,0.08012245175533945,0.5093613674689834,-0.08148251567929993
-0.028085009,0.41691095,-0.488642578,0.16486768420117273,0.509848680349941,-0.10806698530985784,0.08010550239619503,0.5094037139603896,-0.08145694240750083
-0.028313786,0.416865051,-0.48861203000000003,0.16488846588944567,0.5096883292486053,-0.10813512640706671,0.08013615743034518,0.5093435281290097,-0.08149216925635597
-0.028324553000000002,0.416857178,-0.488608459,0.16490610811743528,0.5096416354978232,-0.10813651346578484,0.08015307395065514,0.5093332129238893,-0.08149541893621103
-0.028117363,0.417016449,-0.488677429,0.1648861760607653,0.5097247446527193,-0.10807166036948553,0.08012277552875048,0.5093316269728733,-0.08146468325008659
-0.028129875,0.416927887,-0.48866272,0.1649216259809291,0.5099123373426088,-0.10814865291294666,0.08016702623169111,0.5094611731649693,-0.08151457483758447
-0.028224812,0.41687951700000003,-0.4886409,0.16486559387991684,0.5095552360534169,-0.10807125914211661,0.08009895279318242,0.5092942838950963,-0.08147298277809216
-0.028217571,0.416868256,-0.48862393200000004,0.16488460703445446,0.5095998559138576,-0.1080738768122452,0.08012230287109583,0.5092917726115438,-0.08146228685053268
-0.028133451,0.416979065,-0.48864779700000005,0.1649178384999134,0.5099091237012799,-0.10812033531052555,0.08016612969179018,0.5094132491137602,-0.08147785409743756
-0.02819891,0.41685308800000004,-0.488610321,0.16491852687679398,0.5097670609862025,-0.10811249645208755,0.08016515498200741,0.5093589603155273,-0.08147381688646715
-0.028350722999999998,0.416933411,-0.488626434,0.16494044719537732,0.5095437762493153,-0.10814280878003439,0.08019014928733816,0.5092448757847257,-0.08149290248181108
-0.028282537,0.416925842,-0.488619202,0.1649809853479746,0.509779682973911,-0.10818087528503463,0.08023958764266304,0.5093427117716963,-0.08150458592890675
-0.028128956,0.41693716399999997,-0.488629211,0.16495894192453978,0.5099058538450032,-0.10812976070969631,0.08021153673444739,0.5093883177641875,-0.08147400499644442
-0.028257298,0.41692627,-0.48862408399999996,0.16497799471457592,0.5097121293040074,-0.10815483261381195,0.08023167622395354,0.5093121502777718,-0.08149359930104538
-0.02835606,0.416932068,-0.48861694299999997,0.1649682496850181,0.5095880453289557,-0.10816126038024407,0.08022192133818797,0.5092685196425405,-0.08149897282346877
-0.028183369,0.416886017,-0.488607452,0.16496587354293812,0.5097713763688506,-0.10811878540446809,0.08021650033595959,0.5093361406029348,-0.0814678163124156
-0.028159037,0.41693420400000003,-0.488620148,0.16497686847138188,0.5098617755577914,-0.10813501852743031,0.08023164914225783,0.5093578398081627,-0.08147205372019051
-0.028315243,0.41696423299999996,-0.488614685,0.16496868034271467,0.5096577398169455,-0.10814762458758832,0.0802223050065506,0.5093008059013036,-0.08148596094378939
-0.028334263,0.416814148,-0.488572479,0.16498531824771917,0.5095095897469251,-0.10812400696576231,0.08023539988591537,0.5092400169391648,-0.08147258090894285
-0.028232519,0.416985046,-0.488619934,0.16501358111511583,0.5097918497550257,-0.10816128019552684,0.080274478257984,0.5093020112074816,-0.08147862013587429
-0.028224384,0.41696612499999997,-0.48860437,0.1650344156361371,0.5100115760966216,-0.10821046142487205,0.0803056242792986,0.5094074834989789,-0.08149741536052357
-0.028384701,0.416912262,-0.48857962,0.16503030980853975,0.5096177953582723,-0.10818211348040153,0.08029393269707086,0.509250162285565,-0.08148883562548105
-0.028336201,0.416879883,-0.488576782,0.16502007589565662,0.5095549172888041,-0.10814198667725827,0.0802762131896597,0.5092334824248825,-0.08147188626521239
-0.028272870999999998,0.416982361,-0.48860049400000005,0.16504369164495988,0.5099318624725929,-0.10821247884866687,0.0803150010502053,0.5093757158109511,-0.08149807199239768
-0.028326267000000002,0.416933716,-0.488586548,0.16505853875828028,0.509922654512608,-0.10824286196884231,0.08033418694547038,0.5093755995644196,-0.08151451028984633
-0.028352413,0.416854675,-0.488572906,0.16501746057203973,0.5095512577642991,-0.10815027151804384,0.08027379711198737,0.5092422118628571,-0.08147939157955301
-0.028290265999999998,0.41698391700000004,-0.488619751,0.16504374973798844,0.5096524168222141,-0.10817205053781988,0.08030068942783619,0.5092965421317255,-0.08149983793429248
-0.028204515,0.416866974,-0.488590668,0.1650457870980846,0.5098733447741536,-0.10818288545335326,0.08030846811835547,0.5093766249680814,-0.08149468798227827
-0.02825317,0.416944611,-0.48860788000000005,0.16504534239804905,0.5098418563641628,-0.10819792719107443,0.080309816532891,0.5093597648210868,-0.08150376890143315
-0.028291397,0.416928497,-0.488601501,0.1650493075624752,0.5096333536131828,-0.108166057320981,0.08030575632241224,0.5092938105120302,-0.0814951916357715
-0.028276203,0.416929291,-0.488603241,0.16506052602707302,0.5096515123116881,-0.10817000878733478,0.08031789460851113,0.5092959815795365,-0.08149642895917032
-0.028256215999999997,0.416984009,-0.488608826,0.16510496461370425,0.5099502744229816,-0.10824758637033517,0.08037803659221542,0.5094143597470296,-0.08152717645217059
-0.028268169,0.41699386600000005,-0.48860330199999996,0.1650952068719431,0.5098318964998408,-0.10821185854739888,0.08036342698770761,0.5093569834074777,-0.08150568364537736
-0.028341572,0.416938141,-0.488574036,0.1650888673190305,0.5095770197645577,-0.10816813623800943,0.08035022649552101,0.509252747137961,-0.08148148336918581
-0.02824645,0.41699176,-0.48859793100000004,0.1651079308998893,0.5097998122594027,-0.10819460016511687,0.08037130081179766,0.5093823741095038,-0.08150285782037411
-0.028166637,0.417032593,-0.48864065599999995,0.1650919183361508,0.5098715762123475,-0.10819618006018737,0.08035152545589014,0.509414447283424,-0.08151703670185191
-0.028222397,0.416937225,-0.488617157,0.16504048501490437,0.5096796040235457,-0.1081513177240103,0.0802915595480703,0.509341545427954,-0.08149751515671892
-0.028310593000000002,0.416934723,-0.48860632299999995,0.1650404470435904,0.5096093788111479,-0.108168773891103,0.08029645609058034,0.5092844744463556,-0.0814991230271885
-0.028250381,0.41699813799999996,-0.48860083,0.16506883361694868,0.5098334768551578,-0.10818628452733885,0.08033433374806445,0.5093530360235934,-0.08148883986927047
-0.028296881,0.41702984600000004,-0.488598541,0.16508183194839313,0.5098314830767898,-0.10820601370493346,0.0803520657295555,0.5093408587594019,-0.08149373474986277
-0.02836031,0.416871979,-0.488555969,0.1650818464235582,0.5096477586298269,-0.10818939302372081,0.08034654890894201,0.5092968719026957,-0.0814924629322777
-0.02835079,0.417029388,-0.488603241,0.16509363042631162,0.5096443427439266,-0.1081986252927955,0.0803584196228963,0.5092832029179746,-0.0815015567117681
-0.028255844,0.41695797700000004,-0.48859027099999996,0.16510992168634295,0.5098882273763411,-0.1082225613910453,0.08037979182054573,0.5093989852256793,-0.08151141057839106
-0.028316717,0.41696215799999997,-0.488582672,0.16508901187546632,0.5097924100932868,-0.10821086228996955,0.08035815936947552,0.5093457771028149,-0.0815012573645302
-0.028333601,0.416941528,-0.488578369,0.16504974523489654,0.5096132265625597,-0.10815652029495862,0.08030900226691953,0.5092739706229464,-0.08147672964105919
-0.028284422,0.416914581,-0.488578186,0.16505905854401387,0.5096928885641167,-0.10816205928571111,0.08031985157677357,0.5092991229347397,-0.08147813914856601
-0.02829245,0.41696597300000005,-0.48858898900000003,0.16505505572844448,0.5098562822790382,-0.10820224138874192,0.08032474076924948,0.5093488766806397,-0.08149201658310744
-0.028304222,0.41690438799999996,-0.488580688,0.16501573673287367,0.5097331253397773,-0.10816490971647522,0.08027849230324445,0.5092916376338329,-0.08147550474424002
-0.028291002,0.416943237,-0.48859738199999997,0.16499973440997812,0.5096340755503631,-0.10813313275369302,0.08025425616521997,0.5092709384863702,-0.08146870155343715
-0.028271254,0.416940369,-0.488615448,0.16499611096294703,0.5096863689290406,-0.1081527685883675,0.08025108025551365,0.5092972782221259,-0.08148728112777207
-0.028318722,0.416939423,-0.488620453,0.16498033800153297,0.5097740887762388,-0.10819550176733571,0.08024150263839556,0.509334782343169,-0.08151111243855104
-0.028292368,0.416872955,-0.488593933,0.16497628235803627,0.509715408406147,-0.10815543215926265,0.08023343973223579,0.5093032158841041,-0.08148333880840658
-0.02829137,0.41687142899999996,-0.488593231,0.16496989735825998,0.5096413953423311,-0.10813329727299231,0.08022457151365021,0.5092520982105301,-0.0814687508128087
-0.028358307,0.41689740000000003,-0.48858606,0.16501357590487276,0.5097790262005235,-0.10820958372444539,0.08028209568163638,0.5093113590855943,-0.08150233022764956
-0.028330310999999997,0.416798645,-0.488556915,0.16497944189420674,0.5097355347986469,-0.108162357680666,0.08024209831715078,0.5092929206870165,-0.08147328615418985
-0.028333563000000003,0.416837341,-0.48856366,0.16499967620284026,0.5096589347801462,-0.10815288776150521,0.08026123912144174,0.5092470409730174,-0.0814667964930801
-0.028353867,0.416849579,-0.48855661,0.1650466660526115,0.509769946639605,-0.10820416241970167,0.0803171591888398,0.5093055422109122,-0.0814905921259001
-0.028392248,0.416825409,-0.488544708,0.16503786649950675,0.5097844413499073,-0.10821675162956194,0.08031133903781085,0.5093100902287194,-0.08149390788138414
-0.028367931,0.416844482,-0.488555664,0.16505060884056263,0.5097420314447397,-0.10820679908682064,0.0803215208224106,0.5092879304077654,-0.0814917232203054
-0.028327335000000002,0.416989624,-0.48860836799999996,0.16505526923061453,0.5097515315627137,-0.10820812854956376,0.08032209566711435,0.5093099541914979,-0.08150580374485464
-0.028280107000000002,0.416866333,-0.488614899,0.16502332546905496,0.5097387531004945,-0.10820138469221945,0.08028163580602032,0.5093469452197222,-0.08152532122079066
-0.028286449,0.416974854,-0.488666534,0.16502300614284915,0.5096993679165082,-0.10822000114819542,0.08028162231856577,0.5092988471579196,-0.08154309553002781
-0.028289518,0.4169039,-0.488623505,0.16501213155204733,0.5097587316038601,-0.10820479119123712,0.0802751999693613,0.5092965316662205,-0.08151474361049958
-0.028234686,0.416940643,-0.488630646,0.16500088038838376,0.5098403235880405,-0.10818930950140429,0.0802623370469345,0.5093387895681408,-0.08150508984465944
-0.028324687999999997,0.416911133,-0.48861819500000003,0.1649840522534996,0.5096627061128434,-0.10817789493396453,0.08024206963654355,0.5092719008296968,-0.08150274739788926
-0.02836112,0.416792267,-0.48856448399999997,0.16494622346869325,0.5095592499100349,-0.1081272314464636,0.08020135211789908,0.509209436794754,-0.08146069336566052
-0.028350548,0.416939453,-0.488580414,0.16498339870899698,0.509818300373177,-0.10818397599329359,0.08025366106825178,0.5092887354836775,-0.08147235000288447
-0.028340494,0.4168526,-0.48854220600000003,0.16500268660789735,0.5098247991290855,-0.10817326669348819,0.0802727460494624,0.5093136680267104,-0.08146192526978831
-0.02842392,0.41687155200000003,-0.488552917,0.16502891439949124,0.5095790673000045,-0.1081751274836567,0.08029442783334796,0.5092225086586691,-0.08147569874443883
-0.028363979,0.41681957999999997,-0.488547333,0.1650416822797427,0.50967932917099,-0.10818268893264797,0.08030825147907043,0.5092711918995839,-0.08148064834754343
-0.028246808999999998,0.416910522,-0.48857663,0.16504481339682472,0.5098963515861021,-0.10818481950058231,0.08031360639417931,0.509353382993201,-0.08147812394169342
-0.028240347,0.416886139,-0.488586639,0.16508177448795294,0.5098077665823121,-0.10819463887580105,0.0803472924400554,0.5093359984263409,-0.08149698299415588
-0.028329384000000003,0.416903076,-0.488603699,0.16509243944669338,0.5096185768807451,-0.10821208579247173,0.08035539269879813,0.5092680793825193,-0.08152070323850967
-0.028264647,0.416957001,-0.48862020899999997,0.165090357019542,0.5097811589328034,-0.10822112460006872,0.08035594571106167,0.5093340670316056,-0.08152281956528486
-0.028189436000000002,0.416873566,-0.488593811,0.16508352893224648,0.5098842729779103,-0.10819860243211463,0.08034947691342405,0.5093644291096144,-0.0815004745292581
-0.028278198,0.416950714,-0.488614502,0.16509458932386212,0.5097528076734155,-0.10821907376765626,0.08036104776468032,0.5093095126660867,-0.08151794519472719
-0.02831749,0.416920807,-0.488606079,0.16510129823109015,0.5096867058685017,-0.10822520979917806,0.08036664471654166,0.5093024811724967,-0.08152669471227494
-0.028284216,0.41697628800000003,-0.48861550899999995,0.16511129239418523,0.5098187977056516,-0.10824149436158143,0.08038188875827113,0.5093425132812847,-0.0815278058228817
-0.02826577,0.41688836700000004,-0.488575348,0.16506520314423465,0.5098755603041025,-0.10820386905847129,0.08033514746038267,0.5093551266294521,-0.08149307245307534
-0.028326578,0.41689599600000005,-0.488573303,0.16503383557376022,0.5097396547795126,-0.10818172741681883,0.0802992304235335,0.5093020344472724,-0.08148388066519516
-0.028301178,0.416869873,-0.488573242,0.16502906532978534,0.5096582175792687,-0.10815283585448054,0.08028801980631865,0.5092781327632427,-0.08147455664056627
-0.028280613,0.416868378,-0.488561981,0.1650198937836194,0.5097760270257538,-0.10815558237171655,0.08028283671767261,0.5093181711335382,-0.08146585831024208
-0.028283131,0.41684729,-0.488548584,0.16501558186005602,0.5098671059742724,-0.10816868609476728,0.08028336841052824,0.509347466252002,-0.0814647197003174
-0.028315788,0.416806396,-0.488541595,0.16499280633058203,0.50973028937538,-0.10814327391336229,0.08025468761425059,0.509296566006011,-0.08145651758837993
-0.028311808,0.41683929399999997,-0.488566589,0.16501736326657965,0.5097112877746539,-0.10816605062323151,0.08027869997631083,0.5093020896424434,-0.0814806361921187
-0.028274794,0.41680139200000005,-0.48856356799999995,0.16499798557174147,0.5097838000922842,-0.10816134698964612,0.08025867079158738,0.5093355950233068,-0.08147862813456516
-0.028298334,0.41681082199999997,-0.488572754,0.16497900734871992,0.5097809341134985,-0.108169845411736,0.08024050082406266,0.5093249846495487,-0.08148469102300993
-0.028255410999999998,0.416771088,-0.488576599,0.16498301408490434,0.5097227358031927,-0.10814940816183957,0.08023879672072091,0.5093076373262496,-0.08148172811126767
-0.028271151,0.416812592,-0.48858551,0.16496919324195414,0.5096836484920966,-0.10813961172939174,0.08022349529874236,0.5092858456141685,-0.081476373447416
-0.028283644,0.416753418,-0.488554962,0.164940558206854,0.5097204361203682,-0.1081243027321525,0.08019643924136384,0.5092908981292901,-0.08145653866070722
-0.028275110000000003,0.41676470899999996,-0.488550354,0.16492056183927523,0.5097307977486132,-0.10810497814034636,0.08017576018096409,0.509282581971387,-0.08143969102012676
-0.028290812,0.416757019,-0.48854534899999996,0.16491733766808056,0.5097020172377983,-0.10810115665104393,0.08017150932185069,0.5092792084504194,-0.08143871765282285
-0.028317711,0.416809998,-0.488564911,0.16491905613752322,0.5096904617671398,-0.10811949235985287,0.08017380071868632,0.5092834600251032,-0.08145498643397327
-0.028233982,0.416945984,-0.48864059400000004,0.16488916621991717,0.5097085913059316,-0.10810873778416266,0.0801359818862453,0.5092929123005957,-0.08146957865778699
-0.028101711,0.416788391,-0.488644287,0.16487073377028533,0.5097762346832552,-0.10809095069330715,0.0801075647444988,0.5093683672585948,-0.08148345807256117
-0.028164204,0.416686035,-0.48860613999999997,0.1648415361880638,0.5095930274538865,-0.10804994139686556,0.08007904187271392,0.5092030577299468,-0.08144003114245305
-0.028182338999999997,0.416751801,-0.48861025999999996,0.1648225268511399,0.5099296199067235,-0.10811983816364608,0.08007689085829403,0.5093214876229194,-0.08146037083988535
-0.028189209000000003,0.416774872,-0.488621918,0.16479605024111335,0.5098750026043141,-0.10810253520230709,0.08004414540707343,0.5093291825614595,-0.08146165401988634
-0.028257076000000002,0.416680817,-0.48861343399999996,0.16480713342250145,0.5095021939503557,-0.10806600159670325,0.08004117760998782,0.5092148295077032,-0.08146581363568901
-0.028229361999999997,0.416684753,-0.48862152099999995,0.16481366606595588,0.5096105233396634,-0.10808882094710845,0.08005156963847768,0.5092534654045666,-0.08147718135945672
-0.028187153,0.41671572900000003,-0.488607391,0.16486447530006346,0.5100538591368169,-0.10817998983008686,0.08012525682228855,0.5094138800019921,-0.08150087587973001
-0.028179192,0.416751373,-0.488615082,0.1648449256252528,0.5098169226139628,-0.10810694965894106,0.08009388190317565,0.5092945961742763,-0.0814628582726284
-0.028228529000000002,0.416616333,-0.488582611,0.16482931763194814,0.509452888892258,-0.10803565327791267,0.08006250355215622,0.5091725854661119,-0.0814381251325289
-0.028252947,0.41676361100000003,-0.488622803,0.1648774427908814,0.5097242678348235,-0.10814295582317834,0.08012651854410384,0.5092975720031746,-0.08149678137585056
-0.028118368,0.41670282,-0.488610077,0.1648950343498948,0.509978989879215,-0.10814808424169751,0.08014914732208338,0.5093894508460903,-0.0814889972676272
-0.02815465,0.41675839200000003,-0.48862075800000004,0.16485410418214258,0.5097099329670293,-0.10807696665851847,0.08009674257820078,0.5092532242528759,-0.08145177344265118
-0.028228157,0.41673077399999997,-0.488617157,0.16483083167600843,0.509517025125901,-0.10805851003341843,0.08006724417894628,0.5091876858110033,-0.08145126265724753
-0.028117376,0.41672488399999996,-0.488628326,0.16483925456364426,0.5097144618733829,-0.10806739472079943,0.080077223180987,0.5092748882773479,-0.08145678304740318
-0.027987019,0.416872986,-0.488716675,0.1648130463437538,0.5098743614571253,-0.10807928291382529,0.08004709750274597,0.5093368400544916,-0.08148295176611697
-0.02799061,0.416644043,-0.488707489,0.16471592950760439,0.5095948179027587,-0.10801038057439348,0.07993138047226171,0.509224566880931,-0.08147054256155672
-0.027951374,0.416629364,-0.488747375,0.16465220527888988,0.5095498690513893,-0.10799077784429437,0.0798596686271753,0.5091891935121705,-0.08147633868340973
-0.027815708,0.416574432,-0.488763275,0.16456184042907526,0.5097473493002419,-0.10795409492444259,0.07976711664357654,0.5092121481059023,-0.08144960057884607
-0.027900949,0.416664063,-0.488786804,0.16449457652723162,0.50973213368761,-0.10796106791691489,0.07970133945626601,0.5091863429588898,-0.08145203356632658
-0.027963253,0.416510834,-0.488758911,0.16445974157612947,0.5093628294129543,-0.1078943111829197,0.07965009955100956,0.5090631017103998,-0.08143387608505072
-0.027848759,0.416559448,-0.488792786,0.1644501404373055,0.5093724998321044,-0.10785602488019243,0.07963198584132065,0.5090685605339903,-0.08142293738501166
-0.027830538000000002,0.416635803,-0.48881011999999996,0.16444045621989795,0.509703100815015,-0.1079213066348126,0.07963701662517245,0.5091788272908044,-0.08144449389481753
-0.027898733,0.41652835099999996,-0.488789307,0.16439669134027263,0.5095994002157842,-0.10791374351068299,0.07959175350831069,0.5091204016485867,-0.08144087206871632
-0.027864634,0.41655721999999995,-0.48882543900000003,0.16437949153079093,0.5093647105612071,-0.10785967783205712,0.07955916003685207,0.5090367981687692,-0.08143386315370872
-0.027742151,0.41652596999999997,-0.48883758499999996,0.16437266770279685,0.5094898659173608,-0.10784472971489793,0.07954776505030316,0.5091093134713521,-0.08143429782664577
-0.027807604,0.416635681,-0.48887051400000003,0.16438195335046835,0.5096773429967784,-0.1079343402570152,0.07957142429929982,0.5091714153790391,-0.08147988804193972
-0.027837479,0.416503723,-0.488838928,0.1643768729901,0.5095639326848064,-0.1079197954402361,0.07956297415567966,0.5091314061468453,-0.08147484643306518
-0.027745765999999998,0.416552246,-0.488856018,0.1643519885136213,0.5094234599696589,-0.10783195627388864,0.07952321882493382,0.5090752064646873,-0.08143350186282317
-0.027740936,0.416549866,-0.488859772,0.16437281330485465,0.5095747612756647,-0.10788126673412518,0.07955191072799186,0.5091401121443148,-0.08145882534669528
-0.027823996,0.416591644,-0.48887204,0.1643956760159268,0.5096649842528597,-0.10795880012521951,0.07958621542855614,0.5091756842033937,-0.08150061003152609
-0.027770527,0.41652218599999996,-0.488862366,0.16437563633000854,0.5095013208680229,-0.1078890366390213,0.07955336483326014,0.5091152437885723,-0.08147023565726164
-0.027715471000000002,0.41652713,-0.488868164,0.16437012036224272,0.5094432669972789,-0.10784892253815787,0.07954151428805178,0.5090835812796961,-0.08145009566294413
-0.027790468000000002,0.416610779,-0.48887753300000003,0.16440148430212598,0.5096387605829144,-0.10793922644558779,0.07958937674600478,0.5091565099133586,-0.08148939300804335
-0.027777449,0.416572144,-0.488862518,0.16439739335361417,0.5096204685363463,-0.1079205479376564,0.07958325225045106,0.5091516002797605,-0.08147699533623944
-0.027710974,0.416555359,-0.488860199,0.16436069754818577,0.5093983622743457,-0.10781611359868742,0.079529762661278,0.5090533425880153,-0.0814245753653359
-0.02772596,0.416518799,-0.488847961,0.16438008692041103,0.5095089923460191,-0.10785710026221278,0.07955598159900938,0.5091100834099541,-0.08144437850208948
-0.02775927,0.416633911,-0.48888534499999997,0.16439880832692558,0.509648398018409,-0.10792665507937028,0.07958475315926923,0.5091594990412218,-0.08148318960108906
-0.027675665,0.41653204299999996,-0.488868652,0.16438180556132098,0.5095387201436882,-0.10785732500838134,0.07955569632613652,0.5091214358590513,-0.08145132363483856
-0.027713346,0.41655798299999997,-0.488877563,0.16437733583631006,0.5094427666619048,-0.10785324329930165,0.07954950401862156,0.509074825316547,-0.0814520423612849
-0.027767435,0.41657132,-0.48888253800000003,0.16440042180670844,0.5096007393440456,-0.10793242678533807,0.07958514531705543,0.5091397820021965,-0.08149237695546992
-0.027737093,0.416610413,-0.488897614,0.16440373345768391,0.5096150279412307,-0.10792781244687308,0.07958776026226591,0.5091356370919016,-0.08149032546302908
-0.027700990999999998,0.41656820699999997,-0.48888504,0.16439673923792247,0.5094779865737156,-0.10787036812417944,0.07957129634663573,0.5090844242933447,-0.08146186211339324
-0.027739466,0.416569946,-0.48888189699999995,0.16442053754844388,0.5094914173644675,-0.10790147954608181,0.07959974651550639,0.5090938685072863,-0.08147809584629602
-0.027740393000000002,0.416641113,-0.488895203,0.16444367038225005,0.5096120105499575,-0.10793898074043415,0.07963016593625798,0.5091378162922566,-0.08149348119724448
-0.027659021,0.416576935,-0.48887744099999997,0.16442868975464858,0.5095487538822513,-0.10787285105599216,0.0796055888578291,0.5091160247327162,-0.0814574361922364
-0.027683773,0.416600464,-0.488885132,0.164432558241944,0.5094497038049913,-0.10786508105069885,0.07960632355738634,0.5090819002239857,-0.08145874710485645
-0.027741125000000002,0.416592407,-0.48888473499999996,0.164455156947784,0.5095116922392295,-0.10792208469984808,0.07963706321970287,0.5091114005501458,-0.08149008542640501
-0.027686401,0.41666162100000004,-0.488904144,0.16444736607730215,0.5095633938858846,-0.10790569068164103,0.07962760587280561,0.509123712176019,-0.08147966560144931
-0.027636339,0.416598969,-0.48888989299999996,0.1644452693785636,0.5094962442531293,-0.10786404445309927,0.07961872317865454,0.5091016139636035,-0.0814590985258211
-0.027698703999999998,0.416588257,-0.488882721,0.16444910695030318,0.5094424935914897,-0.10787976198044674,0.07962462095761536,0.5090812893268875,-0.08146772021445026
-0.027712796999999997,0.416614777,-0.48888284299999996,0.1644616906770149,0.5095192784906791,-0.10790559279143117,0.07964255089792233,0.5091112846644243,-0.08147706822297107
-0.027674883,0.41663729899999996,-0.488888733,0.1644674359453773,0.5095448790283615,-0.10789600848783346,0.07964748480528161,0.5091167892254681,-0.0814704059326288
-0.027705908,0.416609253,-0.488871307,0.16446988206475946,0.5094856882131863,-0.10788787063732361,0.07964921405487539,0.5090989711050787,-0.08146393128437068
-0.027746759,0.41659408600000003,-0.488864075,0.16448165782513155,0.509496397766572,-0.10791349878181483,0.07966511863935141,0.5091046144551132,-0.08147638416850873
-0.027675026,0.416645599,-0.488883331,0.16447120518697336,0.5095273157630283,-0.1078862735055464,0.07965136986929867,0.5090996537055144,-0.0814602922647237
-0.027671434,0.416623718,-0.48888388099999996,0.16447019905172086,0.5095264123870692,-0.10788961921712496,0.07964960792252448,0.5091064500438452,-0.08146594054027968
-0.027720186,0.416636444,-0.488888031,0.16452023581973957,0.5095311721547026,-0.10794166340047855,0.07970510210198972,0.5091306544648626,-0.08150017099340101
-0.027701344,0.416603271,-0.48888265999999997,0.1645394941040741,0.5095505877696749,-0.10794933019280376,0.07972514934745041,0.5091428355781961,-0.08150541776767034
-0.02763768,0.41666186499999996,-0.488903931,0.16450925493029803,0.5095825332398908,-0.1079167263613387,0.07969106507378068,0.5091348026367328,-0.08148579657322903
-0.0276497,0.41664068600000004,-0.488895599,0.16450015991694705,0.5095595287237837,-0.10790942433166975,0.07968123294820528,0.5091250677344071,-0.08148063861962532
-0.02771026,0.416635498,-0.488888031,0.16450556048208306,0.5094833987472777,-0.10791783404115592,0.07968705121375391,0.5091035910533691,-0.08148686594864722
-0.027695993000000002,0.416649628,-0.48889447,0.16451272382857593,0.5095229399904369,-0.10792688295003,0.07969496860330003,0.5091269778316846,-0.08149373226368124
-0.027669108999999997,0.41665332,-0.48890036,0.16451366486770205,0.5095535221859636,-0.10792624125968456,0.07969633713394206,0.5091275350924678,-0.0814921856912834
-0.027677786000000003,0.416659515,-0.48889675899999996,0.16451690725628781,0.5095158938724222,-0.10791796946643581,0.07969944280011808,0.5091006453680436,-0.081484181720462
-0.027655878000000002,0.416638123,-0.48888894699999996,0.1645330197173497,0.5095418831088395,-0.10791878512447146,0.07971533546099585,0.5091273132477638,-0.0814856920040486
-0.027656813,0.416676941,-0.488896088,0.1645358385251199,0.5095640496358964,-0.10792375956046073,0.07971848261088979,0.5091473532841078,-0.08148964632467351
-0.027714663,0.41663287400000004,-0.48887664799999997,0.16452324528760565,0.5095189828529343,-0.10792691025628642,0.07970711564878957,0.5091296519541871,-0.08148844552710767
-0.027722176,0.416644592,-0.488873047,0.16450747752202624,0.5094845951065159,-0.10790790500191497,0.07969017827402612,0.5091006399678225,-0.08147311411150172
-0.027672132000000002,0.41664273100000004,-0.488873016,0.16449340853295327,0.5095204241513056,-0.10788471639723411,0.07967396684307118,0.5091060069707356,-0.08145726074008967
-0.027683285000000002,0.41665863000000003,-0.48887597699999996,0.16449230462075298,0.5095303394690756,-0.1078912875151799,0.07967393954906364,0.5091100774010147,-0.08146046896839663
-0.027736249999999997,0.41664709499999997,-0.488875732,0.16450008914826794,0.509493762405246,-0.10791558769321181,0.07968362953763235,0.5091048696441763,-0.08147817510742698
-0.027712814000000002,0.416641388,-0.48888028,0.16451003917032078,0.5094996301961383,-0.10791615194731599,0.07969315794332704,0.509104156476807,-0.08148018965810559
-0.027652277000000003,0.416687439,-0.488891754,0.16450810129322746,0.509551770573081,-0.1078975936466872,0.0796900748395155,0.5091110915748229,-0.08146602098800651
-0.027670597,0.416668488,-0.48887616,0.16450741045692724,0.5095311071354544,-0.1078904743045581,0.07968969429751702,0.509103336911061,-0.08145769388270219
-0.027700758,0.416679077,-0.48887176499999996,0.1645301446883539,0.5094827152072849,-0.10789839312901324,0.0797133286758237,0.5090905368382244,-0.08146217251568333
-0.027677136999999997,0.41670007299999995,-0.488880219,0.16455745678253508,0.5095429499483916,-0.10791827019034946,0.07974304818071455,0.5091226611792122,-0.08147475882050406
-0.02766654,0.41673010299999996,-0.488890228,0.16455034305297894,0.509580524556471,-0.10792118152270393,0.07973676204715785,0.5091314108417955,-0.08147548968956192
-0.027709141,0.41672204599999996,-0.488889069,0.16453365057628497,0.5095251813851085,-0.10792157374969981,0.07971951268611681,0.5091064010025254,-0.08147717018993109
-0.027713717,0.416718964,-0.488883148,0.1645182772640198,0.5094648061473175,-0.10789625264361109,0.07970033698532425,0.5090858813750905,-0.08146344602778169
-0.027703827,0.41672109999999996,-0.48888504,0.16450196267660522,0.5094714087987059,-0.10788601123460478,0.07968299865701091,0.5090813620365616,-0.08145665163473342
-0.027709898,0.41672970600000003,-0.48888827500000004,0.16449545409379598,0.5094908989681087,-0.10789167528647198,0.07967796174523788,0.5090800388563795,-0.08145790846514904
-0.027683399,0.416713867,-0.48888378899999996,0.16448404940720815,0.509439843696328,-0.10785949803417157,0.07966177799228251,0.5090574427985043,-0.08144064332282505
-0.027674182999999998,0.416729919,-0.488890594,0.1645022536093337,0.5094556792311512,-0.10787078363663977,0.07968053180139985,0.5090743242347702,-0.08145014926504648
-0.027700714,0.416744446,-0.48889151,0.16451551458496605,0.5095008148313689,-0.10789922294233742,0.07969820777600067,0.509097783175571,-0.08146474027572441
-0.027729221,0.41674017300000005,-0.488887177,0.16451113844325374,0.5094895278919299,-0.10790535767538097,0.07969546719624125,0.5090865678841967,-0.0814656266471714
-0.027697496000000002,0.416726135,-0.488875916,0.16449256054732453,0.5094478691737679,-0.10786199569815272,0.07967210484020074,0.5090616028042639,-0.08143736827181351
-0.027699024000000003,0.416716309,-0.488871399,0.16451455109028992,0.5095080359624647,-0.10788638322382786,0.0796982700890955,0.5090901151971953,-0.0814488405609103
-0.027729319,0.41673761000000004,-0.48887597699999996,0.1645121350059118,0.5095249490614138,-0.10790395918342546,0.07969846870317737,0.5090970013833026,-0.08145818992317498
-0.027711796,0.416701721,-0.488866913,0.16447814083897633,0.5094570440314274,-0.10786110790668778,0.07965802742398881,0.509068061342954,-0.08143542162553456
-0.027710993,0.416721985,-0.48888092,0.16449089142207693,0.5094707932733913,-0.1078795558605716,0.07967219287480383,0.5090729319663694,-0.08144946078279366
-0.027714066,0.416745026,-0.488891785,0.1644998746087864,0.5095131690038117,-0.1079012103568686,0.07968395924028819,0.5090887426735079,-0.08146259834361996
-0.027722946000000002,0.41675143400000003,-0.488895172,0.16449323515507136,0.5094945340691014,-0.1078996308458145,0.07967654075786314,0.5090817507855891,-0.08146333374912103
-0.027705677,0.416730591,-0.48888772599999997,0.16448417720824202,0.5094530963426828,-0.10787389130363619,0.07966320622830546,0.5090741043748954,-0.0814508125692738
-0.027716398000000003,0.41671966600000004,-0.488878937,0.16447615886564018,0.5094538692450211,-0.10786931255253802,0.07965523069822958,0.5090777733563776,-0.08144605500554508
-0.0277481,0.416754303,-0.48888208,0.16448729620152647,0.5095111700633491,-0.10789958519548605,0.07967191647022795,0.5090996108080068,-0.08145905148853932
-0.027744879,0.416727844,-0.488863739,0.16448106313455757,0.509484311474877,-0.10787637674279739,0.07966395140862025,0.5090881633004941,-0.08144116409400261
-0.027728214,0.41673236100000005,-0.488855682,0.16454142961242382,0.5095444245135654,-0.1079039130066763,0.07972941112773921,0.5091226136901935,-0.08145276106813117
-0.027723562,0.416731476,-0.488852844,0.164542746182023,0.5095516078093807,-0.1079013573818458,0.07973100422402683,0.5091230967589302,-0.08144942650670708
-0.027704504,0.416726593,-0.48885058600000003,0.16451986836119675,0.5095055658798167,-0.10786791165725845,0.079703724466873,0.5090955283020068,-0.08142980569682032
-0.02769306,0.41672204599999996,-0.48884869400000003,0.164548959594748,0.5094987218960265,-0.10787436468179862,0.07973340849089788,0.5090975872436191,-0.08143422049471008
-0.027691731999999997,0.416736969,-0.48885614,0.16454807842955327,0.5094625248819095,-0.1078682506123746,0.07973069199886197,0.5090820262784284,-0.08143368947410846
-0.027668534999999998,0.416770996,-0.488873291,0.16457718652627262,0.5095273512498282,-0.10789588169172151,0.07976274923113974,0.5091125212693777,-0.08145237615462429
-0.027651015999999997,0.416763794,-0.48887365699999996,0.16459112462378145,0.5095495129126787,-0.10790159106618268,0.07977723443596822,0.5091253343778557,-0.08145647910814097
-0.027652882,0.416757416,-0.488872772,0.16458422595557526,0.5095090288355255,-0.10788986171540142,0.07976808977562204,0.5091096605449259,-0.08145156768637406
-0.027654675,0.41677298,-0.488878937,0.16461335329603258,0.5095580635188994,-0.10791978058138335,0.07980107878195519,0.5091364366470923,-0.08146944664732973
-0.027627457,0.416808472,-0.488886597,0.16468078527871355,0.5096910337480861,-0.10797149495963487,0.0798762862611886,0.5092053253426853,-0.08149734008313822
-0.027603853,0.416795258,-0.488876892,0.1647066809669139,0.5097040154913324,-0.10796933550575767,0.07990236771010119,0.5092197532510065,-0.08149455909846426
-0.02762174,0.416797821,-0.48887146000000004,0.16473101100866566,0.5096919644889111,-0.10798165628704032,0.07992896559613315,0.5092161229131112,-0.08149946394315162
-0.027623829,0.416818604,-0.488867523,0.16474046215501284,0.5097175869754638,-0.10798472772277677,0.07994037966871557,0.5092256735271706,-0.08149654405213272
-0.027614481,0.416838593,-0.488862946,0.16473951384492957,0.5097188875473322,-0.10797039311974896,0.07993877745139667,0.5092247975402568,-0.08148434349220628
-0.027643818,0.416834717,-0.488854523,0.1647535141012479,0.509694229779555,-0.10797879159367517,0.07995446657828033,0.5092174285560608,-0.08148701848419909
-0.027645571,0.416830841,-0.488843994,0.16475331849109462,0.5096772936409288,-0.10796586540474123,0.07995348873769312,0.5092122027320265,-0.08147638811783015
-0.027625811,0.416840454,-0.48884356700000003,0.1647506742796269,0.5096952572340644,-0.10795615750021358,0.07995025868701902,0.5092169707086113,-0.0814687906999111
-0.027627726,0.416836792,-0.488844727,0.16475374511490698,0.5096923069856295,-0.10796000927552228,0.07995348569661506,0.5092167678810665,-0.08147209301463784
-0.027630402000000002,0.416830841,-0.488845825,0.1647261134731028,0.5096121240768213,-0.10793041476657049,0.07992082975439643,0.5091781763756492,-0.08145787455080039
-0.027597748,0.416834808,-0.488847198,0.16474112319329237,0.5096491452405796,-0.10793093066776964,0.07993627186617144,0.5091938748248851,-0.08145736341802587
-0.027594305,0.416837585,-0.48884310900000005,0.16474266469915289,0.5096726530496674,-0.10793093340725546,0.07993922689421029,0.5091968867841585,-0.08145319888148765
-0.027613317,0.416836792,-0.488841614,0.16473451997985541,0.5096588690915039,-0.10793175996465607,0.07993135862220954,0.5091889893860745,-0.08145303492917322
-0.02761224,0.416847168,-0.488842194,0.16473372154351773,0.5096497167923469,-0.10792663471791861,0.07992995705985217,0.5091851879333076,-0.08144974696593175
-0.027621134000000002,0.416849091,-0.488831879,0.16473519280639937,0.5096790249344576,-0.10792822688977002,0.07993350029837094,0.5091972427237017,-0.08144501189671462
-0.027630133,0.416855225,-0.488824066,0.1647407703029548,0.5097101798507029,-0.10793387419963829,0.0799416492504472,0.5092081253519504,-0.08144280301148803
-0.027640421,0.416842987,-0.48881662,0.16473820599479633,0.5096896982569271,-0.10792831961259372,0.07993890284642044,0.509197223911248,-0.08143765149603052
-0.027630585,0.416813782,-0.488805786,0.16468213265113665,0.5096151943701052,-0.10787316495083729,0.07987532430440959,0.5091610109845778,-0.08140584891412851
-0.027626787,0.416804779,-0.488803345,0.16467588029244248,0.5096461269747699,-0.1078753812770973,0.0798694192445958,0.5091798627937925,-0.08140716250539287
-0.027657987999999998,0.416802216,-0.488805267,0.16469263256033898,0.5096795924512123,-0.10791029853595012,0.07989057398415517,0.5092006746789315,-0.08142820379814486
-0.027708452,0.416795013,-0.488804047,0.1646602937941522,0.5096165720462216,-0.10790462575411408,0.07985722875378475,0.509165930742677,-0.08142525784496735
-0.027719197999999997,0.416779449,-0.48879367100000004,0.16463809443672664,0.5096228968666493,-0.107893800269802,0.07983500018556239,0.5091628780166616,-0.08141468716571547
-0.027720355999999998,0.416783051,-0.488795807,0.16459826527245788,0.5095911127925561,-0.10786778641631133,0.0797915481089021,0.5091419301537768,-0.0814000928713333
-0.027736958000000003,0.41676162699999997,-0.488792175,0.16455767809906952,0.5095045248662764,-0.1078361760834203,0.07974577386683096,0.5091011268877309,-0.08138437060126642
-0.027752991,0.416746552,-0.488784912,0.1645432517323174,0.5094736912027427,-0.10782588799092628,0.07973041049335726,0.5090842580749217,-0.08137687769739921
-0.027736324,0.416742096,-0.488779114,0.16452728521076931,0.509486844958915,-0.10780790589965852,0.07971334808042517,0.5090818375387992,-0.0813626439396611
-0.027718748,0.416744171,-0.488779633,0.16452181402708088,0.5094863452634995,-0.10779616785744554,0.07970649435445433,0.5090780449872675,-0.08135539097007335
-0.027740995,0.41675250199999997,-0.488783295,0.16460763423951794,0.5095915337763244,-0.10787797304170772,0.07980338866395582,0.5091390098977264,-0.0814024183318956
-0.027717251000000002,0.416749908,-0.488781097,0.16461592548207754,0.509609322049155,-0.10787294043939442,0.07981109932754955,0.5091512028796377,-0.08139934169611791
-0.027692293,0.416738098,-0.488778534,0.16455571138183955,0.5095317597499095,-0.10781136161124841,0.07974220523201377,0.5091084615362523,-0.08136500390571598
-0.027702379,0.416729523,-0.48878277600000003,0.16454442450964624,0.5094939760778717,-0.10780788434291981,0.0797293814614687,0.5090894674345112,-0.08136616185389813
-0.027673428,0.41673089599999996,-0.488784302,0.1646050561515593,0.5095762748763191,-0.10784511336048967,0.07979489573977225,0.5091390152940899,-0.08138825531426847
-0.027679976,0.416752991,-0.488797882,0.16465669362788796,0.509647765879768,-0.10790011145765738,0.07985334284496878,0.5091746216889627,-0.08142205123306638
-0.027707462,0.416767822,-0.488804199,0.1646544352173511,0.5096315063517605,-0.10791158694878811,0.07985233310904744,0.5091633596342395,-0.08142943901179257
-0.027720901000000003,0.41677374300000003,-0.48880242900000004,0.16466657784478564,0.509638399847415,-0.10792297460531068,0.07986642088606509,0.5091679635087978,-0.08143463920799161
-0.027739952,0.416780823,-0.48880011,0.16466328052059725,0.5096283813880294,-0.10792444484843935,0.07986408943177536,0.5091585951602854,-0.08143300596198208
-0.027756253999999998,0.41678259300000003,-0.488797241,0.16465795011340795,0.5096463959080946,-0.10793107887413247,0.0798605548898923,0.5091631213919526,-0.08143413467782687
-0.02778841,0.416791809,-0.488803436,0.16467701043936178,0.5096816217792773,-0.10796949593613471,0.07988460754037689,0.5091800008086915,-0.08145692100061984
-0.027765604,0.416780212,-0.488799805,0.16466078261195952,0.5096687023611357,-0.10794581804235878,0.07986525965970591,0.5091726742426305,-0.08144311844302195
-0.027735645000000003,0.41674807700000005,-0.48878747600000005,0.16458003316483383,0.5095819510317621,-0.10786425925954966,0.07977377531052346,0.5091251211879176,-0.08139522493762559
-0.027749094,0.416740265,-0.48879083300000004,0.16453006109791515,0.5095153771967469,-0.10783486394406026,0.07971888892387823,0.5090883440670211,-0.08138108236438467
-0.027706512,0.416725525,-0.488798798,0.1645164284568015,0.509484716300431,-0.10781058443025165,0.07969993021100026,0.5090769617407718,-0.08137357998133052
-0.027684965,0.416712219,-0.488804413,0.16450455080271453,0.5094600318487589,-0.10779656726066758,0.07968469573896982,0.5090663926197576,-0.08137012070014925
-0.027722878000000003,0.41674130200000004,-0.488818115,0.1645762977341507,0.5095885569673908,-0.10788982838344571,0.07976914373075218,0.5091290978401429,-0.08142371099068418
-0.027712982,0.416749115,-0.48882568400000004,0.16456374694816478,0.5095671698241098,-0.10787895085834436,0.07975415987682709,0.5091181079955317,-0.08142045265915493
-0.027723166,0.41675,-0.488832367,0.16452305158216243,0.5094718295794352,-0.10784680371389424,0.079707282573927,0.5090742006302328,-0.08140730558224255
-0.027737423,0.416765686,-0.48883377100000003,0.16459193723859816,0.5095863624587416,-0.10791424603496193,0.0797860684396794,0.5091366027471045,-0.08144384414614336
-0.027725416,0.41676266500000003,-0.48882488999999996,0.1645869185167204,0.5096118178498392,-0.10790370905119369,0.07978110897564863,0.5091463832263039,-0.08143338828646028
-0.027756311,0.416749084,-0.488815948,0.16454390977508132,0.5095362998066926,-0.10787356001943618,0.07973452884824087,0.5091054186322967,-0.08141409874538863
-0.027765873,0.416744324,-0.48881381199999996,0.16453353693037456,0.5094958505167573,-0.1078623235439523,0.07972240093134457,0.5090867897054006,-0.08140814197468331
-0.027752724,0.41676574699999996,-0.488820984,0.16452962554316314,0.5095091253292859,-0.10785890043016633,0.07971779874822066,0.509092424831464,-0.08140705287478767
-0.027741861,0.416770294,-0.488819305,0.16456879555610526,0.5095951100770315,-0.10789134569159967,0.0797623472892943,0.5091353983631145,-0.08142297135160646
-0.027722221000000002,0.41675155599999997,-0.48881424,0.16454004987304782,0.5095441155639585,-0.10785399879897233,0.07972843466601041,0.5091078788566213,-0.08140178781006256
-0.027738705,0.416741913,-0.488813416,0.16449050666145612,0.5094552590046532,-0.10781720743057895,0.07967349384475599,0.5090579572702778,-0.08138169474637351
-0.027739473,0.41675155599999997,-0.48881570399999996,0.1645160422859327,0.5095046662094749,-0.1078424468332447,0.079702873278049,0.5090811881153868,-0.08139501081692765
-0.02771258,0.41676861600000004,-0.488820343,0.16458346751718791,0.5096111262469855,-0.107889320782141,0.0797770264599041,0.5091381347110778,-0.0814211573230416
-0.027695179,0.416755676,-0.488816559,0.16457901935050526,0.509566601553933,-0.10786681161311691,0.0797692473524278,0.5091171750840019,-0.0814089123734675
-0.027676107,0.416747772,-0.488809418,0.16452304313116045,0.509461262536043,-0.1077980787341981,0.07970402169099446,0.509062865594682,-0.08136902796609485
-0.027717888,0.416770294,-0.488811096,0.16459450249082894,0.509571430025698,-0.10787824246321202,0.07978718731179352,0.5091241164917004,-0.0814124334746462
-0.027759693,0.41677322400000005,-0.488813171,0.16460889775483145,0.5095692590291697,-0.10790745240089251,0.07980501449869334,0.5091283364619464,-0.0814305414280804
-0.027764933,0.416777588,-0.488820648,0.16460218237550214,0.509556621131493,-0.10791004271192094,0.07979753965273481,0.5091238823432561,-0.08143542935311729
-0.027738786999999997,0.41676165800000003,-0.488820374,0.1645860049773706,0.5095616432471026,-0.10789350120597424,0.0797790079521048,0.5091219920609067,-0.08142654435248932
-0.027730812,0.416741821,-0.488816284,0.16451530102987363,0.5094668113830878,-0.10783143722653761,0.0796998348824994,0.5090649479820483,-0.08139103158094037
-0.027756788,0.416734528,-0.488815765,0.1644890651226455,0.509430871366457,-0.10782381604140152,0.07967250998143854,0.5090424138333949,-0.08138670353990449
-0.027771738,0.416716522,-0.48880481,0.16447681812760312,0.5094310143536609,-0.1078186411406935,0.07966062198459052,0.5090413496620584,-0.08138039467933879
-0.027767271,0.416701843,-0.488793915,0.16446715163589834,0.5094418800211941,-0.1078068317874749,0.07965055807149549,0.5090456015834117,-0.08136995863228026
-0.027776859,0.41670166000000003,-0.488797852,0.16446489626888733,0.5094447683918838,-0.10781521635293313,0.07964890072232672,0.5090474218870593,-0.08137644070249644
-0.027780338,0.416717285,-0.488813293,0.16445574640059843,0.5094403933291936,-0.10782292786757859,0.07963901259923015,0.5090466129342028,-0.08138646730717926
-0.027795284,0.416703369,-0.48880996699999996,0.16443558777070413,0.5094303373878032,-0.10781791123043456,0.07961806028498922,0.5090430384209492,-0.08138390144354316
-0.027825754,0.41669784499999996,-0.48880825800000005,0.16442668309953115,0.509432134981628,-0.10782886593458761,0.07961073912811384,0.5090440909006332,-0.08138978666314164
-0.027806206,0.416706146,-0.488816376,0.1644216977857373,0.5094320995411344,-0.10782257574379384,0.07960394425625132,0.5090450197381822,-0.08138928805325628
-0.02778706,0.416701904,-0.488817383,0.164422520792286,0.5094294502590109,-0.10781472617977016,0.07960343297005829,0.509043390088368,-0.08138570536470661
-0.027800367000000003,0.416704468,-0.488821228,0.16442956143798498,0.5094397745402262,-0.10783072572828382,0.07961245543238002,0.5090460507437571,-0.08139545850627018
-0.027805741999999998,0.41672015399999995,-0.48883004799999996,0.16444374342873874,0.5094503211092803,-0.10784816293470288,0.07962850131264798,0.5090489608036722,-0.08140703101136819
-0.027811777,0.41673474099999996,-0.488837738,0.16446003960133845,0.5094535677280413,-0.10786436229162598,0.07964659438298122,0.5090478772690477,-0.08141753321633985
-0.027810232,0.416721558,-0.488829498,0.1644508302413987,0.5094413741088459,-0.10785093569735818,0.07963647862754833,0.5090380465875545,-0.08140697740957677
-0.027799557,0.41670025600000005,-0.488814941,0.16443706743382683,0.5094406531187721,-0.10782905641084949,0.07962119016848913,0.5090363082634435,-0.08139000741807467
-0.027808546,0.41670645100000003,-0.488817871,0.16445863243755332,0.509473293003746,-0.10785384329141015,0.0796460833295472,0.5090534836090606,-0.08140436094170463
-0.027808306,0.416717987,-0.488825592,0.1644500435717556,0.5094541248534019,-0.1078496333836896,0.07963592564760945,0.5090458764456675,-0.08140500109886062
-0.027803629,0.416707916,-0.488823853,0.1644129922036648,0.5094023963258733,-0.10781670196763367,0.07959392524013233,0.5090207758612152,-0.08138754973094711
-0.027805584,0.41670578,-0.488824951,0.16441628531741617,0.5094216123617975,-0.10782564303053067,0.07959829533293303,0.5090312086409938,-0.08139316296111405
-0.027795649999999998,0.41670626800000005,-0.488828949,0.16441267272286403,0.5094274992893542,-0.10782412064229185,0.07959395326338208,0.5090344453021519,-0.08139402074633897
-0.027794174,0.41670739700000003,-0.488831635,0.16439006107353538,0.5093966597547852,-0.10780687773767755,0.07956866766562651,0.509015834767808,-0.08138518143779452
-0.027811968,0.41671667500000004,-0.48883264200000004,0.16439909976893907,0.5094242510649226,-0.10782587558380084,0.07958097517160209,0.509024436225857,-0.0813939681502029
-0.027833483000000003,0.416700043,-0.488819946,0.16440093162268965,0.5094375874928412,-0.10783225202059157,0.07958514038772797,0.5090296104054308,-0.08139298284429333
-0.027864475,0.416684662,-0.48880957,0.1643958435260274,0.5094168703732262,-0.10783364853234059,0.07958109060087018,0.5090194239350007,-0.08139088836501912
-0.027868536,0.41668563799999997,-0.48880731200000005,0.16440919867978687,0.5094297148679682,-0.10784306926853963,0.07959607839043167,0.5090270099233911,-0.081395152560334
-0.0278361,0.416669586,-0.488797394,0.16440451000695286,0.5094137569520574,-0.10781443912379092,0.07958809951116577,0.5090213048503172,-0.08137692156538184
-0.027844299,0.41667950400000003,-0.488800446,0.1644272570503571,0.5094324122501804,-0.1078352349468841,0.07961362884243355,0.5090314538804304,-0.08138892054795434
-0.027840801,0.416690918,-0.48880371100000003,0.16444970162761163,0.5094529796728233,-0.10785029153632723,0.07963806880739151,0.5090429065084866,-0.08139771848451897
-0.027788185,0.416674255,-0.488798187,0.16443227209727027,0.5094219043703505,-0.10780591057273682,0.07961433293619782,0.5090315677169469,-0.08137326642844392
-0.027787033000000003,0.416686401,-0.488805939,0.16443011598633916,0.5094278015895507,-0.10781047243919027,0.07961194216500217,0.5090371055227315,-0.08137858660238254
-0.027808804,0.41670288099999997,-0.488818054,0.16443931657878144,0.5094516042437361,-0.10783999720640935,0.07962404911620766,0.5090505358232005,-0.08139894215810756
-0.027825449,0.41668307499999996,-0.488812073,0.16442005843714894,0.5094328724143025,-0.1078329590876018,0.07960384881574172,0.5090428088512886,-0.08139476174800399
-0.027863323000000002,0.416672455,-0.488806732,0.1644044580457655,0.5094241110179247,-0.10783931086624028,0.07958957798881264,0.5090372866575332,-0.08139680095261605
-0.027889095000000003,0.416682007,-0.48881063799999996,0.16439585287898556,0.5094209642976247,-0.10784878963961318,0.07958221919055235,0.5090324712183517,-0.08140230676599021
-0.027907602,0.41668795799999997,-0.48881268299999997,0.16439629393521996,0.5094352714359229,-0.1078624333003944,0.07958465261791714,0.5090376341468362,-0.08140969763194783
-0.02790896,0.416691162,-0.488811554,0.1644048652459599,0.5094750317385736,-0.1078752188687356,0.07959566380141965,0.5090548556257515,-0.08141501015703415
-0.027908152000000002,0.416678131,-0.48880035400000005,0.16437929123230138,0.5094504641726728,-0.10784789153188552,0.07956748908677981,0.5090404865754145,-0.08139585989172883
-0.027900076,0.416665222,-0.488791046,0.16435440222252226,0.5094162750981002,-0.10781676466303583,0.07953916086778413,0.5090213300269191,-0.08137553369657985
-0.02789255,0.416675995,-0.488791534,0.16435707930935683,0.5094185954950097,-0.10781274801385729,0.07954188676967715,0.5090175297405921,-0.08137145259530985
-0.027882788000000002,0.416675507,-0.488786163,0.16435942610364065,0.509421562646011,-0.10780447634528127,0.07954407404866368,0.5090156406822159,-0.08136376671329851
-0.0278867,0.416677948,-0.488781586,0.1643656234084929,0.5094152973497719,-0.1078028812575277,0.07955078917341905,0.509011408261061,-0.08136047951384767
-0.027898627999999998,0.41667587300000003,-0.488775391,0.16439065142622786,0.5094230602300935,-0.10781773250461646,0.07957838561567271,0.5090198115318401,-0.08136708409554536
-0.027856815,0.41666687,-0.488769165,0.16439007258891628,0.5094087065591892,-0.10778880953315917,0.07957395032730434,0.5090182115714936,-0.08135033830539937
-0.027854783999999997,0.416691528,-0.48878222699999996,0.16439480541091106,0.5094064668400445,-0.10779668819982424,0.07957878004770035,0.5090154080863921,-0.08135791445118758
-0.027866636,0.416694885,-0.488784149,0.16442152926589837,0.5094433746449767,-0.10782624521680333,0.07960952060453058,0.5090354194808808,-0.08137484445802755
-0.027856972,0.41670608499999995,-0.488787994,0.16444140717354166,0.509477341313942,-0.10784078944692965,0.07963144905671071,0.5090517694016315,-0.08138309235398453
-0.027872589,0.41671163899999997,-0.488792664,0.16444877567908806,0.5094906703983824,-0.10785895676422859,0.07964107077132716,0.5090562627176095,-0.08139418166716347
-0.027858507,0.416695831,-0.488787415,0.16441850262560617,0.5094412286371811,-0.1078231278624877,0.07960589267301584,0.5090305755819754,-0.08137369687066433
-0.027819164,0.41667721599999996,-0.488781525,0.16439938907553342,0.5094100386549197,-0.10778467889279573,0.07958142900083429,0.5090170745528995,-0.08135214078775437
-0.027813826,0.41667553700000004,-0.488782318,0.16440625087618616,0.5094272879617936,-0.10779084824395466,0.0795889135225747,0.5090282078727473,-0.08135640363054562
-0.027854033,0.41669799799999996,-0.48879107699999996,0.1644114967618138,0.5094359862948776,-0.10781919236799001,0.0795978628836201,0.5090280723783854,-0.08137300252321927
-0.027858633,0.416685547,-0.488781158,0.16439835444185455,0.5094185750020186,-0.10780375501526032,0.07958355714769441,0.5090185023358385,-0.08136117676529557
-0.027839821,0.416690674,-0.48877652,0.16438581621811546,0.5094020418564581,-0.10777802662514273,0.0795682195904778,0.5090094304850613,-0.0813443170611107
-0.027850864000000003,0.41669442700000003,-0.488777008,0.16439632286780473,0.509415385785971,-0.10779172189191052,0.0795807300992424,0.5090161310263006,-0.08135168290465714
-0.027844376,0.416682251,-0.48877484099999996,0.16441174584337295,0.5094338977634685,-0.10780153363575942,0.07959727269273192,0.5090296029710599,-0.08135797992992741
-0.02780975,0.416690094,-0.488783966,0.16443185533581622,0.5094593201467896,-0.10780761352432314,0.07961710778503252,0.5090457352710142,-0.0813650836124453
-0.027788247999999998,0.416695343,-0.48879541,0.1644337070972903,0.5094528542051284,-0.10780629023246263,0.07961729130793081,0.509042820342282,-0.08136905649723593
-0.027773469999999998,0.416688019,-0.48879888899999996,0.16442284853807804,0.509428959164741,-0.10779280184992995,0.07960374805725917,0.5090307796363628,-0.08136400147266847
-0.027790358,0.416684814,-0.48879779100000004,0.1644260879736379,0.5094397387290978,-0.1078052620399165,0.07960888108002943,0.5090353894315004,-0.08137047891038145
-0.027823485999999998,0.416680664,-0.488795776,0.16442575292690165,0.5094417655719014,-0.10782129725525312,0.07961110577226124,0.5090337709608433,-0.08137835847900521
-0.027822573,0.416667145,-0.488790009,0.16440296586100256,0.5094186938344606,-0.10780124579819232,0.07958600573524038,0.5090196248917211,-0.08136559067680349
-0.02785021,0.416684143,-0.488793457,0.1643980720533209,0.5094196897818232,-0.10781227413362762,0.07958297623994798,0.5090154041964061,-0.08137071748453832
-0.027851327999999998,0.416701599,-0.488793304,0.16440064228135182,0.5094288143478538,-0.10781195439820102,0.07958620448755162,0.5090181841405905,-0.08136838491056028
-0.027832695,0.41669207799999997,-0.48878222699999996,0.16439124702260946,0.509428892498209,-0.10778907136902223,0.0795746406097439,0.5090221336170933,-0.08135239861107312
-0.027841799,0.41668869000000003,-0.488784088,0.1643879203501705,0.5094287242399855,-0.10779463101285688,0.07957141630380164,0.509026472846725,-0.08135756086765888
-0.027840548,0.41669458,-0.488794098,0.1643881388501797,0.5094325747590563,-0.1078036236209652,0.07957146029380732,0.5090316586885532,-0.08136709306828828
-0.027835995,0.416682587,-0.488791443,0.16437778250675114,0.5094188503383595,-0.10779302504231253,0.07955953583664493,0.5090254820435199,-0.0813614126078274
-0.027858973,0.416675018,-0.48878890999999997,0.16436910831534016,0.5094112529852113,-0.10779770175205652,0.07955207000665905,0.509014778712977,-0.08136225843463928
-0.027871782,0.41667993200000003,-0.488793854,0.16437503835105946,0.5094308426510555,-0.10781567361962112,0.07956059910571923,0.5090167552168193,-0.08137216269938778
-0.027840426999999997,0.416676453,-0.488795959,0.16436946766716756,0.5094266477058622,-0.10779897336665119,0.07955210334795476,0.5090177078309935,-0.08136476596764124
-0.027836656999999997,0.416680206,-0.488800995,0.16437332024357854,0.5094126057234418,-0.10779971944151577,0.07955503831500096,0.5090156866440698,-0.08136827323397802
-0.027846638,0.416690338,-0.488807983,0.16439097934662175,0.5094187737017447,-0.10781968793460255,0.07957492760585923,0.5090170921872518,-0.08138115806317421
-0.027840935,0.416703461,-0.488810394,0.16440443354389433,0.5094440267634386,-0.10782896266385632,0.07959007734666554,0.509026588487062,-0.08138523806182235
-0.027836463999999998,0.416692505,-0.488799713,0.16439367456261572,0.5094230780815111,-0.10780816462679883,0.07957746868114077,0.5090163086267052,-0.08137020704352295
-0.02783069,0.416678528,-0.488793365,0.16438335255900616,0.5093936354964378,-0.10778993198044617,0.0795648129136544,0.5090032776956284,-0.08135921507926401
-0.027847668,0.416675385,-0.48879422,0.1643894250273586,0.5094099906687339,-0.10780716213124203,0.0795730612475218,0.5090126962564919,-0.08136956702484872
-0.027857073,0.41667105099999996,-0.488794556,0.16439506857358002,0.5094390989830784,-0.10782323342910285,0.07958097227096544,0.5090265794500821,-0.08137859808090957
-0.027859289,0.416679535,-0.488807556,0.16439990893376927,0.5094524342862174,-0.10784097576555178,0.07958686501246966,0.5090321978696035,-0.08139308691122045
-0.027837302999999997,0.416678741,-0.48881887799999996,0.16438297534682364,0.5094257002559455,-0.10782634338982842,0.07956599465558332,0.5090213680772463,-0.08139083422877304
-0.027829266000000002,0.416682587,-0.488825623,0.16437699122096536,0.5094141952558513,-0.1078222781288182,0.07955840867215236,0.5090178328355649,-0.08139178827457624
-0.027857821,0.41668786599999996,-0.488826324,0.16439708107215584,0.5094439752748982,-0.10785348755487212,0.07958316852809605,0.5090307396200989,-0.08140827403795413
-0.027859882,0.41668023699999995,-0.48881424,0.16438919351762898,0.5094448343720873,-0.10784052998230237,0.07957540377367288,0.5090246387921402,-0.08139503230054566
-0.027869934,0.416683319,-0.48880569500000004,0.16438461293549145,0.5094381361584698,-0.10783236474686413,0.07957142092628092,0.5090141440433058,-0.08138501072820525
-0.027874329,0.416675751,-0.488796173,0.1643980571406687,0.5094475375728738,-0.10783597766262887,0.07958647602881,0.509019400611686,-0.08138352502128993
-0.027884133999999998,0.416671509,-0.48879187,0.16440142694467927,0.509446125586193,-0.10783901352414665,0.07959052988598936,0.5090214837119181,-0.08138431144545899
-0.027864044,0.416682434,-0.488798553,0.1643977449726725,0.5094476683573617,-0.10783141388786015,0.07958535166092545,0.5090201684785954,-0.08138155514947783
-0.027862369999999997,0.416682709,-0.488804993,0.16439950241439708,0.5094607122310786,-0.10784100543713168,0.07958771409894873,0.5090255404586581,-0.08138933193700552
-0.027887754,0.41668634,-0.488817535,0.16439641850743067,0.5094551562651085,-0.10786256519445948,0.07958575871204138,0.5090253434653128,-0.08140718599246975
-0.027877741,0.41668283100000003,-0.488828613,0.1643943409540447,0.5094505006823004,-0.10786726161326163,0.07958222317996198,0.5090294485089287,-0.08141641594746818
-0.027857519,0.416662781,-0.488831116,0.16438177678810412,0.5094460379428155,-0.10785701494637925,0.07956694357470005,0.5090323578578004,-0.08141476128934562
-0.027850765,0.416658569,-0.488833679,0.16436816514717253,0.5094524186143201,-0.10785188198803194,0.0795524116242494,0.5090324144628208,-0.08141268015543733
-0.02785844,0.416664001,-0.488833435,0.16436791648869514,0.5094584954892689,-0.10785554200461979,0.07955342179077829,0.5090279074854821,-0.0814124724815626
-0.027856808,0.41666174300000003,-0.488825226,0.16436899181490466,0.5094557127557835,-0.10784692432112468,0.0795546997354749,0.5090216428753,-0.08140326184602037
-0.027875628,0.41666821299999995,-0.488818756,0.16437965367055532,0.5094669753096356,-0.10785649845837383,0.07956800405238042,0.5090247385900978,-0.08140449742969873
-0.027890287,0.41666281099999997,-0.48880712899999995,0.1643780930325157,0.5094500224123172,-0.10784866836992643,0.07956676017098474,0.5090154387607316,-0.0813955249273489
-0.027886211,0.416644104,-0.488792969,0.1643856592101734,0.5094463156896392,-0.10783992370566085,0.0795743134053908,0.5090164183927298,-0.08138674518607843
-0.027873095,0.416651062,-0.488793365,0.16440122497324594,0.5094581288511257,-0.10784273892234972,0.07959033303468857,0.50902451797802,-0.08138816591709656
-0.027874001,0.416664215,-0.488798187,0.16440127886032874,0.5094485446563802,-0.10784250688420798,0.07959002012607999,0.5090195436330752,-0.08138903465980013
-0.027901373,0.416663483,-0.488800476,0.16440761881640567,0.5094462704074691,-0.10786143715638757,0.07959837078517268,0.5090218856648651,-0.08140144492924867
-0.027857819,0.416647858,-0.488799469,0.16440110673365127,0.5094281931790258,-0.10783456225996026,0.07958732628670105,0.5090187484084644,-0.08138886612675958
-0.027814705,0.41664267,-0.48880462599999996,0.16440232755006706,0.5094257611019812,-0.10781925135834121,0.07958536037554213,0.5090205109001307,-0.08138371288675597
-0.027830507,0.416654388,-0.488811676,0.1644124425710995,0.50944273504743,-0.10784065836211362,0.07959807983101251,0.5090263030123062,-0.08139693888004615
-0.027826908,0.41666351300000004,-0.48880917399999996,0.16441664957956317,0.5094568654493102,-0.10783968231069349,0.0796032006551638,0.509028315645309,-0.08139322566132363
-0.027826546,0.416653229,-0.488796295,0.16440471489703415,0.5094324831263719,-0.10781716482968784,0.07958976607361398,0.5090121967873089,-0.08137538617985013
-0.027849981,0.41665713499999996,-0.488794128,0.1643996499789918,0.509427912016572,-0.10782220303987901,0.07958597426278108,0.5090070655316482,-0.08137635001081668
-0.027863108,0.416650757,-0.48879003899999995,0.16439561100792133,0.5094358412508262,-0.10782618455493923,0.07958282791825157,0.5090122446042734,-0.08137751288396765
-0.027885570999999998,0.416640533,-0.488784149,0.16439285689870908,0.5094305857058288,-0.1078314517116259,0.0795810223903413,0.5090133389921664,-0.08137963749788292
-0.027872337,0.41664093,-0.488783966,0.16438975005381065,0.5094230861692548,-0.10782109816911264,0.07957632425397083,0.5090118308656464,-0.08137429276914941
-0.027847075,0.416644287,-0.488783936,0.16438499341122073,0.5094269266719028,-0.1078060377729575,0.07956942255052933,0.5090165853714284,-0.08136609824418088
-0.027868402,0.416648804,-0.488787384,0.16439065521780855,0.509418949506347,-0.10782006216243371,0.07957653237371135,0.5090138366482707,-0.08137539743678804
-0.027857327,0.416648224,-0.48878775,0.1644069944081343,0.5094334522852094,-0.10782675801634775,0.07959376264160545,0.5090218527437119,-0.08137933572555164
-0.027832716,0.416663818,-0.48879068000000003,0.16441043189769194,0.5094554191055994,-0.10782055500555549,0.07959674863189818,0.5090296902634781,-0.08137480433487491
-0.027859461,0.416675079,-0.488794403,0.1643923531124179,0.5094227386210023,-0.10781795111229053,0.07957845587542862,0.5090056271899789,-0.08137274935052034
-0.027869511,0.416672455,-0.48879080199999997,0.16438028852981154,0.5094011414424507,-0.10780871504702776,0.07956581013304587,0.5089890355512503,-0.08136529874519163
-0.027874657,0.416682037,-0.48879071,0.1643776030632344,0.5094124109235796,-0.10781027541023172,0.07956396381946527,0.5089908494404609,-0.08136431679956808
-0.027876251,0.416679138,-0.488789215,0.16437398560889258,0.5094074059843988,-0.10780724675468333,0.07956001617492899,0.508988414386028,-0.08136230626338357
-0.027878523000000002,0.41667114299999997,-0.488785431,0.16437835169736184,0.5093983891271469,-0.10780656381060373,0.0795643432231754,0.508986486706766,-0.0813616371585988
-0.027887883999999998,0.416672089,-0.488785492,0.16438861958527,0.5093956164193755,-0.10781562584314879,0.07957566236556876,0.50898791970447,-0.08136726268527116
-0.027890432,0.416683838,-0.488792053,0.16440282661139977,0.5094049454046978,-0.10783005460397499,0.07959121249141615,0.508994502913177,-0.08137742732392292
-0.027890108,0.416687042,-0.4887966,0.1644306872692606,0.5094307526053335,-0.10785400440613563,0.07962161046718787,0.5090129296863569,-0.08139335893627402
-0.027867176,0.41667395,-0.488795227,0.16443956782262784,0.5094148864031538,-0.10784486240765381,0.07962854523268702,0.5090107657394645,-0.0813902413287019
-0.027833179,0.416679199,-0.48880779999999996,0.1644487119248803,0.509409948838362,-0.10784241083137135,0.07963576447591623,0.5090079790218814,-0.08139392868250138
-0.02782502,0.416690155,-0.488822052,0.16448181510603332,0.5094511739905788,-0.10787662308009874,0.07967226080462922,0.509027513798224,-0.08141760091502624
-0.027793842000000003,0.416701324,-0.488830231,0.16450069566206427,0.5094716043681505,-0.10788084964680116,0.07969099894260369,0.5090384200443834,-0.08142243819811507
-0.027777605,0.41670626800000005,-0.48883139,0.16451422413194516,0.5094703659451476,-0.10787913594556978,0.07970395195055827,0.5090422843116259,-0.08142248609477946
-0.027774496,0.41670873999999997,-0.488827942,0.16453085717665783,0.5094640332623833,-0.10788037080542295,0.07972102613148827,0.5090424608407029,-0.0814222023601909
-0.02774568,0.416723785,-0.488825195,0.1645847248607356,0.5095321055819101,-0.10790318686118427,0.07977908976162568,0.5090791954381282,-0.0814320899717187
-0.027770266,0.41674115,-0.48882592799999997,0.16461854714416732,0.5095610601098947,-0.10793624035828014,0.07981799650937853,0.5090944088252757,-0.08144909835865337
-0.027776867,0.41673184199999996,-0.488820374,0.16457405649981569,0.5094727682270749,-0.10789231239394104,0.07976736995512732,0.5090505009675635,-0.08142407765178802
-0.027757372,0.416741608,-0.488825562,0.1645557805103802,0.5094522973730911,-0.10787107031480843,0.07974541111752326,0.5090430916770374,-0.08141443340006294
-0.027747585,0.41673596199999996,-0.48882543900000003,0.16454390814232261,0.5094458137452892,-0.10785981018015525,0.07973160750446175,0.5090426778663977,-0.0814092717230754
-0.027756186,0.41674618500000005,-0.488829193,0.16459859956660278,0.5095568741801806,-0.10792007295800965,0.07979504775643428,0.509098601933274,-0.08144239500806498
-0.027760645,0.416742188,-0.4888302,0.164584656149,0.5095602987644342,-0.10791809894824957,0.0797809200973548,0.5090957963514544,-0.0814411196665335
-0.027738251000000002,0.41673291,-0.488831573,0.1644962056371753,0.5094377755872752,-0.10783594721737699,0.07968034600447083,0.5090285536400542,-0.08139691669701761
-0.027765322000000002,0.416736267,-0.488834625,0.16449191079158962,0.509431865621244,-0.10784823715496566,0.07967755337519218,0.5090231264635159,-0.08140438057091706
-0.027771711,0.416714447,-0.488819946,0.16448920672161815,0.5094427393017709,-0.10784337373961057,0.07967560971213915,0.50902903476151,-0.0813971556061939
-0.027776836,0.416722015,-0.48881726099999995,0.16449367702923598,0.5094695571091139,-0.10785021709747321,0.07968203130668944,0.5090388015849883,-0.08139801412295912
-0.027814108,0.416717621,-0.48880896,0.16449824454307202,0.5094740833347503,-0.10786520687871791,0.07968986158792522,0.5090388495043929,-0.08140261829144475
-0.027820959,0.416723969,-0.48880969199999996,0.1645060209288953,0.5094693896019942,-0.1078706351465097,0.07969847816058807,0.5090359004606169,-0.08140532540981377
-0.027778257,0.416739471,-0.488817902,0.16451594128444594,0.5094803617635935,-0.10786119346981213,0.07970638584622446,0.5090427832578606,-0.0814024014695005
-0.02776359,0.416733765,-0.488818665,0.1645018788614681,0.5094470954187433,-0.10784074814157907,0.0796887941244107,0.5090295396442401,-0.08139294771785575
-0.027771637,0.41673077399999997,-0.488824677,0.16451549855942652,0.5094538846720833,-0.10786007558238754,0.07970385898583643,0.5090378545548362,-0.0814076171999576
-0.027778373999999998,0.416734894,-0.488828888,0.16452007251978773,0.5094471040622393,-0.10786734288148205,0.07970881126496951,0.5090361494267119,-0.08141359223346041
-0.027758875,0.416725464,-0.488825806,0.16451015171528907,0.5094318526527885,-0.10784799541708588,0.07969639148574303,0.5090270399006831,-0.08140216313572234
-0.027754389,0.416746246,-0.48883657799999997,0.1645283512298036,0.5094710828691945,-0.10787017826777116,0.07971733368250966,0.5090419066555786,-0.08141593563897027
-0.027762574999999998,0.416760986,-0.488841553,0.1645376766648354,0.5094920459228628,-0.1078855069489357,0.07972879668010911,0.5090501465354619,-0.0814246217906325
-0.027751938,0.416739716,-0.48883099399999996,0.1645180713710807,0.5094653876727399,-0.10785837215307373,0.07970607758322532,0.5090375884402303,-0.08140723720126783
-0.027750934999999997,0.41673773199999997,-0.48883056599999997,0.16450974281678882,0.5094519522712164,-0.10785044786708943,0.0796966307794508,0.509030087187067,-0.08140280337677745
-0.027743728999999998,0.416754028,-0.488840515,0.16450351974230618,0.5094392389381803,-0.10784656188263608,0.07968893973281342,0.5090230344543205,-0.081403535687925
-0.02775321,0.416762299,-0.488844055,0.16450442759114245,0.5094209939274101,-0.10784889449286295,0.07968981438776376,0.5090137670413089,-0.08140583498535324
-0.027729441,0.41675262500000004,-0.48883963,0.16452246945429108,0.5094503621716299,-0.1078510767105713,0.07970841847156834,0.5090320831837852,-0.08140638648206538
-0.027718983000000003,0.416750854,-0.488841553,0.1645321515205578,0.5094599056656459,-0.1078553612522516,0.07971837748928912,0.5090376750686578,-0.08140984559100849
-0.027738153,0.416733429,-0.48883551,0.16452694548945831,0.509440529139456,-0.10785589010648261,0.07971332867577346,0.5090297971128497,-0.08140968915290597
-0.027734041,0.416753296,-0.488847137,0.16453612378969323,0.509464138334755,-0.10787098455346995,0.07972375296822161,0.5090408566756444,-0.08142098585835737
-0.027734241,0.416760864,-0.488854065,0.16456403973118888,0.5095208488224835,-0.10790406600905805,0.07975580427774377,0.5090698230262213,-0.08144126914823244
-0.027736065,0.41675827,-0.48885232500000003,0.16455366103059352,0.5095083110703652,-0.10789558673151617,0.07974436050367402,0.5090633024058955,-0.08143610158693332
-0.027734064,0.41675705,-0.488847382,0.16452759148460275,0.5094583512284934,-0.1078646135333654,0.07971456732483953,0.509035302938022,-0.08141670613575525
-0.027721169,0.416759247,-0.488845337,0.16453397672891507,0.5094642044078267,-0.10786017311510034,0.07972098156891641,0.5090345304593369,-0.08141227953203338
-0.027709286,0.41677066,-0.488844208,0.16454911568741726,0.5094942897716304,-0.10786523121753935,0.0797377892848963,0.5090453170645997,-0.08141230737070151
-0.0277206,0.416771057,-0.488841766,0.16453860589820646,0.509473913652543,-0.10785813983807901,0.0797268043430973,0.5090310710672633,-0.08140663609793881
-0.027729347,0.416763397,-0.488841827,0.16452886836184075,0.5094476670096434,-0.10785317886688722,0.07971610918911556,0.5090162296310821,-0.0814045572394582
-0.027725466,0.416753418,-0.488843079,0.16451521719498036,0.5094345342983893,-0.10784481693828298,0.0797007466137399,0.5090099514943731,-0.08140157295877794
-0.027719360000000002,0.41676355,-0.488850189,0.16450528792963612,0.5094304894604474,-0.10784038814574592,0.07968958728249627,0.5090066013025253,-0.08140107867561158
-0.027733751,0.41676635700000003,-0.488851074,0.16455631596540632,0.5095087285266431,-0.10789264062741961,0.07974789974427092,0.5090509315173023,-0.08143053937574098
-0.027722269,0.41676773100000003,-0.488852631,0.16457945209720273,0.5095464038098264,-0.10790891964314074,0.07977301875678679,0.5090744586861863,-0.08144071277960234
-0.027711718,0.416752838,-0.488851837,0.16451377147147445,0.5094475998291579,-0.10784922859091706,0.07969812509334359,0.5090257014896562,-0.08140971320307017
-0.027732320999999997,0.416761322,-0.488855835,0.1645062220624319,0.5094265486361096,-0.1078526281613315,0.07969053592903506,0.5090161552085808,-0.08141305922292094
-0.027726814000000002,0.416772003,-0.488858276,0.16452670442393685,0.5094587614057469,-0.10786786305304821,0.07971323095612498,0.5090330499862561,-0.08142143927202847
-0.027720896,0.416765442,-0.488853577,0.164508234758869,0.5094531051446625,-0.10785107874558117,0.07969299324094793,0.5090285355218847,-0.08141030739553662
-0.027758524,0.416770386,-0.48885064699999997,0.1645435578435573,0.5095213314489858,-0.10790036582857164,0.07973623222963926,0.5090604895445892,-0.0814348223871978
-0.02775812,0.41676162699999997,-0.488846954,0.16456011128482229,0.5095423353658955,-0.10791207326808609,0.07975480012155675,0.5090708871562194,-0.08144026226504918
-0.027781207999999998,0.416750427,-0.48884262100000003,0.16451777895572753,0.5094702539278508,-0.10788320242906149,0.07970840871285777,0.5090333162342309,-0.08142380623124672
-0.027824894,0.416754364,-0.48884289599999997,0.16452012352104806,0.5094902044824949,-0.10791061407515418,0.07971470772985165,0.5090435905004027,-0.08143870762460739
-0.027830786,0.416768982,-0.48885137900000003,0.1645138983118983,0.5094940542782631,-0.10791630753035411,0.0797086142147294,0.5090444863129538,-0.08144402918986668
-0.027815971000000002,0.416761169,-0.488848328,0.16450937638026344,0.5094866999865969,-0.1079036050467193,0.07970216352804324,0.509045503244399,-0.08143736548825353
-0.027826117,0.416759552,-0.48884960899999996,0.16448920976399262,0.5094607286410959,-0.10789389998824055,0.07968006641982842,0.509035469322952,-0.08143358626306826
-0.027808233,0.416760742,-0.48885434,0.16447426153549438,0.5094497394919648,-0.10787909496854223,0.07966237593920435,0.5090302492741138,-0.08142748004143158
-0.027815041999999998,0.416771576,-0.488859924,0.1644773527255152,0.5094549649781852,-0.10788831137527649,0.07966643365098693,0.5090310901040751,-0.08143366757653814
-0.027805068999999998,0.41675726300000004,-0.48884552000000003,0.16445232654075928,0.5094164251937242,-0.10785035098984275,0.07963748318505809,0.5090122940034219,-0.08140798219992348
-0.027796284,0.41676355,-0.488839325,0.16444922833917935,0.5094200227204678,-0.1078375056656497,0.07963383754815105,0.5090117240855501,-0.08139695688384335
-0.027805105,0.416783722,-0.488840759,0.16445090146188088,0.509428974946251,-0.10784150654208287,0.07963693345944148,0.5090099375149099,-0.08139656218582593
-0.027834994999999998,0.416757751,-0.48882086199999997,0.1644246931744193,0.5093955117112295,-0.10782164562138166,0.07961003203337569,0.508989563484819,-0.08137872021096951
-0.027865303,0.416753021,-0.488813751,0.16441440858765782,0.5093918404737267,-0.10782489692954488,0.07960130370039614,0.5089835768563485,-0.08137701605235031
-0.027895868,0.416772949,-0.488827026,0.1644178768135834,0.5094048037661533,-0.10785365642412609,0.07960769018970051,0.5089880931045734,-0.08139655076723529
-0.027890043,0.41678488199999997,-0.488837646,0.16443028695504144,0.5094305510164024,-0.10787095981061105,0.07962125497170908,0.5090048144178357,-0.08141029683531979
-0.02787196,0.416787079,-0.48883889799999997,0.16444718331738903,0.5094503585328244,-0.10787589582324728,0.07963851629024928,0.509019446809566,-0.08141414692300071
-0.027873322000000002,0.416798279,-0.48884167500000003,0.1644529708758547,0.5094438114887725,-0.10787796588043051,0.07964466725324464,0.5090135715532873,-0.08141504138319669
-0.027829854999999997,0.41679925500000004,-0.48883193999999996,0.1644549406517659,0.5094394879811179,-0.1078459955322283,0.07964362140435093,0.5090107923922763,-0.08139271236551417
-0.027801857,0.41680395499999995,-0.488822968,0.16444691008319695,0.5094035215364365,-0.10780895628928619,0.07963154892420454,0.5089940911412999,-0.08136832995566044
-0.027848974,0.41682489,-0.488824829,0.1644608383803776,0.5093851793443549,-0.10783208079296333,0.07964875443621963,0.5089868200303737,-0.08138077516168545
-0.027835787,0.416827026,-0.488817566,0.16451700732291727,0.50946729605588,-0.10786595730438592,0.07971090983855998,0.5090314743331372,-0.08139605493220335
-0.027789269999999998,0.416838379,-0.488821106,0.1645309212198713,0.5095053194356027,-0.10785952330813098,0.07972434121440312,0.5090459321379293,-0.08139156543866057
-0.02779723,0.416827942,-0.488822998,0.16447191722424964,0.5094081503406287,-0.10781456589264786,0.07965809141960126,0.5089956403172855,-0.08136906286183733
-0.027789518000000003,0.416841034,-0.488832245,0.16452565633911626,0.5094853085290366,-0.10786261707207576,0.07971743109445391,0.5090428283495255,-0.0813996432249329
-0.027781906,0.416852264,-0.488841003,0.1645693145545611,0.5095512655689977,-0.10790288683555167,0.07976564702862236,0.5090833536179941,-0.08142574810703058
-0.027785805,0.416853882,-0.488850281,0.1645310230045905,0.509477181412998,-0.10787638772154957,0.07972210051351244,0.5090448458757904,-0.08141548081005481
-0.027777723,0.41684301799999995,-0.488851074,0.1645219555110817,0.5094486398699036,-0.10786422681198986,0.07971078320638611,0.5090302352443768,-0.0814103077721619
-0.027789579,0.41683846999999996,-0.48885177599999996,0.16452755430421012,0.5094450313692764,-0.10787396783179923,0.07971740001918386,0.5090294737953692,-0.08141674037414572
-0.027798746000000003,0.416854218,-0.48885614,0.16455888912388633,0.5095125263731746,-0.10791136265477291,0.07975403195254023,0.50906505933902,-0.08143768108053519
-0.027795284,0.41684466600000003,-0.488851715,0.16456736207528389,0.5095530688622238,-0.10792165616860791,0.07976431418884071,0.5090882900199739,-0.0814424776977674
-0.027802488,0.416819427,-0.488846649,0.16449613771514965,0.5094478226829666,-0.10786480671758653,0.07968466653779405,0.5090342362675297,-0.0814117701111258
-0.027799007,0.41680978399999996,-0.488841705,0.16447329113038875,0.5094416235162637,-0.10784741243496791,0.07965970053605288,0.509032460449816,-0.08140110307478238
-0.027819912,0.416797638,-0.488835754,0.1644758395132815,0.509466765695719,-0.10786236646526175,0.07966475899606684,0.5090475487096906,-0.08140816601780244
-0.027848888,0.416793182,-0.48883752399999997,0.1644519719536788,0.5094270983326225,-0.10785815173216515,0.0796397404783924,0.5090270360588061,-0.08140734484366527
-0.027837774,0.416781738,-0.488831116,0.16444432891303384,0.509424155148476,-0.10784434361562131,0.07963072270207061,0.509025726153632,-0.08139792044497449
-0.027841881000000002,0.416765991,-0.488818176,0.16442741861062243,0.509417547019591,-0.10782716444982378,0.07961277419673704,0.5090219018767603,-0.08138402922420544
-0.027870104,0.41675125100000004,-0.48880731200000005,0.16440460392324183,0.5093925657218635,-0.10781653942502822,0.07958960581828917,0.5090067016350468,-0.08137439412521218
-0.027896135000000002,0.416767822,-0.488816376,0.16441317317350534,0.509419600845062,-0.10784561182732665,0.07960192456104356,0.5090150873493309,-0.08139172137015242
-0.027872046,0.41677331500000003,-0.488816559,0.16438230580563515,0.5094050705063546,-0.10781318976129722,0.07956693429278397,0.5090035902874106,-0.08137247472815125
-0.027901829,0.416800049,-0.48882498199999996,0.16438176593180537,0.5094184779137405,-0.10783313033740996,0.07956896428939544,0.5090083156473677,-0.08138430640942267
-0.027923431000000002,0.416797729,-0.48881887799999996,0.16438447678854348,0.5094219195649422,-0.10784069855684658,0.07957322554292864,0.5090141324095797,-0.08138686680259366
-0.027923597,0.416791565,-0.488808228,0.16439185438241258,0.5094422598763315,-0.10784030128418175,0.07958172221764323,0.509027775684867,-0.08138298608133886
-0.027913139,0.416793182,-0.488805481,0.164395328711219,0.5094597218551142,-0.10783788273804697,0.07958548565031132,0.5090352517478287,-0.0813797991376531
-0.027912002999999998,0.416796448,-0.48880560300000003,0.16437434181270782,0.5094237489175808,-0.1078172960784758,0.07956183223955704,0.509012750875972,-0.0813675485710383
-0.027926046,0.41678714,-0.488800232,0.1643553238539642,0.5093993904289834,-0.10780575544528734,0.07954175419155299,0.5089976107806069,-0.08135926575522313
-0.027925053,0.41677474999999997,-0.48879361,0.16433971703029285,0.5093939090769416,-0.10779243563866556,0.07952522881090783,0.5089892520215811,-0.08134893580516114
-0.027943544,0.416760101,-0.488788727,0.1643327750206947,0.5094136776122372,-0.10780174930594615,0.07952012016001628,0.5089966063364041,-0.0813525627451553
-0.027943045000000003,0.41674471999999996,-0.488784912,0.16431749664690076,0.5094031129360355,-0.1077911435053058,0.07950311496161293,0.5089954350777139,-0.08134734837678195
-0.027941263,0.416746735,-0.488784454,0.16430482443053884,0.5093678283653766,-0.10777432261359053,0.07948837248211779,0.5089728983401255,-0.08133697494311605
-0.027929251000000002,0.41679553199999997,-0.48880242900000004,0.16431892527071817,0.5094054644662506,-0.10779063860918212,0.07950422968649665,0.50898661490388,-0.08134802488260169
-0.027930091999999997,0.416803345,-0.488803925,0.16433375836819614,0.5094100513493645,-0.10779925958452816,0.07951997725429617,0.5089934643488766,-0.0813536771343779
-0.027908348,0.41678125,-0.488797058,0.16434273116255282,0.5093926394893411,-0.10778708649620244,0.07952650378467876,0.5089987888666966,-0.08134900226596721
-0.027871445,0.416781372,-0.488799103,0.16433966093201935,0.5093744253007891,-0.10776450808181624,0.079519652419918,0.508993830438078,-0.08133836295524254
-0.027892221,0.416814209,-0.488810059,0.16436165965316574,0.5094195525008977,-0.10780003155122506,0.07954660262832039,0.5090112515564662,-0.08135841218129605
-0.027905595999999998,0.416827301,-0.488814667,0.16438032165870184,0.5094413974898637,-0.10782293442676644,0.07956847521074953,0.5090195502875492,-0.0813712314623058
-0.027897500999999998,0.416813293,-0.488815369,0.16436613453454457,0.5093998572042209,-0.10780570000518998,0.07955103260361639,0.509000627854075,-0.08136408615381083
-0.027888220000000002,0.416817963,-0.48882132,0.16435751347429942,0.5093927762858871,-0.10779976261295547,0.07954055920195284,0.5090015133495088,-0.08136397202575182
-0.027885998000000002,0.416802094,-0.48881982399999996,0.1643708529765108,0.5094133744190765,-0.10781273839741942,0.079555376739602,0.5090144721195148,-0.08137232027752264
-0.027869473,0.416793274,-0.488815216,0.16437369537586238,0.509415305033344,-0.1078038397030378,0.07955727736222597,0.5090170382427842,-0.08136643321917802
-0.027879358,0.416787262,-0.488811401,0.16436080532830402,0.5093871498320602,-0.10779312628783606,0.07954308050155462,0.5090031618036718,-0.08135970140377918
-0.027910561,0.41682568400000003,-0.48882843000000004,0.16437236380297168,0.5094137301202958,-0.10782885541693304,0.07955863076725642,0.5090141705382006,-0.08138285603366177
-0.027892019,0.416819824,-0.488826843,0.16436026256817984,0.5094001632186919,-0.10780993220781693,0.07954346860016183,0.5090135201333595,-0.08137355933246682
-0.027859266,0.41680789199999996,-0.488825745,0.1643519625333578,0.509371604859106,-0.10778408326854111,0.07953055606555555,0.5090093012182799,-0.08136216843276652
-0.02787492,0.41683468599999995,-0.488835449,0.16437763784228648,0.5094053629633319,-0.10781632998195659,0.07955981095399026,0.5090332310793145,-0.08138306301585652
-0.027869564,0.41683639499999997,-0.488839081,0.16438295610961162,0.5093842865178906,-0.10781440781631585,0.07956500192768606,0.5090123753506073,-0.08138154620109093
-0.027844946,0.416816589,-0.48883795199999996,0.16439441943629476,0.5094193991681812,-0.1078199849521929,0.07957828565908409,0.5090119205126052,-0.0813818069717654
-0.027803635,0.416811523,-0.488836823,0.1643650775531035,0.5094343088817058,-0.10778807186855806,0.0795450745621302,0.5090134056665024,-0.0813625202983842
-0.027839849,0.416857666,-0.488857147,0.16436923249788407,0.509412337846509,-0.10781220608520198,0.07954991040496935,0.5090171614138456,-0.08138407187223384
-0.027845715,0.416858246,-0.488869263,0.16435102712555238,0.5093318584013754,-0.10779841838787121,0.07952630894039826,0.5089967974131556,-0.08138677774143355
-0.027805178,0.416850555,-0.48886370799999995,0.16434721497235735,0.5093698577980763,-0.10778158853965096,0.07952155668719715,0.5090069860316346,-0.08137333484381662
-0.027823643000000002,0.416885254,-0.488863159,0.16435103211608706,0.5094354603401632,-0.10779977996961236,0.07953148365728101,0.5090089354130302,-0.0813728596340153
-0.027867052,0.416895569,-0.48885888699999996,0.16435445092023324,0.509424104037498,-0.10781386432349478,0.07953733935092305,0.5090077158804761,-0.08137896223108902
-0.027843073,0.41684301799999995,-0.48883902,0.1643374566313539,0.5093027570814187,-0.10775663262524166,0.07951110279614448,0.5089741918239092,-0.08135016405050396
-0.027856665,0.41686428799999997,-0.48884256,0.16435583852461877,0.5093232334837051,-0.10777610624622645,0.079532628026717,0.5089811172484572,-0.08135971436536159
-0.027874310000000003,0.41688577299999996,-0.488835999,0.16438363393986843,0.5094295051885109,-0.10781305229957798,0.07956901704631769,0.5090146577808362,-0.08137012308358982
-0.027841242000000002,0.416872437,-0.488829254,0.16439445183441756,0.5094169784598407,-0.10779527762830549,0.07957783168895659,0.5090087849061122,-0.08135867104167108
-0.027787682,0.416876801,-0.48884292599999996,0.1643776825018701,0.5093070082259362,-0.10774572741980688,0.07955071286867017,0.5089700611883063,-0.08134134270371822
-0.027780404999999998,0.416893677,-0.488863312,0.16440143390968184,0.5093629968955316,-0.10778390956661184,0.07957689605570334,0.5090100057938519,-0.08137192331350497
-0.027787567,0.41691214000000004,-0.48887719700000004,0.16442615724584028,0.5094350269721117,-0.1078268789506286,0.07960656067410826,0.5090462428794352,-0.08139953086136484
-0.027778929,0.416921051,-0.488881836,0.16442291050658187,0.5093861933376452,-0.10781150701806212,0.07960085069949824,0.5090170891578998,-0.08139178380071502
-0.02774703,0.416937775,-0.48888916,0.1644308340460095,0.5093887503445712,-0.1078033021986534,0.07960714184219458,0.5090182351121041,-0.08138884021154899
-0.027741949000000002,0.416929413,-0.48887927200000003,0.16443480064751465,0.50942163329587,-0.10780286054516597,0.07961213910612144,0.5090379561968893,-0.08138527693857583
-0.027771364,0.416920837,-0.48886676,0.16444223361407095,0.5094107228589563,-0.10780836658280947,0.07962165252549364,0.509033737602697,-0.08138400758195877
-0.027809456,0.41689581299999995,-0.488839569,0.1645014376983039,0.5094817859302201,-0.10785360722560404,0.07969020143601588,0.5090741064232337,-0.08139972577551902
-0.0278477,0.416917023,-0.488820435,0.16453713697085895,0.509540479001671,-0.10788091855462029,0.07973302020732098,0.5091070035362453,-0.08140463252975844
-0.027779995,0.416956116,-0.488848724,0.16444939079033621,0.5093998257932718,-0.10778708981733308,0.0796283868921478,0.5090416096131325,-0.08136382693091058
-0.02779702,0.416932892,-0.488856323,0.16447096175133374,0.5094038983907407,-0.10782078468632836,0.07965204648513041,0.5090561077397869,-0.08139067879511157
-0.027845074,0.416914124,-0.488861847,0.16447242687915564,0.509396559095322,-0.10785407366450409,0.07965747259165673,0.5090419437659673,-0.08141135028224153
-0.027735994,0.41689621,-0.488871796,0.1644057447737981,0.5093763038564751,-0.1077747876820178,0.07958004130204265,0.5090006809818252,-0.08136685742099474
-0.027681335,0.416952362,-0.488894989,0.1643899779693911,0.509461972878562,-0.10776964489789435,0.07956205066620277,0.5090500838896966,-0.08136939983086791
-0.0278204,0.416859741,-0.48887023900000004,0.16440465294929593,0.5093342591324196,-0.10781389434418089,0.07958091932273302,0.5090135043445976,-0.0813989142626213
-0.027857805,0.41692501800000004,-0.488895844,0.16441506242599133,0.5093441765158548,-0.10785019203865608,0.07959467872836165,0.5090190775967234,-0.08142451015960404
-0.027730633,0.416940735,-0.48890252700000003,0.16438735194466852,0.509456274313867,-0.10780214634694738,0.07956202384962456,0.5090539284392991,-0.08139340396760332
-0.02776474,0.416939392,-0.488890656,0.1643733313304704,0.5094156269516223,-0.10779086224222778,0.07954879336354517,0.5090192314859502,-0.0813794921144655
-0.027865503,0.41699212599999996,-0.48889742999999997,0.16439837528899914,0.5093454312900492,-0.10783127643225919,0.07957866926920373,0.508996828852983,-0.08140371903946265
-0.027800854,0.416889557,-0.488865784,0.1643984358754343,0.5093568182742143,-0.10779468321766296,0.07957355040978409,0.509026322990701,-0.08138352229467262
-0.027768141,0.416964111,-0.488884613,0.16439500218959602,0.5093932030850002,-0.10778602388758327,0.07957041726757827,0.5090193243490552,-0.0813744762201062
-0.027862476,0.416970734,-0.488887848,0.16440530377690601,0.5094290313072098,-0.10784912371289039,0.0795895819780583,0.5090339662008465,-0.08140943570422808
-0.027846858999999998,0.41691622899999997,-0.48887402300000005,0.16439494800413318,0.5093409329354741,-0.10781404474216356,0.07957282399320695,0.5090101942801449,-0.08139401951677576
-0.027802851,0.416919037,-0.488885864,0.16439085916149304,0.5093192651017614,-0.10779568975151625,0.0795646978673812,0.5089970870480944,-0.08138852397969851
-0.027841221,0.41696313500000004,-0.488905731,0.16440160351030159,0.5094393635470237,-0.10785876687922757,0.07958411434310411,0.5090460609180378,-0.081424722786286
-0.027870821,0.416893677,-0.48888354500000003,0.16438632977756887,0.5094273253054576,-0.10785774903099975,0.07956876694103747,0.5090534131732606,-0.08142365992466506
-0.027854216,0.41687207,-0.48887335200000004,0.16439590126264186,0.5093344491069774,-0.1078267063645671,0.07957354291673507,0.5090181380684311,-0.08140725681203724
-0.027921329,0.416922394,-0.48886996499999996,0.16441313845325176,0.5093409705265656,-0.10785526104500223,0.0795983557190069,0.5089965184664051,-0.08141185307223345
-0.027981077,0.416996826,-0.48887777699999996,0.16441766184768006,0.509456899137283,-0.10790559238161125,0.07961306472241976,0.5090327695499535,-0.08143069364320911
-0.027843515,0.41688913,-0.488857574,0.1643959954391216,0.5094011433143903,-0.10781762424895078,0.07957676751384708,0.5090321117694389,-0.08138880981144019
-0.027779738999999998,0.416868042,-0.488871826,0.1643919136388262,0.509307776901056,-0.10778010919009347,0.07956288777095853,0.5090078704783502,-0.08138188445547434
-0.027875188999999998,0.41696423299999996,-0.48890658600000003,0.16440592672635446,0.5094030063193703,-0.10786985416187991,0.07958869511220804,0.5090417757686411,-0.08143452597222711
-0.027865637,0.41692810100000005,-0.488897339,0.1643825170481914,0.5094728509959255,-0.1078696998438731,0.07956636433553686,0.5090703817438365,-0.08143150587722726
-0.027775898,0.416934021,-0.488901917,0.16436325088646636,0.5093763937921455,-0.10779445123033093,0.07953570423569713,0.5090222710940417,-0.08139214509962608
-0.027901833,0.416851288,-0.488859222,0.16438270308888675,0.5093433029981393,-0.10783713651111027,0.07956366764613282,0.5090154075305608,-0.08140716197808451
-0.028024156999999997,0.416905884,-0.488854279,0.16438706198970254,0.5094037191734468,-0.10789756415858943,0.07958040672522579,0.5090242760615817,-0.08142858064070083
-0.027914913,0.416904907,-0.48887796,0.16437184256229517,0.5094399763900984,-0.10786744852304213,0.07955822469493831,0.5090389074407883,-0.08142110263857114
-0.027879581,0.416857666,-0.488861908,0.16436968142049524,0.5093377466135218,-0.10781912683739978,0.07954805035633321,0.5090111969603713,-0.0813974669419198
-0.027969036,0.41686059599999997,-0.48885736100000005,0.1643895742057519,0.5093423061822872,-0.10787016482523575,0.07957479830438817,0.5090265172600565,-0.0814263771076781
-0.02794689,0.41689444,-0.48887289399999995,0.1643870064031811,0.5094250827519667,-0.1078851018938546,0.07957466989310044,0.5090524057614472,-0.08143423177102545
-0.027889805,0.41693853799999997,-0.48888327,0.1643856412789731,0.5094316729066498,-0.10785686928608726,0.0795699923259114,0.5090456454877809,-0.08141681410089353
-0.027876463,0.416847534,-0.488868134,0.16437650107215773,0.509341010449229,-0.10783047194092898,0.07955522132546292,0.5090140115399232,-0.08140768979105963
-0.027938808000000002,0.416922211,-0.488887024,0.16439668533733554,0.5093740155477505,-0.10788089921171598,0.07958196858318473,0.5090319454520886,-0.08143724869489
-0.027912022,0.416914398,-0.48888320900000004,0.16440305405109773,0.509433764780542,-0.10788317805298664,0.07958909533332971,0.5090648667942981,-0.08143745697017851
-0.027934816,0.416909058,-0.488861237,0.16439067344939037,0.5093553372671116,-0.10784872166046841,0.07957455176461475,0.5090232143720844,-0.0814094508795045
-0.027955031999999998,0.416931366,-0.488857086,0.16440112167958384,0.5093337579800149,-0.10784940446902971,0.07958587378383902,0.5090168602787583,-0.08140714392036444
-0.027860083,0.41687918100000004,-0.488854706,0.1643887274074643,0.509327533983821,-0.10780399780602375,0.07956696045850412,0.5090003071702076,-0.08138278252432371
-0.027921045,0.41692208900000005,-0.488856232,0.16437454145037067,0.5093428748637927,-0.1078224394570496,0.07955867655182922,0.5089751435237365,-0.08138281620203497
-0.027950796,0.41692663599999996,-0.488862091,0.16439959859549663,0.5094540570173566,-0.10788184565062398,0.07959066260179469,0.5090486730859098,-0.08142055539150221
-0.027908524,0.416923279,-0.48887350500000004,0.1644060538906066,0.5093670194146032,-0.1078548659853812,0.07958835038303473,0.5090467306782971,-0.08142052412634813
-0.027935206999999997,0.416887817,-0.48886795,0.16438312837757493,0.5092391629402042,-0.10782880231531856,0.07956157768884663,0.5089726277645485,-0.08140621083657004
-0.027938869,0.41696929899999996,-0.488884216,0.16438437276566875,0.5094515492244901,-0.10787929561471668,0.07957354657675952,0.5090430938012639,-0.08142411147218866
-0.027905933,0.41694220000000004,-0.488860321,0.16437677858681088,0.509449572961061,-0.10784104319334659,0.07956370035032542,0.509034791838298,-0.08139317826316364
-0.027877644,0.416887817,-0.48884317,0.16436209322968656,0.5092500711484264,-0.10776700605620289,0.0795362129001719,0.508967843226947,-0.08135848060671225
-0.027979265000000003,0.416904419,-0.488838013,0.164381957387361,0.509267883769087,-0.10782345188044513,0.07956490603349296,0.5089797991886523,-0.08138664705075695
-0.027921144000000002,0.416952148,-0.488859222,0.16440127267735616,0.5094654101667137,-0.10786141406104162,0.07959072386819929,0.5090542998122182,-0.08140538182528775
-0.027825777,0.416972351,-0.48886434900000003,0.16437884493200391,0.5093632519448481,-0.1077774166365142,0.0795566221487544,0.5089941547248389,-0.081358216572088
-0.027884820999999997,0.416924408,-0.488840363,0.16440757616106733,0.5092691155273841,-0.10778651605265663,0.07958609248863799,0.5089747230786509,-0.08136400513133936
-0.027900461,0.41694427500000003,-0.488849518,0.16444289198763587,0.5093691978467909,-0.1078408389835297,0.07962775714952074,0.5090392719319606,-0.08139837514264911
-0.027806063000000002,0.41696536300000003,-0.488871918,0.16444010582310775,0.5093988206707311,-0.1078162635825546,0.07962040149433293,0.509037925926728,-0.0813888657678591
-0.027820181000000003,0.416990997,-0.48888662699999996,0.16446001232029617,0.5093927034768834,-0.10784043926876626,0.07964200078484043,0.5090392833991324,-0.0814075079876323
-0.027876749,0.416917023,-0.488865021,0.16449591431823454,0.509403616866128,-0.10788610603156212,0.0796837470663962,0.5090644085597954,-0.08143424283699084
-0.027849651000000003,0.416972412,-0.488872528,0.1644957321907348,0.5094199603215245,-0.10787036309514542,0.0796828052423605,0.5090615903969717,-0.08142118851180345
-0.027803946,0.416907623,-0.488839844,0.16448568690586007,0.5094536431910295,-0.10783344443252775,0.07967088801572351,0.5090732255617338,-0.0813905812300261
-0.027871092,0.416885254,-0.48880304,0.16453547769495444,0.5095159665868378,-0.10787626447547422,0.07973102048035359,0.5091094934336243,-0.08140064061491427
-0.027944637,0.41701889,-0.488833679,0.16456737641374625,0.5094325365638404,-0.10790745529284124,0.07976623413920506,0.5090688034034938,-0.081420594213916
-0.027905874,0.416963593,-0.488837189,0.16451028660867162,0.509335380556435,-0.10785238708805509,0.0796979574033104,0.5090345657061518,-0.08140057868332627
-0.027901824999999998,0.416953156,-0.488843445,0.16449108644007635,0.5094209785891839,-0.10787019830036189,0.07968062091326188,0.5090761745818552,-0.08141295184471675
-0.027809231,0.416962524,-0.488854462,0.16449769205705586,0.5094663937652657,-0.10784655301330247,0.07968354349219384,0.5090909863106059,-0.08140153240159384
-0.027895617,0.41703479,-0.488878662,0.1645179680384232,0.5094309171810736,-0.10789846138291073,0.0797103457389091,0.5090607487831802,-0.08143244509875178
-0.027969975,0.41686132800000003,-0.488836517,0.16445145267694225,0.5094278421014571,-0.1079016407737489,0.0796433101731087,0.5090849295640446,-0.08143692428680446
-0.027856016,0.416969543,-0.488881958,0.16444304678846614,0.5093837813108457,-0.10784833179918678,0.07962611170603563,0.5090346072783676,-0.08141189021921974
-0.027860819,0.416971863,-0.488901917,0.1644428132299114,0.5094351884508042,-0.10788250572886972,0.07962796743440105,0.5090637426908707,-0.08143966542332709
-0.027995445,0.41692190599999995,-0.48888360599999997,0.1644570364096008,0.5094698647180359,-0.1079599088846208,0.07965190989489926,0.5091132382752268,-0.08148571055683454
-0.027959316,0.416936707,-0.488886108,0.16442566629348718,0.5093189541553914,-0.10788809713105593,0.07961015844655214,0.5090337161072521,-0.08144630992565703
-0.027848227,0.416986664,-0.48889389,0.164399047565544,0.5093394714513366,-0.10781923895953287,0.07957581676740057,0.5090254261182141,-0.08140256363528289
-0.027923594000000003,0.416923767,-0.488856201,0.16439863293796014,0.5094269190797043,-0.10785584251121849,0.07958599630391157,0.509044971148851,-0.08140606697999409
-0.028000109,0.41695471199999995,-0.488853027,0.16439328896862979,0.5094171269448452,-0.10787871352428947,0.07958626927361655,0.5090226313129937,-0.08141111774493516
-0.027953562,0.416997559,-0.488859894,0.16437682068762077,0.5093403804776012,-0.10782476109959885,0.07956094017328423,0.5090025099541705,-0.08138478948878992
-0.027944181000000002,0.416846161,-0.488830688,0.16436559754825106,0.5093254071980099,-0.10781824281610887,0.07954632015315385,0.5090256966796444,-0.08138871012118716
-0.028000788,0.417000366,-0.488882629,0.16436830668528898,0.5093431195999879,-0.10786702229186068,0.07955570143743347,0.5089966881749075,-0.08141665709528252
-0.027921169,0.416984924,-0.488889374,0.16437144231897374,0.5094579284081349,-0.10786674950704378,0.07955809282571925,0.5090545379723436,-0.0814195782672952
-0.027882904,0.416964905,-0.488899872,0.16439156610659092,0.509413669038022,-0.10786221052713597,0.0795727869129292,0.5090688948860912,-0.08143162843793073
-0.027969705999999997,0.416904327,-0.488884796,0.16440115494860405,0.5092922903572422,-0.10788104093683666,0.07958378766147553,0.5090203555849826,-0.08144507867606046
-0.027932434,0.417038208,-0.488929565,0.16440525879033713,0.5094458253614524,-0.107913831107938,0.07959277069276749,0.5090706062841092,-0.0814634829809886
-0.027824209,0.416944885,-0.488899017,0.16439813163582945,0.5094885252709271,-0.10785808521769724,0.07957993597452345,0.5090896066232778,-0.0814263922835288
-0.027872425,0.41698925800000003,-0.488899841,0.16441508179018433,0.5093431938753266,-0.10784576275337093,0.0795949523591282,0.5090246722832892,-0.08141918465503414
-0.027894329,0.416982483,-0.488894409,0.16445001894291122,0.509379686749658,-0.1078795092371459,0.07963394523921132,0.5090625242380483,-0.08143990084135118
-0.02784432,0.416975769,-0.488893555,0.16446560680513655,0.5094922467017757,-0.1078902233958039,0.0796516360382118,0.5091181576556592,-0.08144461387690625
-0.027814892,0.417036774,-0.488914429,0.16445389105729522,0.5094428669347176,-0.10786354743974937,0.07963532638917231,0.5090862925790869,-0.08143243348173479
-0.027871023,0.416968658,-0.488892578,0.1644683248497753,0.5093819204043445,-0.10787904872820883,0.0796516529618793,0.5090695383126203,-0.08144130241762172
-0.027867189,0.41702795400000003,-0.488906097,0.1644755911928404,0.5094583306482167,-0.10789845184311503,0.07966175260365388,0.5091093669278812,-0.08145207494981435
-0.027842963999999998,0.41699047899999997,-0.488905548,0.16446638934301827,0.5094830899703191,-0.1078961323416458,0.07965166361170485,0.5091176830931765,-0.08145282279784215
-0.027894691000000003,0.417046722,-0.488920349,0.16444675535518183,0.5094079633968044,-0.10789526532534853,0.07963145515764274,0.5090740990008116,-0.08145338132175271
-0.027901348,0.416912659,-0.488880157,0.16442312998284153,0.5093901173370768,-0.1078746975170958,0.07960580070623031,0.5090767268648206,-0.0814390722457311
-0.027849096,0.417037628,-0.488909912,0.1644149405371972,0.5094281226753465,-0.10785285323359262,0.07959611217253047,0.509069515794472,-0.08142261300306512
-0.027868639,0.417003876,-0.48889486699999996,0.16439951723026627,0.5094464052863045,-0.10785250693146134,0.07958162768079462,0.509081942414749,-0.0814193341767184
-0.027918308,0.416935974,-0.488868561,0.16440498990014013,0.5093956736591663,-0.10785819590294932,0.07958822746225819,0.5090715956185231,-0.08142088087905415
-0.027903296,0.417023315,-0.48888827500000004,0.16442932423267237,0.5094427814966873,-0.1078728544530889,0.07961445756887862,0.5090977482150937,-0.08142972325554189
-0.027854096999999998,0.416989136,-0.488873962,0.1643933468247938,0.5093999441724687,-0.107813457403445,0.07957109681728687,0.5090757737131285,-0.0813937552879691
-0.027897811999999998,0.416974091,-0.488861847,0.1643825845777299,0.5093693044976031,-0.10781418737947382,0.07956168353708706,0.5090577130440479,-0.08139000337858641
-0.027930592999999997,0.416989197,-0.48887908900000004,0.16440105625476792,0.5094160859390732,-0.10786497878408914,0.0795855291655426,0.5090801863209353,-0.08142384834840959
-0.027867933,0.417058838,-0.488907471,0.16438982650248277,0.5093762155199777,-0.10782952489637591,0.0795680024977413,0.5090497856902916,-0.08140848292660945
-0.027896784,0.416963562,-0.488892029,0.16436434222649018,0.5093581580601059,-0.10783449627213394,0.07954261111631566,0.5090391329331851,-0.08141306563079939
-0.027902197,0.417029266,-0.48891101099999995,0.16437391756849934,0.509436714834618,-0.1078641576421013,0.07955635865688744,0.509073026311125,-0.08142991330589365
-0.027888688999999998,0.416939026,-0.488874908,0.1643511282404051,0.509345259764395,-0.1078094465416138,0.07952803534643205,0.509025354732398,-0.08139239872464299
-0.027957705,0.416933624,-0.488847961,0.16434847959641838,0.5092794256870121,-0.1078013371278177,0.079528935875417,0.5089707083006738,-0.0813727628335107
-0.027953636,0.417062347,-0.48885565200000003,0.16436504299417823,0.5093904800117168,-0.10781105244222874,0.07955097247638691,0.5090135423487993,-0.08136580328676404
-0.027863283,0.41693084700000005,-0.488820343,0.16436626854050912,0.5093522917283689,-0.10775339172175932,0.07954338068715809,0.5090200772375455,-0.08133583747381413
-0.027828001,0.41693103000000004,-0.488827942,0.164361730605537,0.5092946990619821,-0.10772689898064863,0.07953241440060192,0.509012148043016,-0.08132941577072825
-0.027935341000000002,0.416902435,-0.48879968300000004,0.1643794135623604,0.5093532139353228,-0.10778284093195128,0.0795618737300818,0.5090312066733517,-0.0813479947849379
-0.027963196,0.416950531,-0.488787323,0.1644409213717075,0.5094757977289824,-0.10783368287723909,0.07963611940532073,0.5090644971147796,-0.08135923787947036
-0.027832609,0.417131104,-0.48886508199999995,0.164458892948497,0.509490242598123,-0.10781428081537962,0.07964622969295049,0.5090679754146787,-0.08136520361748359
-0.027958860000000002,0.41683221400000003,-0.488789368,0.1643893446944877,0.5092537036327056,-0.10778230547685433,0.07956995351875258,0.5089907400214648,-0.08135274677054997
-0.027926231000000003,0.416979675,-0.488840942,0.16444264237553316,0.5094269863054784,-0.1078505792921577,0.0796315995033502,0.5090649335062701,-0.081395414061214
-0.027718126000000003,0.417030762,-0.488884674,0.16439902164781917,0.5094568818773203,-0.10776217501610835,0.07957260068063553,0.5090632636990573,-0.08135681167225157
-0.027877453,0.416902985,-0.488846161,0.16437952365081346,0.5093229217705162,-0.10779267984012456,0.07955755732636545,0.5090048874760009,-0.08137199238247274
-0.027954208,0.417017975,-0.488861511,0.16438646535625576,0.5093679679557958,-0.10783331065051954,0.07957158767156594,0.5090263952684511,-0.08139016987406165
-0.027763546,0.41694427500000003,-0.488849762,0.1643585956451961,0.5094277460030748,-0.10774369334125532,0.07953090220284806,0.5090615095917638,-0.08134202409790521
-0.027870632,0.41707705700000003,-0.488868103,0.16438096403471333,0.5094170559315326,-0.10779252820273354,0.07956125722864872,0.5090551736857195,-0.08136515184285623
-0.027985119,0.416862213,-0.488802856,0.16435014960800773,0.5092467233487259,-0.1077802950082014,0.07953080144597521,0.5089673781414843,-0.08135076632688919
-0.027889898,0.417065674,-0.4888573,0.16438677014803268,0.509434355608363,-0.10780132664246123,0.07957232846187387,0.5090235188439736,-0.08135777284741709
-0.027843897,0.417105438,-0.48886203,0.16439547826522521,0.5094863452625753,-0.1077902049346764,0.07957903691906497,0.5090679003184073,-0.08135318498356872
-0.027959904,0.41682440200000004,-0.488790283,0.16439058682993635,0.5092265743918382,-0.10777968931212263,0.07956952351996813,0.5089892541101321,-0.08135525477241197
-0.027933847,0.417119446,-0.488880524,0.1644299234870914,0.5093295545224652,-0.10783010610506846,0.07961468391278316,0.509006906558062,-0.0813878884042598
-0.027715261,0.417003693,-0.48887796,0.16439783202938463,0.5095583010873124,-0.10778459965883064,0.0795745977506542,0.5091237139207687,-0.08136964360769372
-0.027788435,0.41705691500000003,-0.488885986,0.1643894545250203,0.5093242226300781,-0.10775563033668777,0.07956108271227322,0.5090091223505483,-0.08135548090329656
-0.027943947,0.416930237,-0.48886145,0.16446024476047627,0.5093176423331502,-0.10787439035565557,0.07964468675402085,0.5090530714857667,-0.0814325491751797
-0.027757956,0.41704449499999996,-0.48890686,0.16444945351694412,0.5094265416487623,-0.10781918705398505,0.07962566188677891,0.5090824107661598,-0.08140468743519312
-0.027679596,0.416989319,-0.48886843900000004,0.16445922247263237,0.5095325138740332,-0.10778527641460738,0.0796362027567359,0.5091196460095797,-0.08136928298077362
-0.027821566,0.41697232100000003,-0.488834015,0.1644945349388303,0.5094033662578187,-0.10781306481501365,0.07967848842831853,0.5090596226220606,-0.08137370140866852
-0.027806118,0.417036011,-0.48885437000000004,0.1645617288551797,0.5094550873712962,-0.10785663889571134,0.07974941763342934,0.5091084267148152,-0.08140533393154345
-0.027747177,0.416996948,-0.488851074,0.1645249998954352,0.5094556601030766,-0.10781466913063838,0.07970692600098439,0.5090990326353717,-0.08138198102711851
-0.027799864,0.417101257,-0.488872681,0.16457109983291082,0.5095639902818969,-0.10788711629226083,0.07976535844118553,0.5091287919749167,-0.08141606281631061
-0.027812302,0.417029907,-0.488845703,0.16452697410970465,0.5094537309348378,-0.10783469932360469,0.07971455182442924,0.5090802745651312,-0.08138411522538024
-0.027782295000000002,0.417050842,-0.488844391,0.1645645160128054,0.5094641042770538,-0.1078346292665849,0.07975272562276385,0.5090883420832077,-0.08138205176830444
-0.027797357999999998,0.417009766,-0.48883090199999996,0.16456457435202348,0.5095352653569349,-0.10785601537598308,0.07975755586599693,0.5091137317462151,-0.08138883253347075
-0.027801197,0.41713559,-0.488862946,0.16455074140023454,0.5095714366092728,-0.10786125132799919,0.07974440309773577,0.5091240030796088,-0.08139231425731447
-0.027769037,0.416987396,-0.488825195,0.16449921461226938,0.509392121165519,-0.10777371360059215,0.07967814325084137,0.5090713810643724,-0.08135018579713148
-0.027806919,0.417115479,-0.488859009,0.16457278954416493,0.5094183561614127,-0.10783909889578439,0.07976100807352475,0.5090678936684677,-0.08138614551604587
-0.027800909000000002,0.41714257800000004,-0.488855591,0.16459214778265552,0.5096342798633974,-0.10788821434436625,0.07979093693202303,0.5091583737097735,-0.08140335085042477
-0.027753662,0.417110199,-0.488842651,0.16457664151299584,0.5096112130702771,-0.10784585044360892,0.07977023186468318,0.5091478768095622,-0.08137741556798232
-0.027773588000000002,0.417080597,-0.488838135,0.1645210999997735,0.5093740400217841,-0.10777302425133599,0.07970096057128882,0.5090587440279394,-0.08134643955974394
-0.027834044,0.41708969100000004,-0.48883383199999997,0.16454742344542111,0.5094018628897784,-0.1078170617756756,0.07973389829865449,0.5090792022384778,-0.08136934571216482
-0.027787462000000002,0.41709362800000005,-0.488841858,0.1644904493261987,0.5094819375798653,-0.10779127033919259,0.07967368276740133,0.5091072537533037,-0.08135463732298212
-0.027724598,0.41706811499999996,-0.488844513,0.16447257477139152,0.509424841265899,-0.10774554005495668,0.07964849351481815,0.5090728503640768,-0.08133207409388916
-0.027837553,0.417076782,-0.488831329,0.16446154232444837,0.5093167212264464,-0.10775548768158558,0.07963892342038073,0.5090385510431991,-0.08133644556614053
-0.027898901,0.416942657,-0.488783356,0.16448472039377124,0.509338195953168,-0.107787881107438,0.07967104666501759,0.5090256715436431,-0.08134051980580381
-0.027840759,0.417005615,-0.488780579,0.16452737091540892,0.5096081026137583,-0.10782752786609796,0.07972670616288247,0.5091075756687115,-0.08134136972641852
-0.0278908,0.417139313,-0.48881820699999995,0.1645077488665403,0.5095455686571086,-0.10783286922816415,0.07970670388831941,0.5090667928275854,-0.08134752635705837
-0.027914383,0.416961182,-0.488794678,0.16449011830373364,0.5092549084781431,-0.10778507022287784,0.0796755906545409,0.5089690187073994,-0.08134014614704609
-0.027834154000000003,0.416933105,-0.488787537,0.16451836400730604,0.5094125932716685,-0.10779672562406069,0.07970609630092489,0.5090540666041623,-0.08134543930707747
-0.027772725999999998,0.417078094,-0.48883193999999996,0.16449251052693545,0.509623803771301,-0.10781315343717852,0.07968441181414088,0.5091233528354094,-0.08135080689960074
-0.027825315,0.417080414,-0.488831146,0.16457820158687106,0.5096349252019147,-0.10788430646878994,0.07977718004206753,0.5091710365275991,-0.08139862363921549
-0.027867595999999998,0.416946533,-0.48880618299999995,0.164566429991769,0.5093484495476449,-0.10783771088379132,0.07975418455044805,0.5090666599146074,-0.0813854243947739
-0.02777877,0.417040222,-0.488840515,0.16457651171223914,0.5096058859057163,-0.10787202712897374,0.0797705559155053,0.5091653252171464,-0.0814017492616125
-0.027807228,0.417114563,-0.48884903,0.1645717806569619,0.5097686274976667,-0.10791401369424744,0.07977591128899378,0.5092147912661349,-0.08141356754229878
-0.027876194,0.416998535,-0.488809082,0.16457030480545737,0.509478133555579,-0.10786576044657363,0.07976514310411731,0.5091112540873192,-0.08139181493483442
-0.027863527000000003,0.416997925,-0.488810211,0.1645592700348037,0.5093218510906075,-0.10781715969833112,0.07974584627284811,0.5090404943723156,-0.08136864686934155
-0.027801819,0.417091675,-0.488839935,0.16457017728831716,0.5096687307703072,-0.1078826551422892,0.0797693688946443,0.5091722738556304,-0.08139688029984489
-0.027851234000000002,0.417069122,-0.488823547,0.16457450849928942,0.5097306990296073,-0.10791396316989937,0.07978013387100737,0.509202068873736,-0.0814082199384776
-0.027866731999999998,0.41698516799999996,-0.488806274,0.1645563105026704,0.509421655767901,-0.1078406407326574,0.07974618470848474,0.5091001545226267,-0.08138201184873942
-0.027837214,0.41699624599999996,-0.488817688,0.16452113400941848,0.5094007871793089,-0.10781163554391895,0.07970500679735033,0.5090991038777661,-0.08137201764529862
-0.027801929,0.41706509399999997,-0.488846436,0.16445693223205915,0.5095840896338563,-0.10781794492316266,0.07964304275677091,0.5091580034859705,-0.08137286134678937
-0.027823828,0.417041962,-0.488846161,0.16445873486636647,0.5094963143115053,-0.10781393920788031,0.07964306291945723,0.5091150555082932,-0.08137388859120324
-0.027843695,0.416947327,-0.488814819,0.16447951862126722,0.5093392070423378,-0.10778795998312199,0.07965850387745879,0.5090725750221137,-0.08136364905758182
-0.027857701999999998,0.41698114,-0.488824677,0.16451442392914023,0.5095167357372664,-0.10785738972366522,0.07970474436660893,0.5091443696978682,-0.08139799746445658
-0.027846121,0.417045898,-0.48884875499999997,0.1644465121618082,0.5095652875669792,-0.10783740205433122,0.07963600922413423,0.5091243092068333,-0.08138170376005291
-0.027827487999999997,0.41700338699999995,-0.48883248900000004,0.16445541187847795,0.5094805997654218,-0.1078059849073066,0.079639849530327,0.509099682326191,-0.08136557779688917
-0.027864988,0.416953125,-0.488812927,0.1645031477931969,0.509423689754056,-0.1078278350696815,0.07968960767622921,0.5090987579425238,-0.08138019481882805
-0.027852156,0.416992188,-0.48882724,0.1644147898448469,0.5094153645852688,-0.10777957467055581,0.07959597678422412,0.5090617301410139,-0.0813492183286491
-0.027863825,0.41702520800000004,-0.48883902,0.16440358272797076,0.5095650965315496,-0.10781991517220814,0.07959176781172243,0.5091192609356978,-0.08136850454958329
-0.027828157,0.416980103,-0.488825958,0.1643872029268464,0.5093809749598738,-0.10774685918075869,0.07956283737244342,0.5090545328175834,-0.08133397810894155
-0.027915911,0.41693649299999996,-0.48880917399999996,0.16438229086563028,0.5092821536624207,-0.10775848734046439,0.07955836048879393,0.5090297184867599,-0.08134339781570753
-0.027902029,0.41698309299999997,-0.488826447,0.16438196250012518,0.50946854416028,-0.10780249339065483,0.0795657761113095,0.5090983104607739,-0.08136393639223627
-0.027896418,0.417015625,-0.488843445,0.1643657400995579,0.5095271696870861,-0.1078148083463397,0.07955144824144698,0.509109620890234,-0.08137087913181819
-0.027911097000000003,0.416954926,-0.488817932,0.16435414691333053,0.5093123380197262,-0.1077534627620464,0.07953097435928623,0.5090159877127706,-0.08133639598589594
-0.027945501,0.416890198,-0.488786591,0.16439274075218127,0.5093320087528749,-0.10777942876804628,0.0795763544196998,0.5090163211360728,-0.08134080562838472
-0.027924597,0.417023254,-0.488822449,0.16444114808061067,0.5096206481823404,-0.1078669555393347,0.0796401711331577,0.5091218387000814,-0.0813817645724725
-0.027961124,0.41701086400000004,-0.488828369,0.16437065338825987,0.5094379053291284,-0.10781436043147812,0.07955958390655377,0.5090376422492182,-0.08135983103613115
-0.027920781999999998,0.41684967,-0.48878466800000003,0.16436642853265226,0.5092373833186158,-0.10773862828699374,0.07954239419906675,0.5089781643964956,-0.08132393829035874
-0.02788146,0.41697103900000004,-0.488830017,0.16435432564030683,0.5093358626027175,-0.10775248241191895,0.07953261716541167,0.5089888503639709,-0.08133133185787864
-0.027870584,0.417011932,-0.48883203099999994,0.16436933330193268,0.5095833365925726,-0.10780671092908715,0.07955775923202947,0.5091090489137053,-0.08135502293614041
-0.027869366,0.416899689,-0.48879809599999996,0.1643398950053592,0.5092763902298003,-0.10771006110345382,0.07951187368509836,0.5089955937194037,-0.081308398373574
-0.027905155,0.416881042,-0.488804688,0.16437471831997164,0.5091904358284037,-0.1077359653071955,0.07954792756805087,0.5089589877284443,-0.08132987045770892
-0.027818129,0.41704168700000005,-0.488851227,0.1643927533976141,0.5095454887934341,-0.10779484189494912,0.07957648443673877,0.5091047437152103,-0.08135763126247741
-0.027896757,0.416975037,-0.48883895899999996,0.16440762716164256,0.5095323645397302,-0.10784275135673278,0.0795970557974917,0.5091066775112277,-0.08138702195584051
-0.027920065,0.416934326,-0.488830078,0.16440363232504626,0.5092189624543849,-0.10777747453252175,0.07958036784045404,0.5089785656855995,-0.08136013450246424
-0.02787394,0.416978729,-0.48884494,0.16439511961283243,0.5093477840448454,-0.10778521807526471,0.079573354985126,0.5090355105805486,-0.0813638143763946
-0.027830959,0.41699990800000003,-0.488860352,0.1643958831839709,0.5095735310137331,-0.10782897435017014,0.07958186220062956,0.5091213305855439,-0.08138474620671156
-0.027849126999999998,0.417016571,-0.488857635,0.1643860407101026,0.5093971393979669,-0.10778360522943899,0.07956448709705019,0.5090483450626639,-0.08136198098199855
-0.027907730000000002,0.416907623,-0.48882312,0.16438878764089135,0.5092287729449192,-0.10776564419920771,0.07956344034552548,0.5089938472591872,-0.08135494354897964
-0.027816797,0.416997528,-0.488846527,0.1643962841344272,0.50945447364748,-0.1077798793778469,0.07957476966140464,0.5090881906134691,-0.08135836613702316
-0.027863287,0.417061829,-0.488864014,0.16439770504310974,0.5095475001392791,-0.10782850796394354,0.07958463178020375,0.5091095275716153,-0.08138100096566274
-0.027878448,0.416987061,-0.488841461,0.1644033304408693,0.5093592363835672,-0.1077889132035562,0.07958216195716286,0.5090513565011828,-0.08136554419561338
-0.027829935,0.416952911,-0.488832703,0.1644326047128603,0.5093333890683007,-0.10777246054131723,0.07960783054822568,0.5090593913970857,-0.08136029561891645
-0.027771559,0.41708316,-0.48887478599999995,0.16443950376041236,0.5095342082563179,-0.10780568948801829,0.07962074308843528,0.5091257405060116,-0.08137595557221738
-0.027808804,0.417037262,-0.48885888699999996,0.16443816656755322,0.5095456238803768,-0.10782181455501495,0.07962259980964748,0.5091310269396158,-0.08138192825410312
-0.027854869999999997,0.416977997,-0.48883795199999996,0.1644610260160804,0.509385591343738,-0.10781121024192794,0.07964191699404756,0.5090846536354862,-0.0813811511444257
-0.027846634000000002,0.417031219,-0.488860992,0.16447242952915872,0.5093997849640479,-0.10782638581225507,0.07965369679564634,0.5090938502683477,-0.08139517652973893
-0.027807469999999997,0.417036652,-0.48885674999999995,0.1644774528751281,0.5095646639724615,-0.10784359967186861,0.07966412577980891,0.5091570953911342,-0.0813964206622444
-0.027807698999999998,0.416986328,-0.488825317,0.1644649157803431,0.5094925379239567,-0.10780066160527116,0.07964813926742295,0.5091208635909313,-0.08136401804295923
-0.027797743,0.41698925800000003,-0.48881680299999997,0.1644316629244842,0.5092932059765113,-0.10772130056851421,0.07960384583844823,0.5090248949416506,-0.08131885181276806
-0.027793022,0.41709613,-0.488843445,0.16446095226497592,0.5094297009479669,-0.10776751248397773,0.07963934531157829,0.5090974014572837,-0.08134584687438723
-0.027820398,0.417023712,-0.488828247,0.1644535705788553,0.5094764365520214,-0.10779129338856523,0.07963460398885391,0.5091341542213808,-0.08136128029542498
-0.027799681,0.41707702599999996,-0.488846436,0.16444552212306957,0.5093559789036001,-0.10775284904946875,0.07961995227984622,0.5090689813703291,-0.081343377720388
-0.02780937,0.417034943,-0.48882568400000004,0.164435448727036,0.5093691709487719,-0.10774529181306201,0.07960969971741444,0.5090882447655238,-0.08133633067996453
-0.027802288,0.417005615,-0.48881011999999996,0.1644571087374964,0.5094402160494724,-0.10776141683648575,0.07963671740546263,0.5091026969172566,-0.08133591517976708
-0.027801418,0.417127258,-0.488852966,0.16446179876748873,0.5094945400324673,-0.10778986627006083,0.0796446815995275,0.5091087273865836,-0.08135451821841207
-0.027898294,0.417105927,-0.488837646,0.16447152676071833,0.5093973426844308,-0.1078099672953029,0.07965733923419568,0.509071111888738,-0.0813644192696521
-0.027846043,0.41702774,-0.488814117,0.1644832078981255,0.5094146231517139,-0.10778909372972367,0.07966555537366343,0.5091045007082422,-0.081354467063117
-0.027808031,0.417078491,-0.48883566300000003,0.16450200496135775,0.5095154668676517,-0.10781309037651146,0.07968838339295535,0.509130926723288,-0.08136651086190505
-0.027869526000000002,0.417132294,-0.48884234600000004,0.16443208799632097,0.5094901439925494,-0.10779633554089417,0.07961631440684161,0.5091227800704784,-0.08135641426907234
-0.027877583,0.416992432,-0.48880297899999997,0.16443354161673948,0.5093161404978337,-0.10775349469974646,0.07961149916845256,0.5090475677023196,-0.0813325025486609
-0.027832207,0.417100891,-0.488837219,0.16444687711032496,0.5094369633562965,-0.10777456162834864,0.07962725282746949,0.5091013193934063,-0.08134657414654049
-0.027828875,0.417168243,-0.488855774,0.16444230627311607,0.5095673998629389,-0.10780442057044473,0.07962779134307191,0.5091542538876751,-0.08136113767520572
-0.02784713,0.417008026,-0.48880969199999996,0.16439666662456187,0.509388682319541,-0.10774003657597893,0.07957234583398502,0.5090889856419619,-0.08132669473871869
-0.027893728,0.417075623,-0.488831299,0.1643900377853087,0.5092810495180997,-0.10773937042675788,0.07956358081060506,0.50904144864117,-0.08133227609149014
-0.027822233000000002,0.417026337,-0.488827515,0.1644073937269443,0.5094508546503967,-0.10776134694890106,0.07958424374944101,0.5091227477432883,-0.08134458302057902
-0.027840019,0.417130463,-0.488859009,0.16443285089739498,0.509493742879797,-0.1077998097685645,0.0796148416550956,0.5091302550498784,-0.08136700765709862
-0.027876839,0.417039215,-0.488835266,0.16445043064043968,0.5093927853408222,-0.1078011668886557,0.0796306422312694,0.5091096124867887,-0.08137309185373255
-0.027877024,0.41708779900000004,-0.488856232,0.16444926702499538,0.5093616782384564,-0.10780233255991714,0.07962860058299509,0.5090848793841631,-0.08137700816413371
-0.027841776,0.41709439099999995,-0.488855133,0.16444105562331088,0.5094975339742196,-0.1078106249447801,0.07962357389232809,0.5091391826764766,-0.0813760600749925
-0.027855974,0.41709643599999996,-0.48884768700000003,0.1644389547099207,0.5094523069381419,-0.1077978230932655,0.07962035776861438,0.509119079324841,-0.08136650804919031
-0.027892558999999997,0.417043579,-0.488832001,0.1644761372073231,0.5093883453681184,-0.10781668092540048,0.07965848321039752,0.5091154192654299,-0.0813816487806596
-0.027905289,0.417048615,-0.488830933,0.16449939655646867,0.5094163835230223,-0.10783936143754277,0.07968594359427197,0.509120074415987,-0.08139110553596135
-0.027892857,0.41705304,-0.488810059,0.1645794718683233,0.5095977109209013,-0.10789559118368924,0.07978121878107808,0.5091618948715565,-0.08140056937928529
-0.027829193,0.417109314,-0.488798615,0.16460923117419587,0.5096849034392554,-0.10787453013667203,0.07981284273964102,0.5091911742165125,-0.08137455688000807
-0.027757406,0.417169983,-0.488841064,0.16458633574465747,0.5095075155003509,-0.10781139272616286,0.0797743130485885,0.5091267736497724,-0.08135963126236044
-0.027857159,0.417027893,-0.48881543,0.16460187017565514,0.509417529196275,-0.10785661004707982,0.07979341796395488,0.5091048127734483,-0.08139251201620311
-0.02785264,0.417264771,-0.488873016,0.16460649541142544,0.5096143153149726,-0.10790452891853454,0.0798053842225828,0.509192715816256,-0.08141842619100151
-0.027715885,0.417131317,-0.488862122,0.16452564420612914,0.5094368009877737,-0.10777310698919053,0.07970326975348545,0.5091011650694838,-0.08135394758850088
-0.027835299,0.417158478,-0.488867401,0.1646107795680123,0.5094973160619094,-0.10788972302291933,0.07980215938562674,0.5091704071378975,-0.08142633480431676
-0.027909472,0.417204193,-0.48888165299999997,0.164631371851156,0.5094799070138447,-0.10793656333489224,0.07982941184073264,0.509147524259553,-0.08145190847989357
-0.027736692,0.417189392,-0.488895844,0.16461177136237304,0.5096085538600842,-0.1078883474190921,0.07980230501835069,0.509201347288592,-0.08142878498991593
-0.027747076,0.417229309,-0.488920807,0.16458710533052415,0.5095856939965323,-0.1078908788710844,0.07977429584114551,0.5092080409348642,-0.0814415959436289
-0.027934019,0.417111115,-0.488886993,0.1646312288636124,0.5094562334443014,-0.10797105778283071,0.079829300138734,0.5091529535399116,-0.08148595350639942
-0.027892344000000003,0.41731601,-0.488933929,0.16455051865699488,0.5094731363372862,-0.10791063054533617,0.07974146501860312,0.5091366672624047,-0.08144875131850801
-0.027704543999999998,0.417089661,-0.48887747200000004,0.16451043236526305,0.5095715845964168,-0.1078178415529464,0.07968993852972579,0.5091941679774852,-0.0813932086343126
-0.027849976999999998,0.417189056,-0.48889712500000004,0.1644870999276704,0.5093660566444963,-0.1078252227574689,0.07966771290379855,0.5090747305694021,-0.08139594814188751
-0.027923302,0.417192047,-0.488888123,0.16449386030944638,0.5094304806249478,-0.1078715192950782,0.07968106375858594,0.5091282628538858,-0.08142122537734622
-0.027770648999999998,0.417161346,-0.488893768,0.16447470100385167,0.5094814134029328,-0.10781021306191092,0.07965201634327809,0.5091551748296236,-0.08139193192820766
-0.027816225,0.41719113199999996,-0.48889050300000003,0.16445262993467039,0.5094032633594271,-0.10779267364394138,0.0796306755566115,0.5090826760990323,-0.08137197868737048
-0.027879809999999998,0.417241943,-0.488903046,0.1644557190913515,0.509441117150611,-0.10783572672067328,0.07963957374393536,0.5091023363404344,-0.08139661632221555
-0.027844605999999997,0.41714798000000003,-0.48889682,0.16447820033939972,0.5094640000545051,-0.10785136878627526,0.07965933204676233,0.5091602013106774,-0.0814205698847536
-0.027842434,0.417158813,-0.48891342200000004,0.1644458748372646,0.5093069021452655,-0.10780991737295244,0.07962023680790534,0.5090558679621271,-0.08140029871905637
-0.027861349,0.41726062,-0.48894268799999996,0.1644173747105331,0.5094869207038256,-0.10785326653257954,0.07959837418078217,0.5091342218601714,-0.0814234993116409
-0.027890503,0.41713842799999995,-0.488909088,0.16444324016250877,0.509497479048316,-0.10787958491895268,0.07962778141601456,0.5091579911626326,-0.0814382810878173
-0.027891169,0.417301208,-0.488956573,0.1644347450181792,0.5093192487228926,-0.10784062179062176,0.0796110628727202,0.5090688256748794,-0.08142471600875684
-0.027905321,0.41719986,-0.488926331,0.16444049880171208,0.5094159060929947,-0.10786828852429102,0.07962257147781923,0.5091147707723718,-0.08143443968060746
-0.027856003,0.417271057,-0.48892691000000005,0.16444162681839616,0.5095782436899159,-0.10786661275131365,0.07962694330250382,0.5091875973725263,-0.08142352862243547
-0.027844963,0.417240387,-0.488928925,0.16445960496863604,0.509450896388703,-0.10784872296332987,0.07963878355674882,0.509149861516052,-0.08142416098566622
-0.027903221,0.41722549400000003,-0.48892657500000003,0.16440871561900586,0.5092501996021235,-0.10780517979851408,0.07958078287114775,0.5090490303624746,-0.08140250570373558
-0.027903994,0.417237946,-0.488928131,0.16442514631452834,0.5094936894089387,-0.10787127844178167,0.07960903212446446,0.5091519232548506,-0.08143210651285836
-0.027840317,0.41712377900000003,-0.488897217,0.16442470312396754,0.5095086014411561,-0.10783927927020596,0.07960627844557054,0.5091447370139638,-0.0814078154354707
-0.027893749,0.41712194799999996,-0.48885971100000003,0.16440703787900282,0.5092970584045377,-0.10776903717647957,0.07958321209027543,0.5090339015467349,-0.0813537164378435
-0.027922058,0.417023773,-0.48883785999999996,0.16445344131125583,0.5093935085261777,-0.10783202735277371,0.07964032540651277,0.5090628430966918,-0.08138309781686302
-0.027827274,0.4173078,-0.48892913800000004,0.16445021137181204,0.5095253858507675,-0.10783698278477374,0.07963632641536432,0.5090968718959692,-0.0813919239442606
-0.027820309,0.417102692,-0.488880157,0.1644761294688767,0.5094747645549436,-0.1078349821824636,0.07965827891496789,0.5091333222130542,-0.0814013769188004
-0.027911972,0.417185181,-0.48889209,0.1645324908882266,0.5094036004129324,-0.10788442982467013,0.0797206620450711,0.5091135872998938,-0.08143089653766356
-0.027891871999999998,0.417211121,-0.488895996,0.1644285488961306,0.5094479955501147,-0.10783017495696987,0.07961081530941443,0.5091197064402995,-0.08139602775744004
-0.027788195,0.417210144,-0.488910492,0.16442337098059695,0.509524153726474,-0.10780842850631564,0.07960065821082853,0.5091638149996796,-0.0813906807394726
-0.027844988,0.417134338,-0.488903107,0.16439246197243532,0.5092549180790188,-0.1077672954555615,0.07956066673366448,0.50904106551896,-0.08137713391109537
-0.027957443000000002,0.417168304,-0.48891683999999996,0.16442022424396965,0.5093984876887391,-0.1078782964769764,0.07960286388725889,0.5091224451118495,-0.08144235455487313
-0.027870394,0.41729272500000003,-0.48894989,0.1644148041174562,0.5095057272771796,-0.10786051717048019,0.07959546019823129,0.509163640735475,-0.08143171249445623
-0.02780829,0.41710257,-0.48893045,0.1644365295736126,0.5094519953054825,-0.10785374081864188,0.07961072685130553,0.5091729124400923,-0.08144493266750254
-0.02794133,0.417333038,-0.48898230000000004,0.16444647344959698,0.5093502032105249,-0.10789737550403487,0.07962635276755793,0.5091105260089214,-0.08146993663802737
-0.02792144,0.417246735,-0.488949524,0.16448602610321117,0.5095773296927393,-0.10795034610185286,0.07967528921232722,0.5092416240887152,-0.08149385252341562
-0.027813334000000002,0.417307983,-0.488962158,0.16449499398682713,0.5095376450507688,-0.10788848833421338,0.07967551748408477,0.5092220635454,-0.08145977938338854
-0.027828711,0.41724600199999995,-0.48892947400000003,0.16448086042271767,0.5093914510699449,-0.10783605993653708,0.07965518118492958,0.5091626725385128,-0.08142637146952483
-0.027938955,0.417309296,-0.48893548600000003,0.1645208552027952,0.5095115716143839,-0.1079316709064101,0.07970963615649955,0.5092271269204279,-0.08147612219181054
-0.027840216,0.417310944,-0.488933075,0.1644900482786069,0.5094480339801915,-0.10784808266870846,0.07966899807476199,0.5091714510461407,-0.08142398785184446
-0.027781980999999997,0.417314636,-0.488941345,0.16450015850462463,0.5094787209483294,-0.10783859565174561,0.07967617037078523,0.5091981451089442,-0.08142397551512755
-0.027947939,0.417258728,-0.488914795,0.16451723976435087,0.5094017951440795,-0.10789936824128551,0.07970394987474941,0.509149218052392,-0.08145013563222131
-0.027876923,0.4171474,-0.488878601,0.16449177285930675,0.5094301730952187,-0.107848261091374,0.0796756423492231,0.5091305955048769,-0.08140862982962938
-0.027740321999999998,0.417331451,-0.488938141,0.16455799446928945,0.5096498961107956,-0.107880917655475,0.07974615254597196,0.5092198025501095,-0.08142933298089508
-0.027904346,0.417195404,-0.488896851,0.16456304503802718,0.5094938084398826,-0.10792014145924055,0.07975590145316469,0.5091641480198383,-0.08145205570153649
-0.027948744,0.417329071,-0.488909698,0.16460343347373177,0.5095157612780888,-0.10794878350438745,0.07980169137832326,0.5091854892216278,-0.08146340450680196
-0.027798407,0.41728146400000005,-0.488911316,0.16454116198366114,0.5095090110374335,-0.10785290176633601,0.07972490006016902,0.5091779849548086,-0.08141406711441902
-0.027803526000000002,0.417292084,-0.488915436,0.16453611917531968,0.5095455481051541,-0.10786333386425753,0.07972093909466829,0.5092006373927624,-0.0814212063556709
-0.027956150000000003,0.417248779,-0.488892944,0.16454678017551705,0.5094556510807239,-0.10791202597054507,0.07973948482064705,0.5091579056506976,-0.08144404824379115
-0.027836964,0.41725354,-0.488897369,0.16454544246144312,0.5094850446602786,-0.10786153798165299,0.07973014426492923,0.5091836538163683,-0.08141925748074226
-0.027805848999999997,0.417300537,-0.488927185,0.16452023735382,0.5094814064812376,-0.10785067155795752,0.0797022655089178,0.509158450586852,-0.08141722315823365
-0.027923819000000002,0.417153778,-0.488871277,0.16446912373122152,0.5094083918278206,-0.1078463603576132,0.0796536892568017,0.5091213228134203,-0.08140435761596052
-0.027893540999999997,0.417301086,-0.488923157,0.16450607929452676,0.5094372845738261,-0.10787296042411111,0.07969156717224482,0.509135266164121,-0.08142816583174016
-0.027758527999999998,0.41716558800000003,-0.488899872,0.1645121066797052,0.5094623250445727,-0.10782342211307054,0.07968883067764901,0.5091687634822808,-0.08140665636513415
-0.027924980000000002,0.41734817500000004,-0.488922485,0.16450676231588554,0.5094586153956894,-0.10788228160011999,0.07969441923256956,0.5091556966421745,-0.0814305417019607
-0.027958944,0.417220032,-0.488887085,0.16451568153318163,0.5094395322864156,-0.10789492290158836,0.0797046521128691,0.5091686150598157,-0.08143862430907149
-0.027735741,0.41728875699999995,-0.488916626,0.16449641394751496,0.5094227534697582,-0.10778138676544376,0.07966641833663779,0.5091776612723812,-0.08138571255229755
-0.027737677000000002,0.417356506,-0.488925568,0.1645351916583295,0.5094471027355101,-0.10780037694274176,0.07970760368702003,0.5092051157665054,-0.08139693769763988
-0.02789522,0.417268311,-0.488895447,0.1645920660259092,0.5095187855294938,-0.10791717996223286,0.07978046100219713,0.5092714514479646,-0.08146249565402058
-0.027766378,0.417372162,-0.488948944,0.16462878119306976,0.5095378673624119,-0.10790363073429445,0.07981300837929699,0.5092518552703539,-0.08146270182135935
-0.027715364,0.417266968,-0.488922699,0.16457976577465905,0.5095997135154173,-0.10786733234290984,0.079758080203872,0.509310229865359,-0.08144541532615858
-0.027899342,0.41736019900000004,-0.488945892,0.16458915438959695,0.5094587836659457,-0.10793148971599334,0.07977683993299675,0.5092126237374502,-0.08147906894779959
-0.027856009,0.417282471,-0.488929565,0.16462205526721932,0.5095786304616579,-0.10795770381835126,0.07981177804294061,0.509305490238745,-0.08149901688470289
-0.027679111,0.417496704,-0.48898828099999997,0.16467595283048075,0.5096383458465573,-0.1079169063938383,0.07985733506030851,0.5093515944896632,-0.08148511311547861
-0.027820169,0.417338104,-0.4889422,0.16463316704603292,0.5094712573209185,-0.10791839393070188,0.07981400838676746,0.5092929589643227,-0.08148738228295013
-0.027966074,0.41752691700000005,-0.488963379,0.1646763486095399,0.5095516193484517,-0.108008924430371,0.07987195227463315,0.5093414560948193,-0.08153081958179695
-0.027822648999999998,0.417409393,-0.4889198,0.16466371384198908,0.5095227006675734,-0.10790787898172231,0.07984666379215154,0.5093457563823239,-0.08147009249615457
-0.027817022,0.41739328,-0.488911591,0.1646797212801581,0.5094539294279246,-0.10789218737194471,0.07986357097304961,0.5092706500054067,-0.08145155768147674
-0.027863897000000002,0.41754364,-0.488955597,0.16475836270810673,0.5097781181656521,-0.10804168101623123,0.0799636452533278,0.5094199304735136,-0.08153418328380445
-0.027813227000000003,0.417413025,-0.488925934,0.16469685839354567,0.5095739748045824,-0.1079375199497507,0.07988417584701481,0.509359805324237,-0.08148600102572164
-0.027883583,0.417417084,-0.48893032799999997,0.16473639401981244,0.509407642694476,-0.10795627789736864,0.07992301938590883,0.5093063753692215,-0.08150630491380678
-0.027954712,0.417416321,-0.488968445,0.1646900757178849,0.5095504101031568,-0.10804162699173764,0.07988553320564139,0.5093524676491674,-0.0815638961454738
-0.027869264999999997,0.41744775399999995,-0.488983521,0.16470780236472768,0.5097644738993621,-0.10806667752906458,0.07990703967065348,0.5094541956456231,-0.0815779211105052
-0.02786224,0.41731451399999997,-0.488937561,0.16465827874204422,0.5094347252639867,-0.10794456653998401,0.0798392197878255,0.5093240400310234,-0.08151286531601494
-0.027968067000000003,0.41728686499999995,-0.48891806000000004,0.16466915954136152,0.5093649786800817,-0.1079738840119594,0.07985615343283677,0.5092823499099272,-0.08152266456908894
-0.027880918999999997,0.41745462,-0.488957733,0.1647477870949222,0.5098332080346065,-0.10808200083980359,0.0799545680321921,0.509469857746961,-0.08156978063399031
-0.027770308,0.417399994,-0.488939606,0.1646667857363981,0.509655288174076,-0.10793715070767439,0.07985365312504802,0.5093794657654069,-0.0814876459610515
-0.0278757,0.41740850799999996,-0.488910187,0.16464752682418327,0.5093438649004522,-0.10787391238506563,0.07982495374504071,0.5092765150828434,-0.0814533445840363
-0.027958675,0.41745517,-0.48891738900000004,0.16466013077889502,0.5094157403337023,-0.10793550694804514,0.07984643561823257,0.5093160123567612,-0.08148655592502649
-0.027894483999999997,0.417489532,-0.48894162,0.16467810889629025,0.5096968581818725,-0.10799601922316134,0.07987172108137998,0.5094569876106889,-0.08152454607584064
-0.027856998,0.41750167800000004,-0.488943207,0.1646174371359703,0.5094347008679454,-0.107881720605628,0.07979322746609108,0.5093406317334478,-0.0814664892499972
-0.028001734,0.41730545,-0.48887365699999996,0.16460833748761028,0.5092860096882357,-0.10789218463078658,0.07978507243298713,0.5093249350934682,-0.08147378132969396
-0.028044468,0.417457642,-0.48890267899999995,0.1646291121285895,0.5094234588808968,-0.10794976152397055,0.07981467910834247,0.5093932214362668,-0.08150300596030689
-0.02798732,0.417481903,-0.488919922,0.16463179733781347,0.5094751980838897,-0.10794609798679147,0.07981451773513877,0.5094325906181011,-0.08150849015062835
-0.028103765,0.417352722,-0.48887289399999995,0.16464167183810915,0.5092958965378741,-0.10795086192306462,0.07982381277055849,0.5093942199741336,-0.0815152617144028
-0.028150101,0.417385162,-0.48887463400000003,0.16465574865748941,0.5093247349762979,-0.1079823072901715,0.07984212031203128,0.5094222319156017,-0.0815331336940356
-0.028096098,0.417433014,-0.48888867199999997,0.16465121936455962,0.5094693380517741,-0.10799008708343746,0.07983865238391277,0.5094939919673367,-0.08153734210241628
-0.02811891,0.417349915,-0.48885733,0.1646041418091492,0.5092896257605045,-0.10792313597919542,0.07978318799656862,0.509411854424514,-0.081497566975464
-0.02820648,0.41731308,-0.488839081,0.16467194710899954,0.5093064385735464,-0.10799648934046092,0.07986376403202572,0.5094013744683845,-0.08152985160440608
-0.028105471,0.417469971,-0.48888677999999997,0.16472488968332596,0.5095838152308803,-0.10804897070661491,0.07992550213757699,0.5095007137304254,-0.08155412576085791
-0.028075144000000003,0.41739624,-0.48887793,0.16467185918493563,0.5095871244373753,-0.10801656561983851,0.07986402619892044,0.5095496082993936,-0.08154866242656021
-0.028168242,0.417395477,-0.488864532,0.16469561948331413,0.509225183898725,-0.10797507145760522,0.07988120829401242,0.5093906613896046,-0.08152874629690905
-0.028146571999999998,0.41735845899999996,-0.48886264,0.16463162496750913,0.5092985882039208,-0.10795645115088223,0.07981302009457435,0.5094440716930647,-0.08152346144754842
-0.028044157,0.417457916,-0.48890033,0.16464380615531268,0.509519061347642,-0.107977713632877,0.07982881794996068,0.5095192686331919,-0.08153272132098101
-0.028069965,0.41739712500000004,-0.488877289,0.16463125081302787,0.5093350770417575,-0.10793162399489006,0.07980789513190724,0.5094711292244509,-0.08151383333232917
-0.028160004000000002,0.417367981,-0.488860931,0.16460613043996045,0.5091144125942592,-0.10790193715626321,0.07977764242932393,0.5093907116502344,-0.0815017264875172
-0.028102364999999997,0.417458862,-0.48887890599999995,0.16461796380125943,0.509334711454377,-0.10792792694704076,0.07979463737238521,0.5094868873650173,-0.08151013031813802
-0.028085923999999998,0.417487122,-0.488885132,0.16460589103504802,0.509417073521846,-0.10793278101719392,0.07978235052119914,0.5095452251850295,-0.08151554432332557
-0.028173431000000002,0.41740094,-0.48884103399999995,0.16457332850727474,0.509050742928112,-0.1078489794761291,0.07973943344200168,0.5093863578630419,-0.08146683677765038
-0.028261131,0.417372833,-0.488818787,0.1646047923509472,0.5091589410205108,-0.1079198617296982,0.0797819741188759,0.5094581722311908,-0.08150168975386402
-0.02812224,0.417499817,-0.48887213100000004,0.1646384752709365,0.509369545908267,-0.10794010970722963,0.07981917944566172,0.5095019261655903,-0.08150926836864948
-0.028125431,0.417470154,-0.488867859,0.16463747579085233,0.5094116231950426,-0.1079542555471495,0.07981665235591723,0.5095754619360444,-0.08152849328038195
-0.028230957,0.417355072,-0.488816956,0.16465777827654413,0.5091141348606139,-0.10792306595449873,0.07983321412781579,0.5094656050276286,-0.0815111438662982
-0.028153658,0.41751815800000003,-0.48885259999999997,0.16465532214493836,0.5092334805823343,-0.10790779813662721,0.07982853535511399,0.5095281326110904,-0.08150232018623166
-0.028138191,0.417505493,-0.48885812399999995,0.16463757283411704,0.5093728558997025,-0.10793314739743551,0.07981284481622132,0.5096078268524515,-0.08152045824932753
-0.028181892,0.417455841,-0.48884137,0.16457140265700887,0.5090045128369035,-0.10782830805670585,0.07973172103528693,0.5094359564277346,-0.0814661738212917
-0.028151609,0.417463348,-0.488819794,0.16458103456665782,0.508992049527143,-0.10779148771790772,0.07973635217525202,0.509481851877163,-0.08144647289057116
-0.028209852,0.417615906,-0.488840515,0.16464670406291146,0.5091250829580017,-0.10787022140263906,0.07981517990298512,0.5095370456012503,-0.08148153749878355
-0.028275020999999997,0.417609222,-0.488819611,0.16473321666210983,0.5092547848350977,-0.10795893267412998,0.07991467359385748,0.5096355456293565,-0.08152808676088352
-0.028297686,0.41759136999999996,-0.488828888,0.1647478108985969,0.509119162128506,-0.1079587727600512,0.0799264494458728,0.5095811973309644,-0.08153826921694639
-0.028265381000000003,0.417706665,-0.48886441,0.16478101725564667,0.5092642304969033,-0.10800190776534885,0.07996366721488955,0.5096628367416897,-0.08156749671046623
-0.028270150999999997,0.417548584,-0.48881744400000005,0.16477637883969654,0.5093125078305035,-0.10800467519134008,0.07996079058890743,0.5096966127239131,-0.08156439728439165
-0.028279106,0.41757009900000003,-0.488822357,0.1647749758485355,0.5092145216983252,-0.10798464017359793,0.07995748368517168,0.5096303045638129,-0.08155094973091326
-0.028186308,0.41748642,-0.488800232,0.16472893740387612,0.5092011528594602,-0.10790909118032005,0.07990308177584425,0.509600898270043,-0.0815020038121113
-0.028212896,0.417601471,-0.488837067,0.16477454405675826,0.5093587709632947,-0.10799275343942935,0.07995973795066887,0.5096628122863551,-0.08154892492021651
-0.028213511,0.417596771,-0.488843201,0.1647688065393908,0.509287472128098,-0.10798025224887675,0.07994899628100047,0.509662641249415,-0.08155339321201296
-0.028259348,0.417625061,-0.488871796,0.16474159387905324,0.509041195750286,-0.10795228740434777,0.0799143123408313,0.5095429237944901,-0.0815515219135878
-0.028169607,0.417568848,-0.488859955,0.16475165537176276,0.5093209393100299,-0.10798085928489178,0.07992777567127246,0.5096976464266466,-0.08156708698712549
-0.028110332,0.417584991,-0.488875671,0.16470142123361636,0.5093214383278365,-0.1079373592823634,0.07987258357196883,0.509653997463108,-0.08153892091778203
-0.028026094,0.41751626599999997,-0.48886929300000004,0.16469308190722,0.5092518729186266,-0.10788393508115512,0.0798540990519996,0.5096455855144394,-0.0815189617040262
-0.028106117,0.417551331,-0.488890442,0.16470238268819806,0.5091289634277116,-0.10791227336752013,0.07986505037872114,0.5095869239303119,-0.08154302685794687
-0.028075232,0.417574402,-0.488901367,0.16466535704790758,0.5092616474978592,-0.10791519975226635,0.07982751845165614,0.5096575828080199,-0.08154657786488355
-0.027961277,0.417565155,-0.488927917,0.1645654997373926,0.5091219748810283,-0.10780230219561514,0.07970925081765236,0.5095692010325564,-0.0814938083061187
-0.027834098999999998,0.417551086,-0.488963257,0.164510108389014,0.5090488126399292,-0.1077312840606176,0.07963840520378422,0.5095401035304025,-0.08147347618577026
-0.027848434000000002,0.41752740499999996,-0.488984314,0.16449681682997533,0.5091330350412522,-0.10777878109742482,0.07962774565016181,0.5095886980055092,-0.08151182522065915
-0.02779196,0.417511414,-0.489002838,0.16447070848791137,0.5091940473143036,-0.10777415814747417,0.079597673061352,0.5096261840833683,-0.08151961648344917
-0.027595764,0.417447876,-0.4890224,0.16441662048233605,0.5090898927478877,-0.1076578365447354,0.07952138026692557,0.5096032891689812,-0.08147665140013668
-0.027541824,0.41733956899999997,-0.489026123,0.1643231318191906,0.5089745094909485,-0.10758566670654704,0.07941328137783085,0.5095643880488603,-0.08145351822989016
-0.027449213,0.41738385,-0.489084534,0.16428869658942466,0.5090964336128111,-0.10759885757036272,0.07937470772466504,0.509613487077673,-0.08147861650173643
-0.027268911,0.41738165299999996,-0.48911886600000004,0.16423754688268216,0.5091166692517525,-0.10752233998049286,0.07930725650326792,0.5096433108755487,-0.08145534423181346
-0.027249712,0.417330109,-0.489123535,0.16418400536525993,0.5088957496663674,-0.10744983850951263,0.07923990586500324,0.5095640777015192,-0.08143113100085402
-0.027342148,0.417317078,-0.489127289,0.1641975148241533,0.5089521230979914,-0.10752340882746307,0.07926093550364618,0.5096200248044563,-0.08148015167066905
-0.02728759,0.417389587,-0.489155975,0.1641911338764622,0.5090104682601782,-0.10751811300595318,0.0792521151523457,0.5096473230548959,-0.08148203502082191
-0.027188759,0.41736734000000003,-0.489160065,0.16415820393628705,0.5089294110685781,-0.10744201171416307,0.07920674295572654,0.509623071600481,-0.08144801327167664
-0.027251578999999998,0.417383179,-0.48916323899999997,0.16417344463123465,0.5088933087683868,-0.10747186921913697,0.07922545365041725,0.5096161783560788,-0.0814673286430114
-0.027231873,0.41739093000000005,-0.489164368,0.1641929956079051,0.508975613876142,-0.10749080244248001,0.07924832429358213,0.5096446882662224,-0.08147398100988806
-0.027143920999999998,0.417374786,-0.489162842,0.1641984084900074,0.5090326481058244,-0.10746545591101414,0.07925141939752,0.5096488506057009,-0.08145489687639947
-0.027174324,0.417460602,-0.489183502,0.16421784697093364,0.5090604942833256,-0.10749718850113556,0.07927483980949306,0.5096625825042329,-0.08147329819167368
-0.027256933,0.417399139,-0.48915811200000003,0.1641984589530869,0.508891711168794,-0.10747776482757211,0.07925256629549952,0.5096128683323846,-0.08146632319808442
-0.027171501,0.417381073,-0.48915976,0.16417718060630254,0.5088790786666887,-0.10742720664073306,0.07922347452789043,0.5096103096881611,-0.08144157662279429
-0.027049839,0.417494873,-0.48920990000000003,0.16417851679466738,0.5089878684051269,-0.10741585470921398,0.07922083439538144,0.5096441693817375,-0.08144122645271415
-0.02720318,0.417379883,-0.489177429,0.16423960969659232,0.5090682289738574,-0.1075377418952628,0.07929672912275378,0.5097343783722059,-0.08151499939008312
-0.027170076,0.41733023100000005,-0.489166168,0.16418745096457013,0.5087609283180643,-0.10742192148202895,0.07923074556507617,0.5095521611978152,-0.08144785747797288
-0.027058582,0.417437012,-0.48921469100000003,0.16422408085064233,0.5091060746425855,-0.10749008983492661,0.07927246506668205,0.5097328349569668,-0.08149489816616011
-0.027143049000000002,0.417417053,-0.489186615,0.16418597676869134,0.5089631140305766,-0.10745573087372634,0.07923498944307818,0.5096257929512195,-0.08145937628803779
-0.027231649,0.417325104,-0.48915508999999996,0.16417833229555664,0.5088881081515546,-0.10746885679422372,0.07922975588150691,0.5096067739583174,-0.08146611218182284
-0.027093376,0.41743045,-0.489195496,0.16416897921166992,0.5089620543957635,-0.10742773653980185,0.07921253728788591,0.5096398882250643,-0.0814496042042436
-0.027144770000000002,0.417436432,-0.48919988999999997,0.16416105796766187,0.5089972300979495,-0.10746091409511405,0.07920966003103438,0.5096403901309061,-0.08146541109021001
-0.027291948,0.41738491800000005,-0.489174866,0.16416309041233418,0.5089868763716928,-0.10752057901157974,0.07922005180634135,0.5096645881683038,-0.08149865091632233
-0.027187038,0.417412659,-0.48918490600000003,0.16412476685926636,0.5088530621666447,-0.10742006833439131,0.07916881158183738,0.509575728120767,-0.0814415529897562
-0.027093847,0.417395172,-0.48918884300000004,0.16411536322358544,0.5090203127313001,-0.10741689955826501,0.07915807646735587,0.5096558073115318,-0.08144045991863237
-0.02724613,0.417393921,-0.489175018,0.16413182028236406,0.5089930377357235,-0.10748138791614133,0.07918663208205004,0.5096161544829972,-0.0814651128210071
-0.027290012000000002,0.417284515,-0.48912133799999996,0.1641212879079799,0.5088874485514321,-0.10744534698150977,0.07917717868424176,0.5095316856098069,-0.08142606356533025
-0.027196686,0.417519073,-0.489197662,0.16417700873363011,0.5091795605316097,-0.1075166311940348,0.07924119538117194,0.5096409188991404,-0.08146639892431597
-0.027288803,0.417454407,-0.489168488,0.16417121685543454,0.5091063789476167,-0.10752870741796068,0.07923792670563672,0.5096244179188698,-0.08147131494197185
-0.027288759,0.41738913,-0.489145264,0.16413055577415467,0.5088511120376803,-0.10743949110578586,0.07918416001894352,0.5095355407820805,-0.08142870011077599
-0.027219743999999997,0.417404144,-0.489164917,0.16413077199042828,0.5089283757732259,-0.10743957029617587,0.07918274651391755,0.5095632918137684,-0.08143284632031259
-0.027255795,0.41753213499999997,-0.48920224,0.16420854632905507,0.5092591488004472,-0.10758265687261291,0.07927845200887523,0.5097330072332357,-0.08151400942698916
-0.027240765,0.417384857,-0.489156891,0.16412430260291735,0.508882348255671,-0.10743242848431782,0.07917524930538102,0.5095508835755053,-0.08142990462466787
-0.027227051,0.417360565,-0.489152557,0.16413115228023678,0.5088622718936939,-0.10742566384137371,0.07918008183635493,0.5095584546207391,-0.08143045653805746
-0.027258980000000002,0.417519592,-0.48919708300000003,0.1641843781099653,0.5091085622617941,-0.10753381983520308,0.079247914443573,0.509657182648813,-0.08148739977002384
-0.027171764,0.41743576,-0.489172668,0.16415725136315287,0.5090260565968087,-0.1074523898680775,0.07921056712219327,0.5096165972381608,-0.08144023999708792
-0.02723797,0.417413696,-0.489152191,0.1641386239966263,0.5088366922551583,-0.10741565841028705,0.07918830309520172,0.5095364238888307,-0.08141809704236186
-0.027208626,0.417421112,-0.48914801,0.16414911184935688,0.5088784473337651,-0.10741025018776816,0.0792008345937159,0.5095218343984017,-0.08140455682887063
-0.027234278,0.417567932,-0.489181152,0.1642286361248224,0.5091774821932623,-0.10753263816055608,0.07929904685634308,0.5096331297838909,-0.08146202070231857
-0.027163852999999998,0.417531891,-0.489156128,0.16420337856944595,0.5089845400853398,-0.107422004630924,0.07926148013691811,0.5095280203404929,-0.08139320591520163
-0.027164228000000002,0.41739798,-0.489115204,0.16418488698012412,0.5088405790436921,-0.10736959162954321,0.07923572492715883,0.5094881809066253,-0.08136689328842157
-0.027231537,0.417513458,-0.489145752,0.16426027853207326,0.5090442455572702,-0.10749284057259655,0.07932851080770158,0.5095650956759544,-0.08143054234200213
-0.027171415,0.417524292,-0.489157654,0.16425169654657135,0.5090925748159196,-0.10747927206619187,0.079317420261398,0.509578770969185,-0.08142448041652414
-0.027104389,0.417391571,-0.489117798,0.16420610361569982,0.5089276694068207,-0.10737523632887541,0.0792575984180131,0.5095242185548853,-0.08136917095008851
-0.02725741,0.417452667,-0.489135437,0.16424606459792468,0.5089188480394492,-0.1074728867928597,0.07931142115587604,0.5094984567823678,-0.0814212027826004
-0.027204182,0.417505463,-0.48915618899999996,0.1642952476991044,0.5091483228456213,-0.1075339936917727,0.07936859740216644,0.5095987525241432,-0.08145371330333517
-0.027130985,0.417471832,-0.489145752,0.16425458805351575,0.5090580737714155,-0.10745285445957893,0.0793182151336413,0.5095375861764997,-0.08140477457328808
-0.027210005,0.41753518700000003,-0.489147491,0.16427661596399434,0.5089985796822746,-0.10747581654867684,0.07934430826173783,0.5095179980547808,-0.08141524948622174
-0.027192243999999997,0.417462006,-0.489124939,0.1642494415994967,0.5089612110368248,-0.10743930686264827,0.07931272648026488,0.5095060664844856,-0.08139362775864294
-0.027190027000000002,0.41750921599999996,-0.48912512199999997,0.16427443192750799,0.5090759100220554,-0.10746709863208344,0.07934366644524955,0.509550323248195,-0.08140064798413965
-0.027193617,0.41751989700000003,-0.489120148,0.16426857396687605,0.5090760310416115,-0.10745845351500827,0.0793373402597298,0.5095550392261724,-0.08139361254418265
-0.027203423999999997,0.41744717400000003,-0.48909689300000003,0.1642447933744583,0.5089451269420846,-0.10741423691095588,0.07930858184532194,0.5094889021709829,-0.08136689304883725
-0.027185692,0.417487915,-0.48911203000000003,0.164239359575803,0.509026042711898,-0.10742738779934945,0.0793044110858035,0.5095238767178021,-0.08137500731316533
-0.027214708,0.417469238,-0.489117859,0.16426937484576987,0.5091210496812311,-0.10749011273421849,0.07934180092012061,0.509569981559727,-0.08141281437021894
-0.027138624,0.41745547499999996,-0.489123962,0.16422043657257912,0.5090014074594378,-0.10740810239425969,0.07927970829926016,0.5095215936346695,-0.08137500942714387
-0.02713485,0.41743045,-0.48912851,0.16421933627821403,0.5089639016321519,-0.10740721387710322,0.07927732232477326,0.5094995833264786,-0.08137863048597256
-0.027284304,0.4174617,-0.48913723800000003,0.16425847464550813,0.5090972817205602,-0.10753505063843681,0.07933455136316325,0.509551195061788,-0.0814459521544673
-0.027324684000000002,0.417546234,-0.489174194,0.16427777291521897,0.5092114401427327,-0.10760908320696756,0.07936144505556934,0.5096084495804905,-0.08149434619829703
-0.027166334,0.41740792800000004,-0.489128754,0.16416120924617114,0.5088426060046985,-0.10737043236025016,0.07921501839833013,0.5094122566613648,-0.08135620545909608
-0.027276459,0.41744400000000004,-0.48913205,0.16419585213781981,0.5090526835336864,-0.10748804250557595,0.07926596117400139,0.5095242329954486,-0.08141869067872329
-0.027389364,0.417539307,-0.489148438,0.16419461324019338,0.509086696386524,-0.10754576446510664,0.07927632096302871,0.5094873318803447,-0.0814374713262527
-0.027283209,0.41743103000000004,-0.48911261,0.16416239800834023,0.5090539465011212,-0.10745862270696267,0.07923276392410332,0.509491325894387,-0.08138783836361818
-0.027335658999999998,0.417508423,-0.489136169,0.1641712059408356,0.50899367731461,-0.10747989142663061,0.07924352498063227,0.5094593456285651,-0.08140323515255107
-0.027438559999999997,0.417506104,-0.489144379,0.16418511062773716,0.509039590226335,-0.10755830084456858,0.07926734651999004,0.5094759659881077,-0.08144886274588958
-0.027325485,0.417515442,-0.48915380900000005,0.16417706391282524,0.5091279320447287,-0.10752588717648791,0.07925302450154174,0.5095360012478729,-0.0814364093685781
-0.027277275,0.417457611,-0.48914254799999995,0.1641574933355925,0.5089858011389851,-0.10746039598104988,0.07922448051954922,0.5094613155996196,-0.08140128888428319
-0.027408703,0.417408478,-0.489115601,0.16417731768655497,0.5089856173134291,-0.1075210917099725,0.07925632200602896,0.5094360286864984,-0.08142240467563505
-0.02746785,0.417659241,-0.48919390900000004,0.16421871400049498,0.5091438086590198,-0.10762768886309704,0.07931476914574229,0.5094190844375197,-0.08147115594988236
-0.027350863,0.417633759,-0.48918634,0.16421680678259115,0.5091828268257191,-0.1075758823839289,0.07930489318422584,0.5094596266878131,-0.08144524608105087
-0.027363039000000002,0.417398438,-0.489096466,0.16420557723067605,0.5090462388256912,-0.10751018327102718,0.07928440993516102,0.5094843291205631,-0.08141184491867437
-0.027471077,0.417509735,-0.489127869,0.16416005004951403,0.5088863601879636,-0.10750794184389816,0.07924009785443642,0.5093575871715106,-0.0814062272065625
-0.027291126,0.417646515,-0.489179382,0.1641966307770451,0.50925304919944,-0.10754260811139897,0.07927795270861274,0.5095550148489961,-0.08143424212366182
-0.027286676,0.417480957,-0.489120819,0.16420008002045433,0.5089781213130373,-0.10745730688615743,0.07927165784621487,0.5094338940930777,-0.08138288990590019
-0.027364943,0.417384369,-0.48908966099999995,0.16417300636281085,0.5088348430083087,-0.10744064679299044,0.0792423175914477,0.5093857533052771,-0.08137545073848611
-0.027341972,0.417606628,-0.489169586,0.16422989008198127,0.5091659314602952,-0.10756368864522232,0.07931326647777626,0.5095257739597037,-0.08144937472104283
-0.027236176,0.417506409,-0.489151703,0.16418478052680402,0.5090457242642943,-0.10746529185736489,0.07925517543330386,0.5094486270363963,-0.08139385747581349
-0.027329166000000002,0.41745712300000004,-0.48913018799999997,0.16420826826102136,0.5089861288629214,-0.10749974155987724,0.07928302242095886,0.5094489276426255,-0.08141510472154556
-0.027503159,0.417593567,-0.48915603599999996,0.1642166444763891,0.5089952990911113,-0.10758666404601734,0.07930644477749801,0.5094061419886612,-0.08145222244300675
-0.027294094,0.41755011000000003,-0.489154022,0.1641995627111838,0.5091836053062823,-0.10752668117524979,0.07928077475581,0.5094958595960305,-0.0814187936287247
-0.027315598,0.417591156,-0.489162994,0.16417109867609248,0.5090357755968942,-0.1074868592594392,0.07924577498224193,0.5094357317874453,-0.08140143664002294
-0.027461451,0.417462921,-0.48912420700000003,0.16416393176095098,0.508832627445105,-0.10749973882023091,0.0792405756264482,0.5093547012033386,-0.08141006913016827
-0.027318279,0.417497772,-0.48914495799999996,0.16420368401276492,0.5091453430391601,-0.10753520223634501,0.07928200370733507,0.509538568476586,-0.08143781864045678
-0.027305634999999998,0.417579712,-0.48916687000000003,0.16418558006676995,0.509077199450033,-0.10750567256145996,0.07926100000199286,0.5094734890438865,-0.08141777310458014
-0.027414774000000003,0.41746398900000004,-0.489123993,0.16418264007029232,0.5089578607281181,-0.10751523046248587,0.07925945235867037,0.5094529078340582,-0.08142448574423901
-0.02734198,0.41742807,-0.489128448,0.16416237802844155,0.5089537520898081,-0.10748060553033924,0.07923385658276487,0.5094335321264971,-0.08140694259509308
-0.027296526,0.417619019,-0.48918585200000003,0.16419106880879736,0.5091344507948737,-0.10752714049798692,0.07926914478397472,0.5094835940117309,-0.08142992299056714
-0.027370632,0.417544678,-0.48914254799999995,0.16420851577389295,0.5090984631055213,-0.10753898426045873,0.0792902955451497,0.5094928107943882,-0.08143036105324711
-0.027350231,0.41741983,-0.48911322,0.164138820497506,0.5087889438523813,-0.10742018433121393,0.07920555167649078,0.5093212518165566,-0.08136300991989986
-0.027343979,0.41763372800000004,-0.48916507000000004,0.1642074198299857,0.5091380533569608,-0.10753571403418817,0.07928981916407578,0.5094871136085641,-0.08142443109406809
-0.027350691,0.417559174,-0.489143188,0.16418317423534096,0.509090740673496,-0.10751156449646647,0.07926387349988903,0.5094499709689134,-0.08140594902986743
-0.027407944,0.417490845,-0.489108795,0.1641916060876173,0.5089478996039783,-0.10749227955940131,0.07927105962063329,0.5093981323185821,-0.08139212781760664
-0.027393284,0.4176008,-0.489151825,0.16416754830937663,0.5090004497070204,-0.10750212062960486,0.07924586011535922,0.5094213777347166,-0.08140519482278256
-0.0273542,0.417536682,-0.489152039,0.16416084020398705,0.5090573934557782,-0.10750836482482048,0.07923901994224604,0.5094363820381502,-0.0814112260203425
-0.027429861,0.417512848,-0.489126343,0.16417573534633428,0.5090685804954367,-0.10753652580930645,0.07925841376875789,0.5094782951511195,-0.0814252165222445
-0.027400564,0.417516846,-0.489127472,0.16416494941323811,0.5089537479595881,-0.1074890406040093,0.07924110437983799,0.5094190306114045,-0.08139988769537387
-0.027348475,0.41751901199999997,-0.489135742,0.16414283297211454,0.5090530831761507,-0.10748336342404331,0.07921728768236949,0.5094681530985301,-0.08139889837504921
-0.027420915999999997,0.417561554,-0.48913324,0.1641360318240127,0.509096205087664,-0.10751394190536047,0.07921683794697668,0.5094801464649531,-0.08140833057395565
-0.027467747,0.417551147,-0.489120667,0.16412492067450393,0.5089630451036645,-0.10748987701301604,0.0792035029761309,0.5094169580777098,-0.08139262386630247
-0.027436138,0.417521881,-0.489107758,0.1641258057158295,0.5090103472924288,-0.10747989273999349,0.07920369793510935,0.509445688385164,-0.08138456881201882
-0.027527763,0.417623138,-0.48913799999999996,0.16413888275660737,0.5090904631714467,-0.10755764068098427,0.0792293413673824,0.5094341812346248,-0.08142009141450302
-0.027530993,0.417599762,-0.48912829599999996,0.16415023024424108,0.5091260526283531,-0.10756939875470857,0.07924277561323766,0.5094558264414547,-0.08142489187449586
-0.027469564,0.417550323,-0.489108582,0.16412721198828864,0.5089470938232221,-0.10747623142995456,0.07920841699694418,0.5093605176449629,-0.08136977282954633
-0.02751572,0.41758697499999997,-0.489129669,0.16413866130374696,0.5090239807168948,-0.10753588314881012,0.07922772458139,0.5093748242887465,-0.08140296183462897
-0.027552816,0.41764999399999997,-0.489146179,0.16417590147828753,0.509198649476567,-0.10761651060945263,0.07927642037349415,0.5094526592236015,-0.08144527774054786
-0.027521708,0.417569733,-0.489114258,0.16414013200889233,0.5090035451202849,-0.10752345311445861,0.07922830901610844,0.5093773870517453,-0.08139373055669648
-0.0274352,0.417494751,-0.48909756499999996,0.16415386985614758,0.5089787608536165,-0.10748224882362212,0.07923502853757651,0.5093900856795904,-0.08137590776072927
-0.027480447999999998,0.417653473,-0.48914975,0.16416311977494383,0.509096980262054,-0.10755209120510853,0.07925325433581712,0.5094182969968101,-0.08141530966340821
-0.027490463,0.417624451,-0.489143372,0.1641747976893962,0.5091354045146139,-0.10757277758875716,0.07926717988508432,0.5094487920248908,-0.08142859908266326
-0.027436346,0.417526184,-0.489106567,0.16417019486619802,0.5089754527731692,-0.10749169566270542,0.07925242476708971,0.5093864807870611,-0.08138186571189976
-0.027497353,0.41758807400000003,-0.489124023,0.16416911993218447,0.5089998261320178,-0.10753025993051796,0.07925737781467833,0.5093760949277979,-0.08140030939369791
-0.027481167,0.417625336,-0.48913629200000003,0.16420314306844355,0.5091745188209246,-0.10758443748210766,0.07930060573686395,0.5094287395692547,-0.08142312311978918
-0.027551214,0.41765789799999997,-0.489144623,0.16422777381088788,0.5091418529801763,-0.10762470071146003,0.07933107119311851,0.5094023415901157,-0.08144451979139518
-0.027498290999999998,0.417547424,-0.48910025,0.16421136745672224,0.5090240387397151,-0.10754372588095702,0.0793048052724355,0.509367859009407,-0.08139650177664333
-0.027494453,0.41764328,-0.489139862,0.1642225871566288,0.5091246585732055,-0.10758818899152708,0.0793203364054431,0.5094061823538724,-0.08142622414870783
-0.027535582000000003,0.41760144000000005,-0.489137024,0.1642310952435555,0.5092021392612542,-0.10763892612603615,0.07933406589944844,0.50946220299636,-0.08145980050861511
-0.027483952,0.417558655,-0.489124634,0.16416279708599874,0.5089514243294987,-0.10751641793712417,0.07924809499460023,0.5093532831939236,-0.08139646922210307
-0.027403874999999998,0.41754415899999997,-0.489114258,0.16417106866307132,0.5089820569488531,-0.10748079894953452,0.07925183419669779,0.5093806256089127,-0.08137553887878443
-0.027459585,0.41758908100000003,-0.48912994400000004,0.1642044255727777,0.5091163851342342,-0.1075626433350783,0.07929688799911033,0.5094281633227286,-0.08141818502685066
-0.027439194,0.417609711,-0.48914932299999997,0.16422658352407632,0.5091103079144339,-0.10757650455241873,0.07931946542297284,0.5094153492667736,-0.08143060452522832
-0.027376749,0.417530182,-0.489112457,0.1642386162160172,0.5090438536799959,-0.10751745572716442,0.07932485477805712,0.5094024890110171,-0.08139382003360635
-0.027453167,0.417604218,-0.489149475,0.16422262818425493,0.5090228373171258,-0.1075620395801854,0.07931371134699333,0.5093632552076326,-0.08142241831521647
-0.027507227,0.417659363,-0.48917202800000004,0.164259999322593,0.5091548258126231,-0.10764895336246179,0.07936280520604809,0.5094109638012484,-0.08147032339140173
-0.027409836,0.41764211999999995,-0.489155853,0.16422762991432444,0.5090229443169608,-0.10754011447140363,0.07931708821759084,0.5093442323127214,-0.08140552961753145
-0.027416578,0.417568451,-0.489132507,0.16421509189466252,0.5089669773586696,-0.1075180972085405,0.07930215196171865,0.5093226234787811,-0.08139175053559893
-0.027482551999999997,0.417699432,-0.48917303500000003,0.1643009647066597,0.5092047197201325,-0.10766050528895732,0.07940750925326298,0.5094190209708818,-0.08146937818741247
-0.027465274999999997,0.417662262,-0.489162842,0.16428937338784033,0.509189030932869,-0.10764095445224461,0.07939345960170567,0.5094125188260592,-0.08145787368866769
-0.027409752000000003,0.417571533,-0.48912619,0.16426994562803376,0.5090752503831409,-0.10756111231346842,0.07936356913371499,0.5093839954549065,-0.08141284755691425
-0.027441399,0.41761730999999996,-0.489143524,0.1642900377868721,0.5090846512672241,-0.10759571976469318,0.07938780778476094,0.5093810490464524,-0.08143385187040303
-0.027405994,0.417665009,-0.489159515,0.16427423531912122,0.5091374672071752,-0.10758720944659245,0.07937064667540898,0.5093990017453968,-0.08142937930344363
-0.027391993,0.417645874,-0.489159485,0.16428907847696173,0.5090909200296976,-0.10758103214697587,0.07938394091238965,0.5093768494852942,-0.08142848538417065
-0.027418763999999998,0.417591431,-0.489143036,0.16427336812407534,0.509037848716778,-0.1075704682541886,0.07936669495515324,0.5093615891356105,-0.08142334821736125
-0.027460093,0.41768994099999995,-0.489180634,0.1643011182022298,0.509149902529123,-0.10764602403259176,0.07940375776352741,0.5093995936843075,-0.08146787116495664
-0.027435686,0.41765920999999995,-0.489173065,0.16422633663358613,0.5090613255303502,-0.10757475834204809,0.07932006468858693,0.5093415094713241,-0.08142583247396964
-0.02741782,0.41764297499999997,-0.489153625,0.16420767735508257,0.5089463574055568,-0.10751334094660109,0.0792962843731793,0.5092628658157169,-0.08138146372753607
-0.027467567,0.417756531,-0.489195862,0.1642644382637559,0.509181412607132,-0.10763816719055427,0.07936846439340414,0.5093737761904391,-0.08145503407876697
-0.027470919,0.41768307499999996,-0.48917865,0.16425908041820697,0.5091152584763581,-0.10762169693076674,0.07936087918823813,0.5093419154671741,-0.0814460613660392
-0.027507110999999997,0.417515259,-0.489128693,0.16425027857622576,0.5091002625149725,-0.10762215837482313,0.07935058066938784,0.5093924022489718,-0.08145202669008222
-0.027439312,0.41758160400000005,-0.489150085,0.16420211088960673,0.5090104893661556,-0.10754784543478661,0.07929426956640791,0.5092950962074704,-0.08140406369851962
-0.027405109,0.417709595,-0.48918417399999997,0.16420909466923456,0.5091963022776022,-0.10758212391202603,0.07930651897637292,0.5093691100524921,-0.08142026960305095
-0.027464052,0.417680115,-0.489181427,0.16420215882459988,0.5090549072869001,-0.10757868035068253,0.07929815459235981,0.5093008551631032,-0.08142204796676969
-0.027467825,0.417505066,-0.489135651,0.1641811993169402,0.5089501874405257,-0.10754111942134954,0.07927279937021471,0.5092536313613397,-0.08139936387649312
-0.027470026,0.41770532200000005,-0.489203186,0.16421395321837862,0.5092348768984146,-0.10764645630080628,0.0793184318793958,0.5093742886208968,-0.0814615204855869
-0.027439232,0.417650726,-0.48917981,0.1641916113846651,0.5091072710200039,-0.1075788855719752,0.0792887296114133,0.5093013122773266,-0.0814181734776746
-0.027511368,0.417541351,-0.48912265000000005,0.1641786464020239,0.5089676979948923,-0.10754420886193133,0.07927203689002735,0.5092866196897984,-0.08139682289654167
-0.027555937,0.417633484,-0.48915319799999996,0.16421467595144842,0.5090478508563687,-0.10761238651568159,0.07931672873416419,0.5093144936760147,-0.08143630387157395
-0.027452169000000002,0.417662537,-0.489188019,0.16420592418380567,0.5091972720762661,-0.10761952858274526,0.07930596851541054,0.5093796371208514,-0.08144923792352148
-0.027527323,0.41767489599999996,-0.489177704,0.16421568376872075,0.5091290997218839,-0.1076325647772291,0.07931781786660776,0.5093663079680054,-0.08145593512007093
-0.027509441,0.417571564,-0.48914514200000003,0.16416158182566054,0.5089120212166041,-0.10753659234202383,0.07925178612010972,0.5092562311428703,-0.08139987572609271
-0.027488615,0.41769958500000004,-0.489183197,0.1642215811066989,0.5091773770292982,-0.10762722527132598,0.07932417198978987,0.5093723842726061,-0.08144876580357982
-0.027401979,0.41771847500000003,-0.48918631,0.16422279030344972,0.5091654644272912,-0.10758004537411403,0.07932051155905333,0.509342423234755,-0.08141725515054514
-0.027505823,0.41764779700000004,-0.48914700299999997,0.16424517673557962,0.5090223824048487,-0.10758680521970876,0.0793454412409265,0.5092935332710149,-0.08141656959144347
-0.027484558,0.41763906900000003,-0.48913009599999996,0.16428381336410253,0.5090829045293975,-0.10759521951336824,0.0793874436222452,0.5093233686276876,-0.08141376759861589
-0.027384348,0.417750946,-0.489171631,0.16431451772063127,0.5092339759952338,-0.10761122242495952,0.07942012042510767,0.5093685607895918,-0.08142261731784982
-0.027409409,0.41768557700000003,-0.489149017,0.16432935614318586,0.5092100277429139,-0.10761859076218172,0.07943568138445345,0.5093797127406551,-0.0814278474421975
-0.027478245000000002,0.417645935,-0.48913784800000004,0.16427680573575493,0.5089889349255301,-0.1075721234261465,0.07937652614688764,0.5092713760734062,-0.0814037724000815
-0.027405211999999998,0.417750458,-0.48917489599999997,0.16430824631243204,0.5091552611288697,-0.10760307162810392,0.07941159934969613,0.5093365872209693,-0.08142204227427396
-0.027342438,0.41772271699999997,-0.489183105,0.16432912208338252,0.5092555973003607,-0.10762093422469986,0.07943375008274887,0.5093792681874227,-0.08143543516359882
-0.027448669,0.41770275900000003,-0.489156769,0.16436533998843778,0.5091496762956927,-0.1076455731478527,0.07947510060737299,0.5093418619058356,-0.08144385249423954
-0.027422291,0.41765329,-0.48914623999999995,0.16434817868363355,0.5091155107896053,-0.1076168251271892,0.0794533141740762,0.5093351605338654,-0.08143030996027653
-0.027363457,0.417765991,-0.489175781,0.16437988836211542,0.5092460042974761,-0.10763699926991768,0.07948851695950145,0.5093808231527799,-0.08143858847931995
-0.027405241,0.417715179,-0.489155457,0.1643579722339052,0.5091742926425296,-0.10762165001879981,0.07946494684542246,0.5093560189794415,-0.08142888272280567
-0.027443367,0.417675232,-0.489144104,0.16433324477962788,0.5090425876647519,-0.10759504715305433,0.07943608388331211,0.509299889206754,-0.08141632085946326
-0.027416325000000002,0.417729492,-0.489142456,0.1643859127838079,0.5092263802864597,-0.10763732326564741,0.07949651192615136,0.5093955290045937,-0.08143272722921785
-0.02739422,0.41778653000000004,-0.489167297,0.16435285470824884,0.509184833078514,-0.1076108073122548,0.07945834710900289,0.5093684105093813,-0.08142285738291412
-0.027406096,0.417536713,-0.489119568,0.16432222170388602,0.5090748253530409,-0.10758716902854042,0.07942307314170532,0.5093222575178071,-0.08141479440502156
-0.027483027,0.417823212,-0.48917157,0.1643663254001036,0.5091939218381379,-0.10765988648955642,0.07948124735530238,0.5093370194854733,-0.0814411357358585
-0.027333475,0.417786469,-0.489162231,0.16434345397116307,0.5092320709078337,-0.10758183045571769,0.07944859762554375,0.509347408766523,-0.08139462163293126
-0.027358654000000003,0.417723785,-0.489168701,0.16433845824414636,0.5091419219643718,-0.10759185856999119,0.07944101158458684,0.5093189839477228,-0.08141339332784026
-0.027509194999999997,0.417692841,-0.489140259,0.1643532047651235,0.5091333141998157,-0.10765185196120297,0.07946649429264374,0.509321762244424,-0.08143867368787874
-0.027380903,0.417784851,-0.489173248,0.1643611645864516,0.5092462812184474,-0.10762936901921238,0.07947103872207538,0.5093585923565657,-0.08142681647882398
-0.027309547,0.417770508,-0.48918221999999995,0.16436902120166488,0.5092126472432484,-0.10760181307320926,0.07947436939021606,0.5093262828203037,-0.08141393374971886
-0.027450485,0.417711243,-0.489139679,0.16439453679018487,0.5092323189910382,-0.10766186109782729,0.07950884063521477,0.5093908746676903,-0.08144520053480568
-0.027433106999999998,0.417704895,-0.48913842799999996,0.16429031162261667,0.5089278726862111,-0.10752809745147403,0.07938544640733698,0.5092418479847398,-0.08137498817207273
-0.027247791,0.41763363600000003,-0.489138306,0.16432678315882823,0.509101057349051,-0.10751173635991841,0.0794178181809593,0.5093319045475149,-0.0813710741905855
-0.027374201,0.417817139,-0.489175995,0.1643882917926102,0.5092337334654399,-0.10763163597743158,0.0794975567266899,0.5093750303235192,-0.081431197472345
-0.027481943,0.417691406,-0.489131378,0.1644109068875714,0.5091361821739031,-0.10765931826276585,0.07952604847163851,0.5093287972862428,-0.08144017346704982
-0.027325648999999997,0.41776327500000005,-0.489168854,0.164381969222589,0.5091565078344217,-0.10759132400755873,0.07948516029928457,0.5093331975773625,-0.08141078814467233
-0.027345198,0.417763306,-0.489171356,0.16436271772385974,0.5091808302562076,-0.10759979443478546,0.07946738707466934,0.5093357773921587,-0.08141432770144473
-0.027484798,0.417748016,-0.489141693,0.16439922024004677,0.5091890497477537,-0.10766429369719373,0.07951673130869351,0.5093336860606732,-0.08143717041138768
-0.027343235,0.41775412,-0.489149933,0.16438107938286403,0.5091749228030444,-0.10758739634721917,0.07948750047771873,0.5093200686557003,-0.08139619484651434
-0.027261982,0.417722137,-0.489156128,0.1643982642306839,0.5092764082643655,-0.1075934061367633,0.07950330124220366,0.5093827011270815,-0.08140650476021426
-0.027496506,0.417841278,-0.489166748,0.16441017446683087,0.5091212571849855,-0.10766217832903584,0.07952696440982979,0.5092913246129365,-0.08143754162645825
-0.027435053,0.41769705199999996,-0.489136047,0.1644056379576049,0.5091378514004781,-0.10763680088600382,0.0795185240785397,0.5093088359372567,-0.08142480927407184
-0.027219017,0.417838684,-0.489189209,0.1643965000326823,0.5092405435253301,-0.10756748661610988,0.07949764471134821,0.5093494687494629,-0.08139321789440658
-0.027343979,0.41773663299999997,-0.48915750100000005,0.16440248080198702,0.509133449181095,-0.107600346129329,0.07950911431005236,0.509297901532492,-0.08140857024865625
-0.027509701,0.417774139,-0.489164185,0.16442151379741238,0.5091390606963249,-0.10769229198892742,0.07954016780688161,0.5093121204071205,-0.08146164205672966
-0.027250644999999997,0.41773998999999995,-0.489174042,0.16436272048138365,0.5091407426876169,-0.1075509742162613,0.07945973130461939,0.5093133834976914,-0.0813904607141498
-0.027293634,0.41783438100000003,-0.48919253500000004,0.1644120693507412,0.5091762136807966,-0.1076017355918537,0.07951748726008612,0.5093115548812023,-0.08141373343235904
-0.027447113000000002,0.41778250100000003,-0.489162476,0.16444164689602944,0.5091836355574128,-0.1076779000145234,0.07955975836669278,0.5093211488488733,-0.08144879533134486
-0.02731144,0.41766772500000005,-0.48912442,0.1644223196174683,0.5091865907314298,-0.10759013854442674,0.07953005805270594,0.5093277794438714,-0.0813946459004498
-0.027242878,0.41790271,-0.489195587,0.16441993084909573,0.5091694898189116,-0.10756528435986826,0.07952309475420952,0.5092886709495543,-0.08138451165107813
-0.027358845,0.417716003,-0.489143188,0.1644503441237255,0.5092027355897988,-0.1076391146070954,0.07956446297965072,0.5093226087282838,-0.08142284760513871
-0.027475525,0.41783871499999997,-0.489159637,0.16445184171417532,0.5091664505470864,-0.10767690355896843,0.07957200165845464,0.5093085968549749,-0.08144119527358691
-0.02729277,0.417780243,-0.489168488,0.1644222251398864,0.5091159201067696,-0.10758088336169618,0.07952652737592598,0.5092789347491204,-0.0813966558556217
-0.027276333,0.41780490099999995,-0.48917459100000005,0.1644128914771484,0.5092083717264643,-0.10759027260347187,0.07951816537400046,0.5093321860309512,-0.08140268026315357
-0.027480331,0.417780243,-0.489147919,0.1644358733235365,0.5091934464506732,-0.10768004087581301,0.07955603775929009,0.5093291462292314,-0.0814442839237106
-0.027369768,0.417855225,-0.489159271,0.16441588138906468,0.5090974260801432,-0.10758480812531718,0.0795239366670325,0.5092716573681354,-0.08138848763058121
-0.02724151,0.41782931500000003,-0.489163452,0.16440648072001857,0.5091324786461655,-0.10753441058829304,0.0795083464697298,0.5092586540352629,-0.08135788057982302
-0.027386187,0.417682556,-0.489144104,0.16448592972060827,0.509419111244951,-0.10773167559135396,0.07961363142214609,0.5094108472627874,-0.08147119661749185
-0.027443716,0.417899323,-0.489179169,0.16443328330312268,0.5091428198537065,-0.10765094369029334,0.07955031635688038,0.5092738046221487,-0.08142529578434494
-0.027289428999999997,0.41774343900000005,-0.48911734,0.1644145285810734,0.5089562818845283,-0.10749481022966063,0.07951274104879733,0.50919717364744,-0.08133093651654212
-0.027277935,0.417901794,-0.489189758,0.16443829410707933,0.5093026820269134,-0.10761838793603573,0.07955019758557663,0.5093506675553504,-0.08140906499479393
-0.027420023,0.41779888899999995,-0.48916571,0.16446762769507045,0.509352665822929,-0.107717180381886,0.07959308516664519,0.5093834283592259,-0.08146397244551963
-0.027400993,0.417799866,-0.489143799,0.16440877877299534,0.5090081712366173,-0.10757335754011348,0.07951462834257873,0.5092425844586963,-0.08138465547543842
-0.027223003,0.417701416,-0.489132202,0.16440875925198983,0.5090855377876191,-0.10751438890823721,0.07950391662749468,0.5093073648287534,-0.08136026238168818
-0.027388475,0.4178573,-0.48917715500000003,0.16446912721017024,0.5092784074528194,-0.10768169385543894,0.07958818580387357,0.5093681987631461,-0.08144931755830134
-0.027394753,0.417898193,-0.489159515,0.1644612473676414,0.5091808802765365,-0.10763010405748447,0.07957469683026565,0.5093488453169425,-0.08141626862075446
-0.027162357,0.417588257,-0.489088409,0.16434859809362076,0.5089199377444461,-0.10739740378876764,0.0794229876955438,0.5093448493547922,-0.08131330918438016
-0.027366701,0.417736237,-0.48912677000000004,0.1643729309995737,0.5088579502399179,-0.10750039226317824,0.07946058024406912,0.5093087416541998,-0.08137359913872132
-0.027397593,0.41782122800000004,-0.48914331099999997,0.16438968755061892,0.5091570083288416,-0.1075920568566582,0.07949203134494243,0.5094321961222946,-0.08141511881657601
-0.02728808,0.417743134,-0.489134369,0.16435644148408432,0.5091365110984212,-0.10752517978239313,0.07944897064952565,0.5094160919348314,-0.08138014060231769
-0.027352575,0.41770275900000003,-0.489109589,0.16430467873461715,0.508902815766083,-0.10746054599791796,0.07939203943381858,0.5092690246050094,-0.08133336817956234
-0.02748245,0.417795929,-0.489146545,0.16435037479961687,0.5092189608615714,-0.10763908522722614,0.07946164314020676,0.5094060385920044,-0.08143244328529392
-0.027362722000000003,0.417799133,-0.489157928,0.16432733747480216,0.5092168881670082,-0.10757745100149196,0.07943138873799423,0.5093621273474175,-0.08139393259103082
-0.027358834999999998,0.41778421,-0.489142487,0.16431014591458762,0.5091097797643803,-0.10752934866483753,0.07940732350642901,0.50933621410861,-0.08136870422878366
-0.027432963999999997,0.417733551,-0.48912612899999997,0.164323125176153,0.5090700369318923,-0.1075593669659915,0.07942429874427612,0.5093294248006417,-0.08138606317917862
-0.027451485,0.41779257200000003,-0.48914117399999996,0.16436175366165517,0.5092150754114424,-0.10762373975649263,0.0794725545899658,0.5093880021771129,-0.08141851470510232
-0.02735849,0.417778992,-0.489146393,0.164340487839205,0.5092274274946365,-0.10757774802425706,0.07944254796054666,0.5094165701360645,-0.08140096686013924
-0.027365131,0.41767218,-0.489114777,0.16430832789372102,0.5089779373991365,-0.1074991469360254,0.07939908802900662,0.5093133235848343,-0.08136050993261518
-0.027452847,0.41773089599999996,-0.489130951,0.1643257806992678,0.5090819034993762,-0.10757899297295517,0.07942702547643742,0.509366414331305,-0.08140571924012517
-0.027316987999999997,0.417809174,-0.489180054,0.1643535282018289,0.5092312537790521,-0.10759079598107422,0.07945355914620354,0.509419828430547,-0.08142059275970297
-0.027344028000000003,0.41771783399999995,-0.489146118,0.16433436666620993,0.5090780275462122,-0.10754599569784386,0.07942897904824937,0.5093592334040035,-0.08139420953699789
-0.027343252,0.417685913,-0.48912582400000004,0.1643109426510161,0.5089544113518162,-0.10749160623525052,0.0793996561627695,0.5092993077278998,-0.08135974223564495
-0.027352917,0.417756927,-0.489153412,0.16437508150939165,0.5091687420578412,-0.10759057321318749,0.07947804131546939,0.5093729834249254,-0.08141098776061148
-0.027351244,0.41776550300000004,-0.489163483,0.16437933604432045,0.509211657443857,-0.10761016981698499,0.07948496593350773,0.5093781101653333,-0.08142165974724128
-0.027373671000000002,0.417752411,-0.48914401199999996,0.1644721990878208,0.5092285467458625,-0.10765584179430573,0.07958667552672408,0.5093821860219293,-0.08143859313193565
-0.027443488999999998,0.41775647,-0.489154968,0.16439280874194825,0.509137564905631,-0.10763920731618783,0.07950439545256062,0.5093204775801717,-0.08143150472979517
-0.027329205000000002,0.41782959,-0.489188568,0.16440479859387358,0.5092720748463397,-0.10763609569949376,0.07951493374577626,0.5093701464756827,-0.08143264037924092
-0.027368164,0.417786652,-0.489178558,0.16438974613559784,0.5091725466511658,-0.10762454157916448,0.0794969037263505,0.5093404548179126,-0.08143108901522333
-0.027383247,0.417683838,-0.489145325,0.1643298746505728,0.5089999604909987,-0.10755209910645926,0.07942643023914939,0.5092853139734675,-0.08139404980687312
-0.027374863000000003,0.417751648,-0.489172424,0.1643911431654693,0.509178086918357,-0.10763218964235018,0.07949855543397459,0.509353616400763,-0.08143796164562371
-0.027308844000000002,0.417810974,-0.48920077500000003,0.16435161768150974,0.5092003497891009,-0.10759863309229757,0.07945420617466428,0.5093345599026855,-0.08141979908892841
-0.027369627,0.417786072,-0.489178925,0.16438792786905637,0.5091615799861156,-0.10762224247621384,0.07949629715182814,0.5093089572263964,-0.08142473960261913
-0.027397461,0.417759521,-0.489171478,0.16438519732234416,0.5091490906623188,-0.10763078054900933,0.0794950909947604,0.5093006255167749,-0.08142836219549446
-0.027312162,0.41777493299999996,-0.489187683,0.16439072222461962,0.5092526792680666,-0.10762802658266538,0.07950029289571275,0.5093282772287558,-0.08142632556926907
-0.027294466,0.41788140900000004,-0.489208344,0.16440758656779994,0.5092958647688807,-0.10763310160944718,0.07951949887186274,0.5093293365460471,-0.0814237275295456
-0.027411312,0.417767883,-0.489164063,0.16438329939235963,0.5091517520424148,-0.10762800859972475,0.07949555354686523,0.5092783000935026,-0.08141781147046384
-0.027364864,0.41776608299999995,-0.48918487499999996,0.1643846964671026,0.5091756969766696,-0.10763234411998297,0.07949472675340273,0.5092901496950777,-0.08142929496009389
-0.027328568,0.417739014,-0.48918411300000003,0.164404785224498,0.5093139198174128,-0.10766307403431062,0.07951860874867303,0.5093621696424043,-0.08144753364387247
-0.027389309,0.41775882000000003,-0.489187164,0.16440959278561743,0.5092465757107034,-0.10767816395349149,0.07952453847341866,0.509342177991358,-0.08145912016253311
-0.027352299,0.417705231,-0.489176483,0.16439365040189713,0.5090810011549934,-0.1076140309633982,0.07949861946124975,0.5092702200264099,-0.08142781778740754
-0.027346466,0.41781134,-0.489195313,0.16444954352935104,0.5092152222794686,-0.10766475548134559,0.07956240779209807,0.5093349558721674,-0.08145255044466143
-0.02728936,0.417779205,-0.48917984000000003,0.16446784814041837,0.5092818770548425,-0.10765345897156658,0.07958007694009271,0.5093761611774921,-0.08144320804108929
-0.027331192,0.417735046,-0.489169586,0.16449432948865775,0.509176425747267,-0.10766285124534614,0.07960672914479254,0.5093385387514147,-0.08145237872142348
-0.027309141000000002,0.417740692,-0.489149719,0.16447874480318042,0.5091016106679009,-0.10760478758701356,0.07958531229782635,0.5093104794371195,-0.08141354221781943
-0.027333811,0.417777039,-0.489167725,0.16457697413251454,0.5093398849279832,-0.10773301094918457,0.07970072081765524,0.5094231542331469,-0.08148544854526125
-0.027302519,0.417782013,-0.48916015599999996,0.1645136217955884,0.5092105282700449,-0.10764562152793104,0.07962604176429522,0.5093611144492072,-0.08143501445890934
-0.027305733,0.417691193,-0.489139404,0.16457494560229177,0.5092248345550187,-0.10768253496964872,0.0796910657523179,0.5093944103623037,-0.0814600631495859
-0.02729393,0.417751373,-0.48916903700000003,0.16450803362001637,0.5091619919895392,-0.1076430866701536,0.07961682256595291,0.509354012585135,-0.08144451311053916
-0.027205103,0.417679138,-0.489145813,0.16446579784933954,0.5091929100020709,-0.10757872769363752,0.07956618901827153,0.5093823937463627,-0.08140736244580432
-0.027217781,0.417707062,-0.489152039,0.16448058501287927,0.5091633128127111,-0.10758495978205712,0.07958091300324477,0.5093802919412282,-0.08141401300118042
-0.027313877,0.41762060500000003,-0.48911550899999995,0.16447215477463284,0.5091557177232864,-0.1076113983504398,0.07957754617485902,0.5093935321156757,-0.0814242122148662
-0.027345465,0.417649384,-0.489135223,0.16437430845456677,0.5091322050788372,-0.10758526925655611,0.07947607433264701,0.5093515017403372,-0.08140967767494794
-0.027342598,0.417697754,-0.48914828499999996,0.1643961856651255,0.5092568035658567,-0.10762616956125845,0.07950492757358434,0.5093902488432782,-0.08142738457633056
-0.027402166000000002,0.417659088,-0.489139801,0.16438079743405054,0.5091935467355367,-0.10763399096811702,0.07949136769840982,0.5093445453325349,-0.0814293776094998
-0.027383608,0.417666107,-0.489143433,0.16437637003018318,0.5092590417036681,-0.107640103491763,0.07948885737646033,0.5093584462410057,-0.08142903413366162
-0.027358839,0.417647614,-0.489146149,0.1643574515758662,0.5093111811865443,-0.10763782711683956,0.07946946427493932,0.5093755589632302,-0.08142818556658654
-0.027386229,0.417611877,-0.489145264,0.16431685063353296,0.5092074235721378,-0.10761396725645915,0.0794237038323,0.5093344133373628,-0.08142127089894302
-0.027412796,0.417559326,-0.48913562,0.16434132287386938,0.5092112858565443,-0.10764352121288556,0.07945069572590055,0.5093578423252766,-0.08144276194298629
-0.027389395,0.417634827,-0.48915863000000004,0.16433772619134543,0.5092859791445962,-0.1076527681867318,0.0794479290356245,0.5093898169704305,-0.08144911578368533
-0.027399971000000002,0.417595795,-0.489153748,0.16430690591381755,0.5092693461268437,-0.1076430946030319,0.07941497404609663,0.5093865255363247,-0.0814464151293767
-0.027427361,0.417584686,-0.48914715599999997,0.1642714786217779,0.5091784144774021,-0.10761329239296834,0.07937561656170783,0.509343988584353,-0.08142961364100784
-0.027417046,0.41755963100000004,-0.48913217200000003,0.16425729241041287,0.5092033020031373,-0.107597991555264,0.07936106979289388,0.5093511783829944,-0.08141537593829144
-0.027365407999999997,0.41760580399999997,-0.489136414,0.1642481977494535,0.5092614379186164,-0.10757460229669721,0.07935045464096223,0.5093680174325542,-0.0813967166184185
-0.027437466,0.417613129,-0.48914022799999995,0.1642474387506809,0.5092117519014754,-0.10760053824163049,0.07935297796597066,0.5093400092162645,-0.08141210719225887
-0.027510033,0.417555817,-0.489127625,0.1642532280064393,0.5091959668068557,-0.10763728441561449,0.079363446292167,0.5093382438764829,-0.08143376250668274
-0.027423502,0.417591064,-0.489141388,0.1642254250377859,0.5092507161458794,-0.10759828136406685,0.0793298493443218,0.5093616366067819,-0.0814133855838681
-0.027450231999999998,0.417528961,-0.489126556,0.1641918950296619,0.5092176828524652,-0.10758701844164238,0.07929462444159324,0.5093501190921409,-0.08140771841219391
-0.027528053,0.41757540899999995,-0.48915399200000004,0.16415886084306341,0.5091447271986435,-0.10760827742100645,0.07926194537107178,0.5093123932441189,-0.0814280277252547
-0.027484825,0.417517853,-0.489134705,0.1641490628996499,0.5091645944649653,-0.10758094329012584,0.0792491993351564,0.5093265229101119,-0.0814102194063231
-0.027420488,0.417615295,-0.489170746,0.1641828356515783,0.5092758202098597,-0.10760494594507054,0.07928532425956791,0.5093678897277274,-0.08142625374434079
-0.027443404999999997,0.417565735,-0.489147308,0.1641968914231241,0.5092412599318829,-0.10760367982235891,0.07930057999139883,0.5093555463299603,-0.08142118401695626
-0.027399555,0.417545593,-0.489129181,0.16419940036168204,0.5092192030567237,-0.10756433092714934,0.07929961366296541,0.5093435123965048,-0.08139315196261555
-0.027390440000000002,0.417581268,-0.489141571,0.16420120601573449,0.5092512908530469,-0.10757218887567319,0.07930281314647802,0.5093452832694622,-0.08139636231114548
-0.027378958000000002,0.417589172,-0.489139862,0.16423259189995706,0.5093020758263188,-0.10759077930641285,0.07933749858313148,0.5093684859185416,-0.08140416892781821
-0.027394835,0.417601532,-0.48914923099999996,0.1642273923104523,0.5092318697518299,-0.10758567339562893,0.07933034272057114,0.5093350963078124,-0.08140552523133078
-0.027394873,0.417561096,-0.48913525399999996,0.16422005029288728,0.5092228284645187,-0.10757556894312557,0.07932210910308994,0.5093344034353414,-0.08139834648823546
-0.027371956,0.417606476,-0.48914425699999997,0.1642655735153503,0.5093423399647632,-0.10761374205849643,0.0793735992564213,0.5093893394949414,-0.08141698004181398
-0.027409009999999998,0.417588654,-0.489142395,0.1642463736768363,0.5092594406877309,-0.10760520669016517,0.07935263377477322,0.5093490712500265,-0.08141427821299266
-0.027386396,0.417606567,-0.489146362,0.16425337719956895,0.5092206276237353,-0.10758770790906538,0.07935713899401578,0.5093289641663379,-0.08140494937539063
-0.027362511000000003,0.41759585600000004,-0.489140259,0.16427049425798093,0.509271609178717,-0.10759302357226597,0.07937583076466816,0.5093519064174646,-0.08140505867608067
-0.027408438,0.417594849,-0.489135559,0.16431610342633554,0.5093161694335123,-0.10764526439156367,0.07942919347844764,0.5093764901390668,-0.08143212410649175
-0.027452272,0.417605316,-0.48914505,0.1643231448001548,0.5092491780293144,-0.10766171176474233,0.07943700978332663,0.50934706842943,-0.08144617549199773
-0.027404709,0.417612427,-0.48913842799999996,0.1643289942426988,0.5092678119041214,-0.10763689098270914,0.07944023830004437,0.5093626178149151,-0.0814298314559149
-0.02738517,0.41761676,-0.489149567,0.16431482899327557,0.5092921502859663,-0.10763589949969787,0.07942478203191551,0.5093721572349404,-0.08143297278378685
-0.027416285,0.417623291,-0.489162964,0.16431281353708535,0.5092541212647025,-0.10765321444332727,0.07942322210114888,0.5093554561993746,-0.0814488857977771
-0.02739332,0.41762622099999996,-0.48916037,0.16431708291663993,0.5091949385107346,-0.10762631296889293,0.079423493463681,0.5093351510719614,-0.0814351187822328
-0.027418444,0.417618042,-0.489156677,0.16434393828341692,0.5092276431646944,-0.10765855773455531,0.07945506342607157,0.5093524251925742,-0.08145200898061437
-0.027357109,0.417641876,-0.48916397100000003,0.16436265760478033,0.5092854678598051,-0.10765259705201498,0.07947298760028508,0.5093787799373707,-0.0814484931353137
-0.027381739,0.417606995,-0.489162018,0.16436785273389146,0.5092522728775633,-0.10766603846644421,0.07947908964288568,0.5093637806007706,-0.08145906783647718
-0.027373116,0.417591614,-0.489145752,0.16434529073544354,0.5092170631484901,-0.10762933705196974,0.07945316266427407,0.5093466404228213,-0.08143335178759509
-0.027424501,0.41760220299999995,-0.489153839,0.16434491442775698,0.5092828020806153,-0.10767631102967112,0.07945927991205017,0.5093687944316077,-0.0814591124593697
-0.027378044,0.417618042,-0.489161346,0.16431048816759083,0.5092824553234457,-0.1076392794649957,0.07941980788002492,0.509359276552982,-0.08143839510003271
-0.0274065,0.41758697499999997,-0.489153625,0.16429114180531007,0.5092368791310018,-0.10763264984044417,0.07939953443707436,0.5093372375171532,-0.08143484899142567
-0.027402155,0.417564209,-0.489138306,0.164284751677705,0.5092509815437493,-0.10762079547593408,0.07939296283736155,0.5093450796692219,-0.08142355944381557
-0.02735058,0.41759002700000003,-0.48914389,0.1642730619414493,0.5092997845971938,-0.10760012383654077,0.07937896041830456,0.5093634317681445,-0.08141029149059341
-0.027426119,0.417587921,-0.48916323899999997,0.164283221551961,0.509257406521027,-0.10765284666831042,0.0793935302779843,0.5093415195252965,-0.08144878051237504
-0.027430574,0.41759982300000004,-0.48915713499999997,0.16431788112624587,0.5092878484988579,-0.10767085579135523,0.07943170915206639,0.5093601185810682,-0.0814553560383763
-0.02739909,0.417570801,-0.48914917,0.16427522185993224,0.5092560153964358,-0.10762495724052365,0.07938321369972626,0.5093398088476795,-0.08142839693428783
-0.027370331,0.417627686,-0.489169495,0.1642642614219459,0.5092952625685623,-0.10762109219773612,0.07937117161251792,0.5093519246724724,-0.0814279645741097
-0.027360806,0.41758999599999996,-0.489159088,0.16425153903206854,0.5092703711478064,-0.10760258716204266,0.07935605452246473,0.5093415704417597,-0.08141725761984747
-0.027355061,0.417587738,-0.489162109,0.16422782343844167,0.5092603549717583,-0.10758895090913899,0.07933012847826618,0.5093340013277287,-0.08141079571522886
-0.027382769,0.417567505,-0.489153229,0.16420243424948536,0.5092533110795446,-0.10758440408497279,0.07930472371461096,0.5093306178582172,-0.08140630995472997
-0.027380886,0.417573364,-0.48915213,0.16419372503860624,0.5092228329404932,-0.10756925756470645,0.07929391037241584,0.5093194263571855,-0.08139805235647093
-0.027457056,0.41754541,-0.489144501,0.16424628193877402,0.5092550425012768,-0.10764074110076904,0.07935586952058386,0.5093467903597483,-0.08143903687197405
-0.027423698000000003,0.41756631499999997,-0.489146515,0.16419826921241046,0.5092096031418747,-0.1075859369683742,0.07930107886768295,0.509315667309708,-0.08140625659109281
-0.027380414999999998,0.417542847,-0.48912924199999996,0.16417896705357576,0.5092173192650921,-0.10754473029937253,0.07927805499329911,0.5093164666621091,-0.08137709487276146
-0.027375419999999998,0.417546875,-0.48914376800000003,0.16419442769159126,0.5092405067470174,-0.10756911391498346,0.07929528982273695,0.5093242546276704,-0.08139566901159032
-0.027395174,0.417548004,-0.48914022799999995,0.16415487399603476,0.5091969133863953,-0.1075448902289021,0.07925292713341799,0.5093005661931285,-0.08138062991590533
-0.02742634,0.41754599000000003,-0.48914883400000003,0.1641460796134359,0.5092259765094924,-0.10757219241313584,0.07924675272970545,0.5093145642523059,-0.0813993765616745
-0.02744104,0.417574493,-0.489163635,0.16416420956162267,0.5092465800972009,-0.10760157965996922,0.07926757170113573,0.5093277243732469,-0.08142001862390788
-0.027496859000000002,0.41752771,-0.48916427599999995,0.16412826300492156,0.5091133213692556,-0.10759143407547862,0.07922773323401423,0.5092720978647272,-0.0814228522007005
-0.027454773,0.417556427,-0.489166473,0.1641781088909157,0.5092029717784258,-0.10761215878510932,0.07928081513549547,0.5093227918295065,-0.08143287310244698
-0.027445015000000003,0.41756253099999996,-0.48916162100000005,0.16418985498491478,0.509219566734878,-0.10761082530721512,0.07929342191411991,0.5093286055920468,-0.08142870153780182
-0.027398482999999998,0.417588043,-0.489160187,0.16421497957080117,0.5092449999988506,-0.10759862121673598,0.07931801888453474,0.5093391182653184,-0.08141815042876795
-0.027407077999999998,0.417579681,-0.48915731799999995,0.1642083074647217,0.5092151976867524,-0.10759156819743287,0.07931055112913693,0.5093225437641222,-0.08141372854828405
-0.027355484,0.417589813,-0.489148224,0.16419579496059755,0.5092269557073787,-0.10755067828904544,0.07929442119212596,0.5093220549056605,-0.0813845258958873
-0.027362986,0.417605347,-0.489149353,0.16423565980700247,0.5092918239926328,-0.10758743908662285,0.07933984300880016,0.5093538689346419,-0.0814031635899733
-0.027374304,0.41760668900000003,-0.489163116,0.16425205001564094,0.5092655219659645,-0.10760847499346363,0.07935678542310376,0.509346940818637,-0.0814224622495056
-0.027472805,0.41759848,-0.489164886,0.1643116855312212,0.5092771463355891,-0.10769447218230317,0.07942716334584636,0.5093618035573292,-0.0814736680525931
-0.027467154,0.41759112499999995,-0.48917208900000003,0.16428280692116445,0.5092224576963178,-0.10767294530153015,0.07939368653043644,0.509339078455348,-0.0814671543083116
