Frame,Femur_Rotation_X,Femur_Rotation_Y,Femur_Rotation_Z,Femur_Rotation_W,Femur_Position_X,Femur_Position_Y,Femur_Position_Z
0,-0.33924,-0.02697,0.085602,-0.936409,148.622665,353.917633,-616.14801
1,-0.339228,-0.026987,0.085636,-0.936409,148.598145,353.904999,-616.147949
2,-0.339222,-0.027098,0.085583,-0.936413,148.585907,353.93042,-616.179504
3,-0.339222,-0.027098,0.085583,-0.936413,148.585907,353.93042,-616.179504
4,-0.339222,-0.027098,0.085583,-0.936413,148.585907,353.93042,-616.179504
5,-0.339232,-0.027056,0.085511,-0.936417,148.668961,353.946289,-616.158752
6,-0.339199,-0.027037,0.085602,-0.936421,148.630173,353.906616,-616.143799
7,-0.339207,-0.027006,0.085699,-0.936411,148.59343,353.883118,-616.145874
8,-0.339215,-0.027019,0.085586,-0.936418,148.658432,353.920868,-616.142212
9,-0.339238,-0.026949,0.085645,-0.936406,148.652374,353.915833,-616.130859
10,-0.339255,-0.026933,0.085726,-0.936393,148.607391,353.903748,-616.144836
11,-0.339223,-0.027074,0.08557,-0.936415,148.624054,353.941986,-616.160095
12,-0.339184,-0.027093,0.085665,-0.93642,148.556442,353.892609,-616.161316
13,-0.33919,-0.02708,0.085638,-0.93642,148.569702,353.897705,-616.16333
14,-0.339232,-0.026722,0.085712,-0.936409,148.664673,353.851166,-616.082275
15,-0.339216,-0.026966,0.085588,-0.936419,148.635956,353.904785,-616.131592
16,-0.339203,-0.026972,0.08568,-0.936415,148.569016,353.872925,-616.136902
17,-0.339218,-0.026899,0.08564,-0.936415,148.621323,353.877533,-616.120422
18,-0.33921,-0.0272,0.085528,-0.93642,148.549698,353.938446,-616.185242
19,-0.339248,-0.026909,0.085645,-0.936404,148.594528,353.892151,-616.128052
20,-0.339201,-0.027023,0.085621,-0.93642,148.558502,353.891327,-616.136536
21,-0.339216,-0.02701,0.08564,-0.936413,148.559479,353.896179,-616.137268
22,-0.339224,-0.027142,0.085578,-0.936412,148.539154,353.938538,-616.1698
23,-0.339257,-0.026924,0.085595,-0.936404,148.62117,353.927307,-616.118408
24,-0.339236,-0.027115,0.085591,-0.936407,148.549683,353.943237,-616.162231
25,-0.339224,-0.027002,0.085616,-0.936412,148.585617,353.916565,-616.130981
26,-0.33924,-0.026949,0.085717,-0.936399,148.551559,353.888367,-616.130859
27,-0.33922,-0.02709,0.085584,-0.936414,148.558578,353.925507,-616.157593
28,-0.339214,-0.027049,0.0856,-0.936416,148.555359,353.910248,-616.144836
29,-0.33924,-0.026927,0.085624,-0.936408,148.586395,353.896393,-616.132019
30,-0.339211,-0.027053,0.08549,-0.936427,148.613434,353.928253,-616.146179
31,-0.339256,-0.026834,0.085613,-0.936406,148.63945,353.897186,-616.11322
32,-0.339185,-0.027414,0.085418,-0.936433,148.50647,353.985504,-616.222046
33,-0.339262,-0.026873,0.085615,-0.936402,148.628616,353.912079,-616.113831
34,-0.339217,-0.027056,0.085641,-0.936411,148.544235,353.910126,-616.143433
35,-0.339242,-0.026993,0.08555,-0.936412,148.628387,353.93927,-616.129456
36,-0.339239,-0.027003,0.085672,-0.936401,148.538742,353.911926,-616.132019
37,-0.339269,-0.026852,0.085635,-0.936399,148.618805,353.913025,-616.098328
38,-0.339225,-0.027056,0.085618,-0.93641,148.540268,353.919464,-616.139526
39,-0.33923,-0.027037,0.085582,-0.936412,148.563873,353.923828,-616.134644
40,-0.33927,-0.02692,0.085582,-0.936401,148.631104,353.927521,-616.12854
41,-0.339204,-0.027104,0.085593,-0.936419,148.553162,353.915405,-616.153687
42,-0.339217,-0.026998,0.085624,-0.936414,148.585251,353.901581,-616.130798
43,-0.339239,-0.026876,0.085585,-0.936413,148.67395,353.905426,-616.112976
44,-0.339197,-0.026992,0.085623,-0.936422,148.60173,353.890839,-616.124084
45,-0.339205,-0.026993,0.085652,-0.936416,148.579163,353.887268,-616.132446
46,-0.339213,-0.026975,0.085595,-0.936419,148.614944,353.90567,-616.124695
47,-0.339216,-0.026929,0.085682,-0.936411,148.582611,353.87912,-616.124451
48,-0.339198,-0.027097,0.085549,-0.936425,148.583527,353.922546,-616.147156
49,-0.339225,-0.02686,0.08566,-0.936412,148.604675,353.878021,-616.100525
50,-0.339206,-0.02711,0.085552,-0.936421,148.552414,353.924652,-616.147461
51,-0.339238,-0.027136,0.085548,-0.93641,148.545258,353.949005,-616.168457
52,-0.33921,-0.026998,0.08559,-0.93642,148.59256,353.902679,-616.132874
53,-0.339225,-0.026944,0.08561,-0.936414,148.601471,353.899597,-616.12738
54,-0.339215,-0.027117,0.085597,-0.936414,148.537308,353.920258,-616.163208
55,-0.339221,-0.026994,0.085583,-0.936417,148.594788,353.911194,-616.130554
56,-0.339229,-0.027002,0.085632,-0.936409,148.568665,353.906006,-616.142578
57,-0.339227,-0.02717,0.085532,-0.936414,148.557343,353.953491,-616.178528
58,-0.339239,-0.027032,0.08557,-0.93641,148.578568,353.930023,-616.145203
59,-0.339255,-0.026952,0.085595,-0.936404,148.587936,353.918793,-616.131226
60,-0.339235,-0.027013,0.08557,-0.936412,148.563293,353.9216,-616.140503
61,-0.339236,-0.027095,0.085467,-0.936419,148.598389,353.955139,-616.162537
62,-0.339235,-0.026913,0.085652,-0.936408,148.558258,353.884094,-616.128235
63,-0.33923,-0.027083,0.085577,-0.936411,148.531845,353.922913,-616.166565
64,-0.339215,-0.027001,0.085568,-0.93642,148.578964,353.903076,-616.143982
65,-0.339205,-0.027015,0.085563,-0.936424,148.585312,353.901581,-616.146301
66,-0.339221,-0.026967,0.085575,-0.936418,148.607315,353.900543,-616.143982
67,-0.33923,-0.027035,0.085544,-0.936416,148.586639,353.925568,-616.160461
68,-0.339204,-0.027116,0.085541,-0.936423,148.560135,353.922882,-616.174866
69,-0.339263,-0.02691,0.085536,-0.936408,148.646774,353.927582,-616.142761
70,-0.339251,-0.027027,0.085425,-0.936419,148.654648,353.96347,-616.164246
71,-0.339226,-0.026917,0.085593,-0.936416,148.594009,353.890594,-616.135376
72,-0.339257,-0.026932,0.085561,-0.936407,148.581543,353.918396,-616.151184
73,-0.339282,-0.02687,0.085472,-0.936408,148.650299,353.942108,-616.140442
74,-0.339241,-0.027087,0.085483,-0.936416,148.535095,353.946289,-616.181702
75,-0.339276,-0.026942,0.085462,-0.936409,148.595001,353.949768,-616.151917
76,-0.339255,-0.027069,0.085458,-0.936414,148.538559,353.957153,-616.180115
77,-0.33925,-0.027045,0.085491,-0.936413,148.535751,353.942505,-616.177551
78,-0.339253,-0.026886,0.085577,-0.936409,148.567825,353.899109,-616.145386
79,-0.339254,-0.026933,0.085481,-0.936416,148.619095,353.933197,-616.152466
80,-0.339237,-0.026982,0.085523,-0.936417,148.592361,353.923309,-616.163269
81,-0.339228,-0.026957,0.085538,-0.936419,148.618576,353.912354,-616.162476
82,-0.339221,-0.027056,0.085542,-0.936419,148.591064,353.922913,-616.189941
83,-0.339222,-0.027035,0.08554,-0.936419,148.602905,353.925201,-616.183228
84,-0.339242,-0.027221,0.085396,-0.93642,148.612015,353.999878,-616.22937
85,-0.339218,-0.027008,0.085582,-0.936417,148.584946,353.908264,-616.174072
86,-0.339212,-0.027133,0.085508,-0.936423,148.569351,353.936676,-616.201904
87,-0.3392,-0.02704,0.085579,-0.936423,148.547745,353.901825,-616.169556
88,-0.339271,-0.02684,0.085536,-0.936407,148.647064,353.924377,-616.137634
89,-0.339208,-0.02713,0.085467,-0.936428,148.553833,353.941132,-616.189819
90,-0.339221,-0.027041,0.085479,-0.936425,148.574219,353.926971,-616.170776
91,-0.339236,-0.027025,0.085501,-0.936418,148.576859,353.927917,-616.176514
92,-0.339213,-0.027128,0.085517,-0.936422,148.52597,353.926056,-616.201294
93,-0.3392,-0.027041,0.085475,-0.936433,148.600952,353.919281,-616.171936
94,-0.33924,-0.026921,0.085563,-0.936414,148.624161,353.904114,-616.162903
95,-0.339197,-0.027071,0.085494,-0.936431,148.61113,353.922211,-616.177551
96,-0.339234,-0.026885,0.085621,-0.936412,148.634079,353.88501,-616.153625
97,-0.339213,-0.026974,0.085586,-0.93642,148.620193,353.897583,-616.16156
98,-0.339199,-0.027009,0.085554,-0.936427,148.619202,353.90329,-616.157532
99,-0.339218,-0.026851,0.085585,-0.936422,148.658981,353.884979,-616.121521
100,-0.339189,-0.027095,0.085578,-0.936426,148.547287,353.900909,-616.179016
101,-0.339252,-0.026784,0.085643,-0.936406,148.633118,353.877228,-616.123047
102,-0.339207,-0.027186,0.085478,-0.936426,148.550354,353.944244,-616.203857
103,-0.339191,-0.027064,0.085578,-0.936426,148.53656,353.892273,-616.173584
104,-0.339187,-0.027119,0.085462,-0.936436,148.587906,353.923889,-616.178772
105,-0.339217,-0.027082,0.08555,-0.936418,148.552933,353.916718,-616.181335
106,-0.33921,-0.026973,0.085549,-0.936424,148.608536,353.901978,-616.143188
107,-0.339172,-0.02714,0.085574,-0.936431,148.541962,353.896973,-616.177246
108,-0.33923,-0.026936,0.085581,-0.936415,148.616287,353.903809,-616.139099
109,-0.339245,-0.026972,0.085496,-0.936417,148.663147,353.939575,-616.146667
110,-0.339235,-0.026899,0.085671,-0.936406,148.600937,353.88327,-616.137451
111,-0.339221,-0.026939,0.085573,-0.936419,148.638641,353.906219,-616.135925
112,-0.339239,-0.026865,0.085643,-0.936408,148.633652,353.888916,-616.128601
113,-0.339232,-0.026937,0.085546,-0.936417,148.650284,353.918549,-616.14032
114,-0.339215,-0.026843,0.085725,-0.93641,148.585632,353.851349,-616.123535
115,-0.339181,-0.027103,0.085544,-0.936431,148.570877,353.911255,-616.163086
116,-0.339222,-0.026918,0.085629,-0.936414,148.589447,353.887299,-616.133545
117,-0.339221,-0.027026,0.085575,-0.936416,148.565231,353.914795,-616.154785
118,-0.339222,-0.027116,0.085498,-0.93642,148.577316,353.946716,-616.172729
119,-0.339211,-0.027096,0.085562,-0.936419,148.541107,353.923431,-616.162292
120,-0.339245,-0.026865,0.085608,-0.936409,148.627502,353.900452,-616.125916
121,-0.339242,-0.027018,0.085553,-0.936411,148.604858,353.934601,-616.164551
122,-0.339201,-0.027068,0.085591,-0.936421,148.565094,353.908295,-616.161377
123,-0.339257,-0.026776,0.085745,-0.936395,148.605179,353.863678,-616.121094
124,-0.339245,-0.026823,0.085668,-0.936405,148.631516,353.87793,-616.121704
125,-0.339215,-0.026802,0.085781,-0.936406,148.567917,353.832123,-616.111328
126,-0.339214,-0.026975,0.085597,-0.936418,148.597076,353.897888,-616.140259
127,-0.339225,-0.026852,0.085633,-0.936415,148.622498,353.877014,-616.119934
128,-0.339207,-0.026985,0.085612,-0.936419,148.565521,353.888672,-616.148132
129,-0.339224,-0.026894,0.085649,-0.936413,148.57283,353.878662,-616.132019
130,-0.339225,-0.026901,0.085571,-0.936419,148.617569,353.897736,-616.126709
131,-0.339204,-0.026934,0.085646,-0.936419,148.556534,353.874237,-616.127563
132,-0.339182,-0.027005,0.085615,-0.936428,148.551605,353.878998,-616.13562
133,-0.339172,-0.027039,0.085674,-0.936425,148.505493,353.86319,-616.148926
134,-0.339187,-0.027075,0.085602,-0.936425,148.525742,353.895386,-616.148254
135,-0.33915,-0.02716,0.085663,-0.93643,148.451157,353.871613,-616.159485
136,-0.339191,-0.027015,0.08564,-0.936422,148.522766,353.876862,-616.13269
137,-0.339206,-0.026883,0.085696,-0.936415,148.537949,353.852539,-616.106873
138,-0.339179,-0.026889,0.085674,-0.936427,148.546783,353.839386,-616.099976
139,-0.339182,-0.027017,0.08559,-0.93643,148.532684,353.88089,-616.128174
140,-0.33918,-0.026981,0.08572,-0.936419,148.475784,353.843689,-616.132935
141,-0.33916,-0.026917,0.085695,-0.936431,148.512161,353.830322,-616.104187
142,-0.339174,-0.026858,0.085748,-0.936423,148.51123,353.81662,-616.103149
143,-0.339133,-0.026923,0.085696,-0.93644,148.511612,353.813324,-616.101257
144,-0.339162,-0.026878,0.085719,-0.936429,148.507629,353.819214,-616.097107
145,-0.339164,-0.026985,0.085636,-0.936432,148.506088,353.853699,-616.120605
146,-0.339167,-0.026999,0.085729,-0.936423,148.440506,353.834991,-616.127625
147,-0.339182,-0.026903,0.085659,-0.936426,148.522095,353.846588,-616.101379
148,-0.33915,-0.027009,0.085713,-0.93643,148.438751,353.83371,-616.113831
149,-0.339172,-0.02713,0.085635,-0.936426,148.438324,353.884918,-616.148438
150,-0.339181,-0.027059,0.085583,-0.936429,148.495804,353.892456,-616.126831
151,-0.339148,-0.027009,0.085727,-0.93643,148.437042,353.831512,-616.109924
152,-0.339183,-0.02698,0.085733,-0.936417,148.447815,353.845093,-616.117554
153,-0.33919,-0.02697,0.085657,-0.936422,148.487061,353.864563,-616.114502
154,-0.339167,-0.027116,0.085675,-0.936424,148.402954,353.869415,-616.136169
155,-0.339203,-0.026875,0.08566,-0.93642,148.499786,353.858002,-616.080688
156,-0.33921,-0.02705,0.085642,-0.936414,148.420319,353.891174,-616.126221
157,-0.339211,-0.026916,0.085715,-0.936411,148.415558,353.854614,-616.087952
158,-0.339212,-0.027041,0.085557,-0.936421,148.450455,353.908783,-616.099854
159,-0.33922,-0.027042,0.085635,-0.936411,148.405258,353.895355,-616.111206
160,-0.339241,-0.027072,0.085637,-0.936402,148.387009,353.90918,-616.117676
161,-0.339195,-0.027155,0.085649,-0.936415,148.336807,353.889771,-616.132568
162,-0.339224,-0.027022,0.08564,-0.93641,148.399612,353.886566,-616.116211
163,-0.339219,-0.026913,0.085746,-0.936405,148.364273,353.835663,-616.102295
164,-0.339208,-0.027087,0.085631,-0.936414,148.344421,353.877106,-616.134033
165,-0.339199,-0.026976,0.085667,-0.936417,148.360046,353.84201,-616.113342
166,-0.339197,-0.026945,0.085679,-0.936418,148.364182,353.834717,-616.108704
167,-0.339205,-0.027097,0.085617,-0.936416,148.332458,353.879639,-616.14209
168,-0.339206,-0.026961,0.085634,-0.936418,148.376617,353.8591,-616.095886
169,-0.339157,-0.027041,0.085661,-0.936431,148.341904,353.834961,-616.103455
170,-0.339246,-0.026927,0.085716,-0.936397,148.369141,353.867218,-616.10553
171,-0.339164,-0.027163,0.085615,-0.93643,148.342285,353.878723,-616.129822
172,-0.339221,-0.02707,0.085726,-0.936401,148.328125,353.871704,-616.140198
173,-0.339146,-0.027018,0.085691,-0.936433,148.377823,353.828094,-616.106506
174,-0.339207,-0.026998,0.085758,-0.936405,148.349213,353.849152,-616.127319
175,-0.339155,-0.027095,0.085731,-0.936424,148.327133,353.830627,-616.143372
176,-0.339148,-0.02703,0.085678,-0.936433,148.392761,353.821045,-616.131226
177,-0.33916,-0.026924,0.08582,-0.936419,148.360458,353.784058,-616.115601
178,-0.339124,-0.027023,0.085709,-0.936439,148.389359,353.807739,-616.119629
179,-0.339172,-0.02684,0.085774,-0.936421,148.420013,353.796692,-616.083557
180,-0.339116,-0.027115,0.085664,-0.936444,148.359619,353.820557,-616.133667
181,-0.339118,-0.027146,0.085707,-0.936438,148.324371,353.822418,-616.140625
182,-0.33916,-0.026879,0.085837,-0.936419,148.365097,353.782104,-616.093384
183,-0.339084,-0.026994,0.085805,-0.936446,148.327698,353.753143,-616.10376
184,-0.339138,-0.02703,0.085742,-0.936431,148.353973,353.808777,-616.129272
185,-0.339091,-0.027002,0.085771,-0.936446,148.367477,353.766663,-616.116699
186,-0.339151,-0.026916,0.085765,-0.936427,148.422852,353.798767,-616.112854
187,-0.339124,-0.026893,0.085738,-0.936441,148.470016,353.784149,-616.096313
188,-0.339121,-0.026808,0.085803,-0.936438,148.48439,353.761108,-616.075867
189,-0.339143,-0.027011,0.085694,-0.936434,148.487473,353.836975,-616.123901
190,-0.339103,-0.026878,0.08588,-0.936436,148.436371,353.747375,-616.087585
191,-0.339136,-0.026906,0.085855,-0.936425,148.439072,353.781006,-616.097778
192,-0.339128,-0.026869,0.085768,-0.936437,148.508942,353.786926,-616.08551
193,-0.339108,-0.026957,0.08584,-0.936435,148.408005,353.771667,-616.106995
194,-0.33912,-0.026871,0.085771,-0.93644,148.464417,353.779449,-616.079041
195,-0.339125,-0.026825,0.085774,-0.936439,148.479233,353.766754,-616.077637
196,-0.339133,-0.026972,0.085764,-0.936433,148.410751,353.796356,-616.120544
197,-0.339091,-0.026907,0.085801,-0.936446,148.414124,353.74646,-616.092041
198,-0.339119,-0.026986,0.085823,-0.936432,148.359802,353.770782,-616.121155
199,-0.339125,-0.026859,0.0858,-0.936435,148.432999,353.760284,-616.089355
200,-0.339117,-0.027044,0.085717,-0.936441,148.405182,353.806152,-616.129761
201,-0.339139,-0.026755,0.085844,-0.936429,148.460938,353.751434,-616.063293
202,-0.339121,-0.026911,0.08579,-0.936436,148.427689,353.774261,-616.097656
203,-0.339156,-0.026953,0.085665,-0.936434,148.490463,353.832123,-616.11261
204,-0.33909,-0.026895,0.085839,-0.936443,148.419052,353.743195,-616.09314
205,-0.339103,-0.026842,0.08586,-0.936439,148.42131,353.741119,-616.081238
206,-0.339129,-0.027039,0.085767,-0.936432,148.382813,353.806396,-616.133667
207,-0.339093,-0.027029,0.085759,-0.936446,148.38472,353.780762,-616.11615
208,-0.339125,-0.026918,0.085822,-0.936432,148.399979,353.76889,-616.10553
209,-0.339066,-0.026852,0.085865,-0.936451,148.393951,353.711884,-616.070618
210,-0.33912,-0.027017,0.085809,-0.936432,148.356827,353.782013,-616.129211
211,-0.339109,-0.026799,0.085813,-0.936442,148.44429,353.740753,-616.070129
212,-0.339086,-0.027007,0.085716,-0.936453,148.405533,353.77655,-616.115601
213,-0.339123,-0.026955,0.085768,-0.936436,148.386688,353.777924,-616.115112
214,-0.339092,-0.026993,0.085793,-0.936444,148.35878,353.754425,-616.118774
215,-0.339131,-0.02693,0.085736,-0.936437,148.404999,353.786499,-616.097778
216,-0.339109,-0.026939,0.085757,-0.936443,148.385986,353.762543,-616.099487
217,-0.339148,-0.026857,0.085871,-0.93642,148.355179,353.752014,-616.093933
218,-0.339128,-0.026837,0.085847,-0.936431,148.387161,353.747681,-616.083069
219,-0.33913,-0.026809,0.085866,-0.936429,148.397247,353.737396,-616.082214
220,-0.339184,-0.026784,0.085798,-0.936416,148.453049,353.786316,-616.085876
221,-0.339122,-0.026823,0.085804,-0.936437,148.426468,353.749542,-616.075623
222,-0.339142,-0.027028,0.085724,-0.936431,148.383057,353.814575,-616.126709
223,-0.3391,-0.026894,0.085735,-0.93645,148.416977,353.757874,-616.080078
224,-0.339105,-0.026934,0.085796,-0.936441,148.370697,353.75238,-616.097107
225,-0.339166,-0.026786,0.085816,-0.936421,148.422134,353.768066,-616.075134
226,-0.339113,-0.026817,0.085867,-0.936435,148.377655,353.722504,-616.073792
227,-0.339142,-0.026855,0.08576,-0.936433,148.421356,353.776031,-616.086853
228,-0.339097,-0.026705,0.085912,-0.93644,148.40538,353.686096,-616.047852
229,-0.339148,-0.026881,0.085788,-0.936427,148.383972,353.779358,-616.092712
230,-0.339093,-0.026838,0.085888,-0.936439,148.327286,353.70694,-616.078308
231,-0.339115,-0.026878,0.085822,-0.936437,148.343475,353.736115,-616.093079
232,-0.339109,-0.027055,0.085763,-0.936439,148.286011,353.774994,-616.129517
233,-0.339077,-0.027001,0.085754,-0.936453,148.30397,353.747284,-616.098694
234,-0.33912,-0.0269,0.085817,-0.936435,148.309174,353.74765,-616.087219
235,-0.339059,-0.026858,0.085868,-0.936453,148.304703,353.687195,-616.065002
236,-0.339071,-0.027002,0.08578,-0.936453,148.304413,353.738098,-616.101196
237,-0.339088,-0.026889,0.085807,-0.936447,148.349731,353.724426,-616.087891
238,-0.339066,-0.026895,0.085866,-0.93645,148.321671,353.696381,-616.091492
239,-0.339104,-0.026831,0.08589,-0.936435,148.327042,353.707581,-616.085876
240,-0.339106,-0.026808,0.085839,-0.93644,148.374557,353.712067,-616.084351
241,-0.339137,-0.026795,0.085871,-0.936426,148.356003,353.724243,-616.085327
242,-0.339078,-0.026959,0.085777,-0.936452,148.333237,353.732239,-616.102722
243,-0.339047,-0.026925,0.085825,-0.936459,148.324509,353.700867,-616.082581
244,-0.339095,-0.026805,0.085902,-0.936438,148.331818,353.69812,-616.066101
245,-0.33908,-0.026948,0.085851,-0.936444,148.279724,353.713135,-616.095886
246,-0.339113,-0.026988,0.085844,-0.936432,148.268112,353.754333,-616.118164
247,-0.339054,-0.026739,0.086,-0.936446,148.306061,353.64267,-616.060059
248,-0.339076,-0.026851,0.085909,-0.936443,148.299698,353.68396,-616.094482
249,-0.339052,-0.026996,0.085738,-0.936464,148.311951,353.726227,-616.107971
250,-0.339031,-0.026901,0.085981,-0.936452,148.234375,353.647095,-616.095154
251,-0.339056,-0.026833,0.085978,-0.936445,148.271255,353.656677,-616.082886
252,-0.338996,-0.026999,0.085857,-0.936473,148.262894,353.660675,-616.102844
253,-0.339069,-0.026759,0.085963,-0.936444,148.322784,353.65329,-616.067322
254,-0.339058,-0.026786,0.085971,-0.936446,148.307571,353.654175,-616.06012
255,-0.339034,-0.027022,0.085871,-0.936457,148.235992,353.692963,-616.104126
256,-0.339089,-0.026846,0.085877,-0.936442,148.312515,353.696442,-616.08252
257,-0.339045,-0.026749,0.086011,-0.936448,148.277542,353.627045,-616.052124
258,-0.339066,-0.02691,0.085915,-0.936445,148.230225,353.687714,-616.083496
259,-0.339035,-0.027059,0.08583,-0.936459,148.206528,353.700287,-616.112549
260,-0.339073,-0.026628,0.086044,-0.936439,148.277939,353.611084,-616.034424
261,-0.339044,-0.026987,0.085934,-0.936449,148.183884,353.671173,-616.116333
262,-0.338983,-0.026974,0.085887,-0.936476,148.215622,353.639893,-616.090149
263,-0.339066,-0.026871,0.085887,-0.936448,148.291061,353.678223,-616.091736
264,-0.33904,-0.027025,0.085827,-0.936459,148.25827,353.695282,-616.122864
265,-0.339019,-0.026955,0.085847,-0.936467,148.284698,353.669434,-616.10437
266,-0.339005,-0.026892,0.085895,-0.936469,148.299454,353.643188,-616.090088
267,-0.339042,-0.02677,0.085837,-0.936465,148.366287,353.658203,-616.054932
268,-0.339035,-0.026953,0.085816,-0.936464,148.287064,353.686066,-616.095276
269,-0.339005,-0.026792,0.085958,-0.936466,148.287628,353.608887,-616.058533
270,-0.339017,-0.026781,0.086022,-0.936457,148.247833,353.604004,-616.057617
271,-0.339051,-0.026736,0.085964,-0.936451,148.272308,353.628052,-616.039978
272,-0.339047,-0.026911,0.08593,-0.93645,148.228912,353.6651,-616.079834
273,-0.338994,-0.026891,0.085944,-0.936469,148.238571,353.622986,-616.061951
274,-0.339028,-0.026817,0.085985,-0.936455,148.226715,353.621307,-616.052124
275,-0.339088,-0.026828,0.085944,-0.936437,148.242004,353.673035,-616.070313
276,-0.339037,-0.026621,0.086017,-0.936454,148.295609,353.588287,-616.010193
277,-0.339024,-0.026843,0.085924,-0.936461,148.239395,353.632141,-616.054321
278,-0.338998,-0.026899,0.085954,-0.936466,148.19339,353.61438,-616.062134
279,-0.33906,-0.02666,0.086078,-0.936439,148.225449,353.58905,-616.031982
280,-0.339041,-0.026722,0.086017,-0.93645,148.230225,353.602142,-616.032837
281,-0.339029,-0.026811,0.086012,-0.936452,148.180847,353.609131,-616.047791
282,-0.339026,-0.026753,0.086066,-0.93645,148.178665,353.586304,-616.03656
283,-0.339007,-0.026714,0.085977,-0.936466,148.231781,353.5867,-616.013855
284,-0.339036,-0.026792,0.085902,-0.93646,148.233093,353.636017,-616.035706
285,-0.339021,-0.026763,0.086,-0.936457,148.187317,353.595734,-616.02655
286,-0.339022,-0.02675,0.08596,-0.936461,148.196732,353.604675,-616.016846
287,-0.339044,-0.026874,0.085919,-0.936453,148.162521,353.639374,-616.055908
288,-0.339047,-0.026623,0.08612,-0.936441,148.166412,353.56366,-616.012878
289,-0.339116,-0.026768,0.086058,-0.936418,148.150558,353.65155,-616.070862
290,-0.339024,-0.026837,0.085957,-0.936458,148.162552,353.617981,-616.047363
291,-0.339013,-0.026714,0.086046,-0.936458,148.170639,353.566589,-616.020447
292,-0.338952,-0.026718,0.086109,-0.936474,148.148438,353.520813,-616.013916
293,-0.338966,-0.02674,0.085991,-0.936479,148.193039,353.558533,-616.012146
294,-0.339014,-0.026662,0.086038,-0.936459,148.180405,353.568695,-616.000244
295,-0.338993,-0.026608,0.086131,-0.93646,148.136902,353.521454,-615.988403
296,-0.339022,-0.026654,0.086107,-0.93645,148.121445,353.553986,-616.010254
297,-0.338997,-0.026616,0.086109,-0.93646,148.120346,353.530396,-615.988892
298,-0.338983,-0.026685,0.086142,-0.93646,148.074905,353.521362,-616.004089
299,-0.339047,-0.026615,0.086083,-0.936445,148.143692,353.567352,-615.997864
300,-0.339057,-0.026686,0.085986,-0.936448,148.166,353.610779,-616.011475
301,-0.339029,-0.026565,0.086141,-0.936447,148.134857,353.536072,-615.992798
302,-0.338999,-0.026538,0.086177,-0.936455,148.135773,353.50177,-615.985535
303,-0.339057,-0.02663,0.086015,-0.936447,148.194382,353.595825,-616.010681
304,-0.339011,-0.026693,0.086047,-0.936459,148.138763,353.567139,-616.00708
305,-0.338995,-0.026497,0.086176,-0.936458,148.160309,353.493439,-615.973022
306,-0.338969,-0.026508,0.086184,-0.936467,148.147614,353.480194,-615.970032
307,-0.339012,-0.026665,0.086109,-0.936453,148.12323,353.554016,-616.010254
308,-0.338977,-0.026635,0.086216,-0.936457,148.078979,353.50061,-616.002197
309,-0.338973,-0.026595,0.086206,-0.936461,148.105438,353.49469,-615.9953
310,-0.338978,-0.026615,0.08615,-0.936463,148.131897,353.516937,-615.998962
311,-0.339014,-0.026535,0.086296,-0.936439,148.078079,353.497314,-615.991211
312,-0.338996,-0.026774,0.086069,-0.93646,148.100998,353.571503,-616.031616
313,-0.338949,-0.026669,0.086097,-0.936477,148.108963,353.511139,-615.99353
314,-0.33902,-0.026515,0.086204,-0.936446,148.116257,353.507507,-615.988708
315,-0.339004,-0.026554,0.086197,-0.936451,148.095795,353.502106,-615.993591
316,-0.338973,-0.026694,0.086089,-0.936469,148.079666,353.524719,-616.010925
317,-0.338989,-0.026535,0.086229,-0.936455,148.067673,353.483368,-615.983215
318,-0.338986,-0.026673,0.086086,-0.936465,148.102158,353.534973,-616.016479
319,-0.338998,-0.026672,0.086083,-0.936461,148.103867,353.545013,-616.020264
320,-0.338959,-0.026624,0.086179,-0.936467,148.084305,353.49234,-616.002625
321,-0.339,-0.026543,0.086205,-0.936453,148.116455,353.501648,-615.996399
322,-0.339008,-0.026562,0.086139,-0.936455,148.139313,353.526703,-615.993286
323,-0.33899,-0.026575,0.086143,-0.936461,148.140457,353.515747,-615.994263
324,-0.338991,-0.026692,0.086194,-0.936453,148.063889,353.526672,-616.026245
325,-0.33899,-0.026391,0.086219,-0.936459,148.151749,353.468567,-615.943481
326,-0.338989,-0.026693,0.086077,-0.936464,148.105515,353.550903,-616.007141
327,-0.339043,-0.026441,0.086227,-0.936438,148.143555,353.514771,-615.973022
328,-0.339026,-0.026586,0.086134,-0.936448,148.13205,353.54953,-615.998596
329,-0.339021,-0.026609,0.086124,-0.93645,148.13031,353.553619,-616.003784
330,-0.338965,-0.026794,0.086028,-0.936474,148.123779,353.567902,-616.030212
331,-0.338995,-0.026713,0.086099,-0.936459,148.108383,353.558533,-616.015198
332,-0.339004,-0.026501,0.086105,-0.936461,148.180054,353.525574,-615.967712
333,-0.339014,-0.026496,0.086215,-0.936448,148.116959,353.509491,-615.977905
334,-0.339017,-0.026679,0.086189,-0.936444,148.047379,353.544952,-616.027832
335,-0.339045,-0.026564,0.086138,-0.936442,148.108078,353.551239,-615.99707
336,-0.33907,-0.026488,0.086166,-0.936432,148.119385,353.55011,-615.97699
337,-0.339008,-0.026504,0.086199,-0.936451,148.103943,353.501923,-615.969543
338,-0.339034,-0.026515,0.086156,-0.936445,148.116058,353.532379,-615.970581
339,-0.339029,-0.02667,0.08611,-0.936447,148.080032,353.562744,-616.006653
340,-0.339038,-0.026523,0.086306,-0.93643,148.030426,353.50119,-615.98114
341,-0.339048,-0.026489,0.086208,-0.936436,148.085785,353.52359,-615.963013
342,-0.339017,-0.02648,0.086245,-0.936445,148.067093,353.48645,-615.955078
343,-0.339021,-0.026565,0.086096,-0.936454,148.108963,353.562958,-615.965088
344,-0.338992,-0.02652,0.086279,-0.936449,148.021439,353.487488,-615.967957
345,-0.338981,-0.026466,0.08617,-0.936465,148.089813,353.474976,-615.929077
346,-0.33905,-0.026349,0.086141,-0.936446,148.132919,353.517029,-615.913147
347,-0.339043,-0.026508,0.086241,-0.936435,148.026779,353.515472,-615.971069
348,-0.339032,-0.026318,0.086332,-0.936436,148.059479,353.453033,-615.930115
349,-0.33906,-0.026504,0.086135,-0.936438,148.07756,353.548615,-615.972046
350,-0.339197,-0.026404,0.086366,-0.93637,148.005554,353.581177,-616.007202
351,-0.339252,-0.026433,0.086263,-0.936359,148.078079,353.650269,-616.029663
352,-0.339039,-0.026577,0.086087,-0.936448,148.062271,353.553589,-615.98053
353,-0.339018,-0.026381,0.086257,-0.936446,148.039108,353.464355,-615.928101
354,-0.339137,-0.026144,0.086406,-0.936395,148.12674,353.487152,-615.905884
355,-0.339089,-0.026315,0.086292,-0.936419,148.079727,353.514069,-615.911926
356,-0.338962,-0.026446,0.086237,-0.936466,148.017136,353.450409,-615.923645
357,-0.339068,-0.026251,0.086451,-0.936413,148.036011,353.441498,-615.934387
358,-0.339166,-0.026384,0.086237,-0.936394,148.088348,353.597076,-615.966003
359,-0.338995,-0.026662,0.086157,-0.936455,147.99678,353.536041,-615.991089
360,-0.339033,-0.026239,0.086433,-0.936428,148.041595,353.422729,-615.916565
361,-0.339241,-0.026179,0.086307,-0.936366,148.124084,353.591797,-615.939697
362,-0.33915,-0.026554,0.086261,-0.936393,147.956192,353.59137,-615.990723
363,-0.339161,-0.026302,0.086379,-0.936385,148.007248,353.529633,-615.942139
364,-0.339152,-0.02622,0.086329,-0.936395,148.081329,353.527527,-615.943665
365,-0.339017,-0.026284,0.086329,-0.936442,148.043228,353.442566,-615.906921
366,-0.339208,-0.026125,0.086413,-0.93637,148.056671,353.520416,-615.908691
367,-0.339072,-0.026212,0.086296,-0.936427,148.089828,353.486359,-615.89386
368,-0.338919,-0.026161,0.08643,-0.936472,148.048431,353.332367,-615.872498
369,-0.33896,-0.026195,0.086416,-0.936457,148.040222,353.360413,-615.888184
370,-0.339021,-0.026363,0.08629,-0.936442,148.059952,353.485565,-615.95105
371,-0.339006,-0.026087,0.086553,-0.936431,148.051407,353.371552,-615.894653
372,-0.339104,-0.026189,0.086468,-0.936401,148.051468,353.454895,-615.94104
373,-0.339077,-0.026272,0.086392,-0.936415,148.049545,353.465515,-615.936279
374,-0.339138,-0.026255,0.086462,-0.936387,148.01062,353.502014,-615.945374
375,-0.339085,-0.026131,0.086546,-0.936402,148.019073,353.421356,-615.922607
376,-0.339073,-0.02614,0.08637,-0.936422,148.103271,353.448914,-615.900513
377,-0.339149,-0.026203,0.086437,-0.936387,148.029297,353.494202,-615.936035
378,-0.339042,-0.026129,0.086507,-0.936421,148.026566,353.401672,-615.906494
379,-0.339083,-0.026218,0.086387,-0.936415,148.079483,353.46936,-615.945679
380,-0.338976,-0.026366,0.086358,-0.936452,148.055969,353.424408,-615.965637
381,-0.33902,-0.02618,0.086478,-0.936431,148.071579,353.403687,-615.9422
382,-0.339084,-0.026152,0.086543,-0.936402,148.051315,353.430267,-615.95105
383,-0.338957,-0.026359,0.086433,-0.936452,148.016449,353.396362,-615.956787
384,-0.339054,-0.026234,0.086508,-0.936414,148.034775,353.428467,-615.955688
385,-0.33906,-0.026251,0.086335,-0.936427,148.121933,353.483246,-615.943604
386,-0.339087,-0.026241,0.086377,-0.936414,148.101456,353.496857,-615.934082
387,-0.339083,-0.026364,0.086395,-0.93641,148.051605,353.505554,-615.960449
388,-0.339067,-0.026161,0.08647,-0.936415,148.114105,353.44873,-615.921814
389,-0.339132,-0.026094,0.086456,-0.936394,148.193253,353.498138,-615.929382
390,-0.339027,-0.026217,0.086523,-0.936423,148.109116,353.431671,-615.936279
391,-0.339031,-0.026296,0.086455,-0.936425,148.09964,353.452393,-615.951782
392,-0.339097,-0.026082,0.086462,-0.936407,148.183838,353.458405,-615.921265
393,-0.339037,-0.025935,0.086574,-0.936422,148.177505,353.372192,-615.881348
394,-0.339039,-0.026111,0.086551,-0.936419,148.105774,353.39978,-615.924561
395,-0.339019,-0.026179,0.086399,-0.936438,148.15036,353.427551,-615.920959
396,-0.339078,-0.026166,0.086442,-0.936413,148.147034,353.465271,-615.934082
397,-0.339048,-0.02611,0.086476,-0.936422,148.179886,353.429596,-615.91748
398,-0.338952,-0.026222,0.086491,-0.936453,148.123138,353.381561,-615.919983
399,-0.339084,-0.026068,0.086492,-0.936409,148.193085,353.463928,-615.910339
400,-0.339066,-0.026199,0.08648,-0.936413,148.157227,353.478973,-615.920227
401,-0.339068,-0.026303,0.086381,-0.936418,148.15361,353.49942,-615.929688
402,-0.339018,-0.02621,0.086341,-0.936443,148.209137,353.469879,-615.904907
403,-0.339083,-0.026186,0.086536,-0.936402,148.142181,353.462524,-615.950134
404,-0.339071,-0.026297,0.08642,-0.936414,148.135117,353.495117,-615.945435
405,-0.339051,-0.026353,0.086368,-0.936424,148.132111,353.511597,-615.951233
406,-0.339058,-0.026013,0.08651,-0.936418,148.250961,353.431091,-615.896484
407,-0.339081,-0.026028,0.086568,-0.936404,148.209366,353.433258,-615.904419
408,-0.339074,-0.026371,0.086391,-0.936413,148.137619,353.532684,-615.968872
409,-0.339077,-0.026212,0.086463,-0.93641,148.197495,353.496643,-615.929626
410,-0.33919,-0.026258,0.086483,-0.936366,148.169083,353.575806,-615.966431
411,-0.339091,-0.026173,0.08637,-0.936415,148.228287,353.520813,-615.901428
412,-0.339121,-0.026156,0.086451,-0.936397,148.205734,353.519989,-615.904358
413,-0.339149,-0.026232,0.086451,-0.936385,148.18248,353.55011,-615.935913
414,-0.339017,-0.026492,0.08627,-0.936442,148.133133,353.538605,-615.959412
415,-0.339112,-0.026214,0.086409,-0.936402,148.19371,353.522583,-615.930786
416,-0.339133,-0.026071,0.086477,-0.936392,148.227142,353.515045,-615.91217
417,-0.339095,-0.026326,0.086344,-0.936411,148.162354,353.556549,-615.950134
418,-0.339155,-0.026484,0.086289,-0.93639,148.094269,353.617188,-615.983704
419,-0.33917,-0.026235,0.086436,-0.936378,148.134674,353.554993,-615.943665
420,-0.339134,-0.026114,0.086444,-0.936394,148.174225,353.509705,-615.905762
421,-0.339081,-0.026432,0.086318,-0.936416,148.098557,353.55484,-615.959045
422,-0.339162,-0.026278,0.086427,-0.936381,148.146011,353.5755,-615.960632
423,-0.339213,-0.026053,0.086464,-0.936365,148.232513,353.560944,-615.917603
424,-0.339167,-0.026595,0.086277,-0.936384,148.062744,353.650146,-616.016785
425,-0.339158,-0.026352,0.08636,-0.936386,148.12796,353.593384,-615.96814
426,-0.339168,-0.026091,0.086518,-0.936375,148.166245,353.525726,-615.916199
427,-0.339161,-0.02611,0.086379,-0.93639,148.194229,353.54425,-615.902039
428,-0.339054,-0.026166,0.086458,-0.93642,148.109589,353.465485,-615.89624
429,-0.339211,-0.026086,0.086581,-0.936354,148.100327,353.526428,-615.919067
430,-0.339192,-0.026304,0.086287,-0.936382,148.139313,353.617828,-615.942017
431,-0.339183,-0.026501,0.086171,-0.936391,148.099915,353.679413,-615.974365
432,-0.339234,-0.026178,0.086437,-0.936356,148.112045,353.600555,-615.922913
433,-0.339183,-0.026044,0.086342,-0.936388,148.177414,353.544769,-615.867126
434,-0.33915,-0.026353,0.086322,-0.936393,148.022888,353.571686,-615.943542
435,-0.339225,-0.026008,0.086551,-0.936354,148.101425,353.522369,-615.892944
436,-0.339275,-0.026057,0.086453,-0.936344,148.169861,353.59848,-615.924011
437,-0.339218,-0.026264,0.086364,-0.936367,148.101654,353.613037,-615.954956
438,-0.339209,-0.026332,0.086475,-0.936358,148.015244,353.584412,-615.963806
439,-0.339277,-0.026345,0.086395,-0.93634,148.060944,353.663177,-615.972412
440,-0.339165,-0.026197,0.086337,-0.93639,148.167282,353.577332,-615.92041
441,-0.339289,-0.026239,0.086459,-0.936333,148.081711,353.631561,-615.963684
442,-0.339392,-0.026362,0.086327,-0.936304,148.065369,353.772766,-615.980469
443,-0.339376,-0.026274,0.08623,-0.936321,148.155823,353.760498,-615.945435
444,-0.33931,-0.026125,0.086399,-0.936334,148.09317,353.640045,-615.914001
445,-0.339185,-0.026079,0.086378,-0.936383,148.083282,353.542603,-615.859802
446,-0.339225,-0.026142,0.086249,-0.936378,148.124054,353.610077,-615.868774
447,-0.339338,-0.025878,0.086398,-0.936331,148.162186,353.614685,-615.864807
448,-0.339258,-0.02631,0.086377,-0.93635,147.991623,353.63739,-615.955994
449,-0.339373,-0.026044,0.086332,-0.93632,148.135345,353.678711,-615.922791
450,-0.339332,-0.026037,0.086398,-0.936329,148.133316,353.636932,-615.930359
451,-0.339334,-0.026221,0.086542,-0.93631,147.963638,353.637726,-615.980042
452,-0.3393,-0.026059,0.086423,-0.936337,148.080551,353.61087,-615.918884
453,-0.339341,-0.025663,0.086482,-0.936328,148.243713,353.560333,-615.829163
454,-0.339359,-0.026032,0.086495,-0.93631,148.069962,353.626373,-615.926086
455,-0.339213,-0.026118,0.086429,-0.936367,148.039185,353.556702,-615.908752
456,-0.339317,-0.025987,0.086405,-0.936335,148.144211,353.617767,-615.902344
457,-0.3393,-0.025957,0.08649,-0.936334,148.116837,353.591522,-615.893616
458,-0.339273,-0.026151,0.086464,-0.936341,148.030945,353.610352,-615.926208
459,-0.339217,-0.025968,0.086443,-0.936368,148.130203,353.557159,-615.868347
460,-0.339215,-0.025605,0.086516,-0.936372,148.252075,353.468048,-615.781799
461,-0.339273,-0.025928,0.086512,-0.936342,148.080902,353.553864,-615.876953
462,-0.339184,-0.025799,0.086575,-0.936372,148.09877,353.455994,-615.827209
463,-0.339379,-0.025799,0.086485,-0.93631,148.178665,353.623047,-615.858643
464,-0.339405,-0.026058,0.086373,-0.936304,148.125229,353.726624,-615.93219
465,-0.339259,-0.025775,0.086614,-0.936342,148.109924,353.516205,-615.839966
466,-0.339402,-0.025844,0.086428,-0.936306,148.137192,353.638702,-615.838928
467,-0.339281,-0.0262,0.086294,-0.936352,148.02388,353.653748,-615.884644
468,-0.33927,-0.025978,0.086705,-0.936324,147.961349,353.509735,-615.900513
469,-0.339303,-0.025766,0.086513,-0.936336,148.170288,353.556183,-615.845947
470,-0.339394,-0.026068,0.086327,-0.936312,148.09108,353.71991,-615.918518
471,-0.339436,-0.026136,0.086619,-0.936268,147.886307,353.67215,-615.93866
472,-0.339581,-0.025986,0.086486,-0.936232,148.060608,353.802429,-615.945984
473,-0.339299,-0.025657,0.086555,-0.936337,148.190918,353.543915,-615.817749
474,-0.339277,-0.025793,0.086653,-0.936332,148.04126,353.490784,-615.815247
475,-0.339416,-0.026407,0.086405,-0.936287,147.876556,353.763733,-615.967957
476,-0.339343,-0.026033,0.086528,-0.936313,148.014481,353.636963,-615.885193
477,-0.339369,-0.025962,0.086631,-0.936296,148.00853,353.610596,-615.875122
478,-0.339299,-0.026029,0.086494,-0.936332,148.019638,353.623505,-615.87146
479,-0.339308,-0.025708,0.086673,-0.936321,148.076523,353.529785,-615.82196
480,-0.339404,-0.025951,0.086595,-0.936287,148.00322,353.643127,-615.883667
481,-0.339328,-0.026357,0.086393,-0.936321,147.882111,353.705048,-615.926025
482,-0.339401,-0.026119,0.086518,-0.93629,147.926422,353.68808,-615.903137
483,-0.339404,-0.025808,0.086626,-0.936288,148.047928,353.609436,-615.860291
484,-0.339228,-0.025969,0.08659,-0.936351,147.951889,353.53006,-615.842041
485,-0.339397,-0.026131,0.086522,-0.936291,147.908844,353.680969,-615.895508
486,-0.339415,-0.026129,0.086552,-0.936282,147.929688,353.691528,-615.914673
487,-0.33942,-0.025979,0.086514,-0.936288,148.012512,353.680603,-615.88739
488,-0.339357,-0.025866,0.086622,-0.936304,147.984421,353.590057,-615.868958
489,-0.339295,-0.025688,0.086856,-0.936309,147.927368,353.462952,-615.836426
490,-0.339412,-0.02594,0.086621,-0.936282,147.934433,353.642334,-615.897766
491,-0.339317,-0.026058,0.086546,-0.93632,147.916351,353.610809,-615.886353
492,-0.339232,-0.025686,0.086763,-0.936341,148.000031,353.447784,-615.813232
493,-0.339209,-0.025614,0.08678,-0.936349,148.048523,353.43042,-615.795471
494,-0.339388,-0.02603,0.086621,-0.936288,147.94133,353.654541,-615.897217
495,-0.339411,-0.025943,0.086677,-0.936277,147.965408,353.641876,-615.889893
496,-0.339192,-0.025689,0.086854,-0.936347,147.985352,353.418762,-615.812439
497,-0.339287,-0.026104,0.086662,-0.936319,147.899078,353.584778,-615.931274
498,-0.339257,-0.025963,0.086619,-0.936337,147.969818,353.550507,-615.866028
499,-0.339342,-0.025861,0.086705,-0.936302,147.98938,353.57605,-615.855469
500,-0.339274,-0.026105,0.086709,-0.936319,147.882751,353.566467,-615.920898
501,-0.339186,-0.025862,0.086701,-0.936359,147.995758,353.474915,-615.848633
502,-0.339371,-0.025859,0.086675,-0.936294,148.043457,353.610016,-615.887268
503,-0.339238,-0.025815,0.086793,-0.936333,147.972931,353.471649,-615.851074
504,-0.339259,-0.026173,0.086578,-0.936335,147.902924,353.588837,-615.924377
505,-0.339352,-0.025836,0.086708,-0.936298,147.966263,353.568298,-615.867798
506,-0.339249,-0.025723,0.086757,-0.936334,147.975525,353.463898,-615.819702
507,-0.339368,-0.026018,0.086624,-0.936295,147.91185,353.623016,-615.918518
508,-0.339293,-0.026056,0.086668,-0.936317,147.872696,353.556274,-615.905334
509,-0.339406,-0.025995,0.086645,-0.93628,147.924637,353.641876,-615.912109
510,-0.339263,-0.02608,0.086704,-0.936324,147.865616,353.553253,-615.915405
511,-0.339279,-0.025845,0.086671,-0.936328,148.008698,353.529541,-615.870422
512,-0.339378,-0.026005,0.0867,-0.936285,147.936279,353.620758,-615.926086
513,-0.339262,-0.026124,0.086585,-0.936334,147.937439,353.58374,-615.920654
514,-0.339284,-0.026107,0.08661,-0.936324,147.936768,353.596802,-615.93103
515,-0.339234,-0.025913,0.086726,-0.936337,147.971985,353.504883,-615.878784
516,-0.339253,-0.026131,0.086609,-0.936335,147.950424,353.575989,-615.935791
517,-0.3393,-0.026238,0.086533,-0.936322,147.948685,353.65274,-615.960449
518,-0.339329,-0.02625,0.086597,-0.936306,147.914795,353.662628,-615.960754
519,-0.339364,-0.026136,0.086556,-0.9363,147.984802,353.661316,-615.94104
520,-0.339211,-0.026133,0.086515,-0.936359,147.991959,353.564728,-615.922363
521,-0.339318,-0.026254,0.086587,-0.93631,147.910873,353.656555,-615.990662
522,-0.3394,-0.026077,0.086563,-0.936288,148.003448,353.681396,-615.950378
523,-0.339318,-0.026278,0.086474,-0.93632,147.941895,353.669922,-615.971375
524,-0.339301,-0.026253,0.086543,-0.936321,147.93074,353.6427,-615.993713
525,-0.339236,-0.026006,0.086631,-0.936343,148.009293,353.539703,-615.934082
526,-0.339325,-0.026157,0.086539,-0.936315,147.970047,353.637146,-615.974854
527,-0.339227,-0.026356,0.086473,-0.936351,147.923477,353.621582,-615.996033
528,-0.339271,-0.026237,0.08658,-0.936328,147.948196,353.616058,-615.991333
529,-0.339244,-0.026028,0.08661,-0.936341,148.02652,353.546326,-615.940979
530,-0.339159,-0.026148,0.086595,-0.93637,147.982346,353.512848,-615.947876
531,-0.339351,-0.02613,0.086628,-0.936298,148.005417,353.647705,-615.993774
532,-0.339256,-0.026114,0.08652,-0.936343,148.093857,353.601868,-615.957458
533,-0.339238,-0.02618,0.086515,-0.936348,148.072388,353.602997,-615.972351
534,-0.339279,-0.02606,0.086634,-0.936325,148.083603,353.587402,-615.968079
535,-0.339244,-0.026124,0.086471,-0.936351,148.166626,353.61557,-615.960388
536,-0.339237,-0.026327,0.08642,-0.936353,148.113007,353.655426,-616.000122
537,-0.339175,-0.02621,0.086524,-0.936369,148.135696,353.575104,-615.966125
538,-0.339255,-0.026019,0.086537,-0.936344,148.234924,353.601044,-615.941772
539,-0.339229,-0.026256,0.086449,-0.936355,148.179413,353.644958,-615.977539
540,-0.339245,-0.026316,0.086443,-0.936348,148.157455,353.670624,-615.98053
541,-0.339268,-0.026118,0.086556,-0.936335,148.187363,353.623779,-615.946655
542,-0.339227,-0.026282,0.086428,-0.936357,148.167282,353.648743,-615.963318
543,-0.339285,-0.026362,0.08634,-0.936342,148.162949,353.71579,-615.990662
544,-0.339195,-0.026209,0.086497,-0.936364,148.139816,353.588043,-615.938171
545,-0.339274,-0.026335,0.086349,-0.936346,148.141861,353.692719,-615.981995
546,-0.339263,-0.026498,0.086297,-0.93635,148.093353,353.725342,-616.016602
547,-0.339282,-0.026172,0.086448,-0.936338,148.167236,353.652466,-615.955322
548,-0.339247,-0.026223,0.086441,-0.93635,148.154083,353.637329,-615.961487
549,-0.339202,-0.02636,0.086346,-0.936372,148.143616,353.648712,-615.968506
550,-0.339301,-0.026367,0.086364,-0.936334,148.1492,353.717163,-615.997498
551,-0.339304,-0.026326,0.086387,-0.936332,148.150345,353.71759,-615.984253
552,-0.339211,-0.026524,0.086307,-0.936367,148.105591,353.703156,-615.988403
553,-0.339211,-0.02621,0.086298,-0.936377,148.257263,353.632416,-615.905151
554,-0.339151,-0.026434,0.086207,-0.936401,148.216217,353.656982,-615.963989
555,-0.339241,-0.026661,0.086261,-0.936357,148.073059,353.742554,-616.067261
556,-0.339293,-0.026493,0.086312,-0.936338,148.123611,353.736542,-616.038391
557,-0.339417,-0.026513,0.086215,-0.936301,148.184662,353.856323,-616.079651
558,-0.339307,-0.026589,0.086337,-0.936328,148.089767,353.763641,-616.097107
559,-0.339177,-0.026608,0.086342,-0.936374,148.071762,353.672333,-616.050964
560,-0.339359,-0.026549,0.086091,-0.936333,148.226532,353.846283,-616.045959
561,-0.339272,-0.02648,0.086269,-0.93635,148.152344,353.738312,-616.022827
562,-0.339313,-0.026393,0.086303,-0.936335,148.177994,353.740997,-616.019592
563,-0.339234,-0.026477,0.08618,-0.936372,148.206863,353.722076,-616.010559
564,-0.339279,-0.026485,0.086117,-0.936361,148.215744,353.767883,-616.01593
565,-0.339325,-0.026543,0.086236,-0.936332,148.12175,353.782501,-616.049988
566,-0.339199,-0.02642,0.086229,-0.936382,148.195648,353.67334,-615.997559
567,-0.339245,-0.026538,0.086005,-0.936382,148.262726,353.77066,-616.024963
568,-0.339248,-0.026512,0.086257,-0.936359,148.130997,353.710754,-616.042358
569,-0.339277,-0.026528,0.086307,-0.936343,148.102341,353.726044,-616.058838
570,-0.339236,-0.026391,0.086244,-0.936368,148.200699,353.689758,-616.017334
571,-0.339195,-0.026441,0.086285,-0.936378,148.161163,353.663147,-616.027466
572,-0.339376,-0.026463,0.086268,-0.936313,148.182526,353.804291,-616.083008
573,-0.339394,-0.026429,0.086152,-0.936318,148.249084,353.842102,-616.066345
574,-0.339385,-0.026584,0.086101,-0.936321,148.199493,353.841858,-616.10498
575,-0.339202,-0.02665,0.086198,-0.936377,148.116425,353.711334,-616.088928
576,-0.339265,-0.026475,0.086201,-0.936359,148.215652,353.729675,-616.057617
577,-0.339325,-0.026487,0.086057,-0.93635,148.287537,353.809601,-616.041077
578,-0.339234,-0.02655,0.086142,-0.936373,148.206589,353.738007,-616.041626
579,-0.339226,-0.026483,0.08626,-0.936367,148.188675,353.697296,-616.045593
580,-0.339299,-0.026619,0.086093,-0.936352,148.235229,353.81131,-616.083923
581,-0.339283,-0.026625,0.086086,-0.936359,148.234314,353.797699,-616.080933
582,-0.339271,-0.02657,0.08616,-0.936358,148.206528,353.761261,-616.063904
583,-0.339387,-0.026515,0.086094,-0.936323,148.250702,353.85083,-616.059692
584,-0.339328,-0.026658,0.085936,-0.936355,148.260513,353.859253,-616.061646
585,-0.339303,-0.026593,0.086087,-0.936352,148.185287,353.786987,-616.057068
586,-0.339343,-0.026514,0.086157,-0.936334,148.156433,353.79184,-616.075562
587,-0.339319,-0.026464,0.086152,-0.936344,148.174255,353.763031,-616.072266
588,-0.339319,-0.026693,0.086001,-0.936351,148.164871,353.839386,-616.106995
589,-0.339395,-0.026695,0.086064,-0.936318,148.131729,353.876343,-616.133911
590,-0.339214,-0.026556,0.086099,-0.936384,148.191147,353.719818,-616.072327
591,-0.339285,-0.026556,0.086089,-0.936359,148.209152,353.7724,-616.085205
592,-0.33928,-0.026535,0.086083,-0.936363,148.233887,353.773163,-616.069824
593,-0.339234,-0.026599,0.086096,-0.936376,148.215759,353.751434,-616.074829
594,-0.33932,-0.026679,0.085991,-0.936352,148.251801,353.849243,-616.105774
595,-0.339217,-0.026591,0.086033,-0.936388,148.286148,353.758881,-616.070251
596,-0.339297,-0.0265,0.086125,-0.936354,148.292664,353.777954,-616.077332
597,-0.339331,-0.026528,0.086044,-0.936348,148.328339,353.829681,-616.081543
598,-0.339288,-0.026524,0.086087,-0.93636,148.313614,353.793732,-616.073914
599,-0.339334,-0.026687,0.085992,-0.936347,148.30188,353.867462,-616.124207
600,-0.339267,-0.026693,0.086058,-0.936365,148.238068,353.806396,-616.110657
601,-0.339315,-0.026683,0.086038,-0.93635,148.250519,353.842651,-616.117676
602,-0.339298,-0.02666,0.086032,-0.936357,148.262863,353.824615,-616.105347
603,-0.339258,-0.026775,0.086036,-0.936368,148.203445,353.815125,-616.121765
604,-0.339305,-0.026607,0.086016,-0.936357,148.289291,353.824127,-616.097107
605,-0.339304,-0.026621,0.085956,-0.936363,148.318222,353.841614,-616.096985
606,-0.339382,-0.026716,0.085973,-0.936331,148.260712,353.896027,-616.128113
607,-0.339428,-0.026789,0.085815,-0.936326,148.31012,353.983337,-616.140991
608,-0.339446,-0.02664,0.085921,-0.936314,148.302032,353.954926,-616.106201
609,-0.339411,-0.026818,0.085892,-0.936325,148.237534,353.951752,-616.132507
610,-0.339393,-0.026889,0.085851,-0.936333,148.252472,353.967926,-616.145447
611,-0.339426,-0.026745,0.085822,-0.936328,148.355835,353.982239,-616.122742
612,-0.339393,-0.026861,0.085799,-0.936338,148.306366,353.969757,-616.142944
613,-0.339396,-0.026968,0.085762,-0.936337,148.24675,353.99649,-616.162842
614,-0.339335,-0.026799,0.085869,-0.936355,148.260361,353.905487,-616.124146
615,-0.339427,-0.026735,0.085848,-0.936325,148.297592,353.958801,-616.130859
616,-0.339412,-0.026907,0.085769,-0.936333,148.248428,353.987762,-616.157532
617,-0.339342,-0.026968,0.085714,-0.936362,148.271667,353.957886,-616.155273
618,-0.339463,-0.027015,0.085724,-0.936316,148.244263,354.053497,-616.1875
619,-0.339415,-0.026973,0.085722,-0.936334,148.253799,354.015869,-616.165771
620,-0.339401,-0.026802,0.085803,-0.936337,148.309036,353.953857,-616.148804
621,-0.33938,-0.02687,0.085861,-0.936337,148.267532,353.944977,-616.174133
622,-0.339363,-0.026923,0.085759,-0.936351,148.288361,353.963898,-616.178528
623,-0.339432,-0.027066,0.085759,-0.936322,148.224716,354.027039,-616.229492
624,-0.339363,-0.027057,0.085738,-0.936349,148.248978,353.986847,-616.210449
625,-0.33934,-0.026947,0.085793,-0.936356,148.277069,353.940674,-616.188232
626,-0.339369,-0.027012,0.085734,-0.936349,148.27655,353.985474,-616.194458
627,-0.339421,-0.027107,0.085634,-0.936336,148.291916,354.063446,-616.203796
628,-0.339466,-0.026911,0.085744,-0.936316,148.302582,354.02887,-616.182922
629,-0.339303,-0.027219,0.085738,-0.936366,148.147308,353.975098,-616.220947
630,-0.339442,-0.02717,0.085691,-0.936322,148.19722,354.064453,-616.237183
631,-0.339392,-0.027153,0.085566,-0.936352,148.278625,354.061432,-616.209473
632,-0.339442,-0.027114,0.085713,-0.936321,148.187881,354.051758,-616.221924
633,-0.339379,-0.027293,0.085616,-0.936348,148.160187,354.052063,-616.246704
634,-0.33939,-0.027107,0.085602,-0.936351,148.247131,354.033417,-616.187561
635,-0.339488,-0.027177,0.085586,-0.936314,148.235138,354.117004,-616.224915
636,-0.339328,-0.027169,0.085672,-0.936365,148.187851,353.986938,-616.189026
637,-0.339433,-0.027124,0.08557,-0.936337,148.265549,354.078125,-616.188904
638,-0.339421,-0.027176,0.085565,-0.936341,148.257492,354.073151,-616.207397
639,-0.339317,-0.027161,0.085716,-0.936365,148.17276,353.970764,-616.190002
640,-0.339443,-0.027225,0.08559,-0.936329,148.221649,354.096527,-616.229919
641,-0.339318,-0.027093,0.085515,-0.936385,148.332916,353.996704,-616.177429
642,-0.339354,-0.027115,0.08554,-0.936369,148.302994,354.020721,-616.200317
643,-0.339358,-0.027465,0.085518,-0.936359,148.160843,354.085999,-616.278442
644,-0.339343,-0.027181,0.085581,-0.936367,148.26622,354.020233,-616.213318
645,-0.339376,-0.027155,0.085633,-0.936351,148.273453,354.025177,-616.233398
646,-0.339265,-0.02727,0.085632,-0.936388,148.234589,353.968079,-616.236511
647,-0.339329,-0.027147,0.085622,-0.936369,148.303299,354.002716,-616.216125
648,-0.339363,-0.027144,0.085646,-0.936355,148.292542,354.024078,-616.224792
649,-0.339326,-0.027205,0.085723,-0.93636,148.240219,353.992371,-616.24646
650,-0.339319,-0.027221,0.085648,-0.936369,148.289871,354.007202,-616.25
651,-0.339278,-0.027106,0.085613,-0.93639,148.361252,353.977142,-616.191956
652,-0.339374,-0.027226,0.085696,-0.936344,148.260513,354.046143,-616.237854
653,-0.339302,-0.027215,0.085672,-0.936373,148.28154,354.003265,-616.20459
654,-0.33929,-0.027128,0.085698,-0.936377,148.317154,353.977478,-616.188049
655,-0.339289,-0.027301,0.085646,-0.936378,148.272659,354.012451,-616.225708
656,-0.339339,-0.027436,0.085565,-0.936363,148.251984,354.0849,-616.269348
657,-0.339396,-0.027245,0.085565,-0.936347,148.328278,354.09317,-616.244934
658,-0.339317,-0.027179,0.085584,-0.936376,148.342163,354.029968,-616.201782
659,-0.339508,-0.027264,0.085505,-0.936312,148.324997,354.188324,-616.249329
660,-0.339593,-0.027429,0.085364,-0.936289,148.295395,354.295349,-616.299744
661,-0.339338,-0.027426,0.085487,-0.936371,148.199387,354.089447,-616.237366
662,-0.339342,-0.027367,0.08555,-0.936365,148.203583,354.062256,-616.210754
663,-0.339433,-0.027286,0.085485,-0.93634,148.302567,354.153046,-616.211426
664,-0.339487,-0.027272,0.085494,-0.93632,148.340714,354.182129,-616.252319
665,-0.339406,-0.027163,0.08546,-0.936356,148.413376,354.11261,-616.205688
666,-0.339488,-0.027264,0.085319,-0.936336,148.420898,354.226105,-616.218994
667,-0.339527,-0.02741,0.085099,-0.936338,148.458511,354.32785,-616.244263
668,-0.33955,-0.027328,0.084689,-0.936369,148.686432,354.429657,-616.186157
669,-0.339723,-0.02711,0.083942,-0.93638,149.144974,354.700073,-616.080383
670,-0.33985,-0.026945,0.083279,-0.936398,149.524689,354.929871,-615.974548
671,-0.339933,-0.026996,0.082533,-0.936432,149.847443,355.205353,-615.902649
672,-0.340086,-0.026594,0.081869,-0.936446,150.362946,355.410553,-615.769165
673,-0.340068,-0.026237,0.081208,-0.936521,150.871338,355.516754,-615.655273
674,-0.340198,-0.026242,0.080826,-0.936506,151.029419,355.71167,-615.637573
675,-0.339628,-0.027241,0.083862,-0.936418,149.057175,354.705292,-616.065735
676,-0.339354,-0.02731,0.085068,-0.936406,148.438614,354.209412,-616.170044
677,-0.339149,-0.027467,0.085206,-0.936463,148.305389,354.050293,-616.181702
678,-0.339241,-0.027672,0.085129,-0.936431,148.254547,354.173309,-616.221069
679,-0.339394,-0.027392,0.084928,-0.936402,148.489929,354.280304,-616.161133
680,-0.339332,-0.027328,0.085055,-0.936415,148.447098,354.204376,-616.14502
681,-0.339245,-0.027483,0.08526,-0.936423,148.267593,354.123108,-616.186829
682,-0.339163,-0.027403,0.085068,-0.936473,148.43544,354.085907,-616.143127
683,-0.33936,-0.027435,0.084963,-0.93641,148.474518,354.262878,-616.183167
684,-0.339273,-0.02757,0.085221,-0.936414,148.278519,354.172852,-616.218445
685,-0.339036,-0.027456,0.085143,-0.93651,148.407501,353.992798,-616.154358
686,-0.339212,-0.027469,0.084974,-0.936462,148.482407,354.155579,-616.19281
687,-0.339222,-0.027583,0.085132,-0.93644,148.314484,354.149628,-616.217529
688,-0.33918,-0.027506,0.08518,-0.936453,148.324493,354.091766,-616.19342
689,-0.339175,-0.027418,0.085059,-0.936469,148.43573,354.101074,-616.168945
690,-0.339135,-0.027404,0.085144,-0.936476,148.392075,354.051575,-616.170105
691,-0.339259,-0.027401,0.085221,-0.936424,148.354523,354.117401,-616.198486
692,-0.339228,-0.02747,0.085053,-0.936449,148.422729,354.159576,-616.184448
693,-0.339162,-0.027383,0.085121,-0.936469,148.448822,354.08075,-616.167603
694,-0.339173,-0.027391,0.085252,-0.936453,148.384048,354.06076,-616.181824
695,-0.339198,-0.027376,0.085092,-0.936458,148.486649,354.125854,-616.161011
696,-0.339171,-0.027272,0.085169,-0.936464,148.492813,354.072571,-616.124146
697,-0.339153,-0.027366,0.085242,-0.936461,148.4104,354.060181,-616.139832
698,-0.339177,-0.027401,0.085173,-0.936458,148.441406,354.101349,-616.154663
699,-0.33917,-0.027288,0.085033,-0.936477,148.571579,354.099304,-616.114014
700,-0.339186,-0.02735,0.085177,-0.936456,148.437851,354.084503,-616.138428
701,-0.339179,-0.027442,0.085182,-0.936456,148.381836,354.099518,-616.156799
702,-0.33918,-0.027399,0.085115,-0.936462,148.44075,354.098358,-616.148743
703,-0.339191,-0.027276,0.085159,-0.936458,148.462921,354.078461,-616.122375
704,-0.339128,-0.027357,0.085241,-0.936471,148.389694,354.030487,-616.137329
705,-0.339158,-0.027393,0.085115,-0.936471,148.466141,354.085266,-616.151855
706,-0.339176,-0.027261,0.085178,-0.936462,148.480194,354.070007,-616.119019
707,-0.339133,-0.027433,0.08515,-0.936475,148.428131,354.068939,-616.159241
708,-0.339145,-0.027271,0.085198,-0.936471,148.475754,354.036591,-616.129578
709,-0.339165,-0.027228,0.085115,-0.936473,148.545593,354.06308,-616.120544
710,-0.339136,-0.027351,0.085189,-0.936473,148.451813,354.043762,-616.144836
711,-0.339176,-0.027234,0.085172,-0.936463,148.511307,354.056091,-616.118286
712,-0.339141,-0.027326,0.085149,-0.936476,148.496002,354.059631,-616.131897
713,-0.339117,-0.027418,0.085141,-0.936482,148.475296,354.058899,-616.152039
714,-0.339173,-0.027304,0.085198,-0.93646,148.477173,354.068909,-616.130066
715,-0.339155,-0.027247,0.0851,-0.936477,148.550446,354.081268,-616.095276
716,-0.339132,-0.027276,0.085155,-0.93648,148.522873,354.051392,-616.113281
717,-0.339099,-0.02727,0.085277,-0.936481,148.444443,353.993805,-616.113342
718,-0.339118,-0.027276,0.085135,-0.936487,148.512283,354.035065,-616.118408
719,-0.339156,-0.027316,0.085089,-0.936476,148.514801,354.071747,-616.137817
720,-0.339138,-0.027381,0.085089,-0.93648,148.476181,354.067993,-616.149536
721,-0.33911,-0.027365,0.085139,-0.936487,148.456619,354.031586,-616.147705
722,-0.339107,-0.027284,0.085091,-0.936494,148.52771,354.027161,-616.124573
723,-0.339125,-0.027295,0.085111,-0.936486,148.517319,354.043152,-616.12915
724,-0.339123,-0.027379,0.085088,-0.936486,148.496872,354.062958,-616.141846
725,-0.339128,-0.027168,0.085157,-0.936484,148.555344,354.018311,-616.091492
726,-0.339137,-0.027203,0.085084,-0.936486,148.585495,354.048798,-616.098022
727,-0.339098,-0.027383,0.085164,-0.936488,148.45401,354.02887,-616.144836
728,-0.33909,-0.027331,0.085112,-0.936497,148.492538,354.024628,-616.123169
729,-0.33908,-0.027272,0.085092,-0.936504,148.533981,354.017609,-616.107971
730,-0.339085,-0.027374,0.085138,-0.936496,148.466919,354.023254,-616.144653
731,-0.339121,-0.027327,0.085132,-0.936484,148.497345,354.039246,-616.148132
732,-0.339085,-0.027302,0.085129,-0.936498,148.51535,354.015991,-616.130371
733,-0.339075,-0.027329,0.085122,-0.936502,148.503586,354.013489,-616.131042
734,-0.339087,-0.027405,0.085151,-0.936493,148.44838,354.031494,-616.142212
735,-0.339171,-0.02733,0.085015,-0.936477,148.55011,354.110352,-616.100525
736,-0.339128,-0.027668,0.085019,-0.936482,148.371704,354.142731,-616.184265
737,-0.339067,-0.027508,0.085316,-0.936482,148.273544,353.969757,-616.18042
738,-0.338989,-0.02697,0.085356,-0.936522,148.517853,353.838226,-616.050049
739,-0.339177,-0.027275,0.085078,-0.936471,148.539047,354.092773,-616.131042
740,-0.339203,-0.027675,0.085073,-0.93645,148.341553,354.162781,-616.228088
741,-0.339071,-0.027409,0.085155,-0.936498,148.434158,354.009033,-616.162537
742,-0.339088,-0.027146,0.085195,-0.936496,148.532608,353.97821,-616.090454
743,-0.339191,-0.027438,0.085143,-0.936455,148.401688,354.111084,-616.15979
744,-0.339077,-0.027305,0.085209,-0.936494,148.421799,353.990784,-616.111633
745,-0.339107,-0.027185,0.085232,-0.936484,148.486694,353.993591,-616.085754
746,-0.339142,-0.027383,0.085185,-0.93647,148.416611,354.056458,-616.134644
747,-0.338956,-0.027398,0.085257,-0.936531,148.369904,353.904602,-616.116028
748,-0.339213,-0.027112,0.085156,-0.936455,148.56543,354.075897,-616.103271
749,-0.339059,-0.027109,0.085249,-0.936502,148.516006,353.943146,-616.078308
750,-0.33897,-0.027398,0.085265,-0.936525,148.364517,353.915894,-616.133789
751,-0.33922,-0.027477,0.085141,-0.936443,148.406143,354.134796,-616.203064
752,-0.339011,-0.027215,0.085286,-0.936513,148.453857,353.916016,-616.105347
753,-0.339034,-0.027377,0.085296,-0.936499,148.363983,353.950775,-616.143982
754,-0.339076,-0.027419,0.08527,-0.936485,148.357361,353.995758,-616.150574
755,-0.339107,-0.027179,0.085218,-0.936486,148.503464,353.991669,-616.106262
756,-0.339125,-0.027454,0.085189,-0.936474,148.393723,354.050934,-616.169983
757,-0.338996,-0.027475,0.085279,-0.936512,148.332565,353.945282,-616.155945
758,-0.339078,-0.02725,0.085294,-0.936487,148.437469,353.958923,-616.137634
759,-0.339091,-0.02721,0.085299,-0.936483,148.431396,353.95874,-616.121887
760,-0.339071,-0.027383,0.085222,-0.936492,148.383774,353.99588,-616.147156
761,-0.339086,-0.027083,0.085272,-0.936491,148.506317,353.944061,-616.081055
762,-0.33909,-0.027121,0.085259,-0.93649,148.48584,353.954468,-616.086853
763,-0.339068,-0.027477,0.085193,-0.936494,148.366516,354.008881,-616.167297
764,-0.339012,-0.027159,0.085355,-0.936508,148.416168,353.882446,-616.075623
765,-0.339145,-0.027231,0.085163,-0.936476,148.491089,354.033478,-616.111206
766,-0.339056,-0.027342,0.085244,-0.936497,148.390091,353.969299,-616.127502
767,-0.339025,-0.027148,0.085345,-0.936505,148.426056,353.894257,-616.079956
768,-0.339112,-0.027134,0.08529,-0.936479,148.473969,353.967773,-616.09906
769,-0.339069,-0.027129,0.085242,-0.936499,148.497208,353.947418,-616.090027
770,-0.33909,-0.027168,0.085391,-0.936477,148.411011,353.93512,-616.11261
771,-0.33907,-0.027001,0.085387,-0.936489,148.495667,353.901428,-616.060059
772,-0.33904,-0.027066,0.085266,-0.936509,148.531631,353.918457,-616.056702
773,-0.339063,-0.027183,0.085323,-0.936492,148.448685,353.939484,-616.087769
774,-0.339061,-0.027166,0.085335,-0.936492,148.461884,353.939087,-616.08374
775,-0.33911,-0.027103,0.085275,-0.936482,148.516357,353.974762,-616.076294
776,-0.339048,-0.027143,0.085337,-0.936497,148.464294,353.923584,-616.07666
777,-0.339028,-0.027124,0.08543,-0.936497,148.418625,353.890656,-616.073914
778,-0.339035,-0.027152,0.085327,-0.936503,148.465378,353.915436,-616.082764
779,-0.339027,-0.027326,0.08526,-0.936507,148.41626,353.9505,-616.118652
780,-0.339035,-0.027231,0.085368,-0.936497,148.393463,353.916138,-616.10437
781,-0.339008,-0.027087,0.085375,-0.93651,148.452484,353.87027,-616.060059
782,-0.33903,-0.027094,0.085276,-0.936511,148.495438,353.909515,-616.061096
783,-0.338991,-0.027142,0.085379,-0.936514,148.424301,353.865479,-616.074402
784,-0.33905,-0.027018,0.085366,-0.936498,148.478104,353.88266,-616.059998
785,-0.339064,-0.027019,0.085323,-0.936496,148.48822,353.901215,-616.061462
786,-0.339014,-0.027164,0.085335,-0.936509,148.414917,353.889221,-616.085632
787,-0.339028,-0.027133,0.085345,-0.936504,148.426529,353.891388,-616.081055
788,-0.339047,-0.027033,0.08533,-0.936502,148.471481,353.891174,-616.057495
789,-0.339056,-0.027074,0.08536,-0.936494,148.442154,353.898468,-616.068909
790,-0.339088,-0.026982,0.085386,-0.936483,148.47551,353.900299,-616.05188
791,-0.339086,-0.02708,0.085249,-0.936494,148.511948,353.947113,-616.062683
792,-0.339067,-0.027145,0.085295,-0.936494,148.457687,353.931854,-616.079712
793,-0.339064,-0.02706,0.085413,-0.936487,148.42804,353.886566,-616.072693
794,-0.339074,-0.027157,0.085323,-0.936489,148.42511,353.926788,-616.097473
795,-0.339061,-0.027069,0.085351,-0.936493,148.435776,353.89502,-616.073853
796,-0.339081,-0.02696,0.085433,-0.936482,148.436569,353.876862,-616.054993
797,-0.339096,-0.027105,0.085395,-0.936476,148.388184,353.922333,-616.090637
798,-0.339125,-0.027023,0.085304,-0.936476,148.470459,353.948364,-616.066833
799,-0.339117,-0.026963,0.085318,-0.936479,148.497375,353.93042,-616.045959
800,-0.339084,-0.027145,0.08528,-0.936489,148.432785,353.949341,-616.073059
801,-0.339135,-0.026986,0.085241,-0.936479,148.515884,353.966431,-616.040222
802,-0.339133,-0.026854,0.085335,-0.936475,148.527588,353.922943,-616.014465
803,-0.339109,-0.026978,0.085381,-0.936476,148.443954,353.919159,-616.037354
804,-0.339126,-0.027113,0.085314,-0.936472,148.414154,353.966461,-616.072327
805,-0.339152,-0.027074,0.085202,-0.936474,148.493195,354.007538,-616.059753
806,-0.339114,-0.027056,0.085362,-0.936474,148.417175,353.943359,-616.059143
807,-0.339128,-0.027037,0.085311,-0.936474,148.443726,353.957733,-616.056702
808,-0.339159,-0.026935,0.085369,-0.93646,148.451721,353.951447,-616.039307
809,-0.339155,-0.026952,0.08534,-0.936464,148.460938,353.956268,-616.041809
810,-0.339142,-0.026999,0.085365,-0.936465,148.412521,353.947021,-616.050903
811,-0.33911,-0.026971,0.085411,-0.936473,148.383438,353.908081,-616.042969
812,-0.339175,-0.02682,0.085369,-0.936458,148.467758,353.938354,-616.027832
813,-0.339184,-0.02694,0.085351,-0.936453,148.406937,353.966187,-616.059631
814,-0.339249,-0.026811,0.085389,-0.93643,148.413177,353.978394,-616.039185
815,-0.339109,-0.026961,0.085362,-0.936478,148.328461,353.947052,-616.003357
816,-0.33905,-0.027235,0.085502,-0.936479,148.154892,353.892212,-616.042786
817,-0.339004,-0.026864,0.085565,-0.936501,148.341232,353.809906,-615.973206
818,-0.339083,-0.026557,0.085533,-0.936484,148.53891,353.818604,-615.936707
819,-0.339,-0.026841,0.085548,-0.936504,148.416824,353.786652,-615.995056
820,-0.339004,-0.026948,0.085512,-0.936503,148.375702,353.813568,-616.045654
821,-0.339013,-0.026871,0.085527,-0.936501,148.366455,353.811279,-616.006226
822,-0.339267,-0.0271,0.085452,-0.936409,148.287598,354.047607,-616.082336
823,-0.339139,-0.027032,0.085541,-0.936449,148.28064,353.916748,-616.056152
824,-0.339029,-0.026848,0.085566,-0.936492,148.352722,353.802429,-615.987915
825,-0.339287,-0.027184,0.085304,-0.936413,148.317581,354.097473,-616.084351
826,-0.339229,-0.027322,0.085272,-0.936433,148.23494,354.086975,-616.093506
827,-0.339334,-0.02704,0.085334,-0.936397,148.313126,354.09668,-616.074646
828,-0.339305,-0.026777,0.085404,-0.936409,148.366745,354.005219,-616.030579
829,-0.33923,-0.027003,0.085403,-0.936429,148.237183,353.980713,-616.083679
830,-0.339384,-0.027207,0.085362,-0.936372,148.149231,354.128204,-616.162048
831,-0.339268,-0.026992,0.085411,-0.936416,148.213242,354.004395,-616.072937
832,-0.339295,-0.02706,0.085353,-0.936409,148.239548,354.048706,-616.106079
833,-0.339246,-0.027002,0.085481,-0.936417,148.219604,353.976257,-616.086304
834,-0.339326,-0.026936,0.08544,-0.936393,148.298538,354.041962,-616.075378
835,-0.339357,-0.027045,0.08535,-0.936387,148.310471,354.112457,-616.088379
836,-0.339237,-0.027087,0.085425,-0.936423,148.275162,354.02005,-616.077332
837,-0.339284,-0.026937,0.085465,-0.936406,148.354767,354.018768,-616.075378
838,-0.339148,-0.026988,0.085452,-0.936455,148.357803,353.931,-616.065735
839,-0.339188,-0.02715,0.085364,-0.936444,148.325653,354.008453,-616.099609
840,-0.339223,-0.026827,0.085499,-0.936428,148.391174,353.952545,-616.032349
841,-0.339193,-0.026703,0.085513,-0.936441,148.447754,353.909302,-615.996948
842,-0.339156,-0.026943,0.085391,-0.936459,148.434296,353.945404,-616.054443
843,-0.339037,-0.027014,0.085438,-0.936496,148.394669,353.861359,-616.049988
844,-0.33917,-0.02693,0.085477,-0.936446,148.400818,353.936066,-616.054626
845,-0.339075,-0.026958,0.085454,-0.936482,148.387772,353.877594,-616.034607
846,-0.339048,-0.026911,0.085493,-0.93649,148.383804,353.835388,-616.03363
847,-0.339067,-0.02672,0.085548,-0.936483,148.414215,353.796509,-616.005554
848,-0.338992,-0.026775,0.085528,-0.936511,148.380585,353.744537,-616.001953
849,-0.339089,-0.026859,0.085503,-0.936475,148.345093,353.836914,-616.034607
850,-0.339025,-0.026883,0.085511,-0.936497,148.353149,353.797424,-616.024719
851,-0.339037,-0.026963,0.085437,-0.936497,148.390717,353.840759,-616.047729
852,-0.339036,-0.026802,0.08552,-0.936495,148.439514,353.801147,-616.008911
853,-0.339017,-0.026836,0.08553,-0.9365,148.445297,353.800751,-616.006531
854,-0.339143,-0.026918,0.085407,-0.936463,148.479645,353.939453,-616.037903
855,-0.33908,-0.026889,0.085507,-0.936478,148.440186,353.870575,-616.014709
856,-0.339155,-0.026651,0.085603,-0.936449,148.497116,353.861755,-615.985474
857,-0.339086,-0.026745,0.085444,-0.936485,148.556259,353.859772,-615.986145
858,-0.339067,-0.026752,0.085466,-0.93649,148.541962,353.841888,-615.9823
859,-0.339106,-0.026736,0.085506,-0.936473,148.52565,353.862457,-615.981201
860,-0.339041,-0.026694,0.085556,-0.936493,148.52095,353.803101,-615.955078
861,-0.339081,-0.026716,0.08551,-0.936482,148.543991,353.84726,-615.977051
862,-0.338984,-0.026804,0.085516,-0.936514,148.517822,353.791565,-615.987122
863,-0.339011,-0.026772,0.085582,-0.936499,148.503784,353.789307,-615.997986
864,-0.339027,-0.026803,0.08555,-0.936495,148.494781,353.812561,-616.006897
865,-0.339006,-0.026741,0.085602,-0.9365,148.488129,353.779083,-615.988647
866,-0.339031,-0.026817,0.08557,-0.936492,148.478958,353.815582,-616.009949
867,-0.338987,-0.026815,0.085541,-0.93651,148.497253,353.788025,-615.999695
868,-0.33902,-0.02681,0.085452,-0.936507,148.560196,353.830322,-615.998901
869,-0.339003,-0.026658,0.085588,-0.936505,148.558929,353.768555,-615.958801
870,-0.339018,-0.026699,0.085516,-0.936505,148.590012,353.80661,-615.967224
871,-0.339012,-0.026718,0.085512,-0.936507,148.592468,353.809937,-615.972473
872,-0.33897,-0.026768,0.085559,-0.936516,148.556183,353.778473,-615.985291
873,-0.339025,-0.026653,0.085583,-0.936497,148.588974,353.79068,-615.975708
874,-0.338998,-0.026685,0.085476,-0.936516,148.614639,353.79953,-615.964905
875,-0.339052,-0.026652,0.085534,-0.936492,148.580338,353.819305,-615.966553
876,-0.339029,-0.02669,0.085577,-0.936495,148.534485,353.796478,-615.974854
877,-0.339003,-0.026813,0.085478,-0.93651,148.536362,353.817108,-615.99707
878,-0.339001,-0.026743,0.085555,-0.936506,148.525711,353.787109,-615.984924
879,-0.338953,-0.026846,0.085531,-0.936522,148.503784,353.772522,-616.005127
880,-0.339008,-0.026888,0.085506,-0.936504,148.498001,353.822205,-616.036194
881,-0.338974,-0.02689,0.085533,-0.936513,148.480988,353.792389,-616.031372
882,-0.338993,-0.026828,0.085526,-0.936509,148.510513,353.801514,-616.017578
883,-0.339025,-0.026595,0.085587,-0.936499,148.568146,353.778168,-615.961121
884,-0.339031,-0.026526,0.085618,-0.936496,148.583328,353.766266,-615.936035
885,-0.339053,-0.026762,0.085553,-0.936487,148.521988,353.837952,-615.984314
886,-0.339033,-0.02659,0.085599,-0.936495,148.563263,353.788544,-615.93335
887,-0.339047,-0.026565,0.085543,-0.936495,148.61438,353.811432,-615.92334
888,-0.339013,-0.026555,0.08559,-0.936504,148.605255,353.77652,-615.919128
889,-0.339031,-0.026588,0.08559,-0.936496,148.586044,353.792877,-615.9375
890,-0.339086,-0.026673,0.08552,-0.93648,148.586823,353.860321,-615.969788
891,-0.339086,-0.026598,0.085575,-0.936477,148.587479,353.837128,-615.95459
892,-0.339131,-0.026649,0.085514,-0.936465,148.589371,353.890411,-615.968567
893,-0.339093,-0.026804,0.085446,-0.936481,148.552094,353.902313,-615.981384
894,-0.339124,-0.026777,0.085458,-0.936469,148.543045,353.911804,-615.981018
895,-0.339011,-0.026647,0.085476,-0.936512,148.585205,353.796112,-615.933838
896,-0.338932,-0.026785,0.085507,-0.936534,148.49115,353.756195,-615.941284
897,-0.339114,-0.026985,0.085479,-0.936465,148.402008,353.934998,-616.016602
898,-0.339122,-0.026905,0.085468,-0.936466,148.453766,353.938293,-616.002563
899,-0.339046,-0.026788,0.085559,-0.936488,148.488373,353.839813,-615.985291
900,-0.338978,-0.026647,0.085632,-0.93651,148.531494,353.751892,-615.952332
901,-0.33903,-0.02676,0.085565,-0.936494,148.498352,353.824432,-615.980408
902,-0.339154,-0.026968,0.085401,-0.936458,148.478165,353.984009,-616.02887
903,-0.339137,-0.026886,0.085455,-0.936462,148.474472,353.94751,-615.993896
904,-0.339077,-0.026851,0.085514,-0.936479,148.444809,353.871948,-615.988159
905,-0.338978,-0.026811,0.085513,-0.936516,148.465012,353.779236,-615.974182
906,-0.338993,-0.026891,0.085561,-0.936504,148.397659,353.799103,-615.992798
907,-0.339109,-0.026996,0.085481,-0.936466,148.38121,353.929932,-616.018677
908,-0.33916,-0.027022,0.085444,-0.936451,148.392181,353.981415,-616.036255
909,-0.339148,-0.026819,0.085601,-0.936446,148.412048,353.907654,-616.018066
910,-0.339065,-0.026799,0.085576,-0.936479,148.443466,353.844513,-616.010925
911,-0.339093,-0.026835,0.085473,-0.936478,148.452057,353.884369,-616.016785
912,-0.339137,-0.026986,0.085457,-0.936459,148.36084,353.943878,-616.044983
913,-0.339159,-0.027122,0.085447,-0.936448,148.303177,353.983765,-616.067749
914,-0.33917,-0.026991,0.085428,-0.93645,148.371307,353.973236,-616.029236
915,-0.339131,-0.026847,0.085493,-0.936462,148.420654,353.910278,-615.993774
916,-0.339123,-0.026791,0.085541,-0.936462,148.450302,353.887329,-615.987244
917,-0.339073,-0.026923,0.085417,-0.936487,148.469147,353.905182,-615.995544
918,-0.339126,-0.027016,0.085343,-0.936472,148.469238,353.981567,-616.020325
919,-0.339172,-0.026877,0.085445,-0.93645,148.481094,353.971375,-616.003113
920,-0.339116,-0.026811,0.085494,-0.936468,148.493378,353.906525,-615.985291
921,-0.339062,-0.026808,0.085541,-0.936483,148.463516,353.853516,-615.977539
922,-0.339082,-0.02685,0.085462,-0.936482,148.479492,353.890961,-615.982727
923,-0.339165,-0.02698,0.085314,-0.936462,148.495529,354.004456,-616.014099
924,-0.339154,-0.026976,0.08536,-0.936462,148.46611,353.986237,-616.008301
925,-0.339143,-0.026924,0.08544,-0.93646,148.451981,353.950012,-616.007568
926,-0.3391,-0.026955,0.085434,-0.936475,148.451706,353.921539,-616.018921
927,-0.339062,-0.026913,0.08541,-0.936492,148.475433,353.892273,-616.000122
928,-0.339083,-0.026954,0.085391,-0.936485,148.459351,353.91687,-616.014221
929,-0.339076,-0.026964,0.085459,-0.936482,148.406387,353.896942,-616.019043
930,-0.339084,-0.026986,0.08551,-0.936473,148.36058,353.89325,-616.03302
931,-0.339086,-0.026791,0.085497,-0.936479,148.457932,353.863007,-615.990417
932,-0.339069,-0.026688,0.085516,-0.936487,148.503281,353.829498,-615.965576
933,-0.339106,-0.026753,0.085493,-0.936473,148.491196,353.87384,-615.986938
934,-0.339138,-0.026733,0.085493,-0.936462,148.503525,353.8974,-615.98584
935,-0.339134,-0.026746,0.085502,-0.936463,148.508347,353.899231,-615.988403
936,-0.339091,-0.026807,0.085447,-0.936481,148.516098,353.894012,-615.989807
937,-0.339086,-0.026863,0.085478,-0.936479,148.481812,353.888153,-616.016296
938,-0.339092,-0.026844,0.08547,-0.936478,148.491379,353.88855,-616.011475
939,-0.339077,-0.026775,0.085562,-0.936477,148.461212,353.848053,-615.994446
940,-0.33908,-0.02681,0.085537,-0.936477,148.461136,353.860504,-616.007019
941,-0.339056,-0.026902,0.085461,-0.93649,148.469986,353.872772,-616.026367
942,-0.339052,-0.026859,0.085466,-0.936492,148.482742,353.860687,-616.015381
943,-0.339041,-0.026938,0.085432,-0.936497,148.461853,353.871033,-616.030334
944,-0.339042,-0.026969,0.085479,-0.936492,148.41684,353.866455,-616.03833
945,-0.339071,-0.026853,0.085572,-0.936476,148.415298,353.847321,-616.021362
946,-0.339093,-0.026802,0.085553,-0.936471,148.437927,353.859772,-616.007324
947,-0.339108,-0.02691,0.085443,-0.936473,148.461914,353.912842,-616.031738
948,-0.339106,-0.026874,0.08545,-0.936474,148.484802,353.90387,-616.0271
949,-0.339136,-0.026779,0.085419,-0.936469,148.538269,353.918884,-616.002563
950,-0.339132,-0.026772,0.085505,-0.936463,148.493256,353.899658,-615.999512
951,-0.339114,-0.026762,0.085462,-0.936473,148.52919,353.898956,-615.985352
952,-0.339114,-0.026724,0.085464,-0.936474,148.546219,353.888214,-615.980591
953,-0.339069,-0.02679,0.085486,-0.936486,148.513931,353.857391,-615.994019
954,-0.33907,-0.026809,0.085474,-0.936486,148.514893,353.862305,-616.000671
955,-0.339075,-0.026798,0.08545,-0.936487,148.524109,353.868073,-616.000671
956,-0.33907,-0.026805,0.085467,-0.936487,148.510925,353.859131,-616.008118
957,-0.339069,-0.026782,0.085466,-0.936488,148.523499,353.855774,-616.005554
958,-0.339062,-0.026735,0.08546,-0.936493,148.543549,353.847565,-615.993408
959,-0.339071,-0.02681,0.085472,-0.936487,148.504166,353.86261,-616.015198
960,-0.339056,-0.026851,0.085449,-0.936493,148.503387,353.868256,-616.013123
961,-0.339115,-0.026733,0.085443,-0.936475,148.556473,353.894165,-615.991089
962,-0.339129,-0.026636,0.085492,-0.936468,148.568756,353.879211,-615.967529
963,-0.339111,-0.026669,0.0855,-0.936473,148.554916,353.869507,-615.970825
964,-0.339106,-0.026804,0.085386,-0.936482,148.563248,353.91217,-615.993958
965,-0.3391,-0.026864,0.085397,-0.936481,148.529526,353.911591,-616.013367
966,-0.339119,-0.026751,0.085483,-0.93647,148.514618,353.8862,-615.996948
967,-0.339099,-0.026733,0.085488,-0.936477,148.508209,353.865173,-615.989014
968,-0.339085,-0.026878,0.085394,-0.936487,148.495941,353.896393,-616.018799
969,-0.339105,-0.026771,0.085413,-0.93648,148.526016,353.88797,-615.998169
970,-0.339082,-0.02683,0.085408,-0.936488,148.498993,353.886505,-615.997253
971,-0.339079,-0.026965,0.085412,-0.936484,148.434204,353.908417,-616.026062
972,-0.33911,-0.026875,0.085423,-0.936475,148.471558,353.910492,-616.014954
973,-0.339134,-0.026825,0.085419,-0.936468,148.491226,353.920807,-616.010437
974,-0.339134,-0.026749,0.085445,-0.936468,148.496948,353.900421,-615.99353
975,-0.339127,-0.026701,0.085539,-0.936463,148.457001,353.859314,-615.993835
976,-0.339105,-0.026794,0.085552,-0.936467,148.403198,353.85376,-616.01709
977,-0.339052,-0.026902,0.085553,-0.936483,148.356628,353.83194,-616.031006
978,-0.339064,-0.026872,0.0855,-0.936485,148.400803,353.846863,-616.019836
979,-0.339057,-0.026942,0.085386,-0.936495,148.437134,353.882843,-616.025024
980,-0.339071,-0.02688,0.085436,-0.936488,148.439194,353.874054,-616.012634
981,-0.33909,-0.026842,0.085485,-0.936477,148.432922,353.872101,-616.010437
982,-0.339103,-0.026807,0.085463,-0.936476,148.464661,353.881256,-616.004395
983,-0.339125,-0.026753,0.085504,-0.936466,148.459641,353.87619,-616.001221
984,-0.3391,-0.026895,0.085509,-0.93647,148.384827,353.874573,-616.033875
985,-0.339098,-0.026847,0.085549,-0.936468,148.366104,353.85321,-616.023376
986,-0.339095,-0.026764,0.085546,-0.936472,148.397873,353.838745,-616.000671
987,-0.339052,-0.026833,0.085532,-0.936487,148.38118,353.826752,-616.003296
988,-0.339036,-0.026873,0.0855,-0.936495,148.395538,353.831696,-616.00647
989,-0.339022,-0.026888,0.085524,-0.936497,148.393997,353.819183,-616.013062
990,-0.339061,-0.026798,0.08555,-0.936483,148.416962,353.826111,-616.002014
991,-0.339043,-0.026828,0.085583,-0.936486,148.388977,353.812866,-616.005188
992,-0.33902,-0.02696,0.085554,-0.936493,148.354263,353.82312,-616.032959
993,-0.339034,-0.026969,0.08554,-0.936489,148.346436,353.836548,-616.037842
994,-0.339028,-0.026886,0.0855,-0.936497,148.397537,353.827545,-616.009399
995,-0.339047,-0.026824,0.085508,-0.936491,148.421082,353.828003,-615.996338
996,-0.339055,-0.026892,0.085513,-0.936486,148.395538,353.843811,-616.014404
997,-0.339071,-0.026899,0.085492,-0.936482,148.414185,353.865448,-616.012939
998,-0.339092,-0.026793,0.085502,-0.936476,148.461044,353.866943,-615.985291
999,-0.33908,-0.02687,0.085457,-0.936483,148.462204,353.883789,-615.995239
1000,-0.339085,-0.026935,0.085411,-0.936483,148.462555,353.909851,-616.009827
1001,-0.339095,-0.026861,0.085445,-0.936478,148.469208,353.896271,-615.996338
1002,-0.339096,-0.02673,0.085532,-0.936474,148.45755,353.85437,-615.968079
1003,-0.339109,-0.026747,0.08551,-0.936471,148.449249,353.866119,-615.979675
1004,-0.339083,-0.026938,0.085474,-0.936478,148.380951,353.883362,-616.021851
1005,-0.339083,-0.026969,0.085459,-0.936479,148.380005,353.888092,-616.032776
1006,-0.339068,-0.026832,0.085532,-0.936481,148.397751,353.840607,-615.999939
1007,-0.339075,-0.02675,0.085521,-0.936482,148.447128,353.841309,-615.978027
1008,-0.33905,-0.026914,0.085512,-0.936487,148.394821,353.856842,-616.009399
1009,-0.339052,-0.026892,0.085576,-0.936481,148.377411,353.84317,-616.006958
1010,-0.33908,-0.026856,0.085486,-0.936481,148.453476,353.881531,-615.996094
1011,-0.339083,-0.026909,0.085412,-0.936485,148.481705,353.91217,-616.003174
1012,-0.339085,-0.026799,0.085482,-0.936481,148.496689,353.879272,-615.977661
1013,-0.339084,-0.026865,0.085452,-0.936482,148.482056,353.894592,-615.989807
1014,-0.339087,-0.026965,0.085403,-0.936482,148.469452,353.92691,-616.008545
1015,-0.339074,-0.026989,0.085409,-0.936486,148.45816,353.921326,-616.005859
1016,-0.339093,-0.026957,0.085416,-0.936479,148.465912,353.925537,-616.004517
1017,-0.339113,-0.027008,0.085379,-0.936474,148.461594,353.955872,-616.024048
1018,-0.339089,-0.027012,0.085415,-0.936479,148.429657,353.932404,-616.022278
1019,-0.339078,-0.026898,0.08547,-0.936481,148.430084,353.891174,-615.99762
1020,-0.339064,-0.02684,0.085555,-0.93648,148.393539,353.846375,-615.994568
1021,-0.339066,-0.026788,0.085519,-0.936484,148.426239,353.843384,-615.989075
1022,-0.339059,-0.026825,0.08551,-0.936487,148.408707,353.840607,-616.004028
1023,-0.339026,-0.026941,0.085511,-0.936495,148.355713,353.834137,-616.029358
1024,-0.339022,-0.026991,0.085504,-0.936496,148.33429,353.842926,-616.036865
1025,-0.339043,-0.026949,0.085514,-0.936489,148.341385,353.850922,-616.023315
1026,-0.339051,-0.026926,0.085465,-0.936491,148.382004,353.865692,-616.013184
1027,-0.339045,-0.027001,0.085418,-0.936495,148.38736,353.885223,-616.02832
1028,-0.339065,-0.026853,0.085462,-0.936488,148.434204,353.86792,-615.996338
1029,-0.339091,-0.02683,0.085433,-0.936482,148.457825,353.890961,-615.990356
1030,-0.33909,-0.026842,0.085456,-0.93648,148.434662,353.886841,-615.993713
1031,-0.339094,-0.026767,0.085505,-0.936476,148.430176,353.867889,-615.978699
1032,-0.339098,-0.026756,0.085566,-0.93647,148.397629,353.852386,-615.988037
1033,-0.339096,-0.026793,0.085574,-0.936468,148.380539,353.853394,-616.003662
1034,-0.339092,-0.026782,0.085485,-0.936478,148.436279,353.871399,-615.991516
1035,-0.339083,-0.026786,0.085533,-0.936477,148.416168,353.854309,-615.998413
1036,-0.339085,-0.02694,0.085562,-0.936469,148.345673,353.870087,-616.0495
1037,-0.339081,-0.026884,0.085544,-0.936474,148.368622,353.863708,-616.031189
1038,-0.339077,-0.026861,0.085538,-0.936477,148.368088,353.856567,-616.023193
1039,-0.339071,-0.026805,0.085584,-0.936476,148.357956,353.82782,-616.012878
1040,-0.339044,-0.026795,0.085594,-0.936486,148.354462,353.804688,-615.998718
1041,-0.339059,-0.026882,0.085472,-0.936489,148.386276,353.858826,-616.010071
1042,-0.339101,-0.026884,0.085496,-0.936471,148.370422,353.884949,-616.016663
1043,-0.33909,-0.02699,0.085476,-0.936474,148.351013,353.903778,-616.034851
1044,-0.339087,-0.026929,0.085482,-0.936476,148.390045,353.897095,-616.017456
1045,-0.339101,-0.026728,0.085548,-0.936471,148.44986,353.864563,-615.972656
1046,-0.339119,-0.026857,0.085434,-0.936471,148.463425,353.921844,-616.002808
1047,-0.339114,-0.026959,0.085386,-0.936474,148.434052,353.942169,-616.022644
1048,-0.339106,-0.02703,0.085413,-0.936473,148.368942,353.933228,-616.039368
1049,-0.339124,-0.026818,0.085482,-0.936466,148.400696,353.891144,-615.994812
1050,-0.339104,-0.026847,0.08543,-0.936477,148.412308,353.891663,-615.991821
1051,-0.339098,-0.026994,0.08538,-0.93648,148.383713,353.920227,-616.026611
1052,-0.339092,-0.026921,0.085447,-0.936478,148.381119,353.895782,-616.008972
1053,-0.339097,-0.026969,0.08542,-0.936477,148.381714,353.919342,-616.017456
1054,-0.339121,-0.026863,0.085414,-0.936472,148.440491,353.923492,-615.995911
1055,-0.339101,-0.026735,0.085508,-0.936474,148.44194,353.866455,-615.970215
1056,-0.339063,-0.026861,0.085557,-0.93648,148.357666,353.843933,-616.003052
1057,-0.339069,-0.026829,0.085559,-0.936479,148.352829,353.837372,-615.997314
1058,-0.339086,-0.026751,0.0856,-0.936471,148.342575,353.822632,-615.988953
1059,-0.33907,-0.026875,0.085538,-0.936479,148.321747,353.84256,-616.020325
1060,-0.339051,-0.026903,0.085454,-0.936493,148.367203,353.852844,-616.020325
1061,-0.339047,-0.026877,0.085524,-0.936488,148.349075,353.834991,-616.014465
1062,-0.339047,-0.026828,0.085575,-0.936485,148.359802,353.823303,-616.000488
1063,-0.339045,-0.026817,0.0856,-0.936484,148.365707,353.820892,-615.993713
1064,-0.339057,-0.026946,0.085503,-0.936485,148.374283,353.875,-616.0177
1065,-0.339076,-0.026965,0.085425,-0.936484,148.411774,353.909729,-616.01593
1066,-0.339086,-0.026869,0.085454,-0.936481,148.430618,353.893036,-615.997498
1067,-0.3391,-0.026852,0.08546,-0.936476,148.427246,353.894318,-616.001465
1068,-0.339123,-0.026842,0.085474,-0.936467,148.416229,353.901947,-616.001221
1069,-0.339144,-0.026793,0.085461,-0.936462,148.43866,353.911133,-615.991455
1070,-0.339135,-0.026944,0.085378,-0.936468,148.425629,353.948883,-616.023804
1071,-0.339113,-0.026987,0.085369,-0.936476,148.410889,353.944946,-616.02356
1072,-0.339125,-0.026897,0.085407,-0.93647,148.422562,353.930115,-616.005188
1073,-0.339129,-0.026909,0.085416,-0.936468,148.409103,353.932251,-616.004089
1074,-0.339121,-0.026982,0.085413,-0.936468,148.36618,353.938873,-616.014709
1075,-0.339136,-0.027015,0.085389,-0.936464,148.361252,353.957123,-616.028503
1076,-0.339142,-0.026918,0.085429,-0.936462,148.377808,353.934052,-616.010925
1077,-0.339137,-0.026919,0.085401,-0.936466,148.39798,353.937134,-616.00885
1078,-0.339155,-0.02687,0.085427,-0.936458,148.410172,353.936859,-616.00531
1079,-0.339166,-0.026946,0.085408,-0.936454,148.393417,353.964905,-616.025635
1080,-0.339177,-0.026977,0.085354,-0.936454,148.424713,353.99292,-616.029358
1081,-0.339173,-0.026937,0.085366,-0.936455,148.446747,353.983765,-616.017456
1082,-0.339151,-0.026939,0.085383,-0.936462,148.439316,353.967194,-616.011353
1083,-0.339145,-0.026843,0.085434,-0.936462,148.445831,353.936127,-615.988586
1084,-0.339154,-0.026853,0.085432,-0.936459,148.439026,353.944122,-615.995117
1085,-0.339166,-0.026947,0.085379,-0.936457,148.430069,353.977814,-616.018799
1086,-0.339163,-0.027028,0.085348,-0.936458,148.414169,353.995331,-616.038208
1087,-0.339163,-0.026919,0.085376,-0.936459,148.44548,353.973938,-616.014709
1088,-0.339137,-0.026931,0.085476,-0.936458,148.394409,353.935303,-616.019714
1089,-0.339163,-0.026892,0.085433,-0.936454,148.444916,353.957794,-616.011719
1090,-0.339172,-0.026847,0.085387,-0.936456,148.494278,353.971619,-615.997437
1091,-0.339164,-0.027001,0.085376,-0.936456,148.439026,353.993225,-616.032104
1092,-0.33919,-0.026994,0.085355,-0.936449,148.450043,354.013824,-616.03186
1093,-0.339184,-0.026983,0.085298,-0.936456,148.48233,354.020508,-616.022095
1094,-0.33918,-0.026951,0.08538,-0.936451,148.450531,353.991913,-616.023071
1095,-0.33916,-0.027005,0.085351,-0.93646,148.445786,353.992493,-616.029663
1096,-0.339169,-0.027013,0.085323,-0.936459,148.457947,354.006897,-616.029724
1097,-0.339212,-0.026974,0.085381,-0.936439,148.438477,354.015411,-616.035461
1098,-0.33923,-0.026959,0.085341,-0.936436,148.455902,354.035736,-616.028809
1099,-0.339228,-0.026916,0.085364,-0.936436,148.448547,354.022308,-616.01416
1100,-0.339256,-0.026935,0.085308,-0.936431,148.46286,354.053284,-616.023438
1101,-0.339274,-0.027053,0.085223,-0.936429,148.454224,354.101013,-616.051086
1102,-0.339247,-0.027097,0.085232,-0.936436,148.41777,354.086273,-616.054199
1103,-0.339278,-0.026988,0.085264,-0.936425,148.442322,354.079559,-616.039978
1104,-0.339291,-0.026998,0.085247,-0.936422,148.44751,354.094025,-616.044434
1105,-0.339279,-0.027051,0.085187,-0.93643,148.454575,354.108093,-616.046875
1106,-0.339289,-0.027009,0.08522,-0.936425,148.446823,354.10022,-616.039978
1107,-0.339288,-0.027038,0.085244,-0.936422,148.416931,354.098572,-616.049316
1108,-0.339298,-0.027065,0.085212,-0.93642,148.419739,354.11554,-616.056519
1109,-0.339271,-0.027075,0.085178,-0.936433,148.438721,354.107788,-616.047668
1110,-0.339253,-0.027113,0.085222,-0.936434,148.413742,354.096771,-616.053528
1111,-0.339282,-0.027141,0.085196,-0.936426,148.438431,354.132843,-616.066467
1112,-0.339302,-0.027086,0.085179,-0.936421,148.491562,354.145935,-616.059143
1113,-0.339308,-0.027033,0.08521,-0.936418,148.510986,354.139252,-616.048462
1114,-0.339306,-0.026984,0.085237,-0.936418,148.524857,354.126923,-616.035461
1115,-0.33931,-0.02698,0.085231,-0.936417,148.529236,354.128906,-616.036438
1116,-0.339305,-0.027078,0.085175,-0.936421,148.511353,354.148376,-616.057434
1117,-0.339294,-0.027108,0.085157,-0.936426,148.500885,354.145081,-616.059875
1118,-0.339312,-0.027112,0.08511,-0.936423,148.519333,354.169495,-616.057556
1119,-0.339317,-0.027023,0.085217,-0.936414,148.493179,354.135284,-616.04126
1120,-0.339315,-0.026936,0.085241,-0.936415,148.525894,354.115601,-616.020813
1121,-0.339318,-0.027011,0.085174,-0.936418,148.541977,354.143005,-616.042419
1122,-0.339332,-0.02697,0.085214,-0.936411,148.529373,354.140076,-616.036072
1123,-0.33936,-0.027009,0.085167,-0.936404,148.528564,354.179504,-616.041443
1124,-0.339334,-0.027103,0.085169,-0.93641,148.482178,354.175323,-616.061951
1125,-0.339326,-0.027094,0.085215,-0.936409,148.464615,354.157318,-616.067383
1126,-0.339341,-0.027084,0.085113,-0.936413,148.526215,354.191986,-616.053711
1127,-0.339325,-0.027159,0.0851,-0.936418,148.501343,354.199219,-616.059387
1128,-0.339358,-0.027149,0.085134,-0.936404,148.491882,354.212036,-616.065308
1129,-0.339365,-0.027021,0.085167,-0.936402,148.538086,354.191956,-616.035889
1130,-0.339336,-0.027022,0.085147,-0.936414,148.557602,354.17749,-616.028931
1131,-0.339337,-0.027099,0.085169,-0.936409,148.509979,354.180145,-616.053223
1132,-0.339351,-0.02705,0.085223,-0.936401,148.491409,354.167236,-616.044617
1133,-0.339354,-0.027047,0.085216,-0.9364,148.486771,354.168579,-616.045715
1134,-0.339349,-0.027094,0.085204,-0.936402,148.4702,354.171875,-616.061584
1135,-0.339328,-0.027087,0.085194,-0.936411,148.470016,354.159821,-616.049622
1136,-0.339335,-0.027112,0.085166,-0.93641,148.468216,354.177429,-616.051819
1137,-0.339377,-0.027175,0.085078,-0.936401,148.485275,354.240906,-616.063477
1138,-0.339397,-0.027103,0.085098,-0.936394,148.513016,354.240356,-616.051331
1139,-0.33937,-0.027085,0.085114,-0.936403,148.527115,354.217194,-616.047485
1140,-0.33936,-0.027086,0.085131,-0.936405,148.525131,354.207703,-616.045349
1141,-0.339377,-0.02708,0.085116,-0.9364,148.539368,354.222961,-616.043335
1142,-0.339377,-0.027118,0.085088,-0.936401,148.53743,354.23645,-616.050232
1143,-0.339372,-0.027148,0.08508,-0.936403,148.522491,354.234039,-616.056946
1144,-0.339384,-0.027071,0.085082,-0.936401,148.542679,354.228485,-616.03772
1145,-0.339388,-0.027003,0.085145,-0.936396,148.535263,354.206573,-616.025085
1146,-0.339363,-0.027152,0.08513,-0.936402,148.488998,354.215271,-616.059143
1147,-0.339343,-0.027155,0.08511,-0.936411,148.510254,354.208649,-616.055725
1148,-0.339338,-0.027078,0.085126,-0.936413,148.542419,354.190186,-616.038513
1149,-0.33933,-0.027112,0.085114,-0.936417,148.533707,354.193573,-616.043335
1150,-0.33936,-0.027077,0.085146,-0.936404,148.518646,354.200256,-616.042114
1151,-0.339389,-0.027024,0.085203,-0.93639,148.501587,354.195129,-616.043274
1152,-0.339393,-0.027089,0.085088,-0.936397,148.530426,354.231842,-616.054321
1153,-0.339367,-0.027159,0.085089,-0.936404,148.494476,354.220703,-616.066345
1154,-0.339359,-0.027152,0.085159,-0.936401,148.462601,354.198181,-616.067322
1155,-0.339376,-0.027243,0.085077,-0.936399,148.474396,354.248169,-616.087219
1156,-0.339379,-0.027317,0.085048,-0.936399,148.470108,354.270996,-616.106873
1157,-0.339371,-0.027092,0.085135,-0.9364,148.525497,354.214355,-616.050354
1158,-0.339345,-0.026974,0.085223,-0.936405,148.531677,354.159363,-616.021057
1159,-0.339346,-0.027088,0.085206,-0.936403,148.492096,354.176819,-616.058594
1160,-0.339384,-0.027151,0.085137,-0.936394,148.495041,354.2276,-616.072327
1161,-0.339394,-0.027122,0.08513,-0.936391,148.508972,354.233093,-616.062073
1162,-0.339379,-0.027069,0.085159,-0.936396,148.51268,354.206726,-616.050232
1163,-0.339369,-0.027126,0.085102,-0.936403,148.519836,354.224823,-616.057068
1164,-0.339357,-0.027114,0.085174,-0.936401,148.499847,354.202026,-616.055298
1165,-0.33938,-0.027063,0.085202,-0.936392,148.518478,354.203094,-616.053833
1166,-0.339395,-0.027147,0.085065,-0.936396,148.556564,354.257477,-616.064697
1167,-0.339409,-0.027156,0.084998,-0.936397,148.584824,354.287659,-616.054871
1168,-0.33943,-0.02709,0.084993,-0.936392,148.605209,354.291626,-616.039795
1169,-0.339429,-0.027071,0.085031,-0.936389,148.573425,354.27243,-616.042847
1170,-0.339444,-0.027161,0.08502,-0.936382,148.522797,354.293884,-616.071472
1171,-0.339427,-0.027296,0.084982,-0.936388,148.471008,354.306702,-616.097107
1172,-0.339433,-0.027267,0.084924,-0.936392,148.497681,354.315582,-616.086487
1173,-0.339424,-0.02725,0.08496,-0.936392,148.482208,354.294373,-616.087219
1174,-0.339415,-0.027164,0.085023,-0.936392,148.480331,354.261597,-616.066956
1175,-0.33944,-0.027197,0.084989,-0.936385,148.478058,354.294525,-616.073853
1176,-0.339394,-0.027292,0.084988,-0.9364,148.442871,354.278809,-616.088196
1177,-0.339362,-0.027237,0.085054,-0.936407,148.439026,354.23349,-616.076599
1178,-0.339389,-0.027192,0.085066,-0.936397,148.450287,354.239563,-616.076416
1179,-0.339395,-0.027254,0.085026,-0.936397,148.450073,354.261871,-616.093872
1180,-0.339409,-0.027232,0.085047,-0.936391,148.453079,354.26181,-616.091309
1181,-0.339414,-0.027185,0.085063,-0.936388,148.461731,354.253601,-616.078735
1182,-0.339417,-0.02723,0.084997,-0.936392,148.482544,354.278473,-616.087585
1183,-0.339416,-0.027221,0.084987,-0.936394,148.497162,354.278503,-616.084595
1184,-0.339408,-0.027303,0.08497,-0.936396,148.464676,354.290558,-616.101685
1185,-0.339397,-0.027263,0.085012,-0.936397,148.453491,354.266357,-616.090271
1186,-0.339376,-0.027228,0.085112,-0.936396,148.417999,354.223785,-616.086609
1187,-0.339376,-0.027312,0.085099,-0.936395,148.389496,354.238983,-616.11377
1188,-0.339367,-0.027309,0.085056,-0.936403,148.408569,354.238098,-616.115601
1189,-0.339358,-0.027275,0.085066,-0.936406,148.41127,354.225525,-616.103638
1190,-0.339364,-0.027273,0.085102,-0.936401,148.392883,354.2229,-616.105713
1191,-0.339338,-0.027322,0.085124,-0.936406,148.358643,354.205719,-616.115479
1192,-0.339331,-0.027252,0.08513,-0.936411,148.388046,354.186066,-616.098755
1193,-0.339337,-0.027214,0.085117,-0.936411,148.42215,354.186951,-616.093506
1194,-0.339355,-0.027262,0.08508,-0.936406,148.421539,354.217285,-616.105896
1195,-0.339378,-0.02731,0.085033,-0.9364,148.434372,354.253021,-616.116516
1196,-0.339375,-0.027261,0.085062,-0.9364,148.453827,354.238159,-616.107056
1197,-0.339371,-0.027251,0.085078,-0.936401,148.449188,354.232025,-616.109253
1198,-0.339403,-0.027252,0.084992,-0.936397,148.493423,354.27594,-616.105103
1199,-0.339438,-0.02728,0.084991,-0.936383,148.486938,354.305145,-616.114258
1200,-0.339438,-0.027343,0.084981,-0.936383,148.45488,354.31662,-616.127747
1201,-0.339408,-0.027284,0.084993,-0.936394,148.462204,354.276764,-616.107727
1202,-0.339393,-0.027232,0.085019,-0.936399,148.46965,354.247925,-616.096191
1203,-0.339391,-0.027348,0.084939,-0.936403,148.458725,354.280518,-616.122742
1204,-0.339374,-0.02736,0.084944,-0.936409,148.444229,354.267731,-616.12384
1205,-0.339368,-0.027284,0.08505,-0.936404,148.421082,354.227417,-616.112976
1206,-0.339356,-0.027275,0.085075,-0.936406,148.418015,354.210754,-616.115784
1207,-0.339331,-0.027241,0.085044,-0.936419,148.446762,354.194275,-616.101074
1208,-0.339375,-0.027288,0.085067,-0.936399,148.411514,354.227173,-616.119629
1209,-0.339387,-0.02732,0.085049,-0.936395,148.401367,354.247803,-616.12616
1210,-0.339362,-0.02722,0.085031,-0.936409,148.449661,354.215637,-616.097107
1211,-0.339404,-0.027244,0.084995,-0.936397,148.463196,354.252472,-616.110352
1212,-0.339426,-0.027382,0.084928,-0.936391,148.432037,354.309875,-616.132629
1213,-0.339425,-0.027337,0.084926,-0.936393,148.447388,354.306244,-616.114014
1214,-0.339401,-0.027316,0.084921,-0.936402,148.481964,354.289642,-616.108643
1215,-0.339388,-0.027354,0.08495,-0.936403,148.464859,354.282227,-616.122498
1216,-0.339382,-0.027359,0.084977,-0.936403,148.451691,354.27301,-616.128418
1217,-0.3394,-0.027325,0.085006,-0.936395,148.451035,354.274445,-616.130371
1218,-0.33941,-0.02723,0.08506,-0.936389,148.453125,354.251556,-616.110474
1219,-0.339351,-0.027295,0.084965,-0.936417,148.461929,354.236786,-616.104492
1220,-0.339347,-0.027345,0.084982,-0.936415,148.421753,354.23761,-616.120361
1221,-0.339372,-0.027357,0.085005,-0.936404,148.398926,354.252289,-616.124146
1222,-0.339371,-0.027396,0.084945,-0.936409,148.407196,354.271881,-616.122742
1223,-0.339379,-0.027342,0.084996,-0.936402,148.411713,354.259308,-616.119629
1224,-0.339393,-0.027227,0.085033,-0.936398,148.457672,354.245972,-616.09906
1225,-0.339404,-0.027297,0.08494,-0.9364,148.485229,354.289185,-616.111511
1226,-0.339399,-0.027405,0.084925,-0.9364,148.459854,354.306946,-616.136353
1227,-0.339406,-0.027313,0.085014,-0.936392,148.462357,354.282196,-616.121033
1228,-0.339402,-0.027276,0.085028,-0.936393,148.475418,354.272797,-616.115112
1229,-0.339405,-0.027347,0.084932,-0.936399,148.508102,354.308319,-616.126526
1230,-0.339437,-0.027323,0.084898,-0.936391,148.548752,354.335602,-616.124512
1231,-0.33942,-0.02731,0.084958,-0.936392,148.520477,354.305786,-616.120728
1232,-0.339408,-0.027342,0.08491,-0.9364,148.529877,354.316101,-616.121277
1233,-0.339394,-0.027301,0.08496,-0.936402,148.526337,354.289429,-616.112427
1234,-0.339388,-0.027313,0.084997,-0.9364,148.508682,354.276703,-616.121765
1235,-0.339413,-0.027308,0.084944,-0.936396,148.531708,354.304443,-616.121338
1236,-0.339415,-0.027236,0.085016,-0.936391,148.520737,354.278564,-616.10791
1237,-0.339408,-0.027237,0.085063,-0.936389,148.498535,354.261749,-616.115906
1238,-0.339396,-0.027325,0.085007,-0.936396,148.483627,354.279633,-616.130249
1239,-0.339429,-0.027287,0.084969,-0.936389,148.511871,354.304779,-616.119507
1240,-0.339453,-0.027185,0.085009,-0.936379,148.532364,354.299713,-616.096497
1241,-0.339455,-0.027292,0.084943,-0.936381,148.525116,354.332672,-616.11969
1242,-0.33944,-0.027387,0.084899,-0.936388,148.514877,354.348053,-616.135925
1243,-0.339428,-0.027351,0.084971,-0.936387,148.503067,354.322296,-616.122131
1244,-0.339442,-0.027332,0.084919,-0.936387,148.540817,354.341522,-616.114929
1245,-0.339443,-0.027253,0.084955,-0.936386,148.54921,354.321655,-616.097778
1246,-0.339962,-0.026613,0.082793,-0.93641,149.905624,355.140533,-615.822815
1247,-0.340404,-0.026093,0.080667,-0.936449,151.192841,355.910156,-615.567444
1248,-0.340348,-0.026144,0.080941,-0.936445,151.023682,355.801727,-615.600403
1249,-0.340314,-0.026291,0.081207,-0.93643,150.826569,355.729401,-615.658142
1250,-0.340251,-0.026385,0.081368,-0.936436,150.699997,355.659607,-615.678833
1251,-0.340248,-0.026413,0.081215,-0.93645,150.764755,355.69931,-615.670776
1252,-0.340334,-0.026268,0.080773,-0.936461,151.053192,355.852417,-615.606079
1253,-0.339933,-0.026718,0.082711,-0.936424,149.8853,355.146301,-615.836975
1254,-0.339427,-0.027366,0.084902,-0.936393,148.504196,354.333527,-616.121033
1255,-0.339399,-0.027269,0.085017,-0.936396,148.484253,354.272247,-616.102905
1256,-0.339384,-0.027276,0.085056,-0.936397,148.470749,354.250122,-616.115356
1257,-0.339369,-0.027324,0.085064,-0.936401,148.444809,354.246857,-616.125061
1258,-0.339401,-0.027348,0.085026,-0.936392,148.444855,354.28363,-616.128113
1259,-0.339921,-0.026784,0.082795,-0.936419,149.808578,355.12912,-615.86084
1260,-0.340343,-0.026254,0.081026,-0.936436,150.929047,355.791534,-615.634583
1261,-0.340241,-0.026402,0.081543,-0.936424,150.609283,355.602051,-615.709656
1262,-0.340223,-0.026401,0.081646,-0.936421,150.549774,355.563293,-615.71106
1263,-0.340266,-0.026347,0.081484,-0.936421,150.637924,355.634186,-615.67865
1264,-0.340339,-0.026296,0.081179,-0.936423,150.813889,355.760468,-615.651611
1265,-0.340379,-0.026131,0.080994,-0.936429,150.97937,355.809296,-615.605347
1266,-0.340365,-0.026131,0.081143,-0.936421,150.895111,355.756378,-615.62085
1267,-0.340296,-0.026376,0.081618,-0.936398,150.552658,355.618958,-615.7229
1268,-0.340178,-0.026498,0.082215,-0.936385,150.200485,355.401154,-615.787476
1269,-0.340083,-0.026584,0.082666,-0.936378,149.934494,355.231659,-615.827698
1270,-0.340036,-0.026616,0.082792,-0.936383,149.856445,355.173279,-615.831909
1271,-0.340068,-0.026618,0.082772,-0.936373,149.861786,355.207611,-615.832703
1272,-0.340064,-0.026687,0.083067,-0.936346,149.674149,355.13327,-615.877808
1273,-0.33998,-0.026791,0.083417,-0.936342,149.447601,354.992249,-615.925659
1274,-0.339977,-0.026889,0.083527,-0.936331,149.34433,354.973907,-615.970886
1275,-0.339958,-0.026809,0.083758,-0.93632,149.245483,354.881897,-615.975159
1276,-0.339872,-0.0269,0.084017,-0.936325,149.060013,354.765839,-616.004578
1277,-0.339809,-0.027055,0.084242,-0.936323,148.870407,354.690399,-616.051086
1278,-0.339777,-0.027006,0.084488,-0.936314,148.765945,354.598694,-616.060364
1279,-0.339779,-0.027115,0.084485,-0.936311,148.730453,354.609802,-616.098877
1280,-0.33976,-0.027282,0.084574,-0.936304,148.614609,354.596252,-616.154175
1281,-0.339731,-0.027179,0.084857,-0.936292,148.508514,354.49469,-616.145264
1282,-0.339736,-0.027177,0.084881,-0.936289,148.493683,354.494507,-616.138672
1283,-0.339737,-0.027325,0.084872,-0.936285,148.437546,354.5159,-616.175964
1284,-0.339696,-0.027219,0.085028,-0.936289,148.415146,354.432159,-616.166687
1285,-0.33968,-0.027184,0.085103,-0.936288,148.389725,354.400696,-616.159485
1286,-0.339708,-0.027285,0.085113,-0.936275,148.333527,354.432343,-616.179932
1287,-0.339703,-0.027254,0.085186,-0.93627,148.32016,354.408142,-616.180786
1288,-0.339689,-0.027209,0.085268,-0.93627,148.317154,354.371368,-616.188416
1289,-0.33965,-0.027255,0.085273,-0.936282,148.305725,354.345245,-616.196655
1290,-0.339652,-0.027381,0.085189,-0.936285,148.288528,354.385376,-616.208679
1291,-0.339706,-0.027344,0.085239,-0.936262,148.265121,354.408142,-616.209656
1292,-0.339686,-0.027152,0.085395,-0.936261,148.269745,354.324127,-616.181641
1293,-0.339643,-0.027158,0.085435,-0.936273,148.250031,354.285828,-616.179626
1294,-0.339632,-0.027335,0.085406,-0.936274,148.185043,354.315765,-616.209534
1295,-0.339666,-0.027402,0.085384,-0.936261,148.165894,354.356262,-616.229919
1296,-0.339657,-0.027324,0.085374,-0.936268,148.209305,354.338959,-616.214722
1297,-0.339619,-0.027201,0.085431,-0.93628,148.230789,354.273926,-616.187439
1298,-0.33965,-0.027196,0.085458,-0.936267,148.201645,354.284302,-616.194458
1299,-0.339665,-0.027262,0.085399,-0.936264,148.184799,354.320587,-616.201233
1300,-0.339665,-0.027233,0.085423,-0.936263,148.175537,354.312073,-616.190918
1301,-0.339618,-0.027264,0.085486,-0.936274,148.130325,354.265045,-616.196045
1302,-0.339612,-0.027213,0.085477,-0.936278,148.157715,354.248688,-616.184814
1303,-0.339587,-0.027338,0.085522,-0.93628,148.089233,354.262054,-616.211914
1304,-0.339678,-0.027278,0.085635,-0.936238,148.114197,354.302551,-616.250366
1305,-0.339719,-0.026783,0.085614,-0.936239,148.413834,354.262177,-616.19104
1306,-0.339623,-0.026675,0.085594,-0.936279,148.459137,354.180023,-616.148071
1307,-0.339713,-0.027147,0.085394,-0.936251,148.302643,354.337524,-616.224731
1308,-0.339648,-0.027405,0.085253,-0.93628,148.25592,354.404663,-616.246338
1309,-0.33968,-0.027072,0.085556,-0.93625,148.268524,354.320953,-616.189331
1310,-0.339717,-0.02696,0.08555,-0.936241,148.323685,354.30896,-616.161133
1311,-0.33957,-0.026957,0.085345,-0.936313,148.432449,354.253143,-616.120483
1312,-0.339622,-0.026938,0.085492,-0.936281,148.383286,354.256287,-616.129395
1313,-0.339745,-0.027071,0.08558,-0.936224,148.290604,354.359253,-616.196289
1314,-0.339679,-0.027016,0.085487,-0.936259,148.352325,354.311951,-616.184448
1315,-0.339654,-0.026932,0.085512,-0.936268,148.363434,354.260132,-616.174866
1316,-0.339714,-0.026867,0.085636,-0.936237,148.314636,354.269928,-616.171143
1317,-0.339707,-0.026964,0.085458,-0.936253,148.341797,354.31485,-616.154419
1318,-0.33974,-0.027209,0.085273,-0.93625,148.318024,354.418243,-616.195557
1319,-0.339674,-0.026977,0.085567,-0.936254,148.286346,354.273315,-616.148376
1320,-0.339682,-0.026786,0.085637,-0.93625,148.363388,354.240723,-616.130493
1321,-0.339833,-0.026967,0.085446,-0.936208,148.395599,354.431793,-616.207031
1322,-0.339794,-0.026983,0.085565,-0.936211,148.333328,354.374115,-616.193787
1323,-0.339756,-0.026904,0.085567,-0.936227,148.352936,354.329376,-616.155396
1324,-0.339755,-0.026959,0.085458,-0.936235,148.360901,354.360107,-616.168945
1325,-0.339759,-0.026895,0.085577,-0.936225,148.341949,354.326355,-616.171387
1326,-0.339771,-0.026802,0.085618,-0.93622,148.367615,354.315887,-616.137329
1327,-0.339698,-0.026948,0.085459,-0.936256,148.356201,354.317993,-616.121521
1328,-0.339745,-0.026891,0.08551,-0.936236,148.351669,354.327637,-616.122925
1329,-0.339782,-0.026668,0.085674,-0.936214,148.390167,354.290436,-616.094055
1330,-0.339728,-0.026767,0.085544,-0.936243,148.409546,354.297272,-616.092896
1331,-0.339673,-0.026943,0.085489,-0.936263,148.339386,354.301636,-616.113037
1332,-0.33967,-0.026759,0.085702,-0.93625,148.320404,354.228088,-616.088257
1333,-0.339699,-0.026626,0.085663,-0.936247,148.416763,354.228271,-616.07312
1334,-0.339679,-0.026872,0.085474,-0.936264,148.377533,354.289185,-616.105164
1335,-0.339743,-0.02694,0.085578,-0.936229,148.266602,354.320404,-616.134216
1336,-0.339765,-0.026746,0.08564,-0.936221,148.348297,354.298645,-616.109009
1337,-0.33979,-0.026758,0.085581,-0.936217,148.382751,354.328125,-616.118408
1338,-0.339772,-0.026922,0.085611,-0.936216,148.282883,354.332153,-616.152527
1339,-0.339755,-0.026785,0.085681,-0.93622,148.315475,354.293365,-616.114075
1340,-0.339851,-0.026621,0.08566,-0.936192,148.401001,354.338715,-616.088501
1341,-0.339744,-0.026837,0.085551,-0.936235,148.353607,354.317078,-616.111633
1342,-0.339745,-0.026763,0.085614,-0.936231,148.344284,354.290222,-616.102356
1343,-0.339854,-0.026577,0.085671,-0.936191,148.387314,354.324493,-616.079834
1344,-0.339778,-0.026797,0.085575,-0.936221,148.317123,354.327393,-616.099609
1345,-0.33978,-0.02679,0.085619,-0.936217,148.278122,354.312775,-616.096863
1346,-0.339809,-0.026643,0.085648,-0.936208,148.33699,354.302887,-616.07312
1347,-0.339803,-0.026714,0.085612,-0.936211,148.317581,354.31485,-616.088623
1348,-0.33977,-0.026842,0.085615,-0.936219,148.250046,354.309448,-616.106018
1349,-0.339765,-0.026786,0.085665,-0.936218,148.259247,354.291504,-616.093872
1350,-0.33981,-0.026591,0.085651,-0.936208,148.360199,354.296387,-616.058533
1351,-0.339753,-0.026748,0.085616,-0.936228,148.305634,354.285034,-616.084839
1352,-0.339749,-0.026759,0.085647,-0.936226,148.28241,354.279755,-616.090515
1353,-0.339783,-0.026636,0.085713,-0.936211,148.301193,354.269196,-616.07074
1354,-0.339756,-0.026801,0.085627,-0.936224,148.2612,354.294464,-616.093079
1355,-0.339743,-0.026799,0.085638,-0.936228,148.252182,354.28299,-616.091492
1356,-0.339761,-0.026617,0.085763,-0.936215,148.277069,354.239899,-616.065918
1357,-0.339769,-0.026594,0.085752,-0.936214,148.2883,354.245667,-616.057983
1358,-0.33976,-0.02671,0.085708,-0.936218,148.242828,354.268616,-616.071655
1359,-0.339804,-0.026615,0.085756,-0.9362,148.259903,354.27774,-616.062317
1360,-0.339803,-0.026388,0.085843,-0.936199,148.313568,354.221893,-616.016602
1361,-0.339754,-0.026536,0.085758,-0.93622,148.279877,354.225891,-616.033081
1362,-0.339759,-0.026589,0.085751,-0.936218,148.237473,354.229279,-616.040283
1363,-0.339729,-0.026438,0.08586,-0.936223,148.235886,354.161621,-615.996338
1364,-0.339705,-0.026497,0.085906,-0.936226,148.211823,354.158081,-616.024353
1365,-0.33969,-0.026259,0.085925,-0.936236,148.34198,354.112732,-615.995667
1366,-0.339689,-0.026012,0.08591,-0.936245,148.457855,354.067108,-615.941406
1367,-0.339752,-0.026398,0.085786,-0.936223,148.29715,354.183685,-616.01947
1368,-0.339786,-0.026665,0.085784,-0.936203,148.148972,354.261475,-616.078247
1369,-0.339819,-0.026249,0.085978,-0.936185,148.274277,354.184937,-616.007141
1370,-0.33976,-0.02611,0.085969,-0.936211,148.367676,354.119476,-615.968201
1371,-0.339675,-0.026316,0.085936,-0.936239,148.267395,354.093323,-615.993286
1372,-0.339798,-0.026223,0.086027,-0.936189,148.259338,354.156494,-615.998535
1373,-0.339917,-0.026034,0.086053,-0.936148,148.350174,354.213593,-615.975647
1374,-0.339782,-0.026241,0.085914,-0.936204,148.32634,354.171936,-615.994324
1375,-0.339741,-0.026284,0.085917,-0.936218,148.303696,354.153931,-616.012878
1376,-0.33976,-0.026044,0.086084,-0.936202,148.336502,354.092468,-615.948242
1377,-0.339697,-0.02621,0.085987,-0.936229,148.293839,354.101898,-615.929504
1378,-0.339717,-0.026383,0.085831,-0.936231,148.300476,354.179199,-615.970581
1379,-0.339657,-0.026261,0.085973,-0.936244,148.313492,354.083588,-615.965515
1380,-0.339797,-0.026151,0.085976,-0.936196,148.375397,354.168488,-615.987122
1381,-0.339839,-0.026316,0.085841,-0.936188,148.361099,354.251862,-616.020691
1382,-0.339798,-0.026499,0.085841,-0.936198,148.273849,354.242096,-616.048218
1383,-0.339776,-0.026443,0.085851,-0.936206,148.308105,354.224274,-616.033447
1384,-0.339686,-0.026212,0.085909,-0.93624,148.384827,354.118591,-615.963684
1385,-0.339785,-0.026172,0.085922,-0.936205,148.38121,354.17276,-615.973572
1386,-0.3398,-0.026398,0.085855,-0.936199,148.294815,354.218414,-616.012817
1387,-0.339777,-0.026321,0.08583,-0.936212,148.347305,354.196655,-615.993591
1388,-0.339794,-0.02626,0.085871,-0.936203,148.378174,354.192139,-615.998108
1389,-0.339719,-0.026496,0.08592,-0.936219,148.248993,354.1698,-616.046753
1390,-0.339748,-0.02645,0.085879,-0.936214,148.282684,354.193573,-616.034973
1391,-0.339825,-0.026382,0.085768,-0.936198,148.374557,354.25415,-616.017883
1392,-0.339803,-0.026573,0.085803,-0.936197,148.268814,354.270813,-616.066833
1393,-0.339722,-0.026338,0.085978,-0.936217,148.288361,354.13623,-616.010315
1394,-0.339783,-0.02617,0.0859,-0.936207,148.406708,354.163757,-615.974548
1395,-0.339813,-0.026475,0.08575,-0.936201,148.334488,354.278015,-616.029053
1396,-0.339779,-0.026517,0.085843,-0.936204,148.277115,354.241486,-616.037048
1397,-0.339821,-0.026293,0.08586,-0.936193,148.388947,354.228516,-616.011536
1398,-0.339747,-0.02626,0.085809,-0.936226,148.422928,354.181061,-615.98584
1399,-0.339765,-0.026469,0.085819,-0.936213,148.311417,354.224518,-616.035095
1400,-0.33983,-0.026423,0.085868,-0.936186,148.305771,354.244598,-616.04248
1401,-0.339736,-0.026434,0.085726,-0.936233,148.375244,354.208191,-616.018982
1402,-0.339726,-0.026555,0.085715,-0.936234,148.33728,354.22113,-616.052856
1403,-0.339727,-0.026402,0.085909,-0.93622,148.319031,354.164154,-616.031982
1404,-0.339804,-0.026521,0.085759,-0.936203,148.345261,354.276245,-616.056824
1405,-0.339791,-0.026726,0.085659,-0.936211,148.297607,354.310028,-616.08667
1406,-0.339706,-0.026589,0.085815,-0.936231,148.284821,354.197815,-616.059326
1407,-0.339779,-0.026455,0.085876,-0.936203,148.335632,354.219849,-616.060364
1408,-0.339707,-0.026553,0.085781,-0.936235,148.340057,354.200714,-616.053833
1409,-0.339744,-0.026704,0.085717,-0.936223,148.294357,354.257294,-616.108704
1410,-0.339792,-0.026655,0.085818,-0.936198,148.281067,354.267914,-616.138123
1411,-0.339818,-0.026464,0.085853,-0.93619,148.353119,354.243805,-616.100891
1412,-0.339763,-0.026693,0.085643,-0.936223,148.341904,354.285065,-616.120605
1413,-0.339682,-0.026917,0.085637,-0.936247,148.22644,354.247314,-616.137024
1414,-0.339723,-0.026841,0.085664,-0.936232,148.264633,354.270721,-616.128235
1415,-0.339725,-0.026582,0.085704,-0.936235,148.403442,354.239594,-616.077393
1416,-0.339713,-0.026602,0.085731,-0.936236,148.39505,354.229523,-616.079468
1417,-0.339672,-0.026775,0.085682,-0.93625,148.336914,354.230835,-616.099731
1418,-0.339633,-0.026795,0.085629,-0.936269,148.358795,354.222626,-616.093567
1419,-0.339717,-0.02682,0.085688,-0.936232,148.34642,354.282562,-616.13678
1420,-0.339664,-0.02668,0.085756,-0.936249,148.386444,354.214417,-616.104004
1421,-0.339736,-0.0266,0.085649,-0.936235,148.470734,354.269348,-616.091309
1422,-0.339732,-0.026808,0.085582,-0.936237,148.404572,354.308655,-616.118652
1423,-0.339725,-0.026803,0.085639,-0.936234,148.38118,354.28833,-616.115662
1424,-0.339734,-0.02662,0.0857,-0.936231,148.442261,354.259705,-616.085144
1425,-0.339646,-0.026635,0.085738,-0.936259,148.439606,354.202759,-616.077576
1426,-0.339744,-0.026709,0.085673,-0.936227,148.465439,354.304901,-616.118408
1427,-0.339734,-0.026818,0.085676,-0.936227,148.405731,354.311462,-616.135132
1428,-0.339725,-0.026905,0.085674,-0.936228,148.360641,354.309906,-616.162231
1429,-0.339726,-0.026794,0.085699,-0.936229,148.400299,354.290314,-616.143127
1430,-0.339683,-0.026578,0.085819,-0.93624,148.428528,354.205566,-616.074707
1431,-0.33976,-0.026673,0.085707,-0.936219,148.432434,354.299316,-616.101379
1432,-0.339714,-0.026783,0.085635,-0.936239,148.419952,354.292877,-616.104248
1433,-0.339674,-0.026832,0.085781,-0.936239,148.328979,354.250671,-616.119324
1434,-0.339708,-0.026715,0.085792,-0.936229,148.391312,354.26889,-616.107483
1435,-0.339691,-0.026528,0.085782,-0.936241,148.490463,354.234863,-616.06311
1436,-0.339705,-0.026754,0.085782,-0.93623,148.378937,354.25943,-616.104553
1437,-0.33962,-0.027116,0.085606,-0.936266,148.289352,354.293213,-616.146912
1438,-0.339645,-0.026778,0.085698,-0.936259,148.402191,354.240906,-616.084473
1439,-0.339624,-0.026618,0.085857,-0.936256,148.40683,354.16095,-616.059631
1440,-0.339592,-0.026924,0.085723,-0.936271,148.316696,354.209503,-616.111877
1441,-0.339612,-0.027089,0.085601,-0.93627,148.316925,354.299957,-616.163452
1442,-0.33968,-0.026546,0.085941,-0.93623,148.438019,354.218719,-616.114441
1443,-0.339637,-0.026429,0.08616,-0.936229,148.375122,354.104828,-616.093384
1444,-0.339565,-0.027321,0.085553,-0.936285,148.201019,354.287689,-616.190247
1445,-0.339626,-0.027499,0.08533,-0.936278,148.217224,354.422455,-616.212158
1446,-0.339652,-0.026495,0.086127,-0.936225,148.341873,354.131653,-616.067871
1447,-0.339613,-0.026596,0.08609,-0.936239,148.344193,354.127106,-616.100647
1448,-0.3396,-0.02728,0.085462,-0.936282,148.311752,354.350037,-616.199585
1449,-0.339646,-0.027128,0.0857,-0.936248,148.26564,354.30191,-616.173645
1450,-0.339666,-0.026806,0.086048,-0.936218,148.276596,354.210022,-616.143127
1451,-0.339465,-0.026878,0.085803,-0.936311,148.355423,354.134491,-616.102234
1452,-0.339502,-0.027164,0.085601,-0.936308,148.306702,354.227173,-616.154541
1453,-0.339573,-0.027075,0.085747,-0.936272,148.28511,354.243347,-616.145264
1454,-0.339543,-0.026909,0.085882,-0.936275,148.305099,354.179504,-616.103699
1455,-0.339561,-0.027027,0.085781,-0.936274,148.300354,354.219421,-616.147522
1456,-0.339489,-0.027022,0.085738,-0.936305,148.312805,354.159027,-616.108948
1457,-0.339648,-0.027178,0.085587,-0.936256,148.317993,354.327515,-616.157837
1458,-0.339607,-0.027268,0.085503,-0.936276,148.315506,354.345673,-616.180359
1459,-0.339541,-0.026936,0.085774,-0.936285,148.353699,354.199158,-616.14856
1460,-0.339609,-0.026877,0.085858,-0.936254,148.333557,354.19809,-616.148865
1461,-0.339528,-0.027377,0.085456,-0.936306,148.244202,354.294434,-616.181152
1462,-0.33957,-0.027451,0.085393,-0.936294,148.242645,354.341614,-616.211426
1463,-0.339451,-0.02688,0.085785,-0.936318,148.357697,354.105164,-616.105408
1464,-0.339471,-0.026828,0.085884,-0.936303,148.34848,354.106842,-616.114624
1465,-0.339468,-0.027318,0.085646,-0.936312,148.217651,354.214874,-616.186523
1466,-0.339528,-0.027498,0.085429,-0.936305,148.248917,354.32785,-616.227478
1467,-0.339583,-0.027037,0.085747,-0.936269,148.330292,354.237366,-616.181519
1468,-0.339433,-0.026863,0.085933,-0.936311,148.316528,354.070435,-616.120667
1469,-0.339538,-0.027301,0.085564,-0.936295,148.269501,354.281372,-616.201355
1470,-0.339511,-0.02738,0.085423,-0.936315,148.278458,354.289337,-616.184814
1471,-0.339526,-0.027182,0.085653,-0.936294,148.2603,354.217773,-616.161743
1472,-0.339511,-0.027108,0.085736,-0.936294,148.283249,354.207733,-616.179199
1473,-0.339485,-0.026926,0.085783,-0.936305,148.368301,354.16037,-616.14209
1474,-0.339628,-0.026985,0.085755,-0.936253,148.354538,354.272003,-616.170105
1475,-0.339447,-0.027307,0.085667,-0.936318,148.230698,354.194794,-616.163086
1476,-0.339473,-0.027403,0.085525,-0.936319,148.266006,354.251801,-616.193298
1477,-0.33951,-0.026956,0.085711,-0.936301,148.407379,354.190948,-616.14978
1478,-0.339481,-0.026854,0.086016,-0.936287,148.297455,354.07901,-616.137268
1479,-0.339552,-0.027384,0.085508,-0.936292,148.271423,354.300201,-616.210693
1480,-0.339429,-0.027357,0.085275,-0.936359,148.378723,354.270508,-616.154053
1481,-0.339599,-0.026779,0.085898,-0.936257,148.346481,354.181519,-616.114929
1482,-0.339604,-0.026846,0.085933,-0.93625,148.283295,354.189941,-616.128296
1483,-0.339521,-0.027325,0.08529,-0.936325,148.349701,354.315338,-616.153442
1484,-0.339599,-0.027455,0.08533,-0.936289,148.298172,354.393921,-616.215393
1485,-0.339631,-0.026871,0.085995,-0.936234,148.268707,354.19696,-616.142273
1486,-0.339632,-0.026964,0.085681,-0.93626,148.374023,354.276123,-616.145752
1487,-0.339528,-0.027463,0.085195,-0.936327,148.370087,354.356659,-616.202026
1488,-0.339599,-0.027369,0.085541,-0.936273,148.241455,354.336487,-616.218201
1489,-0.339762,-0.026994,0.085815,-0.936199,148.303009,354.359955,-616.187256
1490,-0.339618,-0.026922,0.085523,-0.93628,148.471664,354.289307,-616.119507
1491,-0.339599,-0.027498,0.085223,-0.936298,148.331451,354.401245,-616.221008
1492,-0.33963,-0.027492,0.085412,-0.936269,148.253204,354.40152,-616.228149
1493,-0.339732,-0.02696,0.085633,-0.936228,148.411392,354.356262,-616.13916
1494,-0.339713,-0.027179,0.085395,-0.93625,148.404236,354.417572,-616.175903
1495,-0.339535,-0.027603,0.085239,-0.936316,148.272705,354.385986,-616.215881
1496,-0.33972,-0.027189,0.085447,-0.936242,148.377365,354.415894,-616.177368
1497,-0.3397,-0.027022,0.085545,-0.936246,148.40123,354.359222,-616.143738
1498,-0.339661,-0.02747,0.085259,-0.936273,148.320511,354.447113,-616.223206
1499,-0.339645,-0.027506,0.085184,-0.936284,148.357162,354.456177,-616.228882
1500,-0.339628,-0.026994,0.085564,-0.936271,148.412231,354.283447,-616.129639
1501,-0.339684,-0.027324,0.085368,-0.936259,148.351791,354.418427,-616.207336
1502,-0.339584,-0.027565,0.085185,-0.936305,148.311096,354.405334,-616.220886
1503,-0.33961,-0.027129,0.085353,-0.936293,148.425278,354.326233,-616.147522
1504,-0.339632,-0.027086,0.085481,-0.936274,148.383026,354.308655,-616.162476
1505,-0.339566,-0.027412,0.08537,-0.936299,148.256073,354.336121,-616.216614
1506,-0.339643,-0.027512,0.085191,-0.936284,148.297012,354.427612,-616.248291
1507,-0.339573,-0.027341,0.085303,-0.936305,148.327927,354.335175,-616.20929
1508,-0.339618,-0.027378,0.085453,-0.936273,148.23204,354.350159,-616.243591
1509,-0.339615,-0.027542,0.085324,-0.936281,148.239319,354.406921,-616.273438
1510,-0.339623,-0.027504,0.085272,-0.936285,148.294098,354.40509,-616.255615
1511,-0.339629,-0.02763,0.08526,-0.93628,148.242325,354.437012,-616.284485
1512,-0.339571,-0.027569,0.085252,-0.936303,148.282745,354.392914,-616.251648
1513,-0.339643,-0.027411,0.085315,-0.936276,148.326004,354.407715,-616.243591
1514,-0.339598,-0.027487,0.085373,-0.936285,148.241516,354.3573,-616.25293
1515,-0.339519,-0.027756,0.085241,-0.936317,148.179169,354.372314,-616.29248
1516,-0.33962,-0.027586,0.08525,-0.936285,148.259277,354.421509,-616.280334
1517,-0.339594,-0.027434,0.085357,-0.936289,148.278458,354.360413,-616.251343
1518,-0.339593,-0.027619,0.085287,-0.936291,148.215073,354.391754,-616.29248
1519,-0.339561,-0.027681,0.085139,-0.936314,148.246033,354.406006,-616.283752
1520,-0.339593,-0.027495,0.085295,-0.936294,148.247833,354.372192,-616.256592
1521,-0.339616,-0.027576,0.085395,-0.936274,148.157394,354.37796,-616.287659
1522,-0.339553,-0.027614,0.085235,-0.93631,148.202591,354.362061,-616.261536
1523,-0.339563,-0.027557,0.085125,-0.936318,148.285568,354.387451,-616.242493
1524,-0.339565,-0.02757,0.08529,-0.936302,148.220779,354.359863,-616.26709
1525,-0.339574,-0.027631,0.085299,-0.936296,148.187759,354.371979,-616.282471
1526,-0.339536,-0.027706,0.085093,-0.936326,148.261917,354.398895,-616.269348
1527,-0.33952,-0.027602,0.08522,-0.936323,148.257965,354.348602,-616.250977
1528,-0.339619,-0.027425,0.085407,-0.936276,148.24501,354.359894,-616.242371
1529,-0.339563,-0.027468,0.085286,-0.936306,148.276077,354.349426,-616.217407
1530,-0.339532,-0.027593,0.085157,-0.936326,148.277161,354.368195,-616.225891
1531,-0.339532,-0.027603,0.085271,-0.936314,148.238464,354.351593,-616.24646
1532,-0.339559,-0.027534,0.085317,-0.936303,148.261185,354.35498,-616.242249
1533,-0.339593,-0.027562,0.085166,-0.936303,148.304245,354.415192,-616.235718
1534,-0.339534,-0.027607,0.085223,-0.936318,148.249557,354.362762,-616.234314
1535,-0.339599,-0.027461,0.085319,-0.93629,148.281631,354.367645,-616.223572
1536,-0.339612,-0.027379,0.085273,-0.936292,148.34166,354.37674,-616.200195
1537,-0.339571,-0.027652,0.085207,-0.936305,148.242661,354.396057,-616.249084
1538,-0.339561,-0.027653,0.085227,-0.936307,148.225311,354.382385,-616.24353
1539,-0.339541,-0.027511,0.085293,-0.936312,148.254959,354.332764,-616.211548
1540,-0.339587,-0.027586,0.085247,-0.936297,148.243118,354.387695,-616.244873
1541,-0.339546,-0.027742,0.08519,-0.936313,148.208313,354.396667,-616.268127
1542,-0.339563,-0.027556,0.085245,-0.936307,148.262527,354.372864,-616.22345
1543,-0.339612,-0.027511,0.085201,-0.936295,148.309692,354.416168,-616.218933
1544,-0.339596,-0.027614,0.085186,-0.936299,148.286713,354.426208,-616.238708
1545,-0.339654,-0.027472,0.085282,-0.936273,148.311035,354.432587,-616.22406
1546,-0.33966,-0.027272,0.085374,-0.936269,148.359299,354.387695,-616.177917
1547,-0.339649,-0.027417,0.085232,-0.936281,148.378525,354.430969,-616.196472
1548,-0.339637,-0.02753,0.085219,-0.936283,148.329376,354.439301,-616.224243
1549,-0.339628,-0.027352,0.085327,-0.936282,148.350555,354.383423,-616.187012
1550,-0.339659,-0.027447,0.085276,-0.936273,148.33963,354.432587,-616.215637
1551,-0.339622,-0.027528,0.085204,-0.93629,148.322052,354.424591,-616.221802
1552,-0.339615,-0.027514,0.085165,-0.936297,148.34314,354.40863,-616.217285
1553,-0.339607,-0.02756,0.085143,-0.9363,148.344254,354.4086,-616.234619
1554,-0.339548,-0.027497,0.085377,-0.936302,148.260666,354.335571,-616.252625
1555,-0.339565,-0.027276,0.085583,-0.936284,148.270828,354.285278,-616.221375
1556,-0.339744,-0.027482,0.085211,-0.936247,148.350891,354.490936,-616.248291
1557,-0.339673,-0.027988,0.08492,-0.936284,148.252518,354.591187,-616.353149
1558,-0.339542,-0.02738,0.085501,-0.936296,148.252914,354.282104,-616.236694
1559,-0.339619,-0.027191,0.085442,-0.93628,148.363022,354.319397,-616.1698
1560,-0.339591,-0.027837,0.084977,-0.936313,148.26857,354.504272,-616.268005
1561,-0.339613,-0.027621,0.085283,-0.936284,148.24292,354.415131,-616.259644
1562,-0.339639,-0.027168,0.085543,-0.936264,148.351364,354.318878,-616.182312
1563,-0.339546,-0.027487,0.085193,-0.93632,148.35936,354.364655,-616.202148
1564,-0.339469,-0.027834,0.085121,-0.936344,148.232895,354.374115,-616.272095
1565,-0.339616,-0.027251,0.085487,-0.936275,148.33197,354.319031,-616.192444
1566,-0.3396,-0.027227,0.085432,-0.936286,148.371536,354.332458,-616.174988
1567,-0.339496,-0.027613,0.085248,-0.936329,148.264908,354.333771,-616.223755
1568,-0.33953,-0.027563,0.085235,-0.93632,148.30217,354.355988,-616.222961
1569,-0.33961,-0.027269,0.085405,-0.936284,148.37381,354.341949,-616.184204
1570,-0.339589,-0.027327,0.0854,-0.93629,148.332443,354.33551,-616.187195
1571,-0.339567,-0.02761,0.085211,-0.936307,148.281204,354.38855,-616.231201
1572,-0.339571,-0.027338,0.085267,-0.936309,148.383545,354.355347,-616.174011
1573,-0.339624,-0.02713,0.085526,-0.936272,148.357361,354.304565,-616.15918
1574,-0.339599,-0.027459,0.085341,-0.936288,148.27951,354.371735,-616.218872
1575,-0.339525,-0.0276,0.085115,-0.936331,148.313919,354.381989,-616.214661
1576,-0.339602,-0.027295,0.085362,-0.93629,148.343506,354.338898,-616.176453
1577,-0.339675,-0.02731,0.085488,-0.936252,148.287064,354.376678,-616.209167
1578,-0.339588,-0.027528,0.085188,-0.936304,148.340744,354.408386,-616.211914
1579,-0.339595,-0.027483,0.085181,-0.936303,148.372391,354.40802,-616.198914
1580,-0.339643,-0.027321,0.085406,-0.93627,148.354706,354.380066,-616.182495
1581,-0.339627,-0.027399,0.085405,-0.936274,148.324936,354.38562,-616.197693
1582,-0.339631,-0.027435,0.085213,-0.936289,148.398102,354.422424,-616.191895
1583,-0.339602,-0.027356,0.085226,-0.936301,148.427948,354.398315,-616.16394
1584,-0.339706,-0.027258,0.085451,-0.936245,148.361267,354.405731,-616.188232
1585,-0.339618,-0.027284,0.085366,-0.936284,148.365204,354.361359,-616.168762
1586,-0.339607,-0.027444,0.085174,-0.936301,148.374649,354.400696,-616.182312
1587,-0.33959,-0.027547,0.085232,-0.936299,148.300674,354.402924,-616.200989
1588,-0.339576,-0.027513,0.085356,-0.936293,148.260529,354.368134,-616.202698
1589,-0.339628,-0.027443,0.085293,-0.936282,148.328796,354.414307,-616.206909
1590,-0.339607,-0.027519,0.085283,-0.936289,148.291885,354.397827,-616.208923
1591,-0.339573,-0.027769,0.085183,-0.936303,148.22464,354.434021,-616.254028
1592,-0.339634,-0.027547,0.085178,-0.936288,148.327728,354.44696,-616.216858
1593,-0.339651,-0.027354,0.085293,-0.936277,148.364227,354.40744,-616.18573
1594,-0.339623,-0.027499,0.085324,-0.93628,148.273941,354.398438,-616.219666
1595,-0.339588,-0.027611,0.085204,-0.9363,148.279663,354.41037,-616.224976
1596,-0.339617,-0.027654,0.085103,-0.936298,148.313644,354.457214,-616.232361
1597,-0.339605,-0.027546,0.085275,-0.93629,148.263992,354.400269,-616.218872
1598,-0.339606,-0.027319,0.08537,-0.936287,148.309845,354.343811,-616.166077
1599,-0.33962,-0.027394,0.085195,-0.936296,148.371796,354.403625,-616.177002
1600,-0.339599,-0.027487,0.085219,-0.936299,148.316147,354.395813,-616.194641
1601,-0.339577,-0.027525,0.085355,-0.936293,148.230499,354.354736,-616.208557
1602,-0.339601,-0.027512,0.085276,-0.936292,148.281418,354.384186,-616.223022
1603,-0.339572,-0.027482,0.085245,-0.936306,148.302917,354.365662,-616.201172
1604,-0.339578,-0.027423,0.085348,-0.936296,148.278732,354.355347,-616.190125
1605,-0.339585,-0.027263,0.085459,-0.936288,148.309921,354.32016,-616.171326
1606,-0.339639,-0.027371,0.085329,-0.936277,148.325928,354.384003,-616.19928
1607,-0.339503,-0.027803,0.085081,-0.936337,148.250198,354.404358,-616.237427
1608,-0.339561,-0.027444,0.085276,-0.936308,148.343674,354.36026,-616.188416
1609,-0.339622,-0.027215,0.085472,-0.936275,148.395996,354.343719,-616.180542
1610,-0.339605,-0.027552,0.085355,-0.936282,148.289139,354.399902,-616.235352
1611,-0.339557,-0.027724,0.085106,-0.936317,148.312698,354.433319,-616.233215
1612,-0.339554,-0.027318,0.085331,-0.93631,148.39064,354.325775,-616.160889
1613,-0.339633,-0.027138,0.08559,-0.936262,148.350708,354.312317,-616.17041
1614,-0.339603,-0.027482,0.08541,-0.93628,148.263626,354.373322,-616.230713
1615,-0.339577,-0.027541,0.085199,-0.936307,148.322525,354.393433,-616.214722
1616,-0.339604,-0.027518,0.085306,-0.936288,148.291534,354.384583,-616.226257
1617,-0.339605,-0.027539,0.085335,-0.936284,148.288361,354.393982,-616.236633
1618,-0.339603,-0.027471,0.085251,-0.936295,148.358765,354.404572,-616.20343
1619,-0.339562,-0.027477,0.085263,-0.936308,148.349518,354.372253,-616.190918
1620,-0.339584,-0.027399,0.08541,-0.936289,148.312408,354.348785,-616.192505
1621,-0.3396,-0.027419,0.085428,-0.936281,148.296051,354.359558,-616.204041
1622,-0.339565,-0.027509,0.085257,-0.936307,148.341217,354.391266,-616.207458
1623,-0.339598,-0.027462,0.085277,-0.936294,148.357803,354.405609,-616.212952
1624,-0.339619,-0.027447,0.085382,-0.936278,148.309967,354.39328,-616.21991
1625,-0.339644,-0.027486,0.08526,-0.936278,148.339828,354.432556,-616.221802
1626,-0.339575,-0.027588,0.085188,-0.936307,148.3302,354.411102,-616.217834
1627,-0.339607,-0.027479,0.08536,-0.936283,148.312836,354.390411,-616.213013
1628,-0.339643,-0.027309,0.085498,-0.936262,148.328415,354.369568,-616.187317
1629,-0.339622,-0.027467,0.085322,-0.936281,148.34053,354.409729,-616.204041
1630,-0.339588,-0.027548,0.08531,-0.936292,148.300201,354.397339,-616.215088
1631,-0.339617,-0.027295,0.085443,-0.936277,148.346771,354.355988,-616.175659
1632,-0.339645,-0.027379,0.085359,-0.936272,148.358154,354.411896,-616.201416
1633,-0.339594,-0.027628,0.085273,-0.936291,148.265091,354.425018,-616.239929
1634,-0.339593,-0.027484,0.085361,-0.936288,148.267059,354.376617,-616.207397
1635,-0.339634,-0.027295,0.085445,-0.936271,148.324677,354.366058,-616.175232
1636,-0.339597,-0.02747,0.085435,-0.93628,148.263535,354.370361,-616.206238
1637,-0.339626,-0.027462,0.08536,-0.936277,148.302841,354.400787,-616.205078
1638,-0.339599,-0.027501,0.085303,-0.936291,148.335037,354.402374,-616.205994
1639,-0.339611,-0.027354,0.085421,-0.93628,148.351959,354.36438,-616.183777
1640,-0.339602,-0.027368,0.085381,-0.936286,148.354706,354.371613,-616.180542
1641,-0.339573,-0.02747,0.085351,-0.936296,148.321487,354.372559,-616.197449
1642,-0.339614,-0.027351,0.08545,-0.936276,148.334015,354.362457,-616.190308
1643,-0.339598,-0.027389,0.085372,-0.936288,148.364151,354.374237,-616.190857
1644,-0.339574,-0.02739,0.085357,-0.936298,148.350159,354.354492,-616.179199
1645,-0.33955,-0.027472,0.085329,-0.936307,148.339127,354.358368,-616.195496
1646,-0.339559,-0.027472,0.085387,-0.936298,148.325958,354.358795,-616.208374
1647,-0.339584,-0.027433,0.085438,-0.936285,148.306992,354.35965,-616.206909
1648,-0.339534,-0.027478,0.085324,-0.936313,148.350403,354.356232,-616.195557
1649,-0.339553,-0.027447,0.085447,-0.936295,148.3078,354.340057,-616.202515
1650,-0.339584,-0.027406,0.085489,-0.936282,148.314026,354.351257,-616.204407
1651,-0.339584,-0.027439,0.08537,-0.936292,148.352936,354.374146,-616.200317
1652,-0.339582,-0.027439,0.085336,-0.936296,148.357025,354.376862,-616.192566
1653,-0.339563,-0.027339,0.085487,-0.936291,148.328369,354.325989,-616.172058
1654,-0.339598,-0.027385,0.085514,-0.936275,148.299973,354.353119,-616.195923
1655,-0.339571,-0.027493,0.085384,-0.936293,148.30571,354.372559,-616.20459
1656,-0.339562,-0.027421,0.085397,-0.936298,148.325378,354.348999,-616.186768
1657,-0.339616,-0.027346,0.085506,-0.93627,148.312485,354.356537,-616.191895
1658,-0.339613,-0.027421,0.085491,-0.936271,148.289902,354.374573,-616.206665
1659,-0.339604,-0.027513,0.085376,-0.936282,148.292603,354.40509,-616.208923
1660,-0.339591,-0.027507,0.085411,-0.936283,148.276001,354.386475,-616.204285
1661,-0.339631,-0.027388,0.085459,-0.936268,148.308426,354.390869,-616.187195
1662,-0.339651,-0.027432,0.08535,-0.936269,148.34758,354.432892,-616.189819
1663,-0.339593,-0.027562,0.085284,-0.936292,148.317871,354.418457,-616.203308
1664,-0.339624,-0.02739,0.0854,-0.936276,148.333939,354.387207,-616.183899
1665,-0.339647,-0.027236,0.085468,-0.936266,148.367401,354.367859,-616.162964
1666,-0.339628,-0.027378,0.085433,-0.936272,148.309875,354.380432,-616.193726
1667,-0.339613,-0.027437,0.085362,-0.936282,148.312775,354.388519,-616.199951
1668,-0.339603,-0.027372,0.085344,-0.936289,148.343948,354.378754,-616.176636
1669,-0.33962,-0.027369,0.085377,-0.93628,148.326584,354.383942,-616.179565
1670,-0.339589,-0.02753,0.08528,-0.936295,148.310867,354.402588,-616.205566
1671,-0.339585,-0.027458,0.085285,-0.936298,148.340485,354.38855,-616.185059
1672,-0.339589,-0.027386,0.085379,-0.93629,148.341629,354.365906,-616.175659
1673,-0.33958,-0.027421,0.085429,-0.936288,148.317856,354.356689,-616.19104
1674,-0.339575,-0.027432,0.085399,-0.936292,148.330948,354.364288,-616.192566
1675,-0.339575,-0.027266,0.085473,-0.936291,148.365601,354.320221,-616.159363
1676,-0.339598,-0.027311,0.085463,-0.936282,148.366089,354.344299,-616.18335
1677,-0.339568,-0.027413,0.085393,-0.936296,148.363907,354.355042,-616.193665
1678,-0.339551,-0.027463,0.085392,-0.936301,148.337219,354.350098,-616.199158
1679,-0.339545,-0.027544,0.085372,-0.936302,148.325806,354.369537,-616.21405
1680,-0.339538,-0.027374,0.08547,-0.936301,148.351746,354.323151,-616.169312
1681,-0.339553,-0.027406,0.085467,-0.936295,148.342575,354.340973,-616.183167
1682,-0.339534,-0.027427,0.085489,-0.936299,148.315506,354.324249,-616.187073
1683,-0.339534,-0.027381,0.085474,-0.936302,148.34166,354.318604,-616.178101
1684,-0.339563,-0.027335,0.085458,-0.936294,148.368286,354.333801,-616.17749
1685,-0.339538,-0.027482,0.085374,-0.936307,148.353851,354.358063,-616.20282
1686,-0.339553,-0.027409,0.08542,-0.936299,148.354294,354.344543,-616.191895
1687,-0.339539,-0.027396,0.085458,-0.936301,148.337418,354.319824,-616.188599
1688,-0.339533,-0.027443,0.085484,-0.936299,148.308838,354.316528,-616.199402
1689,-0.33954,-0.027427,0.08542,-0.936303,148.354767,354.336212,-616.188049
1690,-0.339552,-0.027431,0.085417,-0.936299,148.357697,354.345795,-616.191162
1691,-0.339545,-0.027461,0.085429,-0.9363,148.33194,354.343597,-616.198242
1692,-0.339561,-0.027327,0.085465,-0.936295,148.358505,354.327026,-616.174255
1693,-0.339593,-0.027378,0.085447,-0.936283,148.343002,354.361816,-616.199829
1694,-0.339579,-0.027346,0.085434,-0.93629,148.356705,354.352356,-616.189575
1695,-0.33956,-0.027383,0.085413,-0.936298,148.341507,354.347504,-616.189514
1696,-0.339564,-0.027529,0.085357,-0.936297,148.321487,354.383423,-616.226196
1697,-0.339573,-0.027397,0.085441,-0.93629,148.337128,354.35083,-616.197144
1698,-0.339602,-0.02726,0.085473,-0.936281,148.388184,354.342957,-616.1698
1699,-0.339583,-0.027333,0.085472,-0.936286,148.365799,354.345032,-616.18103
1700,-0.339569,-0.02738,0.085507,-0.936286,148.337952,354.341553,-616.1922
1701,-0.339572,-0.027401,0.085488,-0.936286,148.355011,354.353607,-616.202515
1702,-0.339553,-0.027389,0.085545,-0.936288,148.330307,354.324554,-616.201538
1703,-0.339575,-0.027479,0.085479,-0.936284,148.335541,354.367432,-616.232422
1704,-0.339571,-0.027306,0.085613,-0.936278,148.341919,354.315979,-616.198303
1705,-0.339567,-0.027272,0.085616,-0.93628,148.355942,354.310242,-616.187195
1706,-0.339547,-0.027357,0.085597,-0.936287,148.31105,354.309265,-616.20166
1707,-0.33955,-0.027359,0.085532,-0.936291,148.328934,354.318695,-616.200195
1708,-0.339568,-0.027243,0.085556,-0.936286,148.352203,354.303192,-616.173889
1709,-0.339535,-0.027365,0.085513,-0.936298,148.319717,354.303314,-616.199219
1710,-0.339511,-0.027402,0.08549,-0.936308,148.307571,354.291016,-616.206848
1711,-0.339515,-0.027403,0.085431,-0.936312,148.34288,354.304718,-616.212585
1712,-0.339523,-0.027431,0.085411,-0.93631,148.352829,354.319824,-616.228333
1713,-0.339524,-0.027471,0.08543,-0.936307,148.332108,354.320953,-616.242676
1714,-0.339498,-0.027525,0.085449,-0.936313,148.293945,354.306946,-616.247437
1715,-0.339509,-0.0274,0.085476,-0.93631,148.337997,354.293152,-616.209656
1716,-0.339526,-0.027333,0.085489,-0.936305,148.377808,354.29538,-616.19281
1717,-0.339521,-0.02739,0.085445,-0.936309,148.377563,354.311707,-616.196289
1718,-0.339523,-0.027389,0.085401,-0.936312,148.402954,354.325256,-616.185852
1719,-0.339513,-0.027408,0.085509,-0.936305,148.342499,354.299438,-616.197205
1720,-0.339541,-0.027374,0.085527,-0.936295,148.352295,354.312073,-616.198425
1721,-0.339509,-0.027518,0.085456,-0.936309,148.315262,354.329224,-616.217773
1722,-0.339516,-0.027359,0.085509,-0.936306,148.343887,354.295044,-616.187683
1723,-0.33954,-0.02739,0.085515,-0.936296,148.339218,354.312256,-616.210083
1724,-0.339508,-0.027354,0.085563,-0.936304,148.330521,354.270325,-616.196777
1725,-0.339503,-0.027428,0.085489,-0.93631,148.320908,354.290375,-616.202454
1726,-0.339521,-0.027445,0.085429,-0.936309,148.341141,354.31546,-616.206482
1727,-0.339548,-0.02728,0.085487,-0.936299,148.375366,354.296875,-616.173523
1728,-0.339534,-0.027466,0.085445,-0.936302,148.305893,354.323273,-616.210876
1729,-0.339506,-0.027615,0.085357,-0.936316,148.27626,354.347382,-616.232971
1730,-0.339562,-0.027387,0.085462,-0.936293,148.312881,354.330109,-616.202576
1731,-0.339556,-0.027411,0.08552,-0.936289,148.279541,354.323273,-616.211304
1732,-0.339577,-0.027348,0.085565,-0.936279,148.288071,354.319489,-616.204895
1733,-0.339568,-0.027339,0.085489,-0.936289,148.343292,354.333954,-616.192932
1734,-0.339554,-0.027266,0.085542,-0.936292,148.36145,354.305237,-616.170776
1735,-0.339557,-0.027363,0.085524,-0.936289,148.331482,354.324799,-616.196045
1736,-0.339568,-0.027275,0.085489,-0.936291,148.366776,354.319275,-616.172546
1737,-0.339574,-0.027293,0.085493,-0.936288,148.34137,354.321533,-616.180237
1738,-0.339562,-0.027354,0.085475,-0.936292,148.320831,354.325317,-616.195679
1739,-0.339559,-0.027359,0.085405,-0.9363,148.344818,354.337341,-616.193481
1740,-0.33956,-0.027348,0.085422,-0.936298,148.321365,354.331207,-616.187622
1741,-0.339568,-0.027417,0.085428,-0.936293,148.291443,354.345123,-616.213135
1742,-0.339579,-0.027352,0.085508,-0.936283,148.281738,354.325165,-616.2052
1743,-0.339561,-0.027392,0.085475,-0.936292,148.281906,354.328125,-616.204956
1744,-0.339568,-0.027339,0.085414,-0.936296,148.342148,354.342438,-616.188416
1745,-0.339562,-0.027383,0.085495,-0.93629,148.290253,354.32785,-616.207336
1746,-0.339578,-0.027259,0.085475,-0.93629,148.345383,354.321136,-616.177979
1747,-0.339567,-0.027404,0.085424,-0.936294,148.296326,354.3414,-616.207458
1748,-0.339571,-0.027382,0.085442,-0.936291,148.292633,354.334167,-616.20459
1749,-0.339563,-0.027489,0.085375,-0.936297,148.292725,354.360718,-616.229187
1750,-0.33956,-0.027465,0.085341,-0.936302,148.304153,354.358093,-616.216614
1751,-0.339553,-0.027489,0.085365,-0.936302,148.267914,354.34436,-616.224792
1752,-0.339557,-0.027517,0.085342,-0.936301,148.273941,354.356842,-616.233826
1753,-0.339569,-0.027302,0.085417,-0.936297,148.329681,354.315887,-616.191162
1754,-0.339549,-0.027422,0.085395,-0.936303,148.287186,354.325409,-616.217651
1755,-0.339524,-0.027485,0.085396,-0.93631,148.257645,354.31604,-616.227478
1756,-0.339536,-0.027409,0.085446,-0.936303,148.260864,354.304688,-616.214722
