Frame,qx,qy,qz,qw,tx,ty,tz
0.0,0.1399546078936915,0.43519946521267283,0.8748752008579513,0.160023486187765,0.1505920909114328,0.514778514165405,-0.1684935113487676
1.0,0.1401146231219833,0.43512077377907177,0.874860101161044,0.16017992386617727,0.1505626491417267,0.5147723278812079,-0.1685115018985886
2.0,0.1400969875299188,0.4351584128559745,0.8748238075414576,0.1602912834946985,0.1505513380881311,0.5147612906803415,-0.1684969558239822
3.0,0.1400969875299188,0.4351584128559745,0.8748238075414576,0.1602912834946985,0.1505513380881311,0.5147612906803415,-0.1684969558239822
4.0,0.140272267690093,0.43513367383401963,0.87482347746246,0.1602069289802303,0.15055343672663254,0.5147716623411623,-0.16851741236840856
5.0,0.1398841186255753,0.43520703123386484,0.8748789347709893,0.16004412771148693,0.15064772863550063,0.5147800605273322,-0.16848913984426384
6.0,0.14008105662452497,0.4351932001698014,0.874817664867968,0.16024428019707723,0.15059844894867616,0.5147691570275352,-0.1684939505235694
7.0,0.14003556494321015,0.43522307772003077,0.8748330064681624,0.16011909306767963,0.15062554079359147,0.5147764203880763,-0.16849418197073424
8.0,0.14013461650073644,0.43514215679616974,0.8748042303651332,0.16040932383198955,0.1505737415592702,0.5147675849264811,-0.16849646433175564
9.0,0.13981532502229702,0.4352317885267548,0.8748484403729512,0.16020353155198097,0.1506581875250981,0.5147706899700869,-0.16847221475473162
10.0,0.13995276682214008,0.4351587067482653,0.8748447886263712,0.16030196135195945,0.1506188839827488,0.5147712731042213,-0.16848602433185023
11.0,0.14008667246633433,0.4351862118208522,0.8747934003754165,0.16039074754468427,0.15057556607565595,0.5147598565716004,-0.16848749392417367
12.0,0.1400780982440188,0.4351830294654881,0.8748020919730457,0.16035946226263686,0.15056596695467475,0.5147650062780228,-0.16849552678489446
13.0,0.13998806638438116,0.43527222567292506,0.8748264351404802,0.16006292264949962,0.15060516178058722,0.5147775267172969,-0.16849123841567534
14.0,0.1399373307016179,0.4352399275288374,0.8748157849830612,0.16025320996868905,0.150587016819443,0.5147699134713075,-0.16848495857770113
15.0,0.13985593393500004,0.43531337865480424,0.8748552464988596,0.15990896716797257,0.15063352814131126,0.5147851977215775,-0.16848422013649267
16.0,0.13999297363062896,0.43520700150583563,0.8748227912419916,0.16025578647251565,0.1505594153711424,0.5147719903717437,-0.16848728799968185
17.0,0.1399573624136821,0.4352104104051869,0.8748469327262635,0.1601458075648653,0.15057469551402256,0.5147770294287517,-0.16848932431928282
18.0,0.13981623776772423,0.43523536347742026,0.8748809622121511,0.16001531174827566,0.15060446521036067,0.5147814875270713,-0.1684829757128106
19.0,0.14000724382223717,0.4352241720478122,0.8748737213916858,0.15991830214475117,0.15056909472260802,0.5147849995960636,-0.16849744224521862
20.0,0.14009190160525606,0.43515542275478997,0.8748325670619871,0.16025603501727195,0.15051966371219455,0.5147717048426348,-0.16849151392673023
21.0,0.140092474698659,0.4351672805082673,0.8748392589517686,0.1601867894196178,0.1505306031016088,0.5147728493966264,-0.16849122429618257
22.0,0.13996427828833444,0.43523447804145465,0.8748616558421843,0.159993853207802,0.15057856207180773,0.5147772349633418,-0.16847957299966523
23.0,0.13999960530399674,0.43522327355871343,0.8748429407954759,0.1600957263885768,0.15056619139494884,0.5147716269427698,-0.16847555634246708
24.0,0.13998512859085638,0.43523384155660966,0.8748459170920045,0.16006338833326883,0.15058191809598592,0.5147694465791455,-0.16847484807787183
25.0,0.1399311006498824,0.43523726844929056,0.8748787794372447,0.15992163241447205,0.15061108254278807,0.5147816104284624,-0.168480209557107
26.0,0.13992525838159664,0.4353039282441506,0.874857013244529,0.15986437532770362,0.15061116788144954,0.514778134804111,-0.16847220912361552
27.0,0.13999695498115705,0.43527368892738993,0.8748442391259547,0.15995382331058952,0.15058456203382073,0.5147764978359448,-0.16848183437819503
28.0,0.1400587118198029,0.4352552613924027,0.8748212230964011,0.16007573924154023,0.15055058847130284,0.5147743896260502,-0.16849063885799645
29.0,0.14008190100818008,0.4352582926229978,0.8748222067558505,0.16004182665688063,0.15053893995340353,0.5147788718143355,-0.16849461393300255
30.0,0.14002690241127166,0.4352487681083199,0.8748583750157015,0.15991810443530358,0.1505682904212613,0.5147872217174548,-0.1685056240520821
31.0,0.13999788816754113,0.4352715656398395,0.8748160688604307,0.16011277624741102,0.15055345487011454,0.5147718947813305,-0.1684872092389561
32.0,0.14008091811074572,0.43521386221046976,0.874826398850732,0.16014057073383048,0.1505334862114502,0.5147717897153752,-0.16848930054863714
33.0,0.1400995628284226,0.43518086327209493,0.8748228486254024,0.1602333057138105,0.15053386607026734,0.5147677561810813,-0.16848499399642755
34.0,0.1399981218337074,0.4352091813316608,0.8748635082825417,0.16002292411783695,0.15058057485857068,0.5147757014436191,-0.16847917289345346
35.0,0.1400217913501943,0.4351941561498459,0.8748498922554004,0.16011748942829596,0.1505588287444382,0.5147701161770777,-0.16847262147092426
36.0,0.13990313999912718,0.43518450426625765,0.8748858822591479,0.16005077846904883,0.1505899066426506,0.5147773428165913,-0.1684686569740782
37.0,0.14020064787494735,0.4351383909955754,0.8748243363344332,0.16025211254222257,0.15050671610645902,0.5147663220325471,-0.1684812624838375
38.0,0.1399283562631706,0.4351781392385629,0.874870118027671,0.16013219171858664,0.15056736054382377,0.5147743374451503,-0.16846944969190936
39.0,0.14004680036457706,0.43520370235527334,0.8748484818424466,0.1600773718608386,0.15054489607077187,0.5147751390370238,-0.16847730415693749
40.0,0.14017693790249222,0.43518094525190915,0.8748089456305238,0.16024131681544213,0.15051440561731172,0.5147681792328935,-0.16848709851080215
41.0,0.13990780758053017,0.43526947862166504,0.8748528184121079,0.1599963514422266,0.1505996108414051,0.5147775225447344,-0.1684728657522578
42.0,0.14028845991006456,0.43517665540049544,0.8747853042620817,0.1602844286186205,0.1505065374380024,0.5147682555902807,-0.16849767770289223
43.0,0.14000344640721127,0.4351689623901709,0.8748505213555455,0.1601985469668661,0.1505783537974603,0.5147797201285154,-0.16849179245827936
44.0,0.14013993673365235,0.43520689240835714,0.874824878051898,0.16011618179943715,0.15055925973061154,0.5147815371920493,-0.16849812665154468
45.0,0.13998119063474282,0.4351910456451101,0.8748267348186158,0.1602878788473876,0.15056955234342237,0.5147738326210085,-0.1684821287998573
46.0,0.13993003254604844,0.4352631308725941,0.8748446216058895,0.16003899819074324,0.1506019093148907,0.514779906972653,-0.1684782784776353
47.0,0.14001765239064962,0.4352129360191976,0.8748310994413154,0.16017273423045572,0.150571286399455,0.5147723897177124,-0.16848558897741986
48.0,0.14003863349100376,0.43521751193123004,0.8748242414042,0.16017941531272917,0.15054688988075554,0.5147727041198975,-0.1684810784780148
49.0,0.14001401253131904,0.4352478952982332,0.8748304978646136,0.1600841839136215,0.15055665763843437,0.514770929717456,-0.16847799623711737
50.0,0.1401917659526737,0.43518239803268977,0.8747975594480628,0.1602865533514946,0.15049519903137903,0.5147637705596213,-0.16848640694575112
51.0,0.14007487386536827,0.43520838606127277,0.8748306452423099,0.16013754262654012,0.15053793447339722,0.514771110774046,-0.16848407586695308
52.0,0.13992933491797196,0.43524343983524555,0.8748639889430618,0.15998728124582698,0.15057811694300022,0.5147814702298943,-0.16847914333779512
53.0,0.13993783868215406,0.4352550927534355,0.8748378127602655,0.16009124555078094,0.15057459940522308,0.5147732935372538,-0.16847373124126774
54.0,0.13994888452337026,0.43524595203131533,0.8748543029845449,0.16001631013882417,0.15058398345758,0.5147795945918667,-0.1684871947318041
55.0,0.14000631167602354,0.4352322301523526,0.8748367827471233,0.16009916327123147,0.1505631079140088,0.514773573215612,-0.16848249181131816
56.0,0.13994053899381295,0.43521011652904645,0.8748720237274313,0.16002419228342885,0.15058721175507334,0.514778235950708,-0.1684841902260981
57.0,0.14025281800760384,0.4351187797316943,0.8748135951940117,0.160318334040293,0.15049363364349627,0.5147631908865502,-0.16849806611167342
58.0,0.1402448119929273,0.4351476722328868,0.8748208403767909,0.1602073447186933,0.1504949938695258,0.5147634699096372,-0.16849714383645173
59.0,0.14000558263606702,0.43516487115734753,0.8748637339968777,0.16013562588751143,0.1505417953136668,0.5147705188471937,-0.1684843467211058
60.0,0.1400288148424264,0.43521896372314356,0.8748496692686951,0.16004512116910424,0.15053067240172302,0.5147708572180267,-0.16848433548252248
61.0,0.13995627375511874,0.435266797219247,0.8748475401059386,0.15999011921262377,0.15054064693024044,0.514773546485674,-0.16847925673963032
62.0,0.1399676289268954,0.43526484959726364,0.8748401921611161,0.16002565962106172,0.15053710086014072,0.5147777153340027,-0.16848542328250368
63.0,0.1399084814290786,0.4352426330878254,0.8748584681230932,0.16003789526328,0.15054929231106323,0.5147834146240515,-0.16849145613631591
64.0,0.14013350632320554,0.4352319001182518,0.87479970591663,0.16019134824701972,0.15049649455344247,0.5147744756014482,-0.16849788616477013
65.0,0.1399039860185182,0.43537109502569665,0.8748352359316209,0.15981925504995012,0.1505831376240277,0.5147863680691305,-0.16848802767789015
66.0,0.13997304742554728,0.43527885408788936,0.8748252238127667,0.16006465243545168,0.150547977175229,0.514776075686238,-0.16849334208848846
67.0,0.14003836666298755,0.43524016957747536,0.874832594952248,0.16007242566303928,0.15053584601051162,0.5147788622826337,-0.16850156027585186
68.0,0.1398923216949981,0.4353019615232776,0.8748474354627216,0.15995094650882602,0.15057717969805468,0.51478079266747,-0.16849072476469829
69.0,0.1399974156599893,0.4352657667013377,0.8748178146058406,0.16011941542074673,0.15054704923867246,0.5147707378044757,-0.1684961394550077
70.0,0.1400229075119289,0.43528153558016774,0.8748397439379628,0.15993433834369916,0.15054579055203,0.5147829753532481,-0.16850830217241225
71.0,0.14013687334468344,0.4352699143116123,0.8748118499121468,0.16001870414931293,0.15050002128432535,0.5147717575607341,-0.16850928350938657
72.0,0.14005757176227798,0.4352276215428498,0.8748303822578308,0.16010183108517476,0.1504952021468991,0.5147700612062124,-0.16850587578333875
73.0,0.1400109833111441,0.43525160100900107,0.8748435436872829,0.16000544503242609,0.15049464953875455,0.5147744277257116,-0.16850510650757985
74.0,0.14007820732202547,0.4352606600508044,0.8748507539291079,0.15988249433648855,0.1504804612950478,0.5147788019981274,-0.1685134673849901
75.0,0.14008908552853824,0.43520070576580716,0.8748568406581134,0.16000281925774135,0.15045233938363428,0.5147789387090027,-0.16852172452819913
76.0,0.13994531891942438,0.43523892780167656,0.8748797340985888,0.15989945059996374,0.1504796681551625,0.514782286691196,-0.168508134139523
77.0,0.14005697302774908,0.43524503359448713,0.8748321934273048,0.16004511357991733,0.15045360067088281,0.5147729819665112,-0.16851179574404573
78.0,0.1399616609164384,0.43525597167541535,0.8748568396990936,0.15996400415754997,0.15048783441774746,0.5147811690985948,-0.16851279918365727
79.0,0.14012783237467674,0.435238700018982,0.8748256711051212,0.16003596400570477,0.1504799709283907,0.5147780998946089,-0.16852610377213545
80.0,0.1400080938753026,0.4352397638576097,0.8748289100644822,0.16012014152494006,0.15050931175690382,0.5147708650115735,-0.16851174528744556
81.0,0.1400796246232388,0.43521908794445374,0.8748125641750261,0.16020306431440737,0.15050613593317644,0.5147659851701274,-0.16851744437346294
82.0,0.14003345951157248,0.43521628890549596,0.874853157535445,0.16002926244537446,0.1505537977533623,0.5147726487458637,-0.16852896924098645
83.0,0.14012403845850838,0.4351670473253027,0.8748404559251666,0.16015327484913655,0.1505308701677094,0.5147685590695107,-0.16853256004165454
84.0,0.14004447558103653,0.4351974739623965,0.8748420555747123,0.16013145010832114,0.15054458439177798,0.5147672104986633,-0.16852119540922803
85.0,0.1399678181191464,0.4352155172615441,0.8748554647181681,0.16007616711581452,0.15056580453478713,0.5147725936552505,-0.16852083410689545
86.0,0.14006151914742923,0.4352220360315191,0.8748176199726865,0.16018327625572407,0.15052001772172213,0.5147672066073139,-0.16851613672832685
87.0,0.14004721243363483,0.4352162450622444,0.8748407304924486,0.16008527288582056,0.15051506404249446,0.5147736362643002,-0.1685205175929488
88.0,0.13996236000077175,0.4352613973933425,0.8748278452995263,0.16010713541499985,0.15051973322349915,0.5147683032318566,-0.16850619435410197
89.0,0.1400591593482114,0.43526840740460354,0.8748351875350865,0.15996324593037792,0.1505010778243557,0.51477542442242,-0.16851345853169244
90.0,0.1399948034751129,0.4352274272539622,0.8748400752130449,0.16010429215700456,0.1504891033059367,0.5147710589322776,-0.16851117480138422
91.0,0.14008926819818662,0.4352127003560889,0.8748524344213059,0.1599941260533412,0.15048659474959442,0.5147754189304513,-0.16852827054443342
92.0,0.139995516985334,0.4352347227700787,0.8748574316078154,0.15998895486826165,0.15050813784456396,0.5147755874813384,-0.16851636676660703
93.0,0.1399978825143104,0.4352421919014572,0.874844433834889,0.16003763266318644,0.1505232396774242,0.5147726445143305,-0.16851847005856968
94.0,0.1399616448884731,0.4353012057985627,0.87486508601764,0.15979574292758086,0.1505736962646148,0.5147842046519613,-0.1685231369823798
95.0,0.14021262589654687,0.43524955897223955,0.8747921979321353,0.16011511918219856,0.1505111608238404,0.5147703013626515,-0.1685276134552435
96.0,0.14008329778329603,0.435259885986798,0.8748121676423639,0.1600911386610287,0.15055518450490876,0.5147739008827352,-0.16852039301457436
97.0,0.1401093562979109,0.43522145499888903,0.8748081573263016,0.1601946979827849,0.15054044773148847,0.5147721488057067,-0.1685207001285787
98.0,0.14016228038854606,0.4351770490826089,0.8747988807510705,0.16031964740701438,0.1505197695527055,0.514768535414765,-0.16852030421160702
99.0,0.140158773379355,0.43522771932668086,0.8747869549047158,0.16025022341021936,0.15051239102199152,0.5147646452387193,-0.16851077555601518
100.0,0.140054221763911,0.4352311024045379,0.8748456690786103,0.16001174256983342,0.15053955376858036,0.5147772649034399,-0.1685125015498546
101.0,0.14017473146459755,0.4351811278289061,0.8748025522673696,0.16027765030373273,0.15048022610913367,0.5147616439225541,-0.16851305353298474
102.0,0.14011686666295192,0.43518971693444053,0.8748296970021776,0.16015672072740492,0.15048656611631003,0.5147679589549825,-0.16851158724257037
103.0,0.14000925991962573,0.4351848989207648,0.8748267471770884,0.1602799841266432,0.1504916926188109,0.5147646832667909,-0.16850269081764824
104.0,0.13996710148775748,0.43529220193660495,0.8748401241501309,0.15995207598303035,0.15053612320896065,0.5147782648561455,-0.16850356017729395
105.0,0.13999177477041533,0.43529144008968135,0.874837267451751,0.15994818116763304,0.15053690510158932,0.5147791232126511,-0.1685005045383817
106.0,0.14008441747001424,0.4352623092745269,0.8747899535695768,0.16020491640655274,0.1505019972590228,0.5147644153328361,-0.16849286239482847
107.0,0.1401648998975873,0.4351947895009077,0.8747962650563849,0.1602834697383332,0.15049632527386406,0.5147669158082578,-0.16850573877658956
108.0,0.14000559986083463,0.4352837472957096,0.8747961736069098,0.16018160315879537,0.15054157991627154,0.5147601806626885,-0.16847975523365832
109.0,0.1400449396966856,0.435245403924556,0.8748249467260307,0.16009424041388612,0.1505482033689155,0.514767890899336,-0.16849067303255133
110.0,0.14013908879484002,0.4351202539202647,0.8748160261003233,0.1604005015520672,0.15050057634185432,0.5147545639641902,-0.1684932976635825
111.0,0.14016461444181286,0.4351574383160993,0.8748350728359874,0.16017328139424686,0.15052634812979301,0.5147626005189555,-0.1685004054943198
112.0,0.14010143753567644,0.4351724395619677,0.8748078879456411,0.16033619128010146,0.15052065499000383,0.5147507879484208,-0.16848571993775058
113.0,0.14021567461689052,0.43515355207926737,0.8747986898467419,0.16033777766624643,0.15048707826564728,0.5147553319628191,-0.16849982912994493
114.0,0.1398933542826789,0.4352462396701383,0.8748497508460491,0.1600889556626296,0.15056730863520262,0.5147657055773455,-0.16848032466937138
115.0,0.14007047332967232,0.4352142961955071,0.8748240026920555,0.1601616158825248,0.15052709406799833,0.5147657731422385,-0.1684924056557296
116.0,0.14001915720433705,0.43526189309394864,0.8748021662229307,0.16019641072048768,0.15051205575662402,0.514759107037239,-0.16847495133126741
117.0,0.14009095876054278,0.4352499773018378,0.8748012222050208,0.1601711651980579,0.15050107709186572,0.5147597018257992,-0.16847992787899688
118.0,0.14009316611336056,0.4352425330203412,0.8748129706623173,0.16012529038019904,0.15050230349270888,0.5147589868354627,-0.16847923308857987
119.0,0.14012264281628717,0.4352029250300138,0.874817961270114,0.16017987905695502,0.15049594511136882,0.5147562809515678,-0.1684845066774872
120.0,0.14025239072262038,0.4352026247559454,0.8747866627940297,0.16023806320537468,0.15047748317608586,0.5147475509535507,-0.16848980433396338
121.0,0.14000567136533038,0.4351622595373705,0.8748423732150201,0.16025929579086737,0.15052993612131096,0.5147512154901001,-0.16848353310150663
122.0,0.1401637819378949,0.43517972989622083,0.8748251033250034,0.16016789788442565,0.15051328504043937,0.5147551064225104,-0.16849355715794523
123.0,0.14012018338169432,0.4351686650045599,0.8748333174661964,0.1601912415156296,0.15052949779741376,0.5147574951841325,-0.16849533156086835
124.0,0.14014630431065672,0.43514372768945336,0.8748257047274403,0.1602776840010148,0.15050548055156204,0.5147548635699237,-0.1684939741612422
125.0,0.1402223767261576,0.43511108362808065,0.8748192640017551,0.1603349160373136,0.15049079544767813,0.5147582169459876,-0.16850273354748382
126.0,0.14007671857212328,0.43515145237517744,0.8748220692786801,0.16033737403614898,0.15051528416958299,0.5147557026404715,-0.16849003152690034
127.0,0.14019345498818994,0.43516004663868446,0.8748157633256232,0.1602464015973509,0.1504854428630506,0.5147611323326647,-0.1685022226994407
128.0,0.14011652392698618,0.43526816654051964,0.8748089453470717,0.1600571524794091,0.15051435506679128,0.5147672841248574,-0.1684925208451395
129.0,0.14023288866226377,0.4352119964799551,0.8747640812298888,0.1603529146831993,0.15045226319024357,0.5147548143977627,-0.16849207120441742
130.0,0.1402877761269314,0.43521852033916086,0.8747677592077718,0.16026711101709346,0.15044986344237626,0.514758520601844,-0.16850145146630244
131.0,0.14007269698027616,0.4352660711311699,0.874790239740022,0.1602033811700048,0.15050146754348603,0.514762621516704,-0.16848398132500883
132.0,0.14015384688283145,0.4352941853637564,0.8747678747329051,0.160178140605152,0.15048651614679828,0.514764959095293,-0.168485784022058
133.0,0.1400291865726666,0.4352760769893988,0.8747949810600116,0.16018834171290458,0.15051810160864348,0.5147685462376838,-0.16848027758910236
134.0,0.14016276370824052,0.4352585346113756,0.8747609972128155,0.16030472691990896,0.15047718515368713,0.514764189035265,-0.1684841087314113
135.0,0.14008023498784253,0.43534558634675463,0.8747596117353555,0.16014796249331867,0.15050234002594517,0.5147687812675634,-0.16847810079370745
136.0,0.13997341341743863,0.43531311167118175,0.8747538160352878,0.1603611538843688,0.15049186026785827,0.514765142104515,-0.16846657322408176
137.0,0.1399613296398082,0.43540395635885715,0.8747141135582305,0.16034163693361234,0.15049359827799097,0.514761676772606,-0.16845759350734338
138.0,0.13992639286585457,0.43543770054194936,0.8747043948833776,0.1603335120865079,0.15048997037003362,0.514769403577413,-0.1684607359092454
139.0,0.1399837005676277,0.4355297380182552,0.8746569180998696,0.1602925029350433,0.15048545332260982,0.5147738156575425,-0.1684643647310962
140.0,0.14000799843384412,0.43566987817613895,0.8745573268492223,0.1604337859644275,0.15046442126148327,0.5147766939541755,-0.1684588863995431
141.0,0.14014449936561724,0.4357861759913237,0.8743958636621009,0.1608782201636636,0.15038583790803237,0.5147669605002265,-0.16844842238943045
142.0,0.1403718675477303,0.43594558164784103,0.8742645681822819,0.16096165215335034,0.15033861742151527,0.5147905753407934,-0.1684711000540511
143.0,0.14062396759666032,0.4362401558705439,0.874032213232025,0.16120519959401175,0.1502664325820797,0.5147913573309789,-0.16847311512886948
144.0,0.1405462415207305,0.4366854642449528,0.8737985120448948,0.1613341862709023,0.15028143778203276,0.5147981201146528,-0.1684510674635288
145.0,0.14047392752256382,0.43679616935983423,0.8737448636531711,0.16138802730891155,0.15028315068069092,0.5148236568462946,-0.1684610686506458
146.0,0.1405240850020269,0.4367322487264256,0.8737305281210377,0.16159482877256617,0.1502425734243436,0.514844807526262,-0.16848132303405947
147.0,0.1407361751843966,0.4366712055651137,0.873708665965161,0.16169339579016767,0.15019146271604,0.5148658389967125,-0.16850701394348924
148.0,0.1406884267138135,0.43664688846278193,0.8737263184490771,0.1617052313129801,0.15018701337480478,0.5149084042630424,-0.16852752278778008
149.0,0.14100022065950985,0.4371134293057456,0.8733412583980138,0.1622523777154411,0.15010701917783398,0.5149108687843825,-0.1685145724487186
150.0,0.1414110116707914,0.4383293951434985,0.8727158409892704,0.16197940615327844,0.1501126459082027,0.5149343706403903,-0.16848078919614193
151.0,0.14136426492414886,0.4392822447553168,0.8723097387223713,0.16162603062407185,0.15022055984139507,0.5149851986161771,-0.16847366887632192
152.0,0.14090377683026345,0.4400412448513773,0.8720973451226142,0.16110881147443643,0.15035269066825818,0.5150603333098036,-0.16845271993431007
153.0,0.14054940497234553,0.4404710464564864,0.871909369359627,0.16126119687744087,0.15041748170347546,0.5151117746461863,-0.16845002676120463
154.0,0.14079818662753016,0.44052694313903223,0.8717911322422317,0.16153050719534912,0.15033809207527563,0.515156539486819,-0.16849415270426132
155.0,0.1407285690292399,0.4402721129889881,0.8720237055265807,0.16102979035844683,0.15037792263581376,0.5152383331125696,-0.16853894899098712
156.0,0.1404378773935838,0.44055841151262815,0.8718719975013943,0.16132175492345388,0.15039109767741357,0.5152901534661924,-0.1685493706888941
157.0,0.14042206832784274,0.4413384055288496,0.8713813200397653,0.1618537908655205,0.1504147929350835,0.5153542722341908,-0.16854925445664964
158.0,0.14031540394165268,0.44197881290127683,0.871116833805148,0.16162233207191107,0.1504790976066257,0.5154197970494415,-0.16856732623136125
159.0,0.1405636542949888,0.4418306161214225,0.8711965565340514,0.16138192473822557,0.1504822607327345,0.5154977921554137,-0.16861228913354556
160.0,0.14085874658701858,0.4429344446153851,0.8705503702269541,0.1615857177503869,0.15043040058639232,0.5155340904708829,-0.16859635509884735
161.0,0.14195838761348875,0.4436354497048973,0.8697586718477028,0.16295783717585413,0.15018105500029064,0.5155317764231032,-0.1686255905478036
162.0,0.14210018022875875,0.44462194779908354,0.86915653240718,0.1633578418326774,0.15009954289689148,0.5155598286042191,-0.1686178939216902
163.0,0.14234003255289066,0.44529314174572504,0.86876290017253,0.16341467599600212,0.15006343732139604,0.5156136995501471,-0.16862382879816085
164.0,0.14204026422744095,0.4456105658294807,0.8686961057263274,0.16316513982846398,0.15012578789330383,0.5156679164663075,-0.16863034627926055
165.0,0.14263412900979203,0.44493187398628503,0.8689638155259463,0.16307366451778688,0.15003952846978758,0.5157116317983779,-0.168714364296026
166.0,0.14279053134566969,0.44461047619401606,0.8691247805916228,0.1629555288356768,0.15000283753069954,0.5157456690835278,-0.16875724372951603
167.0,0.1429412229210244,0.4451256055481096,0.8688563664374128,0.16284844665039644,0.15005401424127307,0.5158056839670837,-0.16875609442636275
168.0,0.14268387216815276,0.4453517796352949,0.8687738504500097,0.16289598452092793,0.1500791110291434,0.5158324348989096,-0.16875011990868652
169.0,0.1433779684335232,0.44548499941693354,0.868491771401001,0.16342556859659962,0.14999544576187945,0.5158540630520099,-0.16876711013020768
170.0,0.14308932949264286,0.4459177692329823,0.8683031469132955,0.16350055635408342,0.15002719669584552,0.515869446283978,-0.1687480790288725
171.0,0.14361373404853242,0.4461596451005469,0.8680510343588697,0.16371948028529726,0.15002452693114268,0.5159015670909776,-0.168743600743339
172.0,0.1433117568407563,0.44673543395108617,0.8678665864036503,0.16339149490663804,0.15009165148340495,0.5159262901028974,-0.1687363622464263
173.0,0.14397197180661517,0.4471294511980989,0.8675642971849592,0.16333865266791597,0.15007368507970903,0.5159457125601233,-0.16873902080903408
174.0,0.14382538243430384,0.4475625402065221,0.8674244201550675,0.16302425368685725,0.15012643577538232,0.5159779207896301,-0.16876511144972905
175.0,0.1438593700997844,0.4481820476667456,0.8671568726283722,0.1627153712379913,0.1502289093706287,0.5160128334521992,-0.168749328272617
176.0,0.14301215207524406,0.44878947233076444,0.8670891717745707,0.16214777850828083,0.15042456360720768,0.5160610468643541,-0.16874124892236791
177.0,0.14331093876577772,0.4491787626345384,0.8668066713556943,0.16231638402033788,0.15043928721101968,0.516078768880095,-0.16875902165019716
178.0,0.14306461994693206,0.4496014590491018,0.8665888453052091,0.16252635396434398,0.15047549511273867,0.5160778383205054,-0.16873074254146542
179.0,0.14344854575893998,0.4499278143314393,0.8663391355028155,0.16261604750704436,0.15044972224463504,0.516103043695751,-0.1687511717509112
180.0,0.1428004914478367,0.4503745740755653,0.8662141389151135,0.16261558416110658,0.15054853832344706,0.5161199010560714,-0.16871603270864438
181.0,0.14332077843112015,0.4505751148476768,0.8659464791156591,0.16302734634745752,0.15045484768804873,0.5161245424992317,-0.16873232981809877
182.0,0.14295438167980504,0.4508931565282481,0.865882103469952,0.1628115138587835,0.15054645463932828,0.5161494771773327,-0.1687226397945501
183.0,0.14301559913437495,0.45117257687851914,0.8657058631699138,0.16292084811425186,0.1505430157331625,0.5161618287474918,-0.16871928823089669
184.0,0.14291694741791028,0.4515039864443025,0.8655573095658874,0.16287860578575733,0.15055890239057185,0.5161692241717319,-0.16871033025718218
185.0,0.14330908909928783,0.4517856911853723,0.8653458478777163,0.1628765108371488,0.15053556344914826,0.5161758776914462,-0.16871383316334082
186.0,0.14322354024044492,0.4520293300145617,0.8652519726560671,0.16277446403648424,0.15057486576197407,0.5161896597784839,-0.1687103012745244
187.0,0.14341114771075966,0.4522272452753981,0.865092102681622,0.16290922386653794,0.15055912250321113,0.516196278890945,-0.16870825413397714
188.0,0.14322151173705658,0.45246434381172307,0.8649872070975051,0.16297468426856015,0.15059015223602976,0.5162004218411896,-0.16868393469574094
189.0,0.14319575810372545,0.45272892101953793,0.8648764089097765,0.16285053344988976,0.15065312078617785,0.5162121132360533,-0.16866693420122758
190.0,0.1433325082569851,0.452923080571945,0.8647170157087227,0.16303667656629062,0.15061964150034204,0.51621175534033,-0.16865932768398453
191.0,0.1432316672771254,0.45320948480261947,0.8646192174231435,0.16284796970349374,0.1506673676987004,0.5162316145603308,-0.1686460361976978
192.0,0.14333092371750555,0.45341702769446746,0.8645104685076282,0.1627602382147498,0.150646080882904,0.5162559272937455,-0.16865852903093442
193.0,0.1434653477417399,0.45360754873200376,0.8643730254986507,0.16284089941103036,0.15062867499469532,0.516264924832929,-0.16866494943026233
194.0,0.143523244030483,0.45379445146334063,0.8642301291950958,0.16302747632065062,0.1505912781307839,0.5162783823739421,-0.16867240502053363
195.0,0.14382271488815104,0.45399718841958514,0.8640476467256465,0.16316630711389435,0.150520962436066,0.5162906486697184,-0.16869347079561467
196.0,0.1439456528542794,0.4541601766537352,0.8638470846478156,0.16366550434246374,0.1504458756485934,0.5162896898937533,-0.16868965775906433
197.0,0.1440649076307756,0.45435293786441405,0.863709427436943,0.1637520540324919,0.15043052693137135,0.5163070846734231,-0.168698273063225
198.0,0.1443955683136527,0.4543674544534056,0.8634949796247805,0.16454955590249923,0.1502679814831771,0.5163067967992888,-0.1687178505674702
199.0,0.1444683553191476,0.4545604486655397,0.8633128464746356,0.1649079195558117,0.1502162094014717,0.5163133826699094,-0.16871391197350485
200.0,0.14451241460664035,0.4548170379449105,0.8631492097004723,0.1650183802278598,0.1502124619194011,0.5163258854035077,-0.16871164846794884
201.0,0.14449543753828395,0.45508797791697597,0.8629852280534359,0.16514386772634645,0.1502260382936858,0.5163321494281736,-0.16869892492684757
202.0,0.14464754042576067,0.4553353276764294,0.8627369256576655,0.16562555818875435,0.15014761932788587,0.5163268224267816,-0.16868936615352548
203.0,0.14463831036410676,0.45559305229456937,0.862536981147745,0.16596591827380852,0.1501268135383139,0.5163302926688952,-0.1686821997840803
204.0,0.14466187177940834,0.45586313276424,0.8623638899092491,0.16610318606287938,0.1501186034125166,0.5163404691635953,-0.16867904808342327
205.0,0.14488595926420036,0.456333250018817,0.8621067039182997,0.1659519653227447,0.15011838764330587,0.5163521483825096,-0.16867279481905967
206.0,0.14498732785443438,0.4567099275655565,0.861859472947562,0.16611130519999423,0.15010929512660792,0.5163581312412797,-0.16866690982251176
207.0,0.1449415331143424,0.45720998937161156,0.8616441938709465,0.1658923167773645,0.1501464041589531,0.516383646155202,-0.16864979677422448
208.0,0.14458629643080148,0.45773622960855587,0.8614864726959006,0.1655699379420769,0.15028177275518947,0.5164137674093624,-0.1686436630210191
209.0,0.14465895604005521,0.4581714431344193,0.8612788385073401,0.1653828209729538,0.15031913363257227,0.5164462006062882,-0.16866445918043454
210.0,0.14456086607526833,0.4586286753626081,0.8610823034243277,0.16522457705850496,0.15035707151851593,0.5164814464278448,-0.16866732818827088
211.0,0.14449889974468708,0.45914451963573955,0.860781187377093,0.1654150099559377,0.15034950765856264,0.5164955528249998,-0.16864455077917764
212.0,0.1438714191676538,0.4596877436461649,0.8606486630217625,0.1651425805994201,0.15050177224409228,0.5165384082322316,-0.16862218371244536
213.0,0.14371429150425757,0.46020019643155774,0.8604067577525547,0.16511266709590014,0.15055114502324643,0.5165703705720763,-0.1686150938769597
214.0,0.14355821501607155,0.4606278110918706,0.8602199780320127,0.16502923360639693,0.1506047072504451,0.5166106044411296,-0.16861899042610526
215.0,0.1432741282117104,0.46078285400628965,0.8601453416022693,0.16523219104916595,0.15063227182320651,0.516645559511096,-0.1686091250106884
216.0,0.1434058154513772,0.4605627679145129,0.8602505088886852,0.16518405147715215,0.15059183273034438,0.5166813339690269,-0.16865000218933074
217.0,0.14361604481661405,0.4600987567573603,0.8604935792831337,0.16502837851128807,0.15057255417323245,0.5167204219640065,-0.1687010457375424
218.0,0.1438124540250063,0.4594749879557933,0.8608420205230547,0.16477781771862873,0.15055290723078307,0.516764440978076,-0.16876907937857694
219.0,0.14435586151531385,0.45827286948742624,0.8613678793715259,0.1649022095817161,0.15039854174298298,0.5167891609204797,-0.16885021311480325
220.0,0.14480674600684737,0.4572211276787933,0.861921050562567,0.16453555637661466,0.15030348868513135,0.5168407908487689,-0.1689458349543421
221.0,0.14459771160929055,0.45765269701937644,0.861700463991771,0.16467489506483293,0.15035937727602525,0.5168899521284434,-0.16894769033626783
222.0,0.14424361551507084,0.4588356693066986,0.8611587814020764,0.16452708339086675,0.15051907363252565,0.5170061407782597,-0.16896280389146417
223.0,0.144344349831531,0.4599379773401,0.860431020520723,0.1651672624876895,0.1504451842938709,0.5170680401210301,-0.168943712825932
224.0,0.14526923115648918,0.4614423363540796,0.8593418128753469,0.16582963952021065,0.15027658080735337,0.5170927098311608,-0.1689009878921346
225.0,0.14589813476324173,0.4624764271361337,0.8586440309454955,0.16601119461552702,0.1501991697452238,0.5171502545715325,-0.16891871757847082
226.0,0.14680800949804731,0.46262310606726187,0.858283114677961,0.16666542874453022,0.15003394871640038,0.5172090773532845,-0.16900105716375768
227.0,0.1470051362568181,0.4627349137194419,0.858249508329826,0.1663540531240124,0.15005078653482096,0.5173000749072518,-0.16907265675509825
228.0,0.14643418520748358,0.4641605921466056,0.8575465211308504,0.16651107529863862,0.15022250206600382,0.5173901614671503,-0.16903031860573328
229.0,0.14660522592591815,0.4660928557236335,0.8564625538994692,0.16654204076628032,0.15030269127814622,0.5174613610243449,-0.16899833795813904
230.0,0.14734320498858183,0.46739362267367107,0.8555610519221002,0.16687860216823575,0.15021772871852743,0.517528174528803,-0.1690393404049105
231.0,0.14772092854268246,0.46860990618906956,0.8547900700374262,0.16708446743300548,0.15020096390795643,0.5176176185337222,-0.16905132834275843
232.0,0.14755818749767938,0.4696734389499331,0.8541110544969981,0.16771329295368712,0.1502322570268147,0.5176953206891997,-0.169013924155143
233.0,0.14775045348451404,0.47123469340330015,0.8532377265428907,0.16760981245779627,0.15025513200691396,0.5177602868599955,-0.1689613686724831
234.0,0.14788774137723937,0.4724869304517231,0.8524208129332395,0.16811922608935193,0.1502382775889828,0.5178329036002373,-0.16896476169349672
235.0,0.14834652382452612,0.47308172174163526,0.8517048450985845,0.1696639332879728,0.15007045278695585,0.517879063917166,-0.16904310029553862
236.0,0.14864942265979184,0.4741119880793101,0.8510159882856448,0.16997929163460476,0.15008177246637797,0.5179402501059426,-0.16907164500055416
237.0,0.14888443849514088,0.4754304025357921,0.8502224399277862,0.17006222085426104,0.15009256004356397,0.5179928654673087,-0.16902848220861266
238.0,0.1489991221642362,0.4761286740484191,0.849695397652789,0.17064137408861318,0.15003400583529022,0.5180420516597228,-0.1690156789350368
239.0,0.1490242637357967,0.4761196682995824,0.8497281423189524,0.17048141959604163,0.15005464679486424,0.5180994848505001,-0.1690537321306044
240.0,0.14937280296966798,0.4762750321585126,0.8496047213494455,0.17035749744617512,0.14999528886376542,0.5181309674254928,-0.16908496071809853
241.0,0.14965136877388804,0.4772918490827957,0.8490838154019061,0.16986357186215448,0.15005706282598377,0.5181845068856494,-0.16908085191580524
242.0,0.1491898419014434,0.4779629612140053,0.8488163259683734,0.16971930812525035,0.15013743686995673,0.5182181920706632,-0.16906109437376232
243.0,0.14980547039102704,0.47851277029934225,0.8484612815026034,0.16940278478328535,0.1501495957402335,0.5182580208742222,-0.16908401426505465
244.0,0.15010151689377943,0.4789935543468225,0.848095816799357,0.1696118953606011,0.1500633536660531,0.518260057891638,-0.16909338949262287
245.0,0.15070840192030852,0.47958501069312953,0.8475969778464671,0.16989572759381905,0.14998510694847503,0.5182818052518198,-0.16909532080856943
246.0,0.15043609984037676,0.48037914009950494,0.8471861056928056,0.16994282551239007,0.15006647284530267,0.5182989631252066,-0.1690682901541591
247.0,0.15045534582020512,0.4811899108597409,0.8467188146461908,0.1699608999889875,0.15012805397626464,0.5183418999009589,-0.1690292638169271
248.0,0.15012621572673637,0.4821525642764074,0.8463667764455075,0.16927582178945316,0.15027116103828675,0.5184045218757629,-0.16902633690009938
249.0,0.15014010093719424,0.4828344432805723,0.8459824201615523,0.16924123389443763,0.15032820395537233,0.5184576716776849,-0.16902949811013704
250.0,0.1502275016392383,0.4832230863186278,0.8457515685746865,0.16920824700170523,0.15035436384027212,0.5185080754376962,-0.16907854110667353
251.0,0.1506195034279266,0.48338441058214576,0.8455402170935887,0.16945506209790093,0.15032288031265276,0.518538824314208,-0.16910403310729882
252.0,0.15060376249572166,0.48352156602825125,0.8454809172585064,0.16937361205168414,0.1503275977347569,0.5185784571183643,-0.169141113760365
253.0,0.15114469561720725,0.48400754335404866,0.8450465180136836,0.16967133333627546,0.1502529809001687,0.5186046346158469,-0.16915994770897808
254.0,0.151707298570491,0.4843924637235167,0.8445806731865063,0.17038874120121097,0.15011239995063927,0.5186086863673469,-0.16916935303033176
255.0,0.15177801916424663,0.4850173665699958,0.8442044312699519,0.17041263230248263,0.15011272709723938,0.5186517095302583,-0.16915832330862446
256.0,0.15217633393576205,0.48562900611385157,0.8436661184970412,0.17098044423524136,0.14997690521197343,0.5186464176152155,-0.16913764864950204
257.0,0.15239841219537167,0.48608984731498145,0.8432574145469588,0.1714885334627539,0.14990743467383214,0.5186472386187971,-0.16911346894940543
258.0,0.15225865641574363,0.48671916104991286,0.8428753003180844,0.17170610917215612,0.1499232687355997,0.5186606266443273,-0.1690517258397892
259.0,0.15222040215836408,0.48727703277317297,0.8426194874000713,0.171413074040923,0.1499658809802098,0.5186885685607483,-0.1690453690772419
260.0,0.15218505482816239,0.4878868127876852,0.8423351472713033,0.17110717888579477,0.15003541738570533,0.5187168990278898,-0.16902735133677968
261.0,0.15256560665644628,0.4881882766624993,0.8420996881921178,0.17106740584222171,0.1500119813463825,0.5187373389798731,-0.1690570898485432
262.0,0.1525793420554993,0.4886907977287001,0.8419245748588109,0.1704812565709443,0.15013509521974247,0.5187789573987821,-0.1690725297779222
263.0,0.1523786347238594,0.48900588681053175,0.8418000331804777,0.170372235066881,0.1501921147607477,0.5188134408965764,-0.1690918783686473
264.0,0.15234276846958986,0.48941046333624033,0.8416040773389991,0.17021062328303568,0.15025839716078807,0.518846125957521,-0.16908805517876865
265.0,0.15209425529793108,0.48979415284156175,0.8413844291795006,0.17041498667039404,0.1503022762759054,0.518857894176598,-0.1690596347698899
266.0,0.15231933490083252,0.49023661450464695,0.8410528736500583,0.17057826866095616,0.150287603509187,0.518869455068297,-0.16906373328297772
267.0,0.15275743095871525,0.4906022014861531,0.8406236029577248,0.17125012506333212,0.15016088670750435,0.5188605976671238,-0.1690723730796865
268.0,0.15293617166338336,0.4910096249403115,0.840279801589626,0.17160982097019292,0.15012988809273656,0.5188674810559354,-0.16906689496994692
269.0,0.1528078814758926,0.4913482464852805,0.8400045699235963,0.172101640149545,0.15010192790008553,0.5188748249834957,-0.16904527741096392
270.0,0.15333463877936473,0.4914505583857614,0.8398582066922878,0.17205531047991324,0.15006409363930356,0.5188963853681571,-0.16906812313688227
271.0,0.1532508601094395,0.4907254598324287,0.8404417484730032,0.17134866317427003,0.15010734035132056,0.5189638605495335,-0.16913780090995495
272.0,0.1531590096526256,0.4890107795007908,0.8416628384986944,0.170336260334013,0.15011659874895958,0.5190285149916336,-0.16923400932498334
273.0,0.15347947819884292,0.4880036903335526,0.8421770080236541,0.17039464530603934,0.15005229727851915,0.5190714934135797,-0.16932254335481145
274.0,0.153535230218445,0.4889512164250628,0.8415823126930666,0.17056626864773125,0.1500858492654304,0.5191101396421663,-0.16928477052746554
275.0,0.1534190729790426,0.48992182882071117,0.8410436194947104,0.17054272132945977,0.15014186322141085,0.5191561693461022,-0.1692948141184228
276.0,0.15301357411332067,0.49119906279105324,0.8403497816903533,0.17065336581278973,0.15028747010561289,0.5192281193574657,-0.1692697297967033
277.0,0.1527564880740383,0.4922087479318869,0.839704237217773,0.171151388569092,0.15029911844096328,0.5192794821452863,-0.16923851098294732
278.0,0.15303780359339647,0.49271608916334464,0.8393771619880775,0.17104463184715446,0.15030353426367607,0.5193641332494618,-0.16927311446352314
279.0,0.15360921708765418,0.49328697004749794,0.8388222414253855,0.17160833574500134,0.15012188973153975,0.5194074036435883,-0.16929592857953857
280.0,0.15480574048813958,0.4940435325094828,0.8381789576998145,0.17149987045686965,0.1500029295880858,0.5194614441934973,-0.1693310703379601
281.0,0.15538064354710568,0.4941457451920999,0.8380749650143631,0.17119343192893077,0.14994252284899928,0.519541793557063,-0.16942844788337028
282.0,0.1558498613626624,0.49453669732600114,0.8376708606892227,0.17161528155530525,0.14984427253592328,0.519605710708171,-0.1694659239734692
283.0,0.1558033839264033,0.4951902128455048,0.8372357305926249,0.17189616074287128,0.1498322814650291,0.5196668968591835,-0.16948645929204753
284.0,0.15654882558756478,0.4953846473409914,0.8368604418964158,0.17248512160453577,0.14968498710952993,0.5197178106208074,-0.16953265848643567
285.0,0.15672301506793582,0.4959203767080429,0.8365013283446495,0.17252942992836098,0.1496652917014386,0.5197655948094142,-0.16953209164966962
286.0,0.15689338780416406,0.4964581093163926,0.8361238836130717,0.1726576433556296,0.1496363203013256,0.5198182492108819,-0.16954546133277154
287.0,0.1567582244117353,0.4971491230728351,0.835693002691931,0.1728780314526269,0.14967813569887015,0.519877129055395,-0.1695485209705959
288.0,0.1571352072257427,0.49742845200385544,0.8354793669869538,0.17276483764426714,0.14968130728214446,0.5199297715909903,-0.1695895787346329
289.0,0.15722771059281732,0.49792067766824805,0.8352622993922768,0.17231174361041182,0.1497541741853705,0.5200003190277156,-0.16963453393601502
290.0,0.1577384343566711,0.4984639473672301,0.8348353379729282,0.17234337229325647,0.14971605591121007,0.5200692611222327,-0.1696736078221183
291.0,0.15717383218780953,0.4989874653155025,0.834725522473904,0.17187553073103984,0.14986092419200062,0.5201703683528414,-0.16970329942278906
292.0,0.15708161755745811,0.4995752418829572,0.8345204895200952,0.17124688521038264,0.14997645470893567,0.5202579232701096,-0.1697218024955254
293.0,0.15713470465047086,0.5002119277083916,0.8341049263648431,0.1713641846669357,0.14996196659689076,0.5202991034896167,-0.16971372897105919
294.0,0.157379268884005,0.5006716692352776,0.8338085656052403,0.17123936835327463,0.1499442374995559,0.5203519624005665,-0.16971646684075897
295.0,0.15736077985699204,0.5009025298739164,0.8336874874817726,0.17117071520864474,0.14992907452669144,0.5203985267688467,-0.1697301925305745
296.0,0.15761987544095749,0.5013279670978183,0.833328788617087,0.17143329412201094,0.14987100063785957,0.5204291742120088,-0.16974645381183334
297.0,0.15815212824792893,0.5016569677968139,0.8329477685062543,0.17183191185576796,0.1497506587022535,0.5204535709972781,-0.16978495842349126
298.0,0.15816772548058347,0.5018839336632347,0.8328136459593674,0.1718048859924601,0.14976390183877097,0.5205132087825904,-0.16982573953448574
299.0,0.1580124614743918,0.502376821269998,0.8325638211856704,0.17171801047697735,0.14980103765375405,0.5205550803846275,-0.16981802768043097
300.0,0.15844245602819215,0.5025542960934188,0.8322765731613492,0.17219428960509733,0.1496928026763686,0.5205733377838853,-0.16984550282037106
301.0,0.15829870271955374,0.5029764589828876,0.8320735043528219,0.1720752329080413,0.1497700111146927,0.5206171633420177,-0.16986881208876983
302.0,0.1587119648335457,0.5032404546679948,0.8318392345223593,0.17205535421334764,0.14970378283129554,0.5206538265132556,-0.16991340647014863
303.0,0.15877456125668313,0.5036507973292634,0.8316517589813485,0.1717028387376693,0.14975637870207878,0.5206953447388006,-0.16993136489653488
304.0,0.15862511689892872,0.5042016244544978,0.8313883506711217,0.1714998675060679,0.14982772141607362,0.520725336041035,-0.16991605792431133
305.0,0.15876595229685886,0.5043547995685469,0.8312310198326943,0.17168168280670337,0.14979137352185365,0.5207472844714067,-0.16993618872721886
306.0,0.15870192693362206,0.5047914283716567,0.8309646362475177,0.17174715583114716,0.14979702909195658,0.5207709545977242,-0.16992363322327697
307.0,0.1588223390081619,0.504933347648527,0.8307792986866519,0.1721148916803631,0.14975378414721557,0.5207758454833882,-0.16991813951666163
308.0,0.15871535984298557,0.5049822415615085,0.8306957230164027,0.17247314579285009,0.14971745206101844,0.5207859825179122,-0.16991334374920938
309.0,0.1587563118560882,0.5052817300015047,0.8304964878915279,0.17251779726270677,0.14973143611111445,0.5208028210660404,-0.16992160276889973
310.0,0.15857167392513838,0.5054212104859905,0.8304373072789932,0.17256390960647153,0.14976502377131662,0.5208158536616908,-0.16991384031512147
311.0,0.15858148784680084,0.5055659540511853,0.830294383649604,0.1728184431608328,0.14972115652656642,0.520819561990296,-0.16989207602105177
312.0,0.15855764711523337,0.5057090345159624,0.8302122890970386,0.1728160871634043,0.14971849504447154,0.5208314147995695,-0.16989052036488048
313.0,0.15852445072525476,0.5058774496630423,0.8301153601683872,0.17281925025060518,0.14970810862434758,0.5208407540960255,-0.16988789546547844
314.0,0.15857144744981014,0.5059144125038387,0.8300467111599709,0.1729975738762935,0.1496816617329034,0.5208454312030544,-0.1698922041178662
315.0,0.15849386692486558,0.5059297712773924,0.8300241753525835,0.17313182553381729,0.14965542420342876,0.5208435488241435,-0.1698844836649429
316.0,0.1584604142823575,0.5059317857321146,0.8300288961100187,0.17313392767958852,0.14966188709392203,0.5208467774960592,-0.16988272668473184
317.0,0.15834364596825834,0.5059482398171102,0.8300622433886218,0.1730327729307228,0.14969004554863682,0.5208470599153585,-0.16988238495158528
318.0,0.15865138505613485,0.5059186591830392,0.8299994385425477,0.1731386159389678,0.1496294041396497,0.5208344792496695,-0.16988855619502208
319.0,0.15847570663756008,0.5058678275595672,0.8300591357628649,0.1731618392790275,0.1496568500802115,0.5208353221429346,-0.16988531433824822
320.0,0.15851531729660964,0.5058543368018273,0.8300743567101204,0.17309201730125562,0.14967992326810536,0.5208367187250664,-0.16989100066086354
321.0,0.15851376637147419,0.5058656149889392,0.8300712354134776,0.1730754447682716,0.14968180008373877,0.5208399703357822,-0.1698919105833474
322.0,0.15844437590820332,0.5059154207616681,0.8300646856606884,0.17302480861895736,0.1497081169097662,0.5208461612207468,-0.16989189006088298
323.0,0.15847425531268175,0.5060145704144279,0.8299458757651799,0.1732772582647874,0.1496926457264151,0.5208481645151107,-0.16988467031372345
324.0,0.15851241064743468,0.5061455903644425,0.82985007929642,0.17331850136986054,0.14967475341417955,0.5208494772859811,-0.1698771150754574
325.0,0.15874678682826107,0.5061919914990674,0.8297784673568763,0.17331133986206526,0.14963537444630595,0.5208568388502532,-0.16989522957284517
326.0,0.15864557570914625,0.5058662166804173,0.8300872261679748,0.1728761090553348,0.14968698649639503,0.5208780586146347,-0.169920446830112
327.0,0.1588517042797352,0.5062012665608835,0.8298338515396189,0.1729225046617783,0.14965871959786012,0.5208979053385951,-0.16991590710426585
328.0,0.15908936075376,0.506527329663307,0.829568658412819,0.17302161881763495,0.14962678802419435,0.5209247307589931,-0.16993183217902344
329.0,0.15911489548239222,0.5065049010288796,0.8296272228371167,0.17278283015660367,0.14965576622450658,0.5209644819170152,-0.16996644862254018
330.0,0.15946345915686494,0.5068180050431983,0.8293181504559265,0.1730269351347377,0.14960549166761236,0.5210050492069476,-0.17000279546880848
331.0,0.15958872588187561,0.5075300757362919,0.8289098340654643,0.17278063486420553,0.14965725130542984,0.5210812201135173,-0.17004483444280705
332.0,0.15960496365969729,0.5077511075490339,0.8287846067046744,0.172716947770896,0.14967734761659035,0.5211463913700877,-0.17008848977757218
333.0,0.15923851457736132,0.5084107463864554,0.8284471656350765,0.17273361625685596,0.14973699542789803,0.5212185677823434,-0.17009804231299963
334.0,0.15927426240061193,0.5091744517824041,0.8280960017709392,0.1721339560918007,0.14983937062086405,0.5213259977051539,-0.1701402260004819
335.0,0.15923590167038695,0.5096170379983427,0.827832270650552,0.1721282483224818,0.14984053919181053,0.5214071833670108,-0.17016638868824574
336.0,0.1595125483579143,0.5105875115029447,0.8269530795932688,0.17321877543962474,0.1496978347433267,0.5214933666063597,-0.17017832730308183
337.0,0.15983918400560782,0.5115604472210353,0.8263060059140933,0.17313500133056342,0.14967705606015727,0.5216044680321099,-0.17023455220414815
338.0,0.16032709881425156,0.5121002962469383,0.8258592532281532,0.1732195191860321,0.14966246393400046,0.5217253902585257,-0.17033736806205493
339.0,0.16046393921707441,0.5134216494521423,0.8250523450069127,0.17302647798350054,0.1496908721799729,0.5218466250086058,-0.17037654111461625
340.0,0.1609336837847544,0.5145760874149765,0.8242930502739462,0.17277953279898808,0.1497173908632069,0.5219703426345268,-0.17039995550626758
341.0,0.1606925727218061,0.5157686879423353,0.8236013250763866,0.1727466785287323,0.14976015553232105,0.5220780132291655,-0.17040961943899652
342.0,0.16150466995555884,0.516451092720323,0.822878659458943,0.1733932588585362,0.14959843048219035,0.5221927922874163,-0.17048970046999706
343.0,0.16098566887091273,0.5176180904346364,0.8223475682305349,0.17291501929650652,0.14977549036915266,0.5223298886451985,-0.17053110075639216
344.0,0.16158411514201337,0.5186091928890013,0.8213769049396795,0.1739972954287049,0.1496463258047473,0.5224728207575944,-0.1706110279511134
345.0,0.1620101807607042,0.5200055597491472,0.820280070888465,0.17460677095426394,0.14946261788339557,0.5226076665001913,-0.17065431827771582
346.0,0.16253474158451053,0.5202433334322248,0.8201257033888733,0.17413547151080178,0.14956531658703986,0.5227892548815015,-0.17079262038002302
347.0,0.16298853842457242,0.5207102255556849,0.8196982575399626,0.17432832222538763,0.14953074952791948,0.5229363277296621,-0.17094547350620354
348.0,0.16335917807313532,0.5225877901239885,0.8183867430528938,0.17452483877051075,0.14950699683818847,0.5230886982796226,-0.17095857536143083
349.0,0.1622110389568339,0.5247779999007882,0.8170270699589091,0.1753921224429208,0.1496518977271456,0.5232932057193953,-0.17100367333735622
350.0,0.16190119732218072,0.5266274504613624,0.8155417082998915,0.17704025742611318,0.1496240829854144,0.5236400182179376,-0.17117577596890024
351.0,0.16177037327698596,0.5299505390584193,0.8131346410638374,0.17831104279740953,0.14956772740601382,0.5239199755373569,-0.17122349916456742
352.0,0.16205286082927234,0.5319515413803859,0.811647130091295,0.1788724800930669,0.1495965025306438,0.5241117363974693,-0.17128129951951232
353.0,0.16205878115798542,0.5310218904090657,0.8123995762012901,0.1782123226489536,0.1496414600764067,0.5242958838112312,-0.17154651517948866
354.0,0.16258674300001216,0.5316977618661497,0.8119158739880731,0.17792036025525196,0.14953627815570236,0.5245001128514479,-0.17167273669227923
355.0,0.16315400569090968,0.5335200055077557,0.8103418168768184,0.17911815645208018,0.14939823448899575,0.5247395993638896,-0.17180034979939193
356.0,0.16390462261384656,0.5348178982767952,0.8095161130199268,0.17829400755413294,0.1494387116474159,0.5249746180517187,-0.17198836013947716
357.0,0.16367898730852706,0.5361232244067942,0.8086631401032957,0.1784516831066466,0.14944742075799355,0.525184315868473,-0.17209229565306625
358.0,0.16447935510512687,0.5381003029372289,0.8071551447051362,0.17859221175374596,0.14933534582967364,0.5254221900212548,-0.17222371045462412
359.0,0.16392237170966661,0.5407664616236747,0.8055157658366772,0.17845290982396467,0.14945706478912585,0.5256648360051047,-0.17229964179937318
360.0,0.16426794083471372,0.5418026120273214,0.804628537687031,0.17899410480215489,0.149383328455826,0.5259225890973527,-0.17252844235663892
361.0,0.16317401306953658,0.5430218647012842,0.8040400449376776,0.17894441050711865,0.14948915292975187,0.5262117493004443,-0.17271791896160615
362.0,0.16304207695678835,0.547400651366974,0.8009435891129322,0.17960839368894738,0.14957632276145266,0.5265086944660574,-0.17275152584812054
363.0,0.16335600805481262,0.5506169700863631,0.7981415741164454,0.18194997815947062,0.14929393862254536,0.5267087840995406,-0.1727233836721938
364.0,0.16227445913775124,0.5510007942845716,0.7980423045226307,0.18219112163201115,0.14939244984462494,0.5269646892556091,-0.17302341425592438
365.0,0.16066946301767904,0.5524975727367343,0.7976428363507956,0.1808249468184226,0.14969905478464648,0.5272145082830387,-0.17320244085771844
366.0,0.16047644908059405,0.5552082391374163,0.7950252613779984,0.1841899949922856,0.14936727928350144,0.527395833469363,-0.17318372867214973
367.0,0.1590398055559671,0.559344851240566,0.7921911183856604,0.18512944009601978,0.14955458714529188,0.5275896256663885,-0.17312800547442223
368.0,0.15921516420216514,0.5622279185400566,0.7901022152511249,0.1851723212509319,0.14944285730505966,0.5277263681540371,-0.17312169825123835
369.0,0.15900703659223508,0.5644500270380428,0.7885671190684435,0.18513462133000366,0.14949129506367595,0.5278696997382146,-0.17318297261487306
370.0,0.1585010187052065,0.5662789981772723,0.7872404260863684,0.1856287553912641,0.14953035329762063,0.5279960077877272,-0.17317060490431185
371.0,0.15805398698128104,0.5667438790129078,0.786991441833498,0.1856469317859994,0.1495486425924017,0.5280746254254784,-0.17324268613982224
372.0,0.1574134895917294,0.5659987061263341,0.7876610291097449,0.1856247860056621,0.14953570199282634,0.5281450649433348,-0.1733897531347534
373.0,0.15750147671924217,0.5663189519794627,0.7872523864862871,0.1863056881358877,0.1494420195307381,0.5282091720375208,-0.17344811234052915
374.0,0.15760819064323453,0.5673061244073705,0.7864833234274099,0.18646018723210325,0.14942464453767812,0.5282573865685201,-0.17345003097975542
375.0,0.15706537065593199,0.5679053188961275,0.7862469952502134,0.18609051714209796,0.14957879914609207,0.5283048923909679,-0.17345529078157584
376.0,0.15661110927598534,0.568217453142611,0.786216835013553,0.18564744742856465,0.14966047996049978,0.5283360251174218,-0.1734567955695665
377.0,0.15707840434436152,0.5680921686702108,0.7861121849330489,0.1860787346366954,0.14956701307051135,0.5283238585713181,-0.1734848838479225
378.0,0.15703868154446649,0.5680212675262561,0.7861833516678338,0.186028034707062,0.1495886403927936,0.5283196868105445,-0.17349724829038915
379.0,0.1573973938193874,0.5674017688179283,0.786496720038612,0.18629063994107747,0.14945880386937652,0.5283047178907855,-0.17354047073369083
380.0,0.1573358535598595,0.5668945615534996,0.7868795023435036,0.1862703252192796,0.14946829164293746,0.5282784420676758,-0.17355372216220324
381.0,0.1574710770606949,0.5662878199553677,0.7873292081161831,0.18610127056709164,0.14949952828434412,0.5282456987661664,-0.17355691099382717
382.0,0.15739472549704353,0.5657072106497256,0.787879017576012,0.18560416446856856,0.14956498042797198,0.5282130908030704,-0.17355730477936743
383.0,0.15725066073133787,0.5650897284822614,0.7884390053890162,0.18522894818192076,0.14963280859219605,0.5281979294706377,-0.173563567666679
384.0,0.15690334698405756,0.564566512867339,0.7890057799623768,0.1847048224599852,0.14971470112146576,0.528184639712659,-0.17357643518313995
385.0,0.15698044490472762,0.5640100537889834,0.7894424372784067,0.18447340558029215,0.14976548450851318,0.5281679906618616,-0.17359624659945397
386.0,0.15684436085643516,0.5637325607865407,0.7897304003368085,0.18420461764149634,0.14981960025249436,0.5281529760619015,-0.17359175848925815
387.0,0.15663155587059838,0.5636897898641013,0.7898592794015421,0.1839638422402551,0.14989542271645037,0.528157666125435,-0.17358181932028943
388.0,0.1567536399187571,0.563696911006109,0.7897885535537474,0.18414160195314602,0.14986607789712528,0.5281580195414769,-0.17359726165621045
389.0,0.15697281862338006,0.563849196345666,0.7895452461858238,0.18453162931905473,0.14982330342575442,0.5281586155420657,-0.17359442338328976
390.0,0.15716829222826592,0.5641946028917235,0.7891146037991245,0.18515053350409616,0.14972642325316032,0.528162319438932,-0.17358201769616555
391.0,0.1571749147472754,0.5649568980625211,0.7885375834411538,0.18527878725463007,0.1496966637547237,0.5281876553524175,-0.17355512312754945
392.0,0.1573902197054329,0.5655783206916447,0.7879274566968268,0.18579506152738423,0.14957824915492862,0.5282003897156705,-0.17355127626061048
393.0,0.15736686838184902,0.5662558258530961,0.7873946343088649,0.18600994135993604,0.14957043814933094,0.5282506228302333,-0.17356431388386578
394.0,0.15713764475293684,0.5672353985366343,0.7868322736251929,0.18559832011711394,0.14964741246374366,0.5283051980907512,-0.17357261038162755
395.0,0.15671340003306397,0.5683128888904737,0.7861557669945896,0.18552757367084188,0.14973655731174768,0.5283578228823055,-0.17354621991651734
396.0,0.15650092845007438,0.5691623662904597,0.7854562498405405,0.18606488056412862,0.14972381468672277,0.5284057290870566,-0.17353301218074416
397.0,0.15582446663510427,0.5699927965472308,0.7849408625798668,0.18626537449168304,0.14982213017757878,0.5284560550321273,-0.17351934030092084
398.0,0.15546596008377037,0.570824476140031,0.7841948918424958,0.18715801960596548,0.14978598125500306,0.5284885476891417,-0.17349184874616178
399.0,0.1554376191352052,0.5716839978556458,0.783349238084268,0.18809711413565447,0.1497130568843288,0.5285474637468665,-0.17351699145411126
400.0,0.15585816972878241,0.5738564134517253,0.7817213571983713,0.18790627283050637,0.14971279194168768,0.5286462303614542,-0.17347011354886524
401.0,0.15544420521635682,0.5749201996121097,0.7809655641937819,0.1881399763104985,0.14973167202539847,0.5287081532746686,-0.17347393128346306
402.0,0.15454264756340114,0.576101362008068,0.7798708792665698,0.1898030622738484,0.14972845757226225,0.5288087632772819,-0.1734967985605943
403.0,0.15357599373265737,0.5773086893285287,0.7791684116977793,0.1898043139319101,0.1498060547849623,0.5288996880164877,-0.1735148478417897
404.0,0.15397056394386166,0.5776948257892472,0.7786557827114101,0.19041251467595754,0.14969474428237203,0.52895728530764,-0.1735793490530945
405.0,0.15386005134834022,0.5786351207254107,0.7779005901186825,0.19073319992906623,0.14970563991539554,0.5290133149624203,-0.17359601812961495
406.0,0.1543824459946557,0.5802765542582106,0.7763636856219859,0.1915844685624889,0.14952030295220445,0.5290750501391055,-0.17358253936041282
407.0,0.15428708513647552,0.5814843200745842,0.775393105500471,0.19192970799181627,0.14950294446178908,0.5291754013401777,-0.1736462677271626
408.0,0.15304877713110054,0.5826645627981293,0.7745719381547008,0.19265614887983704,0.14962874421548117,0.5292863891973134,-0.1736577046983768
409.0,0.1527613016548052,0.5839195263000814,0.7736102487961606,0.19294857988531738,0.14962890000490445,0.5293704902333469,-0.1736668296586123
410.0,0.152043172756863,0.5836154139801512,0.7739986797261748,0.1928781116792203,0.14975046534468853,0.5294757670815362,-0.17380788734904004
411.0,0.15182917161672696,0.5840027579980296,0.7737303653027311,0.19295077897063725,0.14979857071846195,0.5295856962005511,-0.17389981850487798
412.0,0.15154490642320087,0.585108966996451,0.7729790620625968,0.19283414555093079,0.14984212118071188,0.5296928776259884,-0.17394767698531036
413.0,0.15098022711457126,0.5872530246513012,0.7712331510362151,0.19374798786330946,0.14988917643633567,0.5298055653349851,-0.1739607456423751
414.0,0.1503535816272811,0.588995921129719,0.7698904968169591,0.19428388583549158,0.14985967277237086,0.529929920854104,-0.17400479050887516
415.0,0.15060766131632441,0.5892094904690545,0.7694667922072759,0.19511628426215366,0.14972477718503735,0.5300058044021364,-0.17411154715564844
416.0,0.15079280729781921,0.5897531402190505,0.7687044865407462,0.1963317988537248,0.14952497571991696,0.5301108047170846,-0.1742126865649098
417.0,0.15079485694135683,0.5916622417748918,0.7671917375012123,0.1965032841654715,0.1495664786543092,0.5302548269386577,-0.1743312878829517
418.0,0.15019436602088782,0.5945584841534153,0.7648579394875109,0.19731749476337773,0.1494814922750417,0.5304019803618556,-0.17432865836124067
419.0,0.14968136671122353,0.5982088258264282,0.7622856170669168,0.19662738155134005,0.14969225036896983,0.5306216931507489,-0.17437679399921785
420.0,0.14962223995875618,0.6005043135132428,0.7603945876765194,0.1969970197591054,0.14961766582784577,0.5307529275164525,-0.17441057184738032
421.0,0.15005734978218685,0.6023350110449207,0.7588466375718347,0.19704595121895355,0.14960726823277368,0.5308890986653504,-0.17451432555868776
422.0,0.14920572422495904,0.6028681550672105,0.758583233007515,0.1970764269623073,0.14979060125811994,0.5310452634221794,-0.17466752371635785
423.0,0.1484717852042847,0.6028370114772329,0.7587211559636324,0.1971950153646406,0.14987847692781278,0.5311881134890717,-0.17489387948820218
424.0,0.14884310718890328,0.6027545887495792,0.7582438126421757,0.19899486368631575,0.14967071671797588,0.5313359185894364,-0.17512962890511674
425.0,0.1486695996152004,0.6043879908284107,0.7569096372386194,0.1992493607215706,0.14966109860674695,0.5314977005116819,-0.17524585843652418
426.0,0.14810017911006404,0.6071534522868757,0.7546242942521915,0.1999329808912915,0.14971052507766092,0.5316901011286861,-0.17534511142206372
427.0,0.1479410369800459,0.6104188749731914,0.7517833819186721,0.2008083497383918,0.1495525606753471,0.5318420659897656,-0.17534563769298245
428.0,0.1476793242787162,0.6122464283900285,0.7502337955444326,0.201232154804419,0.14960736237523764,0.5320221247683903,-0.1754879335536227
429.0,0.14674322217041827,0.6141266373967604,0.7487747140815907,0.20162174371536265,0.14970696381356183,0.5321915540540556,-0.17561659421339557
430.0,0.14615888774317556,0.6161560164657293,0.7468071723165708,0.20314622881877373,0.14967479886299162,0.5323948853171354,-0.1756814648379942
431.0,0.1467313560604669,0.6187240551107966,0.744350090230926,0.20394459038945023,0.14972280754951559,0.5326695028179887,-0.17605653366324964
432.0,0.14397743162284418,0.6229569985664972,0.7406863903238446,0.20634618559436382,0.14969964998393914,0.5329077689500922,-0.17588720687773332
433.0,0.14330282395225263,0.6255434878346672,0.7379006394765929,0.2089552385918682,0.14941349737800114,0.533062309618638,-0.17589369029450044
434.0,0.14340045067336887,0.6280255425181036,0.7358241123603121,0.2087656685393338,0.1494823357143414,0.5332325615712398,-0.17599424000279343
435.0,0.14768558834598774,0.6300717801395553,0.735089909737315,0.20209241319024612,0.15012086087870477,0.5333739031265927,-0.1767289214314763
436.0,0.14812176256194665,0.6303181507285853,0.7348354656284094,0.201930212628812,0.15024781384654123,0.5335048825048586,-0.17703411197836968
437.0,0.1481829901252165,0.6322529192091327,0.7332447747497469,0.20161881829648867,0.15033614805136683,0.5336647247417594,-0.17717156854635407
438.0,0.14786641728713432,0.6352311865675879,0.7307594262168458,0.20151308455241293,0.15036337420707327,0.5338240648789986,-0.177223677864315
439.0,0.14816611538268656,0.6374563519791453,0.7283262340635346,0.20306919596205142,0.15013009983236944,0.5339388259011674,-0.1772984817803253
440.0,0.147529163946138,0.6384645644453262,0.7274831890496296,0.20338720555426876,0.15025295311093534,0.5340755148640118,-0.17748410938046286
441.0,0.14714828988177409,0.6379023529049433,0.7277705725184601,0.20439658196594018,0.15024003606848835,0.5342178947589842,-0.1777756437436307
442.0,0.14693245443925979,0.6382348952492009,0.7273211885807055,0.20511206927006082,0.15029114452364584,0.5343739668530306,-0.17796534694151275
443.0,0.14558394443259995,0.6403494495344169,0.7254140882417945,0.20623360100803387,0.15020654608344464,0.5345245496889445,-0.178044973212347
444.0,0.14523309160951478,0.6438792985308028,0.7220614655269937,0.20725355974273055,0.15016517009301913,0.53470100219696,-0.1781849344962966
445.0,0.14500274270236713,0.6467036150139178,0.7193236491635079,0.20813968072142305,0.15003804807678472,0.5348532491707796,-0.17827329656284555
446.0,0.14482871092697572,0.64857123180154,0.7177971205869602,0.20771927076641836,0.1501322917578288,0.534993376438692,-0.17838838375950153
447.0,0.14444668756336967,0.6491519779338564,0.7175410170198459,0.20705495137923546,0.15031455139661504,0.5351034667037797,-0.17856301341631498
448.0,0.14445782108501012,0.6490724993956194,0.7176074717016062,0.20706604022321792,0.1503189249449214,0.5352085716034265,-0.17875368523923404
449.0,0.14503214945755838,0.6492166373401463,0.7173003148317367,0.20727684812049021,0.15023944444877305,0.5352966692931999,-0.17897418075279492
450.0,0.14406861270907276,0.6507789210377896,0.7158835254137607,0.20794664894183545,0.15029557744576413,0.5354191874782858,-0.17910963906702332
451.0,0.14464740027227094,0.6526635467964226,0.7137668252653673,0.2089122864462164,0.1501163533638186,0.5355168709367761,-0.1792862826557388
452.0,0.1440944451984951,0.6545472215455872,0.7120538023316981,0.20924652497678586,0.1501822346232992,0.535657768811464,-0.1794451424659737
453.0,0.13836190767080103,0.6572917180728841,0.7084959382643115,0.21646497481455468,0.14966712343572902,0.5359054487090479,-0.17876803188512697
454.0,0.13695064354208233,0.6601317059856748,0.7058481087571837,0.21736857949059443,0.14968221550259442,0.5360816328641207,-0.1786934956153871
455.0,0.13678473900772714,0.6617971964949247,0.7039103852836454,0.21868830644521417,0.14955460611100316,0.536213729919297,-0.1787755262641596
456.0,0.13656411137575808,0.6625974548824742,0.7030709837725408,0.2191028252773762,0.14952750908239534,0.5363339385334674,-0.17890515456450773
457.0,0.13709930786280594,0.6631417017932524,0.7024643037400942,0.21906794630258766,0.14954635262221808,0.536428664087209,-0.1790605788692383
458.0,0.13713459273075565,0.6640525645833808,0.7016711647224309,0.21882840662005446,0.14975276047093614,0.5365510703548491,-0.17931084471539055
459.0,0.13612844952832434,0.6660872434497634,0.7000900041716466,0.2183364729069652,0.15000881182173925,0.5367106197280006,-0.1793869510577353
460.0,0.1378889620882257,0.6686608973709637,0.6973739893229242,0.21805677581107055,0.14985346617090753,0.5367781256511276,-0.17966070171772147
461.0,0.13773617781038838,0.6710816720639077,0.6956175147783327,0.21632015133988508,0.1502049793023067,0.5369276515448151,-0.17985421665052073
462.0,0.13779023290965178,0.6713297516696919,0.6951807822139591,0.21691910076846965,0.1502112789731774,0.5370343088783215,-0.1800441793324445
463.0,0.13772460962211608,0.6705813535078193,0.6953893199157312,0.2186007181580008,0.15013314375607356,0.5371461462968332,-0.18031905438103402
464.0,0.1360845567791624,0.6717630259628106,0.6936423134476167,0.22153052013333388,0.15006006340855307,0.5373734095069416,-0.18041508044769497
465.0,0.13499907020089671,0.6764384078891246,0.6891918934604547,0.2218577593092312,0.15009244038434405,0.5375688051433185,-0.18047260144739918
466.0,0.1338742763447078,0.6809704421157483,0.6849755295620277,0.22173285502848436,0.1502400175545482,0.5377795678104346,-0.1804890084191804
467.0,0.1341320190572866,0.6834358611016368,0.6819954118954111,0.2231732138440643,0.15011976186690829,0.5379426972964358,-0.18064183673131723
468.0,0.13383265913280168,0.6839588960578085,0.6816630331936048,0.22276569985103584,0.150148920904227,0.5380669170408621,-0.18090836347077985
469.0,0.13472965748904936,0.6836078270163589,0.6812298259788941,0.22462008465767452,0.14995503642685995,0.5381738878712643,-0.18118777395212587
470.0,0.13388336478829546,0.6854613619693761,0.6799693660934809,0.22329269368808682,0.1502967479115018,0.5383575066310695,-0.18139535708208138
471.0,0.13299957095551132,0.6880118277263805,0.6770793275710991,0.22475413947272158,0.15016042132789342,0.5385334808579034,-0.1815965563205958
472.0,0.13118914784794636,0.6903781621401385,0.6744566740045963,0.2264411526591222,0.15019832540508085,0.5387522270658442,-0.1819138238061039
473.0,0.1309030072385296,0.69327126878423,0.671186907667802,0.22748073665597976,0.15004388806280786,0.5389487796733156,-0.1820967815271335
474.0,0.12932727569300612,0.6955855302943265,0.6692083486529325,0.2271462346159431,0.150248866953639,0.5391306699718882,-0.18235006146401683
475.0,0.13022198501160054,0.6973446823418654,0.6668008216684737,0.22831840234945966,0.15007705965536947,0.53926194017049,-0.18260084046922062
476.0,0.12916312385325288,0.699688332588306,0.6650435662849968,0.22687040269545566,0.15040066099887137,0.5394417192167488,-0.18285663812133235
477.0,0.12882918273752172,0.7017026101214895,0.6624886670729877,0.22830955876556552,0.15032867662238067,0.5396441831090303,-0.1830409341381436
478.0,0.1280820145505077,0.704520716462209,0.6593658184817068,0.22909010245361577,0.1503821849119202,0.5398307349922332,-0.18326963165652
479.0,0.12751857592774019,0.7073107565733368,0.6566607156551196,0.22857648817041773,0.1504469287984758,0.5399921757267623,-0.18346654601901746
480.0,0.12690167676851838,0.7094623079115558,0.6545892336612099,0.22819319284539785,0.1506406406834892,0.540165812625953,-0.18367289874360157
481.0,0.1261065661345571,0.7109301834959574,0.6526252776881674,0.2296859923778495,0.15045522916991827,0.5403059075514443,-0.18384327819461088
482.0,0.125718302838031,0.712962936771477,0.6506018826958007,0.22933806782650784,0.15059340883355551,0.5404591718259143,-0.18405165627354217
483.0,0.12421115971606561,0.7140991087821373,0.6495087009404273,0.22972265461034913,0.150640607709142,0.540550638448277,-0.18426925747198655
484.0,0.12485760849548845,0.7152899116011311,0.6477442834818722,0.23064748682565206,0.1505266981041786,0.5406508611138243,-0.18445915294183754
485.0,0.12361969461991701,0.7165757239553374,0.646959692030652,0.22952246039890425,0.15080188213822346,0.5407473415328039,-0.1846117216119434
486.0,0.1224313503045647,0.7168986857936128,0.6464795613482474,0.23050166057746635,0.1508567989483589,0.5408318486161446,-0.18478782373070407
487.0,0.12214136927177419,0.7177788254617753,0.6448692607254137,0.23241919069342973,0.15066826094606342,0.5409324094770325,-0.18493654419627462
488.0,0.12186763593374314,0.7193657797838228,0.6430325378627731,0.2327451598587914,0.15061283209568554,0.5410034281831266,-0.1850106881665734
489.0,0.12152458781869699,0.7203009913747374,0.6420639908955041,0.2327060119021515,0.1506516142140473,0.5410579968880042,-0.18509856353566145
490.0,0.12099603867325168,0.7212313523728714,0.6414813849912292,0.23170439721661382,0.15081217463002133,0.541119082965785,-0.18516605153754048
491.0,0.12085509365183165,0.7218060894196955,0.6408821354444454,0.2316465067364951,0.1508784571964424,0.5411598667580515,-0.1852335391566853
492.0,0.12040791592991482,0.7220887520797428,0.6405082023162795,0.23203234832001823,0.15085574353281317,0.5411919457377584,-0.1853480439677843
493.0,0.12011809273656994,0.7222644612166333,0.6400678493591955,0.2328493935518603,0.15080225212291126,0.5412242410811684,-0.18548881505703266
494.0,0.12020098508168191,0.7241470705713048,0.6376159151325127,0.23368501907079858,0.1507183868983282,0.5413007550753386,-0.18556591011578025
495.0,0.11910121955523979,0.7261899735040726,0.6353965801160556,0.23395343096315133,0.15073627652882932,0.5414010345818547,-0.18560871573915924
496.0,0.11907246756554139,0.7277274447881936,0.6336673681798641,0.2338806962404215,0.15068646085451642,0.5414615035552669,-0.18567404839639548
497.0,0.11910356247167125,0.7283882985134387,0.6330434555237516,0.23349691949531692,0.1507241882380966,0.5414918489852903,-0.18579578864719618
498.0,0.11959614782988275,0.727899541986755,0.6332656955950342,0.23416570411198692,0.15071218719888602,0.5415162355957822,-0.18593651729153152
499.0,0.11847147730589404,0.7286117098060496,0.6325994117300172,0.23432342963796887,0.15069157083511364,0.541566742794712,-0.18600353576670464
500.0,0.11836443974239401,0.7297134952886787,0.6311911869574324,0.23474616015031224,0.1506448978270087,0.5416413430750734,-0.18605697572438928
501.0,0.11825732308215396,0.731023307126082,0.6296554519716897,0.23484918943487104,0.15063712473403454,0.5417282549692876,-0.18617876876302275
502.0,0.11771760517866366,0.7323949116244884,0.6277660102238486,0.23590272415805016,0.15056832216857266,0.5417860113010273,-0.18630663529024233
503.0,0.11782940891849801,0.7332956258462222,0.6267262798060075,0.23581332809923344,0.15061322823511264,0.5418537111012957,-0.18643991033050808
504.0,0.11753313007355662,0.734950755499328,0.6248671465703176,0.2357422309709244,0.15054083497937099,0.5419440146342629,-0.18649804650328913
505.0,0.11810743256600588,0.7357806926847317,0.6234881034308204,0.2365163662947688,0.15039836546886798,0.5419831046838394,-0.1866662015678825
506.0,0.11716262249698564,0.7373525361034471,0.6218809853008636,0.2363222323706999,0.15051449012191453,0.5420797571806146,-0.18677745151332228
507.0,0.1168072113644541,0.738799243449057,0.6200111031987007,0.23689234931227895,0.150492880744693,0.5421779167915971,-0.18688030029421138
508.0,0.11609100330245532,0.7407204484354803,0.6178435445804609,0.23690810590189235,0.15058608618332095,0.5422715583946683,-0.18700535153239392
509.0,0.11612131483427963,0.7413114519530448,0.6167144228734289,0.23798422650318676,0.15044819906225063,0.5423319626243343,-0.18716951125794892
510.0,0.11574301196718553,0.7428349218303032,0.6149706790451813,0.23793044783053652,0.1505358312852591,0.5424238693064959,-0.18727981720861195
511.0,0.11511476803980546,0.7444727399756323,0.613539472362703,0.2368084573346405,0.15077969109950498,0.5425141426865535,-0.18739902469848038
512.0,0.11574849295601779,0.7456019028958054,0.6118277844532866,0.23737491642451905,0.1507247969195717,0.5425765463319047,-0.18753616949747917
513.0,0.11519302439013532,0.7468027469302762,0.6100827937299064,0.23835941161187682,0.1506080722205991,0.5426347723441974,-0.1876579795847689
514.0,0.11538426703253739,0.7476962166713891,0.608889340440658,0.23851752471127916,0.15063704916171416,0.5427026892664928,-0.1878172422536831
515.0,0.11531079366490836,0.7494229409692412,0.60698245418003,0.23799364850972327,0.1507686176038202,0.5427851502261991,-0.1879201769192716
516.0,0.1151336590800443,0.7499763403330338,0.6061483166284557,0.23846162738687932,0.15075887687280148,0.5428376731361806,-0.18806774665685302
517.0,0.11475592434805702,0.7509633785797692,0.6044971009405973,0.23972554476628966,0.15069678785213442,0.5428951274259359,-0.18820970109334595
518.0,0.11395821792116625,0.752993664455407,0.6020995473711204,0.2397711427877463,0.1508121701678931,0.5430308500565334,-0.18837510396074772
519.0,0.11270521309028744,0.7542920616254457,0.6000936393213622,0.24130612250241462,0.15055992801248463,0.5431107720774673,-0.18848503831793367
520.0,0.11302137313592552,0.7545601973621499,0.5996214354022955,0.2414937100161287,0.1505174505849427,0.5431313702253596,-0.18862614144054365
521.0,0.11311046443414888,0.7550662677034959,0.5987898538698668,0.24193318316077947,0.15055754691777878,0.5431862234773154,-0.1887111473201667
522.0,0.11187206073468085,0.7568677982419593,0.597754249806094,0.2394277236455681,0.1509648488337153,0.54328242050109,-0.1887510522918037
523.0,0.11133682049781711,0.7577667702078753,0.5967054397976665,0.23944989556488686,0.15101863089197892,0.5433278078000838,-0.18885291864031978
524.0,0.11088370143316324,0.7583002097982585,0.5959785114729419,0.23978158903238259,0.1509848379947917,0.5433499342673448,-0.18896052747092076
525.0,0.11090241880522195,0.7588655133555791,0.5949145808532714,0.24062507689536597,0.15077309688434049,0.5433699278256828,-0.18902241100865116
526.0,0.11127733528422076,0.7594365788734515,0.5942169184897883,0.24037406495196478,0.1507759835452663,0.5433950532885156,-0.18909880072493374
527.0,0.1112860601708966,0.7597471609344626,0.5936790052597433,0.24071747543015032,0.15077923989244962,0.5434218141285108,-0.1891610747107691
528.0,0.11089869031081491,0.7601069266633464,0.5930643884396044,0.24127488823022225,0.15071092630047386,0.5434368590361132,-0.18919474098124053
529.0,0.1105804552345427,0.760598834989078,0.5923599784517839,0.24160097487796017,0.15062410000071996,0.5434423463926532,-0.18921920411730467
530.0,0.11055710111428824,0.7608829321490523,0.5920382089067942,0.2415057973463597,0.15064127535987143,0.5434541705334487,-0.18924569356728657
531.0,0.1107194533723685,0.7608876624621935,0.5919846916775445,0.2415477024879055,0.1506660413245967,0.5434621471721998,-0.1892650430622697
532.0,0.11105889701555338,0.7605207972135367,0.5923216896165895,0.24172102599716885,0.15068250080845658,0.5434588885961034,-0.18929549219752248
533.0,0.11137900436985473,0.7603559124054594,0.5922633653495616,0.24223482392185697,0.1506454936324496,0.5434625738221573,-0.1893193444596137
534.0,0.11116225033566418,0.7604521298260064,0.5922487188007077,0.24206810492570496,0.1506854935027857,0.5434651256391756,-0.18932747811525874
535.0,0.1109557186739433,0.7605863223357947,0.5922283651488017,0.24179089784860994,0.15078161338614002,0.5434662750640129,-0.18935874276697867
536.0,0.11059683411695505,0.7609095111176708,0.592178200121218,0.24106023204827592,0.15094262923096943,0.5434846027038627,-0.18937173865128856
537.0,0.11061187495283684,0.7610636028871055,0.5920246791214009,0.24094394532985955,0.15099963068051783,0.5434954328952272,-0.18938798353520508
538.0,0.11064106888911593,0.7609947852187947,0.5921040715897045,0.24095281519784809,0.15103819922725548,0.5434984328054522,-0.1894208342958844
539.0,0.11073800717536326,0.7611524485899295,0.5919147174544747,0.2408755094092663,0.15108831035651846,0.5435135503655298,-0.18944930126132742
540.0,0.110434342816304,0.7616713567657696,0.5915005079011256,0.24039165826216438,0.1512121686019095,0.5435445626768203,-0.18947640430379942
541.0,0.11010122363686456,0.7622486260827168,0.5910231826267318,0.23988820351664736,0.15131451020650877,0.5435821325997189,-0.1895119438933632
542.0,0.10971069574050736,0.7629938443483864,0.5903989648353719,0.23923423469045024,0.1514474148772884,0.5436206837454108,-0.1895584529462952
543.0,0.10910822636454123,0.7633925737037995,0.5898041468454956,0.23970448831286018,0.15139033688977852,0.5436440809479739,-0.18960501629304535
544.0,0.10855855154712762,0.7636579204895618,0.5892290796353374,0.24052175176403684,0.15125273247838752,0.5436555415414791,-0.18966519400834603
545.0,0.10878352093306286,0.7637946523558645,0.5890088178111639,0.24052543970791362,0.15125853115902257,0.5436797271459862,-0.18975063549063806
546.0,0.10898943229921716,0.7643108556143068,0.5882358054479734,0.24068414327951618,0.15129785466620493,0.543722060560126,-0.18981016653142324
547.0,0.10888396901317864,0.765220715970977,0.5872134538667004,0.2403370482026084,0.15128269550267454,0.543751527382774,-0.18987616942284646
548.0,0.10813732567442282,0.7662798898937975,0.5861427976910678,0.23991262962841492,0.15133116879105749,0.5437879374582573,-0.18995657036015628
549.0,0.10799446091165771,0.7667458837653076,0.5856067042756248,0.23979727698370296,0.15134348547592374,0.5438131889445827,-0.19004438086224792
550.0,0.10919977639719561,0.7665751056054093,0.58515002145536,0.24090966915350154,0.15131957617852468,0.5438537811637284,-0.19012731696872168
551.0,0.10826314441198277,0.7669094137073046,0.5845645973838828,0.24168838245676513,0.1513897427193648,0.5439192350934572,-0.19022551630514822
552.0,0.1070810309398682,0.7685461444395267,0.5827041948966479,0.2415083806617121,0.15153103362645162,0.5440044377851855,-0.1903178289248396
553.0,0.10651391114835675,0.7699620348790693,0.5808837417641509,0.2416347039041411,0.15140102863442018,0.5440540248037833,-0.19037745092921732
554.0,0.10670683984675922,0.7708338127728501,0.5798111643603236,0.24134601115227575,0.1513551474706605,0.5441013554375861,-0.19044798571703808
555.0,0.10688677105891481,0.7710672179421256,0.579381842939696,0.2415517411640643,0.15132939196528913,0.5441367576301239,-0.19052305323768082
556.0,0.10754960411812158,0.7709337315357445,0.5794218510165681,0.24158762964800573,0.15135671284948637,0.5441669722920917,-0.19061914713213912
557.0,0.10771104841771319,0.7709820168285318,0.5788662309569504,0.24269105140787714,0.15133252420168933,0.5442025769180945,-0.1907019175187963
558.0,0.10683552739197788,0.7716193098326571,0.5781660429972807,0.24272172853932616,0.1513654600647284,0.5442352560340061,-0.19078384224210013
559.0,0.10652355560077341,0.7725878200658376,0.5770778400763041,0.24236740474113544,0.15139831827718217,0.54425854889973,-0.19088562169993864
560.0,0.10646919134905633,0.7732063132055504,0.5760878584494663,0.24277373799417842,0.15138401331665202,0.5442966542643668,-0.19095718024556008
561.0,0.10643421232882494,0.7734966955550499,0.5753012986039208,0.24372738097309388,0.15130632544624065,0.5443378909525723,-0.19102793828978626
562.0,0.10584761946993754,0.7742838068685672,0.574640109350857,0.24304240905426724,0.15145442575707738,0.5443905352691358,-0.19110628199445528
563.0,0.10526917370687808,0.7750211001376183,0.5739234514183152,0.2426366982149153,0.15155016769765864,0.54443338956981,-0.19117994142738692
564.0,0.10561679168801182,0.775355107702531,0.5732086216773884,0.2431078491283985,0.1514847198987986,0.5444563704147254,-0.19124816571538655
565.0,0.1062470297003768,0.7758023777989915,0.5724319617972694,0.24323628099896502,0.15144216630583673,0.544480898686246,-0.19128471508241315
566.0,0.10640497780776242,0.7762235675719873,0.5718080782591218,0.24329092765895702,0.15142784998850384,0.5445016986474495,-0.1913306302342937
567.0,0.10626797834263227,0.7763925864901098,0.5715629398957799,0.2433874979530796,0.15143353798490836,0.544507322282764,-0.19139350728734547
568.0,0.10629877085640366,0.7765110426982637,0.5713718246277724,0.243444880627224,0.15142860119930768,0.5445103478603746,-0.19141998711668107
569.0,0.10630247936242031,0.7766198441036664,0.5712127600636774,0.2434694711174992,0.15145259326594346,0.5445156135827559,-0.1914406193671051
570.0,0.10612474376984062,0.7766600315126274,0.5712139041634058,0.24341612498146026,0.15148094040635007,0.5445194324020127,-0.19146913777769747
571.0,0.10599678817337102,0.7766389432785857,0.5712021391324393,0.24356672377518349,0.1514847738348773,0.544519310102234,-0.19148945222256614
572.0,0.10579963690882736,0.7764887035647156,0.5708178389273765,0.24502800825339746,0.15139637538613188,0.5445518403099582,-0.19156048222781497
573.0,0.10529903267629326,0.7770912278579118,0.5696139555535196,0.24613264501563573,0.15127370282760697,0.5445801885296249,-0.19158419868942447
574.0,0.10497728587022562,0.7774205774718735,0.5696445117942205,0.2451573889511468,0.1513586680349069,0.5445721562586141,-0.1916314103215615
575.0,0.10540611716423795,0.7773481543754286,0.5693891570135771,0.24579541336005786,0.15131351131298068,0.544573837058079,-0.19166688837626245
576.0,0.10531191346358126,0.7775948125076945,0.5691453845443905,0.24562011256324426,0.15132255518134224,0.5445895147644793,-0.1916890687273644
577.0,0.10497505424141951,0.7783356390477824,0.568572703220512,0.24474262425578994,0.15143784282517123,0.5446205888853122,-0.19173254052972044
578.0,0.10476988922933365,0.7790864599579398,0.5679613917103248,0.24385941800051444,0.15163469225300483,0.5446553205917484,-0.19181589640945473
579.0,0.10463807371732536,0.7796100493777263,0.5673920898743052,0.24356777452293474,0.15168864020829412,0.5446928089421427,-0.19189424115368547
580.0,0.1045536194747278,0.7802914433959189,0.5662715219033144,0.24402943982059058,0.15157070929551558,0.5447128893426346,-0.19194183020031713
581.0,0.10468045720713112,0.7809138671413604,0.5651778003986601,0.24451909520886994,0.1514845264551773,0.5447377703442838,-0.1919989271214747
582.0,0.10463764640550825,0.7812568361030344,0.5644907958442515,0.24502828490628523,0.15136629500660398,0.5447527241042901,-0.19206782684664783
583.0,0.10495592838204601,0.7815514772874804,0.5636847228300905,0.2458069866687764,0.15128137396927538,0.544776809115857,-0.19216717543108208
584.0,0.10439367800934185,0.7823418143530393,0.5625011540546045,0.2462431667959835,0.15135310211574743,0.5448307679146561,-0.19225543700543982
585.0,0.1037953838357235,0.783307521895132,0.5620218135533785,0.24451446895239823,0.1515444350985689,0.5448846214997015,-0.19230468410559862
586.0,0.10396760697178803,0.783995660290158,0.5612033928039327,0.24411532776971182,0.1516334569948678,0.544913913585872,-0.19233627613748344
587.0,0.10409599636865943,0.7837975016924761,0.5615729977802014,0.24384681266075006,0.1516325069816677,0.544923141197439,-0.19240592497956918
588.0,0.10465168268386159,0.7838604666426192,0.5609892607948346,0.24474853098459387,0.15151371672863104,0.5449253348028269,-0.19244018074249603
589.0,0.10449718704440769,0.7841501791687349,0.560708595362001,0.24452955955593308,0.1515615034785215,0.5449273034427028,-0.1924820881858814
590.0,0.10426418618677398,0.7845172658335235,0.5603037985683753,0.24437940256443835,0.15158699405255166,0.5449397699329955,-0.19251704872246544
591.0,0.10422253661252999,0.7846551819407593,0.5599864582533275,0.24468157856376954,0.15156437279443583,0.5449491508532767,-0.19253498730241286
592.0,0.1040841614567799,0.7844925322793515,0.5600022929088151,0.24522517421471876,0.15155215643715422,0.5449492418264209,-0.19256824113359938
593.0,0.1038329322316129,0.7846994159045494,0.5597475102434852,0.24525144982132852,0.15158109972672895,0.5449636583958359,-0.1925827823709588
594.0,0.1036664130701703,0.7848228969761081,0.5595667996653798,0.2453391364936277,0.15157657112042686,0.5449668501637897,-0.19259354625947334
595.0,0.10354395828879123,0.7847061040341311,0.5594710479997724,0.24598196162219058,0.15153111013345666,0.5449601006176005,-0.19262591082260067
596.0,0.10309704734280109,0.7849173927770292,0.5592304850653426,0.2460425774513196,0.1515546518396049,0.5449759111255511,-0.1926265406090565
597.0,0.10295665121812714,0.7850547524849615,0.5591356619752532,0.24587857791645917,0.15159493990934858,0.5449748103824744,-0.19265103598459177
598.0,0.10287003258204924,0.7852173954611389,0.558908389239925,0.24591220119999369,0.1516166613220379,0.5449863065604983,-0.19266211760468588
599.0,0.10262012338950184,0.7853694695509656,0.5587294228106707,0.24593767230421051,0.1516121345673007,0.5449885290088688,-0.19268376176108654
600.0,0.1026795587272591,0.7856221527899375,0.5583930963681983,0.2458696630200955,0.15160220245412911,0.5450009528919575,-0.19269577436635035
601.0,0.1027081969046706,0.7858760819886947,0.5580060985147751,0.2459247935182806,0.15156193564485182,0.545013698105055,-0.19271409488030422
602.0,0.10248280831435075,0.7861145642402536,0.5577960734523928,0.2457329980496165,0.15160175767139683,0.545021307940141,-0.1927605041881828
603.0,0.10230876674140606,0.7861558481967938,0.5575597503322913,0.24620930811653924,0.15158317989922648,0.5450338246834071,-0.19281109715896377
604.0,0.1021440014789675,0.7861390519065589,0.5574158244695252,0.24665683177297396,0.15155043166573992,0.5450422490068032,-0.19286619938677213
605.0,0.10188484693224252,0.7862906368115554,0.5571197070582489,0.246949679966189,0.15151097639875868,0.5450509293189155,-0.19292086898700667
606.0,0.10198092460862133,0.7870379728106477,0.5559418187999337,0.24718376661807406,0.15152647616322423,0.5451027238464095,-0.1929748535444712
607.0,0.1023634973691643,0.787956820772726,0.5547249452505528,0.24683192281563215,0.15162878298955135,0.5451592395992372,-0.19308919446104544
608.0,0.10298161586370064,0.7884708454475049,0.5532747454325269,0.24818454573153972,0.15136355327643536,0.5451759503636029,-0.19320747859252013
609.0,0.10287721439462456,0.7888647608705142,0.5524256856013925,0.24886648971474734,0.15125653041274123,0.545186391402551,-0.1932956727336511
610.0,0.10258654840718295,0.7892473386165508,0.5519056433534556,0.24892729743280562,0.15133729326959713,0.5452119152069562,-0.19337864966509088
611.0,0.10223838686039947,0.7901250938687753,0.5507141706353966,0.24892478894720294,0.1514361630729648,0.5452665633106472,-0.19343581755573572
612.0,0.10093435827843972,0.7914044943094249,0.5496322861535273,0.24778121745485496,0.1516622833738651,0.5453303488288491,-0.19352138338351127
613.0,0.10041066945431906,0.792472629971666,0.5485308555168229,0.24701969304391258,0.1517661580224093,0.5453689933195297,-0.19365771451881467
614.0,0.10048974866543858,0.7932730780581511,0.547092423799396,0.2476075803819533,0.151663909341029,0.5453974922801981,-0.1937875787425087
615.0,0.09996375575317444,0.7938621796292807,0.5459342005583877,0.24848729535057026,0.15157566325587357,0.5454245696838225,-0.19390281315808103
616.0,0.09948101625900746,0.7947216866898384,0.5445352837150267,0.24900259616784837,0.15154347976218416,0.545478552540773,-0.19399538746524814
617.0,0.09924479219207874,0.7961633444273449,0.5429829770338189,0.24787877453405982,0.15173312583902257,0.5455512019613118,-0.19407315649954962
618.0,0.09811204878103866,0.7970049116719309,0.5421819863598933,0.24737803120254107,0.15189614001397317,0.5455815324898228,-0.19421597795724027
619.0,0.09758569078442729,0.7976529579901516,0.5409587859616533,0.24817409908083077,0.15180419727764877,0.5455908416165879,-0.19435691123538631
620.0,0.09670468068110333,0.7982616988416011,0.539572190813776,0.2495762725046367,0.1516163202707455,0.5456269692321,-0.19444879376195703
621.0,0.09513144185221531,0.799007405100081,0.5388530164898446,0.2493483546890752,0.151760826495239,0.5456764225336137,-0.19457159076972433
622.0,0.09446424418646329,0.800031575284025,0.5374899006829321,0.2492600886277093,0.15185376237329953,0.54572347926245,-0.19469652607846638
623.0,0.093021892590419,0.8009786354294175,0.5365103608246478,0.24887102244401815,0.152037653889971,0.5457818494211215,-0.19482238483947592
624.0,0.0917840601445128,0.8018612443940444,0.5354248720805138,0.24882611880545943,0.15206466840270094,0.5458111491883354,-0.19493323019937442
625.0,0.0916589757565146,0.8024041319366219,0.5339737379526242,0.2502364649510641,0.151851756201803,0.5458324933588002,-0.19501893762621905
626.0,0.09138642561109919,0.8029632102677101,0.5329782982091221,0.2506645922516941,0.15192072693362235,0.5458713735624989,-0.19515018345431634
627.0,0.0910184123067162,0.8045308597693255,0.5308095948788876,0.2503735574786321,0.15217602052223259,0.54595342896671,-0.1952987166797415
628.0,0.09061856074238299,0.8050206264480685,0.5304489506411526,0.2497077856332051,0.15223551236245908,0.5459677063078335,-0.19544305289534808
629.0,0.09032608991834482,0.8055259549118603,0.5288085063284181,0.2516559100798274,0.15191329152468402,0.5459805673502549,-0.19547287181020112
630.0,0.08972305697303579,0.8055355461832187,0.5282801111343207,0.2529473879339865,0.15177360028098316,0.5459993503330935,-0.19554867205909215
631.0,0.08925119609461982,0.8062423090097337,0.5273340325799414,0.2528366690994602,0.15182301992710984,0.5460355561014146,-0.19563302888701575
632.0,0.08864540543120183,0.8078859805629012,0.5258877718476244,0.2508072684891699,0.1522393214640129,0.5461014096008645,-0.19574601683562787
633.0,0.08856402888838015,0.8085728167432352,0.5247817129869778,0.2509393682255175,0.15223416741488827,0.5461343923209203,-0.19586518579456003
634.0,0.08855687598854224,0.8089655526583677,0.5235100806044028,0.25232837698693983,0.15196917385419947,0.5461529614191079,-0.19592640250960403
635.0,0.08841098379207478,0.8093917786961848,0.5224914930664742,0.25312267025517526,0.1518116533883168,0.5461588766681182,-0.1959836408463952
636.0,0.08822211868744946,0.810237553152284,0.5214476699402886,0.25263470218863676,0.15190291260477107,0.5462028924627654,-0.19603826768137703
637.0,0.08756506074429085,0.8106558660077016,0.5207898020021867,0.2528782497066038,0.1519273002978981,0.546221612137527,-0.19611722166985446
638.0,0.08711245684177311,0.8107892941131912,0.520576902267035,0.2530451130539397,0.15198147707715637,0.5462322020264587,-0.19620229209337886
639.0,0.08660552671863216,0.8108302346443947,0.5203868324021517,0.2534785158366665,0.15199313770091183,0.5462345572312256,-0.19629128395934836
640.0,0.08611610538899464,0.8110666515706215,0.5201741280602193,0.2533254420689764,0.15211963813356902,0.5462490470317785,-0.19634585605512903
641.0,0.08590954490472191,0.8112268732696202,0.5199433923628948,0.25335622928521834,0.15214221070549813,0.5462597220334436,-0.19638159290911567
642.0,0.08593207966396565,0.8115446140127222,0.5196313340046579,0.25297093483660793,0.15218897256891456,0.5462668359932485,-0.19640668675621578
643.0,0.08600728811523449,0.8117056104708229,0.5193936237317102,0.25291700604762546,0.15220400022893205,0.5462706839298456,-0.19641949625479582
644.0,0.08600195130457164,0.811824433379924,0.5192544998595308,0.2528230964821053,0.15223431548984942,0.5462779647489294,-0.19642883947006334
645.0,0.08597602602887165,0.8118777232060811,0.5191492929004405,0.2528768419428029,0.15224708376010826,0.5462837517269314,-0.19643529526468492
646.0,0.08602833295278611,0.8119191790418395,0.5190453003330887,0.25293941732265396,0.15226067517452074,0.5462797470763916,-0.19644986948516258
647.0,0.08604502271107502,0.8120101220004853,0.5189075443214177,0.2529244477738827,0.15228297341708277,0.5462827692334857,-0.19646585486234652
648.0,0.08597064156433942,0.8122598399935151,0.518613055094752,0.25275185500409836,0.15233076432972276,0.5462895579214901,-0.1964611561850938
649.0,0.08580926308635065,0.8123586744637085,0.5183809637365662,0.2529650782770082,0.15233689101843328,0.5462985228801185,-0.19647168296343775
650.0,0.08553745153167132,0.8126442499904788,0.5180652865393561,0.2527865230303505,0.1523840308196733,0.5463128707115553,-0.1964803174554319
651.0,0.08510170824186934,0.812861120462501,0.5178244743266098,0.2527297210126528,0.15243826823902792,0.5463222631979578,-0.19649490145158593
652.0,0.08484198797618304,0.8129965917930081,0.5174457070677125,0.2531567084759895,0.15239475341011902,0.5463325842075095,-0.19650039647341286
653.0,0.08445376135141552,0.8131367970057614,0.5171606953335909,0.2534184814706422,0.15237118610594907,0.5463384259654516,-0.19651969934766353
654.0,0.08412725500325016,0.8132263601575929,0.5167759281512071,0.2540238811488194,0.15229457623390674,0.5463395237921603,-0.19654346204551754
655.0,0.08383027812316216,0.8132762539820443,0.5162119022441225,0.25510682303739235,0.15215211973955664,0.54632548238754,-0.1966026104299187
656.0,0.08360738887089939,0.8134770271599044,0.5156026562399781,0.2557710532635646,0.15208867819022032,0.5463273208892561,-0.19666059753643583
657.0,0.08318313044587271,0.813866632022225,0.5149984777395883,0.2558871626634129,0.15209686009188295,0.5463382768331019,-0.1967381901813805
658.0,0.08198069435522459,0.8146497077484163,0.5140241238943086,0.25574248664065086,0.1522627887842882,0.5463876992468094,-0.19688656827929485
659.0,0.08035259463691123,0.816432441094425,0.5112718616551858,0.25609102511285925,0.15225024375953192,0.5464613634434353,-0.19706279250230974
660.0,0.0782053820594294,0.8189342022904331,0.508780803437376,0.2537179232720635,0.15246271012421322,0.5464988382344282,-0.19728335374975087
661.0,0.0777439373945341,0.820128601365299,0.5069193754517021,0.25372761815113787,0.15212841133462343,0.5464636564391376,-0.19739293671147912
662.0,0.07699479744591325,0.8212667473286903,0.5048489895325726,0.2544017072787765,0.15205869392008256,0.5464912596939597,-0.19749307809718664
663.0,0.07484802115175718,0.8227784532848121,0.5034600317130439,0.2529058856717635,0.15245475030635247,0.5465546513159841,-0.19767782651969246
664.0,0.07365380766918446,0.8242676187977335,0.5011483795896028,0.2529986380438847,0.1524851051773612,0.5465985626992949,-0.19785255664457188
665.0,0.07264864226506797,0.8253712724146335,0.49876439529002653,0.2543983400902314,0.15231126800037792,0.5466204417951561,-0.19806521983198594
666.0,0.07200546079596684,0.8266302539912566,0.4965177940774578,0.2548876555786228,0.1522129566279835,0.5466558321883239,-0.19825738807824167
667.0,0.07084982333084086,0.8278225868320551,0.4942026557348745,0.25583940730323457,0.15200270408173114,0.5466976838687017,-0.1983561724368729
668.0,0.07011750115210454,0.8288344653388398,0.49167365584410894,0.25763148341682346,0.15154061696741528,0.5467253744292888,-0.1984403823328605
669.0,0.06988515644016843,0.8300139003249427,0.48895134636408216,0.2590744508157081,0.15116054379138966,0.5467913915179657,-0.19851706432985
670.0,0.06941947380324155,0.8306418665480632,0.4861978225391568,0.2623484392036917,0.1505934634110026,0.5468638703890334,-0.1986125765082109
671.0,0.06931978302156593,0.830188944211527,0.48363528426345315,0.26847345568268377,0.1494901930180868,0.5468424690598656,-0.1986952341932116
672.0,0.0697606601395746,0.8305289565185775,0.48157822527648725,0.2709935711794703,0.14889776231897148,0.546873885269671,-0.19880368951318386
673.0,0.06948141315641146,0.8304067231467305,0.4796004946002908,0.2749188479490881,0.14815143597971553,0.5468726722231104,-0.19892254755816544
674.0,0.06985139496244967,0.8311507716070807,0.47721839766837026,0.27671606098234947,0.14767228703793883,0.5469553639494823,-0.19894606369782697
675.0,0.07330877246693161,0.8311677424475188,0.4713743790703322,0.2856434885484795,0.14527632121235523,0.5471997280670002,-0.198378919111119
676.0,0.07426715621154793,0.8303009010000719,0.4680428922619146,0.2932927791641316,0.14354702227197547,0.5472984368805983,-0.19822335309678246
677.0,0.06266297149231177,0.8338040197132741,0.4764516299953111,0.27173158261150093,0.1495672524877391,0.5468321795618877,-0.19978259926296715
678.0,0.057675975312063706,0.8347743268119182,0.47847670875924414,0.26624301745291334,0.1514558416456565,0.5467100085533624,-0.20039836920407855
679.0,0.057467861039664635,0.8348181486470524,0.47746653336893813,0.2679586034253843,0.15125272662651393,0.5467048516824062,-0.20047920479094927
680.0,0.05747678639106768,0.8351895113191526,0.47673938392841453,0.26809412343463707,0.1512014876942732,0.5467091931168242,-0.20055606371317455
681.0,0.058748773044974265,0.8390288305249167,0.47642654532909806,0.25611901553668664,0.15307316408869298,0.5469486196428112,-0.20071010087625948
682.0,0.059111267785598484,0.8406128769022153,0.475993948454096,0.25160606161624915,0.153792663272976,0.5470347133672825,-0.20083405206494293
683.0,0.05905197939183722,0.8407477315168935,0.47568013022299177,0.25176284354554995,0.15376266213230924,0.5470232667672407,-0.20088971156639118
684.0,0.0588452736058607,0.840881466454827,0.47545335708034003,0.2517929673125638,0.15382576402232373,0.5470371547929151,-0.20093662821757075
685.0,0.05849086316795138,0.8411180167672869,0.4753231182127524,0.2513309254505698,0.15395188425226083,0.5470518036788817,-0.20099164174429462
686.0,0.058338592448196225,0.8411730606529592,0.47530820520753136,0.25121027193427337,0.1539632160353286,0.5470467957948848,-0.20102692935297478
687.0,0.0584889562409729,0.8410254869891457,0.4753091232937341,0.25166725958346975,0.15391255891957303,0.547040783756552,-0.20103144855583294
688.0,0.058582176110570455,0.8409418546875697,0.4754286830003569,0.2516992114753779,0.15394249255382014,0.5470422041686832,-0.20104753202669193
689.0,0.058588100168782985,0.8408111244047162,0.47551045268659126,0.25197995353139185,0.1538787962609064,0.5470465381658597,-0.20104085463188556
690.0,0.058664922849074874,0.8408089751983897,0.4754846197667688,0.25201799621891463,0.1538847032168958,0.5470457288618445,-0.20104328092275142
691.0,0.05857015590729647,0.8408165069858793,0.4754411438185505,0.2520969202143653,0.15389941219889006,0.5470420933191437,-0.20103317295351264
692.0,0.0583860490585859,0.8409289747525511,0.4753399323432877,0.2519553083720016,0.15392794522418896,0.5470426915015163,-0.2010356412349331
693.0,0.058331187704915216,0.8409699928190286,0.47533436330817613,0.2518415906424269,0.15397346170534673,0.5470347390806741,-0.20107030624089042
694.0,0.058057514675771665,0.8410459638200692,0.4752438227967827,0.25182200186866877,0.15401048107924376,0.5470365792065346,-0.20107560712860761
695.0,0.05786197546210956,0.8410732691739876,0.47515950035200055,0.2519349060805988,0.15405081113830943,0.5470380696978552,-0.20109087808644743
696.0,0.05789079515203436,0.8410879634242755,0.4750620074550813,0.25206305300900006,0.154083225848579,0.547042297567155,-0.20111866019225222
697.0,0.05787913524881269,0.8411951423042978,0.47484228863402145,0.25212207200343767,0.15413233877779348,0.5470500762420782,-0.20114307482596783
698.0,0.05769822036262073,0.8412595962148574,0.4746843335455583,0.2522458931872052,0.15416027781336245,0.547056994078408,-0.20117397345172602
699.0,0.05751137653378595,0.8413572907203853,0.4744768938036733,0.2523529832739452,0.15417029867224974,0.5470675528311462,-0.20119899732953855
700.0,0.06753659492214897,0.8391595704077696,0.4651773774038915,0.273605612681843,0.14840123064038904,0.5474523495569968,-0.19961429060064645
701.0,0.0710329980510978,0.838344962702023,0.461634990343516,0.28111416255777366,0.14632829138208542,0.5476559382412539,-0.1990786617596374
702.0,0.07071890464738703,0.8385275335853801,0.46167728330424507,0.28057886239969104,0.1464802457970463,0.5476497363899668,-0.19912441046558454
703.0,0.07054096406707074,0.8386209476586491,0.46173377272059335,0.2802513187583684,0.14658894905551523,0.5476449671331617,-0.19916632399578638
704.0,0.07048367878585048,0.8386070868637799,0.46172616205104083,0.28031973916275266,0.14660112293539068,0.5476451524335568,-0.19918698991655395
705.0,0.07035724500584473,0.838631698578817,0.46180618610519714,0.28014599531131607,0.14667340034275417,0.5476383110583734,-0.1992045151476246
706.0,0.07047404794552549,0.8386054884142167,0.4617837168688885,0.2802321220033118,0.1466680025134386,0.5476402245639053,-0.19921030408722074
707.0,0.07068523448975024,0.8384378280700269,0.46168600439631624,0.2808409504166187,0.14656197257603273,0.5476404103151236,-0.1992167531592758
708.0,0.07055753254090433,0.8384758155759884,0.4617093744444237,0.2807212048386429,0.14659902261190494,0.5476394001401744,-0.19922809186204798
709.0,0.07017459004034612,0.8386987684660757,0.4618280718253563,0.2799548798650073,0.146753157432468,0.5476314937022921,-0.1992583579011546
710.0,0.06666410048087547,0.8394506782771692,0.46536896855490817,0.2725989353486494,0.14871496387546035,0.5474083972168404,-0.19990422753987358
711.0,0.06506121095056075,0.8398540415559372,0.4667751625091984,0.26931983843808477,0.14955577897474942,0.54731818258142,-0.20018871521685905
712.0,0.0646766270121842,0.8401749233041694,0.46679488744099457,0.2683757910619161,0.1497610578101301,0.5473191028610416,-0.20022948380540645
713.0,0.058806274318034334,0.8418752747072179,0.47110756429386835,0.2566037934298269,0.1530105275484335,0.5471519292620846,-0.20101212275173586
714.0,0.05656974418716514,0.8425099082666943,0.47262667645820855,0.25219227429703944,0.15428083568029233,0.547108211826952,-0.20134027572281274
715.0,0.05684733477609593,0.8425764028901234,0.47238813723504675,0.252354579156388,0.15429607013700544,0.5471175350799189,-0.2013718743790554
716.0,0.05705474338413347,0.8425110105569327,0.4721546001913155,0.2529624218453918,0.15423028102783412,0.5471253823396414,-0.2013990839106244
717.0,0.05703167594004498,0.8426528248063546,0.4718571845655511,0.25305019691597147,0.15426474805990364,0.5471472694204673,-0.2014406070214079
718.0,0.05679949743331833,0.8429233040445464,0.47149386869359333,0.2528787305692123,0.1543035964613661,0.5471659986881954,-0.201482839583216
719.0,0.056535933525812175,0.8432923888819345,0.471084706511714,0.2524694721445297,0.154369669841143,0.5471721199730517,-0.20153986175084254
720.0,0.056343953116366294,0.8437577742124309,0.4706033514699696,0.2518544480221409,0.15449375023910863,0.5471833639964176,-0.2016090117185536
721.0,0.05620816741880919,0.8441625420995429,0.4701161822892345,0.25143790402652494,0.1546002086467339,0.547201989589941,-0.20167246748211043
722.0,0.05604946434109278,0.8445981190416417,0.46962222860344666,0.25093313304529813,0.1547335728115785,0.5472154381549543,-0.20173559126942237
723.0,0.055676796081307336,0.8447081001003218,0.46918626551379117,0.25146086824046265,0.15467822894315805,0.5472025291470686,-0.20179123508888572
724.0,0.055194034274276806,0.8448249952545231,0.4689012285538466,0.25170614580184214,0.1546919284912463,0.5471955971120146,-0.20185683266820595
725.0,0.05528422241325813,0.8447729836787831,0.46870651958152865,0.25222303483301783,0.15463541027761643,0.5471852333792125,-0.20192511230198876
726.0,0.05581665783743224,0.8446230747507839,0.468733821432644,0.25255685884873713,0.15466252270843864,0.547203733870607,-0.20198772334298803
727.0,0.0564206727417097,0.8444997111145408,0.46869705768354974,0.252903170667379,0.15474852417888657,0.5472324876055034,-0.20205549983209445
728.0,0.05696068967623135,0.8444726890197333,0.46805242562373034,0.2540635436246833,0.1546926292725576,0.5472453794323848,-0.20210350067912816
729.0,0.05763336367747897,0.8447994595889212,0.4669081420208288,0.25492951061841346,0.15462363443256755,0.5472720984683518,-0.20212413322056044
730.0,0.05760230997002609,0.8446845415192008,0.4670025398577965,0.2551443257667741,0.15459493808724512,0.5472867232739949,-0.2021770740388832
731.0,0.05751153051733191,0.8442538509920382,0.4677183613469104,0.25527905006409846,0.15454000750688118,0.5472744497266616,-0.20227395041631424
732.0,0.05740651305656132,0.8441478566201283,0.46788193719152354,0.25535344382294434,0.15446932292277188,0.5472798290618118,-0.2023380814234389
733.0,0.057300726848472615,0.8444020625121524,0.46736327322518056,0.2554865052563537,0.15435175824501118,0.5472746189779885,-0.2023821853608702
734.0,0.056768843306009995,0.8448618225089651,0.4666855157608437,0.2553241639084776,0.15432589298103977,0.5472643960333299,-0.20244990158987458
735.0,0.05558257459585579,0.845655806828201,0.4661967550441874,0.253845266580471,0.15446136791496795,0.5473285201974298,-0.2026938219128484
736.0,0.05358003175270691,0.8466020321926588,0.4659777451324955,0.25151326073564034,0.15456333044563952,0.547290398494868,-0.2028353246259503
737.0,0.05178795989484784,0.8470556664708869,0.4662424918970259,0.249865251403918,0.1546315814628923,0.5472388385659641,-0.20294382522021218
738.0,0.05154720707740325,0.8475264669065538,0.46557153687800085,0.2495694640465254,0.1546539115741045,0.5472712665122882,-0.20299942633261367
739.0,0.05083508498268835,0.8484200403776445,0.46648507796392796,0.2449304008435596,0.15622248417390472,0.5472111525492961,-0.20360601337057327
740.0,0.05457611717549057,0.8487453470259771,0.4625376702202634,0.2504230160408814,0.15540553054518502,0.5473351054437974,-0.20328158875358535
741.0,0.05848935373431352,0.848899712399724,0.4592999571525457,0.2549349390473538,0.15481171317901896,0.5474453324092167,-0.20308626332726942
742.0,0.06077827882977147,0.8489618234310324,0.4580700646218419,0.256401324248703,0.15487175620325155,0.5474986004175451,-0.20314081404059744
743.0,0.06179159875753718,0.848696455657562,0.4579228324225148,0.25729905562092686,0.1549176845526483,0.5475428173701334,-0.20318147838059328
744.0,0.057678375353926864,0.8486210950014254,0.46332437510940594,0.2486884910175613,0.15725639184507006,0.5473483617837263,-0.20408148853094651
745.0,0.05581951487878764,0.8479817790302395,0.46657528694160033,0.24519091705601612,0.15789861410801706,0.5473128934916922,-0.20439601851797903
746.0,0.05741584783404973,0.8466453924727514,0.4652781950319784,0.251815807784067,0.15579508658901925,0.5474830820112381,-0.20370432267433852
747.0,0.05701558060647804,0.8463318802022535,0.46509861795198393,0.25328807255885416,0.15503952712236002,0.5475511492832226,-0.2034412744914267
748.0,0.05608912910560553,0.8466976227846522,0.4652981446473407,0.25190232582240313,0.1551673650231558,0.5475601242664893,-0.20344570233699738
749.0,0.0563220453640465,0.8464422561476705,0.46539311188124055,0.2525323457047568,0.15510456866522232,0.5475459237746444,-0.20346376179522796
750.0,0.057575544997121975,0.8460404526220919,0.4651430776240764,0.25405221212123436,0.15498785968845477,0.5475448365478895,-0.20346993316139025
751.0,0.0585759257911855,0.8454244840583164,0.4651471897907766,0.2558601072894682,0.1548585190580168,0.5475346024914134,-0.20348163263055102
752.0,0.05934675571232328,0.8450590503946159,0.4649388432046193,0.25726452536663935,0.15470902476325005,0.5475259438293366,-0.20348589230932
753.0,0.059396006162225186,0.8452673723598706,0.46474841865034566,0.2569126136214794,0.15477903592640174,0.5475411800549217,-0.20348546757476332
754.0,0.058593815293120126,0.8457570979597956,0.4647282059215329,0.2555178872035644,0.15493240736784453,0.5475505291322174,-0.20347836700444114
755.0,0.05780569114721125,0.8463886734746505,0.46446008700994007,0.25408963587587263,0.15502676096173063,0.5475518726727634,-0.20347002501814535
756.0,0.056924208862414165,0.8468961669517163,0.4643447367611217,0.25280522599448674,0.15513849397048896,0.547558896736574,-0.20345992808535213
757.0,0.05659705225197156,0.8470341306715482,0.46427334124035247,0.2525474604255633,0.15512875290898645,0.5475556970515145,-0.20347015706928553
758.0,0.05415718450986661,0.8474968272168538,0.46734441277459066,0.24577495208361522,0.1569539714327236,0.5474099782386183,-0.20416126810391289
759.0,0.05336184220987433,0.847594221319371,0.4685955740938097,0.2432174700174113,0.15775706609297468,0.5473533840470778,-0.20446773709078095
760.0,0.05372202029143254,0.847611059565363,0.46841404490570693,0.2434290836637315,0.15779780100023577,0.5473606668360854,-0.2044806173837865
761.0,0.053773758579206896,0.8476514538870471,0.4682114823707082,0.2436665824188133,0.15779217522325892,0.5473528632792574,-0.20449212619799972
762.0,0.05332485068386994,0.8478715990482287,0.4682032540298012,0.24301424802436614,0.15789309676527857,0.5473510967074519,-0.20450955794861317
763.0,0.052583200581641204,0.8480520907618033,0.46834792633202554,0.24226613108649067,0.15797946989485223,0.5473482881197778,-0.2045308549454026
764.0,0.05212389167491657,0.848157206307526,0.4683058288266719,0.24207871445510895,0.15794644188620216,0.5473304214692817,-0.20453641049718882
765.0,0.051793718280639924,0.8481964729597198,0.4683790074650252,0.24187033586497317,0.1579664370137727,0.5473217988734133,-0.2045494580194871
766.0,0.05182298802050873,0.8482390844137458,0.46833125569287815,0.24180708948806376,0.157988395841416,0.5473288311435631,-0.20454893026459628
767.0,0.052030330976570276,0.848154941106412,0.4682671872634296,0.24218150603967195,0.15796692963034112,0.5473266364408196,-0.20454840483625222
768.0,0.05228276590651224,0.8481366410194486,0.46827951273970364,0.24216739767705583,0.15801823648825572,0.5473311180635645,-0.20456164436101257
769.0,0.05251632402046775,0.8481304657302412,0.46818645350536664,0.24231837232378522,0.15800320929688463,0.5473316665860115,-0.20455956808609996
770.0,0.052335210374128936,0.8482030729326459,0.4681899665401443,0.24209652631512724,0.1580815399330449,0.547332865292768,-0.20456859816124778
771.0,0.052220867494780436,0.848149131511802,0.46819137113339043,0.2423073909522871,0.15804569477471775,0.547320067449455,-0.2045778478731457
772.0,0.05197350026529042,0.84828363102012,0.46816355709449164,0.24194321735094657,0.15815099347862513,0.5473236517049761,-0.20459891537939937
773.0,0.05177668695334887,0.8483823808853099,0.46815361851043585,0.241658229669699,0.15827861726560347,0.5473221092418559,-0.2046283298142054
774.0,0.051874155857761756,0.8484395521384197,0.4680656044825959,0.24160709472518518,0.1583796002489834,0.5473120928926583,-0.20467000644097352
775.0,0.05588047787333006,0.8480327560167134,0.4636647308350128,0.25046523570156615,0.15616046219760743,0.5474805485178573,-0.2038667168538708
776.0,0.05786747992764804,0.8478519789263177,0.46146151155684234,0.25465987110109206,0.15516261780211252,0.5475774366342003,-0.20351734839267255
777.0,0.058294208714922906,0.8477718567256248,0.4610637748940831,0.25554815525592395,0.15503627192572944,0.5475725897990218,-0.20352751073536735
778.0,0.05843401414406612,0.8480396109067886,0.46072341661647875,0.25524148899681715,0.15512026104718718,0.5475722670406081,-0.20355982440956136
779.0,0.058180261768888214,0.8482838232934904,0.46047321962798327,0.25493925999053363,0.15517422523118096,0.547564055316938,-0.20358418408858137
780.0,0.057922156929726215,0.8484501917343872,0.460178807670841,0.2549760005434489,0.15510937516919157,0.5475537482101328,-0.20359368744689318
781.0,0.057684481172901515,0.8487117935353825,0.45977080876918475,0.25489526388204503,0.15504839166430137,0.5475474639392093,-0.20359596732157265
782.0,0.0572138566438365,0.8489275825465149,0.4594779415626156,0.2548108228020356,0.15503909321245396,0.5475355205405943,-0.20361262048214906
783.0,0.05712421318221612,0.8491174343710157,0.4590913383893402,0.2548951743979888,0.15499122101602875,0.5475301466070258,-0.2036230454403293
784.0,0.05720550818847072,0.8491706663465878,0.4586985080845779,0.2554063192843378,0.1548926830216161,0.5475175400809192,-0.20363060123938087
785.0,0.057377216311873765,0.8493164834917043,0.45833624477349505,0.25553327111066537,0.15489638584096393,0.5475199665585861,-0.203639612571727
786.0,0.057448648170613785,0.8494067960528487,0.45814138352495537,0.2555664695229855,0.15492374404543166,0.5475214725583845,-0.2036526677367725
787.0,0.05745223604784511,0.8495216158886617,0.4580517067470024,0.2553446663965745,0.15498595785123712,0.5475245106021609,-0.20366552673398175
788.0,0.057331524541837556,0.8494197752077866,0.4582655508474758,0.25532690161070287,0.15497303561573178,0.5475252397596708,-0.20367499126177327
789.0,0.057054465242868356,0.849085452153842,0.4591409406466984,0.25492798896672914,0.15498870344650134,0.547536956406058,-0.203690615586676
790.0,0.056458425568559664,0.8483603452488764,0.46074933700932585,0.2545726207528875,0.15498723210452084,0.5475464665642221,-0.20372225798329827
791.0,0.056183784347707405,0.8479133901335086,0.46187704161607696,0.25407845960775893,0.15503877936163307,0.5475555572940161,-0.20377249389295657
792.0,0.056443095115806814,0.8480601740409104,0.46142641610912555,0.25434972132113093,0.15503679783403784,0.5475682261799452,-0.20379273975016704
793.0,0.05707371352019082,0.8483795254948241,0.46045147691618904,0.2549101986031406,0.15504490306140617,0.547583053574129,-0.20381513786720618
794.0,0.05773278372205759,0.8488281233250734,0.45939419471618903,0.2551758542597642,0.15513816756252646,0.5475940387686098,-0.20385680879284598
795.0,0.05846949280866746,0.8491916190194682,0.45817630734835024,0.2559870777645262,0.15509337211038401,0.5475970110065058,-0.20388618965613026
796.0,0.05881848852436201,0.8493378931339803,0.4576166932596813,0.2564224848653401,0.155112378909197,0.5476060473871854,-0.2039385160602105
797.0,0.05887970223020438,0.8492151510589916,0.45808202526219116,0.2559837221559721,0.15525526632372783,0.5476548334953019,-0.20401203498086473
798.0,0.05860781429487772,0.8487639722332908,0.4593647442594789,0.2552427771235969,0.15540794414124473,0.5477073489214449,-0.20411438212029023
799.0,0.058463645886906834,0.8482392349885347,0.460543129154169,0.25489650551657655,0.15541556562974196,0.5477325247217752,-0.20423009567416178
800.0,0.058587122737893765,0.8481749036332771,0.46078207501745927,0.2546502724101832,0.15540827964793788,0.5477580286189994,-0.20432365261908086
801.0,0.058912898544446486,0.8483791447301129,0.45978957086362676,0.2556866200979937,0.15525074830334862,0.5477604514515007,-0.20439684812074863
802.0,0.059631333902353145,0.8489074491751568,0.4579207445064482,0.25711639096450983,0.15509513876125675,0.5477744699706718,-0.20446337806695036
803.0,0.060312780046723816,0.8493813667671889,0.4565176758235908,0.257886164833177,0.15511788915289132,0.5478125697631524,-0.2045571745797785
804.0,0.0535934187646637,0.8506209668765968,0.46435576972066556,0.24071858113192549,0.1598646734210634,0.5474761552340811,-0.2063156698632669
805.0,0.05112197315789007,0.8509798436681277,0.46820863610322555,0.23238012524605092,0.16217740639475495,0.5473953243588424,-0.2072432797647104
806.0,0.0522333134745704,0.8508740785237559,0.46813748438617575,0.23266344614571363,0.16222891563041753,0.5474420931437304,-0.20735658712317
807.0,0.05604572835297758,0.8506175722975441,0.46435485402661064,0.24017325324428132,0.1604315970957782,0.5475983281123705,-0.20674445693631355
808.0,0.058574665776783816,0.8507341357289344,0.4613291057808986,0.2449405948267409,0.15940615126386767,0.5477043313472522,-0.20643743201690934
809.0,0.06044706522942963,0.8512183689177255,0.4586168338180032,0.24787908435555042,0.15898023252940202,0.5477427174211633,-0.20640399688717082
810.0,0.06291186539513234,0.8518235026530787,0.45530108038494893,0.2512762299156916,0.1585210006431889,0.5478065805079573,-0.20635196366775768
811.0,0.06512632045410337,0.8519407500099082,0.45304404480455274,0.2543749483022947,0.15823501899539394,0.547864006911178,-0.20637559977327627
812.0,0.06679115148860426,0.8516355909265663,0.45280191217959437,0.25539418684944165,0.15848951619592175,0.5479432738850766,-0.2065248089427778
813.0,0.06882998358002405,0.850877615681318,0.4539411496806967,0.2553569053685766,0.15882286380094973,0.5480038758024451,-0.20679771123113042
814.0,0.07273985543845055,0.8498921309499654,0.45548446636323797,0.2548061617816898,0.15882494199645542,0.5480610865278004,-0.20722215707597091
815.0,0.07362031134164741,0.8492406316202215,0.45699047431350986,0.25402776570674224,0.15880802958556925,0.5480558343402248,-0.20750924451586736
816.0,0.07229389377243614,0.8491490187373034,0.45711138947003604,0.2544969833170281,0.15859398441411357,0.548040410714859,-0.2076105739075867
817.0,0.07160238503434957,0.8494772740278353,0.4559756101634223,0.2556319665138252,0.15820314651897696,0.5480284138832747,-0.2076361490692978
818.0,0.07153850268822298,0.8498209426420392,0.4546608029873431,0.2568465734772949,0.15791522678346961,0.5480564352424264,-0.20767670231441593
819.0,0.07253508612250803,0.850253615610874,0.4529352864318566,0.25818031824042803,0.15773981419992092,0.5481059439406895,-0.20773818510111658
820.0,0.07447403367365354,0.8509231339940011,0.4501088908514595,0.260356341806133,0.15744919390130788,0.5481602358419471,-0.20772915639929862
821.0,0.07668677704452287,0.85160250410348,0.4471107449504202,0.26264861503744175,0.15718815487178983,0.5482296646827559,-0.20766251172800548
822.0,0.078467075463942,0.8514440175984911,0.44550421818950825,0.2653525853260741,0.15691835896750586,0.548266004561206,-0.20759850022388465
823.0,0.07933396187694515,0.8509439107712761,0.44558856547623016,0.26655471020229504,0.15698508627608024,0.5482839955618453,-0.20761097298501957
824.0,0.07972963440803213,0.8505918617045576,0.4472883311158527,0.2647070438177492,0.1575099129168332,0.5482948090309618,-0.2076755472455211
825.0,0.07913992313186981,0.849896905184999,0.45028772034961095,0.26201735062013176,0.15801662736121103,0.5482554187343148,-0.20773728462476368
826.0,0.07667992784830674,0.8488224647217208,0.4545772912307411,0.2588051358575471,0.15859612311625162,0.5482003617569708,-0.20782396263224845
827.0,0.07354236647780198,0.8475203188633843,0.4599862249287809,0.25438848700819966,0.15931395799738818,0.5481144914104479,-0.20797251003738354
828.0,0.06740890070693449,0.846672450482996,0.46889226896236563,0.24236716321714377,0.1618735961933287,0.5478763938489588,-0.20884855363141713
829.0,0.07116994792495002,0.8444068533136885,0.46666670732898996,0.25324709052613803,0.15828583124580722,0.5481229166713847,-0.2076211908470071
830.0,0.0729745212722356,0.8428885357008411,0.46601541348016384,0.2589271519715378,0.15597655121497622,0.5483044067061345,-0.20680355629486238
831.0,0.06678193985722958,0.8432437886625567,0.4729711628065324,0.24653268453566043,0.15860759196681815,0.5480479693187189,-0.20760905780054073
832.0,0.06086228510850945,0.8441718868099208,0.47899096143079883,0.23288895774327226,0.16180042649072332,0.5478426716184367,-0.20868356672741817
833.0,0.06717606652774247,0.8439092677283365,0.4717601704525656,0.24646879214750447,0.15822466611772262,0.5480550481867743,-0.20731443801016725
834.0,0.07167831179876105,0.8433009687923834,0.4669913625095907,0.25617330655816384,0.15593546877782835,0.5482431765037573,-0.20648064254078083
835.0,0.07240778253008456,0.8430715295636831,0.4664084604397211,0.25778024962839313,0.1559045414787125,0.5482429825660715,-0.20650467674016487
836.0,0.07295214481873895,0.8436707210578278,0.4650551870602725,0.2581111620686823,0.15604468920510173,0.5482688329107289,-0.20653651802091016
837.0,0.07328930727151764,0.8446019807674876,0.46341996229620563,0.2579110506912818,0.15619640416997932,0.5482815413183304,-0.20660273562268017
838.0,0.06641140407529132,0.846795990460116,0.46943855571656923,0.24115040608748886,0.1607268635354135,0.5478685338459282,-0.20825571593381165
839.0,0.06675066528927949,0.8480133064065706,0.46704419734597763,0.24142804014092056,0.16081634216073323,0.5478794767506792,-0.20828905683243046
840.0,0.06939585632727696,0.84841136565306,0.46222297035160353,0.24845984672508778,0.15932180897731466,0.547993879156532,-0.20782603810906947
841.0,0.07120152146226055,0.8489672813368903,0.4590875680797716,0.2518402338696298,0.1588812998062739,0.5480423608205907,-0.20774276902260583
842.0,0.07343838578012979,0.8496147006927912,0.4560043268537306,0.25460109534600167,0.15860483532493153,0.5481096757604584,-0.2076697257061204
843.0,0.07583022750235961,0.8500537911963553,0.45318235693615605,0.25745694791835394,0.1582935590959073,0.5481479128958089,-0.20762135666813455
844.0,0.07817698611284793,0.8503886433472151,0.4504760657128724,0.26038208142698016,0.15793438178224797,0.5481873682415642,-0.20757885991494213
845.0,0.07980744609214209,0.8508105061167675,0.44835380732786273,0.26216620240639277,0.15774126947034864,0.5482402798438724,-0.20756066581385352
846.0,0.0806081051216992,0.8509277017863621,0.44725758768986007,0.26341038319534077,0.1575695658165773,0.5482753106647036,-0.20757888442219974
847.0,0.08071546874344122,0.8507558765447136,0.4476521714946992,0.26326219817178986,0.1576031890424305,0.5482822554023917,-0.20766932547575773
848.0,0.08033834335029545,0.8505491542456471,0.44839001033083037,0.26278943174195973,0.15764919975098005,0.548273470399543,-0.2077545998984698
849.0,0.0799297294358724,0.8505393900448635,0.44822087823315293,0.2632337908596106,0.15744583096151857,0.5482671406788054,-0.20773989770370488
850.0,0.0794198504493291,0.8506098954376217,0.4482434613427382,0.26312182064907785,0.15740170328532013,0.5482575266699705,-0.20772596286873263
851.0,0.07906008189001486,0.8504946144780863,0.44875314538868444,0.26273376010531624,0.15748356541993355,0.5482460045514314,-0.20773898877271846
852.0,0.07908596101953377,0.8503658790209149,0.4494973093973641,0.2618691494069772,0.15771314165700567,0.5482359675310671,-0.20776821102648763
853.0,0.07928046190864621,0.8501595536719544,0.4502196692751091,0.261238571152245,0.15790199893788306,0.5482265951555862,-0.20778538281205017
854.0,0.07941180273061423,0.8499363130497474,0.4508110689108529,0.26090498173459675,0.1580323677388736,0.54821422446143,-0.20779758287815742
855.0,0.07935053740086971,0.849954691872153,0.4511343898025245,0.2603041995746716,0.15820098156207893,0.5482177667231519,-0.20780047282491756
856.0,0.0793475442715479,0.8499882771767998,0.4510761504693021,0.26029637407748507,0.15821294388030466,0.5482242558126089,-0.20779288013827307
857.0,0.07936092113576437,0.8500131241755268,0.4506926886288275,0.2608747464634361,0.1580978372229333,0.5482293068839501,-0.2077880137190486
858.0,0.07963455006133208,0.8502401931596871,0.450005709696219,0.26123708315074534,0.15799408325488198,0.5482381006618562,-0.20776855817637366
859.0,0.0798864593150204,0.8503895794238918,0.449223874293674,0.26201837261907346,0.15785626599489913,0.5482496366749251,-0.20773905476562515
860.0,0.08036125798809551,0.8505679339291823,0.4485011710574872,0.2625318219684529,0.1578094022389352,0.5482644777084262,-0.2077296500001069
861.0,0.08093503692411573,0.8505620092356067,0.4478331438134414,0.26351330809913476,0.15770811109395091,0.5482770233942478,-0.20772543530394466
862.0,0.08136859479386437,0.8505771438929116,0.44735418484069106,0.2641437248426879,0.15769962885200844,0.5482845600124231,-0.20773768756472705
863.0,0.08174744563270979,0.8506042241639544,0.4469739486122987,0.2645828759177256,0.15770103891410447,0.5482911606047839,-0.20774648412275437
864.0,0.08213807693601508,0.8505819468307666,0.4465616379169192,0.26522894182911977,0.15761620874621257,0.5482936455640867,-0.20774171094784197
865.0,0.08231108638528362,0.8505667123484394,0.44612572795652955,0.2659567403885418,0.15750494895979167,0.5482992579473502,-0.20772729301033632
866.0,0.08235610520735126,0.8506188226608439,0.4457520841275964,0.26640227094763974,0.15742995589095066,0.5483080047124371,-0.20771252901802892
867.0,0.08236652680193274,0.8507343942927208,0.4454610268126626,0.2665168272754885,0.15743419458454833,0.5483145373051572,-0.20771282016084947
868.0,0.08248202147918295,0.8507815218188122,0.4451434991295645,0.2668609814998453,0.15740408052524377,0.548319448598165,-0.20770477479694083
869.0,0.0826434058557276,0.850763272584469,0.44483148821351787,0.26738898366177505,0.15735873140115378,0.5483229796239254,-0.20769727236273766
870.0,0.08291817902861987,0.8508865693228486,0.4445530513477739,0.26737465524980963,0.15740435351789792,0.5483295737766775,-0.20769708368195064
871.0,0.08316322983930288,0.8509158496452213,0.4443270043445183,0.26758102928920957,0.15738685743042935,0.5483328874805136,-0.20769889016025367
872.0,0.08313853758553431,0.8509391843092372,0.4441791959309521,0.2677598365651606,0.15737280300040826,0.5483354748941922,-0.20770089285890775
873.0,0.08320489119319577,0.8509630803224119,0.44394634850829034,0.26804928960151475,0.15729710905309552,0.5483373078365001,-0.20769040373534736
874.0,0.08322465913436114,0.850989000538138,0.44374780189973495,0.268289517842617,0.15723696965142225,0.548340718700656,-0.20767891260481536
875.0,0.08340908919384823,0.8510160721635432,0.4434998696151694,0.2685562034482078,0.15717990402305995,0.5483457854020599,-0.20766680059904663
876.0,0.08361446980559782,0.8510331298282978,0.44325466894812565,0.2688429482606301,0.15715522740665103,0.5483519541477206,-0.2076667547624213
877.0,0.08388496937295357,0.8511371237316578,0.4429420037281166,0.2689447710077675,0.15716291020566953,0.5483698511655462,-0.20765936601033402
878.0,0.08410387712650381,0.85124873086403,0.4425680059410011,0.26913880465676865,0.1571579020927838,0.5483839539787551,-0.20766142478984173
879.0,0.0843261414681815,0.8514437276477363,0.44205079676739567,0.2693023831898375,0.157131091719833,0.548404250060109,-0.20765327677617557
880.0,0.08445789860179095,0.8516197132234361,0.4413878640626454,0.2697915507780365,0.15701356243635703,0.54842678791854,-0.20763037298588377
881.0,0.08455531033896495,0.8517414074525796,0.44062290864712966,0.270625990436106,0.15683183895252784,0.548442096988375,-0.2076064633440371
882.0,0.08458114096907124,0.8517983084685792,0.44014073600923526,0.2712227954794473,0.15670851212327672,0.5484552586280871,-0.20759999445722965
883.0,0.08444654261492433,0.851625782717882,0.4407710601989812,0.2707825329329915,0.1568222265479196,0.5484543351925824,-0.2076578525420587
884.0,0.08371337101690061,0.8510238184067307,0.4430182010445619,0.2692311377992053,0.1571705413811623,0.5484102601283027,-0.2078167296576306
885.0,0.0827349636817076,0.8503061745808641,0.44528063209922625,0.2680662118424419,0.15738071681841057,0.5483671687437367,-0.2079764556713044
886.0,0.08199120305619281,0.8504035635590702,0.4453616565672726,0.2678511089525064,0.15731925279166978,0.5483801674340635,-0.20800129077902368
887.0,0.08209391267028696,0.8510119487369968,0.44317916111860195,0.2695022889690448,0.15688685528071786,0.5484300484820114,-0.20791166561273938
888.0,0.08282130447864221,0.8515292577046,0.4408320728840592,0.27148782351010237,0.1565040926890458,0.5484763687255316,-0.2078475437480395
889.0,0.08385786316771401,0.8518495480238691,0.4389596428392435,0.2731934081835038,0.15635332298528087,0.5485272020475542,-0.20784238653503917
890.0,0.08523780577715616,0.8517786502818526,0.43779190697758297,0.274856132504357,0.15629760668379966,0.548579293073527,-0.20789776508968733
891.0,0.08701258498924488,0.8513237527925185,0.43769818656660986,0.2758568024556467,0.1563322778799421,0.548613722053122,-0.208030833465343
892.0,0.08845958527118544,0.8507465088144125,0.4387226629028924,0.27554982229922304,0.1565692885107993,0.5486185685618967,-0.2082564752709306
893.0,0.08953085008972461,0.8499836878810253,0.44041127976338146,0.27486335127761874,0.15684185888759727,0.5486012747148032,-0.2085298275001391
894.0,0.09062177386223955,0.8491050850864859,0.4416575190523617,0.2752215188658867,0.1568961796844861,0.5486039124975483,-0.20876940523926976
895.0,0.09194592687462155,0.8486458551979187,0.44165890959647014,0.27619479821426235,0.15679736547902956,0.5486269615148851,-0.20896110150232372
896.0,0.09360957943714719,0.8487189865693106,0.44070616024875264,0.2769321375231915,0.1566831627534198,0.5486352148685655,-0.20911606486633916
897.0,0.09502184238300432,0.8489391986029404,0.43893831870079836,0.27857896353036604,0.1564192874448207,0.5486708708540977,-0.2091935143927623
898.0,0.0956624460615794,0.8494809269248969,0.4357409037930104,0.2817103405379079,0.15595755743707718,0.5487153241806269,-0.20921635060811095
899.0,0.09644603042959556,0.8508116050071399,0.43132323757856605,0.28421477921510674,0.15564665987648493,0.5487926625689183,-0.2092140855212734
900.0,0.09777116850578553,0.8518851098928177,0.42765724344297856,0.2860801291293538,0.15547162804656792,0.548826848596061,-0.20929839669598221
901.0,0.09976507918975362,0.852446914833179,0.4246898501941333,0.2881314240199109,0.1552979734033132,0.548872014466098,-0.20937859937885528
902.0,0.10243889213953031,0.8516835697836064,0.4239703994911177,0.29050037985038957,0.155059814338002,0.5488846025717119,-0.20948747920469618
903.0,0.10587865220440108,0.8495501460005005,0.42614905750459303,0.2923204427094604,0.15485448353053818,0.5489089910015541,-0.20965055063601457
904.0,0.10876434437069425,0.8465651717165249,0.429406942072317,0.29513963734186166,0.1544849791812253,0.548942290300589,-0.20984875821700227
905.0,0.11123173550620863,0.8444441879921938,0.43175381891142267,0.2968672333516847,0.1542853805237496,0.5489526589504445,-0.21000080980636965
906.0,0.11281525302984116,0.8437944777032822,0.4321485635907792,0.2975419584994437,0.15426244238166859,0.5489720272196186,-0.21003475166687746
907.0,0.11319905234723057,0.8437307112487047,0.4321620320666335,0.29755745576859877,0.15432593398561767,0.5489775227906141,-0.21000971326116286
908.0,0.1126208594861018,0.8438032123900023,0.4329964885044406,0.2963557350748393,0.15454018959711416,0.5489534939514159,-0.21000296607621272
909.0,0.11154620249092904,0.8439332338632205,0.4342357448855851,0.29457335139941004,0.15477040205181197,0.5489206438493643,-0.21001319854403194
910.0,0.11032726834005743,0.8439793931943236,0.43559825161771076,0.29288366446689335,0.154937960400029,0.5488756609244588,-0.21003040834566983
911.0,0.10939946993451301,0.8440917916631222,0.436384803944338,0.2917346501728064,0.15504654540898372,0.5488528342369413,-0.21001677830860616
912.0,0.10891887506119455,0.8441835545785069,0.4368786576453986,0.290908651175168,0.15518821678321937,0.5488320988639513,-0.21000622902067273
913.0,0.10915150569892226,0.8441645035368494,0.4369094407693548,0.29083050104597435,0.15523831945618263,0.5488257527411182,-0.21000038401333304
914.0,0.10973391306317798,0.8441073488355347,0.4364498255112187,0.2914666392177923,0.15518216854382758,0.5488483430448794,-0.20998814914224684
915.0,0.11051817551783497,0.8439282647805516,0.4357773082568665,0.29269259367653333,0.15499631758976667,0.5488769872594516,-0.20998592450445525
916.0,0.11097343768379227,0.843834895080272,0.43513956408187465,0.2937364903176721,0.154845986908487,0.5488998769678484,-0.20998478371388798
917.0,0.11121695705737213,0.8439183934646596,0.4346944458966016,0.2940633815040101,0.15480357581622042,0.5489061267028678,-0.20999498565726477
918.0,0.11135837266501875,0.8441826527981838,0.43438655019092315,0.29370612279155534,0.1548720892464015,0.5489071202092821,-0.2099919743076058
919.0,0.11141958750598066,0.8441477537190569,0.43416981098827295,0.29410341826893927,0.15479704709536943,0.5489120593025391,-0.20998531524057307
920.0,0.11146242583178549,0.8439617288795095,0.4343753966165352,0.2943174181536502,0.15477941895499936,0.5489115099175669,-0.20999509011660666
921.0,0.11149930205930103,0.8437026364479844,0.434757314276947,0.29448233321152745,0.15480134668262455,0.5489132705547801,-0.20999758938520308
922.0,0.11164745008139156,0.8434094889423306,0.43508871132884447,0.2947763459414026,0.15480640597960993,0.5489101701881299,-0.20999496336007148
923.0,0.11162200388357588,0.8432223063186708,0.4354349757800228,0.29481019697949323,0.15486739445457168,0.5489006559530497,-0.2099953047444238
924.0,0.1114882543823939,0.8431058830617443,0.43568927144721337,0.29481807581496666,0.15490933304496513,0.548892737414945,-0.21000062549420342
925.0,0.11151722959505332,0.8431144498204559,0.4356121840673355,0.294896519307163,0.15486610320209593,0.5488971180338257,-0.2100018039334877
926.0,0.11157330863537562,0.843304885057067,0.4353125786302483,0.294773178096865,0.15482098835226152,0.5489060686691675,-0.21000506087857695
927.0,0.11158735665055115,0.8435552035207828,0.4349649271540348,0.2945647511068467,0.15480181873346402,0.5489166486492831,-0.21000726329875574
928.0,0.11166464953161037,0.8437127213582251,0.43458851005313165,0.2946399103873739,0.15477814047578664,0.548923520142877,-0.21001712740771306
929.0,0.11187284248784615,0.8437887299676441,0.4342482044759027,0.2948449477314039,0.15475917630097544,0.5489281521744861,-0.21002467960164836
930.0,0.11236080529624155,0.8435987772910676,0.43388086000941567,0.2957423738724054,0.15461476005795502,0.548943338583064,-0.21002787635206727
931.0,0.1129323829782559,0.8434093800911308,0.4337038577035354,0.2963239076791118,0.15453112506062797,0.5489552900177772,-0.21003093744173698
932.0,0.11304857301075646,0.8432567834989569,0.433780884312778,0.2966010142060364,0.15454489153745915,0.548960325460115,-0.21003424837541668
933.0,0.11302633171440415,0.84304697336806,0.4338836872214087,0.29705520530247204,0.15449955858887252,0.5489576282712235,-0.2100329931974771
934.0,0.11291992504456072,0.8430920912953485,0.4340159662271221,0.2967742528978957,0.15455903944118965,0.5489488920624861,-0.21002849852063235
935.0,0.11278353282863307,0.84312645333403,0.4341520900106268,0.29652929223008806,0.15458527009340317,0.5489406140785913,-0.2100284214583222
936.0,0.11258234511639206,0.8432521078753977,0.43426445332896746,0.2960835738548914,0.1546480881871155,0.5489342517748019,-0.21003374675451114
937.0,0.1125003127893936,0.8433307824177052,0.4341801973537755,0.296014234919313,0.1546441515509362,0.5489383936850941,-0.2100359335455435
938.0,0.11273467728376042,0.8434527647941893,0.43389528260199395,0.29599528684507886,0.15462392358792834,0.5489434840714122,-0.2100363215404914
939.0,0.11278895822365902,0.8435191230129333,0.43349981252231506,0.2963647289362069,0.1545577739294326,0.5489498993995716,-0.21003769219566065
940.0,0.11283990159393507,0.8436162186110769,0.4329797745470859,0.29682881790313687,0.15446809576830753,0.5489623070142293,-0.21003596233955502
941.0,0.11299297163526319,0.8437363026147019,0.4324813272660378,0.29715575306110276,0.15438088125394384,0.5489661191545746,-0.21004395944431264
942.0,0.11300460584389363,0.8438024742456848,0.4321163844763009,0.29749415755953335,0.15430930499146897,0.5489701675871637,-0.21005198176555792
943.0,0.11291240845305789,0.8438198345311668,0.43194868506292966,0.29772337553764583,0.15426413778397913,0.5489741431604069,-0.21005146512840855
944.0,0.11282721049980045,0.8438584954044099,0.43207159736675793,0.29746763698523165,0.15431105437396525,0.5489709705254815,-0.21004864290726824
945.0,0.11293194120229222,0.8438229622716679,0.43237238948717854,0.2970914031211559,0.15437628054267385,0.5489677386932033,-0.2100431482685345
946.0,0.11283146304703359,0.8436320527097065,0.4329146444601205,0.29688201562142563,0.1544389966632824,0.5489626215472607,-0.21003847306753723
947.0,0.11274707041565364,0.8434577459077615,0.4335093457241545,0.296541356560432,0.15453001537028505,0.5489518361298247,-0.2100408485455975
948.0,0.11265248508735391,0.843323207487443,0.43395329287280143,0.2963105211118687,0.15458398917728886,0.5489463883122826,-0.21003453868336147
949.0,0.11245326216971718,0.8432505181237793,0.4342345947648618,0.29618093156171094,0.15460616240421896,0.5489353280261531,-0.2100312516770273
950.0,0.112349361485046,0.8433811939242218,0.4341620348068742,0.29595457462457164,0.15463932155405935,0.5489349092879223,-0.21002710244145292
951.0,0.11236904553647939,0.8435581034348933,0.4338536525409577,0.29589513668091344,0.15464650642954336,0.548939671380258,-0.2100287176312189
952.0,0.11253770255178257,0.843530433971001,0.43344266023859307,0.29651160644122,0.15454277008554437,0.5489438540251353,-0.21004437478742957
953.0,0.1129394093483511,0.8435893194948236,0.4329364541645542,0.29693059206779077,0.15449029188034857,0.5489595457331276,-0.2100511367633832
954.0,0.11338420471804347,0.8434850018461508,0.4324189306117487,0.2978102453402957,0.1543560653268225,0.5489830661605504,-0.2100483480640534
955.0,0.11366395941746041,0.8432923549774504,0.4321155331242756,0.2986882562118152,0.15423909847726958,0.5489942438920821,-0.2100553928167757
956.0,0.11389846267191162,0.8431748705090523,0.43198805159752807,0.29911469576065514,0.1541805582971149,0.5489955759819675,-0.21006686904155875
957.0,0.11394429607587714,0.8432691930152759,0.4320122863394698,0.29879616790528285,0.15422429122691067,0.5489946191763881,-0.21006685009882553
958.0,0.11369505541048819,0.8433250662054884,0.4322352485193657,0.2984107186783289,0.15427357892050333,0.5489841498085007,-0.2100737237214944
959.0,0.11333546288260035,0.8432587138094565,0.4325239092499988,0.29831674838115735,0.15427901906510993,0.548970167684165,-0.21007528916865248
960.0,0.11322356370248945,0.8433182256561792,0.43276379355597394,0.2978427334780293,0.1543559002483023,0.5489656367146719,-0.21006561061079038
961.0,0.11320315568390373,0.8433440332298252,0.4329695886370129,0.29747810419315424,0.154440638915035,0.548963479237059,-0.21005254146060376
962.0,0.11336581730165714,0.8430804935040099,0.43304877889784,0.29804735871275867,0.15435898348703508,0.5489636822827958,-0.2100471924386874
963.0,0.11348295066002365,0.8428644686846116,0.43309836456330975,0.29854131029237513,0.15430406867102375,0.5489615611374871,-0.21005607958652175
964.0,0.11356784012026712,0.8429295814149896,0.43300094235347275,0.29846649793062635,0.15432784069649144,0.5489629765120889,-0.2100598191542421
965.0,0.11357246915278421,0.8431383197762214,0.4327427330175046,0.29824955154368754,0.1543486640298758,0.5489664773648286,-0.21005890294602442
966.0,0.11344245588424631,0.8433100970898907,0.43240122627384237,0.29830868050740245,0.1542985903183756,0.5489753194069756,-0.21005246837836117
967.0,0.11334772594141425,0.8434156520902764,0.4321571413326404,0.2983999598328466,0.15424961053564734,0.5489810122632656,-0.21005339059618244
968.0,0.1133459248407732,0.8434067804753216,0.43210479579586947,0.29850150656311975,0.15422914988049566,0.5489791951518783,-0.21006134297659876
969.0,0.11359559612161206,0.8432753909288002,0.43212739474051615,0.2987449921093725,0.15420613003909522,0.5489876094215538,-0.21005733245466573
970.0,0.11385632128196217,0.8429242615373893,0.43244906441866027,0.29917091118491235,0.15417268302230228,0.5489836878645952,-0.2100639170985046
971.0,0.11396175374484813,0.8425494345538409,0.4328797288889588,0.29956353138094616,0.15417448025981867,0.548983000820077,-0.21006731472555634
972.0,0.11389167319065578,0.8423756759394175,0.43330103885705507,0.2994697264980871,0.15425393022837133,0.5489793510663834,-0.21006580814900852
973.0,0.1137988030663906,0.8422793541870717,0.43350679811562415,0.2994781760302503,0.15425448081818602,0.5489720157818369,-0.21006993681308322
974.0,0.11366986110482283,0.8423367880059744,0.433339029640744,0.2996083837915867,0.15418422432302797,0.548970722272591,-0.21007080475098447
975.0,0.11365562861526542,0.842743578645118,0.43289470627117765,0.2991117383502015,0.1542043455936468,0.5489696591825192,-0.21007441287225725
976.0,0.1134591482417373,0.8431678238794129,0.4323481136541396,0.29878110896511195,0.15421830053050628,0.5489744848089705,-0.21007487764712574
977.0,0.1136637088788058,0.8432992053201598,0.4316687997310037,0.29931431460773084,0.15407728781854585,0.5489901386509117,-0.21006896541851672
978.0,0.11404401749213791,0.8432535020758621,0.43118376480265025,0.2999967571185724,0.1539669518303233,0.5490026367079226,-0.21007555533125355
979.0,0.11445256665888125,0.8430926294572525,0.43094774036696865,0.30063179008989444,0.1539078924200471,0.5490193477438106,-0.21007623982776752
980.0,0.11492831767969833,0.8426675236080373,0.430971919000838,0.3016059208376839,0.15378942922246774,0.549030181984232,-0.210078470988443
981.0,0.1152129348589964,0.8422547701314409,0.43129226870061527,0.30219176162014466,0.15374412467563686,0.549026404023612,-0.2100878961596738
982.0,0.11507768492870311,0.8420759771958416,0.4317557212922936,0.3020797447570591,0.15381195569344056,0.5490189585692642,-0.21009323502865407
983.0,0.11477491995680188,0.8421478164004632,0.4321161557617619,0.30147869080669387,0.15388619835816203,0.5490077987855839,-0.2100887042490278
984.0,0.1141550751377584,0.8425286874698416,0.4324570341205572,0.3001581970399779,0.15405692425032538,0.5489909259373289,-0.2100830109950561
985.0,0.11343170483092915,0.8428945337066823,0.4325903597000039,0.2992116877415798,0.1541567326246009,0.548986089771618,-0.2100714181527695
986.0,0.1130206928910854,0.8431734494435804,0.4325268957160654,0.2986726328508468,0.15420725781133693,0.5489833540032371,-0.21006467650180882
987.0,0.11307584194374222,0.8432060616901947,0.4322975417796366,0.2988916641007387,0.1541776318095668,0.5489831671326021,-0.21007280860701844
988.0,0.11367852978624225,0.8430280185461514,0.43182068744546376,0.2998530401812114,0.15406123841304226,0.5489979406755553,-0.21008329943368298
989.0,0.11459865440886059,0.8427290072618535,0.4312038452858939,0.3012278415714394,0.15389651303937232,0.5490173903554659,-0.21010025031338814
990.0,0.115426981942042,0.8424188969775805,0.43059855271401026,0.30264153755792955,0.15372503539893986,0.5490360257748585,-0.21011552865089148
991.0,0.11597698310830754,0.8421739111867537,0.4300725003715555,0.30385866308147225,0.15355417247720998,0.5490506347219271,-0.21012184364787675
992.0,0.11622039211747158,0.8421756339618466,0.42974251604410374,0.3042275331410787,0.15350321850305151,0.5490531740845694,-0.21013220593238796
993.0,0.1162155802362683,0.8422381463813597,0.42961432364497093,0.30423736885779307,0.15349699858532298,0.5490506626626703,-0.21014188934052958
994.0,0.11616664841243167,0.8423388193028,0.42954375645217735,0.3040769385947248,0.1535033459984202,0.5490564575915639,-0.2101306756572152
995.0,0.11598627694541072,0.8423706234595582,0.4296973843532446,0.30384054069968636,0.15353189161934191,0.5490510382273115,-0.2101257656535233
996.0,0.11582175992205,0.8423124470697697,0.42995443243589115,0.30370091779351943,0.1535579173491538,0.5490447100277968,-0.21011761839277093
997.0,0.11568261623449987,0.842224316294305,0.43028305389564553,0.3035329090460679,0.1536055398843923,0.5490402722415927,-0.21010405184520614
998.0,0.11564679611034852,0.8421602719172668,0.4306474315500298,0.3032073294843134,0.1536741680963151,0.5490319904414122,-0.21009600688536886
999.0,0.11562283787016023,0.8420621094407245,0.43097047229275715,0.30303005662614685,0.15371902966300313,0.5490231692876222,-0.2100986543370414
1000.0,0.11564633787528364,0.8419585997295898,0.4310655651963413,0.30317341469756753,0.15369122069636204,0.5490196912687728,-0.21010052459685824
1001.0,0.11575401167872837,0.8419700421237918,0.4309190426308521,0.30330881234222484,0.1536620849867928,0.5490240184331964,-0.21010237084459538
1002.0,0.11587736069078636,0.8420322809936434,0.43061035668311737,0.30352725703174954,0.1536209680527831,0.5490331011059778,-0.21010343121533637
1003.0,0.1161200281391418,0.8420865862689322,0.4302059329628039,0.30385716304623245,0.15356325996035747,0.5490441845389771,-0.210105303741185
1004.0,0.11656210504443906,0.8420550435917733,0.4297543686323687,0.30441380039456134,0.15346320338541064,0.5490625758102075,-0.21010476728572697
1005.0,0.11680938599396053,0.8419231943308015,0.42952830358609,0.3050021944347104,0.15338721767160773,0.5490742300929021,-0.21010982886441384
1006.0,0.11697414053029222,0.8417535134722018,0.42949082966986984,0.3054598177074852,0.15335726050466975,0.5490805003304098,-0.2101191058620033
1007.0,0.11722078840743826,0.841661693270388,0.4295192098777989,0.3055783519693653,0.15337119118779768,0.5490838604004995,-0.21012082551602193
1008.0,0.11739598648529653,0.8415677814229792,0.42956004636855,0.30571231279063327,0.15337407054830532,0.5490875010443268,-0.21012043071519815
1009.0,0.11743524959694893,0.8414700984777611,0.4296157350799757,0.3058878155331156,0.1533643000655512,0.5490882430427606,-0.2101190470586267
1010.0,0.11744212490861239,0.8414347580211438,0.42969993404458506,0.3058641233831265,0.15338645558541478,0.5490831707516166,-0.21011947447270174
1011.0,0.11743857343305408,0.8413950603860745,0.4297595420402313,0.3058909443793558,0.15340519079682763,0.5490820709897153,-0.21011918936694823
1012.0,0.11747531508492137,0.8413962784841428,0.4297632852384209,0.30586822580943723,0.15341985967614216,0.5490814700255645,-0.21011321988883264
1013.0,0.11754171406624511,0.8414285090173248,0.4297663495295496,0.3057497252317582,0.15343228956698485,0.5490783047680415,-0.2101095580674061
1014.0,0.1174288931024229,0.8414715150024594,0.42971757052781784,0.305743281338896,0.15341349386257233,0.5490795842751158,-0.2101009829828024
1015.0,0.1172408371234034,0.8415232487623484,0.42964675583802325,0.30577258395894186,0.15337131409312627,0.5490755411643897,-0.210091153852406
1016.0,0.11711846848542953,0.8416616206718108,0.42958103032801076,0.30553088061610584,0.15337999838445418,0.5490716374991345,-0.21008614850266066
1017.0,0.11710562455701688,0.8418302568588417,0.42953017843282476,0.3051424538630329,0.15342842880609017,0.5490691689331667,-0.21008541980196077
1018.0,0.11714718129144623,0.8418375181391936,0.429478797417186,0.30517878946250465,0.15342622901277433,0.5490706657503256,-0.21009093221478709
1019.0,0.11735652388251366,0.8417719041160111,0.4293273065598766,0.30549234292394273,0.1533686008479678,0.5490793661369593,-0.21010232425501837
1020.0,0.11761229098992351,0.84175329578364,0.4290812237377289,0.3057908459735417,0.15330861079976668,0.5490901136532294,-0.21011407878103947
1021.0,0.11765479201164562,0.8418486328122439,0.4288069842136102,0.3058967140040588,0.1532879608735593,0.549095987061575,-0.21012731790411987
1022.0,0.11763781202815163,0.8420063605822995,0.4284700298626784,0.30594128101590934,0.15326609603535243,0.5490987046974379,-0.21013909239938877
1023.0,0.11756209334280843,0.842308939013261,0.42804482504076335,0.30573261720502387,0.15329395061284065,0.5491035554531908,-0.21013455847775983
1024.0,0.11760418139118481,0.8426728577200927,0.42752575587622765,0.30543974764856957,0.1533353065302129,0.5491111019512783,-0.21012540186527306
1025.0,0.11768026783111765,0.8428329940875127,0.42708266371128956,0.30558844382264305,0.15330053805777183,0.5491217579248967,-0.2101185729939404
1026.0,0.11786271235975963,0.8428954354803582,0.4267769044559491,0.30577301990950057,0.15327699675552095,0.5491286734457854,-0.21012359798622562
1027.0,0.11810886650661612,0.8429374101552753,0.4265734823991593,0.30584617428879785,0.15328376725483078,0.5491343935755971,-0.21012303903476393
1028.0,0.11816962022800537,0.8429005879022724,0.42647991969723603,0.3060545994822031,0.15327961770790038,0.5491374433571055,-0.2101210736113699
1029.0,0.11821496925507928,0.8428316842314704,0.4264824014090823,0.30622334069744933,0.15325266604202487,0.5491341252522561,-0.21012118171906413
1030.0,0.11817757715074051,0.8427705640465767,0.42662322298207844,0.30620983368889265,0.1532374273826879,0.5491296887634789,-0.21011670459677734
1031.0,0.11792313103805457,0.842745503797987,0.4269647157516516,0.3059007723062666,0.153287868906257,0.5491197915043751,-0.21011104221632673
1032.0,0.11768944951155888,0.8426479215145947,0.42740385837133266,0.30564622636325434,0.15333419698526715,0.5491101115102217,-0.21010473685785072
1033.0,0.11753403973942082,0.8422870202444626,0.4278336076822928,0.30609921458211964,0.1532639796188236,0.5491092449725837,-0.210107001246432
1034.0,0.11771637675200476,0.8419571140073034,0.4281721126859638,0.3064632355355386,0.15321778186336044,0.5491023372763455,-0.21012692805491842
1035.0,0.11801361821160677,0.8418339824488743,0.4282541138793754,0.30657257844801494,0.1532191555799759,0.5490992177735607,-0.21013896593682174
1036.0,0.11805547849254443,0.8418111418408086,0.42810348961662814,0.3068294439075813,0.15318470217941027,0.5491008453774853,-0.21014474351986265
1037.0,0.1179785798409552,0.8421033208160589,0.4276670378413884,0.3066658711256435,0.15320232332210282,0.5491111457855719,-0.21013265414062937
1038.0,0.11798365799787981,0.842624206745031,0.42707635431660873,0.3060556979315711,0.15326955528900926,0.5491223693253244,-0.21012386608522185
1039.0,0.11799898897642763,0.8429210021068329,0.4265324064616506,0.30599106040174917,0.15322984120398037,0.5491282017513267,-0.2101333633275077
1040.0,0.11813767671576555,0.8431183326033284,0.42606813874477684,0.3060406961744573,0.15321405955298695,0.5491350080999676,-0.21013884467918736
1041.0,0.11843023866874243,0.8431131397222578,0.42575335431540484,0.306379818992248,0.15318113659241284,0.549141681721208,-0.2101413934117765
1042.0,0.11894228768302706,0.8428653880284228,0.4255526820144,0.3071409850455897,0.1530846900756099,0.5491539709057384,-0.21013498591117888
1043.0,0.11930061247864668,0.8425768756675788,0.42567425514357915,0.3076247729953499,0.15306876793782198,0.5491609191743755,-0.2101279058881625
1044.0,0.11939155230954851,0.8422280674211791,0.426077558857275,0.3079861255370566,0.15306027260707503,0.5491572012989989,-0.2101275456659285
1045.0,0.11918828430603756,0.8420380579695917,0.4265310824544105,0.3079566487596111,0.1530849971820232,0.5491481492869924,-0.21011963500939007
1046.0,0.11871376842978743,0.8420779194451551,0.42699640055730137,0.30738557656342014,0.15315481485849844,0.5491319779025065,-0.21010712201963824
1047.0,0.11797138389838151,0.8422852318478108,0.42741895856420786,0.30651488487848083,0.15324650006352533,0.5491172659473055,-0.21009505339402385
1048.0,0.11732498763026532,0.8425836530523981,0.4276487049090299,0.3056210399760848,0.1533293664871884,0.5491055567121054,-0.21008559669924615
1049.0,0.11694273314752612,0.8427820046514858,0.4276627277538034,0.3052007226233022,0.15332646394633825,0.5490997419518179,-0.2100852941484288
1050.0,0.11675771678939453,0.8428777769494463,0.42760231102788626,0.3050917112910441,0.1533188091773689,0.5490955322744867,-0.21009208994898929
1051.0,0.1169575828189104,0.8428592829918846,0.42742998494469775,0.30530764953688844,0.15329575166560297,0.5491025041271138,-0.21009226019122038
1052.0,0.11740723298795055,0.8427472934240803,0.42721871178114246,0.3057396169497195,0.15326029209671144,0.549114002303973,-0.2100908142367623
1053.0,0.11785278263749681,0.8426176855878845,0.427022410271205,0.30619931202614836,0.15322980893115454,0.5491218830294341,-0.21009548896727695
1054.0,0.11815130466479873,0.8425784660949205,0.4269259577730342,0.3063266626637556,0.15325351586941408,0.549128088331011,-0.21009889755546135
1055.0,0.11825627007844887,0.8425358391057728,0.42690821747093466,0.3064281127201835,0.1532573700632012,0.5491329397177613,-0.21010544836200834
1056.0,0.11822652884950309,0.8424450845495752,0.4268515059336281,0.3067679241326419,0.1531915965562693,0.5491366176922894,-0.21011618686828387
1057.0,0.11822228762381139,0.8424887630868412,0.426743864033276,0.3067993632512066,0.1531665116605951,0.5491365901631209,-0.21012552099364326
1058.0,0.11829818741971486,0.8425948546668598,0.4266052951279123,0.30667143967277166,0.1531655096129128,0.5491391108728518,-0.2101293675761431
1059.0,0.11846562068662465,0.8426192148325082,0.42645007332485685,0.3067557505110611,0.15314788509179625,0.5491457099742634,-0.2101347830924196
1060.0,0.11863843278120291,0.84252836628725,0.42632973073966657,0.3071055762372295,0.1531085415052295,0.549149827212561,-0.21014441902707431
1061.0,0.1188181748915887,0.8424497845727789,0.42620944454139414,0.3074184626407895,0.15308969384354187,0.5491567211693357,-0.21014192252824587
1062.0,0.11904934823933012,0.8423535541156373,0.4261765892198076,0.3076381922868422,0.15309328626086705,0.5491590639726207,-0.2101402901169488
1063.0,0.11921437066549534,0.8421531524134792,0.4262421932986431,0.3080318073816912,0.15306069877064027,0.5491610741229751,-0.21013822159659018
1064.0,0.1193084401714238,0.8419223124358322,0.4263470066573083,0.30848102995308474,0.15299713091779363,0.5491647612806574,-0.21012781315145213
1065.0,0.11941210830860556,0.8417914851672613,0.4265030490657938,0.3085822305752093,0.15297338979173702,0.5491636904770852,-0.21011997078622463
1066.0,0.11915548000241953,0.8417605631570048,0.4268513519644237,0.3082840398482201,0.15302656441043738,0.5491531358906019,-0.21011829074232624
1067.0,0.11874832690183773,0.841754776409462,0.4272484653703677,0.30790660936156716,0.15307707572629345,0.549137061914746,-0.21011899922045163
1068.0,0.1184539888600995,0.8417840577344634,0.4275425981394758,0.30753142838314884,0.15309745245408865,0.5491242670713754,-0.210118571360775
1069.0,0.11809716428936742,0.8418610319300266,0.4277651525876362,0.3071482328391247,0.15312687969456168,0.5491180881536075,-0.21011058225852294
1070.0,0.11787298105782862,0.8419642153167851,0.4279574771466198,0.3066832538904458,0.1531797941453874,0.5491105037767545,-0.21010353449904962
1071.0,0.11769218916099532,0.8419302734684202,0.4281795175972924,0.30653590970395905,0.15318320109192457,0.5491038580964985,-0.21010070388550564
1072.0,0.11763228797034164,0.8418685266399846,0.4283608997192834,0.3064750695759288,0.15318404608839353,0.5491044841390567,-0.21008974609492248
1073.0,0.11770708286713659,0.8416866416931221,0.4285387431856518,0.3066972210945592,0.1531523109235613,0.5491072095566892,-0.2100849076062854
1074.0,0.11785075710873254,0.8415618635801427,0.4288032601256528,0.30661473043875004,0.15320228387263726,0.5491087300374675,-0.21008562538969086
1075.0,0.11806637368936113,0.8413048446754745,0.4291630182008622,0.30673375024301813,0.15320885065817405,0.5491089062686715,-0.21008963133577147
1076.0,0.11839923644029365,0.8409066514799833,0.42960157555450845,0.30708323071793014,0.15315586812210794,0.5491127882717148,-0.2100969595986693
1077.0,0.11859262838529822,0.8407355366610758,0.4301498494428669,0.30670939488734034,0.15326750665205296,0.5491144512353726,-0.21010053229018183
1078.0,0.11859951406591475,0.840744115895396,0.4308021544535197,0.3057662351679848,0.15350607537864897,0.5491083249128624,-0.21009816119323205
1079.0,0.11839209511634251,0.8407537250516721,0.4314471871026545,0.30490951176850395,0.15371717316354117,0.5491015431172318,-0.2100835681252059
1080.0,0.11793029312081545,0.8407382354298809,0.4320942666102574,0.3042140861518947,0.15388859403747132,0.5490874833945252,-0.21007098423766737
1081.0,0.11760850744205031,0.8406875063167324,0.43262658581676505,0.3037219006669365,0.1539960363055783,0.5490712192295348,-0.21007006603881548
1082.0,0.11748117062409302,0.8406790830206561,0.4330132514689676,0.3032431004534384,0.1540918587388899,0.5490548287937211,-0.2100801216653756
1083.0,0.11757229425362055,0.8406236660660072,0.4331419092230981,0.30317766103104543,0.15410967253681815,0.549047724574595,-0.21008882350364516
1084.0,0.11778722785583647,0.8405348403883937,0.43303796958003427,0.3034888267289194,0.15407267955350995,0.5490559879730568,-0.2100891500199341
1085.0,0.11810447629874497,0.8405532644440307,0.43288704128608946,0.3035298202767857,0.15409179142958931,0.5490627204615242,-0.21008963431057776
1086.0,0.11841458242571527,0.8404745967855984,0.4326986052680612,0.30389530405405013,0.15405146413964474,0.5490775500745142,-0.21008722936544444
1087.0,0.1185386665627733,0.8404034183942618,0.4326029780294527,0.30417978611473795,0.1540315646433436,0.5490883981619015,-0.21008915142232645
1088.0,0.11861507571001122,0.8404039633920781,0.4326449508577908,0.30408878411814966,0.15406239001511932,0.5490858776223575,-0.21009697303796387
1089.0,0.11863679342397898,0.8404752407721804,0.43276213456803814,0.303716340981411,0.1541366553660623,0.5490824787434336,-0.21009356396584405
1090.0,0.11838659955001646,0.8404110510116805,0.43311164317724804,0.3034932996438814,0.15419452489032576,0.5490673029816593,-0.21010103942486763
1091.0,0.11811198584338618,0.8403102047197536,0.43364059554045337,0.303123988729527,0.15429623419957578,0.5490483108428778,-0.21011477441170623
1092.0,0.11796939973067498,0.8401243838461215,0.434345577419604,0.3026849183067928,0.15442898962188625,0.5490218230547153,-0.21014132221456538
1093.0,0.11780500189648604,0.8396716816503111,0.4352319332628971,0.302731915778546,0.1545272873234733,0.5489942107307622,-0.2101780431164057
1094.0,0.11826467855790086,0.8391019684959277,0.4358945259740194,0.3031786841084655,0.1545371913726045,0.5489876913480125,-0.2101954498000258
1095.0,0.1194594581321572,0.8385932143136435,0.43632319866893665,0.3035011121448992,0.15452487007052265,0.548996611791884,-0.2102021491559546
1096.0,0.12036604325716789,0.8380405324965117,0.4368362958166801,0.30393113065419763,0.15453501315220425,0.5490021659222257,-0.21021212878638598
1097.0,0.12068634616366967,0.837457556711275,0.43750761081732653,0.3044449655253955,0.15453856512235034,0.5489945648418407,-0.21022472010573123
1098.0,0.12054581004740139,0.8370221043571011,0.43838402285544087,0.3044374369270415,0.15460113545746554,0.5489695777715494,-0.21024851642907716
1099.0,0.11996022470664289,0.8368804472837769,0.4394464464078309,0.30352509316688575,0.15478357441129958,0.5489258233578226,-0.2102704258093349
1100.0,0.1191056023800751,0.8368813384745672,0.44057203700210607,0.30222468629566185,0.15497915049488425,0.5488772946467068,-0.2102761594771759
1101.0,0.11822198547391187,0.8370227094896128,0.4416883633318045,0.30054606243726617,0.15522602542103558,0.548835484117027,-0.2102763967182308
1102.0,0.1173566486375199,0.8372512917759731,0.44279338682783737,0.2986163224299154,0.15554056792892856,0.5488005567859237,-0.21028877650404615
1103.0,0.11660906030199945,0.8373289805597479,0.4437794313938465,0.2972243624637997,0.1557756400137646,0.5487703428865195,-0.21030570889652467
1104.0,0.11617371977887049,0.8372764081239547,0.444541172895547,0.29640348991272136,0.15590891756340802,0.5487524142265416,-0.21030949147880268
1105.0,0.1159016741082823,0.8372626588096412,0.4452313805550121,0.29551152239969525,0.15607940223304004,0.5487457145521781,-0.21030599486130758
1106.0,0.11567763895247524,0.8371332228826314,0.44608479957518704,0.29467779451544135,0.1562705183237151,0.5487237201005676,-0.2103301586984005
1107.0,0.11563733773587359,0.8369401732071484,0.44706006654618924,0.2937625733361291,0.1564978554447123,0.5486932086179063,-0.21037192576174418
1108.0,0.11592614983122757,0.8365230493484967,0.4479598731592645,0.29346595668515946,0.15663226484476053,0.5486699661852076,-0.21041413055756222
1109.0,0.11627845644442962,0.8357844733769787,0.4489409321142905,0.2939314105386144,0.15668389121250045,0.5486372072615986,-0.21046903643380854
1110.0,0.11665232188046354,0.8349775435589816,0.44992911145284364,0.29456498810849907,0.15675530083811745,0.5486151445014827,-0.2105010081778845
1111.0,0.11748851072598433,0.8344516342633849,0.45080046969115783,0.29439065278773335,0.15698132254979938,0.5486140950887917,-0.21051318950237588
1112.0,0.11847650290454631,0.833912460379378,0.45182032917024667,0.2939586991943109,0.15722178444601875,0.5485962039201472,-0.2105520058324239
1113.0,0.11892431444203881,0.8331170899248828,0.4531243471550249,0.29402593070155963,0.1573444438870631,0.5485581143017397,-0.2106010854058795
1114.0,0.11878477556594819,0.8324402264064077,0.45455597629214417,0.2937895692009701,0.1575491426916937,0.5485219706889813,-0.2106420195137182
1115.0,0.11881546706518685,0.8316372447086754,0.45591429092081104,0.29394648719387373,0.1576435766323539,0.5484899672775942,-0.2106932218583556
1116.0,0.1167782316213461,0.8313542668551266,0.46019608775393933,0.28884682518098526,0.15908025208497745,0.5481703556064252,-0.21124171193682878
1117.0,0.11446843289027761,0.8312291063888816,0.46448573482073396,0.28321043891712117,0.16057562027156763,0.5478859205742457,-0.2117335874464101
1118.0,0.11343843964059402,0.8308585487114223,0.46694984141257667,0.2806486024369726,0.16124407977002977,0.5477931984829658,-0.21186433251333536
1119.0,0.1219855836927989,0.8277656131207818,0.46015073433609227,0.2969594396476701,0.1567340004685311,0.5485706158325001,-0.21057536229930396
1120.0,0.12943161064051212,0.8246059335433118,0.45418986314854126,0.3114226721760564,0.1527781752870669,0.5493758287745433,-0.20951840861983229
1121.0,0.129852814695826,0.8236035924690382,0.4551198734676151,0.31254002905625994,0.15259981299831382,0.5494052822339055,-0.20946411562774664
1122.0,0.13012656539612785,0.8229739167868336,0.4557441228159974,0.3131745580110588,0.1525436688807545,0.549410742405997,-0.2094189424405621
1123.0,0.1301926071363229,0.8232018201027306,0.4554648396194737,0.3129543549737017,0.15267538348025309,0.5494084313947799,-0.20933511826521184
1124.0,0.13033381935616553,0.8243282090474818,0.4537765813927333,0.31238263953063994,0.15289221769387956,0.5494320591427859,-0.2091936609345631
1125.0,0.13038350525337447,0.8255349373116049,0.45172137475490304,0.31215382173747014,0.1530864033201095,0.5494533104454228,-0.2090735104254116
1126.0,0.13069963342626564,0.8260494799585673,0.4506094279908919,0.31226752294809895,0.15321450631458047,0.5494539943903797,-0.20901991282302823
1127.0,0.13158731767399015,0.8256962254738704,0.4504718920529058,0.31302650931804926,0.15314162465924155,0.5494800513996009,-0.20898331527232797
1128.0,0.13210754412947687,0.8251448726358801,0.45080234500537447,0.31378461033717225,0.15302693361045472,0.5495059217257483,-0.2089572855169363
1129.0,0.1320488316772866,0.8249663606733927,0.45116879080132455,0.3137520231278711,0.15302207906071566,0.5495033709921513,-0.20894770505541352
1130.0,0.13159955238346255,0.8250979362952582,0.4514412711803155,0.3132023818697412,0.15307070070585224,0.5494899853770339,-0.20893944837525072
1131.0,0.13073181499835956,0.8255536796623366,0.4516812911731412,0.3120165472332756,0.1532513835732643,0.5494662847008538,-0.208930960341955
1132.0,0.12977731969066672,0.8261310471360302,0.45188167234183757,0.3105934552648796,0.15349141870270278,0.5494402095805807,-0.20892422162021093
1133.0,0.12927680800318336,0.8264306470156392,0.45189722425676637,0.3099819209161233,0.15356223033182684,0.5494303296842166,-0.20891676231345965
1134.0,0.12932741117933289,0.8263163123987269,0.4518561463300073,0.31032530609864284,0.15346749028767315,0.5494352422760971,-0.20891683247910464
1135.0,0.12972250466852256,0.8259285630174696,0.45191396306492404,0.31110745822203856,0.15334040715524164,0.5494483311849165,-0.20892146631038871
1136.0,0.13041251496725742,0.8254771430318828,0.45206270700739476,0.31180021039919426,0.1532528053191773,0.549462190707737,-0.20892234852751385
1137.0,0.13114104030130602,0.8248970886220425,0.45232449259882995,0.31264896309884127,0.15314292750357253,0.549466196415761,-0.2089354018511106
1138.0,0.13181485458564374,0.8243067711032623,0.4526388720088357,0.31346649385611913,0.1530109627726787,0.5494717429118117,-0.2089555056251925
1139.0,0.13220722905914922,0.8239688853764837,0.4529977915116831,0.31367104648257604,0.15295968688445344,0.5494855242860458,-0.2089500769012787
1140.0,0.13187101119591133,0.8238429601330417,0.45364909440806495,0.3132017123007754,0.1530477259838341,0.5494738972695338,-0.20894322174825897
1141.0,0.1311837495423572,0.8238099333210643,0.4544685045107288,0.312388213646631,0.15318281973712874,0.5494546729760037,-0.20893320152903047
1142.0,0.12322441556229742,0.8263319095126266,0.4631655498408262,0.29575157171381466,0.15761455301962113,0.5485850060734185,-0.2100489141095417
1143.0,0.11933343354727108,0.8274297987208344,0.4672116273354702,0.28780680170760403,0.15967664583683602,0.5482826306725664,-0.2104660325816949
1144.0,0.12189191682339866,0.8264957625297709,0.46498227729940933,0.29298224678451995,0.15814025083753128,0.5486061923441652,-0.20989074872595198
1145.0,0.12594931515679364,0.8244889792531892,0.46208959512372616,0.3013766732511985,0.1557637810290482,0.5490173146972072,-0.20929283764918707
1146.0,0.12892813251702817,0.8229448194056296,0.4599227888055976,0.30758801861644264,0.15404751279072865,0.5493459024759166,-0.20883708103082144
1147.0,0.1288380003054181,0.8229775227354469,0.46013375728701883,0.3072225449970411,0.15420874056135783,0.5493530388284286,-0.2087504261726202
1148.0,0.12909284394307988,0.8231413196307314,0.45964243581336395,0.30741216104575836,0.15428552328773293,0.549375746969812,-0.20863634886908672
1149.0,0.1291692755473149,0.8240054390544724,0.45853327741634053,0.30672066797830444,0.15456768904110949,0.5493762826587664,-0.20850763700718425
1150.0,0.12567506376771942,0.8264256470209576,0.46046377590869264,0.298662919306834,0.15684119398585444,0.5490102481080701,-0.2088365726371323
1151.0,0.1261697389154558,0.8268734910118293,0.4593816128659453,0.298881181415958,0.15677325064530584,0.5490522477436462,-0.20864244591769682
1152.0,0.1288875937483743,0.8257206049492762,0.4572164656784849,0.30418181117948223,0.1552618862396807,0.5493480112742799,-0.20813086829066418
1153.0,0.1285260104004783,0.8254599570110158,0.45822637816390344,0.30352184497445883,0.15536018665561344,0.5493465908246045,-0.20801838089769636
1154.0,0.12812411257675357,0.8254684111868321,0.45930837383619794,0.3020296866750917,0.15559777775825934,0.5493277977083756,-0.20792925449486732
1155.0,0.1272288703487096,0.8252009659133361,0.46138355062361075,0.29996899776383285,0.15594551454272798,0.5492637376689846,-0.2079080322586585
1156.0,0.12594183121746408,0.8246947612987984,0.4640261290219055,0.2978203442024331,0.15626843776267083,0.5491898861714484,-0.2079124765967699
1157.0,0.1246474588498801,0.8244370656496156,0.46597436534896985,0.2960311244159028,0.1564161934643773,0.549158918489293,-0.2078651925915022
1158.0,0.12323278505692176,0.8247497906635889,0.4670112729086973,0.29411211206558496,0.15651411332796128,0.5491377386615137,-0.207783840584162
1159.0,0.12100752286086595,0.8258754823129759,0.46702290129563134,0.2918500930114593,0.1567388932332313,0.5490884142853348,-0.2076905778402625
1160.0,0.11925453479633066,0.8275091084858462,0.4650317405011323,0.2911228462865089,0.15669637753290766,0.5490547173586866,-0.2075460559643269
1161.0,0.11821065132118391,0.8290590224337367,0.4619494868126949,0.2920446042455265,0.15639724085265133,0.5490458034615877,-0.20737506133681605
1162.0,0.11700836405176428,0.8304913613719633,0.45963940839652856,0.29210401516816237,0.15631942537616028,0.5490512661313652,-0.20722548923889456
1163.0,0.11546202487456103,0.8316966001099283,0.4586870052185134,0.2907843142625192,0.15647571987663753,0.5490575880128437,-0.20710397309256662
1164.0,0.11358197323550524,0.8325732221204399,0.45879766890306356,0.2888350120276838,0.15668831925077992,0.5490380006109817,-0.20701235715195535
1165.0,0.11168837344451733,0.8328034643783979,0.45986777065850065,0.2872032911828085,0.15671982190716596,0.5489959849280677,-0.2069502960704497
1166.0,0.10972271319248511,0.832694630196467,0.4617693285879364,0.2852186288219881,0.15677527479565642,0.5489441659054538,-0.20692728373100538
1167.0,0.1072480206160612,0.8324761187730796,0.46354017870086955,0.283922307113077,0.15677262770372175,0.5488980071005418,-0.2068933109277927
1168.0,0.10492197093976563,0.8324112102281379,0.4641640893047444,0.28396241881724277,0.15655227534616795,0.5488643609878612,-0.20682318900865712
1169.0,0.10385275110586428,0.8331123470399716,0.4635014678120619,0.28338103788601904,0.15641262717070836,0.5488284223183677,-0.20675165301828097
1170.0,0.10352664757624756,0.8338267662000689,0.46273291317478005,0.2826542203377488,0.15636250217505976,0.5488052946726711,-0.2066963226444745
1171.0,0.1034977257240321,0.833759087982504,0.46282450981784734,0.28271447979968367,0.1562977710618289,0.5488057052333087,-0.20667265009771776
1172.0,0.10359972299284216,0.8333879508952321,0.46317558654103014,0.28319603939819693,0.156250526184922,0.5488134985482392,-0.20667468754236354
1173.0,0.10356158949840952,0.833125477055921,0.46340086320635715,0.28361342817382623,0.15627389343898102,0.5488221154677284,-0.20668146033369456
1174.0,0.10359118444602315,0.8328932152456767,0.463485692556079,0.28414568674995017,0.15625632052617494,0.548833479057438,-0.20667554769120353
1175.0,0.10361759231575804,0.8328433937525919,0.4636021837634344,0.28409204715219577,0.15631997236489606,0.5488408944180287,-0.20667482449880753
1176.0,0.10355699343912829,0.8327949232414992,0.4638489995078287,0.2838532553778807,0.1563897890569817,0.5488376143291421,-0.20668343041742618
1177.0,0.10343388992767157,0.8327160856958987,0.4640991619046474,0.2837204944256493,0.1564173487314783,0.548833136859208,-0.20668929018941265
1178.0,0.10337884922174109,0.8326730970722425,0.46430008176765014,0.28353793576215164,0.1564312145435691,0.548834659085576,-0.20668530286863387
1179.0,0.10325405838831204,0.8325906037117452,0.46456846326483153,0.283386007024002,0.15644527305039763,0.5488343305404707,-0.20667915916537244
1180.0,0.10307249796059723,0.832541011773554,0.4649595820300971,0.2829560230099848,0.15653863254675904,0.5488348058993142,-0.20667803315052186
1181.0,0.10316784232751743,0.8324317772929714,0.4652650837393522,0.2827404009252357,0.15657349096070217,0.5488473375220994,-0.20665676785046125
1182.0,0.10328369983108497,0.8323374282815681,0.4657336069964876,0.2822039867628895,0.1566716991911163,0.5488532347494488,-0.20663672627364887
1183.0,0.10342938055118124,0.8319976918694616,0.46636220809519013,0.2821143293476349,0.1566772338028729,0.5488536159162504,-0.20661753602880306
1184.0,0.10383953588570399,0.8315011650179195,0.4669701939362699,0.2824216729219035,0.15656839985697368,0.548863553656546,-0.206579095345627
1185.0,0.10457816874794096,0.8311380876534875,0.46746782957653044,0.2823946072148667,0.1564813475271829,0.5488904430647985,-0.20651967566986038
1186.0,0.10517342414816179,0.8307385684143278,0.46808171199133475,0.28233223815413816,0.1564278342974573,0.5489093120600559,-0.2064790133801345
1187.0,0.10533128436690949,0.8302580665620733,0.4688642421485982,0.2823883600232945,0.15639497381326745,0.5489102127049296,-0.20646404914661945
1188.0,0.10533193613186428,0.8301014055829887,0.46914787395992824,0.28237760541292684,0.1563709937324004,0.5489088789924101,-0.20642464410670236
1189.0,0.10547633571484767,0.8303878386244813,0.46864404341876165,0.2823181549898008,0.15635579745962006,0.5489102442792122,-0.2063589052598312
1190.0,0.10582386662996611,0.8305653633621076,0.46811857333295065,0.2825375864117486,0.1563027804572497,0.5489094888751102,-0.20629591638294162
1191.0,0.1059990563486371,0.8306577627476052,0.46772111132551447,0.2828583448667679,0.15629161269392575,0.5489044262598606,-0.2062247772602926
1192.0,0.1061561920019872,0.8312141734990504,0.4667212642099464,0.28281641078303305,0.15635501776041677,0.5489117319797223,-0.20611533113629713
1193.0,0.10589896274365235,0.8320156496287773,0.4655451797476839,0.28249434344127816,0.1564879044079895,0.5489001295497405,-0.20600489463292695
1194.0,0.10461744490978962,0.8327188035566132,0.4645884736668444,0.2824750158150298,0.15657943156848567,0.5488687206711073,-0.20588855198854733
1195.0,0.10407886091697835,0.8329812143220038,0.46439888043716093,0.28221191885810887,0.15654371560995903,0.5488478292169297,-0.20577579778732275
1196.0,0.10421612956879496,0.8321808235076774,0.46623668190902,0.28149144172825485,0.15650192999567678,0.5488222696831347,-0.20573245621353362
1197.0,0.10367045814233423,0.830755887198309,0.46892709751811146,0.2814328857954392,0.15639900107017826,0.548802487475098,-0.20569183365021798
1198.0,0.10839420057502422,0.8279962415082947,0.46685316497265567,0.29106879545023956,0.15361306019017829,0.5491435725015278,-0.2050298063288186
1199.0,0.1155931297090343,0.8220593771134929,0.4604398960041119,0.31440691950332295,0.14784043807184205,0.5498544063532271,-0.20398276084788614
1200.0,0.10892891309199126,0.8208046464954099,0.465992973977716,0.3118730068273726,0.14926805470963814,0.5493787846670697,-0.2045250327405212
1201.0,0.10004307214525067,0.8226231111943636,0.4744770280322059,0.2969076464397155,0.1532855556884048,0.5487065841618864,-0.20543274935014025
1202.0,0.09848034641127405,0.8228273673914956,0.4750310320226337,0.2959767954718879,0.1532527187977677,0.5486559306464402,-0.20538143658177677
1203.0,0.1019144985023099,0.8218537949186417,0.4693346802810846,0.3064224741403638,0.1501587590239812,0.5489853455782273,-0.20474196478180068
1204.0,0.0995075281875335,0.8265805722872623,0.46829006290874187,0.2959176005786001,0.15183091034840024,0.5488943634857402,-0.20461705130017105
1205.0,0.0919703704244984,0.8333592900749355,0.4704066730861334,0.27526588333067287,0.15611586239616068,0.5485587783338837,-0.20503781427395004
1206.0,0.08875874819584516,0.8352680886959412,0.4682161500307369,0.2742676456954598,0.1559336657427692,0.5484697018957232,-0.20489748723478157
1207.0,0.0854815325659105,0.8362204360289788,0.4681113018878723,0.2725804450112466,0.1558499860399712,0.5483910622232122,-0.2047873577257796
1208.0,0.08325658438566227,0.8362149060250161,0.469999353823396,0.2700251460579117,0.15595231953845476,0.5483527984080985,-0.20472656653820603
1209.0,0.0822533739938686,0.835287761242498,0.4722498734926501,0.26927457245587855,0.1558192940244552,0.5483350756233122,-0.20467110153868548
1210.0,0.08561353138317207,0.8329043081483172,0.4711097883425349,0.2774820787725357,0.15344230741498022,0.5484951260859466,-0.20412659182196166
1211.0,0.08934960482867484,0.830534419671437,0.46955757794693403,0.2859106623590622,0.15100282918076197,0.5487222158269855,-0.2035407095939198
1212.0,0.09173391044618383,0.8265303784493733,0.4670865630953435,0.30043729087842413,0.14758750599191336,0.5489365509657949,-0.20289963051972706
1213.0,0.08469515864008331,0.8251534696075042,0.47300433440951906,0.29701074278119405,0.14906950804157323,0.5484904482573476,-0.2034405655229764
1214.0,0.07563091677572807,0.8264384874465804,0.48169643693778214,0.28151009490978574,0.1530400102201831,0.5479979079695766,-0.20437716398186956
1215.0,0.0743834275241812,0.8261890396899079,0.48265819602098187,0.2809267559699398,0.15282475859443237,0.5479601402961537,-0.2042796591826979
1216.0,0.07272723004981536,0.8269867470378686,0.4825928555185541,0.2791196984009793,0.15296921503809383,0.5479284555381168,-0.20418289270444
1217.0,0.07051947538841727,0.8286174774698437,0.4813489820064689,0.2769895975371485,0.15331423009411116,0.5478974452294552,-0.20407538685388582
1218.0,0.06872456783022374,0.8328907665342437,0.4790775233228251,0.2684299376847094,0.15480511468835334,0.5479594652814546,-0.2039478195196227
1219.0,0.0676221756416086,0.8370614195893806,0.47573505206066835,0.26159430696660696,0.1559562500514309,0.5480308469190793,-0.20379390634392047
1220.0,0.06665680306373592,0.8388631445162975,0.4726994876384277,0.2615734882665284,0.15587443245283358,0.5480046926049003,-0.20360156936717186
1221.0,0.06604232980055284,0.8397509791428065,0.471630821499924,0.26080849663022754,0.15585877365201867,0.5479785151132565,-0.2034646307474881
1222.0,0.06536909069708056,0.8393366751575543,0.47294518555417564,0.2599301428807852,0.1559429555590799,0.5479580945025044,-0.2034105661351168
1223.0,0.06479348100233445,0.8379586649596212,0.4754431780748778,0.2599631994355153,0.1559645342406475,0.5479264474565196,-0.20340215015730742
1224.0,0.06513230926693599,0.8365906456616823,0.4774461946163013,0.2606127493568548,0.15583929891615816,0.5479082950295582,-0.20335172158599757
1225.0,0.06612776996246043,0.8356701212423918,0.4789443238636602,0.26056650042033364,0.1558015955765799,0.5479153430718302,-0.2032655092944273
1226.0,0.0666027651987399,0.8321292727793218,0.4791398086966958,0.2712010117490938,0.15400104881950077,0.5477415794528502,-0.20310005682239513
1227.0,0.0668600256121569,0.8290096272818168,0.47849293612821264,0.2816332454178788,0.15231934531094912,0.5475847860276488,-0.20298780893512852
1228.0,0.06782671314085083,0.8290149658545511,0.47787144838322987,0.28244044008215285,0.15226570964229433,0.547566736195493,-0.2029033990684891
1229.0,0.06858639079344477,0.8290686533689434,0.4771495864237448,0.28331845540766437,0.15216626606607778,0.5475558243806473,-0.20280421033938034
1230.0,0.06882842244941265,0.8290721722144847,0.47695229679779894,0.28358153695539773,0.1521433150138759,0.5475392284492999,-0.2027282476199916
1231.0,0.06859979253024667,0.8290199083902233,0.4771488689424135,0.2834590214201133,0.15210814489936333,0.5475112399322242,-0.2026543265726903
1232.0,0.06761967999246839,0.8292706402729746,0.47747919585246773,0.28240290647769145,0.15217499772442677,0.5474828148207329,-0.20256274868698707
1233.0,0.06663935294754243,0.8296915764849053,0.47773219177834036,0.2809680364158674,0.15224350440153997,0.5474549228552648,-0.20246673356764056
1234.0,0.06599266989454267,0.8299673527797098,0.4779539034206213,0.27992718168306185,0.1522522437169005,0.5474298722399953,-0.20237125825109897
1235.0,0.06565807571360961,0.8297720120123072,0.47853891950101124,0.2795852780413126,0.15220589569159923,0.5473964592193943,-0.20230186842886488
1236.0,0.06594808424393572,0.829655907032568,0.4797606925893196,0.2777617755500894,0.15242547648407725,0.5473894573414414,-0.202237248664115
1237.0,0.06644240697554304,0.8292317186349975,0.48100549814046045,0.27675598299511434,0.1525142881717426,0.5474045859823871,-0.20214228461305564
1238.0,0.07473485252310487,0.8264568938818015,0.47493604152720065,0.2929495875267062,0.14804812339945944,0.5477937986859466,-0.2010182507979646
1239.0,0.08282060726324363,0.824109501598959,0.46848446912035985,0.3074192228535445,0.14394673182061618,0.548283519181198,-0.20001332197406702
1240.0,0.08337369752788976,0.8243105973786566,0.468079942460997,0.30734676356760243,0.14395512923541653,0.5482752863310492,-0.19992792073710589
1241.0,0.0839621045777157,0.8245383006228291,0.46740914440733033,0.30759656617931447,0.1439079077565364,0.5482802115019514,-0.19982682943640045
1242.0,0.08428069438148444,0.8246515756743583,0.46730465753839945,0.30736444221037046,0.14400415347417592,0.5482731132731415,-0.1997556132600991
1243.0,0.08438884926129649,0.8247654799538673,0.4673152745250955,0.30701280004644055,0.1441242782802663,0.5482629297514128,-0.19968955167668428
1244.0,0.08446187567658422,0.8248590124494672,0.46727286442749844,0.3068059179804122,0.14416510190757953,0.5482497968548393,-0.19962494345059234
1245.0,0.08432605176689709,0.8255278591139206,0.4684847195190174,0.30317476543634203,0.14480211381794622,0.5482010599850361,-0.1996056507017404
1246.0,0.08350775317594529,0.8264666727270782,0.4710457966120339,0.2968082740172056,0.1459727483058966,0.5481420862679162,-0.19964295680474736
1247.0,0.08030276081311774,0.826976703646157,0.4755535772615553,0.28898061074415593,0.14782780891576663,0.5479313190039801,-0.20007770699877836
1248.0,0.07728962183963001,0.8270168849317894,0.4794586085710004,0.2831763215044057,0.14923643940871373,0.5477347273506512,-0.20050233616077034
1249.0,0.07592166597120262,0.8266651672751888,0.4810641226888322,0.2818473198589359,0.1493782779319032,0.5476841971803073,-0.20052107248032325
1250.0,0.07416425345944164,0.8264532992256857,0.48216756229519075,0.2810499058496488,0.14938058701950474,0.5476321997374303,-0.2004988581052877
1251.0,0.07319459709622911,0.8268544101313372,0.48180752577496616,0.28074159561576306,0.14916844567450652,0.5475837300606652,-0.20040465978385957
1252.0,0.07478479757029635,0.8269021750459641,0.4775899496764154,0.28731144586441826,0.14726304764227902,0.5476451361624456,-0.19986582172243342
1253.0,0.07668921338538746,0.8269587142368862,0.47245308336059166,0.2950358173528705,0.1450630192828594,0.5477356388762106,-0.19928077693132762
1254.0,0.07621583069465973,0.8273658596648119,0.4695400860896683,0.2986452560606592,0.14405751871284986,0.5477080235143671,-0.19904113893653327
1255.0,0.06654146141825217,0.8298264535461597,0.4748325598414508,0.28547211951737345,0.14781141010733118,0.5472244456570451,-0.19985679544461285
1256.0,0.05686137492436247,0.8323536858828716,0.4811797130122686,0.2691100321882109,0.15211212575382022,0.5468792963949612,-0.2007847068964035
1257.0,0.06320976763596435,0.8307312582921952,0.47520339871776335,0.2829696655451957,0.14795495322235408,0.5471225748180408,-0.19961957927213952
1258.0,0.06962663752563189,0.8288266070620182,0.4710277142839819,0.2938221896816928,0.1443973097491785,0.5474327821548388,-0.1986174541971406
1259.0,0.06651535260273629,0.8290505552300275,0.4766408217532042,0.2847181268892919,0.14649944048820848,0.5472166251823778,-0.1990644950202658
1260.0,0.06378544525206742,0.8284048479701672,0.48179426919802404,0.27847999389805617,0.1481883117935503,0.5470385730842879,-0.1995145133596989
1261.0,0.06372602770366473,0.828574022855402,0.4839782813369324,0.2741698474239586,0.14913571026218617,0.5470614124513163,-0.19952300825791172
1262.0,0.06415994487535143,0.82902905900475,0.4841864814177789,0.27231924649492034,0.14959977992389384,0.5470788765182691,-0.1994323331139008
1263.0,0.06467678778520987,0.828477655930601,0.48243181997711687,0.27694986156178214,0.14879765832806344,0.5469906328146383,-0.1992630060906534
1264.0,0.06495575594383018,0.8286344893038358,0.4805803887942961,0.27962139190745045,0.14826228162737037,0.5469348663452875,-0.19908105659238537
1265.0,0.0645885807721053,0.8293374503809394,0.4796356261573542,0.2792442922427077,0.148256088656606,0.5469121654770339,-0.1989203257995033
1266.0,0.06380484479818181,0.8302369649467917,0.4801788224026479,0.2757967047160391,0.14875421625417762,0.5469149028072713,-0.19880626485225722
1267.0,0.06295844990784578,0.8303128887815696,0.4823919917526429,0.2718725925894781,0.14931119767899764,0.5469037449344633,-0.1987819551374176
1268.0,0.06175791536103296,0.8293308382407246,0.4851595457401915,0.2702157208793882,0.14952622882499159,0.5468338970404274,-0.19881416058542425
1269.0,0.06114730844235119,0.8291898791109575,0.4870812144782412,0.2673144993310559,0.14999749853582944,0.5468071943106854,-0.19882254021186882
1270.0,0.06148858668783144,0.8291675415127716,0.4870294239137056,0.2673998542465631,0.14998536126019094,0.546780033131105,-0.19873640047765928
1271.0,0.06179101393714919,0.8288844257423387,0.48648871847031844,0.26918619236416935,0.1497173627924691,0.5467384775793778,-0.19863354292640298
1272.0,0.0618310948435186,0.8292412378704059,0.4876411787927078,0.2659736187505582,0.15027843751567632,0.5467779922983385,-0.19861137506024915
1273.0,0.061696246542405735,0.8293500258716567,0.4891486959635943,0.262879556044924,0.15088116854918285,0.5468269809984536,-0.19861992942252205
1274.0,0.06162441133381325,0.8289656905012804,0.4895732313888482,0.2633179959801032,0.1509505204016058,0.5468210165388385,-0.1985967602541075
1275.0,0.061442861020406705,0.8286701200020637,0.4902418616408613,0.2630466197089308,0.15108397785931718,0.5468080901028198,-0.19858876765037659
1276.0,0.06118427815688301,0.8279243800156275,0.4917650816714271,0.26261151827529355,0.15120928363389327,0.5467643823743337,-0.19863456337893637
1277.0,0.06113910810592688,0.8270745148399183,0.4931255017969834,0.2627489216719997,0.15124681466642523,0.5467186715490867,-0.19865753746391024
1278.0,0.06120746095019133,0.8268079143073553,0.49377033292733385,0.262360778096844,0.15138887007788657,0.5467191910054549,-0.19862800176757778
1279.0,0.06159255391722416,0.826928576872484,0.4936896651877887,0.2620419824004755,0.15150270586349437,0.5467290679188602,-0.19857717068387853
1280.0,0.06204583968264318,0.8269974132128979,0.4938946522705991,0.2613305660954252,0.15165822342222926,0.5467337624931263,-0.19854411362238022
1281.0,0.06234885152872761,0.8267688807252271,0.4947130033687893,0.26043210799599187,0.1518128122810732,0.5467374088006092,-0.1985334960520279
1282.0,0.06263132399248342,0.8266422313554677,0.4949907082572336,0.260238616146037,0.1518517816998432,0.5467357528046606,-0.198494109550505
1283.0,0.06276379865701764,0.8265262426529939,0.49525619273411536,0.26006995086432905,0.15190020903259685,0.546724452774332,-0.1984622377520656
1284.0,0.0629156003036668,0.8260593294242331,0.4961507634113901,0.25981153068312873,0.15195492911841194,0.5466951657867551,-0.1984702035637061
1285.0,0.06318619613570862,0.8257152824543992,0.4967381431947914,0.2597171423578782,0.15199288576583841,0.5466681198059709,-0.1984604042433501
1286.0,0.06337367539029437,0.8253977287275537,0.4974266073838316,0.25936294443411284,0.15206418413915088,0.5466459219706599,-0.19843922201523403
1287.0,0.06343647619984008,0.8249463700132416,0.49849223048040736,0.25873692477107235,0.15221733280521765,0.5466370779659412,-0.1984251974275626
1288.0,0.06345706766593547,0.824541307272754,0.4994016025171646,0.2582689926558488,0.15235816454986614,0.5466390028427824,-0.1983903782853136
1289.0,0.06359951979869366,0.8240912848607399,0.500263481658867,0.25800213994558063,0.1524259334536459,0.5466292644978524,-0.19834238711001378
1290.0,0.06397841148860982,0.823713329002403,0.500982044156956,0.25772098463161836,0.152451618767579,0.5466142549970475,-0.19827673274775792
1291.0,0.0643006451382671,0.8232068022227179,0.5018036404137654,0.2576608124580495,0.1524370913503272,0.5466058497260363,-0.1981903966876186
1292.0,0.06461727836072374,0.822729484017761,0.5027665700847115,0.2572286521178701,0.15253766367901742,0.5466086478233237,-0.19811077800889057
1293.0,0.06490454157601727,0.8223355429557153,0.5038186878400589,0.25635597332158505,0.15271400943871624,0.5466009138517225,-0.1980545231807253
1294.0,0.0650133478765343,0.8217143031190617,0.5050718760095916,0.25585399881884047,0.15279807985736082,0.5465837093763699,-0.19799629632012733
1295.0,0.06540770077907537,0.8207494171023931,0.5063143876895216,0.25639416495595524,0.15268335208314276,0.5465514533920169,-0.19790877555685718
1296.0,0.06614535631747263,0.8198293881730416,0.5072648531634104,0.2572682158187342,0.15249305337556512,0.546525836654637,-0.1977893028064086
1297.0,0.06707608966648253,0.8190847043875773,0.5083288491721241,0.25729909897376807,0.15239307500387833,0.5465021264782776,-0.19769438486966362
1298.0,0.06782769047695276,0.8182644058319859,0.5096015508109774,0.25719452942089693,0.15233022087232762,0.5464725807526261,-0.19762490924396803
1299.0,0.0681948497466757,0.8177493711419527,0.5109031884748756,0.2561510501075001,0.1525257888936075,0.5464824964968867,-0.197541044988354
1300.0,0.06835704560748196,0.8171532843253703,0.5122655620590323,0.25528771643073783,0.15272981919099,0.5464871803270417,-0.19744810131071655
1301.0,0.06874956665214937,0.8160579032738937,0.513629475123491,0.2559448336531232,0.15258547031184783,0.546449340402559,-0.19733834986500598
1302.0,0.07004768285727826,0.8152115067617106,0.5146126971969534,0.25631483229283575,0.15238195921505002,0.5464279677598203,-0.19719891844133658
1303.0,0.0713352453147621,0.81437310146093,0.5166412996726476,0.2545378201080265,0.15252613562268416,0.5463951071727916,-0.197040284148433
1304.0,0.07281230063144999,0.8125686583678149,0.5195012727511799,0.2540648970735407,0.15264379619325644,0.5463283530170641,-0.19686090306752937
1305.0,0.07564402879887747,0.8107665813186006,0.5205697122010304,0.2567931195786988,0.15252538902325888,0.5463442810993134,-0.19667214074242162
1306.0,0.07838051384367646,0.8091052392160962,0.521537382036519,0.25923727752998577,0.15251777027095417,0.5463745649179399,-0.1965568736817056
1307.0,0.07996169493465992,0.8077619494839653,0.5232638492727798,0.2594642641160317,0.15259939903415554,0.5463633989631882,-0.19641927949648103
1308.0,0.08030479490006574,0.8069356535709896,0.5252182029462336,0.2579764140497096,0.15263126010336206,0.5463264705111529,-0.19624117966806995
1309.0,0.0794515907025954,0.8062717095516182,0.5270650970845169,0.2565458215345302,0.1525846288046357,0.5462377876490294,-0.19608974310864208
1310.0,0.07869208227578477,0.8057419461478732,0.5286532419377881,0.25517292605918357,0.15256792289828278,0.5461405372522798,-0.195921192352481
1311.0,0.07897221712524956,0.8044636373689789,0.5304506654191148,0.2553893823748605,0.15231012379519326,0.5460513581851831,-0.19574531133770387
1312.0,0.07983993644203975,0.803612066324599,0.5317783243612787,0.2550393011791515,0.15231297895001683,0.5460253351969018,-0.19557432888138498
1313.0,0.0801686537891118,0.8026025131636183,0.5338514340942624,0.2537810850488762,0.15258369225464433,0.5459983886638519,-0.1954698537386228
1314.0,0.08054619226702038,0.8013923361354264,0.5353944041192288,0.25423506157197107,0.15248185739005166,0.5459487810049481,-0.19534060602540756
1315.0,0.08083814891112409,0.8003831741567322,0.5366814758271884,0.25460746593799644,0.15229178478445496,0.545898131118087,-0.19517462930446342
1316.0,0.08040424328564794,0.7994661845112193,0.5384054589541506,0.2539853130657479,0.15234904129795143,0.5458584735182642,-0.19502888311599936
1317.0,0.08123439881137456,0.7986221222337633,0.5395439122964079,0.2539607155299434,0.1523050469152129,0.5458239811140152,-0.19489961837841843
1318.0,0.082610047232098,0.7975649481448057,0.5407680095574758,0.25423550780001114,0.15215952663156745,0.5457748316440485,-0.1947719784904617
1319.0,0.08317194060684661,0.7967589890231672,0.5417985087595799,0.2543853722452749,0.15206595925090582,0.5457337316385182,-0.1946199648060722
1320.0,0.08345167773300505,0.7957785085006932,0.5432115122394798,0.2543494365286787,0.1520357628948976,0.5457024680707823,-0.19450002725088128
1321.0,0.08358037316429978,0.7951047053209512,0.5445344285697198,0.25358447290882874,0.15220902681862292,0.5456740329784242,-0.19440327185222567
1322.0,0.08348378086170015,0.7947872348827756,0.545533280530461,0.25246217426398876,0.15237107926182725,0.5456499857288496,-0.19427628851463216
1323.0,0.08362918811149964,0.7941603263724919,0.5467639304018136,0.2517235374837033,0.15236688617701458,0.5456187482600875,-0.19415580070930055
1324.0,0.08410290356952561,0.7932074885529732,0.5476869344451177,0.25256207861191127,0.15217414194038087,0.5455652697879186,-0.1940503161087383
1325.0,0.08408870766976834,0.791969098026464,0.5489262858488014,0.2537596692104902,0.15196455731328928,0.5455014408644241,-0.19397288416579858
1326.0,0.08397255027745605,0.7913409301523873,0.5500972741146823,0.25322150792744774,0.1520081333160319,0.5454669754894885,-0.19390018381350466
1327.0,0.0838935585115589,0.7911252149978465,0.5508958620492566,0.25218349313919286,0.15223569804565948,0.5454753594706341,-0.19382550162202034
1328.0,0.08372947762397548,0.7908056144430754,0.5517559538427963,0.25135875186902157,0.15245474523159552,0.5454798702744905,-0.19376439029017284
1329.0,0.0835702853738421,0.7906082167869543,0.5523091473001512,0.25081718593443064,0.15256388008431185,0.5454710978625517,-0.19371062869080255
1330.0,0.08389138331164282,0.7903335851829881,0.5527030064364226,0.2507078910086465,0.15255752795701025,0.5454549953677079,-0.19367042536813964
1331.0,0.08415723132308003,0.7899204054383325,0.553341916275457,0.25051155099272143,0.1525203770731912,0.5454316910572521,-0.193623484245612
1332.0,0.08411902670655151,0.7896618953124566,0.553726520155217,0.25048956328413235,0.1524661186726662,0.5454187286610297,-0.19356109045691
1333.0,0.08441066479298259,0.7892381740415645,0.5540003402432095,0.251120623038316,0.1523152502779707,0.5454004874272117,-0.1935047921228156
1334.0,0.08454195895407056,0.7886794328214906,0.5546812076697906,0.25132880312165357,0.1522543229763155,0.5453780435090684,-0.19345581497685993
1335.0,0.08487587739326552,0.7881174172489361,0.5552704967680613,0.25167776517710133,0.15219450993135195,0.5453444917327696,-0.19341902785256435
1336.0,0.08530999239812713,0.7874516488533975,0.5558473774046183,0.25234064069726225,0.15207416423558012,0.5453014093990679,-0.19339099947242716
1337.0,0.08536418333519326,0.7869799398574427,0.5564563955152038,0.2524516000260613,0.1520511452283017,0.5452746051339676,-0.19335611045746018
1338.0,0.08553068311457249,0.786577623408733,0.556848714865433,0.2527838075339077,0.15201522709886084,0.5452548444149014,-0.19331880438243482
1339.0,0.0857087678622596,0.7863310101746399,0.5571574126082528,0.2528105360243927,0.151987009650703,0.5452382123180801,-0.19328460315112597
1340.0,0.0858432580155966,0.7861843117978528,0.557395143514021,0.2526970853080587,0.15195603172033625,0.54522653425259,-0.19324717662674762
1341.0,0.08591588366933482,0.7860410867569146,0.55770059749626,0.2524438836962396,0.15199691771360668,0.5452252787140329,-0.19322028815742806
1342.0,0.08614399390411685,0.7860304311948855,0.5579155626503878,0.2519237950300272,0.1520482324218287,0.5452264932529183,-0.19320241245467287
1343.0,0.08633376179617876,0.7859887553115805,0.5580253978767754,0.25174553307325914,0.15203044609525262,0.5452218479091616,-0.19318299972374764
1344.0,0.0864396058632435,0.7859282662563689,0.5581166673630013,0.2516957298983878,0.1520242643185149,0.5452253228282894,-0.19316182365351883
1345.0,0.08644044481230378,0.7859211255107053,0.5581909907301476,0.2515528808110411,0.15202255401011913,0.5452330868525442,-0.19314011313946133
1346.0,0.08651374716140878,0.7859201735511464,0.5582401763059798,0.25142147465023007,0.15202995540306294,0.545232638162275,-0.19313040302201623
1347.0,0.08661240637141189,0.7859160992234172,0.5583230689483074,0.25121609567092756,0.15206748394072478,0.5452341041990151,-0.1931221951208255
1348.0,0.08663689589161591,0.785951906421357,0.5584389417981427,0.25083779090533836,0.15212428707750836,0.5452365909016358,-0.19310730038606094
1349.0,0.08685956970018655,0.7859051697682832,0.5585386757236916,0.250685115241829,0.15214515436523776,0.54523311659384,-0.1930930265792375
1350.0,0.08700353705038023,0.7858080954967769,0.5587063956268501,0.2505657300552195,0.15217216277694362,0.5452312634579994,-0.19307778477619233
1351.0,0.08710296391282929,0.785603681832035,0.5589118751830454,0.25071386987744204,0.15213723286981973,0.5452202334268055,-0.19304870093287824
1352.0,0.08731450029685074,0.7852588676199466,0.5592092442204495,0.2510571848016782,0.15207910514627163,0.5452018536632277,-0.19301407855569994
1353.0,0.08757551665807295,0.7848184361066469,0.5596383089143183,0.25138718031099094,0.15201511801537618,0.545176343165512,-0.19298271528008876
1354.0,0.08795411375640542,0.7843393234265333,0.5601466051329549,0.25161812406533574,0.15195824776009656,0.5451450073813915,-0.19295034568438718
1355.0,0.08840677903814914,0.7838451861750528,0.5606714719157555,0.2518302327166393,0.1519152995613515,0.5451159558698028,-0.1928978618901617
1356.0,0.08872131946381613,0.7834726541606305,0.5612797173931576,0.251523769250847,0.15194336035270847,0.5450945602309102,-0.19282096533840087
1357.0,0.08909536441265953,0.7830819972887492,0.5620597350648016,0.2508654136809688,0.15201570532189293,0.5450804450505162,-0.1927300417654355
1358.0,0.0895192671530322,0.782327660971211,0.5630888350930584,0.2507602350478249,0.15204024073406194,0.545054994363677,-0.1926503040226267
1359.0,0.09027734804601888,0.781453551399266,0.5640625035454586,0.25102557544856285,0.1519839259163997,0.5450213564219812,-0.19255629698342813
1360.0,0.09122578432911951,0.7805285634382991,0.564966145176106,0.2515278766565116,0.1518598185630732,0.5449771103299983,-0.1924554506319882
1361.0,0.09162638107993476,0.7796109192522157,0.5661718615822309,0.2515170849573064,0.15185942192541085,0.5449284608709043,-0.19237040104793274
1362.0,0.09231280773182303,0.7788563352738491,0.5674971303318492,0.2506155653537372,0.1519195079266733,0.544880756646417,-0.19222954289036845
1363.0,0.09293373537435294,0.777669695760499,0.5696115913854327,0.24927053593334578,0.15198940247270423,0.5448133255621469,-0.1920204481525021
1364.0,0.09306017887273646,0.7756415666711977,0.5722798473716453,0.2494308309979152,0.151977453683008,0.5447129486264928,-0.1918160784206306
1365.0,0.0940577260700682,0.7739307264938632,0.5740677531222221,0.25026104287406065,0.15195095038801368,0.5446563560740694,-0.19163435043380728
1366.0,0.09594382288768642,0.7725334871273453,0.5753797142982154,0.2508485170190651,0.15183671804879179,0.5446073039840207,-0.19147522947136714
1367.0,0.09719929797492294,0.7707765416435031,0.577166192529815,0.25166447013017074,0.151575985807886,0.5444968461045335,-0.19130851593394294
1368.0,0.09776667096205609,0.7694143997982299,0.5791773212890641,0.25099161327931085,0.15160713884011923,0.5444130939715008,-0.19109317418818464
1369.0,0.09797612665359412,0.7678918823347707,0.5814018081244692,0.25042897827511784,0.15171530608197564,0.5443408070864466,-0.19087199248368547
1370.0,0.09879997363677388,0.766200962459642,0.5837244668648528,0.24988076580368182,0.15170910934641016,0.5442410517968146,-0.19064971964636596
1371.0,0.09969032894465932,0.7644807183052693,0.5859083479345056,0.24968475619273087,0.1516390191919284,0.5441194752360764,-0.19044168610093715
1372.0,0.09939020279461473,0.7629333291330594,0.5883064095145912,0.24889735115192085,0.15172738695892413,0.5440180556565615,-0.19026019930416974
1373.0,0.09989318047365503,0.7614225533523947,0.5904469068982473,0.2482528909710215,0.15174119704315753,0.5439134407128244,-0.1900621436331798
1374.0,0.10071800053749412,0.7595098803399688,0.5924439152254907,0.24901974489182047,0.15153618816201855,0.543805426444782,-0.18986284382081828
1375.0,0.10105885189829035,0.7577567409331386,0.5946888592936067,0.24887143398842762,0.1514800381797739,0.5437019137652036,-0.18971829607993612
1376.0,0.1010951556789841,0.7569395182803452,0.5964211777883948,0.2471924631724531,0.1516760566539959,0.5436382295372881,-0.1894835419129298
1377.0,0.1012495231324931,0.7560282613985686,0.59794293104917,0.246239828704513,0.15173528825667776,0.5435650767870739,-0.18924214585929086
1378.0,0.1017531716106941,0.7543939719894671,0.5997342910673668,0.2466876713803159,0.15159387521126721,0.5434800215393258,-0.18909432359666772
1379.0,0.10240123644385342,0.7531977616259886,0.6013248617594046,0.24620221218828142,0.15164017144037642,0.5434153442748266,-0.1889460894116995
1380.0,0.10291548137318585,0.7520044841655338,0.6028405298967264,0.24592876001494562,0.15161960755531323,0.543345968786242,-0.18878569405882795
1381.0,0.10395185784788773,0.7509412179832828,0.6039868556131116,0.2459292106081394,0.15148857760373047,0.54326717885414,-0.18864038634943497
1382.0,0.10451491073166153,0.7498904420920498,0.6054235994105779,0.24536345198599327,0.1514541351205457,0.5431673920371775,-0.18852493588005978
1383.0,0.10494139054065697,0.7491414893810886,0.6068070017932632,0.2440483476976398,0.15154191387123264,0.5430875735597614,-0.1884143606574464
1384.0,0.10542520928723823,0.7482979755376595,0.6079000621761708,0.24370715922842728,0.15153528007283115,0.5430416921843646,-0.18829845550638605
1385.0,0.10588952598093518,0.7472619345947363,0.6090800144112019,0.2437386826872483,0.15148843528771186,0.5429947867534544,-0.18817347239182877
1386.0,0.10666469897342884,0.7465075204631405,0.6098116225947844,0.24388306385068628,0.15139158755946033,0.54292775983497,-0.18806561888970733
1387.0,0.1076592810444678,0.7453729413986243,0.6108750937723674,0.24425453372323042,0.15125252205564416,0.5428683224004855,-0.18796825130571548
1388.0,0.10910824274930286,0.7446789491682803,0.6115060262318046,0.24414961378624495,0.15120542319841865,0.5428416594634777,-0.18784007984170148
1389.0,0.11027630500680194,0.7443705719867771,0.6119582217044848,0.24343114632768278,0.1512303079281569,0.5428000525826835,-0.18774842074019818
1390.0,0.11093524653263478,0.7435247632247831,0.6129152538762246,0.24330883484599736,0.15116315373082387,0.5427394376609869,-0.18768854111922556
1391.0,0.11169589275025626,0.7422502715201112,0.6139174350520826,0.24432344322662955,0.15095058389210564,0.5426750165172145,-0.18758889827547198
1392.0,0.11276583958786557,0.7411646634129357,0.6148246341342462,0.24484582167503702,0.1508125322597132,0.5426269365823836,-0.18748384836424759
1393.0,0.1138523042566657,0.7404636674799783,0.6156084619879858,0.2444942361004332,0.15073982733830843,0.542569549616331,-0.18740181314298124
1394.0,0.11413369076663746,0.7396674854890234,0.6168317548978375,0.24368852597524013,0.15079023881453194,0.5425068844767377,-0.18733185792096696
1395.0,0.11462436610865995,0.7385167136238171,0.6181032405001039,0.24372669627214721,0.15080886642855731,0.5424457415522146,-0.1872648656407655
1396.0,0.11539184173199932,0.7375192880736454,0.6190804768536027,0.24390446031131965,0.15068293573996155,0.5423777170883486,-0.1871617942035652
1397.0,0.11606805445410255,0.7367851809330861,0.619957566890171,0.2435742579753827,0.15062102550271245,0.5423238971981633,-0.18703657378370178
1398.0,0.11678687269967558,0.7358367891354226,0.6210940186570408,0.2432021095886072,0.1506541953512325,0.5422650341375853,-0.18696010183455858
1399.0,0.11699782046288867,0.7353732761910095,0.6220627482594401,0.24202394901940483,0.15076448846345922,0.5422138808945763,-0.18687400544421462
1400.0,0.11719864519522279,0.7347283837779579,0.6229085704532694,0.24170972775479754,0.15066441263274002,0.542154695197765,-0.1867526122189611
1401.0,0.11742203620337117,0.7335156839727538,0.6239400011888896,0.242622508634805,0.15041347283243597,0.5420774542080684,-0.1866061178551114
1402.0,0.11780404981258713,0.7324741548399866,0.6254567563743236,0.24167677638720467,0.15050049751741656,0.5420066772983039,-0.1864817243749945
1403.0,0.11816648220753977,0.7312316903722385,0.6270849427375705,0.2410422619995748,0.15059890624322475,0.5419398407693585,-0.18638180579841665
1404.0,0.11799612257541776,0.729951850057361,0.6284850646685509,0.2413581056098398,0.15048274062785988,0.5418617304219376,-0.1862493049211004
1405.0,0.11787417344248624,0.7291785068536655,0.6295113908553108,0.24108047030259727,0.1504221813196993,0.5417794204432231,-0.18609251127283563
1406.0,0.11787237845911708,0.728486601141977,0.6303683355445941,0.24093388283041234,0.15036555817861064,0.541693397813866,-0.18593921235363625
1407.0,0.11801392248760757,0.7277698672149787,0.6316651672784858,0.2396306552176157,0.1504295172054988,0.5416031145417007,-0.1857843268984356
1408.0,0.11876969693479501,0.7259745290773664,0.6338498653164079,0.23893323431302876,0.15044769499239252,0.5414683849673158,-0.1856396636310976
1409.0,0.11974853492861025,0.7230533501315443,0.6367782348004204,0.2395153876694823,0.15041672618485863,0.5413457343892187,-0.18547411739836966
1410.0,0.12046586624339538,0.7204982978004532,0.6395339306343623,0.23951310925341995,0.15051191584502951,0.5412528226094457,-0.18531448139712045
1411.0,0.12095164563480447,0.7184396380008279,0.6415109333305681,0.24016433620505662,0.15033401888608383,0.5411250496867007,-0.18514540385442826
1412.0,0.12090492656728964,0.717308800139566,0.6432187636323676,0.23899729305024103,0.15034425447074834,0.5410069887599264,-0.1849498897882709
1413.0,0.12130150867358383,0.7155811764195926,0.6454750751561346,0.2378895779550813,0.1504138942986848,0.5408663038199685,-0.18477133579002794
1414.0,0.1226187298173574,0.7120863942896815,0.6488507752806045,0.23851684549158456,0.15027921010382084,0.5406848485624454,-0.18462784904553314
1415.0,0.12366696254083734,0.709168337107082,0.6518208984798739,0.23857130658482226,0.15024868158891252,0.5405387376088635,-0.18442612246082485
1416.0,0.12394535706458643,0.7080034318232823,0.6536165206557176,0.23696863276497354,0.15036361807303578,0.5404052806117654,-0.18418451761418803
1417.0,0.12474890583086547,0.706536642466369,0.655256723156996,0.23639439524639325,0.15027205330683735,0.5402476818289634,-0.18399009633336075
1418.0,0.12607209721960713,0.7039291521233972,0.6579048618631231,0.23611600502793065,0.15021519622003196,0.5400782494544336,-0.18381969608235
1419.0,0.12640948874158817,0.7005354453186035,0.6617465980614443,0.23529167210605112,0.15029558427544848,0.5399075538621692,-0.18363221308101224
1420.0,0.1274073560508052,0.6972738698734052,0.6651300396069335,0.23490114182010222,0.1502577838184267,0.5397221787416361,-0.1834901225389272
1421.0,0.12825656272865885,0.6951406308508508,0.6673540269591356,0.23445332191874835,0.15026364814762555,0.5395639656926345,-0.18331602494117538
1422.0,0.1284613727050163,0.6937330332928088,0.6686899317112024,0.23470391873415547,0.1501418620980906,0.5394151655321724,-0.18304693944674535
1423.0,0.1286801678769802,0.6924822624549376,0.670034267286966,0.23444362060346513,0.1501068516837359,0.5392687165647484,-0.18278803469173302
1424.0,0.129397695003245,0.6911679070818479,0.6713828058976743,0.23406898276557508,0.15003375563887208,0.5391139440083893,-0.18253051159962005
1425.0,0.1299950786368164,0.6894610796287897,0.6731718878186628,0.23363285012593843,0.14999313719098215,0.5389537212983823,-0.1823074919242678
1426.0,0.1305704482197933,0.6874669390766481,0.675211345293139,0.2333028180620546,0.14999694024876975,0.5387964174379785,-0.1821403070062608
1427.0,0.13134730965011215,0.6857887659324321,0.6766804391623629,0.23354921542060705,0.1498175762208018,0.538650491456921,-0.18191529370493442
1428.0,0.13091844462975277,0.6845303198097576,0.6782662475275393,0.23288086993522694,0.1499319888227958,0.5385370837804189,-0.1816898444228454
1429.0,0.13145692482619842,0.6831463230440342,0.6796930514925887,0.23248125511393034,0.14996945494041308,0.5384050892330241,-0.18149231464312557
1430.0,0.1322147997429533,0.6816546067269897,0.6810083867977861,0.23258078374595048,0.14978570790605097,0.53824837564499,-0.1812957541550426
1431.0,0.13156435812202916,0.6809868219469347,0.6823710843653032,0.230905762657999,0.15002654837670767,0.5381391279393822,-0.1810796313294415
1432.0,0.13185044359593562,0.6803581025006739,0.6832828879729276,0.22989738556280534,0.15011280554682185,0.5380277717319826,-0.1808575847380176
1433.0,0.1323658674628939,0.6788379128275316,0.6847830613672035,0.229631278582246,0.14998293982725372,0.5378779146131232,-0.18065802271056464
1434.0,0.1326937978602655,0.676620195225689,0.6869725631826673,0.22944752092015638,0.1499312413308414,0.5377245099431199,-0.18053009562214
1435.0,0.1333090011606037,0.6749065145681138,0.6889282370924902,0.22827130993560335,0.15002274050632997,0.5375881070768482,-0.18041219730474556
1436.0,0.13320622588407682,0.6738880783421083,0.6902110095326949,0.22746367088825206,0.15003523269583166,0.5374616943332476,-0.1802369929908545
1437.0,0.13293524246127922,0.6731301676791365,0.6908734084638366,0.22785506829908234,0.14991583860582525,0.5373454408843914,-0.18002943624472298
1438.0,0.13260288330839654,0.6723865640281357,0.6918816587841053,0.22718396530321477,0.1499400726646718,0.5372316819940716,-0.1798107286722964
1439.0,0.13351388122733682,0.6705586283836458,0.6941149453382223,0.22523235131297908,0.14996907707922713,0.5370740416454955,-0.17969057690288998
1440.0,0.13534190341781052,0.6662343707257302,0.6983100052433301,0.2240032790384881,0.14994109697779912,0.5368639537116013,-0.1796674123515502
1441.0,0.1369336014250534,0.6604796980679899,0.7035803626764908,0.22358539866636906,0.14989957476138518,0.5366332278942764,-0.17963902691152175
1442.0,0.13715338435421975,0.656120819911059,0.7079356663752228,0.2225342919940485,0.1499461358083454,0.5364440566762707,-0.17957209554926387
1443.0,0.1368779552902704,0.6537291012618028,0.7103343285299664,0.22209869254651682,0.14988143975458082,0.5362863115207033,-0.17941661470273035
1444.0,0.13711147589139305,0.6534077355875669,0.7110331645928305,0.22065949583536426,0.14997096305106614,0.5361426047954353,-0.1792259616102038
1445.0,0.13730861893607194,0.6542529884732937,0.7105749935645721,0.21950523629367255,0.15005922707314892,0.5360051947036608,-0.17893485841279033
1446.0,0.1363929817636928,0.6542195156562558,0.7109318276160083,0.2190198994216403,0.1500553049505107,0.5358447191303037,-0.17863628339231524
1447.0,0.13539816291934287,0.652009010914284,0.7132450638445621,0.21870771835033764,0.15002103562064922,0.5356602513978549,-0.17842946418076658
1448.0,0.13610418214173292,0.6483356232473506,0.716681973313339,0.21795302328643584,0.15002414250456936,0.5354598888494496,-0.1783087839855723
1449.0,0.13743786317187212,0.6449199008078438,0.7198533498464933,0.21679554890156916,0.15009793085588302,0.5352578290878829,-0.17820763824930796
1450.0,0.13785555898835947,0.6423072843882501,0.7223531659428629,0.2159701389778718,0.15017827793097493,0.5350689547411911,-0.17806141123065014
1451.0,0.13843599074180846,0.6400334977640261,0.7244237175549635,0.21541326711956885,0.15011945728828557,0.5348809476101726,-0.17792320660268499
1452.0,0.13841309354473774,0.6390103808231649,0.7255972076596624,0.21451396451539018,0.15017661125977239,0.5347136672714163,-0.177649890914071
1453.0,0.13862968378524002,0.6376505522981414,0.7268732757903625,0.21410003472504902,0.15012608294089153,0.5345266061437047,-0.17741674830401669
1454.0,0.13868892495787158,0.6352927205991751,0.7292944441493825,0.21283363216505863,0.15017284199520498,0.5343386363499557,-0.1772870987782001
1455.0,0.1382849633183246,0.6326081496879176,0.7320831109681238,0.21151481391078214,0.15030006495134943,0.5341452261321227,-0.17713278266468657
1456.0,0.13841190225846806,0.6299747070977021,0.7345449180105758,0.21075525415797686,0.15031622705185851,0.5339605246611564,-0.17699918780773122
1457.0,0.13913559640195838,0.6280508523427876,0.7363652226265236,0.2096656185252123,0.1502980552379936,0.5337660246916762,-0.17683503827794417
1458.0,0.13991007041475967,0.6254160915434416,0.7385261156162967,0.20942555046547454,0.15020021468614944,0.5335536465582181,-0.17666707371470178
1459.0,0.1404186963786697,0.6221235728701575,0.741308521665631,0.20906105685301973,0.150158542793081,0.5333629652938117,-0.17658136151279497
1460.0,0.14084468670874242,0.6194717710287972,0.7435448406853572,0.20870689738134812,0.15009561530496085,0.5331710541760682,-0.17644771663522157
1461.0,0.1406253063357984,0.6178914112909657,0.7450026929789063,0.2083403814074431,0.15006822923557764,0.5329820299848645,-0.17625015118890355
1462.0,0.1406820051580777,0.6164160945980287,0.7466437994176348,0.20679170325817076,0.15018989283099823,0.5327994084425057,-0.17609771591573095
1463.0,0.14099723185291468,0.6136961815491007,0.7491819458339326,0.20548282020244663,0.15030501071344546,0.5325662978400633,-0.17592929744071986
1464.0,0.1424963005045758,0.6093895918873731,0.7527118648723431,0.20436236963357496,0.15029092484863282,0.5323073042663399,-0.1758415208540135
1465.0,0.14467970831122276,0.6049396094160799,0.7563088235129629,0.20276295134698052,0.15022800264597957,0.5320372450121832,-0.1757516247757294
1466.0,0.14573219579863017,0.6005123169015437,0.7600189894011667,0.20129138110430583,0.1502348009969736,0.5317710950326474,-0.1757248452447912
1467.0,0.14590269554344543,0.5970673669858979,0.7629133198524745,0.20046503212620365,0.15019882693083927,0.531509989506779,-0.17559649953498302
1468.0,0.14572404029680253,0.5956484319765063,0.7644655526918313,0.19889662719884982,0.15026894730158863,0.5312714305761965,-0.1753418026273447
1469.0,0.14572398082187754,0.5946881554357337,0.765651460132798,0.1972013204681555,0.15032485317941768,0.5310335161845467,-0.17509881108485434
1470.0,0.14609975361157723,0.592657292881132,0.7674323978632162,0.19611147314565464,0.1502017186841221,0.5307579587704402,-0.1748823839072993
1471.0,0.1460463008638591,0.5888841457714232,0.7707171377145201,0.19463050761939119,0.1502443410934571,0.5304723708460933,-0.1747536582305
1472.0,0.1466664589150869,0.583960977792499,0.7748601032225599,0.1925366112687697,0.150305698077318,0.5301769007181895,-0.17471114535931465
1473.0,0.1480264510236774,0.5786806678067595,0.7790951163619355,0.19033563556265484,0.15038256561865615,0.5298878597024321,-0.17469497130517586
1474.0,0.14934832675178444,0.573742725705543,0.7826757127813782,0.1895602559044962,0.15033390440818628,0.5295974741391347,-0.17464636515429455
1475.0,0.1499741336479411,0.5714619131551433,0.7843793606605574,0.18891283603648665,0.15022312298510015,0.529319608826175,-0.17445853077215787
1476.0,0.149691225630192,0.5710546515743221,0.7851231725744121,0.1872717965187241,0.15023883284527179,0.5290647952132645,-0.17419776294648334
1477.0,0.14844266899382663,0.5700345397268298,0.7862875450037163,0.18648671296486244,0.1503256861270579,0.5288181653979541,-0.17395434329528142
1478.0,0.14717404008535873,0.5679031115787574,0.788232232059799,0.1857842999990731,0.15038824333557288,0.5285578077375305,-0.17378840735486986
1479.0,0.14653917124632262,0.5634431580321494,0.7916601558291394,0.18528970999432726,0.15035609894466107,0.5282654791189708,-0.17375072842118658
1480.0,0.14752651502540676,0.5574584879578763,0.7957808917589554,0.1849560322874019,0.15029540525183724,0.5279770286639072,-0.17378781273368002
1481.0,0.14932915973357727,0.5524166317620873,0.7992582923180459,0.18363782063272022,0.1503853490441339,0.5277389387065055,-0.17378276607844326
1482.0,0.15083540403303852,0.5486450716271211,0.8017512010366565,0.18284495592096592,0.1503702716243116,0.5275276880088049,-0.17373069345093756
1483.0,0.15156075614636394,0.5464268556394205,0.8028801245130629,0.18393078669501475,0.15014135933349332,0.5272818286970892,-0.1736072232243277
1484.0,0.1524630929253767,0.5458638346182424,0.8028689814235974,0.1849028880773129,0.149800442125386,0.5270496701393751,-0.17342510062843525
1485.0,0.15182770267213153,0.5456014537796077,0.8031783840455823,0.18485639219894082,0.1497917626315431,0.5268782198841013,-0.17324773945759064
1486.0,0.15056898220102777,0.5443786842501039,0.8046270434915793,0.18318337974574114,0.15013894878029235,0.5267656035791358,-0.17317482236839293
1487.0,0.15208033735842763,0.5409538363996341,0.806912494871899,0.18202401900043913,0.1502420603816089,0.5266527528527427,-0.17320972501730933
1488.0,0.15473709210793607,0.5372362913459308,0.8087299267832582,0.18272795383300308,0.150013558500053,0.5265100029467198,-0.17324579027611742
1489.0,0.1554569374537064,0.5349139438196985,0.8101313228010748,0.18272233886788888,0.1500470316737476,0.5264152128223748,-0.17325526072206662
1490.0,0.15583702574924121,0.5328881846295095,0.8113783377464657,0.18278456478509958,0.15001134745859257,0.5263432554659215,-0.17327718910682463
1491.0,0.1565853337718986,0.5314479684193568,0.8122456199222402,0.18248600775845084,0.15000100229052027,0.5262862624796788,-0.1732848724833953
1492.0,0.15740800465357416,0.5306668936478817,0.8127309348350436,0.18188951486890173,0.15006087554946965,0.5262431242112792,-0.1732534786132821
1493.0,0.1580978969319127,0.530111672500757,0.8129475329958841,0.1819422388013914,0.15004199523611858,0.5262033123168425,-0.17322645983364846
1494.0,0.1581891018682677,0.5299325568993077,0.8130617886783185,0.18187418997616486,0.15005913264146883,0.5261846323167886,-0.17320232952451653
1495.0,0.15829851936010583,0.5297552900500175,0.8131663103882091,0.18182811411343044,0.1500624640724837,0.5261748760215114,-0.17319558579670724
1496.0,0.15833195220022955,0.529588911551378,0.8132512595581516,0.18190372866263893,0.15005478855880672,0.5261631751385282,-0.17318855760924456
1497.0,0.15812305603146934,0.529761917248446,0.8132379040257636,0.1816411892724293,0.15010391506365134,0.5261707272187404,-0.17318030789506933
1498.0,0.15829940865236425,0.5298803768441845,0.8130979345565046,0.18176862291309465,0.15004194610845964,0.5261807282976073,-0.17320240129465378
1499.0,0.15822983780189445,0.530123033848211,0.8129158805245214,0.18193586398452824,0.1500255709947224,0.5261873781604222,-0.17320299460319818
1500.0,0.15810585522668621,0.5303928424338785,0.8127780533036817,0.18187305272037046,0.15004339479361106,0.526200531093453,-0.1732075802680706
1501.0,0.15807406894126186,0.5306575380573539,0.8126177554586019,0.1818448502011673,0.15003185425784604,0.5262078819203173,-0.1732114017887797
1502.0,0.1580007372290313,0.530850704289434,0.812478931873672,0.1819650572277862,0.15000141812242285,0.5262063935173611,-0.17320320488875665
1503.0,0.15792602293382552,0.5308291124266283,0.8125014552058532,0.18199233491835223,0.1499763038989821,0.5262106695368519,-0.17321189122739727
1504.0,0.158067044944181,0.5306575167535983,0.8125858733722345,0.18199342738517177,0.1499557658287784,0.5262077651938301,-0.17323030849651855
1505.0,0.15822426267564052,0.5304911962341531,0.8127322009976934,0.1816880372513612,0.14998530187938072,0.5262007070762266,-0.17323613739675692
1506.0,0.15811494039540605,0.5301044021455172,0.8130260169977369,0.18159758846002436,0.15000632314196904,0.5261889163558051,-0.17322694479330392
1507.0,0.15815919999080447,0.5295301345970229,0.8133619911653829,0.18172995168494188,0.1500141610228298,0.5261663539646009,-0.17322048906180984
1508.0,0.15834449142596926,0.5290210071681773,0.813656359334217,0.18173366480871378,0.15006991525448268,0.5261371599393015,-0.17320234776030635
1509.0,0.15885840398278828,0.5288201530319601,0.8136544542584124,0.18187820731671075,0.1500539474422262,0.5261060289475432,-0.17316719369867867
1510.0,0.15943954134260038,0.5293695848130737,0.8131366429754855,0.18208699893691768,0.15001949863885597,0.5260678416710177,-0.17308872727330044
1511.0,0.1600571911811868,0.530721908962164,0.8120773545737774,0.1823357372738569,0.14995276304606656,0.5260181625297966,-0.17298322397910515
1512.0,0.1609047379808898,0.532699183504948,0.8105841219685986,0.18246815174396555,0.14984638688856575,0.525960706819179,-0.17284624899381748
1513.0,0.1618381016691256,0.5338609310849134,0.8095528790767592,0.18282524740257639,0.14969480279355019,0.5258918365165974,-0.17272989551996165
1514.0,0.16216857581525973,0.5331115595186475,0.8100643643038775,0.1824531277084635,0.14976815018642828,0.525826832444103,-0.17268709909560565
1515.0,0.16298601819546976,0.5312161361109904,0.8112401769813654,0.18202843145876596,0.1498117395876933,0.5257421883166341,-0.17268780049390595
1516.0,0.1640595701075197,0.5299033881077017,0.8118098763942385,0.1823501612746352,0.1495998230587349,0.5256182758916417,-0.1726635571615316
1517.0,0.16393040880624873,0.5296046565558187,0.8120691415183353,0.18217968661923664,0.1495875411949696,0.5255186620213042,-0.17257073760306307
1518.0,0.1640623363145739,0.5294892551102861,0.812066224611853,0.18240922501455287,0.14952665521775058,0.5254173091576353,-0.17248037229129268
1519.0,0.16335380321970433,0.5289401905175629,0.8125600304595558,0.18243904935201757,0.14956251997360268,0.5253119516538044,-0.172405358193282
1520.0,0.16359798915724424,0.5275303665036947,0.8134680955209704,0.18225550178161704,0.14955554954564318,0.5252088549103613,-0.17237290959407475
1521.0,0.1637818263247362,0.5259125550426659,0.8144378247591703,0.1824349950414667,0.14948573512613503,0.5250941130706386,-0.17234283336973263
1522.0,0.1640815807263779,0.5252247409753069,0.8147515838963647,0.1827458970048845,0.14938229574787704,0.5249684046969476,-0.1722697892623225
1523.0,0.1638696651175017,0.5248432089925544,0.8150582738372908,0.18266458079784192,0.14943804307197836,0.5248557528472746,-0.1721744442141343
1524.0,0.16313104229244232,0.5245562766794901,0.8153536587845832,0.1828315802680849,0.149469254190465,0.5247143819063105,-0.17206088946453693
1525.0,0.16287322146065322,0.5245398927125533,0.8153226522705999,0.18324624792493438,0.1493827609164271,0.5245584184849501,-0.1719076532152452
1526.0,0.16233273607953358,0.5245359193320336,0.8155014397697216,0.18294139460751357,0.14940448013273777,0.5244123063761846,-0.1717547168163297
1527.0,0.1622889193299597,0.5241424238283297,0.8158812783472189,0.1824137216565287,0.14943071300563934,0.5242800369332048,-0.1716561447874834
1528.0,0.16211074627002633,0.523069317411597,0.8167187252264463,0.1819041478109549,0.1494801567924452,0.5241541438561805,-0.17161273962432008
1529.0,0.16188676438271074,0.521335113587716,0.8178612635996755,0.18194869705859992,0.14949067875401278,0.5240166659360692,-0.17158756291759986
1530.0,0.1619305114135983,0.5195571171060007,0.8188942850326452,0.18234873588458117,0.14943348756069838,0.5238795293446004,-0.1715245197301482
1531.0,0.16148590809826407,0.518065234572899,0.8199163416410326,0.18239492022145676,0.1494927792644873,0.5237464605762241,-0.171430469173567
1532.0,0.16111569792011765,0.5171667749422859,0.8206776785523298,0.1818472070323523,0.14964592916895222,0.5236238531940478,-0.1713562413967149
1533.0,0.16084080638811488,0.5165999874526129,0.8211215802526269,0.1816976565831542,0.1496888921130772,0.523497749506483,-0.1712962455119702
1534.0,0.16061794227244522,0.5159124612972933,0.8215475581332046,0.18192256216232008,0.14966676713278032,0.5233741013727972,-0.17121967988710046
1535.0,0.16045924235013745,0.5151017868347344,0.8220943741296464,0.18188958400213243,0.14964541203241002,0.5232517624951545,-0.17113490762570743
1536.0,0.16073266352695748,0.5142351781615625,0.8225846169165679,0.18188386522421116,0.1496031710734601,0.5231251045357345,-0.17104158617702697
1537.0,0.16100723238312128,0.5128889923993235,0.8232817436084934,0.18228747416345772,0.14951855316727286,0.5230018074852476,-0.17101028139621458
1538.0,0.16085834255888332,0.5115344245583421,0.8240953842289883,0.18254841498476743,0.14948613241793882,0.522879238856404,-0.17098877693155723
1539.0,0.1603920151864598,0.5103296962846959,0.8249606514979058,0.18242238358969975,0.1495465090216776,0.5227678938629994,-0.17093385117066717
1540.0,0.15972681054731494,0.5092438835148196,0.8257862677632085,0.18230483556076477,0.14965724137302916,0.5226524666997497,-0.17084573840997763
1541.0,0.1596991228938117,0.5085437686559887,0.826298845958954,0.1819605525244753,0.1496747391195137,0.5225354538870359,-0.17077543504821333
1542.0,0.15951697021917102,0.5078462528922991,0.8267899087767403,0.1818377474021733,0.14968974379998115,0.5224323509562574,-0.17072580992123454
1543.0,0.15962836280710135,0.507035723617381,0.8271061900892157,0.18256207459224746,0.14955008341485077,0.5223030902895245,-0.1706569721662971
1544.0,0.15963433216927705,0.5063334051335251,0.8274948962712656,0.18274451970925293,0.14949377606433242,0.5221952615469856,-0.17060112003793784
1545.0,0.15960231885004808,0.5055829420395299,0.8279903073233993,0.18260624171929024,0.1494917937792975,0.5221082084585522,-0.17055289197913276
1546.0,0.1597282654117187,0.5044657027749497,0.8285220532151745,0.18317326029868863,0.14939273277436577,0.5220018356756887,-0.1705228855738702
1547.0,0.15952352616776216,0.5035571403119062,0.829070203711662,0.18337134006545847,0.14940389393773573,0.5219129706353527,-0.17049519285160877
1548.0,0.1592183902538502,0.5031436096358468,0.8294921391138378,0.18286279948620704,0.1494792922481984,0.5218460917781351,-0.17045432806325816
1549.0,0.1591638050701979,0.5027677102058561,0.8297670998580899,0.18269666861503203,0.14946759797232081,0.5217659833496718,-0.17041142878244586
1550.0,0.15908581268404579,0.5022775609696669,0.8301283259221578,0.18247169219003523,0.14947369602521782,0.5216818882164844,-0.17037785112150663
1551.0,0.15884982824378718,0.5017290860962687,0.8306358073918685,0.18187581397860753,0.14954454151043733,0.5216163596004922,-0.1703365749754201
1552.0,0.1586122827269376,0.5013038259158796,0.8312461969814444,0.1804615690227073,0.14968211579403912,0.521565676605,-0.17028670073107435
1553.0,0.1585886230441714,0.4993558996892113,0.8325643023642054,0.17980549634350948,0.1497159242875291,0.5214496781733817,-0.17027990151850453
1554.0,0.15980633440339603,0.49429422528044265,0.8353913337809383,0.17960087355762466,0.14963409477211267,0.5213085413530144,-0.17046540989355063
1555.0,0.16038085597289853,0.4900486204349251,0.8381468180570076,0.17787704188045306,0.14978607110847308,0.5212270180409729,-0.17056969418725393
1556.0,0.1598509956723022,0.49010547308345825,0.838366178035562,0.17716217418584995,0.1498793857756039,0.5211288090220546,-0.17043388225321476
1557.0,0.15978890614817018,0.4908949327470646,0.8378161546766231,0.17763378461909504,0.14975840309793756,0.5209612077245025,-0.17029446478297777
1558.0,0.1590703269051804,0.4892770955753118,0.8390586633452927,0.17687598567605872,0.14989201933572704,0.5208343194381038,-0.1702505171045858
1559.0,0.15910713679522992,0.48724070171382683,0.8402257954796529,0.1769237977911001,0.1498406737590279,0.5206892611919818,-0.1702208212585006
1560.0,0.15838892647022332,0.4862969369603497,0.8409315340796646,0.1768117418754025,0.1499512776019084,0.5205600677199035,-0.17012907634832816
1561.0,0.1580185537756319,0.48531545835957635,0.8416269781510034,0.1765306550950922,0.1499145891850781,0.5204001747671587,-0.1700735790260243
1562.0,0.15799429129742182,0.48443964867543304,0.8421798900434255,0.1763209106007908,0.1499054077689371,0.5202607204730153,-0.17000478266767624
1563.0,0.15772039740460708,0.4833906322257687,0.8428113107649668,0.17642807986696107,0.14987148441077933,0.5201136131375427,-0.1699551153818545
1564.0,0.15754703661040884,0.48249781334381014,0.8432801050602972,0.17678646945740575,0.14982309042965802,0.5199502739322057,-0.16989269637793925
1565.0,0.1559991818382312,0.481426302236328,0.8442897368791825,0.17626063366883465,0.15000927197424158,0.5198172304096482,-0.1697823226172188
1566.0,0.15490361044273843,0.48031180328232675,0.8452862613884077,0.1754895421599032,0.15014858985580892,0.5197036594188245,-0.16969884602357577
1567.0,0.15465875805635781,0.47915056295795616,0.8461976741616842,0.17448467788575173,0.1501250393278982,0.5195744955292353,-0.16967673128670602
1568.0,0.15438876686250744,0.4777784744294418,0.8469086402488891,0.17503597661717205,0.1499096477057313,0.5194080115039916,-0.16963902263937153
1569.0,0.1543164262138767,0.4763654686624007,0.847609108987756,0.17555961730310032,0.14976852257230833,0.5192666020141462,-0.16956755937172932
1570.0,0.15392815930991896,0.4754159993786244,0.848366877428197,0.1748124440336402,0.14978352830122751,0.5191460829201103,-0.1695087832071403
1571.0,0.15357451479973902,0.47437685734915563,0.8492075956871712,0.173861798687284,0.14987868214747357,0.5190524721012602,-0.16949311862603125
1572.0,0.1527674777233894,0.4734218208664829,0.8499750946842324,0.17342495695264762,0.1500237754940457,0.5189483111923401,-0.1694511753630467
1573.0,0.15238304813902992,0.4729553828807535,0.8502899082888942,0.1734926059117274,0.15003674950145146,0.5188148250443823,-0.1693758640106846
1574.0,0.1518501571915819,0.4726340977702514,0.8505927550599919,0.17335081316580264,0.14998233592674098,0.5186783003840131,-0.16927967917811287
1575.0,0.1515517000481206,0.47203695209323,0.8510067102070861,0.17320732448014664,0.14988188515518835,0.5185551888937356,-0.16921186399959412
1576.0,0.1523489681928783,0.4706957648053989,0.8515989267044849,0.17324709787062917,0.14965726122106773,0.5184418839038993,-0.1692348636563068
1577.0,0.15248829839181982,0.468763657354503,0.8526235541677288,0.17332347583517724,0.14951872358013862,0.5183310153104024,-0.16926497114015968
1578.0,0.1516924800936073,0.4677367095505969,0.853403557463253,0.1729570181602802,0.14959161496340262,0.5182061256072515,-0.16916605490907236
1579.0,0.15070490478169266,0.46709473885716285,0.8540338418928364,0.17244342118057593,0.14973071265142002,0.5181178425862225,-0.16911014734844823
1580.0,0.15020079347827334,0.46577752318972326,0.854916045413754,0.1720743322632755,0.14980394737825503,0.518056869424832,-0.16912809139913812
1581.0,0.14921714045757575,0.465184185337391,0.8555311430233211,0.17147705975687152,0.14995938796684846,0.5179961974525957,-0.1690749856990627
1582.0,0.14858310664760438,0.4642382244267373,0.8561964698014015,0.17127036083244151,0.15000514386816488,0.5179183305284059,-0.16903103459021912
1583.0,0.14929576226022817,0.4632764483425325,0.8564168881285792,0.17215057801363018,0.14973331752574903,0.517814849703444,-0.16901981906691277
1584.0,0.1496044338865955,0.4627062869607119,0.8566571563855871,0.17222056143754244,0.14955931626051228,0.5177074644338986,-0.1689783799344522
1585.0,0.14930554326488868,0.4621787961194782,0.8571508215018874,0.17143828150843593,0.1495891824525218,0.5176136123096385,-0.16894389301754958
1586.0,0.1489385315626332,0.46155300451588943,0.8576143141354275,0.17112517648885572,0.1495820226668459,0.5175272051611157,-0.16893277309451543
1587.0,0.14891886837301854,0.4604188172798558,0.8583272543123189,0.17062241306989576,0.14955383580366607,0.5174619146856617,-0.1689573911742004
1588.0,0.14865443027464548,0.4596091495701698,0.8589687330686832,0.16980578789160064,0.149588957754917,0.5174136110170612,-0.16895868815975607
1589.0,0.14844291947259797,0.4590121667895485,0.8594039079071828,0.16940322745295708,0.149579061790158,0.5173443183567094,-0.1689352978303624
1590.0,0.14809549430601882,0.45834349916549666,0.8598664695112875,0.16917037550699657,0.14957898056195146,0.5172681945354888,-0.16890869126592042
1591.0,0.14725368170054767,0.45750444408378094,0.8604893607241376,0.16900916232497326,0.1496445822668232,0.5171989342154193,-0.16888599750188305
1592.0,0.1468413412048471,0.45671999048796974,0.8609705482901028,0.16903900667854807,0.14962556213740383,0.5171177115710102,-0.16887133199079082
1593.0,0.14694748355713655,0.4560122235000702,0.8612868180238703,0.1692462885651073,0.14950688360620007,0.517013462973603,-0.16884957186454913
1594.0,0.14722380931361975,0.4555825237142072,0.8614678301781312,0.16924210949277188,0.14939296610543823,0.5169239136643753,-0.16881902528809545
1595.0,0.14746773415096215,0.4550721433908155,0.8617242334813907,0.1690974781745134,0.14929164621130797,0.5168471612578753,-0.16881044047517013
1596.0,0.14722600511537615,0.45452370411045395,0.8621077088149313,0.16882832766259753,0.14929556623461654,0.5168017784955534,-0.16879423601741123
1597.0,0.1469122912787808,0.45390180762132,0.8625422922540054,0.16855480349881155,0.14931473329176137,0.5167594218916826,-0.16878194760353438
1598.0,0.1469343875254039,0.453311858820193,0.8628799506533296,0.16839487871079556,0.14926113924810694,0.5167026764044523,-0.16878257057148646
1599.0,0.14682809758912704,0.4528625791720714,0.8632188367833776,0.16795902466473628,0.1492651514068381,0.5166552781614572,-0.1687860781904157
1600.0,0.14649621193875287,0.4528314787788823,0.863521652982002,0.16677189974860096,0.1493887993034559,0.5166049180161785,-0.168751851971137
1601.0,0.14611427233276328,0.45260203691966083,0.8640422642483844,0.16502418365005253,0.1495576954919584,0.5165555778052704,-0.16874733557418506
1602.0,0.14584559213993198,0.45187048700119464,0.8646681025106431,0.16398536133234484,0.14967081894194317,0.5164867694720336,-0.168740602051179
1603.0,0.14592854925154844,0.4513474668329722,0.8649301699171272,0.16396988706444454,0.14961598659504774,0.5163644366534962,-0.1687027410256584
1604.0,0.14571068089126218,0.4505747746933433,0.8653210013747463,0.16422647309144148,0.14959238199562605,0.516261686156933,-0.16867747463173388
1605.0,0.14598399829426495,0.4495423490690289,0.8657908001325171,0.1643369679695212,0.14949357012791067,0.5161478920372158,-0.16865718222275627
1606.0,0.14583365259577163,0.44884526971639793,0.8662316667703405,0.16405233649072914,0.14948282998329923,0.5160548699853216,-0.16860633589440793
1607.0,0.14589547648450943,0.44794617138838483,0.866640287668585,0.1642965284768905,0.14942811795002234,0.5159630267045161,-0.16858107833689415
1608.0,0.14610600731003212,0.44677617832807687,0.8670873093334952,0.1649353785556001,0.14928662497606285,0.5158399227450036,-0.16857300614414267
1609.0,0.1456963841994778,0.4458043493181883,0.8677262812224968,0.16456654166616425,0.14933669419163162,0.515749664971914,-0.168573547961631
1610.0,0.14532760637531683,0.44491180276135656,0.8683211410141024,0.16416994443815786,0.14937740355240545,0.5156554444748899,-0.16857616720741653
1611.0,0.1451053707469764,0.4440151221466244,0.8688397063378348,0.16405050251762687,0.14935735438988734,0.5155531996588157,-0.16857015110374068
1612.0,0.14468041021000147,0.44322038382163476,0.8693826436901575,0.1636981646713884,0.14939123045160113,0.5154856042061533,-0.16856348718684822
1613.0,0.14410159039590834,0.44247792770011485,0.869937956851919,0.16326655007040028,0.14947366759176628,0.5154297695834223,-0.16854510933125683
1614.0,0.14386955687366992,0.4415984616030468,0.8703704670402845,0.16354693338266324,0.1494285554808554,0.5153485059402744,-0.16852109181420521
1615.0,0.1440849518014433,0.44075847848906785,0.8706610928941143,0.16407544491728288,0.14925107245872765,0.5152416376261206,-0.16849126782616825
1616.0,0.143942420515438,0.44014029570638763,0.8710297358242792,0.1639033220576591,0.14923550540660802,0.5151608717477124,-0.16845555525854256
1617.0,0.1434295809444453,0.43968455062961287,0.871458480125197,0.16329595422305487,0.1493801765333018,0.5150962296404971,-0.16840656280306615
1618.0,0.1436907388135772,0.4390720067255352,0.8716809362984327,0.16352703074142644,0.1493076556121662,0.5150031262217637,-0.16838630983678246
1619.0,0.1438936382154908,0.4382215892886096,0.8719805416134747,0.1640316878226456,0.1492040292586867,0.5149208990829779,-0.16839964776508648
1620.0,0.1434134718640793,0.4374512308976981,0.8724555533796432,0.1639826333823194,0.14928746546846636,0.5148816312809659,-0.16839969035754634
1621.0,0.142868153436093,0.4366994250539879,0.8729464064794467,0.1638501580893285,0.14936492426527162,0.5148532566128871,-0.1684090859131585
1622.0,0.14278497723740657,0.43609104038372953,0.8732678327126454,0.16383023872810806,0.1493622547984665,0.5148098825019055,-0.168418396190268
1623.0,0.14262697456789733,0.435661429550848,0.8735354355122349,0.1636841709872096,0.14938262125467963,0.5147618173916233,-0.16840742359308472
1624.0,0.14258522599014958,0.4352480139175502,0.8737646783270601,0.1635967805862177,0.1493987681110489,0.5147139479024649,-0.16839340755378673
1625.0,0.14257975216031077,0.4348062315792109,0.8740201651379484,0.16341146283545482,0.1494131762204367,0.5146756084413601,-0.16839227237028673
1626.0,0.1424275180396979,0.43446540841647985,0.8743030297554183,0.16293686861802975,0.14950181608818192,0.5146430164202721,-0.16837857267963344
1627.0,0.14183793050728766,0.43420754673438633,0.8746181994527108,0.16244633887660814,0.14966541400191052,0.5146047020703964,-0.16833091209368994
1628.0,0.14183424202543782,0.43398198273647953,0.8748224944457665,0.16195150404016048,0.1497288869391593,0.5145626887122958,-0.16830737601784101
1629.0,0.14177922767935613,0.4338580602708508,0.8750276651889977,0.16122164647016696,0.14978664511891146,0.5145287617010078,-0.16827826191915965
1630.0,0.14194905533035992,0.4335184723829653,0.8751663276829069,0.16123305704344137,0.14975037500987326,0.5144817398889961,-0.16826881422730255
1631.0,0.14167205575367217,0.43305838384309125,0.875389324005942,0.1615023102564105,0.1497430974564243,0.5144315998610398,-0.16825591935898496
1632.0,0.14200361785720045,0.43283334242683213,0.875469346058115,0.1613805883979209,0.1496813410304635,0.5143874462372989,-0.1682533748268247
1633.0,0.14204430703915857,0.43245020899776254,0.8755942334651987,0.1616940626555214,0.14961277399836448,0.5143488375678967,-0.16824972565026336
1634.0,0.14221715800863208,0.432058772293116,0.8756577031057381,0.16224390356526855,0.14951607620181623,0.5143039475534412,-0.16824493119323214
1635.0,0.14215202250232456,0.4317945277898209,0.8757811568986933,0.16233808391887075,0.14951068631829056,0.5142858766016889,-0.16824434142330022
1636.0,0.14227746117322773,0.43159284552627647,0.8758544299469598,0.16236920051203754,0.14949927264059748,0.5142735745313239,-0.16825010877906837
1637.0,0.14223163868399352,0.4314595378426159,0.8759327562295915,0.16234110608817795,0.14950849672187358,0.5142686749431754,-0.16824950711400855
1638.0,0.14234196327169227,0.43137114849640734,0.8759288672676041,0.16250020684338387,0.14948614669967428,0.5142587929848477,-0.16824885751144836
1639.0,0.14217720962828395,0.43134358186854455,0.8759629168168249,0.1625340696742978,0.14951151620753628,0.5142534705233104,-0.16824268560540262
1640.0,0.14232900264154452,0.4313044651263836,0.8759512028484122,0.16256815062467495,0.14949302699618208,0.5142518658445133,-0.16825489466014126
1641.0,0.14223239313616645,0.43133379787564236,0.8759671616810565,0.1624888698014959,0.14952250607697715,0.5142581736233867,-0.16825634661400043
1642.0,0.1422983275205898,0.4313989161206861,0.8759137668220809,0.16254609883443458,0.14951098058138904,0.5142571128975324,-0.16825055421902427
1643.0,0.14224821700318477,0.43140575055277347,0.8759045904205112,0.1626212520849897,0.1495055621186514,0.51425972298349,-0.1682521960226876
1644.0,0.1423947361581237,0.4314244197357728,0.8758659078346007,0.16265183879434214,0.14948670157595212,0.5142588421285914,-0.16826212434247234
1645.0,0.14237555380768685,0.43148384446954213,0.8758613816575186,0.16253533080755428,0.14950209753234103,0.5142598735306552,-0.16826452114319418
1646.0,0.14236366120549296,0.4314844022745363,0.8758681911835784,0.16250756977679673,0.14951775342588416,0.5142609488849625,-0.16826546938140358
1647.0,0.14234555025595885,0.43145779374594095,0.8758695452544553,0.1625867652484883,0.14950926786015656,0.514253001252366,-0.1682645110042782
1648.0,0.14244147907191892,0.4314413687484212,0.8758544811366298,0.1626274830561488,0.14949752601733834,0.5142508725025527,-0.16826643140604117
1649.0,0.14233253446958596,0.4314096675124568,0.875878088466647,0.16267981605678092,0.1495095483228214,0.5142528017700723,-0.168261768215723
1650.0,0.1423286672720842,0.43136701170118996,0.8758937528160927,0.16271197087577577,0.14951120884840008,0.5142552908316382,-0.16826512869479063
1651.0,0.14232064550528822,0.4313718656656097,0.8758915133242396,0.16271817434356495,0.1495063196007911,0.5142517695032933,-0.16826195870288213
1652.0,0.14241089932551967,0.4313596680900437,0.8758899958519824,0.16267970882983004,0.14950006513591796,0.5142533343021541,-0.1682649651506631
1653.0,0.1424662697534834,0.43134026016199145,0.875887032199823,0.16269864403276235,0.14947777483383465,0.5142483929184023,-0.16826565626570575
1654.0,0.1424410240060593,0.43132678093615745,0.8758992729511191,0.16269058476463244,0.14948264738853825,0.5142468019489979,-0.16826081467146936
1655.0,0.1423730604277762,0.4312913830360872,0.8759212548266984,0.16272556629512766,0.1494831165728366,0.5142462799778761,-0.16826035679051835
1656.0,0.1423881497495246,0.43127899714197415,0.8759262244004998,0.16271844038892885,0.1494764263257193,0.5142472613447315,-0.16826074448038553
1657.0,0.14234204688508442,0.43128971124744664,0.8759405760463318,0.16265310908887903,0.1494866465407209,0.5142457283516827,-0.16825548269099005
1658.0,0.14244925019561522,0.43123801935023015,0.875940956035081,0.1626942633467624,0.149467508524671,0.5142418875659018,-0.16825914322333158
1659.0,0.14247979224682875,0.43118019743607616,0.8759626882891274,0.16270376414075963,0.1494504557252654,0.5142418678737319,-0.16826049531944207
1660.0,0.14250050688698082,0.43117276239306884,0.8759815270569175,0.16260387068675375,0.1494527228085365,0.5142441752432108,-0.16825629901400885
1661.0,0.14276667829730574,0.4310996861983657,0.8759384864189242,0.1627958971772574,0.14937502909715836,0.5142278056967499,-0.16826305190062638
1662.0,0.14293661892779558,0.43101528258377897,0.8759277939394834,0.1629277415083914,0.14933638582688719,0.5142169093700841,-0.1682667276937129
1663.0,0.14322110687572262,0.4309144906518821,0.87588742293811,0.16316138829502064,0.14925679006574247,0.5141992150310482,-0.1682794387468858
1664.0,0.14342771797012618,0.43079402154170277,0.8758749578821031,0.1633648030538793,0.14919703068645832,0.5141902335093639,-0.16830049802921931
1665.0,0.14327692061254751,0.43076628917336873,0.8759116208078728,0.1633736841272691,0.14921793448811935,0.5141870492819519,-0.1682993214446819
1666.0,0.14317637226426033,0.4309062174917538,0.8759220724265474,0.1630364412889879,0.1492621924466649,0.5141916269515502,-0.1682853001170815
1667.0,0.14305044344621856,0.43088225982958317,0.875949508333339,0.16306289475099342,0.1492671423131166,0.5141955873540776,-0.1682847468670198
1668.0,0.14293893832257593,0.43085895087585324,0.8759670156137087,0.16312820699739963,0.14927486977481141,0.5142000897512915,-0.1682820250961458
1669.0,0.1429504523061533,0.4308730219766286,0.8759523054194418,0.16315993916571186,0.1492738104734907,0.5142013684219974,-0.16828249657912323
1670.0,0.1430232435591584,0.4309554985018747,0.8759289996164928,0.16300336727708492,0.14928393464119463,0.5142069471668732,-0.16828539997730174
1671.0,0.1429582484994766,0.43099555571466464,0.8759141672048609,0.16303417381023025,0.14930088650151696,0.5142061059165992,-0.16827809578836805
1672.0,0.1430605448341826,0.43099695408177613,0.8758871447336811,0.16308591531538766,0.1492891914369137,0.5142035554589914,-0.16828073497942914
1673.0,0.143016450924336,0.43101072234623317,0.875907754528501,0.16297747557384915,0.14932676612549112,0.5142101068294705,-0.1682848279300956
1674.0,0.14302333974553555,0.43099468060438256,0.8759038695892537,0.16303472273516187,0.14933074423796588,0.514208265060461,-0.16829208647124944
1675.0,0.14284099580824478,0.43101974545082217,0.8759336431678267,0.16296834574467486,0.1493779903548735,0.5142126850724177,-0.16828780303154017
1676.0,0.1426227973903576,0.4310716037042005,0.875967261552942,0.16284153902452989,0.1494408371718009,0.5142208778703964,-0.1682784462272574
1677.0,0.14283455323714248,0.4310419063697729,0.8759256543494388,0.1629583180054502,0.1493893958363295,0.5142162160822502,-0.16829226817519877
1678.0,0.1427243109705341,0.43104464499219003,0.8759367413730917,0.16298806764371615,0.14941887057971565,0.5142217183654868,-0.1682869002337883
1679.0,0.14259524038088175,0.4311002960547252,0.8759454308018612,0.1629071343422036,0.1494596699185223,0.5142255099137714,-0.16827515731763115
1680.0,0.14271406927161714,0.4310821137947516,0.8759253431720936,0.1629591936253823,0.1494414835856351,0.5142275772584822,-0.16827925925012363
1681.0,0.14269362627686746,0.4311350895251959,0.8759129586213125,0.16290350677415755,0.14945346244289107,0.5142280241344168,-0.168273529350462
1682.0,0.14267948019047816,0.43112567385659945,0.8759218547386596,0.16289298224740878,0.14945369140230294,0.5142305766246449,-0.16827557021415757
1683.0,0.1428237731716445,0.4311172837483218,0.8758924443854516,0.16294687274987016,0.1494112884992914,0.5142250073604127,-0.16828872171947512
1684.0,0.1429734923286213,0.43112309095759177,0.875869340568522,0.16292439714969667,0.14938020571916372,0.5142248234346503,-0.16829972978108637
1685.0,0.1426487781597893,0.43113870684689287,0.875917329804637,0.16290970780104788,0.14943918104051734,0.5142253873726245,-0.16828227109973193
1686.0,0.1427792593644535,0.43112629787454176,0.8758736506215079,0.16306301396479414,0.14939720285903435,0.5142143791534166,-0.16828505683932035
1687.0,0.1426025486045113,0.43113905502947675,0.8759170468038204,0.16295077624320084,0.149449785248439,0.5142238074105674,-0.1682804572147134
1688.0,0.1427353787137774,0.431090399149862,0.8759052306335358,0.1630267044783148,0.14942498743899854,0.5142288164274035,-0.16828945528517894
1689.0,0.1427745187496735,0.4311234079968928,0.8758853046261759,0.16301219896944846,0.14942812170249758,0.5142258930624901,-0.1682870486525378
1690.0,0.14278325347214416,0.4311260676724714,0.8758736899943457,0.16305991376444995,0.1494185716037235,0.5142200611602173,-0.1682814969467344
1691.0,0.14299974108672187,0.43111860960259735,0.8758517030769278,0.1630080142836505,0.1493748687600584,0.514217992033599,-0.1682959723099195
1692.0,0.14282613216779044,0.4310452571530632,0.8758939570476759,0.16312712301515836,0.1493894196259195,0.5142159491535752,-0.1682911171131581
1693.0,0.14309097185652728,0.4310086904038814,0.875825571483741,0.16335865726879625,0.1493012950768835,0.5141958840150274,-0.16829833463378158
1694.0,0.1430646744324185,0.4310275739763444,0.8758481562572011,0.1632107122172881,0.14930892977162674,0.514201776365129,-0.16829954808394387
1695.0,0.14295554644479652,0.43105088476050235,0.8758894621869341,0.16302299383136473,0.14934537997898722,0.5142126495297469,-0.16830091747456843
1696.0,0.1428598838766483,0.4310726282834621,0.8759062647104763,0.16295906898506726,0.1493774395442656,0.5142188108694725,-0.1682940273033133
1697.0,0.14305454155245684,0.4310769675940176,0.8758587641036499,0.16303211798289707,0.14933697081598268,0.514213468646266,-0.16829897816329187
1698.0,0.14273356848771734,0.4310831772180821,0.8759029599914965,0.163059582436792,0.1494126847853329,0.5142158255598465,-0.16827994094709736
1699.0,0.14275072055437246,0.4310799027362408,0.8759070196871415,0.1630314144602508,0.1494264722744425,0.5142179370278743,-0.16828301279553798
1700.0,0.14279005734792158,0.43108914648790647,0.8759053624092338,0.1629814204308405,0.1494406898067776,0.5142209890433894,-0.16828646722738635
1701.0,0.14268706544077217,0.43110803385851854,0.8759104688458266,0.16299421788771395,0.14946357786483871,0.5142194507158148,-0.16828201307403562
1702.0,0.14287764178291015,0.4310882674593466,0.8758688905999387,0.16310294790924423,0.149424798716604,0.5142107018690182,-0.1682950981864283
1703.0,0.143271701692481,0.43103273629990824,0.8757910710456426,0.1633217671000432,0.14933597097021642,0.5141996806624045,-0.16831742422157764
1704.0,0.1428870527405144,0.4310771894877828,0.8758675177572475,0.16313135259722875,0.14943141740945048,0.5142141546433067,-0.16829859229541724
1705.0,0.1428398107188851,0.43104696375688667,0.8758770293933504,0.16320151007525066,0.14943631606012148,0.5142122884556257,-0.168299290036726
1706.0,0.1427978279194957,0.4310719830492838,0.8758765235734769,0.1631748792684486,0.1494380798970926,0.514211915899695,-0.16829781706698027
1707.0,0.14264532641476282,0.431116676589194,0.8759087405213213,0.16301717792020168,0.14946323999175007,0.5142223588654944,-0.16829472018638925
1708.0,0.1424855555619285,0.4311282201774783,0.8759226378768584,0.16305169940130756,0.1494809116325616,0.514223837861373,-0.16828834570876056
1709.0,0.1426488145270984,0.4311552117134189,0.8758898459525554,0.16301373219327012,0.1494473729314709,0.514225807899552,-0.16830368697791342
1710.0,0.14259602683399553,0.43120060024484574,0.8759076363704631,0.16284418327822323,0.14946671510790296,0.5142367995238681,-0.16831312926752995
1711.0,0.14245804680245164,0.4312297060867672,0.8759293130962088,0.1627712626613026,0.14949569762871362,0.5142443449131747,-0.16831608905799264
1712.0,0.1424959517274979,0.43118812571535325,0.8759095295300524,0.1629545950926133,0.14947576390445255,0.5142394087247284,-0.1683209736145877
1713.0,0.14243129954942438,0.4312668462842587,0.875924583017062,0.1627217166547776,0.14952105947941935,0.5142465165272505,-0.1683231301741302
1714.0,0.14251007117029826,0.4312985203741373,0.8759170102946164,0.16260952313643004,0.14953479833353867,0.5142514316719564,-0.16832678892122754
1715.0,0.1427455452949597,0.43121158259145886,0.875864380876297,0.16291674760316943,0.14947166930115216,0.5142403008905563,-0.16833417812875473
1716.0,0.1427558397160573,0.4312263288114966,0.8758555324019811,0.16291626661437064,0.14947532379985232,0.5142366546650955,-0.16832557435008466
1717.0,0.14275002729888556,0.43116795606389724,0.8758625013271953,0.1630383456083792,0.14947287583915458,0.5142355285871121,-0.16832261373134855
1718.0,0.14269177150493845,0.43115257549241537,0.8758582592999753,0.16315276463197526,0.1494756679989504,0.5142271799399901,-0.1683062892764194
1719.0,0.14248782487192496,0.43116522886826825,0.8759098512301977,0.16302054378554404,0.14952533268016127,0.5142304472180197,-0.16829346257730343
1720.0,0.14250618277898724,0.43112784153198747,0.8759253309465119,0.16302020344722642,0.14952659109476468,0.5142253627113275,-0.1682980900744938
1721.0,0.14265306610835884,0.43100015516135953,0.8759171265418908,0.1632732568774361,0.14947682555021152,0.5142174615071822,-0.1683129626656329
1722.0,0.1425246701731198,0.43099948782066594,0.8759489675420994,0.16321631705285208,0.14949557487924509,0.5142188827262751,-0.1683101908164329
1723.0,0.14237498725972014,0.43105872294521186,0.8759525062020859,0.16317152709318605,0.14952873171166134,0.5142171083091766,-0.16830246411315422
1724.0,0.14248247180979196,0.43110663817496453,0.875934793249482,0.16304615826028931,0.14952223364536305,0.5142240335262988,-0.1683107096527896
1725.0,0.1425393494722891,0.43109972218544973,0.8759069435425436,0.16316430258363432,0.14949188033546001,0.5142229782681667,-0.16831015396615526
1726.0,0.14257113090504725,0.4311248525086562,0.8758911618819847,0.1631548550269724,0.14947952527885425,0.5142246996333659,-0.16831172612659384
1727.0,0.14244905173158415,0.43115298536412333,0.8758987702088938,0.16314630004668781,0.14949471326148422,0.5142251198813028,-0.16830284681149965
1728.0,0.14239902748592287,0.43117071816150326,0.8759137661308751,0.1630625741044948,0.14949689613178183,0.514227162802185,-0.16829931681590835
1729.0,0.14244460305022308,0.4311389079815911,0.8758899606450848,0.16323465908763735,0.14946735329081076,0.5142131904125691,-0.16829917607290393
1730.0,0.1424802272336976,0.4311085101462357,0.8758884850188496,0.16329176077901492,0.14945586922504644,0.5142120882643257,-0.1683012548217536
1731.0,0.14251259023735668,0.4311106547589711,0.8759017727304427,0.16318654817354983,0.14946327904099263,0.5142143418159402,-0.168305735132158
1732.0,0.14246639478956222,0.4311118951056208,0.8759167499213841,0.16314321150836752,0.14948566378876657,0.5142144362826983,-0.16830545310539996
1733.0,0.14252093316259193,0.43108504746390836,0.8759051439935386,0.1632288093112318,0.14948634679577025,0.5142099489970449,-0.16830901475216845
1734.0,0.14250779254730808,0.43103785504027897,0.8759047366667145,0.163367037282257,0.1494799891693622,0.5142067657508644,-0.16831040142821146
1735.0,0.14246679516540953,0.4310951801670438,0.8759075922828228,0.1632361715225813,0.14949696716881314,0.5142110754940603,-0.16830373253380415
1736.0,0.14270061624313043,0.4310221126276957,0.8758525690136505,0.16351987616793662,0.14941862353634427,0.5142008220945407,-0.16831380341932214
1737.0,0.14271791622806287,0.43103386063241506,0.875840675592371,0.16353751359775145,0.1494048190297178,0.5142025683961112,-0.16831926883047932
1738.0,0.1426314247321,0.4310794313166492,0.8758344648905645,0.16352611621531346,0.1494024964947454,0.5142004401252387,-0.16831459507409385
1739.0,0.14257932314682187,0.43108476017343894,0.8758265414159622,0.16359992514838345,0.14938400653708206,0.5141979038120027,-0.16830947715748856
1740.0,0.14241395007264745,0.43117839111737283,0.8758527805238848,0.16335656921813424,0.14943023548903384,0.5142024122385022,-0.16829786534507066
1741.0,0.1425648264009945,0.43112831915278393,0.8758523920614323,0.16335920548905855,0.149406862773071,0.5142036452192721,-0.1683145108620949
1742.0,0.14257453314168184,0.4311074820827628,0.8758538720290252,0.16339778530768384,0.1494016218304425,0.5142005656397336,-0.16831265853935234
1743.0,0.14257450984324196,0.43107144259841784,0.8758550937308776,0.16348631534398855,0.14939557089010908,0.5141969789059101,-0.16831021780765293
1744.0,0.142587955240657,0.4310361694605504,0.875870254673221,0.16348636828717897,0.14940207871239494,0.514199175714159,-0.1683145277894557
1745.0,0.14270396112508163,0.4309729547059079,0.8758332408405274,0.16374988864133455,0.14935289931565465,0.5141893599917797,-0.16831754368949106
1746.0,0.14257854920389956,0.43101707409931245,0.8758582111234937,0.16360939199609667,0.14938689472358185,0.5141931441126847,-0.16831181961305441
1747.0,0.14251537087834615,0.4310243995815569,0.8758869816432443,0.16349107442503638,0.14940201168648679,0.514200925746844,-0.16831384492478163
1748.0,0.14243059067794023,0.43105593076898024,0.8759038181690235,0.1633915931281262,0.14942196363369611,0.5142047212035263,-0.16831053482599084
1749.0,0.14257053840216588,0.43102453242218663,0.8758720377767134,0.16352268182371288,0.14937117225514113,0.5141966496483831,-0.16831636529285834
1750.0,0.14257785328683661,0.43102333807312826,0.8758849867057211,0.16345007755254753,0.14936435706094453,0.5141998018391241,-0.16831905781078058
1751.0,0.14253091422331518,0.4310408009105972,0.8758776257182747,0.1634844066176804,0.14937007651679068,0.5141962769539586,-0.16831493103315426
1752.0,0.14253872122718206,0.43100694652209703,0.8758722687518815,0.1635955189852387,0.14935602666881062,0.5141948494598959,-0.16831957854668186
1753.0,0.14257978264410986,0.43105653662097154,0.8758606328478107,0.16349134425077105,0.1493626128050735,0.5141982972349635,-0.1683241576417402
1754.0,0.1425018088470349,0.43108779970024863,0.8758877729945207,0.1633314193400041,0.149398083946829,0.5142079477177561,-0.16832547544027462
1755.0,0.1425495881467351,0.43103335073886606,0.8758786793075465,0.16348212319544297,0.14936536732574177,0.5142039547470285,-0.16833041614728514
1756.0,0.14257595367431708,0.4310136795344638,0.8758706150149759,0.16355418442005557,0.14935641242733952,0.5141980839355159,-0.1683334843716564
