Frame,qx,qy,qz,qw,tx,ty,tz
0.0,0.15938730221501773,0.22343288874387834,0.9604609050262615,0.0467790769075146,0.12963208442006752,0.8738284287220027,-0.42639015054755386
1.0,0.15931910559762275,0.22342576586523763,0.9604838396994024,0.04657406376298125,0.12946603800833306,0.8739064607947069,-0.4263550514028821
2.0,0.15920413973816083,0.22341364167083694,0.9605073366242608,0.046540765964646166,0.12949320276731244,0.8739289243407695,-0.4263171488565146
3.0,0.15920413973816083,0.22341364167083694,0.9605073366242608,0.046540765964646166,0.12949320276731244,0.8739289243407695,-0.4263171488565146
4.0,0.15915313606875064,0.2234474189184091,0.9605062130832537,0.046576226625285114,0.12955320729271055,0.8739050032395108,-0.4263394283063299
5.0,0.15924919568722307,0.22345241017945577,0.9604899798128396,0.046558702055533974,0.1295005402795655,0.8739054196641614,-0.4263552258828712
6.0,0.15935221942396477,0.2235083867893849,0.960456878406295,0.04662033806718647,0.129508327014094,0.8738500547059884,-0.4264283702189011
7.0,0.1592726031019243,0.22348090777144447,0.9604776215388955,0.04659678407115888,0.12952617312715325,0.8738851629033997,-0.4263904511623303
8.0,0.15901413843435822,0.22355680872328684,0.9605000676652594,0.04665272839256652,0.1296798025424426,0.8738367128771498,-0.42640398660767
9.0,0.15932232223053464,0.2235123497923303,0.9604507812619858,0.046828665394409774,0.12970830460330082,0.8737983756518253,-0.42644452662347093
10.0,0.15904905460310387,0.2235196525693442,0.9605055730913709,0.04659836054579441,0.12959414715641207,0.8738867942547612,-0.4263724397815678
11.0,0.15911256131983725,0.22353245326700696,0.9604842603006901,0.046759179647536016,0.12971804039143317,0.8738178450821541,-0.42641680565233053
12.0,0.15907939486708045,0.2235555997374024,0.9604859143715693,0.04672738221411936,0.12968906592747131,0.8738142770009418,-0.42642935948698635
13.0,0.15936266054956114,0.22354924574396848,0.9604408593096845,0.04671865706912952,0.12956213250078047,0.8738009606520167,-0.42648326964667416
14.0,0.15935143337977725,0.22352146982928764,0.9604510994072515,0.04667931932416283,0.12953903740063824,0.8738248668840995,-0.4264430869876795
15.0,0.15935090903847268,0.22356027210182525,0.960444281495435,0.046635551557668624,0.12947806245094087,0.8738181786846206,-0.4264749745015505
16.0,0.15919711006893525,0.2234858366891327,0.9604905486363077,0.046564653175797555,0.12949140951656138,0.8738870543221524,-0.4263734070218784
17.0,0.1592857167385988,0.22347520554866362,0.9604796124840637,0.04653823106346181,0.12943914267488005,0.8738888445647648,-0.42638193815086756
18.0,0.15944955193390328,0.2234707156885458,0.9604484412842765,0.04664194734710792,0.12945986579923263,0.8738428224589714,-0.42641707564794673
19.0,0.15915629465038086,0.22346800479036974,0.9605073878532615,0.04644225002598963,0.12939006962069777,0.8739250103645904,-0.4263311986690411
20.0,0.1594574063200193,0.22344857367689683,0.9604531490593492,0.04662423139776339,0.12942645068636846,0.8738619312889819,-0.42639909284563404
21.0,0.15914294394361725,0.22346771883070457,0.9605025139733578,0.046589941880405064,0.1295255474085628,0.8738831772478268,-0.42634497062616505
22.0,0.1593683754608699,0.22348593385251536,0.9604523355096292,0.046766114732046636,0.12959446981138034,0.8738054984319044,-0.42642188027641664
23.0,0.15947355064866373,0.2234692036837575,0.9604428674972413,0.04668190144083686,0.1294711858968082,0.8738389893185914,-0.426418056812892
24.0,0.15928075961567034,0.22346454851998512,0.9604761467802906,0.04667768885773922,0.1295549238779971,0.8738565583235853,-0.4263687815940696
25.0,0.15937176831324554,0.2234510648531652,0.9604634578374773,0.0466926893589567,0.12953399210213956,0.8738564748574422,-0.42638180740988685
26.0,0.15939823514108092,0.22345187255597243,0.96045716955943,0.04672781534617828,0.12954986478070613,0.8738432027256865,-0.4263908582068301
27.0,0.15939256354180703,0.22344316628152214,0.9604686707626122,0.04655206346833545,0.12938989743740503,0.8739030190881318,-0.4263700773915735
28.0,0.15929768158752433,0.22345081643314035,0.9604820726286739,0.04656360633724097,0.12944482380563668,0.8738992484745207,-0.42635735380752565
29.0,0.15939045112998745,0.22350768544932917,0.960445420427359,0.0467289312286969,0.1295511891135413,0.8738017586525317,-0.4264430616276039
30.0,0.15933102432634003,0.2235081867763215,0.9604566060370401,0.046699283194608004,0.129537833473455,0.8738171993729265,-0.42643046947114005
31.0,0.15933476693073204,0.2234752229541716,0.9604734200370569,0.04649802334542769,0.12934867730160812,0.8739041295212071,-0.42638787715083565
32.0,0.1591796616040281,0.22346563176444578,0.9605013865023359,0.046497669606494214,0.12943224739560955,0.8739155575709445,-0.42633750704113604
33.0,0.15938881577066286,0.2234721275624738,0.9604550859132568,0.046705904908110565,0.12954272156503197,0.8738285432512326,-0.4264075322399614
34.0,0.1592614883464471,0.22343950491047967,0.9604894120169374,0.046590292748511744,0.12948894325992558,0.8738973730132147,-0.42634111217279325
35.0,0.15922948915107443,0.22345527196874884,0.9604859474876635,0.04669535193984239,0.12959672092000354,0.8738552435570858,-0.42635120686269085
36.0,0.1594144195546799,0.22342810862506632,0.9604593318813509,0.04674178982772369,0.12956425431918983,0.8738478127492985,-0.4263721289899731
37.0,0.15939482920094747,0.22345429347832227,0.960455892422355,0.046754099940886876,0.12957548062942553,0.8738262248538656,-0.4263875265863232
38.0,0.1595207722733082,0.22347350140910474,0.9604297634347138,0.046769508122516464,0.12953046592919917,0.8738029001075339,-0.42643958881969374
39.0,0.15944302079378117,0.22345950238582954,0.9604494148146462,0.0466979174678591,0.12949568206708903,0.8738390520440615,-0.4264023677120326
40.0,0.15931833476051432,0.22345063156436948,0.9604779052585414,0.046579791463524006,0.12944434217437178,0.8738882905475822,-0.42636164274691923
41.0,0.15944447406103118,0.22344454019532548,0.9604504533354326,0.04674316887057203,0.12956469885928,0.873832582675853,-0.4263944988240875
42.0,0.159455772742026,0.22345586302022058,0.9604481638800928,0.04669751942544851,0.12951901647193304,0.8738446789164045,-0.426406869286751
43.0,0.15917900471626836,0.22347223354754964,0.9604979890541979,0.04653835314715808,0.12948817771198098,0.8739044079785523,-0.4263458737126969
44.0,0.15917233962745075,0.22351626695059737,0.9604854815314628,0.04660777267008984,0.12955157306377646,0.8738612613002681,-0.4263939074117403
45.0,0.15944741926225794,0.22348324195199593,0.9604406304142813,0.046749935899951134,0.1295741610917577,0.8738195682678708,-0.4264317465912789
46.0,0.15935110638581348,0.22353427505507284,0.9604433794633838,0.046777853885944076,0.12962405749112085,0.8737864500037669,-0.42646313822493026
47.0,0.15946576839954252,0.2234670825170914,0.9604400162563348,0.046777205063731966,0.12958175459883906,0.8738183182501504,-0.42642767801940773
48.0,0.1592044209258314,0.22349346415126356,0.9604850846601116,0.04661572679683232,0.12952156993615124,0.8738635721042318,-0.4263802304193386
49.0,0.15934245525442967,0.22343010883609718,0.9604767708071217,0.04661910722979835,0.12948325084191667,0.8738893259668381,-0.42635423685555685
50.0,0.15947130317645428,0.22345688300768052,0.9604439655906369,0.04672594418764062,0.12951326316668643,0.8738290603874654,-0.42641126195274237
51.0,0.1592088569140278,0.22345747639740787,0.9604970143876103,0.0465272121958481,0.1294369878403924,0.8739079311948705,-0.42633948230233754
52.0,0.15921613706045368,0.22344670743134337,0.9604973040148044,0.04654803559690547,0.12946261269643822,0.8739066583706974,-0.42633600957691375
53.0,0.15939447069900112,0.22348840133199382,0.9604494563117051,0.046724501615371915,0.12955006620677847,0.8738126347434856,-0.4264275547840414
54.0,0.15922378211579205,0.22347655582427026,0.9604930305319329,0.04646670318892953,0.12938089101930733,0.8739193896942545,-0.4263530164094487
55.0,0.1593342563661422,0.2234477489529419,0.9604772381615573,0.04655290763914497,0.12942391108664172,0.8738987065931249,-0.42636237411458977
56.0,0.15916946258392392,0.22343165011770058,0.9605085430540863,0.046548024947818636,0.12950010980343613,0.8739155143486756,-0.4263096950482131
57.0,0.15925865991325852,0.22343719418689514,0.9604899651686624,0.04659963848382009,0.129502661906754,0.873888761581299,-0.42634560854267195
58.0,0.1592511251160901,0.22340352448553777,0.960500243823565,0.0465749504730936,0.1294809968352979,0.8739141419216345,-0.4263113083958407
59.0,0.1591992504012634,0.22342596132207201,0.9605041224825217,0.04656467731086463,0.1294773286679581,0.8739038570476603,-0.42631951494279857
60.0,0.15920373758358167,0.22340997252124128,0.9605066347078957,0.04657422892103849,0.1294794863652673,0.8739136561326502,-0.4263076630683045
61.0,0.1592633699483215,0.2234317063215835,0.960490031567535,0.04660848487480884,0.12948462367348934,0.8738897072470961,-0.4263478632595457
62.0,0.15917621806803753,0.22346864120612578,0.9604995463399943,0.04653299345313577,0.12943882172076646,0.8739004553031695,-0.42635229886731774
63.0,0.1594028142903445,0.223482964865331,0.9604518200125961,0.0466734254775771,0.12948031430020165,0.8738326113496644,-0.426425142562039
64.0,0.1591795074588557,0.2234938727302209,0.9604921776916174,0.046552656749301785,0.12946502791216502,0.8738797218284,-0.42637685022972416
65.0,0.15923507150229765,0.2234661818160337,0.9604906027038485,0.04652805289091246,0.12941897735732966,0.8739048804964806,-0.4263623105349015
66.0,0.15913529910363958,0.22349035537370013,0.9605034334727055,0.046488406310353156,0.1294220406295246,0.8739080604288245,-0.42636493794601255
67.0,0.15927310954215698,0.22343786496581766,0.9604874657360167,0.04659855405796782,0.129483613756615,0.8738964694500868,-0.4263557551362459
68.0,0.15912128535045908,0.22347727874066478,0.9605081107857534,0.04650259723787204,0.12944362620227462,0.8739131017358734,-0.4263490790531596
69.0,0.15925984556971395,0.22345050121970492,0.9604836828710587,0.04666122621857718,0.12955020323756247,0.8738656274518164,-0.4263773769651477
70.0,0.1591303724205369,0.22346905317741067,0.960510079749495,0.046470351245838024,0.12939707427863742,0.8739229465277365,-0.4263457847923893
71.0,0.15912996102178253,0.22345517332971063,0.9605115651658319,0.046507786445697974,0.12943503627785805,0.8739139469898534,-0.4263360703703336
72.0,0.15903882492108637,0.2234490752408191,0.9605343919420379,0.04637720170819329,0.1293380377114728,0.8739613655438578,-0.4263016042026093
73.0,0.15915886884441283,0.2234662531680353,0.9604965131799799,0.04666622260594038,0.12956956427224717,0.8738363168112396,-0.42638669319526246
74.0,0.15909331290193,0.22342245421524537,0.9605291915030646,0.04642625348651619,0.12933998148763962,0.8739479201852087,-0.4262997126525739
75.0,0.15919040474815094,0.2234235080615184,0.9605114793341941,0.04645480759665733,0.12930543420603746,0.8739368268407612,-0.42632222191027946
76.0,0.15926885999552867,0.22343200751777442,0.9604937032470388,0.0465125174022139,0.1293269263475429,0.8739101372410469,-0.42635637725562575
77.0,0.15935080851270214,0.22341174307816491,0.9604791382029957,0.046629796889485466,0.12941033384677597,0.8738811899603285,-0.4263687656119988
78.0,0.15903086564281588,0.223451357527614,0.9605336640686822,0.046408563679077766,0.12932912488483161,0.8739500310939916,-0.4263128391992336
79.0,0.1591968754278771,0.22345448585029878,0.9604997752418629,0.0465255775645003,0.12939671111433712,0.8739084499992376,-0.4263622993951096
80.0,0.159345293291334,0.22344263096548173,0.9604740332646915,0.04660578931182957,0.129432727038091,0.8738804446073006,-0.42639272081534785
81.0,0.15914318224637808,0.22343917809002833,0.9605153150501096,0.046461928426804716,0.1293839068281471,0.8739446851712915,-0.42633239288930314
82.0,0.15923205170784746,0.2234263363920232,0.9604991615546659,0.046553051115172744,0.12944790711469414,0.8739203256975029,-0.42635232043503646
83.0,0.15904304602755914,0.22347944312000384,0.9605178217794873,0.04655923170583797,0.12954700922134296,0.8738884768115518,-0.42637448157725316
84.0,0.15920989369714042,0.22341837065886308,0.9605031898121515,0.046583943175368944,0.1294987381456471,0.8739173704149483,-0.4263496661233743
85.0,0.15908373831018358,0.2234322130685216,0.9605251551645505,0.046495555321728804,0.1294563467673651,0.8739423215990163,-0.42632116508963414
86.0,0.15917065473983938,0.22350566863996352,0.9604841446930217,0.0466918252888916,0.12960343610317926,0.8738251509066008,-0.42643440629672563
87.0,0.15930734269662256,0.22343121756128284,0.9604884586440358,0.04649282088267023,0.12933569843523443,0.873939480128316,-0.42636806778748876
88.0,0.1591900632470043,0.22345959250851236,0.9605004308554291,0.0465108224597191,0.12939027201715705,0.8739192883911477,-0.4263649796180651
89.0,0.15918521586628465,0.2234498663350291,0.9604978509509593,0.046627273167651764,0.12949740519679204,0.8738816530581854,-0.42636930561984204
90.0,0.15907619690761587,0.22346586278106964,0.960520413505763,0.04645758267107032,0.12937366563371747,0.8739293091320939,-0.4263403623861319
91.0,0.15918454668280607,0.223419588476294,0.9605099319878156,0.046525671787033054,0.12940035403860686,0.8739259934853966,-0.42633307418286226
92.0,0.15923068844309113,0.22344905580481642,0.960493787965369,0.04655953820445469,0.12943184379641356,0.8738873565020757,-0.42639425196059855
93.0,0.1591576067275302,0.22346371966957848,0.960500218126641,0.04660636427437532,0.12951239063939804,0.8738739073890238,-0.4263913030730057
94.0,0.1591507894820819,0.2234808530925509,0.9604954036186175,0.04664669480000598,0.12956951127210184,0.8738533353633386,-0.426404374715882
95.0,0.15908784568587336,0.2234578554862271,0.9605155857090847,0.04655592106766017,0.12952006963253207,0.8739085277581186,-0.42635041696911474
96.0,0.15909209564789079,0.22345458637011484,0.9605186547283621,0.046493729161477926,0.1294627324700134,0.8739375118113157,-0.42633536182871357
97.0,0.15898297783071078,0.22352029583346086,0.9605145625721235,0.04663545000838015,0.12963473549703836,0.873863576860517,-0.4263887619191216
98.0,0.15916882674371116,0.22349714780069635,0.9604903142208304,0.04661186336067919,0.12953381127966798,0.873873453048498,-0.426402194403154
99.0,0.15896067657127172,0.22351851611549997,0.9605186960480503,0.04663486678100028,0.12964011447337426,0.8738613486617689,-0.42637272573164775
100.0,0.15891884777642618,0.2235271003644042,0.9605295736287397,0.04651207809468496,0.12951547606590808,0.8738979830201862,-0.42635892448029444
101.0,0.15910215447938597,0.22342765721598074,0.9605183249769491,0.046595426969521535,0.12953310150627692,0.8739126459148254,-0.4263249774038815
102.0,0.15881056060898915,0.2234449066788692,0.9605723858648415,0.04639257518457066,0.1294420446173547,0.873979598818426,-0.42625960774733207
103.0,0.1590336014550358,0.2234231451368458,0.9605386887929515,0.046431015036485355,0.12939508425248142,0.8739667854279796,-0.426292665299588
104.0,0.15905604897378745,0.22343181011979638,0.9605246018765765,0.046603526704356184,0.12955907499843072,0.8739032122290983,-0.42631592789146044
105.0,0.1591587510454106,0.22344404348901362,0.9605060566769102,0.04657645845185076,0.12948606407778446,0.8739039086084763,-0.42634696118536297
106.0,0.1589524443306163,0.22348122799268347,0.9605364429028247,0.04647583277138045,0.12947255076765596,0.8739335355353302,-0.4263202264426178
107.0,0.15907625633568012,0.223471197934135,0.9605158323392231,0.04652638165382171,0.1294715395825093,0.8739196270313688,-0.4263415256726758
108.0,0.15910883360801253,0.22347078282598265,0.9605077289863149,0.046584233905820976,0.12952629035074614,0.873894611220767,-0.42635032732422895
109.0,0.15894964645392112,0.22345393857962229,0.9605394808957786,0.046553763176525625,0.12957916742388953,0.8739179444463645,-0.4262962770185786
110.0,0.1591323742565664,0.22340750456807668,0.960520389118462,0.04654628292195806,0.12949490503465236,0.873937609902907,-0.4263004111524489
111.0,0.15895610309731956,0.2234182564799601,0.9605480390678373,0.046526386088989964,0.1295527389876865,0.8739435625260705,-0.4262742336347866
112.0,0.15903143022509228,0.22339552521265604,0.9605392015959301,0.04656055962911638,0.1295454685570534,0.8739443664304426,-0.4262740655922656
113.0,0.159017976346141,0.22341432391763522,0.9605357058706298,0.046588419320848895,0.1295810832523295,0.8739234695171796,-0.42628916347436313
114.0,0.15908769604987089,0.2234283173820995,0.9605226403961411,0.046552650233612214,0.12950239140433403,0.8739277634032814,-0.42631195460444127
115.0,0.15901032482832317,0.22345373802291013,0.9605260301424114,0.04662498236395557,0.1295981539000978,0.8738990122805299,-0.4263183445056189
116.0,0.15895512671554568,0.22347635095729304,0.9605311443981831,0.046599451657442566,0.12958220299602316,0.8738984160792875,-0.4263218696272064
117.0,0.15893640997933473,0.22346995699913572,0.9605387221745778,0.04653771701442207,0.12952071259387044,0.8739234034983177,-0.42630427805899085
118.0,0.1590690397569679,0.22346378793599186,0.9605141005593892,0.046622298299009574,0.1295391860507038,0.8738878366997376,-0.4263359580391758
119.0,0.15900535007990726,0.22342745102819464,0.9605333157904324,0.04661782952526851,0.1295774987520169,0.8739127560250506,-0.42629511213939597
120.0,0.1588451516920969,0.22340945141197327,0.9605669303679184,0.04655756745439467,0.1296085677479063,0.87394153437203,-0.42624650141693726
121.0,0.15888903326190898,0.22344201385792237,0.9605451680563785,0.046700339139620545,0.12973749926232947,0.8738681937072058,-0.4263090240743603
122.0,0.1590220991974558,0.22336656304248909,0.9605444570891148,0.04662291750628566,0.1296068819550268,0.8739438537138796,-0.42625463864202884
123.0,0.15892459788751198,0.22341556116664094,0.9605498866865242,0.04660873739325001,0.12963712574265454,0.8739242672273666,-0.42627203161739086
124.0,0.1589512611931935,0.22340772513297114,0.9605500464204976,0.04655204869373566,0.12956779335020616,0.8739518177941618,-0.4262611520429296
125.0,0.15896348391858595,0.2234344160563733,0.9605393501735185,0.04660288907619208,0.12960337111009157,0.8739190404996358,-0.42629273343911117
126.0,0.1589456761253236,0.22348199813007943,0.9605269019225364,0.0466919611490546,0.12969664786100182,0.8738585932553992,-0.4263439439643714
127.0,0.15903421722922848,0.22342663292511244,0.9605312703353216,0.04656539657349547,0.12952187401622456,0.8739361907664829,-0.42629256070066773
128.0,0.15901524953325352,0.2234504840574584,0.9605269119505708,0.04660561134740066,0.12955504561356398,0.8739098226394316,-0.4263146997558508
129.0,0.15897403793374387,0.22343677526258965,0.9605319122523777,0.04670876007866612,0.12967198330980934,0.8738922592148456,-0.42630837979817754
130.0,0.15886455096744762,0.2234990162133505,0.9605372880478924,0.04667293077551385,0.12966203048202724,0.8738758238180204,-0.42633409181770615
131.0,0.15891779191295877,0.22347268569812603,0.9605381017455383,0.04660095766670466,0.1295846550657628,0.873907320002625,-0.426307685079698
132.0,0.15920208735109828,0.22349967696312714,0.9604781570925092,0.04673649033258906,0.12959061862320012,0.8738309063237245,-0.42640106895082436
133.0,0.15904710151590182,0.22350516821724367,0.9605042635450355,0.04670138104361515,0.12962558090035708,0.8738530005452705,-0.4263654554271527
134.0,0.1589669050077874,0.22353912460314163,0.9605082671170022,0.04672955899427836,0.1296720795144828,0.8738307793628017,-0.4263861389263761
135.0,0.15899212978609042,0.2235708346272056,0.9604941518738945,0.046782141744747874,0.129704330519943,0.8737950086741758,-0.42641659739688553
136.0,0.159031762987606,0.22360476272234084,0.9604797470494096,0.04678102133175118,0.12967697277376825,0.8737719600973046,-0.4264548259987696
137.0,0.15903993050348494,0.22360082472326537,0.960480376678196,0.04675914567903302,0.12964377650356967,0.8737857989229967,-0.4264490528134828
138.0,0.1589980017765029,0.22362981361068987,0.9604772476078545,0.04682732880666353,0.12970972311074377,0.8737576695394889,-0.4264723334989201
139.0,0.15894654881328127,0.22373235133041344,0.960462983472131,0.04680477505901048,0.1296991126117856,0.8737096173262318,-0.42654505209606197
140.0,0.15893649036415333,0.22380212588644732,0.9604486542519926,0.04679939128844033,0.12968668025686597,0.873690586640811,-0.4265932226080737
141.0,0.15882464815428038,0.22398195135960525,0.9604233357164509,0.046838369048227114,0.12972668767749038,0.873602216081288,-0.42672477433659245
142.0,0.15916408683723565,0.22426162963864688,0.960285911174617,0.047164432919553155,0.12984061445436104,0.8733463661037553,-0.4270758240596536
143.0,0.1591381275942211,0.22450228076879358,0.9602317381231916,0.047210077063370874,0.12984840622901642,0.8732352655335436,-0.4272636693926187
144.0,0.15904894159548388,0.22477001461145363,0.9601951447659806,0.04698040737116915,0.12959236380610312,0.8732078289948522,-0.42742846438775817
145.0,0.15916366570460644,0.22506025746527453,0.9601077547041642,0.0469883750098359,0.12949068637382857,0.8730727466421715,-0.42768856883932577
146.0,0.15895323951198057,0.22547488847292427,0.9600440349586191,0.047014819548128896,0.1295244721676756,0.8728912621127529,-0.4279784055176888
147.0,0.15928191472412592,0.2259802117092314,0.9598701120915941,0.04702747570237877,0.12929660151736438,0.8726432067216209,-0.4284645042233334
148.0,0.15938528205366562,0.2264203009347807,0.9597622597763767,0.04676092276911925,0.1289079345678363,0.8725494425638707,-0.4287954810912452
149.0,0.15928261243430272,0.22698930403173342,0.9596388345819009,0.04688509777726722,0.12897373138305526,0.8722574144796816,-0.42923975722292196
150.0,0.15880853322040456,0.22771646963111025,0.9595355734206611,0.04708017178611717,0.12923897411410476,0.8718767030656226,-0.429735694835068
151.0,0.15809418120118227,0.22869105394458547,0.959410694473027,0.0473048733940456,0.12960230993928118,0.8713696704353994,-0.43041950707350485
152.0,0.15822222279624906,0.2295865022982042,0.9591507104573089,0.04780879422376672,0.12987627242713734,0.8707682524249547,-0.4312387155433966
153.0,0.15829627912449232,0.23038818005445355,0.9589449763841854,0.04783415907143745,0.12970280618168697,0.8703894577977276,-0.43189429767209575
154.0,0.15834316516584518,0.23115605998458458,0.9587223824746287,0.04843254401574124,0.13013526500298472,0.8698353793520258,-0.43256642236921516
155.0,0.1582784410789838,0.2319108030248886,0.9585589778703539,0.04827007845550068,0.12982665566832605,0.8695679044626253,-0.43311812139896333
156.0,0.15793317495867729,0.2328821933680129,0.9583821970426241,0.0482344342905363,0.12974083866500233,0.8691420082825965,-0.4338253574409732
157.0,0.1578551357308284,0.23404612184721413,0.9581012950042973,0.04843632400140833,0.1297417960618729,0.8685014286643198,-0.4347771132959027
158.0,0.15796858820825674,0.2350306270074606,0.9578419324775541,0.04842893655279758,0.12950064875429093,0.8680231840641786,-0.4355878519882027
159.0,0.15818979760712373,0.23605807315579846,0.9575397056642867,0.04868558418402682,0.12947984746745284,0.867410253483047,-0.4364791908003575
160.0,0.15824587156498388,0.23700874397371963,0.9572926728013565,0.04874256880257022,0.1293027924832034,0.8669266834294918,-0.43721913176538385
161.0,0.15763610485815394,0.23806602857500037,0.9571362090445041,0.0486384808520097,0.12927588283516567,0.8664553775577278,-0.4379416945697872
162.0,0.15775423172095526,0.2389631593245924,0.9568661689058223,0.04916650956936857,0.12958648430614705,0.8658313081431713,-0.4387478335960454
163.0,0.15774916346858203,0.2397722483500536,0.9566549881145404,0.04935285261959353,0.1296171466734561,0.8653793213215188,-0.4394071598906844
164.0,0.15789643175974305,0.2403894621392092,0.956470349605326,0.049457998906429046,0.12955344200688323,0.8650401755015179,-0.4399413394934928
165.0,0.1582729717535095,0.24096410196065207,0.9562477434326419,0.049761643447435264,0.12956663389622924,0.864644822127691,-0.4404979092688897
166.0,0.15850370853050114,0.24155800337811612,0.9560467475640823,0.050009217732296225,0.12959979150467257,0.8642659366567853,-0.4410522325435935
167.0,0.15780136745331128,0.24223304359609013,0.9559970465475277,0.04991520822799516,0.1296742347062947,0.8640122265018919,-0.4414287250555069
168.0,0.1573799941420783,0.24289873504408685,0.95589146386692,0.05003250207793519,0.129849750425258,0.8636768116261258,-0.4418671858184904
169.0,0.1571531096302522,0.2434649045560019,0.9557940694669789,0.04985415885190332,0.12967807991597574,0.863480907607094,-0.4422308322422607
170.0,0.15749961510932525,0.24382880932751197,0.9556368391515235,0.04999614623975887,0.12959776707004889,0.8632610202696571,-0.44258029382107406
171.0,0.15757354712936397,0.2443393111191095,0.9555021714739831,0.04984454428934228,0.12931588307524183,0.8631078088720452,-0.4429553463106243
172.0,0.1586091290915557,0.2447364147050641,0.9552209523184878,0.05000163735209438,0.12898125740144145,0.8628720310267064,-0.4433849050766898
173.0,0.15913198855876023,0.2449780508588466,0.9550485082059393,0.050449100966666154,0.12920976781903604,0.8627008682831807,-0.4435482454559248
174.0,0.15988467744494966,0.24521751526849223,0.9548326810219254,0.05098834549534973,0.12941280320331522,0.8624588082908955,-0.4438393165325525
175.0,0.1592338921936263,0.2457513465110103,0.9547931785275566,0.051194037759678304,0.1298303523403667,0.8621597990849027,-0.4440795252145509
176.0,0.15925272118540587,0.24620896037803205,0.9546726235001167,0.05118496423771822,0.1297474787535496,0.8619533548257499,-0.4444066648824386
177.0,0.15969884980724738,0.24661861283997336,0.9544680632950244,0.05163577559187753,0.1299322513747356,0.861643861562455,-0.4447982071276238
178.0,0.16052455909779403,0.2468725941698852,0.9542514927099262,0.05186402255097361,0.1297698820320152,0.8614574802130157,-0.44513919850172506
179.0,0.16031612384102933,0.24719059753784797,0.9542064155192381,0.051823406945089766,0.12974482849440033,0.8612982180649558,-0.4453692594672988
180.0,0.1597386779009596,0.2473482331385523,0.9542657642419281,0.051761545006487907,0.12987779358378654,0.8612521922175475,-0.44534227040928653
181.0,0.1601673801334686,0.24760845687079566,0.9541211450854892,0.051858489449647896,0.12976248823835512,0.8610886059547991,-0.44565480570399113
182.0,0.1601164084778099,0.24795010460256786,0.9540249488133844,0.05215245349321638,0.13002726827377628,0.8608396445536199,-0.44591599169883644
183.0,0.15977099744897563,0.24802937682920562,0.954071345572197,0.05198580731250595,0.1299599067069591,0.8608565449007513,-0.4459175399676019
184.0,0.1593095679956812,0.24827667960110633,0.9540919886655599,0.05184234828281104,0.12997488705249755,0.860784678427038,-0.44600991563783243
185.0,0.1601492768379943,0.24840328440718634,0.9539122829387856,0.05195549905933051,0.12974501553012371,0.8606572776612347,-0.4462874627538955
186.0,0.16048045417466666,0.24844427805214572,0.9538351925071042,0.05215256528662997,0.1298213397754819,0.8605891006106108,-0.44638443475383355
187.0,0.15956128091538546,0.2485953274933713,0.9539584473816759,0.051998475460797916,0.1300133628369757,0.8606067101691877,-0.44632185690747406
188.0,0.15927332030502447,0.24871130208514522,0.9539815405131769,0.05190296729697185,0.13002947415315402,0.8605961621832152,-0.4463355561434594
189.0,0.16041640348674147,0.2489052222505729,0.9537268782803172,0.05213261430671573,0.12976472289776203,0.8603843598293556,-0.44673291854932506
190.0,0.1600054130933486,0.24910872171797138,0.9537452701346218,0.05208716003682927,0.1298838297833506,0.8603126188481189,-0.44678252288088643
191.0,0.15981838539058,0.2491738849662963,0.9537602250725496,0.052075827516327305,0.129911290777262,0.8602868827397048,-0.44681896253298814
192.0,0.15961645135651936,0.24940923864903566,0.9537343739187362,0.05204194595416767,0.1298968725550991,0.8601896300370797,-0.4469654029497039
193.0,0.16037798389167568,0.24961752545046484,0.9535431440280825,0.052205993409447864,0.12971192874814338,0.8600063844399706,-0.4472721667385812
194.0,0.16036979151306208,0.24981761628763563,0.9534961502458905,0.05213233189381363,0.12960136363455255,0.8599178551120061,-0.44743635507718177
195.0,0.15970739138073622,0.25008259307498937,0.953541457334843,0.052066639251957744,0.12974225361621128,0.8598127478921214,-0.44751284603106606
196.0,0.15945175004393583,0.25034103008338304,0.9535164945635759,0.05206536910372556,0.12980340675135651,0.8597006266898479,-0.4476740265688881
197.0,0.15959317690882804,0.25065213918175344,0.9534005425968463,0.05225828531245092,0.12989547023671652,0.8594816329242312,-0.44794476383190307
198.0,0.1592578708984273,0.2508412740181781,0.9534111864845214,0.052179452776110906,0.12993305144831452,0.8594168155925568,-0.4480082483305948
199.0,0.15875992440479963,0.2511100866238638,0.953427086917235,0.05211334503995274,0.1300157301264734,0.8593117607644493,-0.44811770104883514
200.0,0.15889333894363214,0.2513935489602199,0.9533287138087415,0.052139752668190285,0.1299416813333533,0.8591686147128618,-0.44837881525185647
201.0,0.15910802064471397,0.2515941920930698,0.9532379508947093,0.0521767117171296,0.12984953109432973,0.8590753567795081,-0.44855962719808273
202.0,0.15895523374251164,0.2518165020356871,0.9532029333182032,0.05220968187939337,0.12990987569447898,0.8589462869256027,-0.448712750552248
203.0,0.1587626558487235,0.2520395196544757,0.9531761392951302,0.052208688152751356,0.12993771704778312,0.8588270174243304,-0.44886471251490845
204.0,0.15935673123220281,0.25227900799889297,0.9530037986451345,0.05238791942829926,0.12980608099211247,0.858634612367414,-0.44919006434035114
205.0,0.15967005218664732,0.25250598312131683,0.952887544853088,0.0524550263226014,0.129694008637979,0.8584942872874675,-0.44943471537237445
206.0,0.15904835727911953,0.2528516196693039,0.9529002745743738,0.052447547068534384,0.1298806572448003,0.8583279433389843,-0.4495678904621623
207.0,0.15928015450458244,0.25313519184531286,0.9527799273762647,0.05256250583175124,0.1298272648431777,0.858117935428677,-0.4498655429053799
208.0,0.15928665986914528,0.25349698455944464,0.9526788992723422,0.0526303494975884,0.12982790095673274,0.8579192862860447,-0.4501257269586486
209.0,0.15946506813090694,0.2538391487560321,0.9525528749961953,0.05272190191277868,0.12976673302909608,0.8577082955529893,-0.4504461451355262
210.0,0.1592011203338731,0.25429687115769994,0.9524658103020333,0.05288652767515571,0.1299278238064198,0.8574041551035887,-0.45077475994119565
211.0,0.1587869096780401,0.25474777809614807,0.9524111061249037,0.052946877149752866,0.13009416280763456,0.857159679285944,-0.45105788081546505
212.0,0.15927653055913932,0.2552326596669972,0.9521906881623433,0.053105269317435026,0.12994947146805227,0.8568310807221936,-0.45155072150028214
213.0,0.15916875754908025,0.255678582973411,0.9520904353809349,0.05308080335801808,0.12989842535559237,0.8566141530827798,-0.45187669300116334
214.0,0.15871838616556755,0.2561855905751904,0.9520331656083737,0.053011967104962796,0.129908991298121,0.8563882197204047,-0.4521800983459374
215.0,0.15837575894325306,0.25678894536345626,0.9519280155638276,0.053005751602877176,0.12992550161509675,0.8560282271742721,-0.45265822374628006
216.0,0.1583196194384192,0.25726841356676833,0.95181424776272,0.05289139095920964,0.12975920512272074,0.8558285575459852,-0.45298074227223917
217.0,0.15932857986747526,0.2579704544596134,0.9514393763354996,0.053186101771325066,0.12950509692119153,0.8553081185796387,-0.4537908605747265
218.0,0.15851676733159994,0.258776615950023,0.9513563180818269,0.05318132715515482,0.12970758883526087,0.8549331649886114,-0.45421704320286016
219.0,0.1574730487330927,0.2596692376598291,0.9512778143849869,0.0533352209594247,0.13012408653475566,0.8544493749770412,-0.4547261122839367
220.0,0.15864638150353877,0.2605139338335809,0.9508261516215023,0.05379075484718698,0.12984867216421236,0.8538193427034318,-0.45565122472292585
221.0,0.15925625649337125,0.26143940971691443,0.9504587703611312,0.05399079234643067,0.12961750901013072,0.8532479990110589,-0.4564908223840791
222.0,0.1589956074034864,0.2624236311124304,0.9502449566054892,0.05374715905045997,0.1292934180912313,0.8528447051579297,-0.4571779569053721
223.0,0.15838116352884601,0.26351196554153844,0.9500367541780999,0.053916757751413996,0.12951505784263267,0.852235875580218,-0.45793941955583806
224.0,0.15847058181866255,0.2646659200697614,0.9497032302885372,0.053877637579972805,0.12923221978760419,0.8516518889120469,-0.4588481647814474
225.0,0.15836404365495999,0.26594333427035094,0.9493435011867127,0.054239186839149016,0.12940388487239196,0.8508479604035207,-0.45979147035129425
226.0,0.15792698498871138,0.26736190771325347,0.9489991937891246,0.05456379664114841,0.12964740607278574,0.8499632333203693,-0.460836734113418
227.0,0.15791367061923345,0.26890048321820026,0.9485346610973147,0.05511623584372477,0.1298683534519338,0.8489126819515918,-0.46208674357175045
228.0,0.15820962017676016,0.2701847172829914,0.9481224262155042,0.05507993770386085,0.12945351681043232,0.8482429303858884,-0.4631445086927037
229.0,0.15851633160413256,0.2713892540545098,0.9477339273029933,0.054962245563203734,0.1289992759527695,0.847649579751555,-0.4640930082640445
230.0,0.1585933756089853,0.27281036901380973,0.94730130510173,0.055162316159271224,0.12885400477165565,0.8467926818521266,-0.46523613837352135
231.0,0.1582761870734769,0.2742148971085059,0.9469227272409005,0.05560744054448316,0.1291316487623524,0.8458803128900574,-0.4662600072707514
232.0,0.1578463534091075,0.27565854922210853,0.9465405376600143,0.056195226865817946,0.1296178394090639,0.8449037723659396,-0.46730052743676803
233.0,0.15774405158429758,0.27712630106015446,0.9461245393305887,0.05626885041449253,0.12947120959692937,0.8440690256446344,-0.46840895719061787
234.0,0.15751976691135056,0.2783666875714695,0.9457868569844976,0.056451142043957764,0.12950683317591954,0.8433015439922372,-0.4693314949203629
235.0,0.1576433316320572,0.2795290324927532,0.9454190713603421,0.056523265066334274,0.1292933210993219,0.8426348658999531,-0.4702568282726043
236.0,0.15799850708665492,0.2806992564496728,0.9450122445471291,0.05653544766768879,0.12893817529185844,0.8419723122268215,-0.47122344334797295
237.0,0.15822551258020887,0.2817640845362915,0.9446381789336766,0.05685418836834083,0.12894724682046832,0.841262412390562,-0.47209298608331285
238.0,0.15815722999159912,0.2826465108492256,0.9443625363863242,0.05724194594990476,0.12918551100763678,0.8406533847332606,-0.47276322761497563
239.0,0.15795141484189815,0.2834168008600985,0.9441451944633885,0.05758575614993864,0.12950314927018808,0.840135785385068,-0.47327168050825386
240.0,0.15782015092312482,0.284204758235403,0.9439117473288743,0.057888415192590935,0.12972723656519075,0.8396428549425373,-0.47376898106036
241.0,0.15801863729615942,0.2847114502786947,0.9437224673404576,0.05794311852244409,0.1296238562916266,0.8394331143852674,-0.47404172605909006
242.0,0.1586790636811692,0.28534072446825876,0.943388090149744,0.05848535776427585,0.12978165496200403,0.8390530409970087,-0.47443178004294345
243.0,0.16083506882216547,0.2856206919070819,0.9429071793789334,0.058982642083524564,0.12925496475187284,0.8388518325253875,-0.4748881389197793
244.0,0.16075347914881796,0.2859446509088778,0.942821618072533,0.05900315290932673,0.12926656304413225,0.8388303003289781,-0.47485847931118785
245.0,0.16125129495650373,0.28628736219705425,0.9426197282567244,0.05920822596837512,0.12917721996350506,0.8386673921559188,-0.47503056307423513
246.0,0.1628044912309156,0.28700621245646607,0.9420871759097164,0.05994901694683524,0.12907710428977975,0.8379839554021011,-0.47587785784665754
247.0,0.16239032909222778,0.28774443446048176,0.9419203990180851,0.060153830866759864,0.12931420701519047,0.8375107810846352,-0.4763840714262191
248.0,0.16089898671300304,0.28846349654962294,0.9419861419575712,0.05968614238652937,0.12933984764658457,0.8372788680539358,-0.4766358230780581
249.0,0.161232625817793,0.28891705839657655,0.9417871269681236,0.05973258086250872,0.12919637976135934,0.836978581367925,-0.4770342154990381
250.0,0.1622934472534108,0.28938003736263046,0.9414364471803954,0.06014521489662669,0.12910393276613955,0.8365678452528507,-0.4775801381349434
251.0,0.16180729862473758,0.2900002878400628,0.9413287707427325,0.06015294287416021,0.12918849946671382,0.83621109538848,-0.4779743437768024
252.0,0.16042947180952236,0.2905516972861448,0.941397049716372,0.060113979774830864,0.12964382448440756,0.835951925087224,-0.4781194873692578
253.0,0.1611386782945111,0.2911580680717013,0.941076011685973,0.06030958450756627,0.1294137396628494,0.8354952367129747,-0.47873489175125206
254.0,0.1629746412986472,0.2914494505019898,0.9406434034782534,0.06071632061079883,0.12890551365239644,0.8351301771151107,-0.47930439790929114
255.0,0.16251093157382543,0.2919404194533615,0.9405665631442467,0.06079086200591695,0.129056101286829,0.8348202996513463,-0.4795975925564066
256.0,0.16181321968875376,0.29246410497139097,0.940527864873641,0.0607335544281108,0.12917602614062917,0.8345326573003073,-0.4799016754316663
257.0,0.16172740345243788,0.292802564859336,0.9404392777746873,0.06070312844451572,0.12911738113745302,0.834414953548316,-0.48007986490820975
258.0,0.16192013982213385,0.2932154217837585,0.9402645143588922,0.060903429998561846,0.12917447120252046,0.8341178114896628,-0.4804083517575092
259.0,0.16147344546363993,0.2934765184727866,0.9402760099649409,0.06065380944016228,0.1290624211578305,0.8340573336285615,-0.4804819558234521
260.0,0.16098435800881233,0.2939080821251063,0.9402310993069707,0.06056034704356977,0.12909174382209543,0.8338292978210726,-0.4807537192437582
261.0,0.16133406256204708,0.2942671366395537,0.9400422949087858,0.0608165794319885,0.12911731370240453,0.8335537751548636,-0.4810990695664725
262.0,0.16172194439743404,0.2944093138327487,0.9399243848419755,0.06092059921140976,0.1290463840208879,0.8334505716468801,-0.4812449172414144
263.0,0.16130942183882055,0.29475005130825704,0.9399003677234758,0.0607369445484381,0.12899105594608518,0.8332988723825829,-0.4814178802803011
264.0,0.16090636568952815,0.2950316038350269,0.9398933483988223,0.0605474017177436,0.12893095901160906,0.8332305848577664,-0.48154018467641085
265.0,0.16149823475700834,0.2954509172419307,0.9396253865616985,0.06108361973598873,0.12912371081861662,0.8327832746264654,-0.48201333863610324
266.0,0.1609755648889114,0.29599852975888397,0.9395444662327151,0.061056808471761044,0.12927030763618796,0.8324849649354292,-0.48230876384909904
267.0,0.16031166412077816,0.29635852407082397,0.9395454014827486,0.06104288746455747,0.12947125379118277,0.8322771893489097,-0.4824366123425094
268.0,0.16045151194631035,0.2968102014495336,0.9393736739656992,0.06112378661220631,0.12937958971370023,0.8319605074948841,-0.482818211697774
269.0,0.16114562280164327,0.29702440512570216,0.9391687855222435,0.061405075623010494,0.12927308598491366,0.8317605465684105,-0.48310461435808055
270.0,0.1612408647936606,0.2974379096169145,0.939009331437172,0.061591792612553445,0.12930823220278373,0.8314405104619992,-0.4834465964680894
271.0,0.16051144881862972,0.29801815988696145,0.9389750497738618,0.06121361840234279,0.12914921923988887,0.8312349761738618,-0.4837229305785236
272.0,0.1603159653520957,0.2986984249100768,0.9387700907839688,0.06155289480539302,0.12948430298154265,0.8307104531774481,-0.48418066760680206
273.0,0.16116385641719005,0.29937181232602056,0.9383933027703423,0.06181212409505127,0.12921898239044244,0.8301925886138062,-0.48487354697774876
274.0,0.16071033355992206,0.30009162389957295,0.9382442932239948,0.06176448967636809,0.12924561333838724,0.8298005218391584,-0.4853154072517465
275.0,0.1604305082775194,0.30092822149824155,0.9380197677544485,0.06183181075799531,0.1292355821583148,0.829264563059473,-0.48591156731559987
276.0,0.16090106340057,0.30186500128658944,0.9376237435294408,0.062049048055957276,0.1290361999204531,0.8286057979161991,-0.4867069343921908
277.0,0.16186484206222312,0.3026413482328269,0.9371990936221234,0.06217592908721667,0.12852103750114807,0.8280913044643969,-0.4874253333410766
278.0,0.1607490831294336,0.30389533413986514,0.9369690373875216,0.062420999176296545,0.12904382140217266,0.8273012347091406,-0.48814919294647274
279.0,0.15966238343359915,0.30504973930021145,0.9367747623904601,0.06249499513938867,0.12941303219610228,0.8266325333401303,-0.488782878839482
280.0,0.1603785923593872,0.3059751851978118,0.9363355218393594,0.06271908559442423,0.12909935400240374,0.8259922053951319,-0.48961085732318
281.0,0.1600888160123096,0.30718277565968655,0.9359657452612778,0.06307485254273926,0.12937464233541252,0.8251439298635757,-0.4904399222638188
282.0,0.15988001052960624,0.30824530988266224,0.9356487007145098,0.0631246387684253,0.1293163830097271,0.8244677100415236,-0.49118250736531727
283.0,0.16033159048968765,0.3095179795387212,0.9351223012161205,0.06355063494239908,0.1292137715088421,0.8234802239279881,-0.49227518697835576
284.0,0.16080444718283463,0.31064911480408186,0.934635642880494,0.06399431455237986,0.1291569112410601,0.8226162254422265,-0.4932300882440114
285.0,0.16115490581939088,0.3116003319849214,0.934238423537192,0.06428761485676873,0.12906446111206152,0.8219182349162238,-0.49398485924349533
286.0,0.159682079543744,0.31282441398144895,0.9341095093999894,0.06389009264557066,0.12919450486514775,0.8214245841145755,-0.49446736161319294
287.0,0.15920164089603955,0.3134065338872313,0.9339913307462526,0.06396386592166245,0.1293891700883657,0.8212266242449462,-0.49463214856307286
288.0,0.1603793163302126,0.314154582119541,0.9334659055461967,0.06501366479109674,0.12967353616574553,0.8204489971002549,-0.4953573999490861
289.0,0.16190995283394619,0.31530234609662944,0.9327788639836941,0.0655224284085982,0.1291957803189243,0.8194696006377205,-0.4965206321629778
290.0,0.16097805720901276,0.3161784193622282,0.9326534274942867,0.06538238608351653,0.1293729433615005,0.8190266867290854,-0.4969051310009148
291.0,0.1601427370898941,0.31744942232704426,0.9323633294105458,0.06541246052599507,0.12956991834347886,0.8182236637026279,-0.4977181375969162
292.0,0.1618057247454928,0.3183810929777444,0.9317112083499745,0.06608033980627671,0.1291403732019693,0.8173278127635804,-0.49878256918131814
293.0,0.16090159009886423,0.3193987437684482,0.9315316900043414,0.06590774840980287,0.1292451576558054,0.8168577561272365,-0.49920873610992644
294.0,0.16017059615655366,0.3203347651588267,0.9313502025337365,0.06571011031691787,0.12925161299119484,0.8164195474187942,-0.4996473418240888
295.0,0.1606508599697452,0.32095078131640176,0.9310296959780965,0.0660727051838023,0.12919919186906498,0.8159025177469534,-0.5001744423391572
296.0,0.16045958976314662,0.3219215688035121,0.9307088459043009,0.06633451399997323,0.12932206241270625,0.8151857162806087,-0.5008725773942078
297.0,0.1607098258212355,0.32264869932169976,0.9303865850528139,0.06671559835815459,0.12939542509009028,0.814562697225585,-0.5014937194763902
298.0,0.16149798919077776,0.3230865315142549,0.9300838416363391,0.06691442421790168,0.12909225005584715,0.8141576885430517,-0.5019929960482264
299.0,0.16085780424796695,0.323785926048757,0.9299461472935358,0.06698958157192113,0.12936134235691493,0.8137178661651304,-0.5023517979835112
300.0,0.16082618468592078,0.3243114801343466,0.9297715454871894,0.06694681004202262,0.12925075421857338,0.8134081765455274,-0.5027242738255724
301.0,0.16055546037796425,0.3250291926940841,0.9295630462931449,0.0670112752129094,0.12931407402254888,0.8129492278000636,-0.5031901058312621
302.0,0.16074399357020694,0.3255423674613136,0.9293356001457432,0.06722259903139312,0.12932235630663982,0.8125102873454018,-0.5036284319953843
303.0,0.16069255105074998,0.3259641132654275,0.9292086430186985,0.06705668228621618,0.12910769406780442,0.8123039234121701,-0.5038782761420024
304.0,0.1611600588165312,0.32645796958828344,0.9289423823057492,0.06722112681789123,0.12891576589629267,0.8118778485368453,-0.5043571891400028
305.0,0.161053106164134,0.3268584194264832,0.9288136745631914,0.06730994420832155,0.12897495647318338,0.8116179311017389,-0.5046022978298298
306.0,0.16090106672996335,0.3273781767527415,0.9286386232391232,0.06756244178355628,0.12918473964112262,0.8111804530348359,-0.5049935003308879
307.0,0.16066264890093962,0.3278414124456694,0.9285026390524318,0.06775227528601162,0.129378014878866,0.8108085800067328,-0.5052790694595677
308.0,0.1607272410833791,0.32814808935583195,0.9283797729814901,0.06779810133535552,0.1293253672171542,0.8105919877901471,-0.5054889978942471
309.0,0.1607996844479376,0.3284605108577435,0.9282603629589092,0.06774845273441842,0.12916517182427492,0.8104169638530825,-0.5057192202763502
310.0,0.1604831497409297,0.32861858130804816,0.9282566552344029,0.06778324779290947,0.12932370806805984,0.8103256529140817,-0.5057745858423074
311.0,0.16027553318297877,0.32884434510433525,0.9282133891459732,0.0677720765947074,0.12936077464480644,0.8101801021827364,-0.505887347004518
312.0,0.16053214432264026,0.3290040318271221,0.9281174738463334,0.0677032674379443,0.12913852212395333,0.8100802230338857,-0.5060406081639741
313.0,0.1604541346629386,0.32911928500690985,0.9281067633379382,0.06747446000142843,0.12894829878144473,0.8100994957031336,-0.506087175979928
314.0,0.16036502528762736,0.3292159024714398,0.9280796690132836,0.06758754462626987,0.12905803406745683,0.8100037321863143,-0.5061591009755597
315.0,0.16038052863100483,0.3292142130451204,0.9280707377712887,0.06768156069253534,0.1291350375203352,0.8099512631771786,-0.5061714118485581
316.0,0.1604817697258431,0.32919105329730214,0.9280752363392606,0.06749227888062458,0.12890088464706334,0.8100507930005687,-0.5061418435104449
317.0,0.1608054953746018,0.32921896491559866,0.9279999833991862,0.06762023815649425,0.1288719766268352,0.8099456405783818,-0.5062583691301119
318.0,0.1603391729168016,0.3291235135701772,0.9281228228211218,0.0675062086191327,0.12900800957496988,0.8100993390859896,-0.5060756559522286
319.0,0.16016874382504914,0.3291635701988604,0.9281220406484645,0.0677258829250363,0.12930296177773112,0.8099764109496272,-0.5061105671376652
320.0,0.1603582665475356,0.3290926847910517,0.9281280487559583,0.06753929433555289,0.12904329228222375,0.8101061258559692,-0.506061843205087
321.0,0.16052512728660964,0.3291018387272357,0.9280923389278692,0.06758900561013975,0.1290301957720093,0.8100657164144673,-0.50610864161873
322.0,0.16027873117027872,0.3291470516025742,0.9281298973327466,0.06743767813976963,0.12899075605273225,0.8101128974860787,-0.5060806926788637
323.0,0.16031138289601277,0.3291585148119661,0.928114560683032,0.06751514562593512,0.12902962216493796,0.8100767778633684,-0.5061043600671432
324.0,0.16069946584945355,0.32927720953519574,0.9280008767725828,0.06757642832920924,0.12886154417413953,0.8099602365534296,-0.5062705319984263
325.0,0.16081955411115784,0.3293477369595201,0.9279623543883924,0.06747598100867402,0.12867734159423763,0.809960309487952,-0.5063161475939871
326.0,0.16060568366798836,0.3296120935940112,0.9279092083317825,0.06742539004852353,0.1286901810728331,0.8098035406436148,-0.5064662792011752
327.0,0.1603500789141252,0.3300120642322549,0.9278085156069472,0.06746293812630172,0.12878467454059692,0.8095313878949901,-0.5067071413288925
328.0,0.16026810071399214,0.330460315608016,0.9276473639010239,0.0676792726708961,0.12895582155433033,0.8091674953064326,-0.5070070028289726
329.0,0.16024013686863836,0.3309935102312848,0.9274645207336597,0.06764582397587704,0.12880509019736536,0.8088549031978784,-0.5073655336858077
330.0,0.16016379265579855,0.33168887776565925,0.927229725300967,0.06763937024367618,0.12869743894467275,0.8083764837401597,-0.5078655347712222
331.0,0.1592895476081452,0.3324761361154994,0.927098555274433,0.06763673369227298,0.12897482584957884,0.8078665625574281,-0.508263493946715
332.0,0.15952402651575334,0.33336997428110465,0.9266953475615545,0.06820760969119602,0.12919098173518595,0.8070698888744514,-0.5089584669852049
333.0,0.15999354286202327,0.33442472712513105,0.9262074634873103,0.06857042153977277,0.12911664397653713,0.8062572654087627,-0.5097977785815285
334.0,0.1599273894414849,0.3358025454312843,0.9257025843437235,0.06880847278971644,0.1291095884442106,0.8052604996344317,-0.5107357518817134
335.0,0.160017755916779,0.3372654392797568,0.9251376909119633,0.06904052514915911,0.1289446163842938,0.8041777868727005,-0.5117964411943214
336.0,0.15952484597725086,0.3388367534543195,0.9246504691962371,0.0690144031318798,0.12887378053600346,0.8031590053578888,-0.5127775940391203
337.0,0.1604579764668171,0.34064909977618824,0.9237833252865923,0.06953989166149964,0.12844976322957533,0.8016922376361963,-0.514259650570759
338.0,0.1599969868469004,0.34254882146798377,0.9231523076081132,0.069649738467734,0.12840909409913437,0.8003904812764242,-0.5154964145317751
339.0,0.1594217590118267,0.34436958667168316,0.9225480405646621,0.06999573829492607,0.1286845131399884,0.7990786856844251,-0.5166153033211701
340.0,0.15926251843416742,0.34622765809076433,0.9218245800637339,0.0707198881879187,0.12908485705901745,0.7975810207078426,-0.517874060239292
341.0,0.15993216751952155,0.3479565334802669,0.9210215946683745,0.07118409060617517,0.12881412149315632,0.796390381732756,-0.5190362314570814
342.0,0.1615555294071791,0.3494977035924339,0.9200330489624181,0.0727348260360747,0.12912424611893802,0.7949552117670815,-0.5202433261741661
343.0,0.16211096812057807,0.3514726318336011,0.9191128218364158,0.07361143812527873,0.1292501976778504,0.7936357114440485,-0.5214399904615977
344.0,0.16448953578675737,0.3535521527680671,0.9177929630456961,0.0748341157061654,0.12858898974980884,0.7918052525078957,-0.5232126138330797
345.0,0.16433812742396015,0.3553092758122536,0.9171086039095904,0.07523368282597923,0.12863817922121099,0.7906567547035419,-0.5240978800645206
346.0,0.16377073583532165,0.3580606440895057,0.9161243097291443,0.07541863404666153,0.12857925592370684,0.7887193901071072,-0.5258079909010801
347.0,0.16353828985230834,0.36094381208099063,0.9149860155425922,0.07599594485310374,0.12858946555071166,0.7864668850106413,-0.527759165878892
348.0,0.16297196140258455,0.3632240938670889,0.9141797606552576,0.07605105284821861,0.12848784791162504,0.7849089893078887,-0.5290860253009196
349.0,0.16467344013196514,0.36600111879889186,0.9126870986454538,0.07699414990249037,0.12778763588782818,0.7822821045136807,-0.5315033696561365
350.0,0.15889191608134953,0.366732823862275,0.9135388372504945,0.07554593133328583,0.12937060720385096,0.7829627215062208,-0.5306766940208825
351.0,0.15250362488675506,0.36831004356800134,0.9141823083412801,0.0732192824271402,0.1302101943641351,0.7833139940959064,-0.5301307574851597
352.0,0.15481725262638507,0.37160633583641445,0.9123957956853695,0.07398825225070092,0.12911935473621267,0.7803430777499683,-0.532870411572925
353.0,0.15646918830389486,0.3753478765450743,0.9104227758348507,0.0759060862236295,0.12933795469059906,0.7768221978674896,-0.5356779024366056
354.0,0.15275253955294904,0.3786628071278297,0.9097055468224339,0.07561056962285974,0.130400103527898,0.7750258609959266,-0.5367916469392799
355.0,0.15430807859675555,0.3820898233380512,0.9079464618248678,0.07635185813703714,0.12959042515414357,0.7723244770680187,-0.5391536451961487
356.0,0.15699581197977808,0.3861325375261588,0.9056186265462582,0.07815933557092695,0.12903302483105517,0.7685793945674122,-0.5422074198391835
357.0,0.1542982799151648,0.3893820100079082,0.9046924125773439,0.07813660936083577,0.13000044203198796,0.7666589706177616,-0.543388794063663
358.0,0.15568909455597885,0.39319838449572636,0.9026657334992385,0.07969008616240965,0.12980524835851637,0.7632051900422628,-0.5459846874646299
359.0,0.157115540478914,0.3974636538126447,0.9004323820177539,0.08098688938188994,0.12939285395597758,0.759379558535926,-0.5489147014064235
360.0,0.1559260322757501,0.4009854432010619,0.8991055302262472,0.08066593033101864,0.12904358440649016,0.7569391133153871,-0.5506652799179717
361.0,0.15485674079357192,0.4043967761642349,0.8977517620377586,0.08077382631066639,0.12907704208117238,0.7542984881730087,-0.5525895238404903
362.0,0.1512364542671111,0.40727256522128297,0.8971618505661269,0.07973209145350822,0.12961793353713846,0.7528671940641527,-0.553415419427622
363.0,0.15116920579819043,0.4107031113920917,0.8955709222862336,0.08014704402898819,0.12935805016905907,0.7500140861347935,-0.5554738661613688
364.0,0.1536220604393532,0.41488412338245223,0.8930725452519427,0.08180987488536182,0.12851994623248994,0.7457080596655974,-0.5586996704885354
365.0,0.14928741335227325,0.41716935657882065,0.8928582373465352,0.08054293357358176,0.12939859957230404,0.745007537520858,-0.5588862704918776
366.0,0.14856270613683611,0.41963143104375816,0.8917623756606315,0.08123084255117861,0.12988057043525686,0.742999714328022,-0.5600983712590379
367.0,0.15119679681438522,0.42203723955978956,0.8900812311828588,0.0823377128285015,0.12875380389394697,0.7407447078653984,-0.5618926612787294
368.0,0.1516514276930718,0.42398141414560736,0.8890148370384797,0.08303146670503578,0.12870321094617762,0.7392695746918769,-0.5628354302914471
369.0,0.15197590848569598,0.4261806191742818,0.8878252633339685,0.08390294909085533,0.1288759788474898,0.7374929240261696,-0.5639981290323971
370.0,0.15403897891753848,0.4276000657507628,0.8866350334915161,0.08548973113470174,0.1288117342835548,0.7359010032649562,-0.5650435605279555
371.0,0.15418065531886674,0.4291737503212066,0.8858008676764643,0.0859944206579626,0.12877058446555661,0.7345392858887847,-0.5659078397718742
372.0,0.15230625521479368,0.43013498811623807,0.8857517620140015,0.08503242152133153,0.12877787062795704,0.7343379222298312,-0.5659820010808209
373.0,0.152294713450348,0.43077744625264897,0.8854269498783486,0.08518349889648102,0.12882625923778662,0.7338130162161756,-0.5663041908645361
374.0,0.15332361205366804,0.43197159486166153,0.8845721420025138,0.08616575197010452,0.12887347189696963,0.7323989747111628,-0.567233793788575
375.0,0.15283350729780504,0.432071068738711,0.8846056773589315,0.08619342312720692,0.12912217031022732,0.7324223002998455,-0.5671540029153574
376.0,0.15147098165406556,0.4327300361882363,0.8845702173916979,0.08565505239555656,0.12927156475306867,0.7320981865822629,-0.567321169742574
377.0,0.15218128037228887,0.43279177710006467,0.8843591858877079,0.0862610335832417,0.12941594742993043,0.7317768310709288,-0.5674824807955071
378.0,0.15363398553019067,0.43231385679398554,0.884325163948286,0.0864310830769574,0.12885057176539386,0.7320877153370575,-0.5674199566765777
379.0,0.15269797730753404,0.43260747813704503,0.8843735730064395,0.08612479871626824,0.12905409421502215,0.7319323486357843,-0.5675018066144559
380.0,0.15157365788589094,0.43195695729778927,0.8849497030369949,0.08545546425981872,0.12923944621301672,0.7328298866150353,-0.5669079999764707
381.0,0.15220901600279244,0.43155552736650366,0.8850119762625385,0.08570906672433724,0.12924094793373292,0.7330450092256735,-0.5667942189406575
382.0,0.15333974211096832,0.43121101314479804,0.8849716117610003,0.08584423107650213,0.12881451470677274,0.7331835024387516,-0.5667951208363278
383.0,0.15283416731840652,0.430360952316055,0.8855312029153194,0.08523882146683488,0.12869989619292474,0.7341702146133178,-0.5661538354170867
384.0,0.15231377263320195,0.4304246814024537,0.885594310985069,0.08519286740519048,0.12887694540532585,0.7340703293480699,-0.566182497905252
385.0,0.15325368329522593,0.42980054402795054,0.8856773436356029,0.08579302932235497,0.12898815143581188,0.7343546232759053,-0.5659654242260815
386.0,0.15393167943090558,0.42949619919307747,0.8857027755319518,0.08584081990101307,0.12869836780097174,0.7345603496953641,-0.5658698320801953
387.0,0.15347589628901895,0.4296916212028313,0.885713652143382,0.08556626866468386,0.1286756612944677,0.7344376104066841,-0.5659357341511381
388.0,0.15291825375824106,0.4293276314562989,0.8859729874439808,0.08570681452044748,0.12923648605447846,0.7347954126850647,-0.5655799075590984
389.0,0.15322097768299694,0.42983284925076554,0.8856528515968273,0.08594230716732879,0.12919177647285915,0.7342677013158929,-0.5659934390113521
390.0,0.1531743615129315,0.4299612156102275,0.8856162005056921,0.08576079202026488,0.12905583323610426,0.7342814300286691,-0.566023780256127
391.0,0.15255382752416613,0.43029545202697467,0.8856199743050149,0.08514936749391039,0.1288274250837617,0.7342682633032509,-0.5660762820412353
392.0,0.15227936416054372,0.4311611096793614,0.8852351259302927,0.08526350080838209,0.12891841120335013,0.7334931046385302,-0.5665743334143827
393.0,0.15268450309647968,0.4313903189747565,0.8849762436414345,0.08606325231674325,0.12932751713925117,0.7330557749081659,-0.566761288009996
394.0,0.15263799176118015,0.4322145450746888,0.8845585823586819,0.08630379407993971,0.12934713430462913,0.7322496895898513,-0.5672575676389766
395.0,0.1518793265358968,0.43292691655610477,0.8843692889681223,0.08601113778019603,0.12942598156688456,0.7318151821998464,-0.5675070786876534
396.0,0.15206131507256454,0.433540405895323,0.8840078830824523,0.08631416779765791,0.12946325180089122,0.7312274993255641,-0.5678817485668473
397.0,0.15219937507397546,0.43464975292742614,0.8834007734615372,0.08670649315233893,0.1294815017678409,0.7301148737365499,-0.5685940359375732
398.0,0.15159823333356526,0.43519118237910304,0.8832681846181722,0.08639400714713151,0.1294521361589868,0.7298700082396852,-0.5687667423785362
399.0,0.1510930959783081,0.435801735629188,0.8830726481447562,0.0861998936709595,0.12945814202759467,0.729423693258932,-0.5690829189223741
400.0,0.1497143299410443,0.43612849726507186,0.8832214496074872,0.08542496260966885,0.12948067270864694,0.7293956402905462,-0.5690415750466356
401.0,0.14768269146359203,0.43675080403970934,0.8833638941421823,0.08430176948733818,0.12959177797440666,0.7292271517875148,-0.5690716501500416
402.0,0.14684707703812988,0.437871734356069,0.882942697897013,0.0843591870972557,0.12987564664218673,0.7280551353485906,-0.5698238922634933
403.0,0.14485880328796374,0.43849874299710556,0.8830348885478604,0.0835713174911421,0.13021997898240137,0.7279562000074016,-0.5697646315439641
404.0,0.1449712733798803,0.4397096477924562,0.882393220961915,0.08379116381401573,0.1301894199632774,0.7268511529645387,-0.5704654353147164
405.0,0.14675362248568116,0.44107406991020953,0.8812907072855827,0.08511009571285318,0.1299955566867761,0.7251658877052327,-0.5715876195838709
406.0,0.1458618595657078,0.4419228341782839,0.8810240612444787,0.08500076507980285,0.13016553040822745,0.7248236538101683,-0.571730478028393
407.0,0.1456606045176608,0.4437602237706167,0.8801224664744226,0.08511343077082834,0.13002990377403803,0.723242936362801,-0.5727538972048558
408.0,0.1464512777412112,0.4452499934178025,0.8791363213596317,0.08616144773428352,0.13018609675562148,0.7215748621965449,-0.5737172582096891
409.0,0.14521645244039535,0.44659673359758933,0.8786450001985453,0.0862931231714833,0.13078053570456513,0.7205371186877045,-0.5741644441834471
410.0,0.14479550225207138,0.4488394186859826,0.8775450804952681,0.08655674704927895,0.1307467509224015,0.718413175029275,-0.5754596803244127
411.0,0.14446683530933774,0.4505097217352459,0.8766918207934387,0.0870733912950522,0.13098788799402614,0.7168614637925224,-0.5763056676204666
412.0,0.14460735520428844,0.45240206436267844,0.8756384766966278,0.0876261553967594,0.13097896460277864,0.7150734828082628,-0.5773134769757637
413.0,0.1449938219243799,0.4543354820513404,0.8744741878024652,0.08860562183155209,0.13122850844141357,0.7130175573428019,-0.578432706577374
414.0,0.14439161231030676,0.4560151600331682,0.87373553571273,0.08824652824413542,0.13088182646297639,0.711809644353957,-0.5792235234183944
415.0,0.14348400452930293,0.45813045515925394,0.8727972598041372,0.08805549260664707,0.1307500485240784,0.7100802222013665,-0.5802703023042807
416.0,0.14370474655316764,0.459672674983705,0.8718983322475826,0.08856227139871055,0.13069666195495694,0.708549620770059,-0.5811733315747719
417.0,0.14224163536205345,0.4609194440058039,0.8715085912337808,0.088280001770616,0.1311120610783796,0.7078194741440516,-0.5813632542265584
418.0,0.1424752358036212,0.4620861515802389,0.8707841080036638,0.088950733266963,0.1313060359834968,0.706711599337895,-0.5818511861083183
419.0,0.14211982160680176,0.4633364500808904,0.8701759481090219,0.08896690207855011,0.13146818804683785,0.7059895918402567,-0.5822982563732384
420.0,0.1406774766805603,0.46531024354091843,0.8693636034510726,0.0888996614461937,0.13198651186858296,0.7047495052720552,-0.5827995019849473
421.0,0.1426400758087975,0.46738337449668693,0.8677513626176566,0.0906320180319867,0.13182133705831453,0.7023539050397087,-0.5841750423366635
422.0,0.14254701949071807,0.47028517341853726,0.8660786326733058,0.09176058480494978,0.13222062638350535,0.6994255221807335,-0.585628023600241
423.0,0.14073679722039453,0.472913486755422,0.8649017453715008,0.09214639877014563,0.1330242086514743,0.6971786669572076,-0.5865786732062539
424.0,0.14106476898997775,0.476071491869956,0.8630658009770976,0.09259637553532893,0.13248810223616855,0.6941385412408344,-0.5883017263918138
425.0,0.1415546165891446,0.4792059931749331,0.8611344215041953,0.09365583125551341,0.1324240700163023,0.6909961293889137,-0.5899205505904688
426.0,0.1407790239889181,0.4817619247563334,0.8597434319679667,0.0944878058150513,0.1330275066658946,0.6887423746315544,-0.5908971448330476
427.0,0.14128711839475777,0.48498842526654296,0.8576929881996912,0.09584839866303911,0.13308152070674426,0.685344168268704,-0.5925071693836054
428.0,0.14225402863947958,0.4877017292074755,0.8558275330730464,0.09731417316085113,0.1330684180045167,0.6823327086707409,-0.5939551318094859
429.0,0.14062619967728326,0.49071678776741307,0.8543550614007391,0.0974614550809497,0.13359411910476002,0.679621873087974,-0.5950533422181389
430.0,0.13995089538540764,0.4937482673080125,0.8526680328707202,0.09789597096681002,0.133651247307677,0.676537142958998,-0.5964426260229355
431.0,0.1376488265696575,0.4951883454580681,0.8523609324093868,0.09655125047713192,0.13353264252061142,0.6762007730808534,-0.5966420271823863
432.0,0.13293608302383766,0.49679620415845893,0.852316204971368,0.09528177216672264,0.13514078295972956,0.676107959401099,-0.5962338119795382
433.0,0.13631615391890178,0.49946988977315443,0.8499806588638014,0.097368449449549,0.13412791594595425,0.6725463123069553,-0.5980923836053395
434.0,0.1380395574319739,0.5020930065878151,0.847941550391227,0.09921098951081686,0.13400152452810743,0.6694184467383522,-0.5994480747085781
435.0,0.13484262410625505,0.5043976042039874,0.8471905374456077,0.09832963368201514,0.1348483455574929,0.6684172603073666,-0.599671038685778
436.0,0.13692241034946873,0.5073054288980634,0.844837454783707,0.10071310912305009,0.13479728277416866,0.6647199522691069,-0.6012760825964412
437.0,0.13810326890031793,0.5098521438298642,0.8430005869830445,0.10162818948195618,0.13423780160045048,0.6622320125604767,-0.6024162943509385
438.0,0.13663221982547746,0.5118469571111284,0.8420188136413176,0.10172829732040808,0.1349838977226954,0.6610704365649052,-0.6026612100708778
439.0,0.14002403415229958,0.5142208932548019,0.8396746508056535,0.10448264733606649,0.13436225973881757,0.6577177189153052,-0.6041190173854313
440.0,0.14078300822579068,0.5166323188376182,0.837869258066036,0.10604856489002107,0.13453960044670182,0.6549712477325836,-0.60515953475811
441.0,0.13856387124042097,0.5186742650910398,0.8371102643554885,0.1049926932211083,0.13460552570740622,0.6539000950669471,-0.6055050422235374
442.0,0.13755649768045514,0.5205877565208787,0.8360507704755703,0.10528868359729056,0.13505154660712843,0.6519959508519552,-0.6060851014596956
443.0,0.13541021001870984,0.523465503704625,0.8346819960147671,0.10466091430307968,0.13543154751145703,0.6493167784908864,-0.6070444095092284
444.0,0.13303959320225053,0.5253222803946168,0.83397770528738,0.10401036220096066,0.13602474318444813,0.6479296129510599,-0.6074437963428214
445.0,0.13242830857790677,0.5274561555287984,0.8327102494051625,0.1041459918459031,0.13605093476407507,0.6458268077447544,-0.6082080147881527
446.0,0.13333942192218348,0.5300540718663995,0.8307431578195318,0.10549447945433066,0.13605633955638097,0.6427144044664543,-0.6093108259207777
447.0,0.13440910428301306,0.531619765134419,0.829434633392021,0.10654955154343386,0.13572714094982616,0.6410625710519066,-0.6099347843398043
448.0,0.13382457055944003,0.5340088898997845,0.8279476889722597,0.10690235800989467,0.13592809510608508,0.6388618888244504,-0.6106668290566252
449.0,0.13415105718042142,0.5354190559968434,0.8268662281008977,0.10780616475424161,0.13611901124771497,0.6374383546661482,-0.6111372658861908
450.0,0.1342549903508647,0.537487245983637,0.8254391367262933,0.10832030987476986,0.13596708736962881,0.6351998830373569,-0.6119272648549378
451.0,0.13291953150253807,0.5403868503310963,0.8238295583481591,0.10779289831088283,0.13581526156203053,0.6324741397682279,-0.6128590664717736
452.0,0.13312650446913488,0.5421564317989171,0.8225367429335081,0.10852208895534315,0.13574598356329656,0.6304027126911198,-0.613503681125772
453.0,0.13177668580849722,0.5445564332421935,0.821159702168776,0.10858148841287886,0.13618349351999687,0.6280601928935553,-0.6141466137591255
454.0,0.1304022281081236,0.5468375884045249,0.8198516695887691,0.10866071362211983,0.1367224450700071,0.6258446780400039,-0.6147048959191018
455.0,0.13145951157343855,0.5490868840922828,0.8181031344285394,0.10922111505061836,0.13590408647368676,0.6232133230100387,-0.6156624940280224
456.0,0.13148685180686634,0.5512707463764608,0.816542678516918,0.10986276053274793,0.13591810253348707,0.6208467323444684,-0.6163618239343474
457.0,0.13008260666820162,0.553189581781703,0.8154452443988442,0.11004024462849821,0.13670767567226616,0.6193221178619391,-0.6166442404721487
458.0,0.13154365950007055,0.5551758818660747,0.8136642306485418,0.1114743271012319,0.13628746442043865,0.6168498276323138,-0.6174490108301698
459.0,0.13194080035566363,0.5567799834128871,0.8123581171466874,0.11252539614745144,0.1364003734814313,0.6150710974671509,-0.617851422609618
460.0,0.1319126780030405,0.5588914381641259,0.8107866472229432,0.1134214195550363,0.13661016724694894,0.6127201205320867,-0.6184541554093894
461.0,0.13309622691692874,0.5610797641663021,0.8089435413726268,0.11439073168346023,0.1359952794309922,0.6099668235073827,-0.6193514647204152
462.0,0.1324949024880111,0.5631344867479119,0.8075746614918408,0.11466392966489969,0.13613585747118667,0.6078562016017752,-0.6198100456487519
463.0,0.13104047514289693,0.5655238686471098,0.8061008551634988,0.11494589670539015,0.1367834463828294,0.6054143179070375,-0.620283108574272
464.0,0.1292916298242524,0.5668181380272693,0.80559475001512,0.11409632600905358,0.13703148634052828,0.6048710829828639,-0.6204822498554772
465.0,0.12672226370317702,0.5692106040493329,0.8044879559558531,0.11287109834545525,0.1373628304200221,0.6031857026133979,-0.6206917581657562
466.0,0.12849898451725753,0.5718547739909856,0.802155725172288,0.11408909244565459,0.1364363266705808,0.5995002872481388,-0.6217603053944206
467.0,0.12827768512517207,0.5750313664504678,0.7997669214863535,0.11513745868862912,0.13664858965424964,0.5957466415203779,-0.6226257280948755
468.0,0.12591430667009135,0.5778303811429527,0.7981558852693531,0.11491223091505694,0.13750809038194112,0.5935178737549404,-0.6229303555853016
469.0,0.12845432932155376,0.5803652020673041,0.7955999790732805,0.11703158038120548,0.13667267316829562,0.5900200037911731,-0.6239326417259339
470.0,0.12920428912870774,0.5838210893999153,0.7927594398561231,0.11828633801774141,0.13638348494908237,0.5857790497993233,-0.6248255657246542
471.0,0.12796949048462933,0.5856034821288113,0.7917047467998817,0.11788114827338002,0.136518830506619,0.5846327611070243,-0.6249282320755963
472.0,0.12598852635221788,0.5881820969439182,0.79004453013282,0.11831463336993965,0.13778040369663122,0.5820236603803086,-0.6252923553896106
473.0,0.123336633288209,0.5914139660094223,0.7881701433504503,0.11749647156006975,0.1383922238913203,0.5791838658012617,-0.6256830898607693
474.0,0.12373955062961361,0.5939475112276885,0.7860666847143722,0.11838093046843216,0.13810119017790443,0.5760357457177312,-0.6262011839211831
475.0,0.12554134107422987,0.5979889991136098,0.782455350294753,0.12005062855105135,0.137022396928337,0.570598233852002,-0.6273249513239229
476.0,0.12544551685899685,0.6004674553820023,0.7804619351272428,0.12075357197400745,0.13704143139979938,0.568059909360714,-0.62768827791161
477.0,0.12475043635325413,0.6030592375841097,0.7784374402055266,0.12162251551588653,0.13750483723567747,0.5654150233718919,-0.6280329925956827
478.0,0.12458927086991747,0.6061099784965219,0.7758439400377959,0.12318436693703004,0.13792818066113993,0.5617353441346171,-0.6284962255494716
479.0,0.1256301802906154,0.6085469804195041,0.7735742122069917,0.12438074059428778,0.13739271931845803,0.5587399071431093,-0.6289707338733517
480.0,0.12573532247624047,0.6120206396777915,0.7707321370168322,0.12487328881570105,0.1368882713424859,0.5544873977061217,-0.6295604183473432
481.0,0.12376944594667232,0.61470282873359,0.7689738029827641,0.12450239725885506,0.13747264716602497,0.551767026692943,-0.629705788852416
482.0,0.12242201456122719,0.6177889321138998,0.7667495382564083,0.1242772356142617,0.13756130238104644,0.5483566936771895,-0.6300547437897923
483.0,0.1227089015280097,0.6204217674566062,0.764400717202601,0.12534312702322128,0.13750614588991567,0.5448356875160568,-0.6304712504911238
484.0,0.12296556170544332,0.6223712565694174,0.7626776157131644,0.1259219763216566,0.1372376128831985,0.5424495217013505,-0.6307102077965058
485.0,0.1220934526700367,0.6246635207729314,0.7610456268838135,0.12529257133484886,0.13696397631631482,0.5400940970186255,-0.6309564510540306
486.0,0.12167194593304126,0.6261596882802142,0.7598992811900108,0.12519211154300808,0.13683992775483533,0.5383670760368338,-0.6311490183220779
487.0,0.11961516534477419,0.6270259821199442,0.7596247921633001,0.12450222928496023,0.13762840131290932,0.5379717891441365,-0.6310261304130215
488.0,0.11896650382265408,0.6282610704339356,0.758696175635116,0.12455967012668617,0.13783938897460768,0.5365502211256897,-0.6310918749264576
489.0,0.12086735073666988,0.6293465149455144,0.7573783051029394,0.12526831447430417,0.136665504266872,0.5347894938576143,-0.6314875298411442
490.0,0.12080666609150882,0.6300974373841918,0.7567138423026866,0.12556723178136056,0.13677192307618685,0.5340480015007204,-0.6314695727604271
491.0,0.12043925772111956,0.6309917351465907,0.7559465411189774,0.1260501580583489,0.13715604177539734,0.5329443495116722,-0.6314684275269165
492.0,0.120661706757866,0.6320238521139515,0.7549934485598643,0.12637838230094695,0.13700958865542967,0.5315836639008961,-0.6316477337217289
493.0,0.11989177683365676,0.6328341802645986,0.7544624560570768,0.1262270356810514,0.13735165292330356,0.5308679906152937,-0.6316076548454788
494.0,0.11854170943526582,0.6331214495915759,0.7545455004497681,0.12556345384798645,0.13788421013206317,0.5312611067773619,-0.6314481776571615
495.0,0.11900069680694715,0.6331135493096705,0.7544810603568783,0.12555635150295266,0.137490418527972,0.5315648340594125,-0.6315268660741743
496.0,0.11946980441058368,0.6339537827018493,0.7536399122635254,0.12592239624284118,0.13721750185509174,0.530568286090448,-0.6316975656178906
497.0,0.11928465344567396,0.6349404978670365,0.7526934419537096,0.12678453399599965,0.1377426650456324,0.5292461259300217,-0.6316810670107497
498.0,0.1193634139141626,0.6357351859723516,0.7519348520548249,0.12722864064645353,0.13781215579341427,0.528265730462097,-0.631678081981304
499.0,0.11941119941980868,0.6371340095327385,0.7506699010614317,0.12765546987998275,0.13776655346357147,0.5263658074089694,-0.6317625184362508
500.0,0.11885866380848006,0.6385619531438069,0.7496096116410447,0.12726617842220056,0.1376182554339465,0.5248843040131606,-0.6318806600790713
501.0,0.11870043099881071,0.6395666387000862,0.7487929186501467,0.12717659895580055,0.137388977466835,0.5237572498701683,-0.6320412139501415
502.0,0.1176027369089812,0.6409077749579268,0.7478704680971409,0.12687231068345892,0.1376935350588221,0.5225309932292119,-0.6320129051925663
503.0,0.11800068384341914,0.6421972190206693,0.7466514876930705,0.1271618119575541,0.13726536718671292,0.5208982033131895,-0.6321676963414141
504.0,0.11898913973860785,0.6438818481949324,0.7449426950274757,0.12774244132059442,0.1364236673086811,0.5185682113779864,-0.6324351167342361
505.0,0.11806343790826875,0.645425131662711,0.7438539550238132,0.12715627252669676,0.13638438569063566,0.5172169780755006,-0.6324479963699707
506.0,0.11783084380304619,0.6470779024909907,0.7422940191180014,0.12808461866346887,0.13677015776880908,0.5148530397897152,-0.6324484306470562
507.0,0.11753100840933697,0.6488564234869304,0.7407357296416427,0.1283837318132512,0.136784960349296,0.5125585024566988,-0.632526039740762
508.0,0.11618845578072684,0.649909002514386,0.7401940814690673,0.12740193464861396,0.13697520914812344,0.5121027143560464,-0.6324648447966954
509.0,0.11606157163698728,0.6517638041918717,0.7384401791668397,0.12821761550792435,0.1372139749341851,0.5094885257035514,-0.6324816555579525
510.0,0.11621643969007012,0.6534098784622259,0.7368132040456992,0.12905646910424337,0.13730042199980463,0.5072311779417722,-0.6324986439361695
511.0,0.11609207946038407,0.6548005764750248,0.7356000547479303,0.12904027894181294,0.13702965216455607,0.5056911401835366,-0.6325448700044187
512.0,0.11569040171477012,0.6569963630556074,0.7337369712118476,0.12884706810651203,0.13670401104233917,0.5030174542359986,-0.6326523650846734
513.0,0.11561811046944032,0.6580719316829834,0.7326499629987571,0.12960639251372968,0.13701810361718422,0.5015723340838516,-0.632553389994693
514.0,0.11526482737408092,0.6597563315675126,0.7311877581409922,0.12961506421613148,0.13695010284060913,0.4995723198588214,-0.6325910134540187
515.0,0.11530020381907335,0.6615749504097175,0.7295225987523889,0.12969666880541325,0.1364497449384813,0.49725076696242737,-0.6326880203524707
516.0,0.1150770767584781,0.6627383727121179,0.7284933199567388,0.12974050453896863,0.13635368926521665,0.4958904572050652,-0.6326616369143871
517.0,0.11497675114641961,0.6643959548159438,0.7269617394660333,0.12994226130302586,0.13620527097797305,0.4937064805902385,-0.6326795390859582
518.0,0.1133152176232271,0.6644354421740712,0.7273125766548195,0.12923474949747274,0.13706635532179423,0.49461640411560903,-0.6324987072394138
519.0,0.11222519187902727,0.6647867384483401,0.727313964118334,0.1283685954172916,0.1372939001079554,0.49522725643197246,-0.6324351915837249
520.0,0.11452718858648551,0.6656434433697785,0.7258057942351802,0.13041579056210612,0.13656587666090764,0.4932691563877918,-0.6325895738602731
521.0,0.11511895521756615,0.6663627505935265,0.7248714882041458,0.1314139884477776,0.1365725673248013,0.49220483468538,-0.6325397565244721
522.0,0.11365450180169627,0.6675216730059584,0.7242285540924848,0.13034750371466014,0.13680290278879406,0.4915358218819231,-0.63243761655011
523.0,0.11397369398116947,0.6684763553078963,0.7231509453698167,0.13115666084991026,0.13685553918690868,0.4899705231048056,-0.6324139889190726
524.0,0.11417678506119086,0.6693768471827678,0.7221203452585327,0.13206250479392503,0.1370513201344077,0.48852067459974685,-0.6323477688387498
525.0,0.11398465057471557,0.6702200179639495,0.7213506728814411,0.13215836593744482,0.13704017849801012,0.4874751454255465,-0.632321016907643
526.0,0.11378928872933636,0.671105910963322,0.7206025508975805,0.13191215895610728,0.136858760009393,0.4864531134314036,-0.6323138288362202
527.0,0.11389981766138942,0.6717279207713672,0.7199626413932954,0.13214471987509474,0.13677373815048235,0.4856262240424794,-0.6322905724374209
528.0,0.1140046446317724,0.6721420184499197,0.7194359518647313,0.13281550813417475,0.13700004498183924,0.48488911675691804,-0.6322310173765967
529.0,0.11375389969977791,0.6725164011275659,0.719115135634969,0.13287272940005396,0.1371499085215225,0.48448440991622915,-0.632177444894449
530.0,0.11385316342113766,0.6727312400683733,0.7189104308067192,0.13280786231381642,0.13699712096208055,0.48424145498482196,-0.6322093893108965
531.0,0.11386314780489835,0.6730587492185145,0.7185953619773369,0.13284505793227244,0.13695754530909754,0.4838200502611488,-0.6322036891175205
532.0,0.11407750228669364,0.6730462623058175,0.7185520057629329,0.13295889320487123,0.13686698956296622,0.48380880621909045,-0.632214284181211
533.0,0.11400178253062793,0.6731220315076925,0.7185125875693414,0.13285324905024284,0.13685351078158647,0.4837931272459973,-0.6322348027637761
534.0,0.11388819708043442,0.6733219311961942,0.7183558918729368,0.13278504489374168,0.13686867180540688,0.4835545993487958,-0.6322433471460527
535.0,0.11389598714246356,0.6732416902689026,0.718444575684877,0.13270539652060886,0.13686341403192642,0.48371985804948914,-0.6322404555741084
536.0,0.11404147297904244,0.6733721014612726,0.7182777687164432,0.13282169394390156,0.13680613386125276,0.48348791102277683,-0.6322484379325142
537.0,0.11393553312910376,0.6735694782573743,0.7181295090006995,0.1327134527962027,0.13680022052052676,0.4833105381698461,-0.6322577154298252
538.0,0.11372403197818517,0.6737309723934919,0.7180386302580783,0.13256676372849696,0.13685005760807453,0.48320976903690216,-0.6322379690736921
539.0,0.1134653827875799,0.6741641582728862,0.7176815977459429,0.1325195037189226,0.13694383809609054,0.4827032774823818,-0.632189565324614
540.0,0.11346873038998347,0.6744927473413318,0.7173142502263922,0.13283315636457785,0.13708405564815065,0.48220721807335293,-0.6321135904168848
541.0,0.11342474722071538,0.6749478644370515,0.7168495872148325,0.13306718723902086,0.13715950188597986,0.481562392802948,-0.6320484083262451
542.0,0.11328429070192389,0.6755388540247865,0.7163061928348637,0.13311410251909034,0.13710083896128417,0.4808302917483315,-0.6320268198706979
543.0,0.113559762878399,0.6760845471727178,0.7156270319022132,0.13376029508075837,0.13709263800908233,0.4798353668875962,-0.6319668029449406
544.0,0.1138752204086438,0.6767702915509176,0.7148862930793906,0.13398505371188463,0.13677670564443922,0.47883662283776973,-0.6319662987422857
545.0,0.11372198612884676,0.6775248347620051,0.7142230307104694,0.13383897247954343,0.13661055875454634,0.47798730706693693,-0.631955203781292
546.0,0.11314906160393971,0.67846509417826,0.7134708533510538,0.13357300347881587,0.13667076759509042,0.47699648952784185,-0.6318883752468278
547.0,0.1132541760560138,0.6792922861225656,0.7126259327884872,0.13378999042376183,0.13647740922089222,0.475868894872989,-0.6318535485546983
548.0,0.11339530987157156,0.6801411568249486,0.7117564190398357,0.13398623230593762,0.13626272325793584,0.47472072159569156,-0.6318133152311399
549.0,0.11312665991302553,0.6810511215246267,0.7109424713186876,0.13391240107715224,0.13622990813725974,0.4736544353440941,-0.6317473201977741
550.0,0.11285913737751216,0.6818262440948906,0.7101874036781203,0.13419999862440016,0.13647600088368925,0.47264095001012185,-0.6316049211835053
551.0,0.11340091920526955,0.6825710944536499,0.7092335916390163,0.13499868529199593,0.13628642856362364,0.4712892262110583,-0.6315428372177866
552.0,0.11186023237773392,0.6827276645287514,0.7095264571499378,0.13394936022159096,0.13679094052413954,0.4720704864415668,-0.6314530081788418
553.0,0.1111842420436887,0.6831053200889301,0.7092849632186695,0.13386570486596425,0.13716665001922798,0.47204785764694973,-0.6313298817466564
554.0,0.11345680125510925,0.683863226126957,0.7078690366208741,0.13557311383023068,0.13619888029018326,0.4702563956916743,-0.6314438008971445
555.0,0.11376385410273814,0.6842159530960931,0.7073609571533569,0.13618660478763306,0.13630569023665234,0.469872149499144,-0.631360347169197
556.0,0.11310084431943408,0.684981148298013,0.7068069673724947,0.13576795043110745,0.13639783867641678,0.46938071871507364,-0.6312730798056746
557.0,0.11376873573571884,0.6859540884945169,0.7055672321806493,0.1367426199825437,0.13620273989196813,0.46767967379438935,-0.6312111862342505
558.0,0.11398396582670732,0.6867230750656385,0.7046991090277627,0.1371795882858923,0.13608783781079628,0.46659205896387873,-0.6311425636141103
559.0,0.11321182552967002,0.6877401325300169,0.7038817012512388,0.1369202078273919,0.13631373806236027,0.4655025787617538,-0.6309714828020854
560.0,0.113245733923035,0.6887934645411382,0.7027814996846466,0.13724842678387292,0.13622557365947147,0.464007360788329,-0.630838702411138
561.0,0.11357215763180313,0.6898504865220593,0.7016322935855787,0.13754924883101086,0.13586269830435743,0.4625428823385405,-0.6307848896798182
562.0,0.11307833726270071,0.6908223813873012,0.7007262724651522,0.13769683399909466,0.1361032700875386,0.46129955440345577,-0.6306235045103517
563.0,0.11225730555268995,0.6917201696513058,0.7000571866140773,0.13726412392756376,0.1362539971529887,0.46043238475049814,-0.6305016790307172
564.0,0.11257595090409131,0.6924187106208205,0.6992406374653708,0.1376427091322386,0.13604809985465027,0.4593554838738888,-0.6304361443744365
565.0,0.11299155638593321,0.6930077792503826,0.69850619367726,0.1380660113077935,0.1358388108077121,0.45843481622373516,-0.6303974841094744
566.0,0.11260059926501188,0.6935547052609552,0.6980908556054883,0.13773936683296828,0.13581062018706588,0.45791091268998707,-0.6303660809567683
567.0,0.11201934676543115,0.6940266992448895,0.6978181699295527,0.13721664768409086,0.13583386630739633,0.4575682781381612,-0.6303364638306947
568.0,0.11251593927708961,0.694173129262606,0.6975120562266836,0.1376254389158473,0.13562799077158091,0.45718112309313663,-0.6303495852680121
569.0,0.11292757780674327,0.6941827357469365,0.6973344827817515,0.13813873709104219,0.13561051416610248,0.4569431531632111,-0.6303165402325182
570.0,0.11242198070744014,0.6942839852528754,0.6974071355620659,0.1376747374877294,0.1357354880258745,0.4570695752276736,-0.6303081360536075
571.0,0.1122372425613163,0.6944082600721526,0.6973255802353304,0.13761179046599717,0.13580748803906745,0.4568793792869612,-0.6302917738115577
572.0,0.11231340256532206,0.6941725924957489,0.6975905372876905,0.13739561025957814,0.1356153463985904,0.45722829813335186,-0.6303794664828277
573.0,0.11004739618004158,0.6935883888817632,0.6989667400641638,0.13516735436660954,0.13632708967546284,0.459565586284734,-0.6304107955701669
574.0,0.11114916760052121,0.6934201111407615,0.6987872569235184,0.1360543331487447,0.1359817971474651,0.4594111258144142,-0.6304719593573908
575.0,0.11341052449362374,0.6935859555423896,0.697858887449257,0.13809253570166988,0.1352850796391188,0.4581287549653492,-0.6305144032264725
576.0,0.11208095097338147,0.69383449713145,0.6979889476588822,0.13726973433826095,0.13582781091408774,0.45858667996197244,-0.6303931571542585
577.0,0.11168814707657287,0.6945674432265039,0.697347555191783,0.13714303438542744,0.13590894280804702,0.4577635925537806,-0.6303034762922362
578.0,0.11286092373661011,0.695173845186111,0.6963295132017456,0.1382785084772615,0.13552839372807338,0.45642780169178043,-0.6302481547850634
579.0,0.1124917303901028,0.6956907757316285,0.6958903149822953,0.1381905375545199,0.1356606557222793,0.45611773059045585,-0.6301630278839156
580.0,0.11193601819511123,0.6967614151782685,0.6949190002329408,0.1381355901447926,0.135811840342708,0.4548923013890338,-0.6300193294713652
581.0,0.112492391932942,0.6974880373572341,0.6939645545600248,0.1388131712593053,0.1355254956478891,0.4536412518767877,-0.6299324017846297
582.0,0.11209721644547856,0.6981799386011823,0.6933846311766274,0.1385523029331414,0.13551472131611167,0.4529930995413477,-0.6298386269236166
583.0,0.11188748345235672,0.698829973578689,0.69277438102385,0.1384973504141101,0.13547487815694068,0.4521772045694755,-0.6297667620428318
584.0,0.11073906731756768,0.6987591489621343,0.6932365476870044,0.13746126604375689,0.1358405130828966,0.4530645792442115,-0.6297426004619016
585.0,0.1104699071535308,0.6991636600634726,0.6928700103447081,0.1374689958683887,0.1359256431991155,0.4525183625826765,-0.6296732263890977
586.0,0.1109833383331053,0.6997859196761597,0.6920173750139044,0.13818219101713572,0.13574155285914144,0.451303244886703,-0.6296030245551486
587.0,0.11156971727451317,0.6996850181795778,0.69199136511668,0.13835109007984994,0.13533894719712766,0.4514502749441369,-0.6296761983832002
588.0,0.11113023777089096,0.7003468088916635,0.6913836932725861,0.13839438646494132,0.13557777951360186,0.45060113715578515,-0.6295396758025921
589.0,0.11086433477322119,0.700740103326473,0.691032366129394,0.13837151378411133,0.13572575568363937,0.4501328866837962,-0.629468884479861
590.0,0.11099772908904931,0.7008320714347198,0.6909254540047748,0.13833267435385477,0.1355671236094084,0.4501081537162588,-0.6294806394292504
591.0,0.11112794092989771,0.7013867468778293,0.6902473562049052,0.13880129430576502,0.13558662590543075,0.4490944621989422,-0.6293738945077494
592.0,0.1107499145025136,0.7014711670305267,0.690260612084643,0.13861077038618252,0.13580462366316676,0.44919225830416476,-0.6293347448879366
593.0,0.11079099719386219,0.7017171052175938,0.6899911989683402,0.13867445522540303,0.13575775717141214,0.4488382791366693,-0.6292872860004803
594.0,0.11093235412662582,0.7020109490373854,0.6896377367441877,0.1388323892249535,0.13566443448882193,0.4483652193627381,-0.6292687718671991
595.0,0.11074632694697942,0.7021166901375673,0.6895761649311021,0.13875199910968322,0.13576958041212137,0.4483456976772011,-0.6292466739260617
596.0,0.11053913312863828,0.7023943390993019,0.6893157367338216,0.13880600685680924,0.13591674973416032,0.44795567693752164,-0.6291725544880259
597.0,0.1102499950953983,0.7025540166495439,0.6892197377678877,0.13870452531269892,0.13608262504033608,0.44787502892569697,-0.6291282587992811
598.0,0.11042889596896086,0.7026788729566034,0.6890224237084168,0.13890989908027762,0.13602445857277481,0.4476171065800103,-0.6291060524481914
599.0,0.11040712531951784,0.7028961305641419,0.6887923899767268,0.13896884480625793,0.13601293871931572,0.4473149702772961,-0.6290679825523768
600.0,0.11021251068056287,0.7030977882188302,0.6886217003313829,0.13894911487300307,0.13610429376931013,0.44707798266606447,-0.629023124192992
601.0,0.11016158583505929,0.7034356589897393,0.6882897493093307,0.13892415075743675,0.13603412559890948,0.44664396936315565,-0.6289727032608677
602.0,0.11028183881493256,0.7037290197221547,0.6879396673846101,0.1390769458510092,0.1359548434589304,0.44619762965129084,-0.6289256463151263
603.0,0.1101292984479558,0.704202620642099,0.6874504185187336,0.13921971405867384,0.13604148755070214,0.44554358331565447,-0.6288170588619897
604.0,0.10979706858944407,0.7046659663402103,0.6870282491203767,0.13922163812271385,0.1362053236875484,0.4449850827643705,-0.6287097198408643
605.0,0.11004231059140616,0.7050978869124445,0.6865262455922716,0.13931752891969462,0.13587885251773224,0.44431599269226824,-0.6286877883663242
606.0,0.1091709465480578,0.7054519999408593,0.6864861329551767,0.13840509192038583,0.13597050254970341,0.4443839014170447,-0.628669420448218
607.0,0.10809604809777269,0.7056297870510312,0.686714262802179,0.1372055730501507,0.13612358376003147,0.4448233636233179,-0.628685968577785
608.0,0.1073537522820139,0.706086751136164,0.6865587164539887,0.13621233645305575,0.13612222676195926,0.4447942973992012,-0.6286570137885985
609.0,0.10798150253042858,0.7064285689153331,0.6860522012217378,0.13649560187168558,0.13570609689676436,0.4442546302173485,-0.6286442967772167
610.0,0.1081364786247067,0.7075229566919816,0.6848254343742679,0.1368645029895621,0.1354994240838361,0.4426292071821274,-0.6285238549492101
611.0,0.10701496509049097,0.7086428436257485,0.6838986674154145,0.13658598073050665,0.1359392567327718,0.44142771797665814,-0.6282684951190074
612.0,0.10626343563956178,0.7097798700704386,0.6828495301997541,0.13651790137136915,0.13622689670952554,0.4400571582431969,-0.62800061152601
613.0,0.10665415048409212,0.7112496491922153,0.6811454288256463,0.13707564881624118,0.13589168282613048,0.43785674644555006,-0.6277574041819901
614.0,0.10725213808412001,0.7119747806266353,0.6800819277152512,0.13812118672798548,0.13580748679729374,0.4365658281238375,-0.6275750520275778
615.0,0.10594383993497876,0.7135822552474447,0.6786374287812785,0.13794023355401924,0.13635146336970888,0.43464979358902367,-0.6271686422580331
616.0,0.1047897374326359,0.7151691092265536,0.6772001072969805,0.13766724669962319,0.13671270853489337,0.4327604006841087,-0.6267754633356515
617.0,0.10535196663390323,0.7162480657601862,0.6758337767619285,0.13834152525134616,0.13638558288891003,0.4311299982814236,-0.626537225953447
618.0,0.10568993657239684,0.717533786572942,0.6741891956984178,0.13944113753530182,0.1364353095084853,0.42909048420329543,-0.6261534272076723
619.0,0.10557415426346478,0.7185242388013703,0.6731854188913035,0.13927816770264442,0.1361747306502703,0.4281545329417615,-0.6260517942454084
620.0,0.1059973576733074,0.7196102610943573,0.6718041498295702,0.14001720096386763,0.13586345664885494,0.42657463937988194,-0.6258406647977994
621.0,0.10635706376484179,0.7207251543044129,0.6705159226555837,0.14018496497675037,0.1353408177769969,0.4252381056265293,-0.6257244953597153
622.0,0.10614336342679703,0.7219546150830269,0.6691605799873894,0.14049639978200815,0.1353780532244682,0.42360818918499477,-0.6254078781122839
623.0,0.10544340981086661,0.7234603288104472,0.667678195530187,0.14033056394987617,0.1355139847057068,0.42172388492971125,-0.6250297551775637
624.0,0.10514971440153936,0.7246254891872659,0.6664501413593957,0.1403768038652825,0.13547532462467163,0.420271566418138,-0.624773248919761
625.0,0.10507453337100071,0.7259365225168528,0.6648776206147002,0.14111434129364747,0.13561763908995625,0.4182529857804512,-0.6243549697326826
626.0,0.10505635474248527,0.7267316477334074,0.6638630792570345,0.14181003670500963,0.13577455154867313,0.4170849308923362,-0.6240338595106177
627.0,0.10387542277618196,0.7273659140397447,0.663454800767043,0.14133807333963333,0.13633856143797612,0.41685615060795644,-0.623812773299226
628.0,0.10384561392221167,0.7281465533329206,0.6626318703544165,0.14120088430712832,0.13604583824364716,0.41607638894255594,-0.6236778578683332
629.0,0.10585905325411687,0.7288125942172987,0.6611938689386042,0.14299905955072875,0.13508258293588754,0.41427943936929734,-0.6235332805591483
630.0,0.10564302611585417,0.7297558865775872,0.660094011584685,0.14342870322387488,0.13517827017186504,0.41313135523151195,-0.6232230586897921
631.0,0.10551129918117459,0.7304068761549238,0.6593617968695292,0.14357987964785393,0.1351016684058692,0.4123393731536821,-0.6230528001857472
632.0,0.10530679442476179,0.7320206193610782,0.6576938440332798,0.14316109596860585,0.13456709792210653,0.4101834443881861,-0.6227546928626515
633.0,0.10442426169967879,0.7329873877174108,0.656868246390262,0.14265051664773382,0.13477706661874184,0.4092995052789412,-0.6224768822193654
634.0,0.10461538649489337,0.7337375909656708,0.6557960739095534,0.14358369669719945,0.1349504183425468,0.4078787681930364,-0.6221333253967203
635.0,0.1042801898930635,0.7350494607300642,0.6543241873407808,0.1438325072337106,0.13507559903311722,0.40604012567759945,-0.6216920739126626
636.0,0.1039893525818082,0.735474806597432,0.6539670094986383,0.1434927660110231,0.13503432226267406,0.40575894087682784,-0.6216097655935534
637.0,0.10339911176597369,0.7365499715625092,0.6528059312647072,0.14369126341880709,0.1353819149763035,0.40423043601186076,-0.6211727393393993
638.0,0.10410884777432353,0.7367793626811145,0.6522412584136413,0.14456437792659332,0.13515245694393693,0.40351426237211785,-0.6210522604682235
639.0,0.1042114975589293,0.7370043530225179,0.6519586686448787,0.14461826226719177,0.13499022941233504,0.4032859778142715,-0.621007432142011
640.0,0.10361261331100922,0.7376164343807987,0.651477817525257,0.14409398102192852,0.13505914976007335,0.4027964376709333,-0.6208943941052616
641.0,0.10398015655706651,0.7375921177014471,0.6513575715755321,0.1444967435559993,0.1349366902419672,0.40264958945082263,-0.6208894568434182
642.0,0.10367678712106962,0.7380031612037538,0.65096832259544,0.14437001365518234,0.13505305773488802,0.40218645098803185,-0.6207511340064499
643.0,0.10383852540605797,0.73794030330854,0.6510044112542586,0.1444123468471165,0.13495531075651832,0.4022503630668261,-0.620784162892415
644.0,0.1039450490617257,0.7380846738168758,0.6508391018436311,0.1443430100959761,0.13479454734535345,0.4020945723693562,-0.6207698571738286
645.0,0.10414015048212669,0.7381210873005046,0.6507034032187464,0.14462769644650486,0.13477833222006305,0.40186842514338345,-0.6207464268497807
646.0,0.10373997672478211,0.7381519207154854,0.6507720741461904,0.14444883760226887,0.13504379653425252,0.40199298286882557,-0.6207244469468806
647.0,0.10385255124598215,0.7382838540437925,0.6506107653636777,0.14442032561531817,0.13491209378822763,0.40178491811431216,-0.6206946612995136
648.0,0.10420250309637821,0.7382919701668189,0.6504868212904026,0.14468483148953068,0.13475825403438918,0.4016670498033596,-0.6206924597824958
649.0,0.1040904439885064,0.7386343727350768,0.6500919700284055,0.14479251841556648,0.13481771816464946,0.4011699567439362,-0.6205657033892673
650.0,0.10386544449884635,0.7387914887990487,0.6499394596997502,0.1448371645757366,0.13499972302841054,0.40100883187337605,-0.6204784031748075
651.0,0.1038785236618523,0.7390893077435235,0.6495533670811973,0.14504023860471402,0.13503330159956276,0.40052376322554195,-0.6203331248643942
652.0,0.1039562589957859,0.7394425877820088,0.6491316114951727,0.1450720736307562,0.13491118072622452,0.40001283813674643,-0.6202182049456382
653.0,0.10385843097649122,0.7396520973753272,0.648876886077702,0.14521359398309083,0.13502013299139,0.39972799690919636,-0.6201066899873028
654.0,0.10333481638980871,0.7402353548033123,0.6483444028554383,0.14499334642294423,0.13521817459090277,0.39906765046935383,-0.6199131528946621
655.0,0.10333084286273303,0.7406000573346756,0.6480076603609451,0.14463873652202044,0.1348601480260156,0.39877137672484575,-0.6198882189479781
656.0,0.10341038176143474,0.7410890670194197,0.6474151765929007,0.14473035896253272,0.1346201456004879,0.39813695540226623,-0.6197466981676603
657.0,0.1040506404979089,0.7415807288906106,0.6465146861503105,0.14577464574476257,0.13442217573896437,0.39698924324891616,-0.6194949184825805
658.0,0.10400683991160907,0.7417727503418229,0.6463326839123222,0.14563593584216325,0.13426355050929256,0.39695414050944544,-0.6195171279444751
659.0,0.1016096029489212,0.7416441274521063,0.6474970315968966,0.14278330041560877,0.13485718669037863,0.3992606329968742,-0.6199328686266812
660.0,0.1019725953239112,0.7408489117889361,0.6483421245711899,0.14281795829156288,0.13479880091235585,0.4011083198833236,-0.6203398893792039
661.0,0.10444192252907929,0.741295589309869,0.646884367868855,0.145304331301843,0.13411171948810288,0.3996967271781937,-0.6200655414031695
662.0,0.10531156285230169,0.7420901152313759,0.6454685772533484,0.14690830944513308,0.13417446643438577,0.3983170321079592,-0.619667116433815
663.0,0.10421859901960531,0.7438649475245869,0.6436214550656444,0.1468156873151405,0.13446759895111812,0.39619466646504087,-0.6190713546220644
664.0,0.10309257401360407,0.7461411230820608,0.641182432579965,0.14673252461512787,0.13466683979924424,0.3931612440181765,-0.6182628886952938
665.0,0.10324565036241791,0.7475680472365914,0.6392893926629878,0.14761918188602413,0.13462015430942947,0.3910605056710673,-0.6176797779061753
666.0,0.10354581781736064,0.749360880543716,0.6369555446536818,0.1484054192346494,0.13433538109020365,0.38863463667675635,-0.6170376852766265
667.0,0.1048284332125257,0.7508774060562987,0.6346191544285609,0.14984208186203793,0.13349112225728443,0.3859930857292304,-0.6164630505653287
668.0,0.1038779555517048,0.7528154451719941,0.6324645698162903,0.14988943854716794,0.133679812425978,0.38342329586246604,-0.6156541303747556
669.0,0.10184539706900805,0.7550235963069142,0.6304349230229815,0.14872354201214188,0.13421449606740177,0.38106061142380754,-0.6148311013548589
670.0,0.10310059711886106,0.756222602919516,0.6285901645381909,0.14957288107546843,0.13308402908103964,0.37879714871346026,-0.6143256186291626
671.0,0.10097474814004097,0.7577820503533096,0.627434767261516,0.1479732314706841,0.13373998348113672,0.3778387276420925,-0.6137659202590046
672.0,0.10068072816752759,0.7592329536934648,0.6255522843728002,0.1487045813602418,0.13398864924060222,0.37565082975149494,-0.6130966301766326
673.0,0.10198376391346005,0.7604398507682799,0.6235335947924415,0.15012128905246877,0.13323452318796652,0.37331876123894814,-0.612561303011132
674.0,0.1012682812096669,0.7615795067641188,0.6224383815107258,0.14937152111453406,0.13313512743659828,0.3724008246574976,-0.6122107867945707
675.0,0.10065592989898486,0.7631433856833025,0.6207019124283071,0.14902916684944267,0.13307580201742175,0.37043626326509516,-0.6115962790874437
676.0,0.1014932113905956,0.7642954932346205,0.6189011946970074,0.15004278811555422,0.1324982806120373,0.3683101360126245,-0.6110082477031374
677.0,0.1013350941153829,0.7649643007202687,0.6180481874589512,0.15025729700377893,0.13252942328629627,0.36754379099090095,-0.6106990031279855
678.0,0.10073832795016024,0.7662765091721717,0.6165546538932374,0.15010815945613007,0.13255706264568312,0.3659084012488275,-0.610132276569943
679.0,0.10091439579240775,0.7664462878424949,0.6161832149590842,0.1506473304675519,0.1325805714421572,0.36574157716620037,-0.6099962748209742
680.0,0.10092653508771797,0.767039258632965,0.6152022011649785,0.15162737850647054,0.13287355478882323,0.3646390027726598,-0.6095492326530257
681.0,0.10031548070587287,0.7681999106218367,0.6138950873376458,0.15145469089485455,0.1330389376801361,0.36310030348154065,-0.609022614214713
682.0,0.10052836967430209,0.7681785393454598,0.6139178051147964,0.1513297959515374,0.13279430349837829,0.363302477059134,-0.609081832245921
683.0,0.10028127710716597,0.7689224543623513,0.6129401804622266,0.15167814547279546,0.1330065927643149,0.36206524261125167,-0.6086200321426747
684.0,0.10020964138808137,0.7692438764117094,0.6124828565190212,0.1519428736277512,0.1331186785569797,0.36152658758983114,-0.6084316085537355
685.0,0.10026714233380604,0.7692222511727141,0.6125771638616129,0.15163392359316213,0.13290227298583618,0.3617601878084616,-0.6085419968717226
686.0,0.0999858810987755,0.7696644028705557,0.6119951700937185,0.15192577897372533,0.13318571730109463,0.36094580843664104,-0.6082159651394782
687.0,0.10022510025688505,0.7694343320734375,0.6122520880768136,0.15189838231785818,0.13301245520770744,0.3613329877356578,-0.6083634060138842
688.0,0.1003680800376512,0.7694243224404927,0.6122431381928337,0.15189075114151998,0.13287429051020258,0.361310849529784,-0.6083722831064456
689.0,0.09995035458747295,0.7695593236026294,0.6121714384061798,0.15177122281187153,0.13316329195406243,0.36119684851290085,-0.6083023886520448
690.0,0.09999470578713936,0.7694166323006955,0.6123719431718542,0.151656546082018,0.13308904806486907,0.36147350469374084,-0.6084122698532419
691.0,0.10018121746351469,0.7694785093217743,0.6122093418286043,0.15187583460595436,0.1330166345535595,0.36123853278443663,-0.6083312231483607
692.0,0.10018783161079708,0.7694637617127876,0.6122135777679892,0.15192910519203104,0.13305437637345177,0.3612760889645428,-0.6083299805357583
693.0,0.10033921333998962,0.7695471889925595,0.612051813644204,0.1520583558861618,0.13295120037341476,0.361071444923434,-0.6082768763061814
694.0,0.10017067087063754,0.7696449488617345,0.611951872938981,0.15207693643487763,0.1330981379453098,0.3609530089080192,-0.6082160177136712
695.0,0.10006459254792131,0.7698441012073856,0.6117075341695867,0.15212175976688888,0.13316324729263124,0.3606601911124083,-0.6081011087664748
696.0,0.10027973588728152,0.7700385862817064,0.6114428614024953,0.1520597824790534,0.13288782312796263,0.3603928043410139,-0.6080345133176406
697.0,0.1004265826357211,0.7702311123237391,0.6111576798131215,0.1521342351809355,0.13275275873317016,0.3600920999008843,-0.6079491596594441
698.0,0.1000662840808192,0.7707358524708606,0.6106158989392441,0.15199081705448986,0.13288572999979764,0.3594547414127628,-0.6077159557047432
699.0,0.09994017964651522,0.7709094053095318,0.6104884620004524,0.1517052637908399,0.132788298305325,0.35937215625809105,-0.6076893724032277
700.0,0.09994468272878616,0.7712007762418454,0.6100986782354123,0.15178941311442057,0.13273979594357238,0.35892084760664444,-0.6075356758336885
701.0,0.10001284480880203,0.7714349020336542,0.6097277679352261,0.15204496639581336,0.1327414226443151,0.35846924619489073,-0.6073649572454893
702.0,0.10001665861357374,0.771392283573275,0.6097868306336217,0.1520218208981419,0.13272127824268326,0.3585784753836073,-0.6073951034018168
703.0,0.09938280123696928,0.771706531605249,0.6095722400744576,0.1517029071135339,0.1330769663710682,0.3583086330595034,-0.6072457730637819
704.0,0.09963724363812408,0.7716379830725792,0.609602571493804,0.1517628004091266,0.13288831910121274,0.35837518008633673,-0.6073104966785714
705.0,0.10009776433331063,0.7715516499056517,0.6095492218722968,0.15211257416208943,0.1326665007788375,0.35830833699815823,-0.6073221570761222
706.0,0.09994283111529469,0.7716647376538887,0.6094439995532074,0.15206240356776293,0.13276680946855124,0.35816328034517625,-0.6072597100345052
707.0,0.09972404962864453,0.7715959103179983,0.6096351183953668,0.15178895719145782,0.13284739565453393,0.3584332933749521,-0.6073427177868378
708.0,0.09983358254496982,0.7717108415548267,0.6094645008737632,0.151817834913005,0.1327285781593945,0.35820411070239333,-0.6072963126114148
709.0,0.0998950989995959,0.7716780045495276,0.6094477005822021,0.15201160069345634,0.13278428914953325,0.35818696736207734,-0.607277414959167
710.0,0.0998199746669615,0.7717071158774097,0.6094450815398508,0.1519236405189852,0.13280159580374287,0.3582004392029714,-0.6072638650445468
711.0,0.09970293448555909,0.7718649893492715,0.6092930837849101,0.1518081062515834,0.13281047558371026,0.3580271964136057,-0.6072016951297208
712.0,0.09968852547893685,0.7719613979182671,0.6091675441648633,0.15183116000366853,0.13280078592030162,0.3579144675426885,-0.6071705950460068
713.0,0.09963396964663536,0.7721544793314827,0.6089374784493368,0.15180803496700546,0.13279669385397763,0.3576664491377013,-0.6070767450385428
714.0,0.09953329552172725,0.7723202390272592,0.6087664661547786,0.15171671350541602,0.13281086074006354,0.3575095046201957,-0.6070060518025148
715.0,0.09949185393267714,0.7726103034585545,0.6083818839247094,0.1518096614281864,0.13281112581955928,0.35707230068112694,-0.6068435889182273
716.0,0.09966064184078931,0.7728871849607026,0.6079361102753511,0.15207511832866927,0.13267523196859823,0.3565542287616983,-0.6066780414527413
717.0,0.09957609828106358,0.7732260771533379,0.6075683460253721,0.1518773820197522,0.132544648416686,0.3561873328575169,-0.606578615999621
718.0,0.09930322601156993,0.7737392247838538,0.6070049762308811,0.15169522130088267,0.13254923219076223,0.35556466045675605,-0.6063404911829515
719.0,0.09932685005919624,0.7741309024072317,0.6065576542802991,0.15147057413723675,0.13232081737739604,0.35514927196482127,-0.6062280942927522
720.0,0.09921556531576316,0.7746898812034618,0.6058692912156182,0.15144062044882184,0.1322558977563212,0.35439057283372033,-0.6059592784221138
721.0,0.09908135500785431,0.7752423081929176,0.6052006784396153,0.15137498965732088,0.13217155950260778,0.3536427504938378,-0.6056989787233894
722.0,0.09907618963750549,0.7756555873935362,0.6047003682502924,0.15126064600570194,0.13200132200244102,0.35313426538602954,-0.6055384488830788
723.0,0.09921200113982663,0.7761341528189848,0.6040109362203291,0.15147126652942922,0.1318395928889923,0.3523629999998582,-0.6052635450963408
724.0,0.0992694062849743,0.7765216063031871,0.603460597920389,0.15164130927195693,0.1317543430346669,0.3517710350769796,-0.6050315694520714
725.0,0.0991421642995395,0.7769817878697541,0.6028536599024449,0.15178141295610187,0.13181074245719235,0.35108813778624687,-0.6047411703164992
726.0,0.09880673976334076,0.7775088746468543,0.6021985539712316,0.15190154580411408,0.1320359514421589,0.35034382138865927,-0.6044032333298157
727.0,0.0987996763447404,0.7779762099436255,0.6015983199988937,0.15189174464214716,0.1319019420808507,0.34971769418643894,-0.6041825080186876
728.0,0.0988837904508241,0.7784726860526182,0.6009247971306093,0.15195940658490123,0.13170619164501468,0.3489685556036467,-0.6039241672766062
729.0,0.09872417345810981,0.7789113930214298,0.6003776538045473,0.15197780169674746,0.13174117559895962,0.3483718708930321,-0.603683499718951
730.0,0.09861681147271971,0.7794284296059453,0.5996985484216527,0.15207793606544792,0.1317365870462149,0.347601239282561,-0.6033725502870648
731.0,0.0986285184140635,0.7798792351410647,0.5990131167830574,0.1524600927229211,0.13176396535938087,0.34681489778523406,-0.6030326203024983
732.0,0.09841380681123987,0.7803912321394665,0.59838670369925,0.1524388410632643,0.13182020299136113,0.3461632372014348,-0.6027428025319599
733.0,0.09832973280565854,0.780896676355485,0.597715207999253,0.15253909213619513,0.13179547851582749,0.34543951253692196,-0.6024375757636459
734.0,0.0984348226785838,0.7812093493414316,0.5972597851741085,0.1526541424251261,0.131634757003384,0.3450400935101431,-0.6022892975559138
735.0,0.09732514749744055,0.7806283838980602,0.5984173039990206,0.1518020823040577,0.1324493012352405,0.3468809245271453,-0.6028781086111071
736.0,0.09651769603465628,0.7803221166851346,0.5992425232838524,0.15063242297923224,0.1328099273285104,0.34880508519884956,-0.6034288304453991
737.0,0.1007913100668139,0.7800637562863585,0.5974572453838601,0.1561617362920958,0.13164457574224028,0.3466955815132947,-0.6028997780903435
738.0,0.10168563491081187,0.7802851232537363,0.5965465606853384,0.1579473298798699,0.1317019586979393,0.34597848559057265,-0.602563149316672
739.0,0.099611521427268,0.780708560072823,0.59692118928269,0.15574589180233056,0.13246768287053137,0.34695336995550907,-0.6027018744097612
740.0,0.09986496777619738,0.782063804880354,0.5949073406357093,0.15648785692465395,0.1321762021405501,0.34439578312773106,-0.6018052697498059
741.0,0.1013598617417741,0.7818165831345725,0.5946652864277817,0.157677537655923,0.13148555697948305,0.34436623157318735,-0.601891890642006
742.0,0.10111912533280726,0.7819580807985654,0.5944756696237167,0.15784536924213505,0.13183870546418755,0.34444506847859374,-0.6018396981263769
743.0,0.10081671642057256,0.7830534515787857,0.5930752375860177,0.1578766740940948,0.13180594932076364,0.3428880805918114,-0.6012423898382437
744.0,0.1018510014275827,0.7823912972228145,0.5935398142895745,0.15874734766696938,0.13144534107197145,0.3436471607627674,-0.6015253486258434
745.0,0.10151405098857742,0.7831564865412882,0.5925822773508039,0.15876731278801817,0.13157243288386203,0.34256317105722045,-0.601091173343821
746.0,0.10155410797173678,0.783255318931498,0.5924036635439078,0.15892063408927873,0.13160838857979235,0.3423604423356381,-0.6010136982310553
747.0,0.10175591078400104,0.7827956185500037,0.5929900436313438,0.1588696394958226,0.13154644478950564,0.3431695530301589,-0.6013137828201689
748.0,0.10146188606608678,0.783569704694853,0.5920985456543385,0.15856643968491743,0.13140383572825245,0.34201698827195054,-0.6009536181476779
749.0,0.10155853579914323,0.7830363363755845,0.5927894271728341,0.15855804853093958,0.13148180508659324,0.3429118196366252,-0.6012796640563818
750.0,0.10160633489892004,0.7830218416387387,0.5927470526622741,0.15875729836852798,0.13155338713248588,0.34284085719913737,-0.6012123215283872
751.0,0.10167852465221495,0.7833089022561109,0.5923159047041807,0.15890409153115978,0.13146354692599144,0.34226070736482356,-0.6010357493901578
752.0,0.10167441621968944,0.7830013768537847,0.5928071839770221,0.1585900361204827,0.13140301305385782,0.34295883645494496,-0.6012966196866484
753.0,0.10153861116595797,0.7832616321102391,0.5924635813857617,0.1586758672200969,0.13148751890689184,0.3424700528876321,-0.6010945060656526
754.0,0.10142316397579,0.7832732849260822,0.5924840213703466,0.1586158483603299,0.13157727258175672,0.3425618236193483,-0.601114735452426
755.0,0.10185701244521592,0.7832381356394283,0.5924229105666903,0.1587396199173322,0.1312462981208916,0.3425114373268913,-0.6011389287736757
756.0,0.10167655589599382,0.7833984294695143,0.5922847116474692,0.15857994524687385,0.13129066874534426,0.3423689702371651,-0.6010836551204127
757.0,0.10137974184018765,0.7834521390281044,0.5922721200872412,0.15855166212963345,0.13152857493001138,0.34235480214617237,-0.601039313694054
758.0,0.10159000919226334,0.7834686921223091,0.5921925849480453,0.15863234483870714,0.1313565065059238,0.34226732766132734,-0.6010296858742527
759.0,0.10165218555393453,0.78348595235211,0.5921762447268487,0.15856825287623905,0.13126834688549463,0.34228599935873644,-0.6010622549097975
760.0,0.10146499178592365,0.7836688375574824,0.5919746934048,0.15853696998328062,0.13138375466436344,0.3420524462297028,-0.6009386069973653
761.0,0.10147252443469873,0.7835393408952548,0.5921488901048686,0.158521670448716,0.13142696110167168,0.3422993691051567,-0.6010149623154609
762.0,0.1014517825307556,0.7837276472123982,0.5919002870441218,0.15853252351911024,0.1313694347929211,0.3419978985541745,-0.6009143780092081
763.0,0.10148670348689726,0.7838672309403256,0.591731834897849,0.1584488840028027,0.13123097019171648,0.3418095584120498,-0.6008528756194181
764.0,0.10160236382424061,0.7835957532469974,0.5920526456883504,0.15851914676789639,0.13126423253185215,0.3422221011860454,-0.6009945216578905
765.0,0.10146229303881954,0.7838776920771017,0.591678161411909,0.1586131150422445,0.1313516844268764,0.3417382569786754,-0.6007949423559492
766.0,0.10153717712650526,0.7837435839060449,0.5918449599967197,0.15860561047381147,0.13131360677240703,0.3419544354527124,-0.6008875593646594
767.0,0.10155218696519978,0.7837414547114661,0.5918838152873288,0.15846146121456595,0.13121938512286654,0.34201919911682666,-0.6009296205758334
768.0,0.10141595637930048,0.7839179392751455,0.591663055931991,0.15850014674913995,0.13132741459249384,0.3417254284391891,-0.6008090184421856
769.0,0.10171886951865802,0.783642346561438,0.5919351768299341,0.1586527361593354,0.1312095534413892,0.34209372169841384,-0.6009684995760635
770.0,0.10163811892250985,0.783850347145826,0.5917174307711234,0.15848914216085086,0.1311470282772348,0.3418258348721528,-0.600879588684794
771.0,0.10147565096692282,0.783888235403842,0.5917101376075435,0.15843307643529478,0.13125792091532704,0.3418220536773297,-0.6008562635772432
772.0,0.10152409878477359,0.783808298358503,0.5917812094120778,0.15853204400709017,0.13130669804066672,0.341928135700075,-0.6008751746634691
773.0,0.10157774258084847,0.7839711852470549,0.5915113535924372,0.1586992800416868,0.13130898584165426,0.34158950624759027,-0.6007362804959933
774.0,0.10153754094018345,0.7839644259301337,0.5915757606305156,0.1585182200577692,0.13126768140022138,0.34174082986893434,-0.6008064666289035
775.0,0.10170640891507123,0.784081991333636,0.5913431249474553,0.15869639513630657,0.1311445921964546,0.3414581401801175,-0.600717316213512
776.0,0.10174004647926181,0.7841520416486981,0.5911971170338367,0.15887261353504595,0.1311754968351555,0.3412944802148579,-0.6006456069523888
777.0,0.10165767583391057,0.7842766416960378,0.5910636661648536,0.15880682848604072,0.1311886858513776,0.3411760160329001,-0.6005991486449179
778.0,0.10183673399118548,0.7844125020389608,0.5908533546537319,0.15880371390309844,0.13096839244207656,0.3409475264333639,-0.6005456832587924
779.0,0.101770292336933,0.7844589849236039,0.590798038962781,0.1588224975499896,0.1310280573368384,0.34091793370620993,-0.6005176187085259
780.0,0.10167096203841752,0.7846666968048027,0.5905416029007082,0.15881374514532615,0.13105204518102948,0.3406222650891348,-0.600390618731838
781.0,0.10168876434213696,0.7846865653570105,0.5905108977410266,0.15881835222629045,0.1310411701036285,0.34062317057837466,-0.6003871895909924
782.0,0.10169866194198203,0.7848255064994958,0.5902972808531703,0.15891956054675516,0.13103493051183507,0.3403891473453868,-0.6002939109566033
783.0,0.10175433756572963,0.7849571067236598,0.590093983774607,0.15898894836935762,0.13096817516434373,0.3401708508554003,-0.6002180903224273
784.0,0.10174327694474014,0.7849455669959269,0.5900731206043688,0.15913037042064232,0.1310430564943727,0.3401726409944201,-0.6001892511484839
785.0,0.10163315155233243,0.7851373816494738,0.5898010759428658,0.15926294377157238,0.131154720135966,0.3398384823072542,-0.6000326486761748
786.0,0.10166448648340552,0.7851464338167091,0.5897764998153459,0.1592893276981505,0.1311254549052153,0.3398364531459385,-0.600026060725767
787.0,0.10167032569825424,0.7852138575738028,0.5896999720901273,0.15923657137536515,0.13106957811894646,0.3397676024927697,-0.6000005298498226
788.0,0.1016553713125354,0.7853022467721127,0.5895716683121195,0.15928532456458974,0.13108051361576645,0.3396155363749626,-0.5999377189361232
789.0,0.10173184549638997,0.7852708016529097,0.5895995236559244,0.15928842201491586,0.13102492387520476,0.33969012666422777,-0.5999788804865028
790.0,0.10185273706181279,0.7854585463794679,0.5892896186974215,0.15943223377949037,0.13093670315241643,0.3393451725815162,-0.5998479807538722
791.0,0.10185517804059249,0.7855224083424842,0.5891218099862799,0.15973591235734094,0.13108448884815224,0.3391661571911306,-0.599731830681712
792.0,0.1017963518560595,0.7856525553781988,0.5889269458366617,0.1598518609338199,0.13115991324360746,0.3389707188010815,-0.5996315468943363
793.0,0.10174805524224624,0.785848121967874,0.588625136407207,0.1600328442651166,0.131247623795888,0.33864622512429865,-0.5994877266557547
794.0,0.10186146952388551,0.7860327200535803,0.5882970552585381,0.16026034695375174,0.13119996963010863,0.3383351419752797,-0.5993686994789849
795.0,0.10188290551056223,0.7863830791790266,0.5877875338013554,0.16039744840040046,0.13115312384212824,0.33783014042335946,-0.5991492483854227
796.0,0.10193556912385025,0.7868027907310731,0.5871812282446293,0.16052636369867884,0.13105776127713997,0.33724206604476853,-0.5989093433294855
797.0,0.1019153894025757,0.7873724484466484,0.5863860590454814,0.16065263952752434,0.13099072514618548,0.3364570014726341,-0.5985851244779846
798.0,0.10234007149304725,0.7879199998467677,0.5854464760675119,0.16112419827077398,0.13064735188076806,0.3354867652865961,-0.5982184563420682
799.0,0.10244831044145232,0.7885537467045527,0.5845351914107929,0.16126358004289698,0.1304508035281451,0.3345820149747385,-0.5978491403526098
800.0,0.1020895771132307,0.7893492338824041,0.5835324104240007,0.1612309870926145,0.13057248927843937,0.3335561293095986,-0.597349173206897
801.0,0.10188088480268225,0.7900564093441719,0.5825591531409267,0.16141867443930796,0.13065692503223683,0.332556085425058,-0.596853240477775
802.0,0.10202176800851531,0.7908467151989297,0.5813569541509883,0.16179346022557742,0.1304630360191349,0.33127374462956655,-0.5963168829998807
803.0,0.10210237288174245,0.7915916549407119,0.5802357008386978,0.16212430031419633,0.130336073836178,0.3301212433838014,-0.5958332517813298
804.0,0.10172073081038338,0.792395676947492,0.5791113143204636,0.16245636246190095,0.1306573495173109,0.3289704693623465,-0.5952284245827262
805.0,0.1013188781723849,0.7933654567736651,0.5778932676894376,0.16231176199963795,0.13075775829609326,0.32778262361389654,-0.5946665825904449
806.0,0.10140263343742655,0.7941793050833473,0.5766635009971979,0.16265283252049817,0.13063541688085176,0.3265553234167022,-0.5941310900202167
807.0,0.10139965548494607,0.7950211630340356,0.5754256848955204,0.16292556999459937,0.13052830577316388,0.32537218703422605,-0.5935837477461188
808.0,0.10177030638756694,0.7957621083240227,0.5742444991588204,0.1632443777877897,0.1301155226577108,0.3243180065125182,-0.593171724937934
809.0,0.10226377938857517,0.7963506496069438,0.5731410378392022,0.16394240769357185,0.12978358022333306,0.3233736025860396,-0.5927982249153696
810.0,0.10256411247494945,0.7968676806176128,0.5720505729248039,0.16504740057248946,0.12983252442814358,0.32249991571452463,-0.592382583690661
811.0,0.10317682594238803,0.797211349703708,0.5709941616522572,0.1666561545550666,0.12989995176580596,0.3216699819715146,-0.5920045489120307
812.0,0.10380237956433729,0.7977140894846732,0.5698696945768867,0.16770756881329535,0.12961942596604947,0.32075548311194985,-0.5916312091001766
813.0,0.10315172777009103,0.7985369379518341,0.569006088560588,0.1671243577864521,0.12970496570210982,0.3199489452460923,-0.5912256419270031
814.0,0.1009717555022213,0.7997434209667597,0.5685653082900124,0.16416045632327894,0.1301070311148291,0.3195392914704442,-0.5909525625380858
815.0,0.09980908435884499,0.8006371058393508,0.5681578931164897,0.16191040708388277,0.13001030681937012,0.31947395827868724,-0.5907724196998008
816.0,0.10176918709929733,0.8013922919478593,0.5659915294154683,0.16452056282922306,0.12919047927702723,0.3169993723920196,-0.5897481588214416
817.0,0.10151823714360392,0.8024384207427069,0.5642355094443212,0.16560470502166516,0.1297101179731573,0.31533162517732694,-0.5888488803336136
818.0,0.10013126176115335,0.803323791556739,0.563538151532747,0.16452771226780888,0.13033403321910816,0.3150723514911334,-0.5885806106158658
819.0,0.10055630746573908,0.8049820345616036,0.5609097242964637,0.16514428313321075,0.12965413845322776,0.31219506321782453,-0.587321502530443
820.0,0.10140125597561463,0.8053007026352875,0.5601375315855169,0.16569402322040463,0.1290751350454648,0.31168561098768566,-0.5870247917439623
821.0,0.10174436692717323,0.8054419619412588,0.5597369327532142,0.16615022074865957,0.12901264002268273,0.31148721203581536,-0.5867910094101241
822.0,0.1018923183576787,0.806329193869892,0.5583363866887999,0.16646821279788604,0.12866712777069317,0.3099114281342748,-0.5860606824546979
823.0,0.10185805475678127,0.8057674834639279,0.5592161851535079,0.16625569925789285,0.12875657574241414,0.3110152474728905,-0.586595733497222
824.0,0.10164242111016755,0.8056034484735562,0.5594069272966493,0.16654066089366557,0.1290767557347106,0.3110513778625813,-0.5866268999921405
825.0,0.10164201225201168,0.8049328272012721,0.5603608388638813,0.16657663493688452,0.1292980785901384,0.31195443334880896,-0.5871188248079926
826.0,0.10195089095724445,0.8035573060235123,0.5623507449862959,0.16632291298139784,0.12933718312278467,0.3141355281937951,-0.5882270155144059
827.0,0.10208748632060376,0.802920031281166,0.5632138931251928,0.16639615108215686,0.12934060394265742,0.3147688330485093,-0.5886429460578105
828.0,0.10173585525312845,0.8016433068681074,0.5652090622078472,0.16600162742457036,0.1298156400584598,0.31674012620591063,-0.5895612104979524
829.0,0.10141708452729234,0.8007776627194062,0.5666661439691782,0.16540613995475295,0.13007555074992772,0.31809470093178854,-0.5901367660507126
830.0,0.10203132195332737,0.7999522964613034,0.567838065382098,0.16500261885757977,0.12950856585786402,0.3191140065768177,-0.5907708853182226
831.0,0.1017474054488673,0.7990994190698467,0.5694195182598573,0.16385663291844257,0.12952898211814717,0.320822075819511,-0.5916042813040452
832.0,0.1012253136404211,0.7987233528969192,0.5701086837216374,0.1636170228328452,0.13003429762664603,0.3214222947226696,-0.5918175435621553
833.0,0.1015360840614004,0.7980351102710044,0.5708627635768776,0.16415264715986694,0.13019490825417163,0.32218430101907336,-0.5921544328971842
834.0,0.1016186393096867,0.7979297336751926,0.5710735223275529,0.16388051854410868,0.13006503498756092,0.32251935523637776,-0.5923077133160579
835.0,0.10201272635555343,0.7980031266040052,0.5708048015767886,0.16421416531049338,0.12985223675126376,0.32221560789808,-0.5921945162324885
836.0,0.10195309488693356,0.7982155676346545,0.5704380599631931,0.1644928380632144,0.12998498439118109,0.3218823851437158,-0.5920142967414053
837.0,0.10204792335146526,0.7987298916005386,0.569582187850905,0.16490273765593363,0.12988889794728453,0.3210139193597039,-0.5916293379165909
838.0,0.10234019034274473,0.7991648659120432,0.5687046770660408,0.16564115676850094,0.1298211479021781,0.3201271725886898,-0.5912026750475475
839.0,0.10208993261585345,0.7998862087625597,0.5677347642832532,0.16564098561101426,0.12989919362006008,0.31921976727167095,-0.5907009995771582
840.0,0.10205012748235993,0.8004537420020645,0.5668832880819464,0.1658400316242353,0.12988722048085996,0.31838491564482213,-0.5902768545247898
841.0,0.10215143104657501,0.8011493372699504,0.5657970567975245,0.16612800801284183,0.12970034044211773,0.317254170653819,-0.5897962817859828
842.0,0.10196232816274568,0.8017792469191097,0.5649876008976941,0.1659600363862518,0.12964961429206115,0.3165198816625044,-0.5894879843948103
843.0,0.10174206329911141,0.8022464568891743,0.5643643881301484,0.16595786325115455,0.12979659910599373,0.3160278400101537,-0.5892094062395066
844.0,0.10173304137398176,0.8029122717614129,0.5633976838584779,0.16602807585052998,0.12968533926131298,0.31513347767923655,-0.5887721660272398
845.0,0.10200443012243438,0.8033191764329376,0.5626259044071604,0.16650972554337218,0.12950331211011093,0.31439475208390677,-0.5884131884621769
846.0,0.10188359388200383,0.8039423597431781,0.5617129745667583,0.16665818225224321,0.1294475547715937,0.31346632933849344,-0.5879453038383652
847.0,0.10178655780433096,0.8044356083828383,0.5609862767340348,0.16678502910082565,0.12939860875233505,0.3127298196699524,-0.5875505017671342
848.0,0.10183764712569043,0.8046129445967458,0.5606863301253385,0.16690698674961854,0.12937248254766245,0.3124877279509395,-0.587376177419129
849.0,0.10195030889461598,0.8048083889312141,0.5603606776158864,0.1669895284264868,0.12926916629225083,0.3121591656443712,-0.5871972761953227
850.0,0.10188544659471278,0.8047362577219431,0.560498433657424,0.16691440065929852,0.12934405717168837,0.31231761715680884,-0.5872621531767228
851.0,0.10170572843891418,0.8047041464192435,0.5606202867657618,0.16676952840690543,0.12945624213106594,0.312419419415023,-0.5873231156438554
852.0,0.10173096514352996,0.8045464581819523,0.5608473360370008,0.16675153078170363,0.12948267543646702,0.31261126160764674,-0.587463353770213
853.0,0.10178926826559882,0.8042774701674977,0.5612541948065116,0.1666446058503486,0.12950098611955432,0.31304275795167386,-0.5876945176771529
854.0,0.10180033573751211,0.804159348108237,0.561423853843548,0.166636403073649,0.1295383715137388,0.3131789140963924,-0.5877540472380175
855.0,0.10177315699806774,0.8040281862187066,0.5616462809556019,0.16653634849258683,0.12957776934111084,0.3134296155773676,-0.587878050975458
856.0,0.10181543196032844,0.8041014265063675,0.5615126894598274,0.1666073626246691,0.1295235357180972,0.3132676137245882,-0.5878188846005031
857.0,0.10176553081525233,0.8042323068818905,0.5613342429724244,0.16660744572766759,0.12951970742025132,0.3130807992658254,-0.5877282544552281
858.0,0.10164418115765447,0.8042953129890977,0.5612551032728317,0.1666439887627584,0.12966238608371933,0.3130371759746376,-0.5876528023749333
859.0,0.10178319103803048,0.8044868495392404,0.560895479538854,0.16684529353092992,0.12958631431630002,0.3126671357094383,-0.5874413499369004
860.0,0.10201184556421301,0.8045731050118092,0.5607160012185841,0.1668929837760718,0.12938453809137443,0.31255218367892545,-0.5873945792265058
861.0,0.10194052492586228,0.8047408784603071,0.5604638973567098,0.16697445215511408,0.12943991234506994,0.31229203723425664,-0.5872507587844255
862.0,0.1017164928962109,0.804916406487129,0.5602843974268273,0.16686739537968168,0.12954821238134195,0.3121111607265208,-0.5871444830898154
863.0,0.10168058205713443,0.8049382880945599,0.5602809215670264,0.16679538518773587,0.12956531872597846,0.3121565876398028,-0.5871588746563041
864.0,0.1019793123374189,0.8050465809352005,0.5599992827158882,0.16703600132133678,0.1293388000005997,0.31183858201888576,-0.5870323997807232
865.0,0.10201999214099332,0.8050594645488479,0.5599741859034255,0.16703320288394757,0.1292996740735732,0.31184162149694067,-0.5870217460064875
866.0,0.10185932954450615,0.8051878426085214,0.5598609628465263,0.16689193324046245,0.1293535450316186,0.3117356862413144,-0.5869510965803111
867.0,0.10175443250517985,0.8053335955687752,0.5596720423862132,0.16688630945965088,0.1294087592289281,0.31153721609849866,-0.5868414770014185
868.0,0.10186605171298001,0.8053409154797248,0.5596227766617317,0.16694809134608599,0.12933480143821574,0.31151777192747365,-0.5868345309909928
869.0,0.10197571232659208,0.8054558216538887,0.5594364496859793,0.1669512869734459,0.12921024047164262,0.3113219703898521,-0.5867555998514895
870.0,0.10200237833993564,0.8054606843753144,0.5594309526875291,0.16692995511222794,0.12919513422148754,0.31133827792105845,-0.5867546070227873
871.0,0.10199267594822609,0.8054978157719346,0.5593845900788356,0.16691208231250315,0.12920441725192275,0.3113079637336788,-0.5867408561279048
872.0,0.10199141520778379,0.8055646618391136,0.5592634113988476,0.16699629783462666,0.12921935085388028,0.311169447759606,-0.5866782143424569
873.0,0.10200465659404648,0.8055397596651954,0.559298272265461,0.16699158144211934,0.12919106505524572,0.31122759836427905,-0.5867104302156144
874.0,0.10196040653058337,0.805663593623571,0.5591968381958551,0.16676074346629158,0.12908642798320627,0.3111380185616644,-0.5866836455080602
875.0,0.10200592254931277,0.8056505274432727,0.5591866810414164,0.1668300786462842,0.12908216762354735,0.31113574727321835,-0.5866678155660908
876.0,0.10211103028481992,0.80570041094729,0.5590930128655007,0.16683880920972172,0.12896228770524265,0.3110499648664027,-0.5866445983217553
877.0,0.10206933288821081,0.8058040396856845,0.5589571706125332,0.1668190106996763,0.12894913981684392,0.31090072810931785,-0.5865770669565096
878.0,0.10202330261013391,0.8058232076267368,0.5589420101602215,0.166805374771705,0.12898689417166517,0.31090466390042487,-0.5865724662131193
879.0,0.1020801430173923,0.8059461542045105,0.5587249099243574,0.16690391234038462,0.12893752465815234,0.3106686236036424,-0.5864591502494049
880.0,0.1021242931621994,0.806016790811318,0.5585829305343738,0.16701099182980747,0.12893244816429084,0.3105373710403792,-0.5863792432559289
881.0,0.10219901033173288,0.8061542810471559,0.5583538866858622,0.16706757512859519,0.12884568249667414,0.31031746286434964,-0.586274682115159
882.0,0.10224618647228838,0.8064209120760579,0.5579676388872665,0.16704234155704883,0.12870547900883994,0.30993019489727425,-0.5860980478050649
883.0,0.10235832903283053,0.806651279524466,0.5576568869561347,0.1668990178207815,0.12846742850075285,0.3096864257214511,-0.5860030156317093
884.0,0.1024987356326768,0.8069970264923373,0.5571158377043676,0.16694835071119812,0.1282644655012856,0.3091994325018122,-0.5857542007028971
885.0,0.10270207837135163,0.8073126460192728,0.5565449362717823,0.1672014012674629,0.12811444409119155,0.30870736667445237,-0.5854720635717237
886.0,0.1028204244057576,0.8076426180006864,0.5559791165481014,0.16741739418713342,0.12803562012709552,0.30823494957800085,-0.5851984927329397
887.0,0.10281915365747321,0.8080844520448048,0.5553610406847072,0.167337546576397,0.12790515055960328,0.3077106472895712,-0.5849510446639045
888.0,0.10296679105972444,0.8085121638269026,0.5546633935051863,0.16749459928043486,0.1277004475528361,0.30707581599175343,-0.5846425754001661
889.0,0.10313795120217516,0.8090475013729997,0.553725514927724,0.1679069911050473,0.12754315376536254,0.3061589565838817,-0.5841611808413313
890.0,0.10335021440957007,0.8096292538336768,0.5527471267666706,0.1681957739344539,0.127311504388193,0.3052652382818616,-0.5837042135227187
891.0,0.10345863135637985,0.810376820811554,0.5515397444312032,0.16849222593931762,0.1271210879405903,0.3041554627209303,-0.5831168571357213
892.0,0.10361842418694332,0.8113372193445444,0.5499761323375625,0.1688827774946081,0.12682375933287093,0.30265876474062364,-0.582351049704343
893.0,0.10361685374239685,0.8123483952834151,0.5482716543378802,0.16956363215793513,0.12677879350713425,0.3009791962367252,-0.5814447415372869
894.0,0.10314626052423695,0.8137788317934405,0.5462253537371684,0.16959576881359614,0.12680239663063356,0.2990012248041485,-0.5803437307810274
895.0,0.10317704266948352,0.8150096560913109,0.5444113266941848,0.16949945637370087,0.1263385452535809,0.297373247519174,-0.5794171484738441
896.0,0.10347022656206253,0.8161699413640642,0.5427297362543089,0.1691300458650196,0.12560306086008755,0.2959058379983383,-0.5785699302781951
897.0,0.10352686709568015,0.8174969804260055,0.5408295475541142,0.16877285112282922,0.12506477737030913,0.29412476703642504,-0.5775196550839168
898.0,0.10362022781538496,0.8185310362085908,0.539224594646784,0.1688390585107306,0.12469462450315355,0.29259853546842274,-0.5766241138286319
899.0,0.10327305891560068,0.8196396815412744,0.5376655902351062,0.1686451328152343,0.1246208453968628,0.291089949348437,-0.5757726495387224
900.0,0.1023589651977054,0.8208097138964406,0.5362416769165208,0.16804439816505576,0.12495861299567473,0.28980650453874396,-0.5749755063539921
901.0,0.10271588293377566,0.8214059350979614,0.5350430847409119,0.1687324350855753,0.12473979989322366,0.2887386225280661,-0.5743610301835007
902.0,0.10327546576154888,0.8219770107676381,0.5337554304894818,0.1696853333798221,0.12445563360304238,0.28758150540762406,-0.5736965201593239
903.0,0.10321063306811472,0.8225136212364464,0.532758767655487,0.17025570060468795,0.12460219539879033,0.2867688187738786,-0.5731638115847387
904.0,0.10363240282090504,0.822830388059986,0.531860376184018,0.1712746852748928,0.12437869437878402,0.28594335673752136,-0.5727321020516488
905.0,0.104238482138277,0.8229681737485061,0.5312500581728548,0.1721368627862587,0.12399852288463281,0.2853385748718021,-0.5724675146603095
906.0,0.10424524846629522,0.8228987755370551,0.5314328386857535,0.17190017847058184,0.12396196542158873,0.2855973390989574,-0.572608134651035
907.0,0.10393654838817247,0.8228255679439627,0.531785754481355,0.17134523622658573,0.12415919952575821,0.2859786106631502,-0.5727597271337203
908.0,0.10388007502476625,0.8225958579956775,0.5321769524045895,0.1712678479766924,0.12430887209353658,0.28636219187558903,-0.5729529154216804
909.0,0.10388968030454204,0.8223471810416241,0.532437243793798,0.17164681640035828,0.12450770983388726,0.2865391282138918,-0.573087135026326
910.0,0.1035879980504266,0.822320989644608,0.5326428009238416,0.17131655866792977,0.12460339495372932,0.28671264581667183,-0.573256529916663
911.0,0.10335707001154773,0.8222058680101381,0.533009178129811,0.170868495392529,0.1246543710163232,0.28709476905671283,-0.5734922784150369
912.0,0.10340253350896057,0.8220895558461414,0.5331169064706394,0.17106443893398127,0.12475902333465609,0.28716535404374205,-0.5734752568825953
913.0,0.10351006616328623,0.8220086025031769,0.5332110362928991,0.1710950448993158,0.12473672316379143,0.2872963356201441,-0.5735001584625504
914.0,0.10344029629094467,0.8220345148828941,0.5331805511162473,0.17110774779612184,0.12481123505219345,0.28726789781633527,-0.5734611891240786
915.0,0.10336993511583677,0.8222542190973318,0.5328673398326899,0.17107031837936565,0.12474343021159422,0.2869430130347295,-0.5733171120242361
916.0,0.10351947899993014,0.8223116791804802,0.5327040557288123,0.17121217468695482,0.12462390863648959,0.28679350148830446,-0.5732626566312076
917.0,0.1037164427682469,0.8223613803565916,0.5325045812872768,0.17147457684906023,0.12455916609587209,0.28661034259266094,-0.573128957531632
918.0,0.10386498659632548,0.8223732533528961,0.5324434675008258,0.17151749369908442,0.12448452863063605,0.28659025693145224,-0.5730863505841303
919.0,0.10384497331444018,0.8223933586301184,0.5324565413681297,0.17139258079825387,0.12447427331973267,0.2866326363137079,-0.5731116270882745
920.0,0.10370545171701241,0.8224305406172171,0.5323894914340741,0.17150689360725554,0.12460322740594904,0.2865086334366693,-0.5730456234967208
921.0,0.10356259240490302,0.8223379338853446,0.532586213286112,0.17142647801643235,0.1247004793055513,0.2866795997981018,-0.5731677957465646
922.0,0.1034547299230985,0.8223001483100306,0.5327611916182307,0.1711288919246643,0.12470205487270554,0.2868572045624193,-0.5732893248992278
923.0,0.10344941700177092,0.8221664941320189,0.5329811740774948,0.17108928115938118,0.12477278855057274,0.28707982999643855,-0.5733748670460193
924.0,0.10344802379983628,0.822100567173406,0.5330952273292312,0.17105157825599865,0.12480842567140552,0.2872128649051662,-0.5734278071075136
925.0,0.10341831501152135,0.8221570997481394,0.5329610510713749,0.1712158681162495,0.12486731029733403,0.28703601647073695,-0.5733379436129831
926.0,0.10346702093726855,0.8222080884512303,0.5328803207966888,0.17119286951084978,0.1247399626870629,0.28696683918149474,-0.5733457139790173
927.0,0.10352627758680603,0.8223424817989553,0.5326759032684831,0.17114769807058464,0.12459387138078072,0.28677532962835334,-0.5732609607685418
928.0,0.10371549854289717,0.8223664575154069,0.5325190981050136,0.17140570314018638,0.12451614637122854,0.28662584533109287,-0.5731554394470811
929.0,0.10384092186608444,0.8223421240619913,0.5324736761885918,0.17158752316360645,0.12448766084379707,0.286605486188585,-0.5731147616120293
930.0,0.10385025560036315,0.8224454332826616,0.5323155520868882,0.1715773490023252,0.12441435275933505,0.2864321452383313,-0.5730368100008243
931.0,0.10375047667330359,0.8224785499260807,0.5323286321138534,0.17143832982547222,0.12441622736875514,0.2864479120837317,-0.5730674128533298
932.0,0.10369201160018572,0.8224560201436295,0.5323937316598807,0.17137962582837965,0.1244648708171839,0.2865085035812612,-0.5731108636414424
933.0,0.10365993264460191,0.8224152705700204,0.5324419050146978,0.17144491500676332,0.12457329445304359,0.2865491242323635,-0.5731029921259947
934.0,0.10363645335693061,0.822328864295092,0.5325767109752854,0.17145486697521337,0.12467427966367896,0.2866955213403098,-0.5731529120556333
935.0,0.10366621392655301,0.8223129956169404,0.5325670801713933,0.17154287641095647,0.12468788561169654,0.28667098439252214,-0.5731350418874502
936.0,0.10358427223085745,0.8223200969667657,0.5325782130927654,0.17152376981016226,0.12475367035678527,0.2866758780588591,-0.5731447302440811
937.0,0.1035901719091912,0.8223825390418633,0.5325058784467089,0.17144540000414488,0.12467504960181926,0.2865975184701013,-0.5731342857543427
938.0,0.10367406633064938,0.8224266946613688,0.532444008027306,0.17137502208508104,0.1245385508873362,0.2865544641900134,-0.5731283515136412
939.0,0.10377164665748433,0.8224355936190074,0.5323689112510677,0.17150650725817332,0.12451494768894328,0.2864986521167904,-0.5730724261747805
940.0,0.10405650133938883,0.8225628107736206,0.5320775052993095,0.17162807234153088,0.1242273174529007,0.2862288996803584,-0.5729547079903672
941.0,0.10416929946268423,0.8226592856775147,0.5318626883748535,0.17176302702470195,0.12411134413078823,0.2860305655296114,-0.5728488908499196
942.0,0.10416607920598066,0.8227925541248688,0.5316397285101203,0.17181687894154554,0.12406881388104918,0.285807671955024,-0.572724483598113
943.0,0.10425513542367618,0.8228449589971462,0.5315215289746453,0.17187758558704264,0.1239741317875876,0.28568862097779224,-0.5726707531590549
944.0,0.10426458068236258,0.8227862008945099,0.5316346487623035,0.171803274322966,0.12397962970721113,0.2858247675318297,-0.5727393387084491
945.0,0.10414609188681637,0.8227383035086344,0.5317742055104965,0.17167256577018156,0.1240774117609874,0.2859544730625079,-0.5728036806070524
946.0,0.10398145174306277,0.8226076390895117,0.5320524858743284,0.1715362413017502,0.12422913875175798,0.28621134485029276,-0.5729499732564173
947.0,0.10378447102266355,0.8224873491396744,0.5323134103320755,0.17142280262664264,0.12440806638735992,0.28643893186914793,-0.5730755866696436
948.0,0.10368035727288231,0.8223886596527666,0.5324950519926052,0.1713951446035921,0.12453369234183728,0.2865852202935111,-0.5731587707650803
949.0,0.10350042113173082,0.8223065116504169,0.5326843587254979,0.17130977115180074,0.12473861211578652,0.2867843562132776,-0.5732319635380336
950.0,0.10351167044803665,0.8223213152197232,0.5326110094416299,0.1714599114601714,0.12479779682089426,0.2866978920580494,-0.5731531339524595
951.0,0.10368385864274422,0.8223853864367009,0.5324327195509928,0.1716022516864021,0.1246605818745503,0.28652940401922466,-0.5730674113279914
952.0,0.10385160062517322,0.8225172120018819,0.532202403924096,0.17158345568747144,0.12442446970922175,0.28632795399774985,-0.5729906205560915
953.0,0.10395418951360186,0.8226234730146794,0.5319863603156592,0.17168185858131568,0.12431188429373584,0.2861172912785706,-0.572884312804717
954.0,0.10396860845270947,0.8226850050252711,0.5318846057912069,0.17169355574775969,0.1242904349918718,0.28603846971781144,-0.5728294547094676
955.0,0.10409487330083332,0.822728306679862,0.5317662903741001,0.17177602615597626,0.12418077415396363,0.2859226056807331,-0.57277400226831
956.0,0.10419140202799602,0.8227263804215303,0.5317502476865756,0.17177639182144175,0.12407375967597117,0.2859164958335454,-0.5727901867151685
957.0,0.10410121839780458,0.8227375352570865,0.5317853378027453,0.17166898061445743,0.12411389896648334,0.2859519324723109,-0.572818457383642
958.0,0.1040401145085833,0.8227293200248954,0.5317833876302054,0.17175141683536982,0.12420149894275931,0.285922374479981,-0.5727924686499843
959.0,0.10404510585445821,0.8226675808750167,0.5318941162312064,0.1717012418231346,0.12420406711537714,0.28603946147903286,-0.57286238537979
960.0,0.10397734708528683,0.8226197366200892,0.5319879882370044,0.17168069369543437,0.12430703250761953,0.2861268300178741,-0.5728897857234007
961.0,0.10392277447113721,0.822587590089119,0.5321037022543585,0.17150907738309862,0.1243126804767409,0.2862532451143114,-0.5729623405494655
962.0,0.10386086521416628,0.8225331307869911,0.5321936520675523,0.1715286743775402,0.12439613719837699,0.28632595361988067,-0.5729912966889077
963.0,0.10385489192112488,0.8225404909367345,0.5321856558772007,0.17152180582118637,0.12437612130688218,0.28630149595765275,-0.5729859724557915
964.0,0.10380847290650684,0.822538880481154,0.5322110054072811,0.17147896889414732,0.12441766928507764,0.28633907304340905,-0.5730000637566053
965.0,0.10396449189296217,0.8225924921152737,0.5320544869091215,0.17161293453843418,0.12428420361329247,0.28618767440856413,-0.572918774813276
966.0,0.10413539763433227,0.8226891292388093,0.5318535034793761,0.17166906077841326,0.12408699234884724,0.28600548065150055,-0.5728302517149813
967.0,0.10420229932127809,0.822786959144527,0.5317042893650333,0.17162182072418988,0.12395474000033488,0.2858819407827497,-0.572775120934296
968.0,0.10426199408102937,0.8228283947785285,0.5315843231955082,0.17175848354363973,0.12390729846602243,0.2857439581820844,-0.5727006817501119
969.0,0.10421371116832044,0.8227602425372013,0.5316804360855549,0.1718167616634819,0.12399766236081883,0.2858269335781812,-0.5727346924464336
970.0,0.1041067286479814,0.8226953404699373,0.531859974224559,0.171636632561703,0.12406958215343872,0.2860040309027662,-0.572835538391685
971.0,0.10398021084455165,0.8225847578131537,0.5321277413262546,0.17141324008727182,0.12415906069059508,0.28627087526500977,-0.5729883951555736
972.0,0.10382412607425268,0.8224805548103628,0.5323475852885599,0.17132523527255142,0.12431673321134974,0.2864707825838422,-0.5730889913542884
973.0,0.10375537899496114,0.8224732534734603,0.5323865307586741,0.1712809111288709,0.12435910528352528,0.2864905035931667,-0.5731035280369807
974.0,0.10384156127656516,0.8225139087197311,0.5323272878322007,0.1712175772035361,0.12421478407589573,0.2864496515993533,-0.5731076141251672
975.0,0.1039753903929406,0.8226428834084764,0.5320744038454205,0.1713027534587926,0.12405643871394711,0.2862125236548822,-0.5729839766668781
976.0,0.10414569510211316,0.8227698247393513,0.531759930260249,0.17156592394671402,0.12393300192723786,0.285913754088569,-0.5727975840044521
977.0,0.10438100596477955,0.8228946584561477,0.5314660029212472,0.1717348957464192,0.12370907962311202,0.2856464492143881,-0.5726584177286324
978.0,0.10446810251735043,0.8230253852275499,0.5312277972186618,0.17179248612694303,0.12360124905570674,0.28542043318493127,-0.5725345955402553
979.0,0.10446295679097639,0.8230331511970538,0.5312119490328698,0.1718074151305285,0.12362397415422301,0.2854134665557684,-0.572524162802861
980.0,0.10442653978561237,0.8229842015093025,0.5313059827633744,0.1717732648998224,0.12367588486509935,0.2854968715787427,-0.5725686855516188
981.0,0.10431848753872264,0.8228913922672142,0.5315159074637036,0.17163405781835628,0.12377166237514722,0.28569858207870646,-0.5726793490304746
982.0,0.10415464608671789,0.82275768408438,0.5317595057679736,0.17162001924035153,0.12398218783688289,0.28591287783474334,-0.5727775395495667
983.0,0.10398623883498177,0.8227091703987313,0.5319059154432795,0.17150096265395218,0.12411298834872503,0.2860355863623167,-0.5728453950101399
984.0,0.10391369918783148,0.8226895148064889,0.5319745109282363,0.1714264421588124,0.12414753334886608,0.2860978398960696,-0.572884616840678
985.0,0.10392656296552465,0.8227305309230318,0.5319168699705815,0.17140066055292416,0.1240952040699881,0.28604310517570136,-0.5728605312120996
986.0,0.10397668112215076,0.8227794931871465,0.531787598435734,0.17153630963583033,0.12407622674434036,0.2859114031581486,-0.5727715925907065
987.0,0.10403184325350322,0.8228081159826859,0.5316792582281605,0.17170132856869327,0.12408908860514102,0.2858062888464366,-0.5726926542595515
988.0,0.1040951026471672,0.8228901095261962,0.5315311155620657,0.17172871174671558,0.12402392227946284,0.2856736400415588,-0.572619975470396
989.0,0.10417358547970347,0.8229656502109152,0.5313852325198295,0.17177059504197834,0.12395266906026631,0.2855476504445257,-0.5725500699674981
990.0,0.10432224545534471,0.8230418710750648,0.5311926461274237,0.1719107915767852,0.12383819832167857,0.285366248156684,-0.5724524017836814
991.0,0.10433628500359271,0.8231283141747483,0.531047254718618,0.1719375796366383,0.12381782944958565,0.28523911321041934,-0.5723713608187886
992.0,0.10435416728792939,0.8231938513976046,0.5309502458704038,0.17191255684498116,0.12376497300249825,0.2851590627626348,-0.5723275360677793
993.0,0.10433949551647216,0.8232320935554046,0.5308671685613028,0.17199488120132747,0.123791970838204,0.28506709952139403,-0.5722666122902403
994.0,0.10431069817022504,0.8232204894969046,0.530851691121452,0.17211561798166786,0.12386589900554328,0.28503848738264875,-0.5722314465305371
995.0,0.1042832079879706,0.8232326079873821,0.5308731209224171,0.1720081834103358,0.12385028108755795,0.28506437196935425,-0.5722535657736568
996.0,0.10423432565858057,0.8231886850200523,0.5309641906753679,0.17196692248775505,0.12390696831237387,0.28514708516759196,-0.5722940968229626
997.0,0.10416954348085225,0.8230772422270334,0.5311463918494316,0.171976946025514,0.12403304993817621,0.28531594367565494,-0.5723725161734325
998.0,0.10415479992134427,0.8229831174336167,0.5312939637780602,0.17198049344500674,0.12409002968364836,0.2854414123553738,-0.5724433648353101
999.0,0.10403863542651556,0.822894618176607,0.5314717952588747,0.17192481077166774,0.1242180095745054,0.28560697558472287,-0.5725267611006551
1000.0,0.1039691065264347,0.8228556065385042,0.5315340585380665,0.17196110109643006,0.12430790004444472,0.2856517934884214,-0.5725382410674391
1001.0,0.104009470402004,0.8228743186052538,0.5314847687762824,0.1719994953639559,0.12426863847045021,0.2856014396417978,-0.5725171444892623
1002.0,0.10410123407002299,0.8229535544045858,0.5313493957676018,0.17198313863678918,0.12414355537970606,0.28549113065221754,-0.5724684319474472
1003.0,0.1042079677447862,0.8230409471299931,0.5311671781972434,0.17206315006951203,0.12403155592724521,0.2853235274827349,-0.5723783108803648
1004.0,0.10422123071104028,0.8231287753181067,0.5310506180578595,0.17199475391056337,0.12395358016740239,0.285234099593516,-0.5723342693234796
1005.0,0.10421787922664692,0.823176117469961,0.5309968787428838,0.1719361161649764,0.12390885732824984,0.2851940819563851,-0.5723220014855107
1006.0,0.10420211393677058,0.8231607856224928,0.5310058479450627,0.1719913658083268,0.12395734238965582,0.2851958120198828,-0.5723174330460485
1007.0,0.10423188929992384,0.8231013170819387,0.5310714317562084,0.17205542549817238,0.1239857630790072,0.285255133595642,-0.5723496922032594
1008.0,0.1041919136800569,0.8230777622651287,0.5311347148433407,0.17199696821920665,0.12403076750929068,0.28532125424602334,-0.5723839446320294
1009.0,0.10416366861972762,0.8230581126154762,0.5311758290346004,0.17198113863716172,0.1240780777094256,0.2853626672754504,-0.5723991177395518
1010.0,0.10418002757338135,0.8230304360319549,0.5311873163131173,0.1720681789522043,0.12411818568129124,0.2853648442081134,-0.5723944355722108
1011.0,0.10418855932779775,0.8230215207483589,0.5311962514275919,0.17207807227979735,0.12412252093345187,0.2853728198489678,-0.5724020135437285
1012.0,0.10418602271326058,0.822992353558586,0.5312496473409365,0.17205426718167174,0.1241288004379307,0.2854271277466332,-0.572434825873721
1013.0,0.10406962631361023,0.8229982477511172,0.5312898598851837,0.17197232876459503,0.12422492837857746,0.2854690003232479,-0.5724382303945501
1014.0,0.10408159284556068,0.8229971173547831,0.5312598460350557,0.1720631943422446,0.12424970355123754,0.2854296275059037,-0.5724025686673121
1015.0,0.10411966827067265,0.8230170810404924,0.5312086309119102,0.17210278742509225,0.12421650143557406,0.285381210727445,-0.5723740941762823
1016.0,0.104179311101237,0.8230510069972399,0.5311706231718946,0.17202174309802304,0.12410535028091854,0.28536304396568624,-0.5723824486456803
1017.0,0.10427698337083237,0.8230329361170833,0.5311465139764288,0.17212343680120884,0.1240480703571246,0.28533758464354136,-0.5723748388644531
1018.0,0.10427370201269216,0.8230430521164277,0.5311352604408592,0.17211177922462018,0.12403869557497328,0.2853289596607364,-0.5723725678753864
1019.0,0.10416282133995768,0.8230841929124598,0.5311483739144778,0.1719416264787287,0.12406163505839982,0.2853577932710372,-0.5723933467482625
1020.0,0.10417754415337842,0.8231124161430815,0.5310796076806371,0.172009999683304,0.12403579880647511,0.28527830330306,-0.5723539251069694
1021.0,0.10420156731708011,0.823164210190504,0.5309749689480668,0.1720706214921857,0.12399633814402386,0.28517550305241923,-0.5723016966340926
1022.0,0.10433555719303993,0.8232614174267282,0.5308089247661231,0.1720366689702655,0.12380364919538556,0.28503975794351716,-0.5722513502416631
1023.0,0.10433590209732521,0.8233905845593502,0.5306182147339716,0.17200661320159064,0.12375245280071276,0.28487126187022327,-0.5721419052889767
1024.0,0.10428626059038117,0.8235037034418555,0.5304617393927697,0.1719778163311206,0.12375995442498323,0.2847289532272429,-0.5720390979559709
1025.0,0.10422846617986299,0.8236145265045263,0.5303487766410511,0.17183047949609706,0.12373038509192513,0.28464171966373286,-0.5719805884529987
1026.0,0.10419844826111611,0.8236900061391886,0.5302629564419422,0.1717517225294981,0.12371518095954247,0.28456973086801085,-0.5719356291513142
1027.0,0.10419836246717291,0.8237219745949762,0.5302096804753632,0.17176293127076647,0.12372092630685005,0.2845243613114498,-0.5719038207711092
1028.0,0.1041986252043207,0.823728854110454,0.5301848679434461,0.17180636546763442,0.12374274842840347,0.2844978441284508,-0.571876645546636
1029.0,0.1042115571900138,0.8237108571678023,0.5301980093951657,0.17184424914823476,0.12375424931494816,0.2845042072313234,-0.571877112031582
1030.0,0.104221592301428,0.8236930740569959,0.5302381284922392,0.17179961158785764,0.12372666520259942,0.28454427201386845,-0.5719084068516258
1031.0,0.10424692143948582,0.8236539926816184,0.5303137292397478,0.17173825517295077,0.1236822689094074,0.28461409787988795,-0.5719659227924394
1032.0,0.10421924301238292,0.8235591589682946,0.530455496120161,0.17177202246371556,0.1237410344884594,0.28472761582808487,-0.5720379031428403
1033.0,0.10415703291999165,0.8234462690194163,0.5306387059761575,0.1717850932160764,0.12384044684361589,0.28487595632600926,-0.5721313128278541
1034.0,0.10416401408370494,0.8233223491680346,0.5307904137769515,0.1719060911454018,0.12391081509266183,0.2849943464676664,-0.5721973636309323
1035.0,0.10424606319457078,0.8232570879739303,0.5308400832559915,0.1720154976096339,0.12388642331584876,0.285027480543722,-0.5722272478189003
1036.0,0.10429547134182451,0.8233048662715534,0.5307747810316776,0.17195837767303096,0.1238086263383143,0.28497543663565394,-0.5722147366377214
1037.0,0.10423311610092517,0.8234054151137561,0.5306497482764261,0.17190062397617936,0.12381784360039055,0.2848797438022626,-0.5721394412292712
1038.0,0.10419120518165706,0.8235994393808727,0.5304198850904794,0.17170585812635683,0.12372097886970447,0.2847043641056461,-0.5720392772515812
1039.0,0.1042042342027882,0.8237779014098313,0.530175704551529,0.17159594699850733,0.12360712063056203,0.28450837198147,-0.5719289603662812
1040.0,0.10418016058556341,0.8238653878173944,0.530016634790741,0.17168192607831192,0.12364170599084763,0.28435958373081155,-0.5718160069573041
1041.0,0.10410612817218155,0.8239430939181288,0.5299312105524561,0.17161761023865607,0.12366411674543173,0.2842738811576677,-0.5717474956686402
1042.0,0.10408610646386773,0.8239555439750356,0.5299596829125951,0.17148200628980667,0.12363464202265097,0.2843146009638654,-0.5717732332832172
1043.0,0.10418057652362431,0.8238399644051648,0.5300353091354095,0.17174600896042078,0.1236979422219459,0.2843583983270008,-0.571785511359244
1044.0,0.10424991488782022,0.8237288040132856,0.5301456590947808,0.17189645961358416,0.12372627934468208,0.28443522454337433,-0.5718359253849696
1045.0,0.10423526480812265,0.8236196000674206,0.5303332349565679,0.17185000394432415,0.12374887564389624,0.284592122724976,-0.5719416601300253
1046.0,0.10412827980569231,0.823545031060865,0.5305034562155045,0.17174680813066326,0.12383473691038918,0.28474086291143325,-0.5720266815695615
1047.0,0.10418195192486042,0.8234716324472786,0.5305727591241797,0.17185208384856857,0.1238404862682375,0.28479264755528766,-0.5720584326586656
1048.0,0.1042267091264804,0.8234771099021427,0.530573533722675,0.17179629764611276,0.12375440984403335,0.28479894424938246,-0.5720818437667876
1049.0,0.10402054220032335,0.8235708059492928,0.5305476676239371,0.17155181948083018,0.12380649254580653,0.28478791039463036,-0.5720639403918609
1050.0,0.10389476124510874,0.8236165292258973,0.5305003298722474,0.1715549223343508,0.1239027059653423,0.2847379374468623,-0.5720085840909123
1051.0,0.10403695855915818,0.8236147415964329,0.5304192247020513,0.17172802550916352,0.1238384395446869,0.284657595955242,-0.5719682731332746
1052.0,0.10421150771709886,0.8235969700068714,0.5303757661461875,0.171841611199599,0.12373125219871936,0.2846197709598361,-0.5719597633606778
1053.0,0.10415788214785031,0.8236098115982984,0.5304006463154539,0.17173575112258604,0.12375114245577598,0.28465765228325873,-0.5719735794396098
1054.0,0.10412829952213577,0.8236408385473556,0.5304080299791534,0.17158201551815128,0.12371780559716071,0.2846826189592219,-0.5720007985924502
1055.0,0.10417589364553093,0.8236314308502537,0.530374793368581,0.17170098385843283,0.12372667320793455,0.2846446929333462,-0.5719785459336287
1056.0,0.10414518068689883,0.8236521414738699,0.5303277923032607,0.17176543277374304,0.1237646726491596,0.2845899109509438,-0.5719380991009475
1057.0,0.10402193576430435,0.8237158054504775,0.5303247831599777,0.17154396840822106,0.12376710750849379,0.28460618435217533,-0.571949914430252
1058.0,0.10402712970051207,0.8237442875468646,0.5302843298827679,0.17152910686226175,0.12373041519303567,0.2845742447041498,-0.5719333432727675
1059.0,0.10412648526724366,0.8237673635534924,0.5302133288986468,0.17157748007309728,0.1236396875201825,0.28451262158997376,-0.5719212542550067
1060.0,0.10411338690754017,0.823788095263375,0.5301654131637867,0.17163394609998567,0.12366809480389931,0.2844632285968328,-0.571885965786068
1061.0,0.10408233195721703,0.8238211905186479,0.5301470329347018,0.17155068550523914,0.1236634896618924,0.28445223660935937,-0.5718765943948423
1062.0,0.10415121832869852,0.8237982026922418,0.5301612313356253,0.17157538795052507,0.12363879315451116,0.2844721376101136,-0.5718908848185076
1063.0,0.10421867937051589,0.8237200496809269,0.5302031981688691,0.1717798453702287,0.1237130966538244,0.2845032409012965,-0.5718884045468989
1064.0,0.10422383322666244,0.823699109685405,0.5302466675875129,0.17174294979226812,0.12371325072670554,0.28454070711398427,-0.5719126471693199
1065.0,0.10417538672614461,0.823645630231556,0.5303470114162826,0.17171899161926943,0.12375026880837446,0.2846199455649177,-0.57195997132392
1066.0,0.10410631487268102,0.8235865517886083,0.5304550530947979,0.1717105225744059,0.12382391168339796,0.2847064777801732,-0.5720078777106751
1067.0,0.10417935692175558,0.8235137603517051,0.5305223905645908,0.17180727927650674,0.12380465296909245,0.28475348513263826,-0.5720476416119469
1068.0,0.10418880547943327,0.8234605589807603,0.5305953419658088,0.17183126519946504,0.12381012963300644,0.2848120621689367,-0.572081972275722
1069.0,0.10399710313819326,0.8234683897472278,0.5306800625836047,0.17164814243746726,0.1239291848786893,0.284898530938445,-0.5721126958944085
1070.0,0.10404167749646182,0.8234331090338252,0.5307156234230391,0.1716804337870383,0.12390202409364516,0.28492751911775166,-0.5721355000562351
1071.0,0.10414242986386048,0.8233624052473775,0.5307433577449427,0.17187260438164076,0.12389712310164328,0.28493469441147606,-0.5721417831167874
1072.0,0.1041039756869393,0.8233341226814437,0.5308082084925556,0.17183111031322065,0.12392323852939684,0.28499525791864144,-0.5721725863656878
1073.0,0.10400953018868973,0.8232993669452788,0.5309102963043997,0.17173941683668867,0.12398588718481512,0.2850908167727654,-0.5722190893456363
1074.0,0.10403550016274088,0.8232245203091001,0.5309952213912501,0.17181990201195485,0.1240029300299711,0.28515258705674956,-0.5722569009570408
1075.0,0.1040720290786609,0.8231202144832532,0.5311369958736346,0.17185929386223017,0.12400854524347413,0.2853000174839862,-0.572352306323488
1076.0,0.10412639032793704,0.8229804210596989,0.5312931989854863,0.17201295910902478,0.12406304741475159,0.2854625165498522,-0.5724537866360213
1077.0,0.10418666352117507,0.8227923565591704,0.5314788983618766,0.1723022278677165,0.12418626129366214,0.28562832496376883,-0.5725457307522451
1078.0,0.10415795729263373,0.8226296096989575,0.531735729434211,0.17230426350567876,0.12427854508821436,0.2858774820338512,-0.5726913423385485
1079.0,0.10400955553845925,0.8225059378215653,0.531998831182132,0.17217211802671453,0.12443025436227967,0.28612840333056366,-0.5728242466917663
1080.0,0.103886282261866,0.8223971579457833,0.5322307879788887,0.1720492466937224,0.1245657664293164,0.28635733802468233,-0.5729431215341338
1081.0,0.1038675802844862,0.8223138963281531,0.5323730228890663,0.1720184471834781,0.12462290381100805,0.2865091223351299,-0.5730286381351462
1082.0,0.10392708440470941,0.8222409331924125,0.5324226174779266,0.17217771431855095,0.12465158943145131,0.2865475796749084,-0.5730492151531882
1083.0,0.1039535792086008,0.8222220022712147,0.532444406677987,0.17218474423758368,0.12461903189450035,0.2865635369542335,-0.5730689226549417
1084.0,0.10385210468809813,0.8222662793106653,0.5324553273222551,0.17200067054112697,0.12463438391282441,0.2865905935135676,-0.5730867803583757
1085.0,0.10388300973922834,0.8222702146315818,0.5324033856100042,0.17212393618627495,0.12464985397447245,0.28653633313392507,-0.573040286663633
1086.0,0.10403986514642502,0.822267266028953,0.5323125607153718,0.17232407661794877,0.1245699062253387,0.28643747120818136,-0.5729892565309419
1087.0,0.10403760608465994,0.822277516386535,0.532290361800547,0.1723450994360084,0.12458592820118033,0.2864128064254025,-0.5729745868461689
1088.0,0.1039380424981717,0.8222906704681009,0.5323197070896979,0.17225175188283998,0.12465398915404532,0.2864469456590903,-0.5729856893632461
1089.0,0.10394928905624877,0.822289809993462,0.5323431334200507,0.17217665923736217,0.1246308657239391,0.28647722661674085,-0.5730175616121015
1090.0,0.10396170034665045,0.8222342334533524,0.5324175748934828,0.17220440221711444,0.12467009557386764,0.2865498682411201,-0.5730536542773319
1091.0,0.10380365726915404,0.8221346998164305,0.5325718629830255,0.17229784344003002,0.12491288588379663,0.28668068434623406,-0.5730786085392631
1092.0,0.10369126090615231,0.8220252741347672,0.53276675753714,0.17228509267697933,0.12506154993925098,0.2868715239416677,-0.5731683784260286
1093.0,0.10377967984354984,0.8218490247693939,0.532984965372226,0.17239775295616083,0.12508184580257642,0.2871027719638344,-0.5733178639286228
1094.0,0.10397304561369235,0.8216237514243193,0.5331882546752212,0.17272608939483633,0.1250936061671063,0.28731379074046637,-0.5734532010223053
1095.0,0.10410619694795964,0.8214065993839604,0.533419940326886,0.17296319119157086,0.1251361368115043,0.2875777372647181,-0.5736061613034761
1096.0,0.1042327133764927,0.8211804689923468,0.5336684289765687,0.1731940724198264,0.12519547615989582,0.2878526635048916,-0.5737642068611389
1097.0,0.10429433088689423,0.8210049398735564,0.5338720809060694,0.17336142153632728,0.12526095882786148,0.28804832280367776,-0.5738760019312119
1098.0,0.10417996003661241,0.820884117455946,0.5341328396222695,0.1731990510147015,0.1253439881446834,0.28831257168074254,-0.5740282243095421
1099.0,0.10406161090336744,0.8207424804324956,0.5344233436412971,0.17304523027511307,0.1254390342104203,0.2885993211061414,-0.5741911568292666
1100.0,0.10407860342715804,0.820568437468233,0.5346658010968144,0.17311142330041826,0.12549510311758155,0.2888157608819031,-0.5743200683090266
1101.0,0.10410276954647986,0.8203742150422901,0.5349337356702107,0.17318966224463864,0.12555946719321648,0.2890589328924777,-0.5744654088798746
1102.0,0.1041286576312572,0.8201973651653177,0.5351989948022989,0.1731922076722612,0.12558536840296322,0.28929538315202896,-0.5746264803312817
1103.0,0.10419401260184954,0.8200396374317437,0.5354166710345755,0.17322698738070014,0.1255599728924099,0.2894764298538286,-0.5747571998544478
1104.0,0.1042239287249977,0.8198756514509927,0.5356484765580899,0.1732685730302361,0.12558552418411376,0.2896822264479778,-0.574886814213593
1105.0,0.10426455600496909,0.8196932742747147,0.5358598200071197,0.17345342825041368,0.1256740689740601,0.28986950306234954,-0.5749911794871695
1106.0,0.10439633525517142,0.8195062889737406,0.5360450348606094,0.1736852559058077,0.12568319581219065,0.2900428153191374,-0.5751005067257443
1107.0,0.10449062938427808,0.8193352008584236,0.5362419875498143,0.17382769570407594,0.12569332969071254,0.29024072601214607,-0.575234563307712
1108.0,0.10454606757501271,0.8191379830178233,0.536450524592054,0.17408020909053135,0.12579598692548122,0.2904427621561609,-0.5753568328288677
1109.0,0.10467875758687972,0.818901002169918,0.5366883961383688,0.17438197098781885,0.12586691974266148,0.2906879204180728,-0.5755140991922865
1110.0,0.10493742919828809,0.8186274069391909,0.5369330187409879,0.17475765490232642,0.12586450905101756,0.2909450925742169,-0.5756951994220605
1111.0,0.10523643458025526,0.8182697722323067,0.5372450615075085,0.17529294501923903,0.12591544297457025,0.29124401115006165,-0.5758895893174852
1112.0,0.105366550266692,0.8178922161927388,0.5376383533020732,0.17577034401417713,0.12611267400962195,0.2916083973722589,-0.5760966806945809
1113.0,0.1054671028572226,0.8175468724558007,0.5380445798838323,0.17607336996341388,0.126251601363008,0.29199999073536503,-0.5763355765215276
1114.0,0.10556707360283062,0.8171475344624307,0.5384790438748551,0.17653843547660356,0.1264700733679131,0.2924092980191231,-0.5765667745655257
1115.0,0.10563250663516387,0.8167658987604877,0.5388995465948118,0.17698169070231826,0.12669775034258213,0.29279906991390464,-0.57678873101011
1116.0,0.10565598759607608,0.8164238490284984,0.5393525574981043,0.17716582555008636,0.12684266418011025,0.293241498298301,-0.577058194124191
1117.0,0.10562031736855335,0.8160975213485108,0.5398529335517483,0.17716657230796845,0.12696288455524662,0.29374756768204063,-0.57736432562855
1118.0,0.10559859543278803,0.8157161954387807,0.5403839097867814,0.17731682149490133,0.1271563577138869,0.29426548993167684,-0.5776584069372512
1119.0,0.10570348240039971,0.815233843187306,0.5409408805460917,0.17777378458170487,0.12739312994936516,0.2947724940077389,-0.5779375775463197
1120.0,0.10572121608539511,0.8147895982347206,0.5415454424294801,0.17795917751491852,0.12760903334032075,0.29534656520761193,-0.578269521411999
1121.0,0.1057169627017236,0.8143782272892663,0.5422003015940952,0.17785066675609237,0.12771911450826914,0.2959962786344571,-0.5786547893474467
1122.0,0.10585581351603474,0.8139124665794782,0.5428524796432045,0.17791073277515415,0.12775844426505933,0.29660347966954537,-0.579019145984592
1123.0,0.10594770839288899,0.8134661318986719,0.5434514105305642,0.17806880617460216,0.12786276274334038,0.2971163919814636,-0.579310134687574
1124.0,0.1059143184738335,0.8130587598633718,0.5440853319541499,0.17801337507053197,0.1279898082995622,0.2976900925617963,-0.5796271084416682
1125.0,0.1057487465575351,0.8127226640263581,0.5447008958915199,0.1777639108322756,0.128149077780206,0.29827540451755374,-0.5799441815453779
1126.0,0.1056107334985852,0.8124549054830522,0.545189760063921,0.17757118304460315,0.12828817430887315,0.298741297067267,-0.5801867307054249
1127.0,0.10560665062740257,0.8122379850450487,0.5455688955268577,0.17740144088148097,0.1283047423182741,0.29913022350315394,-0.5803987742788619
1128.0,0.10565229728898234,0.8121013884219626,0.545745384227611,0.17745676260694696,0.12834178875657937,0.2992909611394575,-0.5804752059856662
1129.0,0.10559182069796338,0.8120424063665126,0.5458415348535985,0.17746694478927746,0.12843119841679132,0.299365926494583,-0.5805034256768475
1130.0,0.10541003448293285,0.812053040765267,0.545936402186377,0.17723438826025067,0.1285157297121372,0.29947136040159095,-0.5805541511075394
1131.0,0.1054087185531339,0.8120821945597869,0.54590222978538,0.1772068476309445,0.12849572160975944,0.2994373920224237,-0.580537505810538
1132.0,0.10558149027465716,0.8120765433627012,0.545823782941526,0.17737145939206542,0.12839828612005244,0.2993656572311408,-0.5805115733355043
1133.0,0.105617556345164,0.8121161195606201,0.5457439314577873,0.17741449044109883,0.12835697798160153,0.2992866242235477,-0.5804723004264614
1134.0,0.10543445050070749,0.8121727604172758,0.5457320496485822,0.17730063133038593,0.12845124043081027,0.2992654037924292,-0.5804425130138922
1135.0,0.1053436858732208,0.8121416559877878,0.5458086596610485,0.17726123517302877,0.12852414151757244,0.2993353747064607,-0.5804689720768978
1136.0,0.10547034333548888,0.8120314062155126,0.5459198191488562,0.17734867650149239,0.12847505316667998,0.29944321862964574,-0.5805376201424
1137.0,0.10554174142916554,0.8118959932670593,0.5460836507977932,0.1774217666024896,0.12848095542942073,0.29959787564289414,-0.5806193802328454
1138.0,0.10547308950929576,0.8118159019420862,0.5462805350679969,0.17722287027679035,0.12849641334663786,0.29979886908734754,-0.5807363402084506
1139.0,0.10547207213806109,0.8117153202909737,0.5464677260768418,0.1771070443551905,0.12849464941104868,0.2999881600891779,-0.5808578341686503
1140.0,0.10554203597658868,0.8115577172184391,0.5466343819082549,0.17727324327402838,0.12855533045264497,0.30013359449053095,-0.5809339306063476
1141.0,0.10569054715704519,0.8114525612546138,0.5468282386514203,0.177068140805614,0.1283628505825941,0.30034828425536547,-0.5810976567868614
1142.0,0.1057765032033243,0.8113018845902733,0.5470933122292458,0.17688835785427168,0.12825028332333402,0.30061562648294354,-0.5812754225397376
1143.0,0.10584492264384213,0.8110702195463935,0.5473761704896281,0.17703468387746463,0.12829891282316655,0.30085220275609387,-0.5814041530699601
1144.0,0.10593241899374688,0.8107935931274489,0.5477336646844224,0.17714373971717648,0.1283195470580624,0.30117335021321573,-0.5815871919922748
1145.0,0.1060835039035221,0.8104713113523788,0.5481743646138496,0.1771649221897753,0.1282548027719182,0.3015946379559806,-0.5818428145656672
1146.0,0.1062497589870148,0.8100438963922703,0.5487041127464088,0.17738001941596027,0.12829712826393364,0.3020881483371614,-0.5821044201391133
1147.0,0.10639511735188134,0.8094909578595821,0.5494317845855394,0.17756458609307513,0.12839985811202903,0.30278993292771034,-0.5824665103787191
1148.0,0.10641750335037876,0.8089361240209374,0.5502984620433831,0.17739578604730802,0.12848605903920113,0.3036481173219827,-0.5829292706520487
1149.0,0.10625698435411221,0.8083671016249602,0.551324805862836,0.17689839096706728,0.1286414679083497,0.30468619243138145,-0.5834805998470185
1150.0,0.10628857635987021,0.8076922755264919,0.5524067801238493,0.1765861712123312,0.12869991269278144,0.305767011169286,-0.5840396890475942
1151.0,0.10638735631988304,0.8069748219623283,0.5535241506767914,0.1763076338440039,0.12870179942285243,0.3068789217574678,-0.584617911338936
1152.0,0.10643471323312251,0.8063645803045868,0.5545329862871787,0.1759004905297713,0.12865668376949135,0.3078764477823059,-0.5851576191060481
1153.0,0.1067589561091061,0.8056133668201939,0.555554049323559,0.17592420746253848,0.12855423722484297,0.30888952614838155,-0.5856935702193833
1154.0,0.10710234300029084,0.8047656540730842,0.5566181417019321,0.17623159329829804,0.1286057884984775,0.3099470500383909,-0.5861973901978536
1155.0,0.10715379717624268,0.8040952549311091,0.5576189673335267,0.17609648496741373,0.12871856287336547,0.31095247387378816,-0.5866701324347682
1156.0,0.10709618792514936,0.8034683729329734,0.5586748335324473,0.17564569623487453,0.12879579715489647,0.31204694171229663,-0.5872010789418252
1157.0,0.10702650109655018,0.802776865317171,0.559773742770556,0.17535104641606916,0.12897489892148234,0.3131883395163805,-0.5877233181054395
1158.0,0.10688116071858314,0.8020268827436337,0.560903306582046,0.17526202528016527,0.12935966139826227,0.314337762372163,-0.588208493435715
1159.0,0.10679976955490347,0.8014035325029214,0.5619048683651606,0.17495458331347036,0.12954123124276384,0.31534494801732266,-0.5886817533657399
1160.0,0.10686522738942351,0.8008114099375692,0.5628202387594599,0.17468339283272996,0.12953146513800073,0.31624115515480195,-0.5891303265483712
1161.0,0.10699137829699439,0.8002016746743108,0.5637879003318265,0.17427945449182655,0.12939488242012354,0.31722541749052535,-0.5896304816681514
1162.0,0.10712750508757492,0.7997405487540259,0.5645558983832916,0.17382574588637825,0.1291964121193562,0.3180086034615759,-0.5900472746127032
1163.0,0.10718109427777915,0.7992642011381137,0.565338699688112,0.17343905109122779,0.12914099454807443,0.3188447935057118,-0.5904564099172245
1164.0,0.10739662100111434,0.7987153976229984,0.5661682835716298,0.1731275659016586,0.12896953374611758,0.3197574608638693,-0.5909093348628385
1165.0,0.1074752522742889,0.7981978836282171,0.5669970711713159,0.1727528002758942,0.1289004765858925,0.3206359299340836,-0.5913401320941567
1166.0,0.10747119049822489,0.797635988081983,0.5678047334590255,0.17269788183674498,0.1290531690848952,0.321415424655828,-0.5916896409958847
1167.0,0.10766597094457642,0.7971230011690886,0.5683736929347373,0.17307312006049877,0.12915416937742735,0.3219018870417588,-0.5919014885360917
1168.0,0.1077930826631049,0.7966836319350965,0.5689344316536821,0.17317463560114843,0.12919719123423068,0.32246106549855297,-0.5921558305700054
1169.0,0.10784767088025952,0.7963405457613608,0.569424815384287,0.1731068880396504,0.1292048036525201,0.32296925369652174,-0.5923909618641452
1170.0,0.1078285223272355,0.7961329525169931,0.5697718035667136,0.17293184654549398,0.12919309798314482,0.3233291820805578,-0.5925606397187486
1171.0,0.10784578016125146,0.7959415909949673,0.5700398908472333,0.17291846132985791,0.12922675005183704,0.32362171218850355,-0.5926817682445906
1172.0,0.1079783688532961,0.7958856491309372,0.5700553230915512,0.17304228957741968,0.1291571872589296,0.3236219082163891,-0.592699310403082
1173.0,0.10792028555213042,0.795884448917217,0.5700892851033698,0.17297214500726213,0.12916695955180413,0.3236499536501848,-0.5927160901141841
1174.0,0.1077564572907607,0.795860529612619,0.5701968534004804,0.17282971876693243,0.1292704009230881,0.32377594051477965,-0.5927487561991062
1175.0,0.10787173822714344,0.7958364719630452,0.5701813423834533,0.17291973508848268,0.12921700992582763,0.3237560749606811,-0.5927490932062864
1176.0,0.10802774141356432,0.7957480093264984,0.570221524303072,0.17309686871656643,0.129182076816597,0.3237987001860172,-0.5927740674836648
1177.0,0.10789894161720039,0.7957362481156108,0.5702974112566515,0.17298122599502205,0.12926217559374234,0.3238785671496885,-0.5928022484844662
1178.0,0.10775108369450914,0.7957317649479716,0.57038357605784,0.17280983299255662,0.12932931236141074,0.3239691569600585,-0.5928407338467464
1179.0,0.10790634385771107,0.7956115196410548,0.5704765761000741,0.17295955275973998,0.12928634361921656,0.3240653993996948,-0.5928887000701125
1180.0,0.10807242483264905,0.7955282371670314,0.5705200548328292,0.1730954704613977,0.12922169786776175,0.32410399426817793,-0.592912421279405
1181.0,0.10798603389412575,0.7954667159051797,0.5706680136709126,0.17294432209164923,0.12926505053867923,0.3242717526099522,-0.5929828800023664
1182.0,0.10789065623943693,0.7953295545316621,0.570892215478701,0.1728947202505388,0.12938161296540998,0.3245039313048574,-0.5930681425948392
1183.0,0.10797195930341986,0.7951318024382982,0.5711143157064229,0.17301997327068405,0.12942452870865628,0.32472674009567787,-0.5931565838780212
1184.0,0.1082040653273806,0.7948917842478276,0.5713764971507516,0.17311218930413422,0.12931803033811565,0.3250096054264131,-0.5932996179899328
1185.0,0.10828168630542256,0.7946540913127693,0.5717183415099271,0.1730262683868242,0.12928492091088656,0.3253775025849944,-0.5934749157105677
1186.0,0.10820763924208143,0.7944215943204007,0.5721063403765598,0.17285766569067193,0.1293615789495693,0.3257930393114737,-0.5936623610185814
1187.0,0.10822563079640721,0.794134042115842,0.572487736630871,0.17290496637961641,0.12946185277585437,0.32618715113988156,-0.5938337417905135
1188.0,0.10840044195960889,0.7937397023295284,0.5729606386937387,0.1730396938175056,0.12949448488848403,0.3266889175220882,-0.5940659431653981
1189.0,0.10864358301649128,0.7933041979129002,0.5735338230675238,0.1729854769645687,0.12939919115380405,0.32731333510803406,-0.5943865631268975
1190.0,0.1086923681683884,0.7929413964234375,0.5741096465166825,0.17270791735321833,0.1293678421093289,0.3279356325923623,-0.5946886173453897
1191.0,0.1087385621902886,0.792528482213242,0.5746837918120352,0.172664615373576,0.12945211384365546,0.3285360494918406,-0.5949462036835363
1192.0,0.10893282263305509,0.7919880182145265,0.5753273121586407,0.17287886811908526,0.1295689747125101,0.3292059115898898,-0.5952294366907711
1193.0,0.1089760526489193,0.7913983744544361,0.5761081535426554,0.172951520032662,0.12980480923490442,0.3300294437269611,-0.5955462673687817
1194.0,0.10887100965066004,0.7907118085861937,0.577126468761298,0.17276277977362753,0.13009351771480274,0.3311216813017593,-0.5959795718605474
1195.0,0.10904578192394798,0.789897981702142,0.5782543526473838,0.17260388058161497,0.13014278543357385,0.33233681293427214,-0.5965273386827661
1196.0,0.10935561669828489,0.7891338235159746,0.5791893907726774,0.1727680737172562,0.13017657080648476,0.3332970706954914,-0.5969466424805605
1197.0,0.10947958518744005,0.7885214962997598,0.5799799598811404,0.1728332040918206,0.13028683283400416,0.3340858104201445,-0.5972585257705264
1198.0,0.1097812786104397,0.7879512716152418,0.5807146608523409,0.17277542388236514,0.13012629761904151,0.3348011879801885,-0.5975760551331475
1199.0,0.11001483873108095,0.7874917527261949,0.5813531736273473,0.17257451190894618,0.12991344238681887,0.3353515598824364,-0.5978544216383573
1200.0,0.1096453987503925,0.7872248806709948,0.5820020958760993,0.17183839553846303,0.12998478548035966,0.3359040280282564,-0.5981142359433691
1201.0,0.10897021828538372,0.787052291394135,0.5826737477679964,0.17077905550761882,0.13016205840668776,0.3364895649813382,-0.5983757923282143
1202.0,0.10855867368261111,0.7869055476825167,0.5831233623961761,0.17018171941347987,0.13022946977053776,0.33669994115562524,-0.5984962158313514
1203.0,0.10806208337335296,0.7868015193619434,0.5835977636923805,0.16935054024124147,0.130256651328007,0.33687986870036485,-0.598626324966653
1204.0,0.1070719698687179,0.7865983188445405,0.5843986040959842,0.16815751422413497,0.13064538182914753,0.3374417200573999,-0.5988347401274289
1205.0,0.10616478592673007,0.7861608053680342,0.5853844824829845,0.16734764414339307,0.1312221834060912,0.3383236428514436,-0.599107981682672
1206.0,0.10644578889949317,0.7854115960521433,0.5863058203087512,0.1674616489960369,0.13126144921988195,0.33930232734313065,-0.5995219876163744
1207.0,0.10750457484004998,0.7845927712034336,0.5869883874377526,0.16823074266317486,0.1309165613586187,0.3400170747341906,-0.59988864494157
1208.0,0.10734059787259681,0.7841711609985459,0.587745532557999,0.16765671851930147,0.1309530656301918,0.3408546991055244,-0.6002124508542717
1209.0,0.10671064135415873,0.783998734611579,0.5884794084381914,0.16628532404714355,0.13094455869288188,0.341581515416251,-0.6005356733919041
1210.0,0.1064959977605652,0.7837062530743866,0.5890738265580101,0.16569592094372848,0.13090543375805944,0.34190374170390175,-0.6007380037366655
1211.0,0.10529635790677545,0.7835426967534667,0.589947125467427,0.1641216272420949,0.1312812692998282,0.34258679868492126,-0.600995982590331
1212.0,0.10421695219159724,0.7833942566029894,0.5907600826714056,0.1625877926519022,0.13154221061761698,0.34324116472543176,-0.6012397084620467
1213.0,0.10447779473762371,0.7829104505943036,0.5912955317873596,0.16280421015837185,0.13150406662036118,0.34351035299719473,-0.6013752067166495
1214.0,0.10420174938561731,0.7824132878007288,0.5920501455546866,0.16262861878066018,0.13185916874484233,0.34419886198296,-0.601600942148395
1215.0,0.10355702031793898,0.7819588101316965,0.5929644615531663,0.16189351480295636,0.1322800648095987,0.3452283324896669,-0.6019394717958237
1216.0,0.10423350621970767,0.7812701417295492,0.5936425158317598,0.1622988145981828,0.13204869095841185,0.34590099469663194,-0.602262186262692
1217.0,0.10459970037246408,0.7807003935676445,0.5942996926047082,0.16239973379062259,0.1319180531655002,0.3465484141994919,-0.6025624739474724
1218.0,0.10402128649695273,0.7802723254442487,0.5952467983016563,0.1613564972753512,0.13205784512327168,0.34763180691953316,-0.6029715806571232
1219.0,0.104398325072215,0.7796344265680015,0.5960643462934556,0.16117830409163345,0.1317543481378694,0.3484361303332125,-0.6033666648197317
1220.0,0.10465168967000334,0.7790825559733835,0.5967796179022354,0.16103565593884825,0.13159883879658188,0.34906599220825496,-0.6036732929798572
1221.0,0.10394765713610936,0.7785186191487503,0.5978641801737392,0.1601938397062117,0.1320191126393404,0.3502311594723137,-0.6040337306464123
1222.0,0.10408747778032867,0.7778409035228845,0.5986808293902198,0.16034522224460226,0.13213044037168944,0.35098542574072045,-0.6042887183632327
1223.0,0.10444086101492842,0.7772255475314632,0.5993239462045513,0.16069649131415878,0.13214822025961986,0.3515219537095089,-0.604505080474438
1224.0,0.10409417312255144,0.7766000699071575,0.6003832799320488,0.159989536283364,0.13233594030533635,0.35273579499902924,-0.6049443459402971
1225.0,0.10422215683804821,0.7759265290391866,0.6013305050712355,0.15961637518750543,0.13226891281340275,0.3538082842391721,-0.6053699877705624
1226.0,0.10459909740087638,0.7752203220095112,0.6021718589251707,0.1596293628534429,0.13219574145238086,0.3547308345203005,-0.6057352113868694
1227.0,0.10443206745968568,0.7746588613508768,0.6031202019616373,0.1588823898435965,0.13220065705345432,0.3558580986206311,-0.6061568662430047
1228.0,0.10438960688586092,0.7741297741250742,0.603968451616942,0.15826563821218587,0.13211484086918038,0.35680255617626433,-0.6065371853731308
1229.0,0.10471303986421289,0.7735197341857436,0.6046582971954104,0.15840057998744456,0.13205953732935088,0.35745497637238255,-0.6067967049797902
1230.0,0.10471444193766774,0.7728995643519275,0.6054147316728746,0.1585375404998603,0.13230024703839383,0.35820117259518214,-0.6070000485140324
1231.0,0.10451266049274154,0.7722842094211683,0.606240272151095,0.15851478195302854,0.1326733015472771,0.3590565284725886,-0.6072139994795029
1232.0,0.10448697484829056,0.7717271885713356,0.6069601931497257,0.15848956570854314,0.13286982714723122,0.35976136840392664,-0.6074397007250145
1233.0,0.10430379100964772,0.7711673582386785,0.6078074938282795,0.15808755553293619,0.1330085083977635,0.3606362247957759,-0.6077438208365803
1234.0,0.10416527340497177,0.7705616881637443,0.6086949496079945,0.15771727512364958,0.13310314067319567,0.3615154388047021,-0.6080506260716767
1235.0,0.10409701955273969,0.7700760842192776,0.6094870177361579,0.15707390058448534,0.1329499285391588,0.362287415820011,-0.6083809307754473
1236.0,0.10375112305540082,0.7696584314272552,0.6103314714126259,0.15606760842974146,0.13285996868486802,0.363194756338207,-0.6087288460352074
1237.0,0.10371659711602914,0.7691075365147133,0.6110453161231644,0.1560130968953643,0.13299908873578628,0.3638739971965733,-0.6089376361915179
1238.0,0.10422402822001167,0.7684717730091287,0.6116356100291495,0.15649398254907582,0.13292754888053562,0.3644056857442013,-0.6091321635938975
1239.0,0.10438973568942139,0.767918338537931,0.6124140485515043,0.15605525161490696,0.1327217393633896,0.365327855264849,-0.609487972918205
1240.0,0.10421697120143072,0.7673976422893457,0.6132449372213382,0.1554680947807323,0.13278016141103574,0.36632024795026874,-0.609824902345068
1241.0,0.10437230062941584,0.7667827694643449,0.6139708015778221,0.15553283294468317,0.13286616964912515,0.3671130503258485,-0.6100788282311901
1242.0,0.10455869361388362,0.7662760505980836,0.6146059446801933,0.15539635334630073,0.13276552738300348,0.36782927424684725,-0.6103304834587674
1243.0,0.10457087129274892,0.76582618800152,0.615207247156206,0.1552263691987241,0.13281302161573505,0.3684971881662735,-0.6105314676885992
1244.0,0.10485673458169592,0.7653062322436717,0.6157797860866128,0.15532768957589155,0.13277912014998436,0.3691071330566812,-0.6107345779506477
1245.0,0.10488434995331693,0.7648969546547916,0.6163318484164688,0.15513534259553718,0.13280193089282905,0.36969720923291743,-0.6109334404285662
1246.0,0.10442338969613989,0.7646567394154876,0.6168845821138992,0.15443198794615987,0.1329550610729606,0.3703043130139655,-0.6111204917542775
1247.0,0.10437157466874164,0.764362415207315,0.6173583362245402,0.15403037789239837,0.13284942020440743,0.37075481734733784,-0.6113077898193864
1248.0,0.10439105471771161,0.7640730937650024,0.6177459070354321,0.15389869856588462,0.13278087684377154,0.37100628243147826,-0.6114184851861312
1249.0,0.10374197108199319,0.763984495370036,0.6181829484074749,0.15302005283117492,0.13291060309898747,0.3713237734426241,-0.6115212760815059
1250.0,0.10309875264370214,0.763891274673546,0.6186420251743312,0.15206187020137588,0.13298641404441836,0.3715965531955424,-0.6116479794798836
1251.0,0.10238594152974569,0.7638365229453169,0.6190604001310759,0.15111289217478419,0.13305844067677594,0.3717207084067433,-0.6117375104462901
1252.0,0.10117988354030769,0.7638546967374761,0.6196152512175934,0.1495512417114181,0.13326862181972962,0.37209920440034405,-0.6118668026828009
1253.0,0.10104694402707906,0.7634995318959584,0.6201710046303395,0.14915061150808645,0.13322794212884656,0.3724269297030488,-0.612010761510657
1254.0,0.10102879926135602,0.763083704320206,0.6207492720578067,0.14888513411507562,0.13318176220398692,0.3727604808151289,-0.6121658606733781
1255.0,0.10002594494121973,0.762803306825556,0.6216219507484171,0.14735018080187476,0.1333403977243225,0.37363573143433754,-0.6124456879470725
1256.0,0.09975132726425688,0.7621472719292719,0.6225659348584827,0.14694511000224333,0.13350965332666206,0.3745535984656572,-0.6127186421476029
1257.0,0.10011230278454293,0.7613140216361313,0.6234101042285554,0.14743923913645876,0.1336816005379875,0.3753360017176998,-0.6129381457617007
1258.0,0.10024195436229608,0.7605138209687821,0.6244698343782521,0.14699559399073506,0.13359460810896992,0.37659948296379164,-0.6133368140694151
1259.0,0.10052226235534799,0.7597564609428618,0.6254653385638036,0.14648721815164198,0.13327595837538944,0.377771175251956,-0.6137560247993215
1260.0,0.10062905420153608,0.7590571776720166,0.6263338765850311,0.14632795193353743,0.1332596811075331,0.3786398142971493,-0.6140400455065607
1261.0,0.10004368535764416,0.7584217642026404,0.6273842245759631,0.14552224351291776,0.133538405968035,0.37980568627444666,-0.6143427172407444
1262.0,0.10009441173646827,0.7577163542339367,0.6283041946302713,0.145192542079708,0.13350072266640825,0.38082634345165084,-0.6146305389939682
1263.0,0.10109156639947912,0.756809352335964,0.6291565498610481,0.1455408368350983,0.1330172603869202,0.38178675720958927,-0.6149826809559661
1264.0,0.1014777787516371,0.7560149311065408,0.6301876515627144,0.144938635916987,0.1326041073732262,0.3831102030879854,-0.6154600859462652
1265.0,0.10107348993563121,0.755379848957316,0.6312170984550688,0.1440500192274146,0.13270751620928506,0.38437816692659776,-0.6158148547814958
1266.0,0.10090071338588306,0.7546224441536694,0.6322111641903042,0.14378128073884397,0.13294239558611828,0.3855334523785296,-0.6160835391168766
1267.0,0.10139062844499974,0.7537625341097264,0.6330633145465558,0.1441971650599964,0.132995783821277,0.38647666795113234,-0.6163244679559923
1268.0,0.10187036910485395,0.7528944497384933,0.6338911943179708,0.14475610252265317,0.13313316779788384,0.38737863075022605,-0.6165261242652043
1269.0,0.10167759078100622,0.7521489199772358,0.634869840640599,0.14447821688762774,0.13338131575420506,0.38854696083894624,-0.6167828712644474
1270.0,0.10159564509903751,0.7516227090827751,0.6356278046812865,0.14394068918839042,0.1333081644482901,0.38941088616238373,-0.6170426741620718
1271.0,0.10165338897475172,0.7511101312778921,0.6362471219719629,0.14383935130571826,0.13330804603549312,0.38996050467834054,-0.6171928716136024
1272.0,0.10109362655625616,0.7507589244400498,0.6368358124524597,0.14346171622192186,0.13365889242354811,0.39039368904890925,-0.617236007320318
1273.0,0.10033902704630708,0.7506000304825817,0.6373486927916912,0.142542336474713,0.13382021120937856,0.390708524161376,-0.6173370897412049
1274.0,0.09917459870426872,0.7505251062165061,0.6378838257584508,0.14135306415607637,0.13415409616525487,0.39101291762477797,-0.6174232447768044
1275.0,0.0978375328562357,0.750466883423605,0.6384805342845802,0.1398923921760696,0.1344965615248985,0.3915683120199761,-0.6175267545962626
1276.0,0.09809370414371195,0.7500281652722328,0.6389988985179496,0.13969890550244576,0.13427079587910193,0.3921545666426961,-0.6177139985751988
1277.0,0.09923003880250839,0.7494549998278321,0.6393025855026078,0.14058025039811925,0.13391786098200423,0.3924720301576238,-0.6178501305000527
1278.0,0.09932661634173538,0.7490215777519861,0.6398146654734098,0.14049232432120962,0.13390558174000625,0.393094187187604,-0.618019664840823
1279.0,0.09851138094649517,0.7487821008101601,0.6404127910503391,0.139614936125948,0.13420044262135772,0.39382699021769096,-0.6181759348154701
1280.0,0.09851439838962926,0.7484890792349673,0.6407688678245376,0.13955024042537734,0.1342438808224254,0.39423545573508756,-0.6182851388739918
1281.0,0.09955702806574487,0.7479331757551053,0.6411127170991344,0.14021000941931416,0.13384667859360733,0.39464594318114876,-0.6184597608030329
1282.0,0.09966327428905952,0.7475789910563725,0.6415366866352079,0.14008413040112347,0.1337935512763151,0.3951707914090737,-0.6185955505426338
1283.0,0.09885288568645796,0.7472908579737749,0.6421450720139469,0.13940655317624875,0.13422139904481703,0.39591072678587413,-0.618710738653039
1284.0,0.09870944156400793,0.7469299477486413,0.6426225776842569,0.13924195471471568,0.13435460838311514,0.3964926465134531,-0.6188464158686299
1285.0,0.0993534954497044,0.7464869822263512,0.642971412364537,0.13954866961197865,0.13409759296254636,0.39689812992318374,-0.6189967407999027
1286.0,0.09965890529796577,0.7459867891457969,0.6435534209152276,0.13932267382972394,0.13385655245511563,0.39764647756425775,-0.619202803315514
1287.0,0.09958969148443142,0.7455600947457857,0.644139046837063,0.13894936780183895,0.13382228564604648,0.39835199987734005,-0.6193863143082763
1288.0,0.09962691265589334,0.7450656639049936,0.6447397274194098,0.1387887554220845,0.13383961968177566,0.39906750593658885,-0.619595421481209
1289.0,0.09973865007517851,0.7445222291984354,0.6454106267118792,0.13850622671184443,0.13375382254927193,0.3999070290484873,-0.6198215399246798
1290.0,0.09978951030693635,0.7439296663984533,0.6461675727061366,0.13812375996926685,0.13367583225910823,0.4008498429014305,-0.620032321015855
1291.0,0.09995643015448048,0.7432234201455621,0.6469852582958243,0.13797730018300514,0.13364186028908395,0.4018572392390504,-0.6202597341309264
1292.0,0.10019006287244793,0.7425662702437649,0.6476720922846049,0.13812366369873513,0.13369085812715742,0.4026337587354262,-0.6204361562088385
1293.0,0.10013180501240479,0.7418476906503236,0.648542734144146,0.1379418264725205,0.1338365872948715,0.40367264143967596,-0.620649821845722
1294.0,0.10010476878209357,0.7409944694335122,0.6495055574315808,0.138017253999356,0.13416857946187752,0.4047839125487488,-0.6208203783246387
1295.0,0.10052078202157383,0.74006029277025,0.6504052971149732,0.13848929536742718,0.13435139057759143,0.40580344369965693,-0.6209928005889906
1296.0,0.10091850102665997,0.7391410644076031,0.6513838383275894,0.1385100654196098,0.134258625283861,0.4069955949224473,-0.6212912440047138
1297.0,0.10061821993046358,0.7383947633618313,0.6524294338661941,0.1377859974122458,0.13431638900815318,0.4083030010274856,-0.6215902934155677
1298.0,0.10070495243023983,0.7374671751155268,0.6535609417280367,0.1373272501388919,0.13419341546342523,0.40970496349459573,-0.621918627764321
1299.0,0.10151211735204778,0.7364753633152328,0.6545117530791076,0.13752706766928935,0.13382572135391302,0.41085148469806665,-0.6222230890723821
1300.0,0.10205174715075442,0.7355683208342735,0.6554311456155791,0.13760341436743218,0.13363324581481822,0.41199166860749786,-0.6224897102057352
1301.0,0.1021268717094727,0.7346542299219221,0.6564935054026046,0.13736645113296397,0.13367537253765338,0.4133355598845607,-0.6227670519600086
1302.0,0.1021385224200651,0.7337494802508966,0.6575325314021876,0.1372238777225598,0.13387896840720137,0.41466418153880025,-0.6230234130793006
1303.0,0.10405878579223281,0.7333074311444905,0.6572277289792584,0.13958399904172664,0.13373755644338545,0.4138120075293638,-0.6229928867196277
1304.0,0.10650116182713937,0.7336576921536138,0.655544524240934,0.14375419997701144,0.13383738210914362,0.41045462828970625,-0.6226177844644332
1305.0,0.10336995071908955,0.7336952963053934,0.6563270149393844,0.14226986655097007,0.1356152192390584,0.4108499227009439,-0.6225756987561178
1306.0,0.10015979624221502,0.7327626043280694,0.658618538689393,0.13873932899402322,0.13653176830959718,0.41376932147470713,-0.6229614053050451
1307.0,0.10315044110049576,0.7316522791233137,0.6589645328381147,0.14075039401678088,0.13532521768308983,0.4135520620411764,-0.6231758592651288
1308.0,0.10446059363258828,0.7301613720006348,0.6602589456206112,0.1414584035822436,0.13512222195784285,0.4151155042179546,-0.6234892707640696
1309.0,0.10378214173659965,0.7281702751091801,0.6627996694066832,0.14033501251781996,0.1357627770685877,0.41868162139102394,-0.6240174946267971
1310.0,0.10491083111803859,0.7267887050124332,0.6640069122942339,0.1409493391469084,0.1355319702255059,0.42001705110167575,-0.6243755466287709
1311.0,0.10516776369695109,0.725144929865713,0.6659537892652998,0.14003614794838265,0.13523067522899107,0.4225326006183929,-0.6249031666229503
1312.0,0.10474614289377755,0.7234909606571853,0.6680709549633241,0.1388174143636582,0.1353649863794219,0.4251627778638387,-0.6253434794886744
1313.0,0.1050072712193347,0.722355641481182,0.6692276031209307,0.13896120117641922,0.13550600323891876,0.4261446405097732,-0.6255403963484581
1314.0,0.10464673407887214,0.7206646392937148,0.6712864926827469,0.1380796272445079,0.13569073874703574,0.42860037657921857,-0.6259511205784857
1315.0,0.1039260601609264,0.7195769831728634,0.6727753751054981,0.13704610158236707,0.13592393072750356,0.43026532231444936,-0.6262306412580607
1316.0,0.10423604392461534,0.7185375660412213,0.6738825957997812,0.13682419527500278,0.13576798026411654,0.43139652101755493,-0.6264844769154732
1317.0,0.10445204899241661,0.7168905508955903,0.675708938759184,0.13629063643126849,0.13572249629249258,0.4338017644625907,-0.6268240735318948
1318.0,0.10466581208040185,0.7159376296171956,0.6766444459942677,0.13649421960204672,0.13592422511687513,0.43484837477439664,-0.626938801931808
1319.0,0.1052211765126501,0.7149878529383252,0.6775154240779608,0.1367249951559649,0.13586782332596375,0.43578057450954194,-0.6271575965927066
1320.0,0.1054459335145896,0.7141082662138295,0.6783903536035901,0.1368103335567574,0.1359717695312205,0.43671368475676575,-0.6273173692145655
1321.0,0.1054117733375695,0.7133366821203309,0.6792307554337922,0.1366920511815776,0.13612163476786804,0.4375893942806477,-0.6274461541280779
1322.0,0.10532707803294099,0.7120597103191302,0.6807561897613018,0.135824098285075,0.136008821123131,0.43962546433752925,-0.6277467658921794
1323.0,0.10566032999027584,0.7112111013843364,0.6816504339268873,0.13552619621796938,0.1358012358620953,0.4406712862308859,-0.6279289011276425
1324.0,0.10572991822475301,0.7104374159793492,0.6824896519012479,0.135306087876657,0.13582596712397585,0.4415833892742056,-0.6280822823475707
1325.0,0.10514678057159015,0.7095117730891088,0.683707064097253,0.1344687654695072,0.13599899611386135,0.44315404507784784,-0.6282424814771603
1326.0,0.1054770664378702,0.7088116999496659,0.6844099648994395,0.13432632808378966,0.1357967143389396,0.4439565300193282,-0.6283772749352807
1327.0,0.10636876793048639,0.708047406192399,0.6850038030019694,0.13462669002098107,0.13542944831476217,0.4445942175428755,-0.6285471901587834
1328.0,0.10589375230287462,0.7074818519237589,0.6857897781058574,0.13397135017332848,0.13557459603022895,0.44559375072430435,-0.6286489072225131
1329.0,0.1053860260145802,0.7070878636707966,0.686338944567109,0.1336390352435623,0.1358922068327499,0.4461947122047327,-0.6286729958536734
1330.0,0.10546746624489578,0.7068565264123792,0.6865117665998204,0.1339106379347842,0.13605751646734363,0.44623018279674564,-0.6286636560572804
1331.0,0.10563987130996619,0.7069261198958764,0.6863450989596589,0.1342612517915384,0.1361338971077722,0.44579414661374495,-0.6286263343316864
1332.0,0.10592187170461062,0.7068504849245426,0.6862775319543144,0.13478166860232055,0.13622975565041867,0.4454519572393243,-0.6286071822328296
1333.0,0.10513203854859929,0.7064094231845732,0.6870205397442659,0.1339244536152817,0.13648491964608134,0.446446095139804,-0.6286872242996354
1334.0,0.10471143881070673,0.7059837469946801,0.6876480486334313,0.13327649744863915,0.13655484097297915,0.44723963383661147,-0.6287706950584961
1335.0,0.10524072891353858,0.7054966811586101,0.687980090156615,0.1337244083928933,0.13652393837334192,0.4475088915862308,-0.6288122002161343
1336.0,0.10507361352692597,0.7047594493910754,0.6887951518647376,0.13354734367263038,0.13675900628465665,0.4485999829689174,-0.6288760349653959
1337.0,0.10478879899532366,0.7043910510607976,0.6892717041324052,0.13325566656991572,0.13690451559570363,0.4491432107394486,-0.6289389492378108
1338.0,0.10478465680579077,0.7040252998446601,0.689646173005387,0.13325430175327496,0.13701099126743393,0.4495221372967687,-0.6289845965162335
1339.0,0.10487449999223389,0.703406358233889,0.690261571229994,0.13326589109977383,0.13711896020220998,0.4503502774377175,-0.6290383175824991
1340.0,0.10511778581702981,0.70324137534455,0.6903877455461594,0.13329133470755722,0.13697809931691127,0.4504861411573895,-0.6290895839370039
1341.0,0.10524752759342187,0.7029373940615987,0.6906676024902755,0.13334256948062526,0.13697148413562596,0.4508542587888859,-0.6291412664607879
1342.0,0.10501125878343401,0.7027350845864313,0.6909514356301469,0.13312456580458354,0.13706640410675355,0.451222935932158,-0.6291633214596422
1343.0,0.1047888861119008,0.7028239797492729,0.690956736465003,0.13280260227289645,0.13702780510112705,0.4512028028714187,-0.6291693217899947
1344.0,0.1051277323696286,0.7025621498065169,0.6911632347694708,0.13284565649303803,0.13683169896071268,0.4515426755268783,-0.6292300892457477
1345.0,0.1053016089794573,0.7025289642447541,0.6911308573765025,0.13305173251615696,0.13681491286114816,0.4514623727142242,-0.629221262075293
1346.0,0.1048609462219132,0.7025789582021719,0.6912109707622611,0.13271918982154962,0.13695736655735982,0.45155302617040144,-0.6292086148585068
1347.0,0.10469877237971606,0.7024641302090419,0.6914015067424611,0.1324623316497534,0.1369612596359971,0.4518343822028368,-0.6292335392757178
1348.0,0.10511236248713197,0.7024020819775194,0.6913490480311824,0.1327373356384626,0.136805762257054,0.4517429247175315,-0.629248319577874
1349.0,0.10526304565949307,0.7021824193338495,0.6915404801036268,0.1327829265191688,0.13677320936248843,0.4520274502280314,-0.6292808874523178
1350.0,0.10498560917333291,0.7021192841717498,0.6917043251278772,0.13248267532036595,0.13683139438017103,0.45223048833108404,-0.6292946063071424
1351.0,0.10499451183189042,0.7019261729767404,0.6919243475069207,0.13234990556299053,0.13676644718751665,0.45251182005744417,-0.6293517532798738
1352.0,0.10534905966653717,0.7015540974034389,0.6922327073234096,0.13242848241796515,0.1366033156875615,0.4529475291738293,-0.629437030484471
1353.0,0.10573061890282354,0.7012377346098049,0.6924776467073741,0.13251937441880715,0.13640357136986103,0.45324467987462885,-0.6294931433324898
1354.0,0.10577298932898281,0.7006865749557911,0.6930586364878764,0.13236360827168087,0.1363910244481065,0.45401100103885655,-0.6295640801835247
1355.0,0.10563703556444895,0.7001613444689929,0.6936638237974254,0.13208106595292884,0.13646772018243225,0.45479656179641464,-0.6296454563251785
1356.0,0.10577615554159642,0.6994990206091499,0.6943218563428236,0.13202153191936333,0.13649922066575795,0.45564224439907985,-0.6297362518479972
1357.0,0.10598898603036218,0.6986428911741063,0.6951543372223496,0.1320033821274947,0.1365361637744564,0.45673211112674356,-0.6298276066121619
1358.0,0.10624941562965602,0.6978083345588467,0.6959700276877444,0.13191023636884855,0.13645781475273686,0.4577724685548523,-0.6299410771315606
1359.0,0.10661709871698327,0.6967919713920414,0.6969368857552602,0.13188146245217722,0.13635035612872148,0.45904208281399805,-0.6300895606535162
1360.0,0.10679279826142203,0.695714571955372,0.6979997267729787,0.13180635050442643,0.13641100818729074,0.4604324755880527,-0.6302165085242063
1361.0,0.10673475520595495,0.6945473367783058,0.6992169979961476,0.13155713100604963,0.1366110298048278,0.4620374448864869,-0.6303130043421475
1362.0,0.10701817240447396,0.6934342484731144,0.7002536952273278,0.13168453265363403,0.13676655941409824,0.46339164037623837,-0.6303701508354485
1363.0,0.1095769494241234,0.693040245112825,0.6997977910234451,0.13405656450754297,0.13617325365452015,0.4622856475949636,-0.6304044121874717
1364.0,0.11228193740847883,0.6928152816209937,0.6990632465742898,0.13678570602674564,0.13553764027998427,0.4604818647787934,-0.6305075876601469
1365.0,0.10945031989199404,0.6918831158304917,0.7008095675898414,0.13484929172513344,0.13686177920419162,0.46254765766253214,-0.63052323259572
1366.0,0.10758648044342549,0.6901976972295581,0.7031707384653679,0.13267705352049614,0.13741071190123885,0.4656551709106495,-0.6306380879516514
1367.0,0.11091159462025516,0.6881377557603865,0.7043968415546507,0.1341273159490021,0.13607338227947666,0.4668638147111601,-0.6310162180478572
1368.0,0.1107083494929628,0.6860013098259732,0.7066421770570573,0.133426750967171,0.136401091705248,0.46981037650825125,-0.6311516273235716
1369.0,0.10901377147573396,0.6837859432965029,0.7093720393845877,0.13169696700417782,0.13722658422909212,0.4734871946068095,-0.6312423856533437
1370.0,0.11024838887743761,0.6822304502964638,0.7105716531585886,0.13226802775305954,0.1369149438987992,0.47462099936493113,-0.6314788507224475
1371.0,0.11079600276447839,0.680544521205846,0.7121494191775372,0.13200986778728302,0.13676604613717847,0.4766101344476051,-0.6316575799956128
1372.0,0.11141768103613607,0.6780881318862554,0.714488722141132,0.13148555692801597,0.13657577704012747,0.47990369083822393,-0.6318434139159578
1373.0,0.11236391095056303,0.6759356729178236,0.7163282595551307,0.13175409730152696,0.13653190578578153,0.48231417302413027,-0.6319604944067103
1374.0,0.11203501334771258,0.673877737930244,0.7183978163662935,0.13130699732434895,0.1370197721836654,0.4851228511056269,-0.6320012569882552
1375.0,0.11209349242581823,0.6718358198074025,0.7203109057159712,0.1312397778348294,0.1374202939090707,0.48764128187712596,-0.6320303678105713
1376.0,0.11279600677013901,0.6699791929412693,0.7219500838352125,0.13112215042778128,0.13728166558919197,0.48982950704266265,-0.6321102729845128
1377.0,0.11364978948207054,0.6682546110407362,0.7234669956332319,0.1308243341389536,0.13684749371371413,0.49186763147794943,-0.6322352427519817
1378.0,0.1141073284879269,0.666691568373863,0.7249131808826645,0.1303945950840154,0.1365180577079612,0.4937761113608823,-0.6323678876300108
1379.0,0.11344099768473413,0.6648296458290639,0.7269302637940671,0.12924810888899588,0.13674277416148542,0.4966315615868173,-0.6324075078529334
1380.0,0.11350179354352961,0.663279984955835,0.7283759238931982,0.12901751009889825,0.13691953661915815,0.4985156062345432,-0.6324279401784827
1381.0,0.1137990087974548,0.6617728442911935,0.7297115294398457,0.1289479428219844,0.137021793081704,0.5003043156754866,-0.6324052893148103
1382.0,0.11425429561420192,0.6604127920047781,0.730852199698101,0.12905798032901075,0.1371141375526529,0.5018156763223123,-0.6323775250851332
1383.0,0.11490046048682069,0.6594530620189952,0.7314786379263887,0.12984046145575293,0.13738072166614626,0.5024493691748141,-0.6323514338231286
1384.0,0.11500906189883205,0.6579250106147909,0.7328715016153464,0.1296416530623766,0.13749793061693974,0.5044133597862771,-0.6323210671315959
1385.0,0.11465937249062243,0.6567167734163203,0.7341401002351802,0.12889771541960615,0.1375876030016354,0.5061444952862894,-0.6322871136482553
1386.0,0.11473236901142966,0.655669468563525,0.7350742784913366,0.12884035313166037,0.13777871440883557,0.5073091466520356,-0.6322331762702096
1387.0,0.11485602223381669,0.6542771603071806,0.73634438005532,0.12855522400098388,0.13781402996935807,0.5091944275199316,-0.632189224980126
1388.0,0.11539786301190907,0.6535554303203913,0.7368723040661548,0.12871612257696907,0.13764133738944592,0.5098953701106667,-0.632252671712378
1389.0,0.11621212957710554,0.6526274511477639,0.7375225742413183,0.1289674510564058,0.13738572763895746,0.5108276939060752,-0.6323054840283143
1390.0,0.11641797348843065,0.6515086136358863,0.7385219360712632,0.1287195857227865,0.13734163027894034,0.5123051385714236,-0.6322483019761788
1391.0,0.11644097381782705,0.6506636943856219,0.7392935030420884,0.1285432720315135,0.13739837738109578,0.5133092393729993,-0.6322044836250301
1392.0,0.11666770230752523,0.6496162868204253,0.7402314621396718,0.12823692757739097,0.13721545168324387,0.5146210357541537,-0.632230297886206
1393.0,0.11670074513179511,0.6487805095254925,0.7410252949045172,0.12785264509269806,0.13709632275335845,0.5157358744836874,-0.6322257663640517
1394.0,0.11733893803203117,0.6476509995185622,0.7418917494579237,0.12797026424284633,0.13694209851160444,0.5169488841331877,-0.6322203969492806
1395.0,0.11787291198537478,0.6463186030401004,0.7429629993732412,0.1280008654138647,0.1368803574238111,0.5184997454710614,-0.6321770804731619
1396.0,0.11765663126613153,0.6452062729225023,0.7440088833842532,0.12773630629494329,0.13714950983065063,0.5199298992857467,-0.6320642378918119
1397.0,0.11759412967023956,0.6440329431757236,0.7450862959128529,0.1274346907807237,0.13726641190158972,0.5213735675928473,-0.6320187410563768
1398.0,0.11760191456174521,0.6429040944548471,0.7460787323610404,0.12732101218238975,0.13745836019728874,0.5227051105443948,-0.6319369732971012
1399.0,0.11776894740547107,0.6415819084765709,0.7471735648934228,0.1274158297348592,0.13773289885416973,0.524203136804726,-0.6317840711530551
1400.0,0.11760992638137102,0.6405033878415459,0.7481632099550681,0.12718147133053395,0.138009825810616,0.5255193551945297,-0.6316433941248407
1401.0,0.11781120339162174,0.6396956066433129,0.7488063523973932,0.12727567641137344,0.13811085717716617,0.5262202876924998,-0.631608386145564
1402.0,0.11807829736866333,0.6386531103151636,0.7496143097112252,0.1275072823467279,0.13827247497164724,0.52719397569111,-0.6315478066281612
1403.0,0.1180603469771352,0.6372217507713782,0.7509385344344485,0.12689173462814893,0.1382013138996667,0.5291464973622093,-0.631441583612334
1404.0,0.11890017178334213,0.6355295246051096,0.752309761515309,0.12647132178432396,0.13764244584977758,0.5311874323427821,-0.631403009979391
1405.0,0.11944523846550596,0.6340699801712151,0.7535201192155462,0.12607745710864543,0.13728636713402703,0.5328444220249858,-0.6313494345937498
1406.0,0.11897610953232808,0.6323633108891681,0.7551881109828882,0.12510893426105846,0.13738548698669115,0.5351605442711416,-0.6311731761635968
1407.0,0.11849003523633979,0.6310390535138165,0.7564412000205581,0.12468574658530714,0.13777893764099616,0.5365767623168368,-0.6310178580292454
1408.0,0.11890820244645149,0.6304075917432436,0.75684770277644,0.12501464900347975,0.1378205874794994,0.5364644029223343,-0.6310675434969806
1409.0,0.1194899863081988,0.6292899533998128,0.7576997572888009,0.12492948221544829,0.13748315675764367,0.5371258177037892,-0.631125572358693
1410.0,0.11867387166048926,0.6277344434764796,0.7592576131082847,0.12407198553861581,0.13777048683212711,0.5389408796490369,-0.6309217086326522
1411.0,0.11808187623350572,0.6254113933194231,0.7613796225226108,0.1233625957037209,0.13823605802416247,0.5417928184954728,-0.6305564661250241
1412.0,0.11906256199732541,0.6228684251801753,0.7634366692259456,0.12257031992042547,0.1375456798911431,0.5448109744877742,-0.6303620175950522
1413.0,0.11973532538981664,0.620500714765419,0.765406752744054,0.12163394955028659,0.137035482163189,0.5477373322924811,-0.6301513408246605
1414.0,0.11962886917096201,0.6180529956842368,0.7674889966224427,0.12107876878335812,0.137392478897821,0.5507070969994524,-0.6297589587744862
1415.0,0.12000562180925327,0.6154129424154072,0.7695375792438528,0.1211506300986337,0.1377747924308747,0.5535585552635474,-0.6293426593718663
1416.0,0.12004391187787229,0.6127782465195089,0.771778969624697,0.12020608078867959,0.13777296035820633,0.5568863112697007,-0.6289309035318632
1417.0,0.1206538309361472,0.6100209555060899,0.7740417342828554,0.11906502640262648,0.13721592703931612,0.5603628718993477,-0.6285560749362811
1418.0,0.12175645403899939,0.6074266475408687,0.7759670610895038,0.11867330728191917,0.1367227992498165,0.5631693860059407,-0.6282746506708302
1419.0,0.12236442489146807,0.605154370248549,0.7776187814366944,0.11884513640436879,0.1369270468727872,0.5652594694172611,-0.6280193226179024
1420.0,0.12190956076201336,0.6025616419702956,0.7797793784675615,0.1183285575743144,0.13749238409689987,0.5681244585144927,-0.627511781280389
1421.0,0.12159251662501533,0.599840848559601,0.7821228583982331,0.11700448996115775,0.13737276426208253,0.5714321763680132,-0.6269820623914653
1422.0,0.1214363418234461,0.5969871108443191,0.7844546854043021,0.11614840040882772,0.1375985261698383,0.5746867388770797,-0.6263251391104948
1423.0,0.12148830886016745,0.5940081765095441,0.7868180772702211,0.11537846562896859,0.1377148569696198,0.5780778018911952,-0.6256636582240469
1424.0,0.12131540641456535,0.5912266407262448,0.7891073383245836,0.11420700532068846,0.13760170205318803,0.5814745272641529,-0.6250800356236847
1425.0,0.12180978284095569,0.588557623093921,0.7910874901661233,0.11376679658378726,0.13754683135065546,0.5843028607377095,-0.6246106646354206
1426.0,0.12216625044242374,0.5858668530797975,0.7931596302275274,0.11284165318066747,0.1372484169816635,0.587315291436212,-0.62413577716497
1427.0,0.12095048751527808,0.583122701880586,0.7956894135476286,0.11053167550314595,0.13707400354759589,0.5911684818542616,-0.6233835489834
1428.0,0.12073252720318603,0.5804988086870188,0.7978144333486155,0.10925621231175571,0.13687109365402245,0.5943041560984563,-0.6227519810758317
1429.0,0.12138292674343297,0.5779606067251166,0.7996186930376343,0.1088010473934845,0.1365698105865369,0.5969008401866686,-0.6222243339697514
1430.0,0.12099479371854382,0.5752433944097529,0.801728303138385,0.10810654479631847,0.13690415354169463,0.6000470219690375,-0.6213780808215164
1431.0,0.1211206111047693,0.5726005320672892,0.8036527018095321,0.1077068387620011,0.13715349183348027,0.6029754642140184,-0.6205860617477358
1432.0,0.12207353352830924,0.5701367795890008,0.805299192265523,0.10740258799624834,0.1368144349571651,0.605565920162068,-0.6200039368245522
1433.0,0.12230130000332579,0.5679460402877508,0.8068501922150871,0.10710954514625741,0.1369304601574285,0.607911857554474,-0.6194338868166119
1434.0,0.12253514022912897,0.5657631077968946,0.8083406432659126,0.10715712626548904,0.137272836270153,0.6100476874517797,-0.6188664334278261
1435.0,0.12221264203117434,0.563363205797067,0.8101788526558652,0.1062835603046749,0.1373118635443485,0.612865302847647,-0.6180708159041516
1436.0,0.12225473287240085,0.5612040547664983,0.8117992050719955,0.10528931497742444,0.136995033830335,0.6153923435043221,-0.6174015688920605
1437.0,0.12369216565144332,0.5588406710672047,0.8132329662408733,0.10511657879080155,0.13639292700653222,0.6176961528263163,-0.6168811791380058
1438.0,0.124038544738468,0.5563465898377384,0.8148943559485329,0.10507188034059374,0.13665752324194036,0.6203272312778012,-0.6160597969143777
1439.0,0.12468757841835056,0.5546860124665736,0.8159091759484178,0.10520766115294722,0.13668343272270786,0.6218592164906355,-0.6156548710833427
1440.0,0.12792965383596536,0.5534730962481819,0.8160096225076057,0.10691038945703867,0.13601353276784064,0.6217723354653796,-0.6159796531173115
1441.0,0.12862353475957156,0.5527005459226068,0.8162855425593035,0.10796298370955258,0.13649542723101438,0.6215554163183609,-0.6161252223673553
1442.0,0.12570911571726961,0.550924374462738,0.8181236616821739,0.10655151826311433,0.1377544775001226,0.6239688450625462,-0.6151889668351099
1443.0,0.1261175465505932,0.547558493622441,0.8204063697416608,0.1058652398159645,0.1376328117464985,0.6276546969918866,-0.6139748510497515
1444.0,0.1297542293632995,0.5446509390058234,0.8216857741543115,0.1065442779075481,0.13639118816281537,0.629819279181894,-0.6134656720945089
1445.0,0.1298015380587269,0.541443799935971,0.8239713680079944,0.10517298574975976,0.13604662922955413,0.6336038847961538,-0.6122654759421958
1446.0,0.1284806563117012,0.5380903557471475,0.8265365178510363,0.10386950786590991,0.1366065331247031,0.6375490495974899,-0.6108191330458071
1447.0,0.1295033617847627,0.5354448522103845,0.8280781476571174,0.10399168668985828,0.13657105165687505,0.6396941740854817,-0.6101476413963497
1448.0,0.13003777653538642,0.5325315573587963,0.8299915600799745,0.10302585736968199,0.13613156021142583,0.6426679974263046,-0.6091935464370983
1449.0,0.13038921658963712,0.5297102868953463,0.8318622493524781,0.10203363296789013,0.13570682601479997,0.6455589321445027,-0.6081760235076031
1450.0,0.1310942090168422,0.5264381177468844,0.8338981596454068,0.10144494016642616,0.13542526526032012,0.6488335226193118,-0.6069824497364429
1451.0,0.13125446183066472,0.5231831562155731,0.8360351938894842,0.1004828636137843,0.13526437050239454,0.6523487056000908,-0.6056816499959561
1452.0,0.13202758350235685,0.5203149073645544,0.8377480054361766,0.10009692181306615,0.13513018131142512,0.6551084069222166,-0.6045811575162994
1453.0,0.13424196754629386,0.5170336288995848,0.8394136586279395,0.10019995232076323,0.13454693070890486,0.6580002291328692,-0.6035329271898856
1454.0,0.13501430294092814,0.5143293182648134,0.8409738345969018,0.0999974994587883,0.13449879328087916,0.6604486567080435,-0.6025564966255046
1455.0,0.1339685721928853,0.5111651511418684,0.8432122181260274,0.09877127682527528,0.1348253501188519,0.6639581575073565,-0.600991276998329
1456.0,0.13472914810100178,0.5082123611319017,0.8449985647717468,0.09770198656324118,0.13405054252994647,0.6668713534045709,-0.5999049174960889
1457.0,0.1363006343787373,0.5061246805254905,0.8459272147390525,0.09832137201418996,0.13410012275718589,0.6679628976536036,-0.5995129577451227
1458.0,0.13557599368177825,0.5035607299526041,0.8476441776658855,0.0976989726451803,0.13469023695656332,0.6702783092896476,-0.5985780401305035
1459.0,0.13325710886599496,0.5005933079780654,0.8499745372261012,0.09587579992641267,0.13521129539927818,0.6735721965900887,-0.5970477806582016
1460.0,0.1329138327773716,0.4973066247974235,0.852096877575243,0.09460943512961577,0.13501529329776882,0.6766744722334882,-0.5956697807646487
1461.0,0.13346726055651745,0.49429339737964395,0.8539036928680097,0.09332208191421565,0.1343046074878959,0.6793986719757031,-0.5946478000871365
1462.0,0.13220268851240166,0.49115390509792006,0.8560686474725637,0.09185184522725416,0.1346009829324429,0.6826379647873525,-0.5932141009725113
1463.0,0.13248497070680826,0.4880138699986988,0.8578712085942346,0.0913629284271054,0.13463333994492088,0.6853262198821815,-0.5921166775087762
1464.0,0.1329207436236453,0.4848154797697837,0.8597141734733217,0.09042989781712081,0.13422045823708043,0.688226407822325,-0.5908872656103767
1465.0,0.1328525326589104,0.48135002768378476,0.8617738352132616,0.0894327253121531,0.13421546170822357,0.6915062811314598,-0.5893256751049306
1466.0,0.1339755005611241,0.47808642413094077,0.863441876697202,0.08917433418142302,0.13398600201520053,0.694113743544406,-0.5881297837022849
1467.0,0.1333133374572201,0.4743489148909034,0.8657389248641917,0.08784517615005079,0.13404914854919395,0.6979122340839475,-0.5862057521330115
1468.0,0.1334487060613322,0.47016167243864876,0.8680806209170928,0.08703723460935271,0.1342153968246322,0.7019179621954478,-0.5840658260475365
1469.0,0.13512894970855488,0.4655440910651558,0.8703299712696961,0.08680211595733499,0.13400137482523578,0.7059583649925554,-0.5818450114108759
1470.0,0.13632609889956235,0.4612465046126953,0.8725208642265576,0.08587315197859237,0.13336781146787516,0.7099684030688925,-0.5796863395913365
1471.0,0.13853845169052761,0.4573374603973015,0.8742168330331823,0.08599112490234802,0.13287241089872187,0.7130424016739899,-0.5780989735324396
1472.0,0.13995462550059026,0.4534033081519571,0.8760526209533243,0.08584840288940782,0.1326429970418276,0.7162802251772887,-0.5764018194253379
1473.0,0.13873327782870684,0.44930985167082904,0.8784900361578548,0.08443335351513269,0.13304033387508882,0.7203562503948724,-0.573941094370256
1474.0,0.139720961942089,0.44482157260454097,0.8807155964724279,0.08337781161565719,0.13248571777365487,0.7243588586938,-0.5715959216015618
1475.0,0.14160131926539277,0.440596773951206,0.8825382870214222,0.08336498729912972,0.1322633517772696,0.7275773791101261,-0.5696040329034779
1476.0,0.1420606829664352,0.4367404637378079,0.884448462735154,0.08262836349957228,0.1321309326388268,0.7308517335597373,-0.5677005822288899
1477.0,0.14188734452666824,0.4326151709925187,0.8865452982516449,0.0821555198278626,0.13256386743025694,0.7342594555802993,-0.5655233813072198
1478.0,0.14177227343897827,0.4288083604311565,0.8885165096497324,0.08100879327668063,0.13225193314487635,0.7375034844342605,-0.5634573550048482
1479.0,0.14324687668082203,0.42583659503159754,0.8897342151996586,0.08072516928524935,0.1316436622723154,0.7394257409955085,-0.5622808948645857
1480.0,0.1430918619691044,0.42300173711938815,0.8911364792613715,0.08043646413065364,0.1320251212055062,0.7414465351221946,-0.5608371222663178
1481.0,0.14185497529802718,0.4195246338725009,0.8930545052170682,0.07956065779540503,0.1326022584109793,0.74450145897737,-0.5586928224493481
1482.0,0.1418506205255725,0.4158681094856269,0.8947971844172805,0.07918406233749188,0.13291604411037977,0.7475340073751525,-0.5565900138890945
1483.0,0.14289834700832824,0.4127034085277328,0.8961389828662099,0.07868216061721765,0.1324557351585963,0.7501271613724013,-0.5549581706207999
1484.0,0.14298946427906276,0.40982363862781257,0.897454751909252,0.07857204720859447,0.13284622237981766,0.752440433228638,-0.5532339335819909
1485.0,0.14315555359941012,0.40774371902258316,0.8983798696958619,0.07851851244468114,0.13305504027046253,0.7540477042101752,-0.5520431307751678
1486.0,0.14525950082968267,0.40651665445531787,0.8985576219341105,0.07898156198305699,0.1324689482950942,0.7545547566480522,-0.5517958484434002
1487.0,0.14750679177521908,0.4053148021735926,0.8986923412156782,0.07945900426916098,0.1318159158810123,0.7550890349932309,-0.5515072552099828
1488.0,0.14843684086123884,0.40412610551812334,0.8990728741957654,0.07947680164208488,0.13151911648363152,0.7559199328983923,-0.5509679755149085
1489.0,0.1485911440143798,0.40253648439095674,0.8997426787501214,0.07967535811166963,0.13190503657701094,0.7570793903721267,-0.5500466155776087
1490.0,0.14791388279557513,0.4013423746789821,0.9004008253356657,0.07952443208363481,0.1323726526164606,0.7580628627959298,-0.5492118377996087
1491.0,0.14800096541462315,0.400398892421915,0.9008411587083021,0.07913057538478446,0.13216702595871646,0.7589006970858293,-0.548660365621394
1492.0,0.14853135986592977,0.39952772805842013,0.9011457094628879,0.079072371695069,0.13199688505243354,0.7595920606728954,-0.5481750545585229
1493.0,0.1482305020760312,0.39902354558016745,0.9014156812112563,0.07910561290683985,0.1323194357182138,0.7600030343977743,-0.5478116476120576
1494.0,0.147567836753506,0.3985906581143254,0.9017306801605558,0.07893669157661018,0.1326019375397969,0.7604538986144689,-0.547436732063421
1495.0,0.14733610923082255,0.3984914956268503,0.9018285409229619,0.07875202604733814,0.1325538935241814,0.760603194176802,-0.5473425215634551
1496.0,0.14805852095438563,0.3983814732139214,0.9017540905151943,0.07880632215641123,0.13222159702851477,0.7606305410094012,-0.5473875106101476
1497.0,0.1484153847710064,0.3982744614567571,0.9017214875344757,0.07904862954673385,0.13227717288260182,0.7606198662999075,-0.5473700021346193
1498.0,0.14766218605076148,0.3986406760349963,0.9016897060540109,0.07897571916293544,0.13254801700793248,0.7603768142462706,-0.5475003585592215
1499.0,0.14738108499937158,0.39884775114951115,0.9016652488194185,0.07873414925432101,0.1324347768249989,0.7603231812298163,-0.547574318875032
1500.0,0.14812923437103717,0.3989903095711738,0.9014564279138229,0.07899855293484773,0.1322465851478106,0.7600753026201905,-0.547786730840748
1501.0,0.14829202462382518,0.39918243151395616,0.9013278843315433,0.07918905688285749,0.13232211246368666,0.75983737793276,-0.5479320735132254
1502.0,0.14752760905346263,0.39925777004737634,0.9014442078267974,0.0789124692256102,0.13248615743945222,0.7599296075744311,-0.5478246920348495
1503.0,0.14731843630353922,0.39944644622274805,0.9014020307425369,0.07883015855830755,0.13247235770936513,0.7597988724838994,-0.5479326326228383
1504.0,0.14794102310792817,0.39932398918142853,0.901334723232934,0.07905391856587668,0.13234024085505403,0.7597860202351583,-0.5479810409915328
1505.0,0.14821761215928164,0.3990545889144874,0.9013957310893822,0.07920044498567348,0.1323548168151968,0.7599289770629711,-0.5478634550469224
1506.0,0.1477763995607981,0.39883598807751697,0.9015902836173958,0.07891103112861868,0.13236965025872074,0.7602134316550611,-0.5476477833164032
1507.0,0.14766966832648934,0.39841053030410317,0.9018280800381573,0.07854191526719215,0.132173821820713,0.7607128576141559,-0.5473626286899558
1508.0,0.14801823588186797,0.39796503836062835,0.9019573486321703,0.07865984577577666,0.13217167222025686,0.7610249272639393,-0.5471757972180129
1509.0,0.14827811741965616,0.39730892541349583,0.9021970747479117,0.07873789429218307,0.13222220765608728,0.7614973846568398,-0.5468219172877304
1510.0,0.14790487624909937,0.39658375905124554,0.9026191215038388,0.07825721138758052,0.1321512412211993,0.7622550120264253,-0.5462712351093644
1511.0,0.147682268278303,0.39587597834668453,0.9029863258957799,0.078024692562491,0.13221564883550757,0.7628952018753624,-0.5457862512747529
1512.0,0.14828620720642466,0.3948317794598446,0.9033049940807772,0.07848028000480707,0.1324760340117135,0.7634817853383409,-0.5452724858956451
1513.0,0.1485169570403581,0.3936686095878669,0.9037752310580187,0.07847337779561218,0.13253816546696282,0.7643272455029453,-0.5446159774583086
1514.0,0.1482912680424439,0.3924806376607256,0.9043664908635133,0.07803780549842067,0.13249149009030417,0.765383452568652,-0.5438299230225401
1515.0,0.1486808967335066,0.3911160215723686,0.9049141916598961,0.07779816417139747,0.13233139897885865,0.7665050172118177,-0.5430451640704341
1516.0,0.14922486395041357,0.38958149520913826,0.90548656951143,0.07779634312752112,0.13232411419111545,0.7676750529001624,-0.5421942851347611
1517.0,0.14893503667355598,0.3879017901195948,0.9063066903561161,0.07719286941682726,0.13223908514118665,0.7692213007368325,-0.541085780447132
1518.0,0.14896799861320448,0.38622378166240073,0.9070438419584091,0.07688429379853115,0.1322201126290627,0.7705679911280217,-0.5400710232453437
1519.0,0.1495192741120333,0.3844402340620212,0.9076923069429691,0.0770997342401362,0.13242098421562432,0.7717700615156174,-0.5390596161813979
1520.0,0.14958233689751924,0.38259634512944246,0.9084907071727305,0.07674500741195808,0.13242492512275778,0.7732926796606798,-0.5378707914449576
1521.0,0.1493176326024738,0.3808646567064056,0.9093095327690329,0.07617434923429046,0.1323729865151969,0.7748039045439944,-0.5367201152381336
1522.0,0.14981845417252226,0.37895575327818026,0.9100334408838744,0.07606644674085235,0.13232045132613415,0.776217297540967,-0.5356185375712553
1523.0,0.15033741322648303,0.37691620052953095,0.9108123322714654,0.07585338057704336,0.13222693736612526,0.7777930275383637,-0.5343950187358368
1524.0,0.15064366727346237,0.3748832046324616,0.91160787037857,0.07576383740773986,0.13236933583730762,0.7792915401582625,-0.533147828005776
1525.0,0.15044709678805035,0.37276091197229116,0.9125444625445814,0.07534970108005548,0.1325043280708671,0.7810019916452525,-0.5317169829994041
1526.0,0.15041587102206302,0.3706506847241546,0.9134460711815018,0.0748959992340589,0.13251124119016824,0.7827043122409707,-0.5303357557255403
1527.0,0.15046490148444658,0.3685107407605753,0.9143494989828257,0.07433129270518168,0.13239176575448444,0.7844698028747102,-0.5289330592522993
1528.0,0.15047261885544172,0.3663248260593314,0.9152547798980201,0.07397837968766502,0.132496831369413,0.7861615297529038,-0.527455210980807
1529.0,0.15036309013956536,0.3642848427016324,0.9161108906590867,0.07367720486923153,0.13268859580648387,0.7876888297951299,-0.5260594226835376
1530.0,0.1503655601076396,0.36216641508254804,0.9169972213098804,0.07308749708212467,0.13253461713116665,0.7893748684470114,-0.5246511189772763
1531.0,0.1503734145679056,0.36007394587145797,0.9178797702863097,0.07232784384245461,0.13221255849187036,0.7910819744524433,-0.5232878550376588
1532.0,0.15003416732245298,0.35810355062493676,0.9187562381023535,0.07168382393317768,0.13216622558325755,0.7926474056816348,-0.5219462860894437
1533.0,0.14947942903955577,0.3561546980039113,0.9196251735220344,0.07140918434150745,0.1325886276880696,0.7940409561389328,-0.5205795461188557
1534.0,0.14882857072350672,0.35432381459327045,0.9204889601037985,0.07074436568024119,0.13264898758892868,0.7954878840380576,-0.5192777684553239
1535.0,0.14845409613163607,0.3524533111436109,0.9213187229905084,0.07007036087235977,0.1325544256314728,0.7969398577265487,-0.5179894394951011
1536.0,0.14888605772329833,0.35055232660605856,0.9219771683644519,0.07002934485885993,0.13263476015527323,0.7981199303744706,-0.5168906901837129
1537.0,0.14848795346052335,0.34887974886735856,0.9227102310720712,0.06957066897967516,0.1327461815890272,0.7993573845538228,-0.5157300653708942
1538.0,0.14784759530524053,0.3469944080642074,0.9235680888594447,0.06897792817373471,0.1328619775649443,0.8008432132942584,-0.5143081534730382
1539.0,0.1477412024562802,0.34531179992343797,0.924257161251108,0.0684178179018558,0.13267602959017097,0.8021021889499164,-0.5132118919677113
1540.0,0.1472914951737198,0.34361483755564515,0.9250004091037362,0.06788447553762743,0.13271295766178895,0.8034010199517544,-0.5120062329690532
1541.0,0.14743972518434403,0.3418703996105107,0.9256395279143312,0.06765812346089056,0.13275526571858798,0.8046203682690984,-0.510814680582019
1542.0,0.14850056972562006,0.34002973184995716,0.9261377798605331,0.06779509542891224,0.13267928840304047,0.805750587433465,-0.5097251889118274
1543.0,0.1483817711199095,0.33828123929961,0.9268477226087166,0.067096588827408,0.13243147400106206,0.8071953436581192,-0.508422646115063
1544.0,0.14730838301968793,0.3367698728613592,0.927641393169549,0.06608886974012364,0.132310420047367,0.8085932676700283,-0.5071426799615413
1545.0,0.1470450939659258,0.3354112329641621,0.9281843130271535,0.06596155086354318,0.13255827659421687,0.8094239640706735,-0.5062495851605083
1546.0,0.14653132353785359,0.3341258700103711,0.9287581096241727,0.06555034721029744,0.13265572193341127,0.810273852872726,-0.5053799266590686
1547.0,0.1453480105710506,0.3330029932842284,0.9294121090263874,0.06462270407453234,0.1325259160500433,0.8112694715590575,-0.504460591264165
1548.0,0.1451485043631722,0.3316515753637542,0.9299636911142434,0.06408336327820395,0.1323439747575782,0.8122770657014573,-0.5035317737644518
1549.0,0.14559789648556065,0.3302704717165886,0.930391257515685,0.0639904367031858,0.13227285701589017,0.8131644051563569,-0.50264987246324
1550.0,0.14562161136879395,0.32908683023348295,0.930799477378532,0.06409787345214042,0.13259843797131451,0.813873770562941,-0.5018010086271977
1551.0,0.14537274820140156,0.3279940893745107,0.9312439151056169,0.06380761705721259,0.13268624263484552,0.814660761789741,-0.5009514495559129
1552.0,0.1459082670113046,0.3278720542654265,0.9312011320411138,0.06383686501446531,0.13252418568493687,0.8145942758288156,-0.500994917234483
1553.0,0.15158834021037307,0.3293803486318468,0.9296274142747751,0.06574520268599701,0.13129144793739336,0.8122610956503867,-0.5035114350822383
1554.0,0.1582929860380792,0.330003395862168,0.9281643644333732,0.06746852515490616,0.12950256991619646,0.8106458070446909,-0.5054858712282707
1555.0,0.15685649184115216,0.32766811192823964,0.9292858051728436,0.06676482379913008,0.13002459624672208,0.8128987395862945,-0.5030041573792587
1556.0,0.1565978958494886,0.32504073505807657,0.9302737301542552,0.06645604978710362,0.130394784380027,0.8151107609351523,-0.5006836029513297
1557.0,0.16104371694434366,0.3230175138682483,0.9301474208476191,0.06745652272129404,0.12962552956845289,0.8159469153863144,-0.5001267623659708
1558.0,0.16059236580287084,0.32063499342933655,0.9310855222535706,0.06695553214038587,0.12980500624887625,0.8178323224216274,-0.49809108084936193
1559.0,0.15916697457995946,0.3181534238080842,0.9322424469889523,0.06609306434344508,0.1301293160430427,0.8198283131208033,-0.4958698770522012
1560.0,0.16131698872233668,0.31594691699237415,0.9326103784871601,0.06627410301624011,0.12973347875925906,0.820901351812281,-0.49487857640656463
1561.0,0.1600691200533423,0.3134801756187063,0.9336959731748842,0.06572583948813206,0.13030620300790247,0.8226214213710819,-0.49285881785563246
1562.0,0.15844962644873334,0.3112205243258203,0.9347945532560034,0.06476607383134568,0.13057250963257402,0.8242419827213641,-0.49101363989685554
1563.0,0.15881692226408023,0.30946672423169397,0.9353484253191505,0.0642717282236533,0.13023888430988284,0.8251748070649156,-0.49016772928335867
1564.0,0.15713393997752118,0.3068225619805794,0.9365679505051779,0.0633191476043756,0.1305724131016726,0.8271597107904816,-0.48791092028583727
1565.0,0.1569807592084375,0.3042111167707627,0.9374905862837354,0.06264214476537314,0.13049137146181386,0.8289388310020503,-0.48595280761687343
1566.0,0.15873996169955512,0.3022054269813779,0.9378619408612153,0.06235771280812984,0.12974943254441376,0.8299953848482833,-0.4850025453934262
1567.0,0.15682123030228481,0.29969885084420284,0.9390271349048173,0.06177167993176221,0.13053674368439414,0.8317478289464995,-0.4827599088379383
1568.0,0.15589266236461927,0.29776406631378305,0.9398125484348497,0.06153383165011824,0.13109393590907178,0.8328774948975747,-0.4813067073921149
1569.0,0.1567127238998823,0.29604131540875317,0.9402415111262274,0.061209170015633495,0.1307387659230281,0.8337540905736678,-0.4804166431948854
1570.0,0.15593692206804327,0.2936846957088031,0.9411328012520648,0.060844278694173665,0.131138177822959,0.8352473517016465,-0.4784717759985341
1571.0,0.15567936484751266,0.29192153146643,0.9417460591546107,0.060498883408949454,0.1312577012616445,0.8363532563106054,-0.477149080124342
1572.0,0.15683239692762557,0.28994166867253174,0.9421947595370744,0.060053835366259425,0.13067977975202466,0.837589638971295,-0.47592319262556826
1573.0,0.15627413748728708,0.2878936722541527,0.9429514193825415,0.0594831750419684,0.13070677246272097,0.8390112719081548,-0.47418472408587614
1574.0,0.15668872831707878,0.2862878696851832,0.943385385028067,0.05926139894520014,0.13058376340686115,0.839898768271713,-0.47311996818348634
1575.0,0.1571669354821554,0.28437047726672404,0.9439036199157437,0.05897408210560733,0.1304847093951304,0.8410403689594305,-0.471737368855519
1576.0,0.1567893584855851,0.28253793614608713,0.9445626394291539,0.05823085005921158,0.13024698610437677,0.8423623545087695,-0.47020130050629355
1577.0,0.1563854722159196,0.2808899422427466,0.9451584377616784,0.05761902424177242,0.13013669068305628,0.843469383079746,-0.46890053696605827
1578.0,0.15673743347041846,0.2791283223255275,0.9456450347905624,0.057238315845232736,0.12992765508581622,0.8444958548721206,-0.46768494158020435
1579.0,0.15725526719520097,0.27753131426752736,0.9460321976651295,0.05718593814208303,0.1299053657382802,0.8452736086391948,-0.4666636975546852
1580.0,0.1571377474014513,0.27590713226429964,0.9465464945532819,0.05685698159576999,0.12997548577762771,0.8462098738895525,-0.46546946806637707
1581.0,0.15684619138883515,0.27461912493000584,0.9469847101953789,0.05660006294757226,0.1300971323749231,0.8468899884972356,-0.4645841336199928
1582.0,0.15538494005408662,0.273336100996461,0.9476163378653975,0.05626875249206536,0.13062003655467397,0.8476379516047486,-0.46345357300954415
1583.0,0.15485682006291226,0.27204073173889776,0.9481150969587525,0.05559647897001495,0.1303889573944396,0.8484722062355027,-0.4625166921862695
1584.0,0.15461917692069255,0.27123045091006065,0.948399729699366,0.055361587167116956,0.13041603623692044,0.8488476748375637,-0.4621002729831162
1585.0,0.15358666507998422,0.2701865074455873,0.9488898502093477,0.05494032829940249,0.13069542424937158,0.8495213037392756,-0.46115828012210597
1586.0,0.15376333455549399,0.26860056755806777,0.9493509904578229,0.05425190292155369,0.13023387553558075,0.8505788798593761,-0.45986509439867584
1587.0,0.15481953147056707,0.26704280367440786,0.9496247549347189,0.054146823509054226,0.1299531434865237,0.851413422984078,-0.4588742945589689
1588.0,0.15459217756806926,0.2657774573122115,0.9500183997700465,0.05411692819976259,0.1302475420216002,0.8521134732160649,-0.45787976647122547
1589.0,0.15445300012786015,0.264322697421198,0.9504672628198387,0.053756531577554494,0.13018806206145697,0.8529776830377049,-0.45670734891312903
1590.0,0.15422815108982482,0.2634415007178244,0.9507632154614711,0.0534935625689569,0.13021082851917617,0.8534270418287664,-0.45604485618916446
1591.0,0.1537144268582989,0.26217241218606135,0.9512186255926768,0.05310958095998862,0.13035010287817314,0.8541950419105075,-0.45495792313205313
1592.0,0.15336537679789958,0.26077048859119145,0.9516718188158392,0.05290144375441899,0.13053691646580037,0.8550026637919617,-0.45383286522737054
1593.0,0.1533448895205251,0.26009539724607555,0.9518552135300382,0.05298473048935402,0.13069621282844268,0.8552358478727344,-0.4534577600532287
1594.0,0.15369206863619164,0.25907742184934945,0.952080754435851,0.05291384090276512,0.1306262935214645,0.8557235268413583,-0.45279035320515915
1595.0,0.15301778724610723,0.2581896588091869,0.9524473168374291,0.052609557301716355,0.13080996487122962,0.8562672826582475,-0.45196711705594306
1596.0,0.15233308377951083,0.25715404151313304,0.952865619431609,0.05209166751892756,0.13082227353547898,0.8569706961822542,-0.45097237947311686
1597.0,0.15258228253962716,0.2562106615183476,0.9530978381751434,0.051761518961445985,0.1305886654291719,0.8575047349197678,-0.45030546948512284
1598.0,0.15251236815428357,0.2555340043026631,0.9532784330802813,0.051986336945610646,0.13097287943680286,0.8577324089904419,-0.44985855381064926
1599.0,0.1525036844983952,0.2545546720810381,0.9535309340538656,0.05218527511177555,0.13136851969784172,0.858184297682874,-0.44913681275371115
1600.0,0.1540489482118428,0.25442505997627884,0.953294349497293,0.05259936907819988,0.13122471587595544,0.8579572113975829,-0.44948910802089476
1601.0,0.1573961652945896,0.25475424912813,0.9526331045130412,0.053074361866783215,0.1303391601514108,0.8573195430535532,-0.45055361760386287
1602.0,0.16083555406092478,0.2540886902916733,0.9522208392469693,0.05335105734261391,0.12935458868574878,0.8573869289897806,-0.4507361582213464
1603.0,0.16033120027939163,0.25310908096696455,0.9525739171474294,0.05322247381915249,0.12961923432876674,0.858022482558607,-0.44976027745406133
1604.0,0.1597939687340104,0.25152579246424156,0.9530890298349124,0.053122165710885454,0.1300123657171418,0.858987523961368,-0.44832535489384173
1605.0,0.16090004242019798,0.24969446935466796,0.9533923042534875,0.052980774938600164,0.12980361458048642,0.859938486477628,-0.44704684393786465
1606.0,0.16094365004096664,0.2482972194504672,0.9537708681471456,0.052600032305100936,0.12971076573907472,0.8606853910054588,-0.4459521758040777
1607.0,0.16033961379480327,0.2466256401582941,0.9543258273776979,0.052241909081860036,0.12990956832284878,0.8615881170089312,-0.4445841930353828
1608.0,0.15990299712377382,0.24497920166137518,0.9548430553783648,0.05187448177956726,0.13001656281044038,0.862524194168111,-0.4433100619984535
1609.0,0.15952372660802777,0.2431380164516944,0.955393167868293,0.051574997776157656,0.13022832459876763,0.8635623519370477,-0.44177518205567934
1610.0,0.1599684964337394,0.24134733512681375,0.9557992894094324,0.05108093910979106,0.12993626638197447,0.8645997552529838,-0.44035223634777254
1611.0,0.16059424699025232,0.23991729245615193,0.9560592929923645,0.05098832118321937,0.12987038555741282,0.8652747768218814,-0.4393533023634841
1612.0,0.16010646204249698,0.2382640767452585,0.9565598327076932,0.050886510935552666,0.13025304982429575,0.86610702980194,-0.43794800183992566
1613.0,0.15981011475367538,0.23710233695740376,0.9569183328906048,0.05050260596861007,0.13017600616579988,0.8667196665404424,-0.43709272632633656
1614.0,0.16002757859735256,0.2359581419613136,0.957203692341729,0.049759629196703674,0.12952218983357644,0.867389381849842,-0.4363094977689518
1615.0,0.15938804311045401,0.23456273091455412,0.9576952386814376,0.04894493626750989,0.12919466798515455,0.8682800729282003,-0.43503375392823573
1616.0,0.1589290245802151,0.23344045294450494,0.9580443470574803,0.04897090101531723,0.129626365084682,0.868748870650617,-0.43418271138480724
1617.0,0.1585350064286969,0.2321845575686319,0.9584233886122465,0.04880154838045788,0.1298682069068717,0.8693458510325736,-0.4331937880070668
1618.0,0.15795599130857318,0.23123652506059228,0.9587631436063245,0.048505759964632425,0.12996713319242734,0.8698285142763529,-0.4323886086980369
1619.0,0.15766132602609365,0.23040559262443272,0.9590195073038214,0.048350323409607196,0.13010112076358368,0.8701938857055045,-0.4317312564783317
1620.0,0.15786408799739393,0.2291257892278248,0.9593137745148567,0.04793103856100189,0.12984899487696627,0.8709066971452721,-0.43069615981102677
1621.0,0.1577984058907442,0.22808109272284874,0.9595917255476112,0.04756467703295437,0.12967962515252862,0.8715237593523615,-0.4298247571574916
1622.0,0.15780859017555737,0.22710840796132103,0.9598371145806142,0.047232757421499946,0.12950792091699898,0.8720904194292927,-0.4290187210947548
1623.0,0.15798468368284727,0.22624439973168808,0.960006973930153,0.04733837045304247,0.12970545424788132,0.8724440776229501,-0.42835639919047447
1624.0,0.15840563446234557,0.22545789991948573,0.960120221126703,0.04738724847559738,0.12973540827573277,0.8727462503184766,-0.42782927375708835
1625.0,0.1583050946749744,0.2245423370720908,0.9603588810695016,0.047234049297997745,0.12980276069570232,0.87319971191909,-0.4270296883903564
1626.0,0.15818509158519015,0.22386605765910855,0.960536138352661,0.04724184529536331,0.13001160344589582,0.8734695264986951,-0.42648555178963143
1627.0,0.15792659425078912,0.2229941990074775,0.9607861820413608,0.04714541797190179,0.130224808831332,0.8739067927410626,-0.4257005641713649
1628.0,0.15791063958976043,0.22214612254654353,0.9609936102928078,0.046974579490229706,0.13023900836390626,0.8743569200804877,-0.4249822293026707
1629.0,0.15781263370792104,0.22167680910588006,0.9611354345505639,0.04661803726137788,0.13002720458927086,0.8746552079303875,-0.4245974120172776
1630.0,0.15812261475214834,0.2209315431846277,0.9612638215061452,0.046458125160241365,0.12986488607313534,0.8750307731672975,-0.42403322321473114
1631.0,0.15891331779755846,0.2202447454679222,0.9612909912777726,0.04645900998234442,0.12964569780343435,0.8753130991018101,-0.4236669360646701
1632.0,0.15937188759145954,0.21954869418170567,0.9613767854416269,0.046407421201433964,0.1295114110389436,0.8756275795578723,-0.42318433042671355
1633.0,0.1592255678463457,0.21895233376334103,0.9615487620448824,0.04616353857266046,0.12940751690397598,0.8759810888883526,-0.4226180985985996
1634.0,0.1587604721427213,0.2187469935428373,0.9616790622485353,0.046024412367440044,0.12947176507241542,0.8761106846254063,-0.422366736725445
1635.0,0.1585522558450125,0.21834460049247317,0.9618059470298062,0.046001498457524624,0.12960668515322546,0.8762971044719678,-0.4219833982304442
1636.0,0.15830541881449986,0.2181861566693075,0.9618865264022511,0.045918468372251935,0.1296526337001607,0.8763775654351552,-0.42183089110590244
1637.0,0.15811128136473757,0.21806421812452986,0.9619559042957939,0.04571277359119333,0.12955426260015157,0.8764792208852774,-0.42172326349814093
1638.0,0.1580452646197677,0.2178619743688588,0.9620252781986572,0.04544467583960157,0.12935666268847015,0.8766424781269255,-0.4215525409693701
1639.0,0.1577959942017071,0.21793721150911533,0.9620453321292302,0.045525542082277035,0.12951734420926203,0.8765649013292847,-0.4216304198268911
1640.0,0.1575946618203314,0.21785283643262165,0.9620984702473433,0.0455038215067577,0.12957256490139576,0.8766229565699428,-0.4215164100053347
1641.0,0.15782795411556594,0.21791540144096286,0.9620450549484938,0.045525014702559166,0.12949626541057963,0.8765838310993359,-0.4216193297354434
1642.0,0.1579748838617959,0.21804498615710258,0.9619901808298251,0.0455544955805853,0.1294608354649044,0.8765044345062496,-0.4217639097636738
1643.0,0.15778467921448686,0.21800337346116602,0.9620308510366891,0.04555398795228197,0.12954424562660882,0.8765367906727746,-0.4216756348390639
1644.0,0.15760747654166918,0.21816673464114084,0.9620246137504055,0.04551704925160043,0.12954690813237038,0.876474501372102,-0.4217930194169432
1645.0,0.15772950308884318,0.2181069877049442,0.9620181330010353,0.04551766192176643,0.1295179991983693,0.8765052627034282,-0.4217550411534429
1646.0,0.15790573006130884,0.21802964587685494,0.9620064301011764,0.04552452500146105,0.12947301581736917,0.8765370149719569,-0.4217253510958625
1647.0,0.15785371468368298,0.21806118805240293,0.9620058866692445,0.04556530521633724,0.12951505228470545,0.8765081489438713,-0.42176355488877193
1648.0,0.15781006926830826,0.21796440801237543,0.9620365758839508,0.04553158836269463,0.12951633847552016,0.8765726477872333,-0.4216597442969525
1649.0,0.15779705089119567,0.2180759276910956,0.9620138509872337,0.04552286239267176,0.1295044055558901,0.8765199447572889,-0.421757132495079
1650.0,0.15798090444941507,0.21802700301076067,0.9619920850494837,0.04557947004559585,0.12949922760428262,0.8765163985439648,-0.42174966335459185
1651.0,0.15784566604924669,0.2179985398680723,0.9620217726446749,0.04555756010208839,0.1295331004711019,0.8765427210129415,-0.4216934669715853
1652.0,0.15773327794064912,0.2180879058687711,0.9620202632273591,0.0455509767604892,0.1295556995710457,0.8765009789863324,-0.4217579298717244
1653.0,0.15781983079491416,0.21797507586329742,0.9620342255290667,0.04549633195042471,0.12948467518434906,0.8765721302805465,-0.42165665056360485
1654.0,0.15795029316548417,0.21797919872215082,0.9620093315005899,0.045550191208982335,0.12947899603172733,0.8765472690634175,-0.4216986329878344
1655.0,0.15784714990841367,0.21796232140856256,0.9620272287837289,0.045610467994531056,0.1295831681886183,0.8765372629766968,-0.4216717194365582
1656.0,0.1578040886823443,0.2179440501036513,0.9620434083344979,0.045505396379931264,0.12949181482632252,0.8765778604904995,-0.42163239975329314
1657.0,0.15779403521392957,0.21799957709933718,0.9620334306415802,0.04548521917510159,0.1294678284903624,0.8765568757747191,-0.4216836519026605
1658.0,0.1579128316919881,0.21789490749317095,0.9620320492520749,0.04560354248754826,0.12955669747399218,0.8765649867110801,-0.4216200608806534
1659.0,0.1577411261161891,0.21793635624411695,0.9620551903720977,0.045511453907125125,0.12951886438212332,0.8765771927600187,-0.42161704895611507
1660.0,0.1575795885092911,0.2179149677552078,0.9620867597025214,0.04550611957299932,0.12957402163092782,0.876593924162993,-0.4215619506682018
1661.0,0.1577411757434378,0.21779150120633972,0.9620862273511123,0.04554859623161421,0.12957542391252075,0.876630340238854,-0.42148464852026224
1662.0,0.15779841249528886,0.2177843221413669,0.9620778382244605,0.04556186169090232,0.12957455047999988,0.8766214549908133,-0.4215005366084719
1663.0,0.1577001600078545,0.21764703144961306,0.9621302298987839,0.04545162207866097,0.1295293577178919,0.8767248694831788,-0.4213452471760202
1664.0,0.15762257707633412,0.21759032879344858,0.9621604598097009,0.045352194987221636,0.12946928238807642,0.876781578070741,-0.42127956630809354
1665.0,0.1576381785809865,0.21756179416637458,0.9621652057389973,0.045334172960471215,0.12944933937647066,0.8767988333261438,-0.4212661794320493
1666.0,0.15769920155716766,0.2174921312440589,0.9621667937271304,0.04542241433480268,0.12952233872515226,0.8767976496317716,-0.42122976183816546
1667.0,0.15764564116990468,0.21756270460683955,0.9621590552803457,0.04543427919885272,0.12953651371472924,0.8767546809113405,-0.4212923581943635
1668.0,0.15761967595295054,0.21754080905884782,0.9621752921098911,0.045285112341196476,0.1293821926836315,0.876822854197661,-0.4212382907912408
1669.0,0.15765125226622517,0.21758116649808487,0.9621579027707269,0.04535073075552837,0.1294323612865082,0.8767889474169738,-0.4212796366866514
1670.0,0.15771794481489942,0.21765072405726638,0.9621278581581169,0.04542242570346343,0.1294731700527249,0.8767317386711281,-0.42136671827807703
1671.0,0.15767313954494044,0.21760865239324378,0.9621438888580736,0.04543998902619963,0.12952418438022797,0.8767496896341709,-0.42131317479990144
1672.0,0.15759738554927347,0.2176789174668514,0.9621417881686705,0.04541070818745971,0.12953173565353113,0.8767291777352514,-0.4213595237674751
1673.0,0.1577548704792885,0.21762637706829288,0.9621278260895257,0.04541153056697896,0.12948799370667027,0.8767549961852156,-0.4213448034328027
1674.0,0.1577949511386339,0.21761269708583367,0.9621175819676996,0.04555464774106009,0.12962102982994111,0.87671183060378,-0.4213666823131842
1675.0,0.1576517302243578,0.21767288783413366,0.9621260803769247,0.045583454429764754,0.12970198465901947,0.876673487345504,-0.42140797706748956
1676.0,0.15756111485875499,0.21759261442765324,0.962169159205415,0.04537023589259399,0.12954299333630234,0.8767975867992519,-0.42128211807799903
1677.0,0.15766282023003142,0.21763780354159704,0.9621410431739318,0.04539641645416744,0.12953285868849523,0.8767647534347851,-0.42134436397956615
1678.0,0.1576639558448329,0.217661380712655,0.9621317040099303,0.04547729667171195,0.12961202169618635,0.8767249680392607,-0.4213707672720021
1679.0,0.15772463402699174,0.2176780011337306,0.962116564583111,0.04550762351812752,0.12960328313401645,0.8767080821697628,-0.4213992775523528
1680.0,0.15786393259572215,0.2177346094757212,0.9620796512637027,0.0455341986443243,0.1295621764544993,0.8766752346210458,-0.4214815453405052
1681.0,0.15794217340586816,0.21769150674339716,0.9620768212258278,0.0455287580725273,0.12953848004108995,0.8767000292464081,-0.4214503086598105
1682.0,0.15796668618782866,0.21771207398008,0.9620676618003858,0.04553891759876038,0.12953097416439424,0.8766839898232883,-0.4214818134063971
1683.0,0.15788661986040986,0.21770880006506285,0.9620831889462412,0.04550418871176561,0.12952067614233853,0.8766972171797363,-0.42146593458712234
1684.0,0.15794155442838742,0.21766828486624326,0.9620794197305873,0.04558698585110785,0.12958600426281525,0.8766871702061814,-0.4214501891024449
1685.0,0.15781969687669503,0.2177106664217882,0.9620894483039677,0.0455949829048776,0.12964325257202666,0.8766719351886205,-0.4214684685297818
1686.0,0.1577403797139877,0.2176643178947849,0.9621163904157067,0.04552217719459674,0.1296125432465741,0.8767183677978969,-0.42139868134580644
1687.0,0.1577785653332832,0.2177106746814766,0.9620993538642689,0.04552823019911192,0.1295932031680406,0.8766857316193295,-0.42145048045439215
1688.0,0.1579363603742836,0.21772918981081985,0.9620705027300493,0.04550223898665109,0.12950791429872158,0.876682842218824,-0.4214926258775746
1689.0,0.15784318937052258,0.21772591101487804,0.962086418534277,0.0455047087010847,0.12956035171050603,0.8766874367045301,-0.4214594267693945
1690.0,0.15784982595028815,0.21776200095117182,0.9620769416731693,0.04550935826845768,0.12955526574306991,0.8766642156468596,-0.42150136240375974
1691.0,0.15776773091696997,0.21771142940434077,0.9621032068106137,0.04548072155059517,0.12956566894054533,0.8767015943709034,-0.4214330280739808
1692.0,0.15776337030493043,0.21768031803651633,0.9621104312847292,0.045491934918873156,0.12958321514305668,0.8767164367281696,-0.4214110747687938
1693.0,0.15768763309615566,0.21768243116246302,0.9621217245247116,0.0455055681134385,0.12960538903158333,0.8767154580210448,-0.42140654210556294
1694.0,0.15763021567682292,0.21760813794543268,0.9621505647157822,0.04545001895160563,0.12957612955402806,0.8767647871604674,-0.4213279848030572
1695.0,0.15754996971860322,0.21764497236024094,0.96215860065306,0.045381716993990955,0.12952988771635557,0.8767741243447394,-0.4213396950651944
1696.0,0.15757657710609133,0.2176435772223858,0.9621547040334617,0.045378641976742885,0.1295280591735063,0.876774455114147,-0.4213364119884948
1697.0,0.1576534674610846,0.21766226370769484,0.9621345841654994,0.04544848850974354,0.12956818554571903,0.8767372484768381,-0.4213722677685733
1698.0,0.15767621212639585,0.2176903806731355,0.9621227924367826,0.04548453105732757,0.12959109467480528,0.8767135878428381,-0.4214090517237925
1699.0,0.15770843135758092,0.21766348894943155,0.9621248912885114,0.04545712067610512,0.1295680889467881,0.8767379403544389,-0.4213811295158065
1700.0,0.15795749797984737,0.21767919244880116,0.9620770063793219,0.045530559001473896,0.12954677753160312,0.8767008064813737,-0.4214607672877793
1701.0,0.157716599973732,0.2176626284725008,0.9621225513381604,0.045482419303690194,0.12961400987406432,0.8767350351315277,-0.42139169164052953
1702.0,0.15752824585652217,0.21765961168395986,0.9621556031812329,0.04545041766488802,0.1296561191138346,0.876756064284719,-0.4213454307528472
1703.0,0.15776269194374187,0.21769324594400163,0.9621042537179355,0.045563018763936404,0.12966689404161005,0.8766961988768152,-0.42144533847336463
1704.0,0.15785084753497006,0.21764240222434011,0.962098538570122,0.04562123154569238,0.12970217938905454,0.8767051002701751,-0.42142161958106145
1705.0,0.15768125838017058,0.21766915171685183,0.9621236765079038,0.045549887479847256,0.12969254059736335,0.8767240791257016,-0.4214037533162451
1706.0,0.15777026532698313,0.2176826816752285,0.9621079750187855,0.0455086572268025,0.12961007550575945,0.8767218420284841,-0.4214350825045001
1707.0,0.1578851974081758,0.21767942159726447,0.9620873215310941,0.04556226071637651,0.12960610067601663,0.8766977799916416,-0.421455352517231
1708.0,0.15794682536981036,0.21772789365931702,0.9620657846699074,0.04557181854776952,0.129577799435566,0.8766660430513046,-0.4215134019517668
1709.0,0.15780384558883415,0.21771549191355236,0.9620952062026269,0.045505220581162444,0.1295699488045392,0.8766982543684646,-0.421462124228702
1710.0,0.15781960488845306,0.21774444273073612,0.9620861070607518,0.04550442366870684,0.1295552914149096,0.8766835725934431,-0.4214989264519654
1711.0,0.15780736978746124,0.2177754028456414,0.9620820111073585,0.045485292785719285,0.12954538403901233,0.8766758904668785,-0.4215298675666367
1712.0,0.15761674083547084,0.21778159377046433,0.9621175957661868,0.04536377784414379,0.12950693258673376,0.8767208071991744,-0.4214792014447342
1713.0,0.15791252434113037,0.2177918691012753,0.9620584859968061,0.045539059400893346,0.1295596019208,0.8766457052437058,-0.4215781930743945
1714.0,0.1577493976904963,0.217779994267673,0.9620852679544313,0.04559538145588942,0.12968971929836803,0.8766431922595745,-0.4215333837781987
1715.0,0.15776506953628341,0.21778857230232287,0.9620848634406033,0.045508638160280585,0.12959596763796957,0.8766732358157951,-0.4215297595178834
1716.0,0.15792129973402202,0.2178205754732065,0.9620534368601079,0.045477957479340164,0.12950473526297054,0.8766588605272247,-0.42158448752506866
1717.0,0.15798040322827508,0.21779047550469907,0.9620455849852805,0.045582818973797797,0.12959317312302482,0.8766391267473057,-0.42156950145121386
1718.0,0.1578179549344753,0.2178318002513926,0.9620638139442739,0.045563338316401816,0.12963929597099977,0.8766334632989083,-0.421569549166941
1719.0,0.15793961123203876,0.21776708692315974,0.962057582494651,0.045582705288533296,0.1296194787905116,0.8766555180430495,-0.42153974807993144
1720.0,0.15799791681720665,0.21773336964286658,0.9620587087618568,0.04551789670947624,0.1295338617310945,0.8766874009062476,-0.421519942213672
1721.0,0.15794038576200842,0.21772405118720817,0.9620717699067207,0.04548605971644465,0.12952199758343863,0.8767022309651473,-0.4215015794117602
1722.0,0.1577895128232385,0.21766139258769276,0.9621131276405047,0.04543476027885768,0.12954429676840012,0.8767565748720493,-0.42141264032237286
1723.0,0.15769511722856477,0.2177033833950129,0.9621205432267721,0.04540426369465936,0.12954218723890812,0.8767479052550045,-0.42142916240369943
1724.0,0.15810285272064617,0.21769176867857926,0.9620484809580425,0.045568652575083884,0.12954411113816286,0.876680849181746,-0.4215211639545661
1725.0,0.15805188897714822,0.21773924736895545,0.9620498584820533,0.0454894530701037,0.12947808830377033,0.8766846663642938,-0.42153658160704716
1726.0,0.15803010371425544,0.2178125797554853,0.9620366742693414,0.045492898139239006,0.12947432131039643,0.8766431104728951,-0.4215958815051618
1727.0,0.15795178526434764,0.21780102085279862,0.9620525175307043,0.04548518835970795,0.1294898552662122,0.8766546477108549,-0.4215631525326994
1728.0,0.15796626785410858,0.2178205161669209,0.9620464318296126,0.04547025358331169,0.12944389656812888,0.8766490473863754,-0.42158289520873143
1729.0,0.1579982877502816,0.2177766896416996,0.9620495144609623,0.04550369481820999,0.12946551641808302,0.8766592531622983,-0.4215543511672362
1730.0,0.1577164728711486,0.2177611837193672,0.9621028573833229,0.04542766629565847,0.1294994697857746,0.8767036382220259,-0.4214717342622596
1731.0,0.15785403034637616,0.21774318413415975,0.962078050491697,0.04556133918815845,0.12957455100148038,0.8766634606461169,-0.4215056218016282
1732.0,0.15785863481230303,0.21770591794340755,0.9620860149750202,0.04555529055005119,0.12957814771995285,0.8766910331533109,-0.4214690036414374
1733.0,0.15786371026339516,0.21773182378293454,0.962078150837011,0.045579969022252205,0.12960448504781874,0.8766723017921003,-0.42149934184136706
1734.0,0.15788740783119426,0.21772426254485802,0.9620755630922316,0.0455886263053549,0.1296148545425534,0.8766730243848728,-0.42149751891553044
1735.0,0.15805170598960838,0.2177129556435492,0.9620512451780965,0.045586498330080445,0.12954837558499127,0.8766680639198237,-0.42151880312677387
1736.0,0.15798620422829499,0.21775266288200698,0.9620559667564873,0.045524212344321614,0.12950595711535273,0.8766709015025328,-0.4215329255523786
1737.0,0.15791220957761318,0.21774955360262524,0.9620729714600719,0.045436368232519626,0.1294429741841087,0.8767026819499746,-0.4215029804516628
1738.0,0.15779980603756644,0.2177727668247736,0.9620834804392134,0.045493075406688795,0.12952303206360388,0.8766720592773263,-0.42150831249787307
1739.0,0.1578091566951763,0.21780132694061452,0.9620735738425887,0.04553340048594808,0.12953718099850015,0.8766415601948079,-0.42154384842453013
1740.0,0.15783579294760716,0.21779652879351274,0.9620679676291581,0.04558245465085978,0.12956374800325196,0.8766275167105482,-0.4215481834297356
1741.0,0.15793567136588024,0.21777058165607843,0.9620580535447782,0.04556971675372183,0.12951457867143606,0.8766386499279228,-0.4215456995161705
1742.0,0.15786100086297702,0.2177498747307053,0.9620781571173885,0.045502923630365656,0.12948625507134723,0.8766716322716261,-0.4215040239946391
1743.0,0.15769343813635814,0.21775854528064267,0.9621054289537058,0.04546580147538336,0.12952248192018934,0.8766887891329699,-0.4214746897586179
1744.0,0.1577559634148806,0.21774174390215334,0.9620981519708411,0.0454833479834543,0.12952183741115422,0.8766900658579175,-0.42147778198973834
1745.0,0.15784537075399008,0.21770112351811458,0.9620905022735333,0.045529388152562286,0.12953505419872324,0.8766933984741268,-0.4214620350306846
1746.0,0.15785417106365346,0.2177367199756241,0.9620831276956093,0.04548446828860765,0.12948275406252596,0.8766868627970971,-0.42149089785011723
1747.0,0.15773191295842598,0.21775218509989974,0.9621014040464776,0.045447968606869206,0.12948565424636538,0.8766961708196668,-0.421471446764374
1748.0,0.1578519170085991,0.21774806896420223,0.9620800152079514,0.04550379211163948,0.12948494789364665,0.8766676430090403,-0.4215023756387247
1749.0,0.15783552960986263,0.21775996063963482,0.9620799807582525,0.0455044586738387,0.12948416313753813,0.8766563787425656,-0.42151404364105993
1750.0,0.1578179077265482,0.21771424002530596,0.9620956529798088,0.04545296699197584,0.12945492235382489,0.8766944736052957,-0.4214665075297599
1751.0,0.1578208837162756,0.21772229176191626,0.9620937161285975,0.045445062645115164,0.12944952498219917,0.8766906591580628,-0.42147350148481966
1752.0,0.15782383247661289,0.2177387662078883,0.9620915976872318,0.045400718631869015,0.12939962368985286,0.8766964263052152,-0.4214817787717745
1753.0,0.15776464074006077,0.2177352849340857,0.9621022419949954,0.04539757455013758,0.12942419318695342,0.8767085028903465,-0.4214663000501281
1754.0,0.1577818397792874,0.2177914873869259,0.9620834008514636,0.04546744839702243,0.12947097547876615,0.8766575693733976,-0.4215326460926438
1755.0,0.15780195253656534,0.21777542856049922,0.9620841505210982,0.04545870441439356,0.12945637404563964,0.8766674665771449,-0.42152102834642635
1756.0,0.15790015207107727,0.21774687738307374,0.9620721817441156,0.04550776285392213,0.12946882824133335,0.876660775714035,-0.4215221029922934
