Frame,Tibia_Rotation_X,Tibia_Rotation_Y,Tibia_Rotation_Z,Tibia_Rotation_W,Tibia_Position_X,Tibia_Position_Y,Tibia_Position_Z
0,-0.127062,0.100252,0.034672,-0.986206,7.897975,412.88208,-87.265732
1,-0.127125,0.100247,0.034464,-0.986206,7.911401,412.880402,-87.274612
2,-0.127151,0.100345,0.034396,-0.986195,7.918212,412.877625,-87.278328
3,-0.127151,0.100345,0.034396,-0.986195,7.918212,412.877625,-87.278328
4,-0.127111,0.100403,0.034402,-0.986194,7.924823,412.885529,-87.276482
5,-0.127106,0.100306,0.034419,-0.986204,7.935056,412.887848,-87.267136
6,-0.12703,0.100226,0.034498,-0.986219,7.936952,412.895569,-87.256638
7,-0.127067,0.100295,0.034455,-0.986209,7.937507,412.900604,-87.265793
8,-0.12699,0.100553,0.034396,-0.986194,7.930074,412.908234,-87.260887
9,-0.126974,0.100325,0.034675,-0.98621,7.908679,412.917847,-87.254181
10,-0.127039,0.100504,0.034368,-0.986194,7.909375,412.91687,-87.26236
11,-0.126982,0.100498,0.034533,-0.986196,7.89844,412.915649,-87.263077
12,-0.126969,0.100517,0.034487,-0.986198,7.891687,412.914368,-87.264542
13,-0.126964,0.100247,0.034581,-0.986223,7.901788,412.907959,-87.259888
14,-0.127002,0.100246,0.034548,-0.986219,7.908858,412.899475,-87.252899
15,-0.126975,0.100229,0.034499,-0.986226,7.90041,412.90271,-87.252472
16,-0.127074,0.100355,0.034398,-0.986204,7.902482,412.890717,-87.264854
17,-0.127087,0.100263,0.034408,-0.986211,7.915897,412.880768,-87.2658
18,-0.127057,0.100144,0.034561,-0.986222,7.903261,412.876221,-87.256516
19,-0.127125,0.100353,0.034277,-0.986202,7.905645,412.872284,-87.261856
20,-0.127083,0.100132,0.034553,-0.98622,7.887455,412.875122,-87.259689
21,-0.127088,0.100416,0.034406,-0.986196,7.88226,412.881195,-87.263588
22,-0.127014,0.100262,0.034641,-0.986213,7.875404,412.888184,-87.252602
23,-0.127047,0.100135,0.034606,-0.986222,7.883931,412.886566,-87.249214
24,-0.127062,0.100316,0.034535,-0.986205,7.883162,412.890045,-87.249397
25,-0.127067,0.100236,0.034584,-0.98621,7.885629,412.890961,-87.25267
26,-0.127056,0.100223,0.034625,-0.986212,7.877418,412.891815,-87.25116
27,-0.12711,0.100169,0.034466,-0.986216,7.894888,412.884247,-87.258362
28,-0.127104,0.100262,0.034441,-0.986208,7.896077,412.884766,-87.259064
29,-0.127001,0.100227,0.03461,-0.986219,7.884852,412.886688,-87.251816
30,-0.127011,0.100273,0.034562,-0.986215,7.875129,412.88913,-87.255585
31,-0.127095,0.100203,0.034389,-0.986217,7.889386,412.88446,-87.264587
32,-0.127112,0.10035,0.034336,-0.986202,7.900714,412.881805,-87.259247
33,-0.127042,0.100223,0.034597,-0.986214,7.892554,412.882202,-87.252983
34,-0.12711,0.100306,0.034455,-0.986202,7.893904,412.883057,-87.259193
35,-0.127069,0.100371,0.034535,-0.986198,7.881513,412.886322,-87.250687
36,-0.127075,0.100214,0.034649,-0.986209,7.880139,412.886658,-87.249893
37,-0.127047,0.100235,0.034647,-0.986211,7.874775,412.885437,-87.243561
38,-0.127018,0.10012,0.034701,-0.986224,7.875023,412.886261,-87.246567
39,-0.127054,0.10017,0.034612,-0.986218,7.876058,412.884399,-87.248161
40,-0.127099,0.100248,0.034463,-0.986209,7.888246,412.880371,-87.257065
41,-0.127057,0.100185,0.034657,-0.986214,7.896055,412.884094,-87.249496
42,-0.127057,0.100158,0.034617,-0.986218,7.904917,412.888153,-87.253227
43,-0.127095,0.100364,0.034371,-0.986201,7.915554,412.88913,-87.257225
44,-0.127034,0.100391,0.034421,-0.986204,7.91265,412.89856,-87.257561
45,-0.127017,0.100182,0.034655,-0.98622,7.907367,412.898773,-87.248444
46,-0.126964,0.100279,0.034634,-0.986217,7.894342,412.903839,-87.250526
47,-0.127025,0.100175,0.03469,-0.986218,7.89201,412.897461,-87.252693
48,-0.127053,0.100365,0.034445,-0.986204,7.884645,412.890411,-87.257385
49,-0.127108,0.10024,0.034512,-0.986207,7.893533,412.882996,-87.259552
50,-0.127048,0.100153,0.034648,-0.986219,7.877061,412.883911,-87.250084
51,-0.127111,0.100333,0.034375,-0.986202,7.886645,412.880646,-87.259171
52,-0.127116,0.100334,0.034399,-0.986201,7.891975,412.880005,-87.262115
53,-0.127021,0.100223,0.034612,-0.986217,7.886406,412.883667,-87.254234
54,-0.127107,0.100297,0.034321,-0.986208,7.903616,412.884125,-87.25737
55,-0.127108,0.100224,0.034445,-0.986211,7.902317,412.88031,-87.259674
56,-0.127133,0.100379,0.034386,-0.986194,7.905282,412.87674,-87.260956
57,-0.12711,0.100312,0.034463,-0.986201,7.896222,412.876068,-87.265572
58,-0.12715,0.100313,0.034446,-0.986197,7.89013,412.870544,-87.267708
59,-0.127133,0.100357,0.034413,-0.986196,7.877767,412.868683,-87.267578
60,-0.127146,0.100357,0.034427,-0.986193,7.869001,412.871643,-87.268944
61,-0.127113,0.100311,0.034474,-0.986201,7.870123,412.87677,-87.271049
62,-0.1271,0.100365,0.034366,-0.9862,7.869774,412.880829,-87.26828
63,-0.127039,0.100198,0.03457,-0.986218,7.872213,412.88266,-87.260414
64,-0.12707,0.100367,0.034379,-0.986204,7.88203,412.883545,-87.265953
65,-0.127101,0.100308,0.034383,-0.986206,7.881407,412.884857,-87.267548
66,-0.127092,0.100387,0.034306,-0.986201,7.884634,412.884949,-87.274315
67,-0.127109,0.100298,0.034467,-0.986203,7.885016,412.884552,-87.271851
68,-0.127102,0.100406,0.034317,-0.986198,7.882625,412.885742,-87.27269
69,-0.127081,0.100331,0.034516,-0.986201,7.883202,412.883179,-87.277946
70,-0.127118,0.100387,0.034293,-0.986199,7.871971,412.879425,-87.278503
71,-0.127122,0.100401,0.03433,-0.986195,7.868351,412.874451,-87.278221
72,-0.127166,0.100443,0.034181,-0.986191,7.863651,412.867767,-87.284248
73,-0.127069,0.100427,0.034481,-0.986194,7.854386,412.86084,-87.295074
74,-0.127177,0.10041,0.034251,-0.98619,7.834569,412.856842,-87.290047
75,-0.127164,0.100328,0.034311,-0.986198,7.814974,412.861237,-87.286133
76,-0.127137,0.100273,0.034389,-0.986204,7.814218,412.864136,-87.288025
77,-0.127123,0.100237,0.034529,-0.986205,7.809817,412.867065,-87.288551
78,-0.127156,0.100461,0.034206,-0.986189,7.819117,412.868469,-87.291878
79,-0.127115,0.100344,0.03437,-0.986201,7.842015,412.878052,-87.287781
80,-0.127099,0.100232,0.034498,-0.98621,7.860499,412.877747,-87.286827
81,-0.127149,0.100374,0.034297,-0.986196,7.867578,412.879425,-87.291527
82,-0.127134,0.100322,0.034414,-0.986199,7.8754,412.882965,-87.293655
83,-0.127089,0.100499,0.03434,-0.986189,7.892182,412.878418,-87.30822
84,-0.127135,0.100354,0.034436,-0.986195,7.882641,412.884521,-87.300499
85,-0.12715,0.100442,0.034308,-0.986188,7.87679,412.881317,-87.29718
86,-0.127023,0.100422,0.034499,-0.9862,7.87479,412.884857,-87.299797
87,-0.127141,0.10023,0.034385,-0.986208,7.860757,412.888,-87.293633
88,-0.127114,0.100345,0.034353,-0.986201,7.848714,412.886719,-87.288704
89,-0.127094,0.10039,0.034459,-0.986196,7.831345,412.883209,-87.291283
90,-0.127127,0.100434,0.034263,-0.986194,7.836442,412.876556,-87.289978
91,-0.12715,0.100358,0.034374,-0.986195,7.833186,412.872314,-87.294685
92,-0.12711,0.100324,0.034414,-0.986202,7.856404,412.866974,-87.313553
93,-0.127087,0.100408,0.034427,-0.986196,7.858037,412.875793,-87.308632
94,-0.12706,0.100427,0.034457,-0.986196,7.873663,412.880127,-87.302734
95,-0.127109,0.100457,0.034358,-0.98619,7.884923,412.885498,-87.294731
96,-0.127128,0.100432,0.034304,-0.986192,7.893201,412.890839,-87.288292
97,-0.127032,0.100579,0.034378,-0.986187,7.881601,412.903748,-87.289497
98,-0.127052,0.100397,0.034428,-0.986201,7.885357,412.899567,-87.28447
99,-0.127035,0.1006,0.03437,-0.986185,7.877068,412.899048,-87.28038
100,-0.12706,0.100597,0.034242,-0.986186,7.861977,412.896271,-87.280838
101,-0.127128,0.100459,0.034406,-0.986186,7.857791,412.884491,-87.290672
102,-0.127177,0.100664,0.034115,-0.986169,7.846883,412.877289,-87.297401
103,-0.127178,0.100468,0.034234,-0.986185,7.857654,412.874847,-87.295647
104,-0.127124,0.100505,0.034396,-0.986182,7.855167,412.878296,-87.287483
105,-0.127114,0.100398,0.034405,-0.986194,7.859348,412.882599,-87.285912
106,-0.127113,0.100556,0.034232,-0.986184,7.862991,412.890991,-87.281898
107,-0.127104,0.100457,0.034324,-0.986192,7.864232,412.894379,-87.27887
108,-0.127088,0.100446,0.034388,-0.986193,7.87394,412.89093,-87.274506
109,-0.12712,0.100587,0.034308,-0.986177,7.882474,412.884735,-87.27652
110,-0.127159,0.100415,0.034377,-0.986187,7.880294,412.880676,-87.283463
111,-0.127162,0.100574,0.034294,-0.986174,7.880405,412.877899,-87.289871
112,-0.127172,0.100516,0.034357,-0.986176,7.867749,412.879608,-87.290405
113,-0.127147,0.100537,0.034373,-0.986177,7.872055,412.880005,-87.287781
114,-0.127139,0.100458,0.034362,-0.986186,7.864847,412.884369,-87.284821
115,-0.127099,0.100554,0.034394,-0.98618,7.855449,412.893585,-87.277328
116,-0.127086,0.100596,0.034346,-0.98618,7.845096,412.896027,-87.274712
117,-0.127109,0.100593,0.034285,-0.986179,7.837671,412.894348,-87.273972
118,-0.127087,0.100497,0.03441,-0.986187,7.827976,412.89093,-87.272049
119,-0.127127,0.100558,0.034392,-0.986176,7.83484,412.887482,-87.281067
120,-0.127168,0.10069,0.034285,-0.986162,7.851706,412.875519,-87.292969
121,-0.127097,0.100695,0.034422,-0.986165,7.859304,412.875458,-87.299431
122,-0.127185,0.100548,0.034417,-0.986169,7.854829,412.881592,-87.294273
123,-0.127145,0.100632,0.034358,-0.986168,7.864751,412.884064,-87.288963
124,-0.127166,0.100588,0.034318,-0.986171,7.86468,412.888031,-87.285286
125,-0.127126,0.100592,0.034362,-0.986174,7.858417,412.890991,-87.283287
126,-0.127057,0.100636,0.034425,-0.986176,7.86067,412.891754,-87.283966
127,-0.12714,0.100513,0.034355,-0.986181,7.846437,412.893494,-87.278076
128,-0.127107,0.100543,0.034379,-0.986181,7.833987,412.895752,-87.277664
129,-0.127096,0.100618,0.034461,-0.986172,7.822829,412.90329,-87.283226
130,-0.127049,0.100705,0.034375,-0.986172,7.812023,412.909363,-87.278641
131,-0.127091,0.100632,0.034335,-0.986176,7.828258,412.901215,-87.272507
132,-0.127016,0.100408,0.034552,-0.986201,7.828974,412.9039,-87.260246
133,-0.127027,0.100542,0.034464,-0.986189,7.8306,412.909576,-87.258919
134,-0.12699,0.100625,0.034453,-0.986185,7.817952,412.915314,-87.262848
135,-0.126944,0.100617,0.034502,-0.98619,7.813476,412.91983,-87.251755
136,-0.126909,0.100577,0.034507,-0.986199,7.811918,412.920441,-87.248566
137,-0.126918,0.100562,0.034491,-0.986199,7.804302,412.924469,-87.246933
138,-0.126874,0.100623,0.034531,-0.986198,7.786237,412.936981,-87.245186
139,-0.126781,0.100657,0.034468,-0.986208,7.79529,412.945221,-87.234383
140,-0.126714,0.10066,0.034443,-0.986217,7.797321,412.969238,-87.21891
141,-0.126532,0.100767,0.034396,-0.986232,7.780736,413.006073,-87.200874
142,-0.126156,0.100539,0.034745,-0.986291,7.766852,413.063721,-87.17292
143,-0.125908,0.100563,0.03472,-0.986321,7.762231,413.124359,-87.132782
144,-0.125707,0.100551,0.034417,-0.986358,7.754523,413.186798,-87.087029
145,-0.125413,0.100426,0.034396,-0.986409,7.753322,413.249969,-87.043404
146,-0.125007,0.100606,0.034247,-0.986448,7.74365,413.338531,-86.984535
147,-0.124489,0.100266,0.034255,-0.986547,7.751323,413.442627,-86.912643
148,-0.124118,0.100048,0.033946,-0.986627,7.770721,413.549713,-86.828926
149,-0.123529,0.100149,0.033887,-0.986693,7.771399,413.670105,-86.74337
150,-0.122783,0.100614,0.033723,-0.986744,7.757804,413.812805,-86.638199
151,-0.121796,0.101299,0.033442,-0.986806,7.748087,413.992004,-86.539703
152,-0.120775,0.101289,0.033731,-0.986923,7.734269,414.16745,-86.429871
153,-0.119972,0.101173,0.03359,-0.987037,7.723823,414.333984,-86.306923
154,-0.119056,0.10128,0.033966,-0.987124,7.710059,414.5047,-86.182037
155,-0.118354,0.101234,0.033617,-0.987225,7.684721,414.680481,-86.052017
156,-0.117418,0.101481,0.033232,-0.987325,7.662561,414.874481,-85.925934
157,-0.116217,0.101543,0.033111,-0.987465,7.644098,415.082947,-85.778641
158,-0.115238,0.101365,0.032911,-0.987604,7.653876,415.271667,-85.6371
159,-0.114143,0.101172,0.032978,-0.987749,7.671812,415.455841,-85.486153
160,-0.113183,0.101072,0.032824,-0.987875,7.646774,415.64035,-85.314941
161,-0.11219,0.101538,0.032263,-0.987959,7.643926,415.819458,-85.196693
162,-0.111158,0.101543,0.03257,-0.988065,7.641594,416.000824,-85.084038
163,-0.110307,0.101554,0.032545,-0.98816,7.635251,416.168365,-84.969528
164,-0.10966,0.101407,0.032546,-0.988247,7.653109,416.297791,-84.882637
165,-0.108993,0.101114,0.032818,-0.988342,7.645404,416.425415,-84.7864
166,-0.108328,0.100938,0.032983,-0.988427,7.650225,416.555939,-84.709473
167,-0.107715,0.101521,0.032489,-0.988451,7.617529,416.696625,-84.62764
168,-0.107043,0.101911,0.032288,-0.98849,7.600924,416.840271,-84.532005
169,-0.106537,0.102024,0.031912,-0.988546,7.613134,416.960663,-84.437706
170,-0.106122,0.101719,0.032077,-0.988616,7.623481,417.0625,-84.355148
171,-0.10565,0.101561,0.031845,-0.988691,7.631138,417.213959,-84.252686
172,-0.105165,0.100608,0.03226,-0.988826,7.709398,417.366821,-84.060059
173,-0.104784,0.100249,0.032793,-0.988886,7.778436,417.551788,-83.836098
174,-0.10437,0.099704,0.033491,-0.988961,7.839107,417.710205,-83.680161
175,-0.103817,0.10035,0.03332,-0.98896,7.838007,417.821808,-83.555298
176,-0.103363,0.100296,0.03321,-0.989017,7.8633,417.932983,-83.454788
177,-0.102817,0.099998,0.033679,-0.989088,7.883387,418.096191,-83.321182
178,-0.102465,0.099277,0.034118,-0.989182,7.937205,418.214966,-83.21521
179,-0.102169,0.099437,0.033932,-0.989203,7.915699,418.252747,-83.202896
180,-0.102056,0.09995,0.033634,-0.989173,7.863543,418.263428,-83.168861
181,-0.101751,0.099559,0.033812,-0.989238,7.908158,418.340973,-83.132866
182,-0.101337,0.099682,0.033979,-0.989262,7.915817,418.435028,-83.061958
183,-0.101318,0.099946,0.033687,-0.989248,7.866742,418.428741,-83.085625
184,-0.101131,0.100315,0.033335,-0.989241,7.853236,418.453888,-83.069321
185,-0.100935,0.099551,0.033705,-0.989326,7.94004,418.502625,-83.02597
186,-0.100827,0.099302,0.033991,-0.989352,7.984184,418.552429,-82.990173
187,-0.100761,0.100107,0.03349,-0.989295,7.91719,418.570313,-83.014206
188,-0.100684,0.100338,0.033274,-0.989286,7.913898,418.591248,-82.996124
189,-0.100376,0.099322,0.033841,-0.989401,8.008129,418.661926,-82.929779
190,-0.100205,0.09968,0.033606,-0.989391,8.014146,418.694702,-82.890373
191,-0.100152,0.099848,0.033514,-0.989382,7.975159,418.700531,-82.910767
192,-0.099936,0.10001,0.033356,-0.989393,7.943601,418.746094,-82.889717
193,-0.099649,0.099331,0.033725,-0.989478,8.00294,418.811249,-82.813835
194,-0.099469,0.099299,0.033608,-0.989503,8.003119,418.83728,-82.802437
195,-0.099254,0.099883,0.033251,-0.989478,7.940869,418.859253,-82.793037
196,-0.099009,0.100105,0.033098,-0.989485,7.929811,418.915436,-82.77494
197,-0.098642,0.100014,0.033249,-0.989526,7.955486,418.994171,-82.708488
198,-0.09849,0.10029,0.033014,-0.989521,7.947256,419.016418,-82.682289
199,-0.098263,0.100718,0.032714,-0.98951,7.907455,419.050507,-82.66497
200,-0.097967,0.10058,0.032718,-0.989553,7.927235,419.12561,-82.632004
201,-0.097747,0.100375,0.03278,-0.989594,7.941648,419.200256,-82.575386
202,-0.097524,0.100514,0.032703,-0.989604,7.937533,419.232574,-82.556091
203,-0.097311,0.100679,0.032581,-0.989612,7.916162,419.260834,-82.547348
204,-0.096997,0.100161,0.032897,-0.989685,7.939478,419.336823,-82.499344
205,-0.096738,0.099871,0.033015,-0.989736,7.957185,419.400024,-82.45723
206,-0.096425,0.10043,0.032706,-0.98972,7.91526,419.442566,-82.416466
207,-0.096101,0.100229,0.032825,-0.989768,7.914246,419.489471,-82.389847
208,-0.095722,0.100219,0.032803,-0.989807,7.920375,419.574188,-82.310242
209,-0.095348,0.100056,0.032868,-0.989857,7.921125,419.651062,-82.267372
210,-0.094861,0.100327,0.032815,-0.989878,7.875451,419.719238,-82.22187
211,-0.094415,0.100705,0.032616,-0.989889,7.865705,419.796448,-82.181602
212,-0.093866,0.10026,0.032818,-0.98998,7.896483,419.901062,-82.103394
213,-0.093432,0.10032,0.032652,-0.99002,7.905273,419.989868,-82.048347
214,-0.092965,0.100684,0.03231,-0.990039,7.863733,420.078522,-81.997841
215,-0.09238,0.10096,0.03204,-0.990074,7.836211,420.131866,-82.003845
216,-0.091933,0.100938,0.031803,-0.990125,7.852632,420.234039,-81.911606
217,-0.091106,0.100032,0.032261,-0.990279,7.93679,420.386047,-81.823067
218,-0.09034,0.100736,0.031778,-0.990293,7.90076,420.547394,-81.701004
219,-0.089457,0.101706,0.031336,-0.990289,7.81846,420.707794,-81.623344
220,-0.088437,0.100688,0.031964,-0.990464,7.830369,420.926422,-81.470314
221,-0.087429,0.100109,0.032142,-0.990607,7.88363,421.139526,-81.31189
222,-0.086519,0.100197,0.031596,-0.990695,7.871009,421.354156,-81.18779
223,-0.085414,0.100751,0.031274,-0.990745,7.828151,421.570831,-81.089294
224,-0.084263,0.100564,0.030997,-0.990871,7.857538,421.828949,-80.937424
225,-0.082893,0.100688,0.030984,-0.990975,7.861996,422.095245,-80.720528
226,-0.081406,0.1011,0.030787,-0.991062,7.836752,422.356293,-80.559769
227,-0.079718,0.101179,0.030918,-0.991187,7.796615,422.6539,-80.382614
228,-0.078423,0.100786,0.030686,-0.991338,7.82268,422.950592,-80.223541
229,-0.077228,0.100361,0.030403,-0.991483,7.882041,423.238403,-80.033287
230,-0.075743,0.100243,0.030275,-0.991614,7.856382,423.531464,-79.871872
231,-0.074229,0.100581,0.030233,-0.991695,7.801837,423.826202,-79.678185
232,-0.072643,0.10107,0.030271,-0.991762,7.761931,424.136292,-79.483604
233,-0.07115,0.101073,0.029954,-0.991879,7.779589,424.442871,-79.305962
234,-0.069863,0.101246,0.029746,-0.99196,7.761998,424.678925,-79.165634
235,-0.068666,0.101059,0.02958,-0.992067,7.770603,424.940155,-79.028687
236,-0.067465,0.100632,0.02944,-0.992197,7.82028,425.207092,-78.880089
237,-0.066296,0.100438,0.029557,-0.992292,7.839973,425.452576,-78.733978
238,-0.065307,0.100561,0.029675,-0.992342,7.829905,425.666626,-78.612358
239,-0.064449,0.100808,0.029731,-0.992371,7.849141,425.861786,-78.463554
240,-0.06358,0.100969,0.029772,-0.992409,7.858638,426.086334,-78.275429
241,-0.063044,0.100758,0.029772,-0.992465,7.905827,426.304962,-78.054413
242,-0.062234,0.100265,0.030348,-0.992549,7.994534,426.659607,-77.700569
243,-0.061715,0.098372,0.031496,-0.992735,8.163878,426.999084,-77.382965
244,-0.061386,0.098429,0.031409,-0.992752,8.177789,427.234009,-77.087059
245,-0.060961,0.097999,0.03169,-0.992812,8.216603,427.447906,-76.830658
246,-0.059962,0.09672,0.032741,-0.992964,8.347689,427.704163,-76.639832
247,-0.059182,0.097119,0.032605,-0.992977,8.312713,427.862701,-76.580132
248,-0.058651,0.098311,0.031483,-0.992927,8.159585,427.928558,-76.581116
249,-0.058163,0.097973,0.031536,-0.992987,8.239757,428.025421,-76.505928
250,-0.057533,0.09707,0.032176,-0.993092,8.395987,428.203033,-76.377106
251,-0.056927,0.09748,0.031864,-0.993097,8.341074,428.309601,-76.342209
252,-0.056447,0.098723,0.03121,-0.993023,8.213066,428.384766,-76.323914
253,-0.055746,0.098067,0.031495,-0.993118,8.290679,428.5289,-76.238052
254,-0.055252,0.096443,0.032445,-0.993274,8.420214,428.666443,-76.108879
255,-0.054758,0.096865,0.032232,-0.993267,8.349613,428.74585,-76.076111
256,-0.054277,0.097461,0.031809,-0.993249,8.260306,428.809479,-76.0896
257,-0.053946,0.097503,0.031671,-0.993267,8.255466,428.94519,-75.997238
258,-0.053465,0.097353,0.031823,-0.993303,8.301913,429.065704,-75.910248
259,-0.053288,0.097669,0.031377,-0.993296,8.251637,429.091675,-75.878853
260,-0.052899,0.098063,0.031017,-0.993289,8.199551,429.142456,-75.896042
261,-0.05245,0.097788,0.031288,-0.993332,8.232191,429.273529,-75.833267
262,-0.052259,0.097444,0.031486,-0.993369,8.295928,429.348694,-75.761131
263,-0.051982,0.097743,0.031093,-0.993367,8.270892,429.374847,-75.74791
264,-0.051766,0.098036,0.030712,-0.993361,8.239706,429.435486,-75.733284
265,-0.05117,0.097621,0.031308,-0.993414,8.305115,429.564941,-75.671188
266,-0.050647,0.098059,0.030969,-0.993408,8.308759,429.663239,-75.615929
267,-0.050318,0.098651,0.030636,-0.993377,8.238883,429.696747,-75.585533
268,-0.049831,0.098507,0.030652,-0.993415,8.234845,429.784058,-75.541702
269,-0.049505,0.097927,0.031102,-0.993475,8.268579,429.908417,-75.466446
270,-0.049031,0.097864,0.031207,-0.993501,8.255191,429.999084,-75.418358
271,-0.048577,0.098376,0.030469,-0.993496,8.195083,430.072998,-75.390633
272,-0.047806,0.098616,0.030546,-0.993507,8.227239,430.214325,-75.284988
273,-0.047011,0.097843,0.030922,-0.99361,8.303871,430.397095,-75.191719
274,-0.046314,0.098193,0.030548,-0.99362,8.278981,430.542603,-75.124855
275,-0.045459,0.098407,0.030312,-0.993645,8.221661,430.695282,-75.065781
276,-0.044425,0.097953,0.030454,-0.993732,8.256668,430.915222,-74.941696
277,-0.043553,0.097016,0.030727,-0.993855,8.303572,431.149078,-74.774475
278,-0.042267,0.098043,0.030257,-0.993824,8.231589,431.406006,-74.667061
279,-0.041125,0.098993,0.029666,-0.993795,8.168433,431.642303,-74.562447
280,-0.040087,0.098309,0.029904,-0.993898,8.217549,431.899292,-74.430817
281,-0.038776,0.098595,0.029838,-0.993924,8.23082,432.165527,-74.280998
282,-0.037689,0.098714,0.029558,-0.993962,8.226728,432.376038,-74.172295
283,-0.036255,0.098316,0.029803,-0.994048,8.216978,432.640686,-74.064316
284,-0.034959,0.097916,0.030105,-0.994125,8.220324,432.922516,-73.933945
285,-0.033892,0.097597,0.03027,-0.994188,8.232221,433.156982,-73.793999
286,-0.032819,0.098745,0.029099,-0.994146,8.184579,433.438171,-73.611992
287,-0.032228,0.099171,0.028858,-0.99413,8.158443,433.724609,-73.394211
288,-0.031127,0.098342,0.030049,-0.994212,8.225656,434.059357,-73.161285
289,-0.029741,0.09696,0.030781,-0.994368,8.347565,434.351257,-72.992981
290,-0.028928,0.097714,0.030117,-0.994338,8.32078,434.532013,-72.869377
291,-0.02766,0.098397,0.029548,-0.994324,8.282343,434.761475,-72.81559
292,-0.026445,0.096962,0.030522,-0.994468,8.333066,435.032227,-72.693634
293,-0.025493,0.097665,0.029805,-0.994446,8.307866,435.301239,-72.494667
294,-0.024622,0.098203,0.029146,-0.994435,8.288407,435.536621,-72.339256
295,-0.02387,0.097813,0.029499,-0.994481,8.282685,435.720886,-72.229088
296,-0.022814,0.097991,0.029439,-0.99449,8.243971,435.924957,-72.156502
297,-0.021954,0.097814,0.029701,-0.994519,8.240094,436.092255,-72.101578
298,-0.021412,0.097094,0.030057,-0.994591,8.284507,436.197662,-72.053688
299,-0.020706,0.097659,0.029733,-0.99456,8.261636,436.344818,-71.979233
300,-0.020179,0.097625,0.029559,-0.994579,8.284829,436.470856,-71.932442
301,-0.019438,0.097835,0.029352,-0.99458,8.28087,436.638763,-71.869461
302,-0.018845,0.097679,0.029489,-0.994603,8.299011,436.739868,-71.83445
303,-0.018458,0.097632,0.029221,-0.994622,8.304767,436.832092,-71.762947
304,-0.017883,0.097198,0.029419,-0.994669,8.32491,436.932465,-71.725815
305,-0.017453,0.097291,0.029367,-0.99467,8.320477,437.047516,-71.663963
306,-0.016859,0.09747,0.029419,-0.994661,8.306643,437.14917,-71.651619
307,-0.016344,0.097715,0.029397,-0.994646,8.275594,437.237274,-71.603172
308,-0.016013,0.09764,0.029389,-0.994659,8.280088,437.310791,-71.547424
309,-0.015701,0.097525,0.029296,-0.994678,8.275566,437.394806,-71.511581
310,-0.015545,0.097821,0.029178,-0.994655,8.251046,437.432037,-71.507545
311,-0.015326,0.097992,0.029041,-0.994645,8.226645,437.464447,-71.484695
312,-0.015167,0.097711,0.029032,-0.994676,8.252743,437.496429,-71.455696
313,-0.015113,0.097697,0.02877,-0.994685,8.263911,437.522614,-71.440369
314,-0.014988,0.09781,0.028818,-0.994675,8.232682,437.548523,-71.447182
315,-0.014964,0.097827,0.028909,-0.994671,8.226984,437.531982,-71.451706
316,-0.015033,0.09767,0.028779,-0.994689,8.2302,437.545624,-71.429771
317,-0.014954,0.097404,0.029003,-0.99471,8.269753,437.537903,-71.443832
318,-0.015106,0.097816,0.028757,-0.994674,8.227348,437.529999,-71.449127
319,-0.015015,0.098047,0.028886,-0.994649,8.219049,437.514435,-71.476395
320,-0.015128,0.097812,0.028801,-0.994673,8.235047,437.523956,-71.453979
321,-0.015097,0.09767,0.028903,-0.994685,8.271867,437.522919,-71.453156
322,-0.015103,0.097848,0.028668,-0.994674,8.246719,437.533325,-71.452759
323,-0.015069,0.097842,0.028747,-0.994673,8.231589,437.53949,-71.455185
324,-0.014911,0.097484,0.028912,-0.994705,8.252893,437.578857,-71.435204
325,-0.014859,0.09733,0.028847,-0.994723,8.250387,437.610748,-71.403221
326,-0.014611,0.09749,0.028663,-0.994716,8.24439,437.650452,-71.390434
327,-0.014202,0.097706,0.028512,-0.994705,8.238714,437.724731,-71.36293
328,-0.013687,0.097813,0.028573,-0.9947,8.246551,437.831635,-71.306358
329,-0.013148,0.097777,0.028407,-0.994716,8.223979,437.972565,-71.243317
330,-0.012437,0.09778,0.02821,-0.99473,8.224263,438.0979,-71.200806
331,-0.01167,0.09853,0.027712,-0.99468,8.162104,438.216278,-71.160469
332,-0.010585,0.098413,0.028101,-0.994693,8.148182,438.446716,-71.052429
333,-0.009377,0.097988,0.028347,-0.99474,8.217242,438.74292,-70.921211
334,-0.007895,0.097996,0.028214,-0.994756,8.231195,439.05658,-70.759384
335,-0.006318,0.097845,0.028111,-0.994785,8.202971,439.373596,-70.621353
336,-0.004726,0.098148,0.027542,-0.99478,8.199043,439.712128,-70.465401
337,-0.002665,0.097262,0.027921,-0.994864,8.20011,440.14624,-70.276978
338,-0.000693,0.097546,0.027409,-0.994853,8.18328,440.564514,-70.112167
339,0.001256,0.098024,0.027089,-0.994815,8.169702,440.991425,-69.909813
340,0.003367,0.09823,0.02725,-0.994785,8.172439,441.452698,-69.712364
341,0.005318,0.097577,0.0275,-0.994834,8.222784,442.072998,-69.355209
342,0.007415,0.096402,0.029116,-0.994889,8.351467,442.784576,-68.927605
343,0.00973,0.095967,0.029641,-0.994896,8.401279,443.671478,-68.431519
344,0.012344,0.093908,0.031101,-0.995018,8.469323,444.433624,-68.019997
345,0.014272,0.094003,0.030995,-0.994987,8.433307,445.064392,-67.575363
346,0.017158,0.094316,0.030313,-0.994933,8.457907,445.724243,-67.309036
347,0.020308,0.094426,0.030074,-0.99487,8.41307,446.391449,-67.104813
348,0.022674,0.09474,0.029386,-0.99481,8.412191,446.963867,-66.840385
349,0.02592,0.093146,0.030189,-0.994857,8.489917,447.488586,-66.769623
350,0.025996,0.098061,0.026656,-0.994484,8.014538,447.819702,-66.728462
351,0.026706,0.103156,0.021914,-0.994065,7.443301,448.229462,-66.511574
352,0.030477,0.100871,0.022654,-0.994175,7.74583,448.914185,-66.266235
353,0.034999,0.09954,0.024095,-0.994126,7.982798,449.908661,-65.894371
354,0.038219,0.10259,0.02173,-0.993752,7.692771,450.908661,-65.424431
355,0.0421,0.100986,0.022146,-0.99375,7.892308,451.994263,-64.944595
356,0.046982,0.098591,0.023784,-0.993734,8.223807,453.199158,-64.466339
357,0.050271,0.100766,0.022043,-0.993395,8.185168,454.272369,-63.939369
358,0.054795,0.099529,0.023045,-0.993257,8.265593,455.393982,-63.515545
359,0.059736,0.098115,0.023722,-0.993097,8.511475,456.533813,-63.149071
360,0.063325,0.098722,0.022182,-0.992851,8.451651,457.447632,-62.75285
361,0.066925,0.099366,0.021099,-0.992573,8.427469,458.256073,-62.590881
362,0.069523,0.102101,0.018197,-0.992175,8.160235,459.043365,-62.282356
363,0.073287,0.10189,0.017743,-0.991934,8.208247,459.914063,-62.056393
364,0.078322,0.099614,0.019136,-0.991754,8.38768,460.884033,-61.970757
365,0.080207,0.103012,0.015916,-0.991313,8.013536,461.671417,-61.611286
366,0.082993,0.103621,0.015704,-0.991024,7.907285,462.476776,-61.3745
367,0.085999,0.1012,0.017075,-0.990995,8.065287,463.476105,-61.040882
368,0.088295,0.100757,0.017408,-0.990833,8.116138,464.401367,-60.637932
369,0.090909,0.100462,0.017796,-0.990619,8.2019,465.36795,-60.32972
370,0.092971,0.098855,0.019631,-0.990555,8.428622,466.151123,-60.02969
371,0.094808,0.098688,0.019769,-0.990395,8.381076,466.708221,-59.875244
372,0.095484,0.100022,0.018008,-0.990229,8.180587,466.969208,-59.754417
373,0.096216,0.100001,0.01799,-0.990161,8.226938,467.200623,-59.678356
374,0.097822,0.099199,0.018964,-0.990066,8.36439,467.58551,-59.643909
375,0.097912,0.099659,0.018792,-0.990014,8.273098,467.681061,-59.607277
376,0.098406,0.100686,0.017667,-0.989882,8.113341,467.718628,-59.659634
377,0.098674,0.100206,0.018453,-0.98989,8.217078,467.783417,-59.629734
378,0.098279,0.098949,0.019234,-0.990041,8.393675,467.785522,-59.551285
379,0.098464,0.099696,0.018556,-0.98996,8.292224,467.732178,-59.652477
380,0.097524,0.100622,0.017704,-0.989975,8.160683,467.538544,-59.703369
381,0.097193,0.100156,0.018253,-0.990045,8.2827,467.484161,-59.701881
382,0.096916,0.099175,0.018857,-0.99016,8.435787,467.413788,-59.674305
383,0.09581,0.099562,0.018329,-0.990238,8.329064,467.181641,-59.671787
384,0.09584,0.100031,0.018088,-0.990193,8.204502,467.081787,-59.772209
385,0.09538,0.099419,0.019111,-0.990279,8.2832,467.028839,-59.740829
386,0.0951,0.098832,0.019466,-0.990358,8.347883,466.990295,-59.689896
387,0.095212,0.099148,0.01901,-0.990325,8.302616,466.921753,-59.732517
388,0.094831,0.099768,0.019025,-0.990299,8.274264,466.890961,-59.722767
389,0.095454,0.099495,0.019227,-0.990262,8.337507,467.0354,-59.755112
390,0.09554,0.099463,0.019016,-0.990261,8.361063,467.108429,-59.716106
391,0.095701,0.099806,0.018164,-0.990227,8.330189,467.14505,-59.695293
392,0.09665,0.099993,0.017967,-0.99012,8.321326,467.327759,-59.712959
393,0.097136,0.099844,0.018781,-0.990072,8.341741,467.507935,-59.668705
394,0.098087,0.099862,0.018789,-0.989977,8.296433,467.69104,-59.663685
395,0.098736,0.100392,0.018088,-0.989872,8.273006,467.836121,-59.635921
396,0.099489,0.100241,0.018283,-0.989808,8.299837,468.058594,-59.5928
397,0.100799,0.100097,0.018427,-0.989687,8.308096,468.330292,-59.593113
398,0.101267,0.100493,0.017804,-0.989611,8.262869,468.488342,-59.562572
399,0.101847,0.100828,0.017306,-0.989526,8.228209,468.579346,-59.612968
400,0.101919,0.101834,0.016039,-0.989437,8.063163,468.454071,-59.666088
401,0.102184,0.103303,0.014156,-0.989286,7.912848,468.305542,-59.748322
402,0.103369,0.103966,0.013649,-0.9891,7.809891,468.302307,-59.99596
403,0.103736,0.105502,0.012084,-0.98892,7.621407,468.372101,-59.978611
404,0.105109,0.105311,0.012039,-0.988796,7.728925,468.697876,-59.920223
405,0.107029,0.103885,0.013545,-0.988721,7.883243,469.23233,-59.842861
406,0.107874,0.10458,0.012931,-0.988564,7.714315,469.692932,-59.665916
407,0.109883,0.104566,0.012531,-0.98835,7.732811,470.170319,-59.632301
408,0.111821,0.103968,0.013411,-0.988184,7.829313,470.665405,-59.548645
409,0.113257,0.104999,0.012777,-0.987919,7.734633,471.055664,-59.465687
410,0.115741,0.105185,0.012341,-0.987617,7.655276,471.499695,-59.534954
411,0.11768,0.105442,0.012301,-0.987361,7.56817,471.997894,-59.483158
412,0.119894,0.105237,0.012408,-0.987115,7.57851,472.578003,-59.371037
413,0.122284,0.104933,0.012979,-0.986847,7.657377,473.146973,-59.310005
414,0.123984,0.105156,0.012047,-0.986623,7.565008,473.626312,-59.264137
415,0.126192,0.105662,0.011057,-0.986301,7.414715,474.12262,-59.301487
416,0.128023,0.105409,0.011233,-0.98609,7.407666,474.579742,-59.297848
417,0.129236,0.106526,0.010167,-0.985823,7.29666,475.001892,-59.09721
418,0.130705,0.106365,0.010584,-0.985642,7.321796,475.530243,-58.898808
419,0.132058,0.106533,0.01018,-0.985448,7.485702,476.209229,-58.728367
420,0.134129,0.107598,0.009146,-0.985063,7.454193,477.055511,-58.449192
421,0.136967,0.106025,0.010925,-0.984825,7.639468,477.978119,-58.313396
422,0.140453,0.106075,0.011235,-0.984325,7.626783,478.871277,-58.249317
423,0.143357,0.107538,0.010328,-0.983757,7.358714,479.649292,-58.198833
424,0.146965,0.106926,0.010113,-0.983293,7.363146,480.52182,-58.200092
425,0.15073,0.10636,0.010513,-0.982781,7.435896,481.560272,-58.121078
426,0.15374,0.106994,0.010394,-0.982247,7.321181,482.59079,-57.984821
427,0.157702,0.106488,0.011052,-0.981666,7.3047,483.651825,-57.907795
428,0.161155,0.105654,0.012088,-0.981183,7.371304,484.605927,-57.8577
429,0.164454,0.106793,0.01094,-0.980526,7.238085,485.387634,-57.835217
430,0.167902,0.10712,0.010386,-0.979911,7.103651,486.059967,-57.925911
431,0.169015,0.108639,0.008016,-0.979575,6.716794,486.627869,-57.869389
432,0.170231,0.112426,0.004821,-0.978958,6.222534,487.408356,-57.653599
433,0.173937,0.109516,0.007284,-0.978621,6.569837,488.362274,-57.628437
434,0.177452,0.10809,0.008951,-0.978135,6.784299,489.418243,-57.496227
435,0.179624,0.110466,0.006482,-0.977492,6.461114,490.493286,-57.309647
436,0.183633,0.10883,0.008699,-0.976913,6.65286,491.63446,-57.293987
437,0.186791,0.107617,0.009352,-0.976443,6.813885,492.821045,-57.109802
438,0.188981,0.108726,0.008456,-0.975906,6.803393,494.003754,-56.809048
439,0.192579,0.106042,0.011599,-0.975466,7.068753,495.196533,-56.68927
440,0.195764,0.105449,0.012724,-0.974882,7.115309,496.236359,-56.650295
441,0.197649,0.10688,0.010505,-0.974372,6.800698,496.99707,-56.557442
442,0.199835,0.107621,0.00997,-0.97385,6.667192,497.507477,-56.588177
443,0.202793,0.108982,0.00797,-0.973106,6.552806,497.924194,-56.802048
444,0.20459,0.110708,0.006108,-0.972548,6.252121,498.317596,-56.924576
445,0.207006,0.110982,0.005517,-0.972009,6.175226,498.905457,-56.988895
446,0.210363,0.110134,0.006456,-0.971379,6.394606,499.79776,-56.989571
447,0.212482,0.109208,0.007426,-0.971015,6.41613,500.736664,-56.867516
448,0.215258,0.109479,0.006982,-0.970376,6.42599,501.679016,-56.856243
449,0.217128,0.109228,0.007588,-0.969983,6.477871,502.504761,-56.806858
450,0.219624,0.108951,0.007609,-0.969452,6.48028,503.167816,-56.862583
451,0.222702,0.109556,0.005983,-0.968693,6.364429,503.789917,-57.000313
452,0.224931,0.109297,0.006305,-0.968205,6.292729,504.359833,-57.040611
453,0.227616,0.110183,0.005322,-0.967483,6.164747,504.997253,-57.148643
454,0.230174,0.111116,0.004376,-0.966775,6.070758,505.621674,-57.235016
455,0.232948,0.109914,0.004735,-0.966246,6.183312,506.311646,-57.269604
456,0.235627,0.109718,0.004818,-0.965618,6.22676,507.099701,-57.310959
457,0.237807,0.110767,0.004035,-0.964967,6.192928,508.004669,-57.296024
458,0.24056,0.109503,0.00539,-0.964423,6.302626,508.97641,-57.303165
459,0.242719,0.109184,0.00611,-0.963913,6.301375,509.841309,-57.229408
460,0.245398,0.109126,0.006421,-0.963239,6.298488,510.691162,-57.290134
461,0.248247,0.107932,0.00721,-0.962638,6.430429,511.435822,-57.389996
462,0.25066,0.108222,0.006767,-0.961983,6.366168,512.115356,-57.413727
463,0.253424,0.109258,0.005952,-0.961147,6.180703,512.815613,-57.553596
464,0.254588,0.110405,0.004262,-0.960717,5.953495,513.402588,-57.678398
465,0.256876,0.112006,0.001686,-0.959931,5.679131,514.054993,-57.654263
466,0.260363,0.110241,0.002805,-0.959193,5.917819,514.714355,-57.781258
467,0.264332,0.110204,0.002939,-0.95811,5.913188,515.710022,-58.003292
468,0.267403,0.111846,0.001248,-0.957071,5.649857,516.88092,-58.097385
469,0.271078,0.109656,0.00348,-0.956285,5.94967,518.134705,-58.211773
470,0.275498,0.108702,0.004081,-0.955127,6.199675,519.301453,-58.319603
471,0.277398,0.109404,0.002863,-0.954501,6.037313,520.261169,-58.24757
472,0.280441,0.110923,0.001956,-0.953439,5.938014,521.145996,-58.540562
473,0.283857,0.112549,-0.000474,-0.952238,5.703611,522.057007,-58.738335
474,0.287098,0.111965,-0.000117,-0.951335,5.71547,522.885864,-58.799023
475,0.292408,0.110015,0.001098,-0.949944,5.939573,524.093445,-59.037437
476,0.295522,0.109845,0.001127,-0.948999,5.980701,525.338806,-59.098713
477,0.298796,0.110267,0.001068,-0.947925,5.863801,526.64386,-59.294445
478,0.302846,0.110309,0.00172,-0.946633,5.786633,527.967224,-59.554729
479,0.306126,0.109219,0.002609,-0.945701,5.911309,529.118286,-59.645432
480,0.310387,0.108579,0.002289,-0.944386,6.037346,530.04718,-59.843987
481,0.313365,0.109776,0.000636,-0.943266,5.860602,530.713257,-60.029469
482,0.316901,0.110349,-0.000759,-0.942017,5.719852,531.4328,-60.293816
483,0.320363,0.109874,-0.0003,-0.940901,5.837063,532.228394,-60.558617
484,0.32287,0.109412,-0.000135,-0.940098,5.88959,532.956116,-60.663128
485,0.325377,0.109563,-0.001544,-0.939214,5.879817,533.500671,-60.807724
486,0.327115,0.109618,-0.00213,-0.938603,5.839108,533.835632,-60.961021
487,0.327852,0.11116,-0.003684,-0.93816,5.515705,534.089233,-61.089939
488,0.329317,0.111531,-0.004147,-0.9376,5.428272,534.396057,-61.215786
489,0.330913,0.109734,-0.003082,-0.937254,5.720132,534.809692,-61.268791
490,0.331899,0.109727,-0.003006,-0.936907,5.75869,535.290894,-61.267776
491,0.333098,0.110036,-0.002905,-0.936445,5.71303,535.661438,-61.37067
492,0.334444,0.109711,-0.002767,-0.936004,5.804137,535.990173,-61.50581
493,0.335336,0.110218,-0.003364,-0.935623,5.776099,536.27887,-61.559677
494,0.335422,0.111222,-0.00451,-0.935469,5.641189,536.593384,-61.553932
495,0.335431,0.110789,-0.004352,-0.935518,5.658025,536.947876,-61.537968
496,0.33657,0.110283,-0.004048,-0.935169,5.765872,537.416077,-61.636448
497,0.338005,0.110517,-0.00356,-0.934626,5.787725,537.910217,-61.76096
498,0.339097,0.110412,-0.003313,-0.934244,5.828577,538.311401,-61.787285
499,0.34091,0.110201,-0.003232,-0.933609,5.897306,538.669128,-61.889523
500,0.342488,0.110294,-0.00411,-0.933017,5.893058,539.027588,-62.017044
501,0.343665,0.110199,-0.004479,-0.932594,5.844697,539.315735,-62.172688
502,0.345142,0.110849,-0.005453,-0.931966,5.721631,539.768066,-62.291569
503,0.346803,0.110285,-0.005347,-0.931416,5.788287,540.230652,-62.399204
504,0.349058,0.109168,-0.004859,-0.930708,5.881846,540.804382,-62.55751
505,0.350707,0.109521,-0.006074,-0.930039,5.809175,541.336304,-62.654636
506,0.352977,0.109667,-0.005696,-0.929165,5.792196,541.821045,-62.875256
507,0.35521,0.109651,-0.005941,-0.928314,5.802668,542.267334,-63.090244
508,0.356132,0.110378,-0.007549,-0.927863,5.712557,542.73114,-63.142338
509,0.358625,0.11034,-0.007282,-0.926909,5.775984,543.24292,-63.376396
510,0.360887,0.110088,-0.006846,-0.926064,5.877395,543.857849,-63.567562
511,0.36257,0.109889,-0.007225,-0.925427,5.87163,544.375916,-63.688858
512,0.365171,0.109714,-0.008048,-0.924418,5.888366,544.850952,-63.940376
513,0.36671,0.109775,-0.007633,-0.923805,5.9204,545.363525,-64.053764
514,0.368755,0.109729,-0.008138,-0.922992,5.971193,545.852905,-64.261238
515,0.371006,0.109307,-0.00847,-0.922136,5.933595,546.320068,-64.485733
516,0.372434,0.109265,-0.008777,-0.921562,5.914316,546.706177,-64.595238
517,0.374523,0.109042,-0.009011,-0.92074,5.984706,547.111145,-64.800461
518,0.374283,0.110379,-0.01025,-0.920665,5.790648,547.505493,-64.814346
519,0.374404,0.111056,-0.011502,-0.920519,5.675437,548.087341,-64.827499
520,0.376177,0.109325,-0.009028,-0.920031,5.957659,548.717407,-64.995453
521,0.37739,0.10891,-0.008079,-0.919592,6.055924,549.296082,-65.087471
522,0.378425,0.109692,-0.009831,-0.919057,5.937748,549.675598,-65.172089
523,0.379859,0.10942,-0.009204,-0.918504,6.018194,549.985168,-65.337334
524,0.381252,0.109299,-0.008518,-0.917948,6.061321,550.357361,-65.502159
525,0.382311,0.109313,-0.008693,-0.917504,6.039256,550.613037,-65.621391
526,0.383319,0.109214,-0.009189,-0.91709,6.074864,550.799622,-65.700027
527,0.384162,0.109036,-0.009082,-0.91676,6.111867,551.047485,-65.771698
528,0.384882,0.109047,-0.008532,-0.916462,6.119058,551.270386,-65.87442
529,0.38535,0.109213,-0.008655,-0.916244,6.101795,551.426697,-65.925537
530,0.3856,0.109049,-0.008728,-0.916158,6.141023,551.497314,-65.950233
531,0.386016,0.108974,-0.008766,-0.915991,6.176253,551.595825,-65.989243
532,0.386045,0.10881,-0.008584,-0.916,6.208713,551.650879,-65.979378
533,0.386103,0.108831,-0.008724,-0.915972,6.212958,551.690613,-66.002449
534,0.386324,0.10887,-0.008872,-0.915873,6.220654,551.709167,-66.043602
535,0.386201,0.108857,-0.008923,-0.915926,6.251526,551.71582,-66.013306
536,0.386404,0.108725,-0.008796,-0.915857,6.290785,551.759583,-66.032204
537,0.38661,0.108745,-0.008977,-0.915766,6.309296,551.818115,-66.064346
538,0.386755,0.108861,-0.009222,-0.915688,6.300163,551.864502,-66.076019
539,0.387264,0.108988,-0.009456,-0.915455,6.301729,551.960388,-66.122261
540,0.387766,0.109004,-0.009246,-0.915243,6.334999,552.113831,-66.150826
541,0.388398,0.10901,-0.009154,-0.914975,6.345027,552.268677,-66.200111
542,0.389137,0.109017,-0.009297,-0.914659,6.287376,552.443542,-66.292358
543,0.390022,0.108827,-0.008739,-0.91431,6.27562,552.628479,-66.383766
544,0.390954,0.108436,-0.008581,-0.91396,6.300081,552.835693,-66.461136
545,0.391837,0.108356,-0.008941,-0.913588,6.291015,553.054932,-66.554665
546,0.392895,0.10859,-0.009601,-0.913099,6.242851,553.299683,-66.678253
547,0.393992,0.10836,-0.009557,-0.912654,6.238593,553.562927,-66.789314
548,0.395112,0.108084,-0.009524,-0.912203,6.266662,553.836121,-66.890419
549,0.396207,0.108096,-0.009895,-0.911722,6.279962,554.09845,-67.001472
550,0.397246,0.10825,-0.009907,-0.911251,6.309555,554.374451,-67.094131
551,0.398442,0.107805,-0.009162,-0.91079,6.335812,554.628723,-67.217163
552,0.398245,0.108897,-0.010695,-0.910729,6.093849,554.927124,-67.22863
553,0.398659,0.109417,-0.011097,-0.910481,5.992206,555.345459,-67.281235
554,0.400229,0.107616,-0.008918,-0.910031,6.303644,555.871399,-67.446106
555,0.400871,0.107429,-0.008334,-0.909776,6.417211,556.367065,-67.495369
556,0.401665,0.10774,-0.009124,-0.909381,6.359715,556.76355,-67.579521
557,0.403209,0.107172,-0.008227,-0.908774,6.464149,557.129761,-67.772919
558,0.404313,0.106915,-0.007931,-0.908316,6.500236,557.473572,-67.898651
559,0.405467,0.107315,-0.008673,-0.907747,6.444745,557.72345,-68.010155
560,0.406886,0.107125,-0.008605,-0.907135,6.485121,558.02533,-68.145058
561,0.408316,0.106649,-0.008459,-0.90655,6.546945,558.398132,-68.303505
562,0.409555,0.10692,-0.008723,-0.905956,6.506357,558.66217,-68.46582
563,0.410508,0.10734,-0.009612,-0.905466,6.398147,558.86554,-68.590233
564,0.411515,0.106982,-0.009316,-0.905054,6.462265,559.106079,-68.694717
565,0.412404,0.106573,-0.00892,-0.904702,6.558266,559.368774,-68.797112
566,0.412971,0.106706,-0.00948,-0.904422,6.513144,559.486145,-68.885239
567,0.413375,0.106977,-0.010268,-0.904197,6.435813,559.546936,-68.951927
568,0.413708,0.106597,-0.009755,-0.904095,6.495548,559.65741,-68.994507
569,0.413898,0.106363,-0.009146,-0.904042,6.561248,559.738831,-69.000732
570,0.413858,0.106673,-0.009769,-0.904017,6.515509,559.727722,-69.006432
571,0.413986,0.106797,-0.00992,-0.903942,6.485505,559.673767,-69.038498
572,0.413627,0.106718,-0.010035,-0.904115,6.429589,559.564758,-69.011147
573,0.412103,0.108318,-0.012724,-0.904586,6.181627,559.597168,-68.84874
574,0.412215,0.107593,-0.011491,-0.904638,6.292888,559.76355,-68.861526
575,0.413157,0.106042,-0.00888,-0.904421,6.551918,560.044434,-68.965591
576,0.413153,0.106983,-0.010154,-0.904299,6.401432,560.299011,-68.966835
577,0.414016,0.107132,-0.010576,-0.903882,6.394514,560.502502,-69.084419
578,0.415183,0.106221,-0.00927,-0.903468,6.615282,560.830383,-69.197701
579,0.415788,0.106413,-0.009599,-0.903163,6.597431,561.231445,-69.279892
580,0.417092,0.106652,-0.010091,-0.902529,6.559203,561.572327,-69.475639
581,0.418242,0.106151,-0.009446,-0.902062,6.604659,561.866211,-69.608498
582,0.419014,0.10627,-0.009981,-0.901684,6.572516,562.120789,-69.694756
583,0.419806,0.106287,-0.010254,-0.90131,6.552368,562.268066,-69.806862
584,0.419343,0.107072,-0.011584,-0.901417,6.423101,562.379822,-69.744911
585,0.419843,0.107226,-0.011765,-0.901164,6.36212,562.430969,-69.826271
586,0.420872,0.106802,-0.011079,-0.900743,6.418712,562.608459,-69.975601
587,0.420824,0.106326,-0.010695,-0.900826,6.446311,562.767944,-69.952011
588,0.421652,0.106586,-0.010963,-0.900405,6.42945,562.911682,-70.07283
589,0.422129,0.10673,-0.011168,-0.900162,6.449855,563.010315,-70.145607
590,0.422239,0.106569,-0.011177,-0.900129,6.468373,563.133423,-70.146301
591,0.423091,0.106448,-0.010833,-0.899748,6.492779,563.233398,-70.264618
592,0.423121,0.106725,-0.011159,-0.899697,6.486786,563.315552,-70.27404
593,0.423453,0.106643,-0.011143,-0.89955,6.512105,563.38562,-70.296616
594,0.42388,0.106483,-0.011017,-0.89937,6.544842,563.472168,-70.36393
595,0.42398,0.106607,-0.01118,-0.899306,6.550134,563.55249,-70.385483
596,0.424338,0.106748,-0.011268,-0.899119,6.546793,563.593018,-70.43512
597,0.424495,0.106949,-0.011499,-0.899018,6.542042,563.671204,-70.463257
598,0.424725,0.106811,-0.011278,-0.898929,6.569215,563.734619,-70.487968
599,0.425017,0.106794,-0.011282,-0.898793,6.564499,563.799561,-70.52475
600,0.425257,0.10692,-0.011415,-0.898663,6.539228,563.840942,-70.565063
601,0.425674,0.106874,-0.011533,-0.898469,6.532465,563.920837,-70.607628
602,0.426098,0.106732,-0.011419,-0.898286,6.56261,564.028442,-70.651833
603,0.426735,0.106798,-0.011452,-0.897976,6.555289,564.165466,-70.73259
604,0.427307,0.106993,-0.011674,-0.897678,6.5331,564.287781,-70.813599
605,0.427895,0.10668,-0.011599,-0.897436,6.510322,564.385742,-70.885727
606,0.42802,0.107133,-0.012816,-0.897306,6.406313,564.44989,-70.911964
607,0.427824,0.107735,-0.014325,-0.897304,6.288535,564.442322,-70.895447
608,0.428062,0.108014,-0.015593,-0.897136,6.293695,564.559204,-70.896294
609,0.428611,0.107421,-0.015192,-0.896952,6.408816,564.792419,-70.926666
610,0.43012,0.107105,-0.015053,-0.896269,6.444469,565.097778,-71.170853
611,0.431405,0.107787,-0.015959,-0.895554,6.289432,565.365784,-71.378578
612,0.432795,0.108179,-0.016547,-0.894825,6.21735,565.650085,-71.565498
613,0.434855,0.107598,-0.016239,-0.893902,6.349669,566.108826,-71.820023
614,0.43613,0.107163,-0.015245,-0.89335,6.439621,566.552734,-72.00016
615,0.438064,0.107919,-0.01624,-0.892295,6.287787,566.905273,-72.292053
616,0.439953,0.108505,-0.017259,-0.891275,6.147036,567.237244,-72.551064
617,0.441566,0.107895,-0.016695,-0.890561,6.283818,567.735107,-72.724373
618,0.443569,0.107569,-0.015872,-0.88962,6.400381,568.318176,-72.978348
619,0.444781,0.107365,-0.016287,-0.889032,6.408757,568.875244,-73.191437
620,0.446423,0.1069,-0.015715,-0.888275,6.403183,569.449341,-73.461304
621,0.447922,0.106313,-0.01569,-0.887591,6.46208,570.039856,-73.711067
622,0.449589,0.106278,-0.015764,-0.886751,6.476031,570.496521,-73.951454
623,0.451441,0.106481,-0.016506,-0.885771,6.466178,570.845032,-74.207054
624,0.452942,0.106456,-0.016834,-0.885001,6.457736,571.244324,-74.448082
625,0.45486,0.106393,-0.016491,-0.884031,6.499659,571.671326,-74.730133
626,0.456104,0.106403,-0.016048,-0.883397,6.485788,572.108032,-74.899673
627,0.456721,0.1072,-0.017039,-0.882963,6.34481,572.490723,-75.018089
628,0.457685,0.106973,-0.017352,-0.882486,6.330546,572.904968,-75.157265
629,0.459204,0.105434,-0.01516,-0.881922,6.543275,573.354248,-75.382797
630,0.46055,0.105507,-0.015062,-0.881212,6.473587,573.898987,-75.605515
631,0.461435,0.105497,-0.01512,-0.88075,6.380792,574.210999,-75.764381
632,0.463384,0.105117,-0.01594,-0.879756,6.363148,574.444153,-76.057091
633,0.464437,0.105527,-0.016936,-0.879134,6.275197,574.747192,-76.207321
634,0.465715,0.105418,-0.016193,-0.878484,6.353096,575.012207,-76.399651
635,0.467484,0.105442,-0.016385,-0.877538,6.409869,575.368652,-76.651634
636,0.467916,0.105495,-0.016893,-0.877291,6.395125,575.573547,-76.71431
637,0.469352,0.105809,-0.017167,-0.876481,6.377665,575.791382,-76.910995
638,0.46996,0.105337,-0.016176,-0.87623,6.44765,575.974487,-77.003876
639,0.470275,0.105193,-0.016142,-0.876079,6.426742,576.155334,-77.055489
640,0.470879,0.105428,-0.016969,-0.875711,6.37274,576.320068,-77.179893
641,0.470992,0.105209,-0.016468,-0.875686,6.389495,576.382568,-77.208878
642,0.471474,0.105341,-0.016784,-0.875405,6.399329,576.480652,-77.275421
643,0.471413,0.105219,-0.016674,-0.875455,6.419799,576.488647,-77.26255
644,0.471584,0.105057,-0.016732,-0.875381,6.446126,576.553955,-77.274956
645,0.471731,0.104948,-0.016413,-0.875321,6.48107,576.552551,-77.311638
646,0.471696,0.105263,-0.016724,-0.875296,6.455681,576.577332,-77.32634
647,0.471864,0.105111,-0.01674,-0.875223,6.491274,576.590149,-77.328003
648,0.471975,0.104858,-0.016378,-0.875201,6.54445,576.667236,-77.339668
649,0.472451,0.104899,-0.016398,-0.874939,6.539937,576.760925,-77.418648
650,0.47266,0.10508,-0.016473,-0.874803,6.52301,576.839783,-77.456017
651,0.473114,0.105044,-0.016352,-0.874564,6.551989,576.938293,-77.501137
652,0.473589,0.10488,-0.016376,-0.874326,6.598581,577.032532,-77.543343
653,0.473903,0.104955,-0.01633,-0.874147,6.599077,577.139954,-77.585602
654,0.474571,0.105217,-0.016848,-0.873743,6.574561,577.243042,-77.695068
655,0.474935,0.105011,-0.017254,-0.873563,6.514352,577.37738,-77.741234
656,0.475607,0.104824,-0.017254,-0.873219,6.454651,577.599304,-77.839905
657,0.476613,0.104392,-0.016192,-0.872743,6.488511,577.851074,-77.998772
658,0.476818,0.104337,-0.016377,-0.872634,6.41959,578.058289,-78.080788
659,0.475633,0.10578,-0.019784,-0.873037,6.114379,578.426453,-78.064804
660,0.47462,0.105675,-0.019443,-0.873608,6.156663,579.048828,-78.044327
661,0.476108,0.103964,-0.016415,-0.873066,6.729478,579.937317,-78.232361
662,0.477701,0.103395,-0.014833,-0.872291,7.053568,580.754822,-78.508331
663,0.479947,0.103889,-0.015708,-0.870983,6.861413,581.316101,-78.939133
664,0.482858,0.104269,-0.0167,-0.869309,6.692376,581.793091,-79.433914
665,0.485027,0.103974,-0.016166,-0.868146,6.783747,582.480591,-79.802185
666,0.487657,0.103401,-0.015754,-0.866748,6.95927,583.427246,-80.26281
667,0.490183,0.102171,-0.014341,-0.865492,7.149305,584.179138,-80.686852
668,0.492717,0.10251,-0.015075,-0.863999,6.981628,584.672424,-81.105293
669,0.495172,0.103427,-0.017354,-0.862442,6.770791,585.071533,-81.507797
670,0.497097,0.102136,-0.016411,-0.861506,6.86215,585.406555,-81.71254
671,0.498554,0.103201,-0.018969,-0.860484,6.67976,585.92572,-81.927971
672,0.500709,0.103258,-0.018739,-0.859231,6.727829,586.439209,-82.371613
673,0.502838,0.102082,-0.017266,-0.858158,6.975275,586.999817,-82.754631
674,0.504083,0.10219,-0.018458,-0.85739,6.893612,587.505981,-82.976479
675,0.506034,0.10219,-0.01934,-0.85622,6.889734,587.883423,-83.306671
676,0.507945,0.101346,-0.018385,-0.855209,7.038231,588.296448,-83.597687
677,0.508904,0.101353,-0.018398,-0.854638,7.022196,588.71991,-83.797531
678,0.510588,0.101468,-0.019042,-0.853605,6.945385,589.105103,-84.108475
679,0.511,0.101408,-0.018529,-0.853377,6.940839,589.504211,-84.219666
680,0.512117,0.101501,-0.01777,-0.852712,6.965023,589.854126,-84.457535
681,0.513593,0.101667,-0.018406,-0.851791,6.974705,590.07135,-84.724937
682,0.513533,0.101436,-0.018439,-0.851853,7.000796,590.216064,-84.694267
683,0.514637,0.10154,-0.018379,-0.851176,7.038865,590.345032,-84.867638
684,0.515153,0.101585,-0.018237,-0.850861,7.056868,590.456482,-84.985695
685,0.515026,0.101447,-0.018492,-0.85095,7.040904,590.519104,-84.973114
686,0.515704,0.10166,-0.018427,-0.850515,7.043186,590.533691,-85.077774
687,0.515396,0.101498,-0.018315,-0.850723,7.051165,590.563843,-85.025017
688,0.515387,0.101364,-0.018269,-0.850746,7.059501,590.546082,-85.000572
689,0.51551,0.101681,-0.018556,-0.850627,7.023913,590.53009,-85.051758
690,0.515282,0.10165,-0.018612,-0.850767,7.002865,590.521606,-85.023941
691,0.515446,0.101519,-0.018361,-0.850689,7.036025,590.525269,-85.021965
692,0.515444,0.101533,-0.018307,-0.85069,7.049987,590.564209,-85.027054
693,0.515606,0.101402,-0.018155,-0.850611,7.067134,590.586121,-85.044312
694,0.515736,0.101536,-0.01822,-0.850515,7.065358,590.611084,-85.082184
695,0.516014,0.101587,-0.018262,-0.850339,7.066749,590.654724,-85.13047
696,0.516266,0.101305,-0.018286,-0.850219,7.105875,590.721558,-85.135223
697,0.516557,0.101128,-0.01821,-0.850065,7.14948,590.803955,-85.175827
698,0.517174,0.101268,-0.018582,-0.849665,7.150793,590.883606,-85.291313
699,0.517309,0.101249,-0.018925,-0.849578,7.118939,590.936768,-85.309105
700,0.51773,0.101178,-0.018913,-0.84933,7.131753,591.014526,-85.375504
701,0.518133,0.101115,-0.01871,-0.849096,7.159008,591.087219,-85.431976
702,0.518068,0.101118,-0.01872,-0.849135,7.139609,591.114746,-85.425537
703,0.518358,0.101524,-0.019305,-0.848896,7.103436,591.113342,-85.490334
704,0.518297,0.101323,-0.019145,-0.848961,7.12386,591.136963,-85.485474
705,0.518317,0.101018,-0.018645,-0.848997,7.177742,591.16864,-85.474716
706,0.518446,0.101114,-0.018771,-0.848904,7.181082,591.163086,-85.497871
707,0.518253,0.101262,-0.019081,-0.848997,7.145305,591.151733,-85.483337
708,0.518423,0.101131,-0.019042,-0.84891,7.163163,591.14801,-85.504623
709,0.518445,0.10114,-0.018837,-0.8489,7.178362,591.177002,-85.516075
710,0.518452,0.101176,-0.01895,-0.848889,7.170451,591.185181,-85.506233
711,0.518622,0.101203,-0.019132,-0.848778,7.167283,591.202698,-85.532188
712,0.518759,0.101193,-0.019138,-0.848695,7.163968,591.260132,-85.575645
713,0.51901,0.101177,-0.019222,-0.848542,7.17941,591.316101,-85.61319
714,0.519199,0.101193,-0.019378,-0.84842,7.189266,591.377441,-85.641396
715,0.51962,0.101168,-0.019374,-0.848166,7.199489,591.463745,-85.711678
716,0.520089,0.100999,-0.019136,-0.847903,7.202755,591.56427,-85.79126
717,0.520479,0.100914,-0.019422,-0.847668,7.192801,591.659912,-85.871712
718,0.521101,0.100956,-0.0198,-0.847272,7.175497,591.767578,-85.969749
719,0.521559,0.100744,-0.020084,-0.847009,7.208766,591.910461,-86.048111
720,0.522301,0.100663,-0.020277,-0.846556,7.230556,592.059082,-86.172356
721,0.523022,0.100595,-0.020509,-0.846113,7.224098,592.187378,-86.294807
722,0.523545,0.100435,-0.020708,-0.845804,7.240777,592.320923,-86.384666
723,0.52427,0.100216,-0.020577,-0.845384,7.279547,592.4776,-86.490112
724,0.524855,0.100088,-0.02049,-0.845039,7.303312,592.627747,-86.576088
725,0.52552,0.100102,-0.020512,-0.844623,7.317624,592.763611,-86.676956
726,0.52626,0.100285,-0.020641,-0.844137,7.318573,592.905457,-86.80732
727,0.526892,0.100139,-0.020758,-0.843757,7.339216,593.062012,-86.91684
728,0.527594,0.09992,-0.020779,-0.843344,7.365881,593.197021,-87.021812
729,0.52819,0.099935,-0.020918,-0.842966,7.375823,593.321655,-87.128601
730,0.528922,0.099899,-0.020982,-0.842509,7.388572,593.452026,-87.241692
731,0.529663,0.099854,-0.020733,-0.842055,7.403189,593.607056,-87.354301
732,0.530344,0.099885,-0.020944,-0.841617,7.421257,593.773193,-87.465874
733,0.531063,0.09983,-0.020997,-0.841169,7.434878,593.935913,-87.578293
734,0.531533,0.099663,-0.020926,-0.840894,7.435855,594.137268,-87.681358
735,0.530407,0.10065,-0.021961,-0.841461,7.302103,594.404846,-87.741051
736,0.529567,0.101169,-0.023239,-0.841893,7.271029,595.127686,-87.81147
737,0.531243,0.098828,-0.01665,-0.841271,7.876406,595.911316,-88.245468
738,0.532183,0.098428,-0.014763,-0.840759,8.122396,596.568604,-88.531258
739,0.531928,0.099613,-0.017591,-0.840726,7.893244,596.856445,-88.575661
740,0.534039,0.099148,-0.017134,-0.839451,7.996777,596.983643,-88.89695
741,0.53417,0.09816,-0.015469,-0.839516,8.229633,597.359192,-88.960472
742,0.534408,0.09839,-0.015434,-0.839339,8.307084,597.714783,-89.111221
743,0.535903,0.098327,-0.01576,-0.838386,8.332608,597.972534,-89.400269
744,0.535338,0.097817,-0.014454,-0.83883,8.419531,598.204895,-89.31337
745,0.536376,0.097891,-0.014728,-0.838153,8.459393,598.365967,-89.520836
746,0.536565,0.097865,-0.014597,-0.838038,8.503337,598.410278,-89.565041
747,0.535928,0.09781,-0.014468,-0.838454,8.510502,598.452637,-89.465363
748,0.536873,0.097747,-0.015022,-0.837847,8.473386,598.414612,-89.637215
749,0.536144,0.097828,-0.014875,-0.838307,8.466236,598.419739,-89.538544
750,0.536193,0.097845,-0.014674,-0.838277,8.492876,598.427185,-89.521164
751,0.536639,0.097725,-0.01458,-0.838007,8.514218,598.415039,-89.601959
752,0.536112,0.097739,-0.014797,-0.838338,8.481028,598.442993,-89.521149
753,0.536491,0.097807,-0.014826,-0.838088,8.47834,598.411621,-89.568596
754,0.536481,0.097895,-0.014924,-0.838082,8.47923,598.474487,-89.595741
755,0.536496,0.097532,-0.01465,-0.83812,8.530972,598.499023,-89.565468
756,0.536653,0.097604,-0.014895,-0.838006,8.516392,598.520569,-89.606445
757,0.536703,0.097859,-0.015038,-0.837943,8.477678,598.532104,-89.641457
758,0.536763,0.097678,-0.014894,-0.837928,8.493773,598.547607,-89.638184
759,0.536768,0.097595,-0.014934,-0.837933,8.505075,598.575928,-89.651703
760,0.536999,0.097703,-0.01507,-0.83777,8.504934,598.604431,-89.687225
761,0.536817,0.097734,-0.015052,-0.837884,8.51685,598.626221,-89.658188
762,0.537078,0.097695,-0.015092,-0.837721,8.499762,598.64502,-89.708549
763,0.537243,0.097592,-0.015187,-0.837625,8.484612,598.659424,-89.719254
764,0.5369,0.097592,-0.015021,-0.837848,8.510194,598.665894,-89.65889
765,0.537311,0.097659,-0.015049,-0.837576,8.510154,598.679443,-89.730087
766,0.537128,0.09763,-0.014999,-0.837697,8.505609,598.678101,-89.705345
767,0.537078,0.097575,-0.015124,-0.837734,8.490788,598.673523,-89.69352
768,0.537326,0.097657,-0.015177,-0.837564,8.502584,598.673096,-89.743408
769,0.537014,0.097505,-0.014869,-0.837787,8.533304,598.700073,-89.695755
770,0.537241,0.097466,-0.015093,-0.837643,8.534027,598.692627,-89.722466
771,0.537266,0.097591,-0.01521,-0.83761,8.514612,598.698059,-89.735046
772,0.537192,0.0976,-0.015085,-0.837659,8.541039,598.724182,-89.719147
773,0.537474,0.097544,-0.014951,-0.837487,8.582153,598.75,-89.754181
774,0.537402,0.097532,-0.015128,-0.837531,8.577653,598.796997,-89.763039
775,0.537631,0.097385,-0.014933,-0.837404,8.592246,598.827332,-89.798416
776,0.537788,0.097381,-0.014777,-0.837307,8.604338,598.871765,-89.836098
777,0.537933,0.097399,-0.014894,-0.83721,8.605635,598.918701,-89.875931
778,0.538127,0.097184,-0.014864,-0.83711,8.621386,598.950073,-89.897079
779,0.538194,0.097237,-0.014881,-0.837061,8.620125,598.996521,-89.922043
780,0.538471,0.09726,-0.014971,-0.836878,8.618736,599.031189,-89.968231
781,0.538501,0.097238,-0.014965,-0.836862,8.631413,599.071045,-89.978874
782,0.538726,0.097212,-0.014901,-0.836721,8.639939,599.122131,-90.02652
783,0.538933,0.097136,-0.014848,-0.836598,8.647215,599.169434,-90.067703
784,0.538964,0.097191,-0.014721,-0.836574,8.643533,599.216858,-90.080879
785,0.539266,0.09727,-0.014683,-0.83637,8.650204,599.251404,-90.136894
786,0.539289,0.097245,-0.01465,-0.836359,8.645071,599.282715,-90.141472
787,0.539364,0.097202,-0.014711,-0.836314,8.642831,599.304077,-90.148972
788,0.539501,0.097201,-0.014692,-0.836226,8.648167,599.322327,-90.17424
789,0.539463,0.09714,-0.014655,-0.836259,8.659568,599.358459,-90.179726
790,0.539775,0.097005,-0.014524,-0.836075,8.700651,599.421082,-90.225601
791,0.539965,0.097069,-0.014262,-0.83595,8.739281,599.495056,-90.264839
792,0.54018,0.097115,-0.014207,-0.835807,8.748829,599.565063,-90.316109
793,0.540507,0.097148,-0.014104,-0.835593,8.776475,599.649719,-90.396286
794,0.540843,0.097045,-0.013899,-0.835391,8.812982,599.779663,-90.48336
795,0.541372,0.096948,-0.013846,-0.83506,8.854371,599.937683,-90.583862
796,0.541996,0.096796,-0.013805,-0.834674,8.908793,600.131958,-90.711906
797,0.542822,0.096662,-0.013826,-0.834152,8.971379,600.369873,-90.887009
798,0.543757,0.096213,-0.013371,-0.833602,9.063912,600.627808,-91.055962
799,0.544684,0.095939,-0.013349,-0.833029,9.150589,600.884338,-91.227554
800,0.545753,0.096003,-0.013685,-0.832316,9.201521,601.131348,-91.415688
801,0.546783,0.096017,-0.013748,-0.831637,9.244604,601.385986,-91.595253
802,0.54801,0.095725,-0.013536,-0.830866,9.326055,601.650696,-91.818878
803,0.549158,0.095492,-0.013375,-0.830138,9.415394,601.937317,-92.057198
804,0.550365,0.095676,-0.01339,-0.829316,9.490888,602.246399,-92.301933
805,0.551641,0.095686,-0.013882,-0.828458,9.589402,602.570435,-92.56501
806,0.552892,0.095427,-0.013726,-0.827657,9.7115,602.907227,-92.829651
807,0.554155,0.09522,-0.013669,-0.826836,9.798737,603.288879,-93.101196
808,0.555314,0.094706,-0.013415,-0.826121,9.918169,603.715881,-93.386246
809,0.556398,0.094235,-0.012739,-0.825457,10.034492,604.195923,-93.703964
810,0.557512,0.094086,-0.011746,-0.824737,10.13543,604.78656,-94.102585
811,0.558574,0.093842,-0.010146,-0.824066,10.315757,605.424561,-94.531876
812,0.559671,0.093372,-0.009083,-0.823388,10.45811,605.985657,-94.901474
813,0.560587,0.093539,-0.010028,-0.822735,10.410851,606.188049,-95.108528
814,0.561146,0.094347,-0.013762,-0.822207,10.183301,606.034607,-95.135223
815,0.561571,0.094498,-0.016417,-0.821851,10.121782,606.224731,-95.094261
816,0.563623,0.093118,-0.013523,-0.820656,10.588722,606.629395,-95.43634
817,0.565451,0.093295,-0.012863,-0.819388,10.802732,607.22644,-95.944679
818,0.566254,0.093993,-0.014531,-0.818725,10.730444,607.724915,-96.294556
819,0.568824,0.093178,-0.014193,-0.817041,10.888208,608.061035,-96.756439
820,0.569507,0.092419,-0.013466,-0.816663,11.110254,608.510498,-96.845871
821,0.569882,0.092172,-0.012962,-0.816438,11.285744,608.833069,-96.870689
822,0.571253,0.091805,-0.01282,-0.815523,11.31654,608.958618,-97.086533
823,0.570384,0.091978,-0.012899,-0.81611,11.235122,608.990417,-97.008553
824,0.570239,0.092321,-0.01268,-0.816176,11.149148,608.842834,-97.025604
825,0.569305,0.09257,-0.012497,-0.816803,11.095266,608.612244,-96.89608
826,0.567295,0.092693,-0.012309,-0.818189,11.030925,608.367798,-96.569511
827,0.56643,0.092809,-0.012051,-0.818778,10.903656,607.968201,-96.4002
828,0.564481,0.09348,-0.012247,-0.820044,10.673145,607.501709,-96.044373
829,0.563045,0.093917,-0.012706,-0.820974,10.505839,607.033203,-95.653473
830,0.561782,0.093509,-0.012669,-0.821886,10.43873,606.555908,-95.295731
831,0.560181,0.09375,-0.013618,-0.822935,10.306507,606.208252,-94.978836
832,0.559546,0.094307,-0.013936,-0.823298,10.217701,605.959106,-94.847839
833,0.558783,0.094403,-0.013185,-0.823818,10.225222,605.855225,-94.726868
834,0.558547,0.094284,-0.013379,-0.823988,10.255551,605.894897,-94.673218
835,0.558784,0.09398,-0.012953,-0.823869,10.34805,605.945313,-94.688431
836,0.559173,0.094042,-0.012769,-0.823601,10.382861,606.097717,-94.809029
837,0.560037,0.09389,-0.012479,-0.823035,10.41276,606.320923,-95.019363
838,0.560914,0.093671,-0.011803,-0.822473,10.516207,606.582886,-95.213203
839,0.561911,0.093657,-0.012054,-0.82179,10.605123,606.864563,-95.39756
840,0.562773,0.093553,-0.012015,-0.821213,10.686954,607.088806,-95.567383
841,0.563853,0.093295,-0.011874,-0.820503,10.757182,607.304199,-95.812874
842,0.56467,0.093206,-0.012235,-0.819946,10.816157,607.534302,-96.04567
843,0.565314,0.09325,-0.01242,-0.819494,10.910146,607.802368,-96.228943
844,0.566274,0.093044,-0.012509,-0.818853,11.01729,608.080627,-96.434921
845,0.567027,0.092779,-0.012067,-0.818369,11.086943,608.31781,-96.597267
846,0.567949,0.092715,-0.012115,-0.817735,11.08478,608.507324,-96.786301
847,0.568683,0.092668,-0.012145,-0.81723,11.073476,608.660156,-96.917747
848,0.568978,0.092591,-0.012056,-0.817035,11.121983,608.789673,-96.949753
849,0.569288,0.092438,-0.011985,-0.816837,11.181623,608.855835,-96.970268
850,0.569157,0.092504,-0.01206,-0.81692,11.189355,608.843079,-96.947746
851,0.569052,0.092645,-0.012248,-0.816974,11.155644,608.788574,-96.949387
852,0.568825,0.092672,-0.01222,-0.81713,11.154837,608.705811,-96.930336
853,0.568412,0.092682,-0.012236,-0.817416,11.173344,608.635132,-96.858681
854,0.568243,0.092711,-0.012213,-0.81753,11.179961,608.566772,-96.802521
855,0.568022,0.092755,-0.012284,-0.817677,11.179611,608.539856,-96.76918
856,0.568152,0.092709,-0.012221,-0.817593,11.170301,608.544922,-96.799614
857,0.568334,0.09271,-0.012268,-0.817466,11.164159,608.57373,-96.839272
858,0.568429,0.092813,-0.012292,-0.817388,11.18777,608.634155,-96.855194
859,0.568776,0.09267,-0.012103,-0.817166,11.253502,608.713623,-96.880524
860,0.568926,0.092436,-0.011998,-0.817089,11.309283,608.809937,-96.899239
861,0.569187,0.092467,-0.011987,-0.816904,11.321692,608.863953,-96.955658
862,0.569386,0.092587,-0.012203,-0.816749,11.30262,608.893188,-97.007248
863,0.56939,0.092593,-0.012286,-0.816744,11.318666,608.935303,-97.01989
864,0.569642,0.092339,-0.011986,-0.816602,11.356372,608.971252,-97.044212
865,0.569661,0.092295,-0.011977,-0.816593,11.366637,609.002258,-97.038628
866,0.569785,0.092362,-0.012191,-0.816496,11.355668,609.020447,-97.058891
867,0.569983,0.092408,-0.012266,-0.816351,11.35828,609.050781,-97.100868
868,0.570021,0.092317,-0.012172,-0.816337,11.381402,609.093262,-97.108154
869,0.57019,0.092173,-0.012156,-0.816235,11.416994,609.115601,-97.123283
870,0.570191,0.09214,-0.012167,-0.816238,11.440602,609.134766,-97.114716
871,0.570237,0.092131,-0.012195,-0.816207,11.461111,609.157898,-97.130775
872,0.57036,0.092132,-0.012134,-0.816121,11.467415,609.174194,-97.164421
873,0.570324,0.092127,-0.012128,-0.816147,11.445376,609.189697,-97.169174
874,0.570417,0.09206,-0.012381,-0.816086,11.433309,609.194336,-97.17749
875,0.570425,0.092041,-0.012299,-0.816084,11.444937,609.210876,-97.169296
876,0.570504,0.091926,-0.012265,-0.816042,11.452896,609.233521,-97.181412
877,0.570641,0.091923,-0.012321,-0.815945,11.443607,609.2453,-97.211082
878,0.570661,0.091956,-0.012354,-0.815927,11.445239,609.267456,-97.226265
879,0.570872,0.091886,-0.012272,-0.815789,11.465356,609.299683,-97.259926
880,0.571011,0.091849,-0.012175,-0.815697,11.492549,609.348755,-97.282394
881,0.571229,0.091745,-0.012128,-0.815557,11.516714,609.405212,-97.320152
882,0.5716,0.091598,-0.012194,-0.815313,11.540944,609.472046,-97.382126
883,0.571882,0.091369,-0.012336,-0.815138,11.568925,609.575256,-97.436203
884,0.572396,0.091126,-0.012319,-0.814805,11.631526,609.730652,-97.518761
885,0.572941,0.090891,-0.012088,-0.814451,11.722773,609.937866,-97.61013
886,0.57349,0.090721,-0.011924,-0.814087,11.815358,610.156738,-97.723175
887,0.574088,0.090541,-0.012096,-0.813682,11.888703,610.353455,-97.874443
888,0.574757,0.090291,-0.011997,-0.813239,11.94908,610.555237,-98.023666
889,0.575669,0.090051,-0.011682,-0.812625,12.026226,610.78656,-98.20443
890,0.576607,0.08972,-0.011475,-0.811999,12.140788,611.069397,-98.404694
891,0.577779,0.089429,-0.011335,-0.8112,12.250075,611.407166,-98.661346
892,0.579291,0.089037,-0.011139,-0.810167,12.358638,611.779236,-98.989517
893,0.58097,0.088859,-0.010748,-0.808989,12.459962,612.167297,-99.377037
894,0.582998,0.08879,-0.011206,-0.80753,12.543998,612.586487,-99.817558
895,0.584727,0.08828,-0.011558,-0.806329,12.647825,613.041077,-100.121475
896,0.586278,0.087469,-0.012049,-0.805284,12.83658,613.45282,-100.298317
897,0.588062,0.086822,-0.01265,-0.804043,13.031613,613.805054,-100.498497
898,0.589578,0.086365,-0.012788,-0.802979,13.159576,614.115234,-100.721764
899,0.591088,0.086225,-0.013335,-0.801875,13.235243,614.371094,-101.032036
900,0.592514,0.086486,-0.014466,-0.800774,13.282827,614.665833,-101.38176
901,0.593637,0.086112,-0.013848,-0.799993,13.444033,615.020264,-101.656425
902,0.59483,0.085627,-0.012912,-0.799174,13.657213,615.40448,-101.942444
903,0.595804,0.085642,-0.012537,-0.798452,13.751712,615.780823,-102.250473
904,0.596647,0.085401,-0.011533,-0.797863,13.754686,616.064697,-102.542427
905,0.597187,0.085009,-0.010566,-0.797514,13.784724,616.218567,-102.714973
906,0.597003,0.084964,-0.010763,-0.797654,13.809926,616.245239,-102.677719
907,0.596683,0.085133,-0.01136,-0.797868,13.838016,616.179688,-102.554893
908,0.596319,0.085253,-0.011399,-0.798126,13.857758,616.118225,-102.466347
909,0.596093,0.085443,-0.010996,-0.79828,13.828313,616.046814,-102.480232
910,0.595921,0.085649,-0.011397,-0.798381,13.703397,615.963379,-102.521736
911,0.595583,0.085789,-0.01186,-0.798612,13.615746,615.891174,-102.472694
912,0.595486,0.085844,-0.01164,-0.798681,13.651285,615.861755,-102.402176
913,0.595386,0.085781,-0.011556,-0.798764,13.700822,615.886353,-102.33593
914,0.595424,0.085841,-0.011575,-0.798729,13.706015,615.896362,-102.340118
915,0.595725,0.085814,-0.011683,-0.798506,13.666926,615.921631,-102.433708
916,0.595867,0.085689,-0.011514,-0.798416,13.682909,615.966064,-102.482857
917,0.596043,0.085555,-0.011217,-0.798303,13.759091,616.029419,-102.488419
918,0.596084,0.085421,-0.011128,-0.798288,13.835212,616.076965,-102.457687
919,0.596068,0.085398,-0.011253,-0.798301,13.856063,616.091003,-102.455811
920,0.596154,0.085548,-0.011207,-0.798221,13.808689,616.060974,-102.497086
921,0.595983,0.085697,-0.01131,-0.798331,13.740929,616.007568,-102.501068
922,0.595817,0.085732,-0.01161,-0.798447,13.715727,615.958496,-102.470383
923,0.595609,0.085777,-0.011618,-0.798597,13.739066,615.929749,-102.391487
924,0.5955,0.085793,-0.011638,-0.798676,13.759151,615.930359,-102.355659
925,0.595638,0.085845,-0.011512,-0.798569,13.750851,615.924438,-102.400963
926,0.595707,0.085773,-0.011527,-0.798526,13.70575,615.941345,-102.449463
927,0.595889,0.085653,-0.011577,-0.798402,13.696054,615.971741,-102.487663
928,0.596026,0.085535,-0.011281,-0.798317,13.741654,616.020691,-102.49192
929,0.596062,0.085475,-0.011066,-0.798299,13.774343,616.067383,-102.48378
930,0.596209,0.085424,-0.011095,-0.798195,13.758024,616.069824,-102.515526
931,0.596202,0.085468,-0.011264,-0.798193,13.714948,616.058777,-102.537918
932,0.596145,0.085516,-0.011333,-0.798229,13.71164,616.04187,-102.539314
933,0.596107,0.08558,-0.011276,-0.798251,13.745042,616.037292,-102.517456
934,0.595984,0.085638,-0.011256,-0.798337,13.780903,616.034546,-102.478325
935,0.595994,0.08564,-0.011162,-0.798331,13.788846,616.029846,-102.47567
936,0.595993,0.08571,-0.01121,-0.798324,13.775572,616.023254,-102.495956
937,0.596056,0.085659,-0.011293,-0.798281,13.757315,616.016724,-102.521553
938,0.5961,0.085543,-0.011337,-0.79826,13.755239,616.031616,-102.524521
939,0.596165,0.085483,-0.011185,-0.79822,13.794427,616.071411,-102.520767
940,0.596409,0.085197,-0.011002,-0.798071,13.825829,616.131042,-102.558929
941,0.596603,0.08509,-0.010861,-0.797939,13.82484,616.184448,-102.602783
942,0.596815,0.085057,-0.010843,-0.797784,13.815702,616.21759,-102.650406
943,0.596918,0.084969,-0.010768,-0.797718,13.81819,616.234253,-102.669312
944,0.596807,0.084962,-0.010819,-0.797801,13.835539,616.234802,-102.639786
945,0.596684,0.085057,-0.010969,-0.79788,13.830937,616.197937,-102.611092
946,0.596437,0.085226,-0.011122,-0.798045,13.797616,616.133911,-102.575569
947,0.596211,0.085428,-0.011268,-0.79819,13.752842,616.063721,-102.545013
948,0.596052,0.085557,-0.011308,-0.798294,13.734143,616.007202,-102.520142
949,0.595893,0.085736,-0.011431,-0.798393,13.740063,615.991089,-102.489624
950,0.595968,0.085761,-0.011294,-0.798336,13.764219,616.003906,-102.488503
951,0.596121,0.085612,-0.011118,-0.79824,13.789866,616.045166,-102.5112
952,0.596315,0.085397,-0.011105,-0.798118,13.797493,616.09314,-102.551788
953,0.59651,0.085286,-0.011003,-0.797986,13.80579,616.131897,-102.591995
954,0.596604,0.085252,-0.011001,-0.797919,13.821637,616.167847,-102.608932
955,0.596703,0.085138,-0.010891,-0.797858,13.837897,616.188965,-102.62011
956,0.596706,0.085047,-0.010856,-0.797866,13.834666,616.19696,-102.621857
957,0.596679,0.085099,-0.010988,-0.797879,13.819691,616.184326,-102.629288
958,0.596693,0.085183,-0.010933,-0.797861,13.808359,616.168945,-102.636475
959,0.596586,0.085188,-0.010963,-0.79794,13.808213,616.156006,-102.615723
960,0.596505,0.085265,-0.010995,-0.797991,13.824901,616.13855,-102.589813
961,0.596395,0.085282,-0.011163,-0.79807,13.81876,616.117615,-102.561775
962,0.596319,0.085367,-0.011155,-0.798117,13.805317,616.094238,-102.546135
963,0.596327,0.085368,-0.011165,-0.798111,13.784344,616.078186,-102.546928
964,0.596307,0.085401,-0.01122,-0.798122,13.79009,616.084229,-102.547333
965,0.596441,0.085269,-0.011055,-0.798038,13.800735,616.117554,-102.561699
966,0.596611,0.085085,-0.010965,-0.797932,13.809526,616.160156,-102.582581
967,0.59674,0.084971,-0.011006,-0.797847,13.807637,616.195557,-102.608521
968,0.596852,0.084936,-0.01087,-0.797769,13.793975,616.205261,-102.629959
969,0.596771,0.085024,-0.010819,-0.797821,13.782701,616.189331,-102.618271
970,0.596607,0.085101,-0.011006,-0.797933,13.775113,616.148865,-102.584946
971,0.59636,0.085202,-0.011229,-0.798103,13.76026,616.09491,-102.537216
972,0.596169,0.085366,-0.011341,-0.798227,13.73633,616.044373,-102.504967
973,0.596139,0.085422,-0.011404,-0.798243,13.716868,616.018005,-102.501762
974,0.59618,0.085307,-0.01144,-0.798223,13.705501,616.032837,-102.513603
975,0.596405,0.085154,-0.011344,-0.798073,13.715972,616.08374,-102.552193
976,0.596692,0.085016,-0.011073,-0.797877,13.737103,616.160889,-102.595718
977,0.596947,0.084791,-0.010864,-0.797714,13.761086,616.232605,-102.636787
978,0.597162,0.084674,-0.01081,-0.797566,13.782374,616.276184,-102.672501
979,0.597178,0.08468,-0.0108,-0.797553,13.797504,616.288879,-102.677689
980,0.597093,0.084724,-0.010833,-0.797612,13.801374,616.264648,-102.657661
981,0.596903,0.084824,-0.010977,-0.797742,13.790134,616.219788,-102.619888
982,0.596694,0.085027,-0.011018,-0.797875,13.77174,616.166382,-102.583557
983,0.596572,0.085173,-0.011175,-0.797949,13.741715,616.118103,-102.569077
984,0.596513,0.085229,-0.011264,-0.797986,13.715781,616.097778,-102.564545
985,0.596564,0.085194,-0.011292,-0.797951,13.703728,616.104126,-102.573868
986,0.596686,0.085165,-0.011162,-0.797865,13.711529,616.13092,-102.58992
987,0.596789,0.085147,-0.010999,-0.797792,13.737778,616.164001,-102.604927
988,0.596921,0.085063,-0.01097,-0.797702,13.765966,616.197815,-102.627365
989,0.59705,0.084971,-0.010921,-0.797616,13.796782,616.236755,-102.649551
990,0.597219,0.084839,-0.010758,-0.797506,13.826143,616.280945,-102.677017
991,0.597355,0.0848,-0.010748,-0.797409,13.847923,616.318909,-102.702446
992,0.597442,0.084751,-0.010779,-0.797348,13.850889,616.343689,-102.719467
993,0.597526,0.084773,-0.010718,-0.797284,13.849016,616.354675,-102.737923
994,0.59755,0.084838,-0.010616,-0.79726,13.844226,616.358459,-102.744057
995,0.597528,0.08483,-0.010726,-0.797276,13.841746,616.349121,-102.738243
996,0.597447,0.084882,-0.010771,-0.797331,13.841436,616.327271,-102.718369
997,0.597285,0.084989,-0.01076,-0.797441,13.846778,616.296204,-102.684158
998,0.597149,0.08504,-0.010741,-0.797538,13.846917,616.257629,-102.652786
999,0.596994,0.085169,-0.010813,-0.797639,13.831323,616.222473,-102.628609
1000,0.596946,0.08526,-0.010796,-0.797665,13.816557,616.20459,-102.620575
1001,0.596989,0.085225,-0.010751,-0.797637,13.815378,616.212219,-102.631317
1002,0.597104,0.085103,-0.010751,-0.797565,13.82895,616.247803,-102.65271
1003,0.597265,0.08499,-0.01066,-0.797457,13.841286,616.28894,-102.680428
1004,0.597369,0.084925,-0.010737,-0.797385,13.838803,616.321411,-102.704597
1005,0.597417,0.084894,-0.010802,-0.797352,13.831055,616.334839,-102.721344
1006,0.597413,0.08493,-0.010754,-0.797351,13.836481,616.333557,-102.724747
1007,0.597351,0.084942,-0.010672,-0.797397,13.84959,616.325745,-102.713264
1008,0.597294,0.084973,-0.010734,-0.797436,13.861925,616.315979,-102.701691
1009,0.597258,0.085003,-0.010754,-0.797459,13.875903,616.31073,-102.691803
1010,0.59725,0.085022,-0.010663,-0.797465,13.891394,616.309448,-102.69046
1011,0.597241,0.08502,-0.010649,-0.797472,13.897745,616.308228,-102.691086
1012,0.59719,0.085027,-0.010665,-0.797509,13.897403,616.300171,-102.681519
1013,0.597163,0.085113,-0.010782,-0.797519,13.898634,616.292297,-102.672165
1014,0.597194,0.085127,-0.010695,-0.797495,13.90383,616.296509,-102.671799
1015,0.597239,0.085094,-0.01065,-0.797465,13.906369,616.308411,-102.677422
1016,0.597263,0.085002,-0.01071,-0.797456,13.902828,616.320984,-102.682175
1017,0.597279,0.084944,-0.010579,-0.797453,13.908059,616.330261,-102.68438
1018,0.597289,0.08494,-0.010593,-0.797445,13.903495,616.333008,-102.688995
1019,0.597282,0.084983,-0.010796,-0.797443,13.883461,616.332031,-102.698845
1020,0.597348,0.084977,-0.010735,-0.797395,13.861341,616.336731,-102.717888
1021,0.597446,0.084951,-0.010683,-0.797325,13.848366,616.356934,-102.746178
1022,0.597583,0.084777,-0.010688,-0.797241,13.854033,616.3974,-102.773666
1023,0.59776,0.084719,-0.010744,-0.797114,13.868209,616.438477,-102.796898
1024,0.597911,0.084715,-0.010813,-0.797,13.879604,616.469604,-102.81575
1025,0.598016,0.084687,-0.010992,-0.796921,13.885836,616.493835,-102.827682
1026,0.598096,0.084665,-0.011091,-0.796862,13.897546,616.509766,-102.838623
1027,0.598147,0.084656,-0.011088,-0.796826,13.912709,616.525146,-102.847603
1028,0.598172,0.084665,-0.01105,-0.796806,13.922423,616.531311,-102.846397
1029,0.59816,0.08467,-0.011007,-0.796815,13.927055,616.526855,-102.840813
1030,0.598119,0.084655,-0.01104,-0.796847,13.918593,616.516602,-102.832016
1031,0.598042,0.084629,-0.011078,-0.796907,13.906857,616.493958,-102.81646
1032,0.597915,0.084701,-0.011036,-0.796996,13.883757,616.454224,-102.799225
1033,0.597752,0.084807,-0.011021,-0.797107,13.863519,616.401978,-102.778915
1034,0.597615,0.084881,-0.010881,-0.797203,13.846662,616.364563,-102.755394
1035,0.597564,0.084858,-0.010738,-0.797246,13.845292,616.351501,-102.747276
1036,0.597616,0.084777,-0.010783,-0.797215,13.861388,616.363831,-102.758202
1037,0.597738,0.084782,-0.01088,-0.797122,13.865596,616.403687,-102.779793
1038,0.597948,0.084694,-0.011115,-0.79697,13.873523,616.464233,-102.821815
1039,0.598169,0.084583,-0.01125,-0.796814,13.887621,616.527588,-102.865028
1040,0.598325,0.084596,-0.0112,-0.796696,13.902609,616.567139,-102.89003
1041,0.598411,0.084619,-0.011302,-0.796628,13.899954,616.572266,-102.891747
1042,0.59838,0.084596,-0.011435,-0.796652,13.901702,616.566406,-102.877167
1043,0.598311,0.084623,-0.011136,-0.796705,13.926043,616.55249,-102.857674
1044,0.598207,0.084641,-0.01095,-0.796784,13.92993,616.520752,-102.836922
1045,0.598031,0.084684,-0.010973,-0.796911,13.90697,616.463562,-102.801804
1046,0.59788,0.084786,-0.011088,-0.797012,13.881636,616.414673,-102.773125
1047,0.597814,0.084792,-0.010957,-0.797063,13.877669,616.399048,-102.759514
1048,0.597805,0.084732,-0.010993,-0.797076,13.862155,616.39624,-102.759964
1049,0.597842,0.084825,-0.011309,-0.797033,13.816018,616.394165,-102.7714
1050,0.597902,0.084928,-0.011361,-0.796976,13.793802,616.402405,-102.784958
1051,0.597969,0.084841,-0.011153,-0.796938,13.822133,616.426941,-102.797073
1052,0.597994,0.084713,-0.010984,-0.796936,13.856976,616.443726,-102.7939
1053,0.597972,0.08473,-0.011102,-0.796949,13.861334,616.443787,-102.784607
1054,0.597961,0.084704,-0.011259,-0.796958,13.863111,616.44397,-102.786079
1055,0.597992,0.084695,-0.011132,-0.796937,13.877769,616.454956,-102.797058
1056,0.598043,0.084734,-0.011089,-0.796895,13.868429,616.461304,-102.810936
1057,0.59805,0.084766,-0.011348,-0.796883,13.841854,616.460327,-102.817345
1058,0.598086,0.084746,-0.011366,-0.796857,13.828012,616.471619,-102.826004
1059,0.598143,0.084656,-0.011292,-0.796826,13.837828,616.490845,-102.84758
1060,0.598192,0.084676,-0.01125,-0.796787,13.840843,616.501953,-102.861061
1061,0.598209,0.08467,-0.011344,-0.796774,13.84576,616.503113,-102.858063
1062,0.598188,0.08462,-0.011292,-0.796795,13.877501,616.507263,-102.847992
1063,0.598151,0.084642,-0.011065,-0.796824,13.920178,616.51239,-102.834526
1064,0.598108,0.084635,-0.011092,-0.796857,13.930104,616.496887,-102.818993
1065,0.598019,0.084695,-0.011119,-0.796917,13.900444,616.463318,-102.802116
1066,0.597926,0.084781,-0.011138,-0.796977,13.877218,616.43103,-102.788689
1067,0.597859,0.084766,-0.011008,-0.797031,13.872538,616.411072,-102.777702
1068,0.597791,0.084784,-0.010971,-0.797081,13.857431,616.390564,-102.760971
1069,0.597726,0.084913,-0.011207,-0.797112,13.836246,616.368958,-102.74823
1070,0.597689,0.084893,-0.011154,-0.797143,13.83125,616.360168,-102.739159
1071,0.59766,0.084877,-0.010928,-0.797169,13.838202,616.354492,-102.733589
1072,0.597602,0.084913,-0.010973,-0.797208,13.825312,616.339355,-102.7201
1073,0.597514,0.084991,-0.011082,-0.797265,13.803193,616.314026,-102.701187
1074,0.597435,0.085017,-0.010983,-0.797322,13.788551,616.289124,-102.685303
1075,0.5973,0.085033,-0.010911,-0.797423,13.776056,616.281128,-102.675392
1076,0.597155,0.085077,-0.010721,-0.79753,13.776504,616.284485,-102.677452
1077,0.596988,0.085171,-0.010395,-0.797649,13.78384,616.273499,-102.672157
1078,0.596751,0.085261,-0.010367,-0.797817,13.775761,616.236572,-102.640167
1079,0.596516,0.085413,-0.010512,-0.797974,13.761223,616.183533,-102.598686
1080,0.596308,0.085538,-0.010643,-0.798115,13.760878,616.14325,-102.560692
1081,0.596175,0.085579,-0.010659,-0.798209,13.773717,616.132751,-102.542908
1082,0.596129,0.085594,-0.010477,-0.798244,13.779836,616.131653,-102.541092
1083,0.596106,0.085578,-0.010457,-0.798264,13.765566,616.122925,-102.5392
1084,0.596099,0.085607,-0.01067,-0.798263,13.754749,616.120483,-102.542564
1085,0.59615,0.08561,-0.010548,-0.798226,13.761667,616.137512,-102.548019
1086,0.596226,0.085517,-0.01031,-0.798183,13.77965,616.157349,-102.557091
1087,0.596248,0.085521,-0.010294,-0.798166,13.790086,616.160095,-102.56295
1088,0.596228,0.085585,-0.010417,-0.798172,13.788769,616.154541,-102.562576
1089,0.596201,0.085554,-0.010481,-0.798195,13.804084,616.149414,-102.560577
1090,0.596131,0.085571,-0.010439,-0.798246,13.823603,616.141296,-102.544731
1091,0.596011,0.085785,-0.010388,-0.798314,13.820136,616.116211,-102.518585
1092,0.595841,0.08593,-0.010415,-0.798424,13.805566,616.09137,-102.495987
1093,0.595631,0.085944,-0.010242,-0.798582,13.80776,616.087219,-102.485184
1094,0.595432,0.085936,-0.009825,-0.798736,13.817964,616.10022,-102.48259
1095,0.595209,0.085957,-0.009514,-0.798903,13.829368,616.125916,-102.476669
1096,0.594971,0.085986,-0.009209,-0.799081,13.848725,616.143066,-102.4645
1097,0.59478,0.08604,-0.008996,-0.79922,13.847672,616.126526,-102.444275
1098,0.594541,0.08615,-0.009157,-0.799384,13.813615,616.083252,-102.410309
1099,0.594275,0.086274,-0.009307,-0.799567,13.775669,616.029907,-102.368515
1100,0.594048,0.086342,-0.009202,-0.79973,13.753473,615.980164,-102.331337
1101,0.593796,0.086414,-0.009079,-0.79991,13.734561,615.929382,-102.29277
1102,0.593543,0.086457,-0.009028,-0.800094,13.713336,615.865845,-102.257469
1103,0.593331,0.086464,-0.008938,-0.800251,13.680067,615.802551,-102.221222
1104,0.593111,0.086509,-0.008853,-0.800411,13.654324,615.750183,-102.184799
1105,0.592915,0.08659,-0.00863,-0.800549,13.644221,615.718506,-102.161568
1106,0.592735,0.086599,-0.008331,-0.800685,13.634552,615.703918,-102.145912
1107,0.592544,0.086613,-0.00813,-0.800827,13.623894,615.691711,-102.140282
1108,0.592352,0.086704,-0.007837,-0.800962,13.613325,615.684875,-102.14576
1109,0.592125,0.08675,-0.007463,-0.801129,13.620191,615.690247,-102.153496
1110,0.591878,0.08671,-0.006969,-0.801319,13.648036,615.702881,-102.159622
1111,0.59157,0.086707,-0.006297,-0.801553,13.680194,615.697266,-102.14975
1112,0.591203,0.086856,-0.005733,-0.801812,13.687949,615.665405,-102.130608
1113,0.590819,0.086973,-0.005345,-0.802085,13.6811,615.626709,-102.110176
1114,0.590415,0.087155,-0.004798,-0.802366,13.672192,615.592102,-102.092735
1115,0.590027,0.087357,-0.004287,-0.802632,13.650214,615.552429,-102.081848
1116,0.589602,0.087513,-0.004035,-0.802929,13.609343,615.499756,-102.059319
1117,0.589131,0.087669,-0.003974,-0.803258,13.552138,615.437622,-102.022751
1118,0.588635,0.087873,-0.00376,-0.8036,13.506426,615.368591,-101.977219
1119,0.588111,0.088078,-0.0032,-0.803964,13.487669,615.288147,-101.92144
1120,0.58754,0.088277,-0.002926,-0.80436,13.467403,615.191956,-101.859283
1121,0.586911,0.088404,-0.002934,-0.804805,13.437353,615.079529,-101.767319
1122,0.586273,0.088461,-0.002726,-0.805265,13.407294,614.939453,-101.649139
1123,0.585695,0.088582,-0.00245,-0.805673,13.364393,614.77887,-101.526947
1124,0.58509,0.088749,-0.002421,-0.806094,13.303044,614.618896,-101.402077
1125,0.584511,0.088962,-0.002631,-0.80649,13.232555,614.474182,-101.291252
1126,0.584052,0.089139,-0.002795,-0.806803,13.180358,614.360474,-101.19735
1127,0.583681,0.089176,-0.002902,-0.807066,13.163183,614.292114,-101.116493
1128,0.583508,0.089198,-0.002805,-0.807189,13.171668,614.253418,-101.068703
1129,0.583424,0.08928,-0.002804,-0.807241,13.167471,614.221436,-101.049171
1130,0.583346,0.089385,-0.003082,-0.807284,13.145985,614.198486,-101.041107
1131,0.583378,0.089368,-0.003114,-0.807263,13.146886,614.200806,-101.043251
1132,0.583438,0.089251,-0.002902,-0.807233,13.172721,614.230896,-101.054535
1133,0.583512,0.089214,-0.002859,-0.807184,13.171125,614.247437,-101.068497
1134,0.583542,0.089336,-0.00304,-0.807148,13.133815,614.235229,-101.076263
1135,0.583479,0.089423,-0.003101,-0.807185,13.110409,614.21637,-101.067543
1136,0.583359,0.089367,-0.002952,-0.807277,13.119269,614.200134,-101.040771
1137,0.583196,0.089369,-0.00283,-0.807396,13.118325,614.170715,-101.003395
1138,0.583007,0.089409,-0.003017,-0.807527,13.099159,614.123901,-100.96624
1139,0.582822,0.089415,-0.0031,-0.807659,13.096584,614.083069,-100.937241
1140,0.58266,0.089452,-0.002889,-0.807773,13.105402,614.052002,-100.910339
1141,0.582446,0.089293,-0.002999,-0.807945,13.103843,614.010925,-100.861038
1142,0.582172,0.089217,-0.003098,-0.80815,13.086688,613.945862,-100.798981
1143,0.581897,0.089277,-0.002889,-0.808342,13.057969,613.868652,-100.741768
1144,0.581546,0.089325,-0.002697,-0.80859,13.016595,613.783875,-100.675568
1145,0.581103,0.089305,-0.002552,-0.808912,12.971433,613.688721,-100.591187
1146,0.580579,0.089362,-0.002202,-0.809282,12.933934,613.583923,-100.484428
1147,0.579865,0.089476,-0.001859,-0.809782,12.89292,613.453613,-100.343781
1148,0.579017,0.08961,-0.00188,-0.810374,12.833672,613.280396,-100.178322
1149,0.578023,0.089832,-0.002261,-0.811058,12.764932,613.068481,-99.983864
1150,0.576956,0.08996,-0.002382,-0.811803,12.693806,612.843506,-99.743591
1151,0.575845,0.090048,-0.002439,-0.812581,12.609153,612.605408,-99.489151
1152,0.574839,0.09011,-0.002655,-0.813285,12.516715,612.364563,-99.261955
1153,0.573802,0.090078,-0.00235,-0.814022,12.442664,612.159363,-99.029816
1154,0.57273,0.09014,-0.001759,-0.814771,12.395186,611.977722,-98.787224
1155,0.571738,0.090293,-0.001713,-0.815451,12.33873,611.778259,-98.555717
1156,0.570691,0.090446,-0.002002,-0.816166,12.270312,611.567444,-98.319313
1157,0.569608,0.090676,-0.002139,-0.816896,12.206003,611.368713,-98.081009
1158,0.568512,0.091055,-0.002103,-0.817618,12.164546,611.167175,-97.847702
1159,0.567522,0.091267,-0.002271,-0.818281,12.125672,610.943298,-97.630531
1160,0.566598,0.091338,-0.002361,-0.818913,12.05161,610.705627,-97.413681
1161,0.565607,0.09132,-0.002546,-0.819599,11.961376,610.471252,-97.175049
1162,0.564809,0.091226,-0.002806,-0.820159,11.900693,610.267029,-96.972404
1163,0.564009,0.091234,-0.003031,-0.820708,11.863828,610.108948,-96.789154
1164,0.563143,0.091134,-0.003114,-0.821313,11.82514,609.969238,-96.591202
1165,0.562292,0.091135,-0.00331,-0.821895,11.782078,609.794128,-96.398804
1166,0.561486,0.091319,-0.003235,-0.822426,11.728259,609.58783,-96.222557
1167,0.560909,0.091417,-0.00271,-0.82281,11.681037,609.418701,-96.088776
1168,0.560337,0.091477,-0.002474,-0.823194,11.642896,609.301453,-95.970703
1169,0.559837,0.091525,-0.002439,-0.823529,11.598825,609.201294,-95.86689
1170,0.559485,0.091566,-0.002558,-0.823763,11.554591,609.117981,-95.789017
1171,0.559214,0.091612,-0.002521,-0.823942,11.535789,609.081055,-95.733177
1172,0.559186,0.09154,-0.002349,-0.823969,11.534587,609.070068,-95.728111
1173,0.559157,0.091576,-0.002433,-0.823985,11.510591,609.051392,-95.726051
1174,0.559065,0.0917,-0.002615,-0.824033,11.488331,609.038025,-95.708488
1175,0.559069,0.091624,-0.002487,-0.824039,11.511235,609.041565,-95.704185
1176,0.559016,0.091556,-0.002251,-0.824084,11.535009,609.048035,-95.694511
1177,0.558952,0.09165,-0.002399,-0.824116,11.520561,609.028503,-95.688049
1178,0.558878,0.091744,-0.002606,-0.824155,11.498405,609.001282,-95.68013
1179,0.558771,0.09168,-0.002388,-0.824236,11.511715,608.993591,-95.65519
1180,0.558711,0.091589,-0.002187,-0.824287,11.535069,608.986267,-95.631767
1181,0.558568,0.09165,-0.002341,-0.824377,11.52344,608.959717,-95.603973
1182,0.558354,0.091774,-0.002389,-0.824508,11.504496,608.91748,-95.564354
1183,0.558126,0.0918,-0.002202,-0.82466,11.504316,608.8797,-95.514122
1184,0.557836,0.091688,-0.001982,-0.824869,11.510956,608.839844,-95.446236
1185,0.557479,0.091672,-0.001979,-0.825112,11.500392,608.774292,-95.369339
1186,0.557092,0.091775,-0.002106,-0.825361,11.474751,608.698242,-95.301605
1187,0.556709,0.09187,-0.001992,-0.82561,11.460824,608.629822,-95.237717
1188,0.556216,0.091877,-0.001719,-0.825942,11.467299,608.557922,-95.151573
1189,0.555604,0.09178,-0.001584,-0.826364,11.478683,608.457153,-95.037979
1190,0.555006,0.09178,-0.001737,-0.826766,11.468616,608.333984,-94.916031
1191,0.554419,0.091865,-0.001667,-0.82715,11.456222,608.219421,-94.795944
1192,0.553753,0.091925,-0.001282,-0.827591,11.477005,608.110901,-94.667358
1193,0.552961,0.092105,-0.001068,-0.8281,11.495761,607.976929,-94.50309
1194,0.551937,0.092385,-0.001122,-0.828752,11.480629,607.792603,-94.302101
1195,0.550763,0.09245,-0.001021,-0.829525,11.459876,607.578735,-94.080971
1196,0.549778,0.09246,-0.00059,-0.830177,11.451967,607.378357,-93.876053
1197,0.54896,0.092567,-0.000349,-0.830707,11.425322,607.18335,-93.685516
1198,0.548168,0.092456,-0.000166,-0.831242,11.382896,606.955994,-93.465088
1199,0.547477,0.092332,-0.000162,-0.831712,11.319819,606.668518,-93.256798
1200,0.546834,0.092565,-0.000901,-0.832108,11.206791,606.340759,-93.087639
1201,0.546194,0.092965,-0.002063,-0.832481,11.053298,605.994324,-92.92907
1202,0.545764,0.093236,-0.002718,-0.832731,10.884226,605.590942,-92.778465
1203,0.545309,0.093507,-0.003625,-0.832996,10.702645,605.100281,-92.601868
1204,0.544567,0.094176,-0.005013,-0.833398,10.483642,604.562439,-92.372719
1205,0.543639,0.094952,-0.005971,-0.833909,10.291296,604.151245,-92.148903
1206,0.542661,0.094967,-0.005599,-0.834547,10.293083,603.966248,-91.963356
1207,0.541853,0.094453,-0.004341,-0.835138,10.415574,603.855103,-91.789139
1208,0.541069,0.094585,-0.004825,-0.835629,10.368826,603.67041,-91.603127
1209,0.540332,0.094849,-0.006254,-0.836066,10.231613,603.327148,-91.405327
1210,0.539719,0.094981,-0.006799,-0.836443,10.11578,602.830872,-91.205872
1211,0.538898,0.095722,-0.008616,-0.83687,9.868057,602.266479,-90.975006
1212,0.538121,0.096354,-0.010357,-0.837278,9.625216,601.742737,-90.740654
1213,0.537544,0.096328,-0.009959,-0.837657,9.586571,601.343384,-90.538292
1214,0.536789,0.096702,-0.010104,-0.838096,9.550874,601.059326,-90.367645
1215,0.535886,0.09725,-0.010897,-0.8386,9.463086,600.855469,-90.21019
1216,0.535114,0.096951,-0.010134,-0.839137,9.504905,600.677246,-90.043304
1217,0.534387,0.096819,-0.009784,-0.839619,9.50325,600.474854,-89.890961
1218,0.533422,0.097206,-0.010839,-0.840175,9.354988,600.233704,-89.714928
1219,0.53251,0.097005,-0.010723,-0.840778,9.293532,599.941345,-89.513985
1220,0.531722,0.096903,-0.010638,-0.84129,9.266945,599.615723,-89.323372
1221,0.530635,0.097509,-0.011524,-0.841894,9.136696,599.304749,-89.098434
1222,0.529769,0.097639,-0.011184,-0.842429,9.08249,599.013794,-88.888649
1223,0.529066,0.097604,-0.010601,-0.842882,9.086838,598.743652,-88.720795
1224,0.527961,0.097929,-0.011224,-0.843529,9.015862,598.505371,-88.528259
1225,0.526927,0.097916,-0.011365,-0.844175,9.013442,598.287598,-88.326416
1226,0.525991,0.097789,-0.01106,-0.844778,9.073895,598.093506,-88.133316
1227,0.524971,0.09791,-0.01167,-0.845389,9.052694,597.890259,-87.937691
1228,0.524046,0.09794,-0.012125,-0.845953,9.022841,597.643311,-87.749954
1229,0.52328,0.097867,-0.01175,-0.846441,9.024591,597.39093,-87.576866
1230,0.522485,0.098102,-0.011485,-0.846908,8.985691,597.16156,-87.396782
1231,0.521634,0.098481,-0.011438,-0.847389,8.946123,596.938721,-87.214241
1232,0.520871,0.098674,-0.011344,-0.847838,8.933347,596.692749,-87.055832
1233,0.519971,0.098907,-0.011647,-0.848358,8.876732,596.405029,-86.8787
1234,0.519023,0.099121,-0.011895,-0.84891,8.792595,596.068237,-86.679382
1235,0.518151,0.099151,-0.012393,-0.849432,8.704603,595.70752,-86.486061
1236,0.517238,0.099316,-0.013334,-0.849955,8.592342,595.376465,-86.287163
1237,0.516475,0.099505,-0.013271,-0.850397,8.533135,595.101318,-86.120026
1238,0.515802,0.099364,-0.012511,-0.850834,8.535053,594.884888,-85.96685
1239,0.51492,0.099252,-0.012725,-0.851378,8.518361,594.700439,-85.791649
1240,0.514017,0.099406,-0.013201,-0.851898,8.502659,594.513062,-85.631004
1241,0.513219,0.099469,-0.012948,-0.852376,8.507026,594.335327,-85.482849
1242,0.512502,0.09941,-0.012891,-0.852815,8.490041,594.171753,-85.334496
1243,0.511842,0.099488,-0.012939,-0.853201,8.478788,594.00946,-85.19223
1244,0.511191,0.099408,-0.012628,-0.853605,8.511519,593.848206,-85.049202
1245,0.51058,0.099452,-0.0127,-0.853965,8.516405,593.668335,-84.923798
1246,0.510004,0.099756,-0.013447,-0.854262,8.457928,593.461731,-84.815132
1247,0.509475,0.099778,-0.013763,-0.85457,8.395063,593.221802,-84.700104
1248,0.509045,0.09981,-0.01381,-0.854822,8.31304,592.931519,-84.585449
1249,0.508607,0.100193,-0.014817,-0.855021,8.179217,592.574707,-84.467003
1250,0.508138,0.100548,-0.015893,-0.855239,8.036819,592.130188,-84.344826
1251,0.507721,0.100959,-0.016994,-0.855417,7.830178,591.595032,-84.225174
1252,0.50718,0.101632,-0.018842,-0.855619,7.588064,591.066528,-84.084831
1253,0.506568,0.101748,-0.019172,-0.85596,7.494553,590.592041,-83.909256
1254,0.505925,0.101814,-0.019325,-0.85633,7.426373,590.105164,-83.731407
1255,0.505006,0.102392,-0.021009,-0.856763,7.239354,589.627869,-83.539246
1256,0.503986,0.102731,-0.021325,-0.857316,7.122427,589.217041,-83.339783
1257,0.503049,0.10279,-0.02056,-0.857877,7.146666,588.901611,-83.150696
1258,0.501844,0.102779,-0.020735,-0.85858,7.157783,588.649231,-82.917419
1259,0.500683,0.102593,-0.020925,-0.859275,7.1374,588.373291,-82.689255
1260,0.499705,0.102656,-0.020873,-0.859838,7.087382,588.023315,-82.499641
1261,0.498573,0.10316,-0.021667,-0.860415,6.981921,587.660278,-82.293823
1262,0.497531,0.103226,-0.021788,-0.861007,6.941051,587.365356,-82.07032
1263,0.496483,0.102661,-0.020913,-0.861701,7.000534,587.150818,-81.839653
1264,0.495252,0.102355,-0.021142,-0.862439,7.034362,586.944092,-81.624825
1265,0.494106,0.102661,-0.021947,-0.86304,6.987336,586.680603,-81.432724
1266,0.493008,0.102969,-0.02208,-0.863628,6.950685,586.427063,-81.234077
1267,0.492024,0.102886,-0.021334,-0.864217,7.014485,586.220276,-81.042015
1268,0.491076,0.102857,-0.02046,-0.864781,7.074507,586.024414,-80.853493
1269,0.489992,0.103176,-0.020611,-0.865354,7.040184,585.798401,-80.66172
1270,0.489121,0.103248,-0.021008,-0.865829,7.00017,585.530579,-80.49868
1271,0.488414,0.103314,-0.020963,-0.866221,6.951743,585.196167,-80.337936
1272,0.487804,0.103832,-0.021424,-0.866491,6.829703,584.78009,-80.184441
1273,0.487267,0.104315,-0.022489,-0.866708,6.66684,584.281799,-80.068527
1274,0.486738,0.105078,-0.023963,-0.866874,6.436336,583.719849,-79.977142
1275,0.486139,0.105916,-0.025748,-0.867057,6.193828,583.285706,-79.866127
1276,0.48551,0.105745,-0.025733,-0.86743,6.194587,583.103333,-79.725937
1277,0.485084,0.105107,-0.024401,-0.867785,6.338791,583.069092,-79.619286
1278,0.484489,0.105116,-0.024348,-0.868117,6.338752,582.952393,-79.524849
1279,0.48386,0.10569,-0.025378,-0.868369,6.212673,582.752136,-79.452888
1280,0.483454,0.105753,-0.025369,-0.868588,6.205863,582.648376,-79.394669
1281,0.482977,0.105131,-0.024275,-0.86896,6.331772,582.619812,-79.292
1282,0.482476,0.105096,-0.024271,-0.869243,6.34503,582.521667,-79.195305
1283,0.481847,0.105739,-0.025107,-0.86949,6.239448,582.34082,-79.117798
1284,0.481314,0.105929,-0.025225,-0.869758,6.210016,582.229004,-79.052872
1285,0.480857,0.105543,-0.024618,-0.870075,6.298552,582.153931,-78.956192
1286,0.480142,0.105332,-0.024601,-0.870496,6.332968,582.028137,-78.798103
1287,0.479461,0.105408,-0.024867,-0.870855,6.302501,581.850281,-78.680122
1288,0.478763,0.105467,-0.024887,-0.871231,6.296029,581.685913,-78.597038
1289,0.477966,0.105433,-0.02498,-0.87167,6.311847,581.522766,-78.4618
1290,0.477071,0.10544,-0.025174,-0.872154,6.314934,581.327087,-78.272903
1291,0.476107,0.105441,-0.025087,-0.872683,6.317141,581.136353,-78.094154
1292,0.475303,0.105453,-0.024722,-0.87313,6.324845,580.93988,-77.959496
1293,0.474303,0.105658,-0.024744,-0.873648,6.299405,580.707581,-77.797173
1294,0.47321,0.105949,-0.024491,-0.874212,6.312517,580.449646,-77.598068
1295,0.472157,0.105965,-0.023703,-0.874802,6.375346,580.223572,-77.397499
1296,0.470981,0.105857,-0.023334,-0.875458,6.393738,579.987854,-77.213722
1297,0.469767,0.106132,-0.023927,-0.876061,6.330984,579.69519,-77.03492
1298,0.468418,0.106173,-0.024101,-0.876773,6.27387,579.387756,-76.812729
1299,0.467225,0.105752,-0.023408,-0.877479,6.302788,579.141052,-76.592606
1300,0.466093,0.105521,-0.022941,-0.878121,6.334901,578.926575,-76.390846
1301,0.464834,0.105634,-0.022921,-0.878775,6.31456,578.685303,-76.200691
1302,0.463615,0.105832,-0.02284,-0.879397,6.344554,578.477478,-76.035042
1303,0.463868,0.104859,-0.019919,-0.879451,6.658319,578.303467,-76.102104
1304,0.465752,0.103713,-0.015352,-0.878682,6.985046,577.849609,-76.555969
1305,0.465188,0.106209,-0.017816,-0.878637,6.495546,577.096924,-76.694626
1306,0.462724,0.108427,-0.021942,-0.879573,5.924592,576.337708,-76.326805
1307,0.462048,0.106526,-0.018806,-0.880233,6.216578,575.73938,-76.072273
1308,0.460399,0.105917,-0.01736,-0.8812,6.466177,575.428345,-75.72699
1309,0.45744,0.106765,-0.018165,-0.882621,6.475265,575.137207,-75.289429
1310,0.4559,0.106265,-0.016893,-0.883503,6.598557,574.708618,-75.064346
1311,0.453505,0.106195,-0.017255,-0.884736,6.57549,574.188721,-74.681061
1312,0.450975,0.106672,-0.018132,-0.885954,6.501585,573.519653,-74.271286
1313,0.449572,0.106776,-0.01765,-0.886664,6.484685,572.781982,-74.045074
1314,0.447109,0.107303,-0.018191,-0.887834,6.329811,572.052429,-73.698135
1315,0.44536,0.107959,-0.019135,-0.888613,6.142006,571.377197,-73.47374
1316,0.443973,0.107877,-0.018989,-0.88932,6.116928,570.789124,-73.260826
1317,0.441709,0.107949,-0.01902,-0.890437,6.118832,570.345032,-72.879196
1318,0.440564,0.108062,-0.018542,-0.891001,6.138091,569.994324,-72.694061
1319,0.439447,0.10786,-0.017919,-0.891589,6.214044,569.603821,-72.561043
1320,0.438361,0.107906,-0.017561,-0.892125,6.234657,569.207214,-72.42112
1321,0.437339,0.108105,-0.017504,-0.892604,6.200556,568.791138,-72.286072
1322,0.435439,0.108255,-0.018029,-0.893504,6.15093,568.377991,-71.998787
1323,0.434281,0.108072,-0.017987,-0.89409,6.199184,567.988892,-71.790756
1324,0.433232,0.108141,-0.017985,-0.894591,6.201971,567.579468,-71.648361
1325,0.431771,0.108675,-0.018739,-0.895217,6.048259,567.200073,-71.446747
1326,0.430852,0.108502,-0.018591,-0.895683,6.051561,566.877869,-71.284248
1327,0.430014,0.107952,-0.017828,-0.896168,6.148306,566.582458,-71.141273
1328,0.429073,0.108345,-0.018461,-0.896558,6.068245,566.308044,-71.017967
1329,0.428449,0.108823,-0.018852,-0.896791,5.987088,566.050354,-70.9496
1330,0.428243,0.108889,-0.018524,-0.896888,6.004465,565.855957,-70.925385
1331,0.428447,0.108816,-0.018161,-0.896807,6.05687,565.718323,-70.957741
1332,0.428524,0.108729,-0.017572,-0.896792,6.092588,565.539856,-70.987854
1333,0.427666,0.109324,-0.018528,-0.89711,5.97816,565.315247,-70.893166
1334,0.426909,0.109631,-0.019167,-0.89742,5.914168,565.070618,-70.787743
1335,0.426453,0.109395,-0.018462,-0.89768,5.987204,564.857849,-70.703354
1336,0.425458,0.109687,-0.018513,-0.898115,5.964262,564.674011,-70.56102
1337,0.42489,0.10996,-0.018794,-0.898345,5.910688,564.455383,-70.512749
1338,0.424427,0.110057,-0.018713,-0.898554,5.913231,564.254517,-70.463371
1339,0.423652,0.110134,-0.018529,-0.898914,5.929481,564.123901,-70.342529
1340,0.423462,0.109955,-0.018382,-0.899029,5.95993,564.049683,-70.31086
1341,0.423099,0.109926,-0.01822,-0.899206,5.962481,563.98175,-70.27195
1342,0.422766,0.110133,-0.018455,-0.899332,5.907507,563.893433,-70.236847
1343,0.42277,0.110221,-0.018846,-0.899312,5.875089,563.831116,-70.232895
1344,0.422467,0.109982,-0.018627,-0.899488,5.904098,563.831421,-70.172577
1345,0.422496,0.10989,-0.018371,-0.899491,5.919868,563.820618,-70.17009
1346,0.422438,0.11019,-0.01884,-0.899472,5.856303,563.767883,-70.176918
1347,0.422207,0.110293,-0.019104,-0.899562,5.828967,563.724854,-70.14415
1348,0.422231,0.110004,-0.018694,-0.899595,5.884784,563.727051,-70.128159
1349,0.421974,0.109932,-0.018549,-0.899727,5.908013,563.709717,-70.087296
1350,0.42179,0.110117,-0.018905,-0.899783,5.865602,563.631775,-70.06852
1351,0.421506,0.110117,-0.018978,-0.899915,5.836347,563.549255,-70.044952
1352,0.421076,0.109902,-0.018696,-0.900149,5.861455,563.490417,-69.988251
1353,0.420721,0.109651,-0.018406,-0.900351,5.883321,563.390991,-69.914413
1354,0.41998,0.109703,-0.018406,-0.900691,5.854116,563.22406,-69.806343
1355,0.419225,0.109877,-0.01859,-0.901017,5.82883,563.031494,-69.72155
1356,0.418378,0.109895,-0.018443,-0.901411,5.847702,562.829163,-69.613724
1357,0.417304,0.109905,-0.018188,-0.901914,5.864047,562.597412,-69.458588
1358,0.416236,0.109841,-0.017989,-0.902418,5.861799,562.324585,-69.307831
1359,0.414965,0.109741,-0.017652,-0.903022,5.84332,562.042969,-69.148537
1360,0.413596,0.109822,-0.017411,-0.903645,5.822654,561.736389,-68.985451
1361,0.412052,0.110091,-0.01739,-0.904318,5.802979,561.389099,-68.784195
1362,0.410707,0.11014,-0.016919,-0.904932,5.84581,561.103821,-68.579987
1363,0.411053,0.108557,-0.013772,-0.90502,6.108567,560.872925,-68.568291
1364,0.411734,0.106899,-0.010288,-0.904954,6.306954,560.406067,-68.715202
1365,0.409841,0.109206,-0.012833,-0.905505,5.870927,559.67334,-68.647713
1366,0.406983,0.11071,-0.015076,-0.906576,5.534319,558.8573,-68.305374
1367,0.405,0.10853,-0.012111,-0.907772,5.867855,558.046753,-67.963562
1368,0.40211,0.109028,-0.012328,-0.908993,5.849349,557.31842,-67.59623
1369,0.398747,0.110629,-0.013988,-0.910256,5.561625,556.501038,-67.266197
1370,0.397041,0.110018,-0.012676,-0.911095,5.625768,555.682617,-67.131203
1371,0.394892,0.109828,-0.012329,-0.912056,5.693593,555.033691,-66.886955
1372,0.391713,0.109668,-0.01202,-0.913449,5.749531,554.396118,-66.483818
1373,0.389172,0.109371,-0.010947,-0.914584,5.833795,553.766602,-66.179039
1374,0.386477,0.110029,-0.010996,-0.915646,5.745492,553.162598,-65.932571
1375,0.383939,0.110433,-0.010567,-0.91667,5.694389,552.534546,-65.697205
1376,0.381646,0.110169,-0.009998,-0.917665,5.782676,551.94043,-65.412514
1377,0.379471,0.109674,-0.009569,-0.918631,5.866087,551.342163,-65.134941
1378,0.377439,0.109472,-0.009437,-0.919492,5.817596,550.743591,-64.945473
1379,0.374776,0.110174,-0.010284,-0.920488,5.67831,550.143555,-64.732712
1380,0.372809,0.110401,-0.010115,-0.921262,5.651224,549.582153,-64.57502
1381,0.370955,0.110444,-0.009726,-0.922009,5.673233,549.103271,-64.371559
1382,0.369344,0.110359,-0.009152,-0.922671,5.750806,548.679077,-64.18425
1383,0.368436,0.110211,-0.007993,-0.923063,5.839991,548.322449,-64.118385
1384,0.366514,0.110393,-0.007783,-0.923808,5.782028,547.90918,-63.941673
1385,0.364799,0.110764,-0.008303,-0.924437,5.724955,547.427917,-63.77676
1386,0.363508,0.110913,-0.008088,-0.92493,5.744984,547.003967,-63.649395
1387,0.361731,0.11102,-0.007982,-0.925614,5.716327,546.687866,-63.470894
1388,0.360925,0.110721,-0.007478,-0.925969,5.739365,546.461975,-63.428574
1389,0.359908,0.110239,-0.006748,-0.926428,5.811589,546.241638,-63.33255
1390,0.358482,0.110217,-0.006642,-0.926984,5.824707,545.96228,-63.155518
1391,0.357403,0.110328,-0.006599,-0.927387,5.797839,545.626648,-63.053375
1392,0.356049,0.110251,-0.006555,-0.927917,5.750161,545.267944,-62.955544
1393,0.354921,0.110285,-0.006699,-0.928345,5.699633,544.965027,-62.860622
1394,0.353615,0.109969,-0.006106,-0.928884,5.747197,544.64447,-62.732071
1395,0.352034,0.109768,-0.005582,-0.929512,5.797474,544.307007,-62.574268
1396,0.350598,0.110133,-0.005642,-0.930011,5.758826,543.932617,-62.453442
1397,0.349085,0.110354,-0.005667,-0.930553,5.717099,543.488953,-62.368156
1398,0.347687,0.110557,-0.005507,-0.931054,5.699088,543.098328,-62.270657
1399,0.346126,0.110716,-0.005057,-0.931619,5.71522,542.710205,-62.113182
1400,0.344747,0.111026,-0.005077,-0.932093,5.728981,542.303528,-61.980186
1401,0.34381,0.11104,-0.004734,-0.932439,5.736507,541.886292,-61.935051
1402,0.342635,0.111085,-0.004189,-0.932869,5.708478,541.470581,-61.882057
1403,0.340726,0.111217,-0.004423,-0.933551,5.671431,541.031433,-61.712982
1404,0.338602,0.110656,-0.004116,-0.934391,5.712588,540.515198,-61.487572
1405,0.336755,0.11033,-0.003943,-0.935098,5.735983,539.930237,-61.314007
1406,0.334396,0.110831,-0.004593,-0.935882,5.64823,539.237854,-61.151447
1407,0.33266,0.111436,-0.004843,-0.936427,5.565746,538.457397,-61.094849
1408,0.33202,0.111278,-0.004251,-0.936676,5.588366,537.635132,-61.147049
1409,0.330682,0.110938,-0.003864,-0.937191,5.539552,536.712402,-61.137138
1410,0.328529,0.111764,-0.004571,-0.937847,5.307642,535.756104,-61.062469
1411,0.325516,0.112583,-0.004887,-0.938798,5.162158,534.829529,-60.873264
1412,0.32229,0.111937,-0.00467,-0.939988,5.251968,533.946045,-60.558167
1413,0.319222,0.111496,-0.004733,-0.941086,5.400259,533.125366,-60.278759
1414,0.316142,0.111922,-0.004708,-0.942075,5.448471,532.307861,-60.067509
1415,0.313045,0.112126,-0.003899,-0.943088,5.451859,531.460632,-59.870602
1416,0.309645,0.112324,-0.004132,-0.944186,5.507609,530.600037,-59.623421
1417,0.306073,0.111942,-0.004312,-0.945394,5.621482,529.717407,-59.311085
1418,0.302942,0.111296,-0.003676,-0.946481,5.726446,528.816528,-59.103378
1419,0.300339,0.111227,-0.002779,-0.947321,5.771185,527.8526,-59.077351
1420,0.297113,0.112002,-0.002808,-0.948246,5.687115,526.764526,-58.993683
1421,0.293512,0.112413,-0.00349,-0.949317,5.604598,525.606445,-58.79789
1422,0.289905,0.112842,-0.00366,-0.950373,5.639752,524.457458,-58.557579
1423,0.286192,0.113122,-0.003649,-0.951464,5.656553,523.35321,-58.334896
1424,0.28259,0.113444,-0.004127,-0.9525,5.607142,522.335388,-58.179604
1425,0.279367,0.113345,-0.003732,-0.953464,5.666464,521.336365,-58.095978
1426,0.275977,0.113222,-0.00382,-0.954465,5.727478,520.269592,-58.005741
1427,0.272062,0.114143,-0.005707,-0.955469,5.640052,519.162231,-57.842819
1428,0.268636,0.114428,-0.006331,-0.9564,5.620476,518.111023,-57.717484
1429,0.265588,0.114139,-0.005924,-0.957288,5.625204,517.127075,-57.613178
1430,0.262224,0.11478,-0.00606,-0.958137,5.550806,516.219543,-57.449581
1431,0.259058,0.115015,-0.005764,-0.958972,5.611869,515.405945,-57.270447
1432,0.256166,0.114467,-0.00513,-0.959818,5.732687,514.658508,-57.110058
1433,0.253565,0.114553,-0.004806,-0.9605,5.766269,513.955017,-57.060196
1434,0.251074,0.114739,-0.004173,-0.961135,5.769458,513.210754,-57.060799
1435,0.248049,0.115189,-0.004521,-0.961864,5.68519,512.392395,-56.932941
1436,0.245286,0.115212,-0.004905,-0.962568,5.696337,511.610382,-56.789352
1437,0.242586,0.11422,-0.004003,-0.963374,5.866011,510.879211,-56.658932
1438,0.23973,0.114316,-0.003341,-0.96408,5.887182,510.228577,-56.530079
1439,0.237896,0.114038,-0.002602,-0.96457,5.957319,509.707092,-56.522789
1440,0.237137,0.111743,0.000371,-0.965028,6.284811,509.17392,-56.704983
1441,0.236586,0.111561,0.00175,-0.965183,6.320414,508.489899,-57.048523
1442,0.234024,0.114159,-0.000148,-0.965505,5.942124,507.581482,-57.178585
1443,0.230006,0.114131,0.000158,-0.966474,5.931934,506.60849,-56.930153
1444,0.227049,0.111419,0.002738,-0.967485,6.395393,505.729858,-56.690125
1445,0.223013,0.111475,0.002259,-0.968418,6.449744,504.752991,-56.47937
1446,0.218777,0.112861,0.001391,-0.969225,6.25032,503.632843,-56.40971
1447,0.215859,0.112377,0.00248,-0.969933,6.329418,502.552155,-56.500385
1448,0.212312,0.112043,0.002473,-0.970754,6.435719,501.436279,-56.447048
1449,0.208859,0.111854,0.002356,-0.971525,6.459479,500.338135,-56.358894
1450,0.205033,0.111532,0.002835,-0.972376,6.47728,499.285095,-56.25222
1451,0.201103,0.111595,0.002779,-0.973189,6.503358,498.288422,-56.152641
1452,0.197804,0.111201,0.003372,-0.973908,6.648068,497.363647,-56.033039
1453,0.19425,0.109669,0.005015,-0.97479,6.957967,496.449402,-55.884785
1454,0.191197,0.109302,0.005736,-0.97543,7.065743,495.527679,-55.877441
1455,0.187263,0.110386,0.004993,-0.976075,6.901978,494.459442,-55.82901
1456,0.183698,0.109781,0.004983,-0.976821,6.943504,493.35318,-55.817291
1457,0.181614,0.108823,0.006588,-0.977308,7.208877,492.320892,-56.056797
1458,0.178548,0.109698,0.006366,-0.977776,7.200568,491.142212,-56.40395
1459,0.17463,0.111743,0.004586,-0.978262,6.853021,489.770844,-56.643009
1460,0.170609,0.112151,0.004085,-0.978927,6.758255,488.304688,-56.816315
1461,0.166932,0.111662,0.003819,-0.979618,6.904506,486.905823,-57.049606
1462,0.16299,0.11284,0.002773,-0.98015,6.845135,485.610138,-57.346039
1463,0.159394,0.112878,0.003164,-0.980735,6.841478,484.369171,-57.718319
1464,0.155623,0.112631,0.003221,-0.981369,6.876075,483.121613,-57.959942
1465,0.151524,0.112872,0.003104,-0.981983,6.953788,481.877258,-58.141865
1466,0.14791,0.1122,0.004031,-0.982607,7.083422,480.659119,-58.385544
1467,0.143408,0.112921,0.003467,-0.983194,7.040697,479.461365,-58.527657
1468,0.1386,0.11312,0.003763,-0.98386,7.142828,478.281616,-58.57991
1469,0.133556,0.112106,0.005226,-0.984666,7.382822,477.077637,-58.511986
1470,0.128661,0.111267,0.005815,-0.98541,7.525926,475.910736,-58.459969
1471,0.124532,0.109756,0.007621,-0.986097,7.679411,474.819214,-58.606407
1472,0.120277,0.108907,0.008915,-0.986708,7.749444,473.700439,-58.856895
1473,0.115389,0.110141,0.00816,-0.987162,7.690707,472.478882,-59.023254
1474,0.110281,0.109457,0.008606,-0.987817,7.832672,471.154755,-59.106506
1475,0.105794,0.108234,0.010251,-0.988427,8.043766,469.89032,-59.248299
1476,0.101451,0.108058,0.010651,-0.988897,8.083545,468.680939,-59.591518
1477,0.096869,0.108595,0.011129,-0.989293,7.965869,467.388275,-60.002647
1478,0.092457,0.108808,0.010943,-0.989693,7.824347,466.042114,-60.344444
1479,0.089256,0.107698,0.011906,-0.990097,7.855393,464.801056,-60.729454
1480,0.08613,0.108103,0.012255,-0.990326,7.808167,463.662201,-61.135098
1481,0.082112,0.10941,0.01184,-0.990529,7.640969,462.554321,-61.514194
1482,0.0781,0.109738,0.012356,-0.99081,7.550022,461.580231,-61.807335
1483,0.074633,0.108969,0.013016,-0.991154,7.596898,460.755402,-62.037937
1484,0.071537,0.109194,0.013625,-0.991349,7.560842,460.034363,-62.216251
1485,0.069315,0.109269,0.014124,-0.991492,7.503705,459.480347,-62.387093
1486,0.068231,0.107585,0.015577,-0.991729,7.616902,459.099915,-62.495834
1487,0.067187,0.105766,0.017088,-0.991972,7.745993,458.793335,-62.516853
1488,0.065972,0.105035,0.017713,-0.99212,7.792429,458.493042,-62.577709
1489,0.064344,0.105143,0.018321,-0.992204,7.762503,458.115662,-62.701336
1490,0.063003,0.105873,0.018225,-0.992215,7.677907,457.755188,-62.834801
1491,0.061899,0.105771,0.018121,-0.992297,7.695372,457.478424,-62.916069
1492,0.060984,0.105353,0.018461,-0.992391,7.74126,457.306091,-62.912411
1493,0.060444,0.105707,0.018503,-0.992386,7.732548,457.190399,-62.962479
1494,0.059908,0.106327,0.018217,-0.992358,7.651765,457.073578,-63.036137
1495,0.059742,0.106496,0.017991,-0.992354,7.603977,457.026825,-63.064701
1496,0.059674,0.105845,0.018322,-0.992421,7.666092,457.028992,-63.02388
1497,0.059643,0.105601,0.018693,-0.992442,7.706232,457.039368,-62.997147
1498,0.059976,0.106245,0.018274,-0.992361,7.633234,457.071533,-63.043648
1499,0.060117,0.106406,0.017907,-0.992342,7.604501,457.105682,-63.040882
1500,0.060375,0.105771,0.018378,-0.992386,7.686099,457.176544,-62.984577
1501,0.060638,0.105658,0.018563,-0.992378,7.731181,457.225616,-62.958546
1502,0.060607,0.106279,0.018024,-0.992324,7.671116,457.214233,-62.973469
1503,0.060775,0.106427,0.017831,-0.992301,7.637095,457.223511,-62.999226
1504,0.060735,0.105928,0.018283,-0.992349,7.676193,457.232239,-62.990128
1505,0.060502,0.105747,0.018577,-0.992377,7.678397,457.185089,-62.99437
1506,0.060171,0.106093,0.01821,-0.992367,7.629321,457.09079,-63.031837
1507,0.059615,0.106121,0.017938,-0.992403,7.617334,456.99939,-63.06942
1508,0.059191,0.105883,0.018273,-0.992447,7.638858,456.937836,-63.111008
1509,0.058529,0.10574,0.01859,-0.992496,7.648428,456.799469,-63.151932
1510,0.057613,0.106017,0.018193,-0.992527,7.630711,456.595551,-63.194603
1511,0.05679,0.106232,0.01807,-0.992554,7.620239,456.406494,-63.254639
1512,0.055836,0.105934,0.018942,-0.992624,7.630033,456.175964,-63.325695
1513,0.054614,0.105848,0.019291,-0.992694,7.604717,455.867279,-63.429752
1514,0.053229,0.106053,0.019096,-0.992751,7.570665,455.534149,-63.533871
1515,0.05174,0.105762,0.019338,-0.992856,7.599348,455.225647,-63.625546
1516,0.050144,0.105423,0.01989,-0.992963,7.622053,454.908783,-63.735554
1517,0.048194,0.105687,0.019636,-0.993037,7.565549,454.513855,-63.894169
1518,0.046342,0.105743,0.019763,-0.993116,7.507655,454.07373,-64.072823
1519,0.044546,0.105495,0.020573,-0.993209,7.486516,453.645447,-64.20784
1520,0.042511,0.105524,0.020708,-0.993292,7.479389,453.213867,-64.336983
1521,0.040522,0.105777,0.020505,-0.993352,7.436926,452.77359,-64.508766
1522,0.038509,0.10548,0.021034,-0.993453,7.405249,452.319244,-64.680809
1523,0.036333,0.105144,0.021505,-0.99356,7.414326,451.866791,-64.83139
1524,0.034189,0.105048,0.022011,-0.993636,7.410655,451.383118,-65.005226
1525,0.031842,0.105327,0.022066,-0.993683,7.374342,450.862061,-65.191299
1526,0.029507,0.105434,0.022141,-0.993742,7.354467,450.352142,-65.390686
1527,0.027117,0.10543,0.022151,-0.99381,7.358307,449.84906,-65.584709
1528,0.024736,0.105539,0.022349,-0.993856,7.352995,449.319061,-65.749382
1529,0.022518,0.105759,0.022518,-0.993882,7.344932,448.783691,-65.919907
1530,0.020148,0.105784,0.022484,-0.993931,7.31913,448.236938,-66.129478
1531,0.017762,0.105743,0.022292,-0.993985,7.297716,447.678864,-66.377922
1532,0.01552,0.106054,0.022053,-0.993995,7.259587,447.120605,-66.63797
1533,0.013391,0.106688,0.022067,-0.993957,7.215682,446.54715,-66.899284
1534,0.011278,0.107269,0.021666,-0.99393,7.152924,445.98407,-67.178307
1535,0.009136,0.107589,0.021364,-0.993924,7.105812,445.416016,-67.445618
1536,0.00717,0.107362,0.021928,-0.993952,7.10238,444.866791,-67.724861
1537,0.005293,0.107754,0.021766,-0.993925,7.084199,444.362762,-67.975685
1538,0.00315,0.10835,0.021447,-0.993876,7.017225,443.848877,-68.198029
1539,0.001252,0.108432,0.021299,-0.993875,6.975372,443.354431,-68.469841
1540,-0.000668,0.108847,0.021057,-0.993835,6.928634,442.877136,-68.726486
1541,-0.002527,0.108805,0.021316,-0.993831,6.933178,442.449158,-68.890572
1542,-0.004346,0.108033,0.02225,-0.993889,6.980025,442.062561,-69.013474
1543,-0.006344,0.108083,0.021988,-0.993878,6.994266,441.666229,-69.161819
1544,-0.008221,0.108905,0.021052,-0.993795,6.932731,441.249725,-69.381035
1545,-0.009669,0.109243,0.021164,-0.993743,6.887375,440.806702,-69.644226
1546,-0.011127,0.109714,0.020913,-0.993681,6.839252,440.323883,-69.945274
1547,-0.012583,0.110626,0.019919,-0.993583,6.717498,439.886108,-70.245506
1548,-0.014127,0.110763,0.019679,-0.993552,6.688061,439.485962,-70.480408
1549,-0.015554,0.110441,0.02008,-0.993558,6.698875,439.16217,-70.620239
1550,-0.016743,0.110568,0.020465,-0.993517,6.705953,438.880737,-70.723976
1551,-0.017955,0.110809,0.020372,-0.993471,6.726782,438.587402,-70.836182
1552,-0.018049,0.110326,0.020617,-0.993518,6.816125,438.465698,-70.854385
1553,-0.015733,0.105468,0.024001,-0.994009,7.249782,438.596222,-70.747841
1554,-0.014312,0.099654,0.02779,-0.994531,7.761828,438.6828,-70.607941
1555,-0.016973,0.100999,0.027195,-0.99437,7.659842,438.518402,-70.381538
1556,-0.019769,0.101389,0.027444,-0.994272,7.643988,438.31073,-70.276726
1557,-0.021362,0.097712,0.030403,-0.994521,8.015796,438.10376,-70.310844
1558,-0.023963,0.098194,0.030352,-0.994416,7.927509,437.714874,-70.361374
1559,-0.026807,0.099483,0.029652,-0.994236,7.771629,437.157349,-70.561012
1560,-0.028912,0.097714,0.031099,-0.994308,7.950724,436.575775,-70.898727
1561,-0.031644,0.098936,0.030743,-0.994115,7.846406,435.914093,-71.246269
1562,-0.034288,0.10035,0.029834,-0.993914,7.685876,435.157806,-71.718422
1563,-0.036192,0.099995,0.029931,-0.993879,7.682418,434.462372,-72.292381
1564,-0.039224,0.101502,0.029097,-0.993636,7.486382,433.773651,-72.708153
1565,-0.042072,0.101651,0.029047,-0.993506,7.46131,433.131866,-73.040527
1566,-0.044104,0.10007,0.029887,-0.993553,7.554552,432.554626,-73.413727
1567,-0.046902,0.101905,0.029269,-0.993257,7.37174,431.913635,-73.786682
1568,-0.048976,0.10287,0.029182,-0.99306,7.275225,431.324005,-74.219711
1569,-0.050772,0.102135,0.029586,-0.993033,7.338771,430.743347,-74.644684
1570,-0.053297,0.102947,0.029538,-0.992819,7.213969,430.158142,-74.935379
1571,-0.055188,0.103224,0.029551,-0.992686,7.188893,429.711212,-75.222122
1572,-0.057256,0.102153,0.030025,-0.992666,7.272515,429.284027,-75.481842
1573,-0.059506,0.10266,0.029795,-0.992488,7.165258,428.839386,-75.696808
1574,-0.061169,0.102328,0.030121,-0.992411,7.162918,428.408936,-75.955627
1575,-0.06316,0.101939,0.030484,-0.992316,7.220463,427.974274,-76.163826
1576,-0.065224,0.102196,0.030111,-0.992167,7.164573,427.570343,-76.381027
1577,-0.067067,0.102506,0.029804,-0.992021,7.130654,427.149292,-76.672035
1578,-0.068927,0.102189,0.030001,-0.991921,7.138021,426.69931,-76.961441
1579,-0.070526,0.101812,0.030515,-0.991831,7.120087,426.264404,-77.239555
1580,-0.072254,0.101943,0.03056,-0.991692,7.138577,425.83136,-77.540222
1581,-0.073632,0.102235,0.030529,-0.991562,7.114326,425.419067,-77.888397
1582,-0.075079,0.103605,0.030015,-0.991327,6.970701,424.98349,-78.265114
1583,-0.076582,0.103979,0.029526,-0.991187,6.895289,424.561096,-78.66153
1584,-0.077469,0.104188,0.029421,-0.991099,6.881011,424.226349,-79.044235
1585,-0.078676,0.105102,0.028921,-0.990922,6.860232,423.899994,-79.310867
1586,-0.08044,0.104827,0.028736,-0.990815,6.878053,423.531769,-79.457146
1587,-0.081982,0.103917,0.029384,-0.990766,6.934829,423.231903,-79.634026
1588,-0.08327,0.10422,0.029576,-0.990621,6.900451,422.969269,-79.836319
1589,-0.084829,0.104342,0.029545,-0.990477,6.85534,422.619934,-80.041252
1590,-0.085791,0.104533,0.029436,-0.990377,6.862535,422.312073,-80.250786
1591,-0.087186,0.104985,0.029207,-0.990214,6.891684,421.979736,-80.466202
1592,-0.08866,0.105351,0.029227,-0.990044,6.848208,421.667267,-80.714066
1593,-0.089315,0.10545,0.029455,-0.989967,6.783708,421.437622,-80.95153
1594,-0.090336,0.105176,0.029755,-0.989895,6.762562,421.180176,-81.137352
1595,-0.091334,0.105776,0.029451,-0.989749,6.753669,420.931671,-81.306839
1596,-0.092535,0.106324,0.028985,-0.989592,6.759644,420.660675,-81.461716
1597,-0.093552,0.106048,0.028998,-0.989526,6.805445,420.410889,-81.628395
1598,-0.094173,0.106241,0.029337,-0.989436,6.798165,420.229248,-81.799149
1599,-0.0951,0.10639,0.029746,-0.989319,6.80119,420.050446,-81.961365
1600,-0.095051,0.105083,0.030699,-0.989434,6.965229,419.968079,-82.036797
1601,-0.094442,0.102061,0.032237,-0.98976,7.299099,419.928131,-81.980698
1602,-0.094869,0.098956,0.033864,-0.98998,7.592202,419.812988,-81.955643
1603,-0.095905,0.099462,0.033801,-0.989832,7.544857,419.672729,-82.005684
1604,-0.097537,0.100053,0.033895,-0.98961,7.463048,419.443115,-82.158073
1605,-0.099346,0.099095,0.034593,-0.989502,7.574528,419.105957,-82.323891
1606,-0.100835,0.099027,0.034595,-0.989358,7.612998,418.731781,-82.544357
1607,-0.102622,0.099598,0.034453,-0.989122,7.552845,418.298279,-82.895027
1608,-0.104377,0.100005,0.034356,-0.988901,7.499128,417.92804,-83.282509
1609,-0.106304,0.100394,0.034387,-0.988655,7.472342,417.558746,-83.574326
1610,-0.10819,0.099934,0.034522,-0.988492,7.546159,417.205658,-83.76384
1611,-0.109604,0.099413,0.034999,-0.988372,7.591394,416.897552,-83.963638
1612,-0.111295,0.099956,0.035126,-0.988124,7.520911,416.536163,-84.226418
1613,-0.112561,0.100187,0.034949,-0.987963,7.46907,416.20459,-84.565742
1614,-0.113877,0.099809,0.034625,-0.987862,7.455853,415.844421,-84.879478
1615,-0.115501,0.100233,0.033992,-0.987653,7.391847,415.469421,-85.144218
1616,-0.116628,0.100753,0.034119,-0.987463,7.363333,415.167999,-85.453239
1617,-0.117934,0.101154,0.034124,-0.987267,7.351613,414.842529,-85.756721
1618,-0.118976,0.101665,0.033876,-0.987098,7.302261,414.557434,-86.010674
1619,-0.119852,0.101947,0.033828,-0.986964,7.299357,414.299347,-86.222939
1620,-0.121216,0.1017,0.033824,-0.986823,7.326516,414.025208,-86.394478
1621,-0.122346,0.101708,0.033717,-0.986686,7.303493,413.819183,-86.565811
1622,-0.123392,0.101651,0.033651,-0.986564,7.291875,413.628693,-86.714493
1623,-0.12421,0.101579,0.034014,-0.986457,7.294927,413.460541,-86.821808
1624,-0.124954,0.101251,0.034394,-0.986383,7.315731,413.285553,-86.940155
1625,-0.125902,0.101355,0.034437,-0.986251,7.318734,413.081757,-87.051407
1626,-0.126573,0.101516,0.034562,-0.986144,7.3344,412.907471,-87.178909
1627,-0.12747,0.101785,0.03459,-0.985999,7.361722,412.731201,-87.295723
1628,-0.128351,0.101798,0.034631,-0.985882,7.382328,412.570831,-87.408615
1629,-0.12891,0.1018,0.034385,-0.985818,7.404829,412.435822,-87.531998
1630,-0.129671,0.101502,0.034527,-0.985744,7.405345,412.289612,-87.625168
1631,-0.13031,0.100801,0.034971,-0.985716,7.410802,412.16864,-87.732506
1632,-0.130987,0.100396,0.035252,-0.985657,7.402752,412.04007,-87.815582
1633,-0.131644,0.10049,0.035121,-0.985565,7.3701,411.918762,-87.880699
1634,-0.131904,0.100895,0.034879,-0.985497,7.329207,411.845673,-87.948891
1635,-0.132316,0.10111,0.03488,-0.98542,7.316655,411.756531,-88.002403
1636,-0.132505,0.101325,0.034755,-0.985377,7.307171,411.694794,-88.068085
1637,-0.132687,0.101446,0.034529,-0.985348,7.311368,411.637482,-88.144287
1638,-0.132958,0.10143,0.034311,-0.985321,7.323346,411.575165,-88.211327
1639,-0.132875,0.101688,0.034278,-0.985307,7.30263,411.561615,-88.266342
1640,-0.132973,0.101876,0.034207,-0.985276,7.273854,411.548492,-88.282455
1641,-0.132895,0.101659,0.034294,-0.985306,7.292276,411.567993,-88.268829
1642,-0.132753,0.101522,0.034342,-0.985338,7.317081,411.588715,-88.251724
1643,-0.132803,0.101704,0.034284,-0.985314,7.307611,411.585083,-88.247658
1644,-0.13266,0.101848,0.034149,-0.985323,7.300228,411.605652,-88.253212
1645,-0.132713,0.101737,0.034207,-0.985326,7.314074,411.604401,-88.244186
1646,-0.132779,0.101578,0.034294,-0.98533,7.326335,411.597717,-88.247108
1647,-0.13274,0.101639,0.034305,-0.985329,7.308756,411.600647,-88.262825
1648,-0.132846,0.101675,0.034282,-0.985312,7.306879,411.589508,-88.26564
1649,-0.132739,0.101677,0.034243,-0.985327,7.319488,411.60434,-88.259865
1650,-0.132764,0.101526,0.034371,-0.985335,7.328836,411.598175,-88.250725
1651,-0.132804,0.101648,0.03431,-0.985319,7.319228,411.592133,-88.255585
1652,-0.132723,0.101746,0.034243,-0.985322,7.315273,411.599701,-88.261032
1653,-0.132844,0.101653,0.034251,-0.985315,7.318203,411.584015,-88.253731
1654,-0.13282,0.101548,0.034345,-0.985326,7.316057,411.586853,-88.255791
1655,-0.132826,0.101667,0.034367,-0.985312,7.308165,411.582031,-88.262726
1656,-0.132873,0.101673,0.034261,-0.985309,7.302936,411.572327,-88.261986
1657,-0.132824,0.101672,0.034226,-0.985317,7.305984,411.579285,-88.264359
1658,-0.132891,0.101607,0.0344,-0.985308,7.305466,411.567505,-88.261276
1659,-0.132882,0.101735,0.034246,-0.985302,7.293959,411.565796,-88.268021
1660,-0.132912,0.101887,0.034189,-0.985284,7.278035,411.559174,-88.271576
1661,-0.133015,0.101757,0.034314,-0.985279,7.284313,411.539429,-88.270859
1662,-0.133016,0.101708,0.034348,-0.985283,7.294001,411.533356,-88.278946
1663,-0.133184,0.101772,0.034246,-0.985257,7.292788,411.506104,-88.289963
1664,-0.133269,0.101815,0.034142,-0.985245,7.290203,411.488342,-88.307228
1665,-0.133301,0.101796,0.034138,-0.985243,7.2905,411.481903,-88.319527
1666,-0.133344,0.101773,0.034256,-0.985235,7.286019,411.46994,-88.326614
1667,-0.133274,0.101823,0.034231,-0.98524,7.277355,411.47348,-88.332596
1668,-0.133335,0.101798,0.034092,-0.985239,7.261939,411.474609,-88.321251
1669,-0.133277,0.101788,0.034153,-0.985246,7.265912,411.490753,-88.309593
1670,-0.133187,0.101745,0.034225,-0.98526,7.275569,411.506042,-88.306816
1671,-0.133226,0.101796,0.034235,-0.985249,7.280221,411.501099,-88.302269
1672,-0.133168,0.101853,0.034165,-0.985254,7.297588,411.511536,-88.301781
1673,-0.133212,0.101708,0.034234,-0.98526,7.313605,411.51178,-88.300858
1674,-0.133187,0.10172,0.034381,-0.985258,7.313568,411.511597,-88.311539
1675,-0.133127,0.101861,0.034342,-0.985252,7.311897,411.514709,-88.325287
1676,-0.133265,0.101879,0.034136,-0.985239,7.318069,411.509094,-88.319977
1677,-0.133209,0.101789,0.034185,-0.985254,7.335034,411.519104,-88.312416
1678,-0.133165,0.101814,0.034253,-0.985255,7.335322,411.522522,-88.307419
1679,-0.133138,0.101766,0.034298,-0.985262,7.325533,411.529724,-88.302673
1680,-0.133069,0.10164,0.034358,-0.985283,7.330212,411.548981,-88.295387
1681,-0.133109,0.101567,0.034391,-0.985283,7.339025,411.548187,-88.287949
1682,-0.133085,0.101546,0.034404,-0.985288,7.335925,411.549988,-88.292931
1683,-0.133101,0.10161,0.034345,-0.985282,7.325078,411.545166,-88.302452
1684,-0.133117,0.101589,0.034449,-0.985278,7.321437,411.540741,-88.304161
1685,-0.133079,0.101704,0.034403,-0.985273,7.323812,411.549408,-88.309212
1686,-0.133147,0.101757,0.03432,-0.985261,7.324147,411.537109,-88.310036
1687,-0.133098,0.10172,0.034328,-0.985271,7.324533,411.537994,-88.307785
1688,-0.133079,0.101561,0.034356,-0.985289,7.340569,411.545532,-88.298203
1689,-0.133086,0.10165,0.034326,-0.98528,7.347996,411.544373,-88.289543
1690,-0.133049,0.101643,0.034324,-0.985286,7.347974,411.546112,-88.294777
1691,-0.13311,0.101714,0.034281,-0.985272,7.341554,411.537292,-88.297112
1692,-0.133138,0.101724,0.034297,-0.985267,7.339562,411.53598,-88.304886
1693,-0.133136,0.1018,0.034282,-0.98526,7.314015,411.537415,-88.314499
1694,-0.133226,0.10184,0.034229,-0.985245,7.302409,411.517273,-88.3265
1695,-0.133211,0.10189,0.03413,-0.985245,7.298056,411.522461,-88.328629
1696,-0.133212,0.101864,0.034137,-0.985248,7.311086,411.522125,-88.320824
1697,-0.133172,0.101814,0.034223,-0.985255,7.316829,411.524841,-88.31353
1698,-0.133134,0.101803,0.034257,-0.98526,7.317935,411.532745,-88.314232
1699,-0.133166,0.101765,0.03425,-0.98526,7.332674,411.531982,-88.307533
1700,-0.13312,0.101554,0.034401,-0.985283,7.349975,411.54248,-88.306488
1701,-0.13316,0.101766,0.034276,-0.98526,7.355856,411.53772,-88.314369
1702,-0.13318,0.101933,0.034181,-0.985243,7.346078,411.53656,-88.318153
1703,-0.133107,0.101748,0.034358,-0.985266,7.351686,411.548676,-88.319427
1704,-0.133138,0.101688,0.034454,-0.985265,7.356431,411.549683,-88.317947
1705,-0.133138,0.101822,0.034323,-0.985256,7.349801,411.552673,-88.321304
1706,-0.133131,0.101723,0.034314,-0.985267,7.352625,411.549042,-88.323265
1707,-0.133115,0.101633,0.034404,-0.985275,7.344013,411.547119,-88.314323
1708,-0.133062,0.101575,0.034423,-0.985288,7.342744,411.552612,-88.310478
1709,-0.133098,0.101688,0.034315,-0.985275,7.33741,411.546814,-88.31134
1710,-0.133069,0.101671,0.034313,-0.985281,7.336192,411.551086,-88.31675
1711,-0.133044,0.101674,0.034284,-0.985285,7.346558,411.555908,-88.3228
1712,-0.133078,0.101812,0.034105,-0.985272,7.349767,411.553284,-88.323227
1713,-0.133009,0.101592,0.034366,-0.985295,7.355372,411.560028,-88.325226
1714,-0.133014,0.101766,0.034362,-0.985277,7.351578,411.561615,-88.32383
1715,-0.133027,0.101721,0.034287,-0.985282,7.356462,411.567719,-88.317421
1716,-0.132996,0.101561,0.034307,-0.985302,7.373309,411.570679,-88.308327
1717,-0.132996,0.101543,0.03443,-0.9853,7.373772,411.571075,-88.297501
1718,-0.132968,0.101687,0.034345,-0.985292,7.375074,411.577118,-88.297653
1719,-0.133021,0.101583,0.034421,-0.985293,7.377401,411.570526,-88.299706
1720,-0.133068,0.101508,0.034391,-0.985295,7.378712,411.561188,-88.305557
1721,-0.133088,0.101552,0.034344,-0.985289,7.372255,411.556213,-88.312859
1722,-0.13317,0.101681,0.034259,-0.985268,7.368055,411.545441,-88.324562
1723,-0.133141,0.101757,0.034188,-0.985267,7.36325,411.54837,-88.325874
1724,-0.133091,0.101429,0.034484,-0.985297,7.375463,411.550842,-88.317024
1725,-0.133067,0.101447,0.034383,-0.985302,7.377794,411.554932,-88.307007
1726,-0.132995,0.101464,0.034361,-0.985311,7.374723,411.560303,-88.30056
1727,-0.133012,0.101536,0.034329,-0.985302,7.360873,411.557983,-88.297935
1728,-0.132996,0.101516,0.034316,-0.985307,7.340639,411.560333,-88.297157
1729,-0.133029,0.1015,0.034368,-0.985302,7.33356,411.555756,-88.299759
1730,-0.133077,0.101741,0.034203,-0.985276,7.316894,411.55014,-88.305496
1731,-0.133054,0.101658,0.034377,-0.985282,7.311636,411.551636,-88.310677
1732,-0.133092,0.101654,0.034382,-0.985277,7.316439,411.553558,-88.309425
1733,-0.13306,0.101656,0.0344,-0.985281,7.32442,411.560181,-88.311104
1734,-0.133064,0.101637,0.034418,-0.985281,7.335001,411.560242,-88.310127
1735,-0.133068,0.101482,0.034477,-0.985295,7.342319,411.555298,-88.304314
1736,-0.133048,0.10152,0.034388,-0.985297,7.342695,411.558624,-88.302063
1737,-0.133077,0.10156,0.034283,-0.985292,7.337003,411.554291,-88.301529
1738,-0.133045,0.101684,0.034289,-0.985284,7.312235,411.552734,-88.304718
1739,-0.133006,0.101687,0.034322,-0.985287,7.294225,411.554932,-88.306412
1740,-0.132997,0.101679,0.034377,-0.985288,7.280959,411.556183,-88.304016
1741,-0.133021,0.101582,0.034407,-0.985293,7.284871,411.551178,-88.304581
1742,-0.133062,0.101631,0.034325,-0.985285,7.288332,411.544098,-88.307167
1743,-0.133071,0.101776,0.03423,-0.985273,7.289511,411.545746,-88.31234
1744,-0.13308,0.101724,0.034272,-0.985275,7.295516,411.545441,-88.315201
1745,-0.133104,0.101658,0.034355,-0.985276,7.293338,411.543213,-88.312866
1746,-0.13308,0.101632,0.034309,-0.985283,7.298388,411.544189,-88.310204
1747,-0.13308,0.101734,0.034229,-0.985276,7.28723,411.544739,-88.308136
1748,-0.133064,0.10164,0.034323,-0.985284,7.281701,411.538818,-88.309273
1749,-0.133053,0.101655,0.034315,-0.985285,7.275145,411.534576,-88.313255
1750,-0.133112,0.101657,0.034273,-0.985278,7.28265,411.52475,-88.319145
1751,-0.133106,0.101651,0.034265,-0.98528,7.288327,411.523468,-88.318542
1752,-0.133101,0.101632,0.034222,-0.985284,7.288894,411.524475,-88.314964
1753,-0.133108,0.101687,0.034199,-0.985278,7.289493,411.530365,-88.31691
1754,-0.133034,0.101691,0.034255,-0.985286,7.282274,411.540405,-88.317932
1755,-0.133051,0.10167,0.034258,-0.985285,7.282697,411.537994,-88.317986
1756,-0.133062,0.101596,0.034344,-0.985289,7.282887,411.534912,-88.31852
