tibiaALT_X,tibiaALT_Y,tibiaALT_Z,tibiaAMT_X,tibiaAMT_Y,tibiaAMT_Z,tibiaLT_X,tibiaLT_Y,tibiaLT_Z,tibiaMT_X,tibiaMT_Y,tibiaMT_Z
0.1421824956419589,0.10449211228234129,-0.0777100912248351,0.10600321676545499,0.09918916881948525,-0.034220416757255595,0.1571518303935929,0.48273973552567123,-0.10176813937426295,0.08781758224665692,0.4811379007547818,-0.0755317922011463
0.1422249621126695,0.1045010631432001,-0.07754628779107375,0.10602851251149938,0.0992134320415799,-0.034069038472685914,0.15718659344579447,0.4827399547422986,-0.10174599073618731,0.0878419172319525,0.4811451724951679,-0.07553678807559341
0.1422249621126695,0.1045010631432001,-0.07754628779107375,0.10602851251149938,0.0992134320415799,-0.034069038472685914,0.15718659344579447,0.4827399547422986,-0.10174599073618731,0.0878419172319525,0.4811451724951679,-0.07553678807559341
0.1422249621126695,0.1045010631432001,-0.07754628779107375,0.10602851251149938,0.0992134320415799,-0.034069038472685914,0.15718659344579447,0.4827399547422986,-0.10174599073618731,0.0878419172319525,0.4811451724951679,-0.07553678807559341
0.142094636403898,0.1045003527705872,-0.07725540221307178,0.10592294769125661,0.0992628718097003,-0.03375148349819917,0.15716293762953773,0.48271283095698175,-0.10179929748611596,0.08783371034442905,0.48116355834186386,-0.07554653092454731
0.14221694902252766,0.10451087072751421,-0.0770836081457066,0.10603319453229038,0.09927998252136325,-0.03358893106614763,0.15721181318058963,0.48271845828537435,-0.10174754772233342,0.0878749634162407,0.4811630016574661,-0.07551528565522943
0.14231140048438826,0.10450853168312772,-0.07693667907327761,0.10615609770951706,0.09928705195906581,-0.033417218536194594,0.1571302224128957,0.4827083371152496,-0.10182532790464555,0.08780986365421369,0.48113832264322715,-0.07555038413976407
0.14252298149168618,0.10453396297654666,-0.07677980838279735,0.10636981712077472,0.09930818459097657,-0.03325908733035051,0.15712935124525018,0.4827328437914755,-0.10180770613414931,0.08780940022270042,0.48113349749415285,-0.07553345570954219
0.1426658593001987,0.1045534013093021,-0.07666065889737482,0.10651064593110711,0.09932301200059447,-0.03314219398183644,0.15711469606306563,0.4827522725847817,-0.1017799748722965,0.08779285448131748,0.48113005082386734,-0.07551211561433913
0.14281333510012761,0.10455759077573867,-0.07647229386743798,0.10665998454406707,0.09933205405068407,-0.032951698464849216,0.15709510451553094,0.4827507407031083,-0.1017726409653358,0.0877737129103429,0.48111043242499324,-0.07550471740074208
0.14291290795724654,0.10455059121897495,-0.07629073838188777,0.10676033757004708,0.09933572720418295,-0.03276821476025089,0.1570948158879964,0.4827356980043335,-0.10176687714123218,0.08777349574871422,0.4810892444504685,-0.07549914944040995
0.14303560549478314,0.10456945726258186,-0.07609600659867366,0.10687929172607664,0.09936194291873653,-0.0325757126692019,0.1571076460483276,0.48274812705121034,-0.1017281454961122,0.08778362072916071,0.48109191711278915,-0.07546817146890097
0.1431842722625605,0.1045906044080462,-0.07585454422465021,0.10701963817203775,0.09939244184966589,-0.03234004593034169,0.1571483556222431,0.48276153485450457,-0.10165932855001346,0.08781886614927702,0.48109666915055593,-0.075414331591962
0.1433721431506753,0.10464927710361951,-0.07568533503613148,0.10721240248841653,0.09944563898695571,-0.03216742469706397,0.1571560956643497,0.48281986422245743,-0.10159179840319169,0.08782886822886322,0.48112924446654315,-0.07534247279906117
0.14327157101616927,0.10461362360738707,-0.07556897781695451,0.1071695966091228,0.09943453697469028,-0.03200020780615312,0.15702962465121653,0.4827697200382411,-0.10169976129637749,0.08773731567177126,0.4810950182060014,-0.07535738016268712
0.14335488759479273,0.10462211811505238,-0.07539522800124898,0.10726570621538618,0.09945057407670413,-0.031814964873155716,0.15703916139198207,0.48277227507452325,-0.10165041025286999,0.08775433302952239,0.4810937714065817,-0.07528860193205035
0.14327548411331387,0.10460370169727849,-0.0753774029992104,0.10725907856213757,0.09944561451533115,-0.031735383310763886,0.1569058396383182,0.48274551862052234,-0.10178033569890482,0.08766506040733582,0.4810739049676106,-0.07530261009786085
0.1433338646800847,0.10460236075193996,-0.0752133622908717,0.10734208701754386,0.09945843615395784,-0.031549358865731805,0.15689096492945992,0.48273429888280744,-0.10179488879175062,0.08766490828425867,0.48106391497059087,-0.07527861732188477
0.14340320792356984,0.1046517965146814,-0.07515279613195532,0.10742767773088417,0.09950373971381692,-0.03147589201524436,0.15687622518409208,0.4827845894420213,-0.10176489623250816,0.08765975155405843,0.48110232542687253,-0.0752243702443403
0.14332540481574274,0.10464267437550592,-0.07512496959500638,0.10738943730585851,0.09951012605019889,-0.031413684993578106,0.15681310115451313,0.4827668780385917,-0.10185143222149434,0.08762083774995853,0.48109894686648,-0.07524695056365596
0.14326003752917466,0.10463370524576948,-0.07504937299678002,0.10731800039864184,0.09951667648434517,-0.031341259353518294,0.15685702456904527,0.482750790826955,-0.10182112467504602,0.08766147901434797,0.481105628034808,-0.0752237626160454
0.1434533437148081,0.10468776174870953,-0.07487968532112575,0.1074664745330613,0.09956342381836208,-0.0312093335712077,0.15693528068544219,0.4828060925842035,-0.10169200365793782,0.08771192619457034,0.4811384885720888,-0.07516850382076899
0.14295625683227836,0.10454380313676932,-0.07490190061732785,0.10702960071229495,0.09947634164759774,-0.03117537058369328,0.1568003475750444,0.48263613987862586,-0.10189562584159677,0.08761518188976006,0.4810535248466658,-0.07526748410239936
0.14331180961228465,0.10467134862194098,-0.07487712846950884,0.10734420533130166,0.09956663673979,-0.031188610829550312,0.15692950085712604,0.48278098804541714,-0.10174335658407196,0.08771842493197742,0.4811439492047915,-0.07518593150482111
0.14292792706003501,0.10456496432437053,-0.07487855421537276,0.1070105653735816,0.09950454439585439,-0.031143574001341656,0.15679519545224155,0.48265359408529757,-0.10191227511609094,0.0876158070257994,0.4810789162118086,-0.07526865748896282
0.14285998187617832,0.10456422056347633,-0.07487344556386583,0.10693608735472099,0.09950875640217072,-0.031143258058950088,0.15679856187174887,0.4826512760916116,-0.10189250518233789,0.08761546534037407,0.48108810347521075,-0.07525783981135499
0.1428700406798762,0.1045584182311141,-0.0747947775548099,0.10694057869442758,0.09950989608099184,-0.031068362194914954,0.1567908145458275,0.48264070797387115,-0.10188959976758123,0.08760424165265694,0.4810790819063355,-0.0752638751944242
0.14276593134318044,0.10455459240115579,-0.07489485911161853,0.10686258271580636,0.09950859328178632,-0.031146708694501663,0.15674509420582272,0.48263696785306964,-0.10195840527971217,0.08757473298397365,0.4810862833547105,-0.07528995463577912
0.14273813570361107,0.10453921068806574,-0.07493373524103171,0.1068284758274884,0.0994890262448908,-0.031191248121970647,0.15674588715397864,0.4826247123108995,-0.10193876282497549,0.08757177961312392,0.4810745902032842,-0.0752799983918632
0.1428535598410075,0.10455763437751409,-0.07499030711608881,0.10692396897747551,0.09948536476826707,-0.03126674600676889,0.15675652540144822,0.4826541930897887,-0.10189448878837698,0.08756980192997829,0.4810758498375782,-0.07527014125490712
0.142737589406774,0.10451787984553386,-0.07518478223863352,0.1068075281959159,0.09943536845431203,-0.03146279699056621,0.1567667357858173,0.4826234253439974,-0.10189647758130006,0.08758023564327655,0.48105472753105927,-0.07527097967195913
0.14305665706073217,0.10463654639785096,-0.0754068082232154,0.10710147751385043,0.09949247622211095,-0.0317126802370811,0.15683547349584154,0.4827738705613833,-0.10179702317091702,0.08763261763059332,0.4811341946046555,-0.07521834832484844
0.14301216428665073,0.10461936936732616,-0.07561311136086865,0.10704402372670972,0.09945550817023588,-0.03193198709777719,0.15687104594754217,0.48277009989385866,-0.10176825529574282,0.08766059557301693,0.4811275097075946,-0.07520954278632706
0.1428755630723951,0.10458083752137975,-0.07583334411759347,0.10690722146537882,0.09940568619563385,-0.03215372157473331,0.15685481453363048,0.4827407193374229,-0.10179137690813056,0.08764472437236058,0.4811064417817903,-0.07523121293155699
0.14280419027687727,0.10457787334550295,-0.07607558379954538,0.10683363791541904,0.09938285098867584,-0.0324001408113651,0.1568725187668038,0.4827512058996412,-0.1017883788885936,0.08766143953853413,0.4811159222093583,-0.07523085428570764
0.142716245369906,0.1045786904777126,-0.07638781028825879,0.10675333092176713,0.09935737139005062,-0.03270921340064356,0.15684710557061518,0.48276866244397215,-0.10182005452746413,0.08764094461145834,0.481125840002656,-0.07525018110954941
0.14270745415047645,0.10458686835906894,-0.07663735164925108,0.10670869248762736,0.09933407161280126,-0.03299207126552676,0.15693947168783434,0.4827964706930642,-0.1017188494528556,0.08771184890820348,0.4811446620420261,-0.07520550326298527
0.14258588356040525,0.1045916541674266,-0.07699876607816718,0.10656859645278753,0.09930786839750101,-0.03337251421034006,0.15698429643229087,0.4828215067898541,-0.10167668018941647,0.08774606625986985,0.48117055050555013,-0.07519099387283053
0.14248480199932825,0.10457396235645564,-0.07727997248989962,0.10647104621279108,0.09926935413502651,-0.03365333222898874,0.15698336636635113,0.48281711333452276,-0.10169401603809351,0.08774770594599052,0.48116640710475167,-0.07520159733345406
0.14221795976592738,0.10453614649445792,-0.07766762716307545,0.10623802240598673,0.09921843428960221,-0.03401468614908189,0.15690991222765094,0.48278965611325103,-0.10180399281374215,0.087695701113478,0.48115775836440383,-0.07525442326351345
0.14207905465361118,0.1044975743137913,-0.07792548558804176,0.10608286362240708,0.09916567796313712,-0.03428767712747549,0.15697700659478042,0.48276149885636155,-0.1017706018701246,0.08775375992462489,0.48114583017826407,-0.07524360639593183
0.14203794219845717,0.10451292091345152,-0.07821975167084166,0.10602776090993482,0.09915061012764005,-0.0345972152785793,0.1570174850698995,0.48279426010125903,-0.10173521191588719,0.08778605709962282,0.48116944073639495,-0.0752301351012394
0.14190257000478912,0.10447873875599879,-0.07849545607585137,0.10590892662484568,0.09910280487974296,-0.034860949250567944,0.156986678240696,0.4827686842139479,-0.1018047245552362,0.08776579872700803,0.48114989034590544,-0.07527174320208432
0.14173080713910333,0.10445499943402603,-0.07886511035103042,0.10576192153635765,0.09905652914433119,-0.03521297407205775,0.1569267177008444,0.482758223455164,-0.10188445331096345,0.08772145367334115,0.48114146625279736,-0.07531064513910773
0.1416041996768996,0.10440551827535535,-0.07912656469498601,0.10564037246422783,0.09899176710721332,-0.03547215317453761,0.15691068763717225,0.4827178534240911,-0.10192181976106113,0.08770900926948924,0.4811060582701818,-0.0753383741378915
0.14159041881255385,0.10441442395550797,-0.07945101674305789,0.10562135285414025,0.09896636431091417,-0.035805190426233924,0.1569545902644193,0.48274502435193545,-0.1019017225709632,0.08774996907173431,0.48111926264487026,-0.07532678967977338
0.1416485877900242,0.10443888971934058,-0.07975313370482691,0.10567370810305726,0.09895181114291222,-0.0361169879665232,0.15699336964269356,0.48278923945905583,-0.10188197630049636,0.08778510835378273,0.48113690590346353,-0.07531816413226008
0.14159631531667494,0.10443025067821218,-0.08002534798879574,0.10562087417719622,0.09891916925768897,-0.036392690138437926,0.15700510025250655,0.48279316978503856,-0.10189326843535723,0.08779678423572004,0.48113424988685866,-0.07533000936169576
0.14154690655610772,0.10442465918193233,-0.08025690399341814,0.10558075940139479,0.09889379017881475,-0.03661908826432817,0.15697917643447,0.48279764069699693,-0.10193332110272561,0.08777664692550459,0.48113021318047905,-0.07535552306074413
0.1414933600620928,0.10442601793392049,-0.08047908205474698,0.10552168251418395,0.0988757450513138,-0.036848289029545185,0.15699282018541524,0.48280898559606394,-0.10193209284506595,0.08778721518001614,0.4811378570545889,-0.0753625366019336
0.1414752066700713,0.10447428966249662,-0.08072552446680382,0.10548092655081907,0.09889421452284074,-0.03711717922391796,0.15703009479818353,0.4828720527413384,-0.10187531182141692,0.08781093354766736,0.4811883735439116,-0.07534188584854987
0.14146710585653227,0.10447723490331498,-0.08081266433502098,0.10545550183284841,0.09888807714730978,-0.037219787555551526,0.15705399479392002,0.4828795092068717,-0.10185792147396003,0.08782440402765207,0.4811932807012415,-0.07535188160595473
0.14147567615397544,0.10449027788337167,-0.08090183866015759,0.1054503872517112,0.09888801527181579,-0.037321953072541734,0.15705001726758921,0.48289877421107236,-0.10184425873951054,0.08781202080243332,0.4812021681505301,-0.07536084643881152
0.14144653517576833,0.1044798682205016,-0.0809558252778235,0.1054018179993275,0.09887417565199855,-0.037392448581475154,0.15707846792933597,0.4828902266136585,-0.10182155057183505,0.0878288890459653,0.48119762071540945,-0.07536818285671303
0.14142419258818523,0.1044613650477968,-0.0809511348391916,0.10536221590543776,0.09885866894767498,-0.03740165896596457,0.15709218437849035,0.48287040792529556,-0.10181367194973819,0.08783225511633905,0.48118312476568376,-0.07538707497124854
0.14142822646334613,0.10445414002525547,-0.08095191883191867,0.10535804998301708,0.0988509511498952,-0.037409297668338254,0.1570793272594394,0.48286332907628565,-0.10182448068970053,0.0878143282991284,0.481173121384175,-0.07541136139818042
0.14139580623394338,0.10446663971262314,-0.08101636361398205,0.10532655786388868,0.09885780970212676,-0.03747369990787894,0.15703484352173408,0.4828784799843486,-0.10184986566649541,0.08777035474748805,0.48118338497071284,-0.07543572170043962
0.14142945550465025,0.10445725168334348,-0.08096173839126498,0.10533954013588277,0.09885053685228502,-0.03743593027506206,0.15706239724873577,0.4828680093327342,-0.10181946550940496,0.08778530419248827,0.4811721797373429,-0.07543844404734174
0.1413431898374533,0.10444382902123818,-0.08100063269473545,0.10526010501320894,0.09883949940380705,-0.037468854718230825,0.15702883809708218,0.48285368613658813,-0.10183511443799775,0.08775613994338244,0.48116636426540044,-0.07544200948363823
0.14144856712472226,0.10447510355749233,-0.08095568837711706,0.1053545455888299,0.09886248943538584,-0.03743404563729166,0.1570521517422402,0.482888547525588,-0.10178664428854009,0.08777242842913333,0.48118519061028053,-0.07541301604741896
0.14134093028394057,0.10444888794307917,-0.08095507922821339,0.1052659427412074,0.09884914929395916,-0.037416000051646935,0.15701226480573793,0.4828565005921319,-0.10184103423259844,0.08774442927899313,0.4811706465627066,-0.07543507635651055
0.1414085134393301,0.10447654778360004,-0.0808940636908942,0.10533010605904966,0.09887596757976934,-0.037357926552040094,0.15702346811831702,0.48288430508001984,-0.10181958784589977,0.08775329517841808,0.4811906221590698,-0.07542026337040994
0.14148299940091627,0.10449564434340539,-0.08078832899622987,0.10538693594384256,0.09889763422664503,-0.03726649883795546,0.15708133551374803,0.48290204762007577,-0.10175070058485755,0.08780034674966904,0.48120675411044456,-0.07537987713335746
0.14153643473623764,0.10449503118795099,-0.08063167259683048,0.10542634746040268,0.09891034863890473,-0.037119764658335226,0.15712172428911533,0.4828948972685222,-0.10172136801078638,0.08783215140055256,0.4812051750009657,-0.07537274980600198
0.14157576389748344,0.10449097824910553,-0.08051003555244143,0.10544316233957217,0.09891544654643349,-0.03701564780436692,0.15721152117708828,0.4828866058003864,-0.10163838847595169,0.08790849921238111,0.48120741483581064,-0.07532449066536058
0.1416574275935105,0.1045013341502551,-0.08044255982547867,0.10552577375501221,0.09892523773285057,-0.0369474571778372,0.15721283157323565,0.4828968149469382,-0.10163276210316556,0.08791002380915523,0.48120719309182414,-0.07531896785520385
0.14169254372937207,0.10450541536160171,-0.08040784050333427,0.10556946140548958,0.09893084590766812,-0.036905423173771934,0.15719815544864332,0.48289989744668965,-0.10165230062036211,0.0879003299794515,0.4812054397137945,-0.07532569901751016
0.14175163311691946,0.10450019200790461,-0.0803309181299913,0.10563016156608784,0.09892781705284745,-0.0368268821671885,0.15720000220475125,0.4828932715348755,-0.10164195779295304,0.08790289973863137,0.48119301312408813,-0.07531382711758883
0.1418286667867525,0.10450427269838775,-0.08026611717115335,0.10569934298433696,0.09892950886212021,-0.03676890824414081,0.1572185727527533,0.4828981433851571,-0.10160539021258777,0.08791644247393599,0.48118857028212814,-0.07529110032390454
0.1418532508731745,0.10451793869509902,-0.08027415128333872,0.10573384800009374,0.0989391230025737,-0.03676922321477341,0.15718755470338672,0.48291347837140336,-0.10162385460717442,0.08789120313235413,0.481195046445146,-0.0752949274664592
0.14183407658691163,0.10448681222035242,-0.08019338618857388,0.10570860772934597,0.09892050617050166,-0.0366918925191541,0.1572290187741294,0.4828765706089657,-0.10160183439375141,0.0879292514727383,0.48117298983798273,-0.07528093360650237
0.14184695501678277,0.10449833244056168,-0.08018517657675218,0.105728721017576,0.09893027271491076,-0.036677900192677616,0.15720933489609432,0.4828887686319559,-0.10160503269729727,0.08791381732574197,0.4811804642456121,-0.07527325162379193
0.1418455945919685,0.10447896925730367,-0.08009190177066682,0.10572274412632225,0.09892093394300104,-0.036587176367882675,0.15722088452772334,0.4828645304226516,-0.10158847623896201,0.08792262026751478,0.4811636352745011,-0.07526344480612746
0.1418194149747986,0.10447032669270925,-0.08005313766725075,0.10569751106404751,0.09891862770531941,-0.03654681731139892,0.15721197246140053,0.48285287120446946,-0.10159041548321796,0.08791435952345529,0.48115805015708274,-0.07526327784080639
0.1418030574339606,0.10447419378709975,-0.0800417220941988,0.1056816827101642,0.09892525051183111,-0.036534610821660186,0.15721223576674934,0.48285548548602764,-0.10158912259295644,0.08791501793271332,0.48116446417109693,-0.07526070066726868
0.1418357280787996,0.10446837266680126,-0.0799783188056982,0.10570812473300391,0.09892395584142366,-0.03647580240439738,0.15723678051426826,0.482847345231466,-0.1015722035345595,0.0879357442003444,0.48115764640483943,-0.07525374922177869
0.14182819312861691,0.10446963892641992,-0.07996273076743794,0.10570252907584154,0.09892721196486502,-0.03645835035796689,0.1572212163073264,0.48284757535527445,-0.10158048305938773,0.08792132197499072,0.48115818792479326,-0.07525900192022567
0.1418210835164386,0.10446591032596114,-0.07994670470349374,0.10569583560111757,0.09892550653484045,-0.03644172103980231,0.15721907937933993,0.48284287643072177,-0.10157789509278171,0.08791945977461194,0.48115536728479613,-0.07525557017181692
0.14179709406638732,0.10445362574922262,-0.07991643283443015,0.10568227280225481,0.0989198100626682,-0.03640195497134264,0.1571849290144862,0.4828272773137782,-0.1016127341369357,0.08789159725912567,0.48114312747831633,-0.07527364593525931
0.14179152065288747,0.10444948700972867,-0.07989117752484026,0.10567473601887628,0.09892050026301666,-0.03637771537868068,0.15720242296073797,0.48282088349856733,-0.10161042157334921,0.08790800084139178,0.48114244584011673,-0.07527383743844308
0.14182112493033713,0.104461811136486,-0.0798284255752639,0.10570385704768702,0.09893487604781649,-0.03631510389202936,0.15718925985204324,0.4828318777122961,-0.10160107588109327,0.08789435458279243,0.4811492502143003,-0.07526603036848843
0.14176575241859013,0.10444476184217098,-0.07979308373988639,0.10565660512382,0.09892912619787438,-0.036271589512618795,0.15717558898797707,0.4828094965578145,-0.10162882538884753,0.08788580231411687,0.48113948893604847,-0.07527951247642767
0.14177856766601482,0.10444554454541048,-0.0797461197457664,0.10567084416063457,0.0989347954543316,-0.036222825265634126,0.1571826557233081,0.4828077883996622,-0.10162902745003555,0.08789370871017285,0.48114010373942706,-0.07527735950648068
0.1417731923941203,0.10443767057873941,-0.07968439416497645,0.105667829002255,0.09893593336121029,-0.03615800175048001,0.15718542417737477,0.48279544509808725,-0.10163872688360578,0.08789794767160494,0.48113439542869885,-0.07528277371964981
0.1417326443508143,0.1044398315925419,-0.079685645966744,0.10563608019415832,0.09894336689915043,-0.0361512900320475,0.1571676020843782,0.48279514748689545,-0.10166636859230367,0.08788557565225849,0.4811407210569988,-0.07529567576163355
0.14176221143002402,0.10442520214203455,-0.07958063624814073,0.10565717351859358,0.09893945235895711,-0.036051956031279545,0.15720922284955555,0.48277515573831264,-0.10164503301745643,0.0879220990484968,0.4811281992884819,-0.0752872682497159
0.14183984030844335,0.10445509165786905,-0.07954102558723093,0.10573839043441695,0.09896429849304439,-0.03601000535907178,0.157189925389555,0.48280686518214727,-0.10164182900997284,0.08790455169867477,0.481144845384497,-0.07528040954079922
0.14186581275048357,0.10444764262187635,-0.07945571731386894,0.10576432423482905,0.09896466944920519,-0.03592374346898157,0.1571923376618628,0.4827952480709803,-0.10164405294241038,0.0879068362491224,0.48113498628028356,-0.07528285838499457
0.14183375973255025,0.1044429680189932,-0.07941675141157989,0.10573149552068614,0.09896723544061103,-0.035884509495995906,0.1571855444562697,0.4827870833184768,-0.10164709726904275,0.08789968332425843,0.48113434589316645,-0.07528637535326331
0.14187775554556045,0.10445488671998214,-0.07935708248522226,0.10578254233875695,0.09898075458480571,-0.035818792720784406,0.1571474589707952,0.48279752378166635,-0.10166896925911033,0.08786552146866095,0.48113584620274513,-0.07529849870402731
0.14183423600030445,0.10443745586978076,-0.07931651194518997,0.10573984510951362,0.098973954416085,-0.035776205184920286,0.15715667830985824,0.4827750952321916,-0.10167693582854974,0.08787547350419518,0.4811265693038416,-0.07530371500397558
0.1418340741861104,0.10443902967154219,-0.07925349230687864,0.1057437530068435,0.09898167702918732,-0.03570904106444743,0.1571295921829024,0.4827732907369579,-0.10168938288850003,0.08785074292525578,0.48112535421196234,-0.07530993815461129
0.1418497959034783,0.10444611582247779,-0.07921207907731752,0.10575918917327247,0.09899099425760499,-0.03566758494489922,0.15711635459182774,0.4827789679499755,-0.10169141046824097,0.0878372039724379,0.4811287078064385,-0.0753129024619686
0.14181378947528925,0.10444022941079896,-0.07921381711607506,0.1057268366763858,0.09898927719967117,-0.035665772701063234,0.15711864028953207,0.48277128701773375,-0.10169731205050891,0.08784188066302358,0.48112862590117955,-0.07531205113026126
0.14178738417132838,0.10442176645035306,-0.07920183972577545,0.10571751501603427,0.09897762729350762,-0.035638792281284255,0.1570769551565272,0.48274924400653924,-0.10175586149478036,0.08781052137120753,0.48110989835250983,-0.07534329913871643
0.14178426466247063,0.10443031594196248,-0.0792326854177978,0.10571700041018246,0.09898350461863697,-0.035667815276205106,0.15708292737623564,0.4827592695809381,-0.10175576048544725,0.08781811926823777,0.48111962130655184,-0.07533895399751307
0.14184685496223892,0.10443402360979195,-0.07922993982895822,0.10577483726576815,0.09898250754932428,-0.03566959402410849,0.15710290120301793,0.4827650049976379,-0.10174785998387617,0.08783501177740692,0.4811168150048889,-0.0753396658390363
0.14188502900029465,0.10444753795410947,-0.0792430700403748,0.10580442147369241,0.09898997810689963,-0.03569059576260794,0.15713334218945352,0.4827815311946929,-0.10171557894379317,0.08786019250722803,0.48112814163660483,-0.07532151162184347
0.14187798181386027,0.10444115380106422,-0.07924485946176392,0.10580110097404845,0.09898591371414364,-0.035689007511030595,0.15712723905199177,0.4827739753844635,-0.10173644498443865,0.08785636065741967,0.4811223537983031,-0.07533630660785141
0.1419312875182124,0.10446142404872655,-0.07924408977738112,0.10584176480421925,0.09899914197640522,-0.0356995948379666,0.1571555511023849,0.48279759543143014,-0.10169622496965203,0.08787687358909056,0.48113772762582085,-0.075317077246511
0.14189987720346547,0.10445055740158989,-0.07925783788337337,0.10580779190862556,0.09899022934220351,-0.03571522184754008,0.15716928154416562,0.48278611309261693,-0.10168968452908579,0.0878892444365701,0.4811329620641652,-0.07531368589832783
0.14189802040525076,0.10446129949905895,-0.07928126345958533,0.10580692208739739,0.09899880827171097,-0.03573810066113539,0.15716143660685933,0.4827979207748613,-0.10169920895781105,0.08788197323527774,0.4811427674472834,-0.07532182894897918
0.1418773148526578,0.10444703024934199,-0.0792879660476405,0.10577976761929835,0.09898624623890259,-0.03574993512734235,0.15718776059515455,0.4827831556253496,-0.10168219833032034,0.08790458387774461,0.48113455588322457,-0.0753141628222125
0.1418454014239009,0.10445669271707919,-0.07934925401454476,0.10575822039141125,0.0989913237905003,-0.0358032057171983,0.1571462391046657,0.4827951374838252,-0.1017108445358277,0.08786932293660195,0.4811432198906804,-0.07532657254983283
0.14187272541602042,0.10446603616721745,-0.07936265435822969,0.10577516799002264,0.09899552708364223,-0.03582585276539975,0.1571721641983111,0.48280706063373907,-0.101681514801015,0.08788893269001484,0.4811511804633097,-0.07531407946210825
0.14183449415918795,0.1044607720307381,-0.07941213673126038,0.1057330372167414,0.09898748016889908,-0.0358789184087204,0.15718541475842274,0.48280363662457565,-0.10166435461127972,0.08790004047115252,0.48115232014571524,-0.07530226407426144
0.1417447459344225,0.1044518490290883,-0.07953377128306215,0.1056557572566388,0.09897435933589173,-0.035990744085061206,0.15715656179789272,0.4827973975755134,-0.10169808899847628,0.08787903874694522,0.4811520299923306,-0.07531500124961583
0.14182760148775111,0.1044684993848577,-0.0795450201239526,0.10571908175909721,0.09898015477044857,-0.03601955526613603,0.15721354001313234,0.48281928424806797,-0.10163781627972801,0.08792402856744724,0.4811628213738671,-0.07528692468025662
0.1418351490522521,0.10446853814485792,-0.07959932169835966,0.10571666903373853,0.09897142153818908,-0.036083228987098835,0.15722994072944887,0.48282379711528106,-0.10160917293671436,0.08793441727113488,0.48116250535241406,-0.07527439949855261
0.14177093504455343,0.10445372909622523,-0.07968998011019518,0.10566835493824536,0.09895490916637106,-0.03616091047004811,0.15719600708722636,0.48281013781338966,-0.1016588282371021,0.08791027940160699,0.4811526533376222,-0.07529805362767135
0.14178535649442706,0.10445353884562558,-0.07970587639814665,0.1056825555975206,0.0989520236531796,-0.036177330446372134,0.15719689771655634,0.482811205860791,-0.10166254647570103,0.08791097560383679,0.4811503666484407,-0.0753024940511836
0.1417971244333424,0.1044586845457564,-0.0797385973479511,0.10569563254317593,0.0989520120369059,-0.03620961785296824,0.15718648734059468,0.4828187910616198,-0.1016687697026804,0.0879012623048359,0.4811521116296102,-0.07530725371559031
0.14179542130343237,0.1044544738518822,-0.07974661890240768,0.10569342095792178,0.09894740105389463,-0.03621811174973191,0.15719235831729522,0.4828148363764779,-0.10166705579911092,0.08790685787120879,0.481148838507378,-0.07530622059311008
0.14179106041571657,0.10445915059198592,-0.0797795717565998,0.10569117681984912,0.09894798306460194,-0.03624982731053108,0.15717902135936165,0.4828215153540478,-0.10167173342583646,0.087894767724142,0.48115203880641955,-0.0753078414523456
0.1417799539785106,0.10445643972215242,-0.07980827342496806,0.10567508839203793,0.09894262465725524,-0.03628299641145578,0.15720172357323955,0.4828203622129358,-0.10164966378479269,0.08791459205269753,0.4811532349728541,-0.0752931874242677
0.1417981987694706,0.10446135663749204,-0.07981792713323503,0.10569012368281192,0.09894409551577388,-0.03629574936211333,0.15719974495437963,0.4828268508624034,-0.10164635602647808,0.08791057299586179,0.4811548801724667,-0.07529555116140112
0.14173750471636756,0.10444714515298512,-0.07985496285177777,0.10562776318528999,0.09893165681063402,-0.036333942992469725,0.1572061305745588,0.4828122199842154,-0.10164319166716097,0.08791624466954888,0.48114968737462244,-0.07529366699753604
0.1417562492728262,0.10444245513316912,-0.07982909885955425,0.10564002698924782,0.0989285590553916,-0.0363132551621519,0.15722857199532475,0.4828067357082613,-0.10162849259787689,0.08793476490410868,0.4811452239888225,-0.07528921714592257
0.1417849720076147,0.10445797413326807,-0.07986112276097126,0.10567201024326943,0.09893733875672353,-0.036343427597551735,0.15721687128525103,0.4828253572674322,-0.10163530512872425,0.08792486498339316,0.48115486751297804,-0.07529186039638186
0.14179032377004386,0.10447302398443839,-0.07989698984582455,0.10567786075598641,0.09894779795610964,-0.03637946341009597,0.1572043199968938,0.48284257886227705,-0.10164610051177209,0.08791253710933136,0.48116708086733867,-0.07530238618644781
0.1418551836408385,0.10449074080050985,-0.0798765258821849,0.10573084649070943,0.09896017857096495,-0.0363695337823044,0.15722820707692303,0.48286263064137647,-0.10161401151368028,0.08792902996306728,0.48117797924248196,-0.07529033861780417
0.14177470816681914,0.10447032300273133,-0.07990709553179734,0.10565909893009492,0.09894618607586887,-0.03639204186799451,0.15721353092500748,0.4828394958119291,-0.10164524109252542,0.08791994697740305,0.48116759365691225,-0.0753060360816909
0.14177232248610072,0.10447151979646156,-0.07991957838201438,0.10565774637554867,0.09894568661342214,-0.0364038826541682,0.1572046207055309,0.4828414981674343,-0.10164833334199758,0.08791163537265687,0.4811678104943941,-0.07530766693141407
0.14178961007331925,0.10448888848295786,-0.07996528660234123,0.10567701811284642,0.09895434412396384,-0.03644905129498901,0.1571914381557456,0.4828630078988739,-0.10164349226711406,0.08789952287265841,0.48118032430548263,-0.07530058418830803
0.14178338221090936,0.10449110253128498,-0.08000177421858834,0.10566883797656537,0.09895188393521716,-0.036487753871340324,0.15719197745085642,0.4828675876634434,-0.10163383016941595,0.08789890611954383,0.4811828064256788,-0.07529409722891461
0.14181113344194288,0.10447710004010048,-0.07995822185850283,0.10569255227974127,0.09894068565074492,-0.03644719537981683,0.15720830522931947,0.48285209819888475,-0.10162439415968935,0.08791273088982599,0.4811673180122275,-0.07529124686574061
0.1417909060235107,0.10447927691289288,-0.07998799038936938,0.10567961055039017,0.09894168030998486,-0.03647106749945708,0.1571899568961968,0.4828549013448667,-0.10164188659372805,0.08789881701016261,0.48117010082192363,-0.07529707431095861
0.14177336197484267,0.10448327562146431,-0.08000434453301716,0.10565991718807365,0.09894525945018495,-0.03648925867523951,0.1571989427661156,0.48285928134688233,-0.10163268014685979,0.087906614885495,0.48117744183309163,-0.07529080347763124
0.14180444448069074,0.10447559274062417,-0.079918930080482,0.10568295842303718,0.0989441488199472,-0.03640968292738506,0.15721445820585644,0.48284819270717866,-0.10161782923308138,0.08791717646062532,0.4811678595243158,-0.0752888912210943
0.14177045508653324,0.10447361348855713,-0.07988974619090297,0.1056509268235018,0.09895009079570803,-0.03637786747016994,0.15720688535387864,0.482842449171251,-0.10163545743745817,0.08791091010009466,0.48117036933597235,-0.0753025556533054
0.1417735218957358,0.10448875756892329,-0.07988094417796904,0.10566251199340053,0.09896654040648867,-0.03636183003102802,0.157187178014835,0.4828568105192828,-0.10165640891447476,0.08789627652378683,0.48118318283098443,-0.07531025749455683
0.14173181215032332,0.1044661809905304,-0.07979857261949067,0.10563100470625018,0.09896051181480829,-0.03626889856254897,0.15716540868171683,0.4828261104917793,-0.1017006957770916,0.08788079650893749,0.48116566707982805,-0.07533717557462839
0.1417543156077147,0.1044724933111371,-0.07974456012269013,0.10564984773989523,0.09897078452309654,-0.03621742128858668,0.15717994218970716,0.4828303562551606,-0.10168795880838198,0.08789306956596839,0.48117107216803073,-0.07533030693909702
0.14179461535767207,0.10447355959104175,-0.0796476662336629,0.10568786924261711,0.0989800438542872,-0.036121382398224815,0.15719644401072125,0.48282709580350297,-0.10168219510456464,0.0879080809257348,0.4811696223033051,-0.07532834763741764
0.14181646654817054,0.10446608448767017,-0.07956684935293276,0.10572615946880248,0.09898166125214948,-0.03602578768258848,0.15715520131279595,0.48281457416710116,-0.10173165763111786,0.08787655177590618,0.48115569486090454,-0.07535237425353722
0.14189807382699346,0.1044660589305522,-0.07944429116452616,0.10581120030774124,0.09898825379469083,-0.03589955066479245,0.1571589523464769,0.48281053805112695,-0.10173096562908727,0.08788204687999766,0.48114606043692854,-0.07534745492670425
0.14199183677500235,0.10446736626815345,-0.07926667432400455,0.10590408301348864,0.09900083027814287,-0.03572124715411222,0.15716663939568581,0.48280529037738573,-0.10172275811069485,0.08788882070774265,0.4811367154347821,-0.07534190427265898
0.14199525383064146,0.10445280701012956,-0.07912502565687103,0.10592500121358134,0.0990034239664809,-0.03556295138032646,0.1571154926168131,0.48278142089105075,-0.1017739428690635,0.08784808116248066,0.4811174964763118,-0.0753654817309987
0.14196216543325102,0.1044234087700761,-0.07892754046563559,0.1059033145903427,0.0990012347622648,-0.03535263347080621,0.1570844287953661,0.4827378843469714,-0.1018100637679331,0.08782396578489186,0.4810914659424957,-0.07538228815713757
0.14203499328140629,0.10443455424905795,-0.07867246000570063,0.10597321592604629,0.09903457250370172,-0.03509721903318979,0.15709517506546555,0.48273664504755415,-0.10179937452130555,0.08783265978636853,0.48109565309817115,-0.07537664043950897
0.14214229629431394,0.10446198319785606,-0.07842548053439771,0.10608026374062682,0.09907878856085535,-0.034848373720302014,0.15710399118702692,0.4827540117419844,-0.10177979445710904,0.08784089376014174,0.48111074727229314,-0.07535872766489021
0.14232647902179407,0.1044806821110737,-0.07806041503031463,0.10624871868222886,0.09912282710855749,-0.034493204730101076,0.1571534760728259,0.4827572860990113,-0.10174809509182359,0.08788023231671244,0.48111129596230684,-0.0753538121938476
0.14247505121733622,0.104523878373988,-0.07779408992264432,0.10638639417626752,0.0991794211050622,-0.03423425952624731,0.15718390567291687,0.4827915304222272,-0.10169739863527669,0.08790353614615819,0.48113797630289523,-0.07532229843200484
0.14259534440180952,0.10454114216860745,-0.07748506706412771,0.10649745302038688,0.09921806936034386,-0.03393026998753619,0.15719518925674686,0.4827953892610492,-0.10166572544301797,0.08790875111480759,0.4811403586364042,-0.07530666406069368
0.1425847921531383,0.10453664233862503,-0.07722548518407377,0.10650227999915937,0.0992452458474262,-0.033654087977637755,0.15715662294319352,0.4827729107721992,-0.10170245684655593,0.08787941382685864,0.4811346007165557,-0.07531810559556606
0.14262648640216907,0.10453576005867922,-0.07694033038118796,0.10654773267930208,0.09927409370768431,-0.03336222106348529,0.15715317456544414,0.4827545581955898,-0.1017123149559565,0.08787806222017468,0.48112881468836816,-0.0753216817441245
0.1428112408321903,0.10456730398724084,-0.07658453651136315,0.10671215377088139,0.09932432414924983,-0.03302101633164646,0.1571932118627121,0.4827728408705899,-0.10164178961200585,0.08790514622227237,0.4811386419630626,-0.07528570668113056
0.14295514083344332,0.10459696840329827,-0.07622261190479539,0.10685438061517175,0.09937818433219149,-0.03265757294954881,0.1571643474456005,0.4827854268687383,-0.10163370168626354,0.08787456276483809,0.48114389118441986,-0.07528259443793113
0.14308637555646828,0.10462277408854465,-0.07587449009382692,0.10698479365110662,0.09942748241705913,-0.03230732421091935,0.15715132046299143,0.48279472077394725,-0.10160950938358557,0.08786045781756985,0.4811490826159112,-0.07526149271005653
0.14311661066751505,0.10462644518510512,-0.07557958425941104,0.10702919428730126,0.09946350747224568,-0.0319968391890929,0.1571136202088405,0.4827779814942721,-0.10164938410159607,0.08783108961767108,0.4811443855417382,-0.0752787171993358
0.14314093488555346,0.1046056745098063,-0.0752618970302349,0.1070552156482502,0.09947782679857824,-0.03167360433979909,0.15712805624153905,0.4827359141504883,-0.10164403982319369,0.08784651732927334,0.4811224285832415,-0.07526952970461659
0.14337646077549243,0.10466167167489636,-0.07490801908573264,0.10727829856783691,0.09954717930854093,-0.03132846117431722,0.157136442944548,0.4827787099133659,-0.10159703250642317,0.08784645544289817,0.48114360086395125,-0.07524605901131003
0.14351418263093382,0.1047039873547256,-0.07463349766504175,0.10741499579549453,0.09960567038019263,-0.031052893165593117,0.15712895938832436,0.48280775426550665,-0.10158371945668891,0.08783778922906058,0.48116396464363037,-0.0752363961132942
0.14361946509805268,0.10470132176055409,-0.07427554187332981,0.10752019158436889,0.09963532158251638,-0.03069124070111305,0.15713316959695645,0.4827825666644993,-0.10159013862111198,0.08784156082383855,0.4811455103529587,-0.07524354958214068
0.14336491947082072,0.1046342679769088,-0.07407530754804995,0.1073226183745311,0.09962209300088165,-0.03043766498587423,0.15697062682733506,0.4826847032063978,-0.10176805575073769,0.08771398896408363,0.4810964131062284,-0.07532670177332991
0.14338258909918175,0.10463517228071902,-0.07378928063788118,0.10734139663446914,0.09965539158522768,-0.03014701391585492,0.15697014771726256,0.4826645041107914,-0.10177745099258396,0.0877141142484997,0.48109363631887425,-0.07533347329866771
0.14352920929120525,0.10466885912187707,-0.07348905306865439,0.10747413560443872,0.09970652177338604,-0.02985626626593304,0.15700836303754773,0.4826839213212558,-0.10172130975452631,0.08774347117070469,0.48110877168400623,-0.07530079855551207
0.1436361277661271,0.10469150976684233,-0.07321396112172956,0.10758214015287428,0.09975020760458687,-0.02957788974935665,0.15701375246610483,0.48269020497186615,-0.10171239500116858,0.08774913536464976,0.48111503197824684,-0.07529116487175537
0.14372181221025962,0.10469278230607011,-0.07294444145063472,0.10766410395239796,0.09977467978613992,-0.0293088234593135,0.15702825568423115,0.48267423037385426,-0.1017037639661197,0.08776110868549418,0.48110378375484536,-0.07528888562465023
0.14391970658003636,0.10471913945020088,-0.0726598315881279,0.10783872507486371,0.09981154895160688,-0.029042271548487625,0.15709237714356988,0.4826894036709147,-0.10162697276642027,0.08781059358624008,0.4811064276588228,-0.07525125651485902
0.14399367532649404,0.10474557495676413,-0.07251303079763763,0.10791791926590456,0.09984638436415981,-0.028890204537933784,0.15708406623989923,0.4827079583694566,-0.10161996371104913,0.08780515257518237,0.4811200807959686,-0.0752370048176508
0.14413605908322036,0.10475200297155005,-0.07228133076143027,0.10804835365615084,0.09986516842343264,-0.028667003072028584,0.1571213548113234,0.4827027562110836,-0.1015856883455451,0.08783480364634991,0.4811080216126331,-0.07522320737454308
0.14426110428944502,0.10475783272373132,-0.07206569245295186,0.10817042866686827,0.09988433097256229,-0.028452330641719897,0.15714956418695705,0.4826965918981459,-0.10156682917798039,0.08786086107029017,0.48109739074597785,-0.07521027534771402
0.14426117060210708,0.10474740292497847,-0.07191439896388219,0.1081951230649891,0.09989596363731636,-0.028278210237337804,0.15709558928305337,0.4826700256658342,-0.10164492318882085,0.08782164268093796,0.48107943491785965,-0.07524908834765419
0.14436577541460058,0.10475380474586746,-0.07162816893405315,0.10828724079443819,0.09992464466624738,-0.02799983218742397,0.15712736231452085,0.4826585987263849,-0.10161556193900086,0.08784557375414244,0.4810711699262811,-0.07524012644682267
0.14449042161958714,0.10479282201678308,-0.07136135216348757,0.10838721874336889,0.09997822341175515,-0.027751816542923826,0.15718717603850457,0.4826849169884561,-0.10153571442751134,0.08789019286606717,0.48109591154867404,-0.07520032115849591
0.14451796634198735,0.104806291526233,-0.07111504590909357,0.10841501688041323,0.10001798099886464,-0.027502406260034876,0.1571884747983815,0.48267925962408625,-0.10153894028949778,0.08789155300490997,0.4811028231828538,-0.07520263014895845
0.14461483300231912,0.10483225524378861,-0.0708255742902773,0.10851919663784347,0.10006761714744596,-0.027204289646831165,0.15715872562946198,0.4826845076927169,-0.10155766224285225,0.08786579623181856,0.4811069612401586,-0.07521091602238598
0.14473512536497435,0.10485597531149386,-0.07057630987770662,0.1086288887711587,0.10010650675536464,-0.026962144264274627,0.15718739189269829,0.48269405541838745,-0.10151918357026951,0.08788771944359915,0.4811130968857749,-0.07519038332627516
0.14476484285070287,0.1048710225003888,-0.07045319710613676,0.10868428754634303,0.10013341201906285,-0.026816494772592053,0.1571121216233149,0.4826975925689853,-0.10157815188531732,0.08782766312580167,0.4811127974657058,-0.07520957230830158
0.14480808121121014,0.10486155665919603,-0.07027212226206737,0.10874324930160886,0.1001430930475388,-0.026620350073898465,0.1570941177389342,0.4826726238013782,-0.10160877818160667,0.08781899301119389,0.48109306366982263,-0.07521537299263473
0.14482751939939206,0.10486510850947428,-0.07013767231667474,0.10878967940305062,0.10016199537329384,-0.026461957898745544,0.15704417412624733,0.48266329948260156,-0.10165616526306963,0.08778520866671738,0.4810866939802145,-0.07522020921287341
0.14495199544388157,0.10488296853887738,-0.0699439110004492,0.1089214817636101,0.10018751024453451,-0.02626132900222042,0.15703432451770521,0.48267082170996944,-0.10163760869295518,0.08777935900057657,0.481082499727846,-0.07519187674572313
0.14506646308557453,0.10489799154539026,-0.06970623907765262,0.10902880588472774,0.10021778191611037,-0.02602791360619734,0.1570997302865236,0.4826726977750709,-0.10157482810264329,0.08784025954750875,0.48108672931428653,-0.07514075594727215
0.14520718467707402,0.10496300542502984,-0.06949356165712416,0.10917025797286022,0.10028853849914095,-0.025814018534925452,0.15713271570028023,0.4827293971999743,-0.10150090625251948,0.08787333205570433,0.48113331593057246,-0.07506721457925253
0.14516306427871054,0.10497423204161657,-0.06927280209584105,0.10915311293256648,0.1003304982062611,-0.025567741121111376,0.1571072803467099,0.482719522772608,-0.101521308820563,0.08786435770715006,0.4811469322772214,-0.07504312200219919
0.14526245523881195,0.10501574363389994,-0.06901248550191194,0.10925751159819658,0.10039114599154403,-0.02530127018166997,0.15711856581814063,0.48274353462849373,-0.10149761602604619,0.08787839863939706,0.4811718449939747,-0.07501217107084836
0.14540576267675978,0.10505578889163712,-0.06872109184139216,0.10939129349561498,0.1004484982265019,-0.025015896532167743,0.157138685635,0.4827654187816424,-0.10146111566707018,0.08789232292214148,0.48118770168346126,-0.07499223179336349
0.1454820539172708,0.10505045107283945,-0.06838868758443656,0.10945564585606861,0.10047180117663658,-0.024690322603285672,0.15714928084194718,0.48273544837247534,-0.10143492464036813,0.08789544883308634,0.48116560464444214,-0.07498512130498476
0.1455027133935665,0.10503315801437964,-0.0681704860852472,0.10949031190466295,0.10048207468435726,-0.02445769854869976,0.1571316352461069,0.4826960677448057,-0.10148159449356006,0.08788619462289486,0.4811394057039273,-0.07500905192753268
0.14551090096171998,0.10502779492274755,-0.06800501461695325,0.10952970967445737,0.10049997355182183,-0.02426411931435875,0.15706565709142115,0.48267077504569295,-0.10156693243370789,0.08783896795316459,0.48112183416464943,-0.07504494067545837
0.14567993625256492,0.10506407292162584,-0.06777641978384008,0.10969093038955795,0.10054391901474344,-0.02404116077762553,0.1570763804849957,0.4826940284854503,-0.10153842316953597,0.08784443338462539,0.4811289115469389,-0.0750311097752529
0.14573691647103948,0.10505424598270525,-0.06751363287689785,0.10975756567657219,0.10055974864184981,-0.023767787076961193,0.15703370767614136,0.4826602322926266,-0.10157588125064049,0.08780732528695373,0.4810989866169287,-0.07505381031022344
0.14590226636820267,0.10507078697009421,-0.0672038572164908,0.10990998113768702,0.10059599311749133,-0.02346663235537239,0.15707419617021123,0.48265526840457423,-0.10154454033794982,0.08783955793304915,0.4810888551431628,-0.07504433333147167
0.14592847651709123,0.10508249284258164,-0.0670008826002273,0.1099637681133143,0.10063412789221246,-0.023238284261123298,0.15701100700982332,0.4826430242475401,-0.10163262809446627,0.08779287976329746,0.4810840558131922,-0.07508888624018195
0.14602964691118367,0.10509130464522201,-0.0666662280033762,0.11005784239649669,0.10067074256937582,-0.02290664476060683,0.1570212082269759,0.4826251970138519,-0.10161591821269976,0.0877984851797664,0.4810708432978929,-0.07508389318298438
0.14565482501648577,0.10496441880245794,-0.06642305940288598,0.10974770580420852,0.10061866544070461,-0.022602899290396137,0.1568394876234377,0.48244986629545994,-0.10183175051497688,0.08765678750739263,0.48097198035999417,-0.07519118724132295
0.14574858748212383,0.10497985965731624,-0.06606964262237307,0.10984609679118017,0.10066600697730127,-0.022242538543595997,0.1568313784123524,0.48243467352386854,-0.10183513418977493,0.08765118852520563,0.4809637590859382,-0.07518766730046192
0.14582549330425681,0.10500426606119169,-0.06573310518894925,0.10992183973900224,0.10072187397376399,-0.021903868447182406,0.15683249470402433,0.4824295126166341,-0.10183247271310084,0.08765136241588396,0.4809680068260761,-0.07518693481503223
0.14606098374014764,0.10506305986878738,-0.06527134080601447,0.11010825602982545,0.10080292813695496,-0.021480178883715687,0.15695253484628985,0.48246204603167636,-0.101678956913369,0.0877411283752425,0.480994283403126,-0.07511249985022027
0.14624808662505567,0.1051238866507689,-0.06487528781755317,0.11027974396089525,0.10088527932625596,-0.02109486127061041,0.15696998672511217,0.4824954955195919,-0.10161552231456257,0.08774857124517733,0.4810176172647279,-0.07507571695467975
0.14637439432407887,0.10515254869776715,-0.06448942591036481,0.11040455711751122,0.10094732110671674,-0.02070700835570464,0.1569949365315451,0.48249060534335936,-0.10160182603541792,0.08777231729027965,0.481019942404213,-0.0750647597013139
0.14659959840240314,0.10518228620747869,-0.06398728638274781,0.1105966435472167,0.1010104339095348,-0.02022890313119614,0.15709598739975442,0.4824836858829136,-0.10150547895473619,0.08785287496318585,0.4810138960149669,-0.0750218830591024
0.14678071946491894,0.10522056909095846,-0.06363248435321328,0.11076899566836533,0.10106898385568497,-0.01987938956067179,0.15711001168828237,0.48249489383870703,-0.10146798040109808,0.08786110570006736,0.4810151877774886,-0.0750000896062089
0.14689079404918745,0.10525311433998814,-0.06333936600713845,0.11089298651582084,0.10112628272956642,-0.01957247979918389,0.15707468853062773,0.48249844911817286,-0.10150192402125702,0.08783383772772625,0.48101678894282657,-0.07501307699203437
0.14698040454794864,0.10527965171668915,-0.06306718064145748,0.11102312113061769,0.101181104236939,-0.01926433949511063,0.1569776195745158,0.4824915437458831,-0.10160780020527767,0.08776090602841435,0.4810078201111509,-0.07505606045483762
0.1471530645534327,0.10529294267844944,-0.06254843381168135,0.11118195827067488,0.1012390073239722,-0.018752790927641053,0.15702675667342791,0.4824573639547399,-0.10158232524124719,0.08780130679068905,0.4809834373951552,-0.07505282500562663
0.14725460054821507,0.1053062624707448,-0.06205440189213964,0.11129533215230482,0.10130292601235999,-0.01824438559081898,0.15699506085965026,0.4824179081400759,-0.10162794464970588,0.08777646334116332,0.4809590683878243,-0.0750797375939857
0.14729994870516566,0.10533763850472218,-0.06170548708752187,0.11135236261098777,0.10137091048942432,-0.017882555447289887,0.15694325165441309,0.4824107417508608,-0.10166817805610748,0.08773151188146647,0.48096310001629855,-0.07510148528616142
0.1476304339073979,0.10542797361649804,-0.06142366239432201,0.1115354577457308,0.10139793432693221,-0.017727842297848666,0.15720343989256563,0.4825459575402809,-0.10097766232560597,0.08790210725068626,0.4810340859255651,-0.07464917410461952
0.14804248066705616,0.10550906133182787,-0.06076648777010738,0.11186478879526959,0.10149749102935107,-0.017137424873587576,0.1574173000019644,0.4825930892666695,-0.10068996196472196,0.08806556194257889,0.48105747472680843,-0.07449591550660913
0.14803597324655626,0.1055208833045234,-0.06064569544114326,0.11206475747295229,0.10157735432982941,-0.016840063044330427,0.15704720316944806,0.4825310064785225,-0.10134336014684232,0.08781954742550935,0.4810143619610541,-0.07482202489899391
0.14821499296852036,0.10557629913341822,-0.06032743641215897,0.11219951415322665,0.10162386345617307,-0.016558991698958365,0.15729425611983347,0.4825964481664679,-0.10091695915659427,0.08803988891095768,0.4810778422983551,-0.07446556576346751
0.1484085146431428,0.10557713372163949,-0.059424536016056004,0.11238154409817713,0.10170997297860271,-0.015657931443279118,0.15745197268122088,0.4825143729061276,-0.10078476734500585,0.08819055433591512,0.48104136447055973,-0.07434926226816435
0.14807526486037623,0.10558171701625793,-0.05983531072697907,0.11229884846688475,0.10174088888382932,-0.015861349295391115,0.15698116817200003,0.4825007042041539,-0.10139126260332844,0.08787209836761138,0.48105627900250775,-0.07455844947590154
0.1482406365323177,0.10554544357156966,-0.05874198661482877,0.11241651900301458,0.10180174793109001,-0.014798493798619255,0.15713757380759796,0.4823679531407033,-0.10116575285539954,0.08799929563982756,0.4809758278484102,-0.0744055168159139
0.1485495848917238,0.10564780605261569,-0.0582179269422744,0.11265963191426415,0.10190005197302424,-0.014328533812216535,0.1573128789698234,0.48246057066456743,-0.10075591296998058,0.08813410295236651,0.48104093957693933,-0.07410199487105944
0.14855300469871216,0.10569332677897865,-0.05818368322029913,0.11274041380857722,0.10194720372492401,-0.014231002864149843,0.15718868819429355,0.4825008368015534,-0.10079425132313116,0.08805684608299164,0.4810755212148893,-0.07401913908249133
0.1489291603972411,0.10579208079477274,-0.05741808936305896,0.1131144841006599,0.10209499417875674,-0.013462956249679522,0.1572316383258703,0.4825278264792176,-0.1007237695531293,0.08809777563320378,0.48108986499524925,-0.073954551229006
0.14872555234175305,0.10578300419464892,-0.05751656357007202,0.11301265246524106,0.10209887832908447,-0.013477612473264173,0.15711341017701483,0.48251934648797584,-0.10080059514379869,0.08804207233676754,0.4811128037607871,-0.0738687983185321
0.14880137069585359,0.10577981285098065,-0.05689629529751981,0.1131477966749601,0.10217505793021593,-0.012802740029340093,0.15706404590478193,0.4824327126003823,-0.10092420078544519,0.08802887934316629,0.4810663611489895,-0.0738977578962359
0.14924618964821168,0.10592541213272084,-0.056417067355279724,0.11358862435101219,0.10231863500905644,-0.012326905067686645,0.15715244485046043,0.4825536407380245,-0.10072060783685821,0.08811404003073438,0.48114045944080774,-0.07370484702411685
0.14934364331743058,0.10595431613776139,-0.05588771926548163,0.11372747072169054,0.10240250172812478,-0.011759654740509759,0.1571282766071983,0.4825209764394004,-0.10073284148304999,0.0881150848165153,0.4811314075657946,-0.07365151561206769
0.14948536417646324,0.10601574455099347,-0.055239519826108814,0.11393232911668534,0.1025368612463248,-0.01105476811603549,0.15703013360374196,0.48249417274442685,-0.10085974244925808,0.08805536782527182,0.48112727425590696,-0.0736795469376417
0.1495012289474699,0.10604103355354147,-0.054849241385814713,0.11395927966351126,0.10259962935593125,-0.010652637523806156,0.1570908415699306,0.4824850701428712,-0.10074499554093305,0.08812301406085317,0.48114834613351937,-0.07354569975366329
0.14986820882400106,0.10615290818740368,-0.054013476926387895,0.11431968866342523,0.10277526486280658,-0.009817238911653418,0.1571027245826023,0.48250116160962125,-0.10074450602568748,0.0881301183648445,0.48115793778262955,-0.07355765083787401
0.1499291237348181,0.1062080676498366,-0.05370315367432574,0.11439784493595179,0.10285836193236048,-0.009490927840132897,0.15707841813613693,0.4825212167931462,-0.10072906700201366,0.08811628985748611,0.48118672647165567,-0.07351521478327808
0.15031231789074037,0.10631260205444516,-0.05295480234588393,0.11472985199424743,0.10300459059521574,-0.008780619890510188,0.15720335713276826,0.48255501336701045,-0.10058144048848214,0.0882091632852572,0.48120658327745314,-0.07344967487420496
0.14996433550904908,0.1061958466452894,-0.05250181505754136,0.11445024898977188,0.10299248523322337,-0.00826493735290331,0.15707982128067358,0.48235001932143073,-0.10078787301898785,0.08812824857692525,0.48110370332239044,-0.0735431107364377
0.15007900818993228,0.10623293016479346,-0.052082401073731,0.11458804997474836,0.1030701047942249,-0.007824050050071278,0.1570777478467877,0.4823348606987519,-0.10079062055196397,0.08814024849261523,0.4811019759499481,-0.07350965774431989
0.15048291542390155,0.10631621809165313,-0.05132488814116887,0.11498593502257867,0.10320809151040856,-0.007067491626764778,0.15710383987674117,0.48232386537186367,-0.10080769019486496,0.08816191506003139,0.4810761188025789,-0.07353858891175702
0.1506116785943003,0.10635060622463896,-0.05090632079147043,0.11509765303223272,0.1032721003869451,-0.006660529976137262,0.15716598857521136,0.4823173735914694,-0.10070758592905889,0.0882134129839578,0.48107703602679325,-0.07346508905780015
0.15085932976848143,0.1064124648537034,-0.05018191205133069,0.11534584217021177,0.1034023251434578,-0.005930985821222521,0.15716106574031108,0.48227877651367035,-0.10076786895409791,0.08820838902568394,0.4810486763823711,-0.07352516385204316
0.15094184087127505,0.10644104259465348,-0.04972752355498284,0.11544552614789134,0.1034794323823599,-0.0054595473114379236,0.15716420356902785,0.4822461070593964,-0.10077623439083742,0.08822200318941287,0.48103835090688124,-0.07350602930148209
0.15118350530401276,0.1064944647911969,-0.04905298352412331,0.11568569501657265,0.10358926065278075,-0.004782468862543311,0.15717383024513223,0.48221202678326053,-0.1007691779967869,0.08823033085301991,0.4810094589183558,-0.07350202787392782
0.1514510204901332,0.10658903628292074,-0.048411182523468696,0.11594648548198465,0.10372992284060768,-0.004143059919621259,0.15716930174213173,0.48222546366313224,-0.10074387629561264,0.08822123355322511,0.4810158734111381,-0.07348859170413206
0.15172611888083784,0.10669377460185757,-0.047831187560822705,0.11622758270069579,0.10387303547023026,-0.00355579287586729,0.15715514447003434,0.48225684863286594,-0.10071822055026035,0.08821036592452122,0.4810351966635923,-0.0734551533805791
0.15200967345151337,0.1068002853092616,-0.04698085447116683,0.11650860045669434,0.10405353065175955,-0.002702842210473072,0.15714812024915198,0.4822447037637715,-0.10073232113727215,0.08820138808105972,0.48103144952662863,-0.07347381987216525
0.15235565161265793,0.10693279261580357,-0.04626678447492992,0.11680818281961709,0.10422187934474544,-0.002023800552790206,0.1572741162467185,0.48230498334005695,-0.10054074037841097,0.08829850826228065,0.48107874949616314,-0.07335597244745987
0.15257125058101612,0.1070806312724539,-0.04583539595371412,0.1170528735915426,0.10439150850005717,-0.0015677245733631935,0.15711872701964796,0.482390823762321,-0.10056852142772348,0.08816062586686345,0.4811355316061312,-0.07334069961386235
0.15316702637160373,0.10734327383046206,-0.045652627745704215,0.11737682105613782,0.10448378417960259,-0.0016151694050648047,0.15753516947002089,0.4828083960916587,-0.0993275422230579,0.0884102838574928,0.4813837411763865,-0.07253444047746445
0.15349710136848546,0.10734839291160983,-0.04456328208222165,0.11752136413966999,0.10452793545508632,-0.0006747349967998417,0.1578731095620684,0.48274222589031585,-0.09873390019517832,0.08863559569259266,0.481313212334621,-0.0722334408188916
0.1531745946752626,0.10723915980042477,-0.044406337086853036,0.11758157096821989,0.10459485080696704,-0.00019595925509117507,0.15697568241039112,0.48240252908995623,-0.1001928339140536,0.08797096738687665,0.4810683154428034,-0.07308713465744461
0.1539000164817828,0.1074040630055469,-0.043746043079505754,0.11814474149874604,0.10470348639455074,0.00032980531330104414,0.15747990481974733,0.4825910910650259,-0.09938787561832689,0.08837574515560197,0.4811683524020158,-0.07254126157611468
0.15488157314714704,0.10766387647064875,-0.042050356270656834,0.1190017705304519,0.10504065956178567,0.0019288628211617293,0.15775869971756942,0.48265316552320653,-0.0990493947840365,0.08857851193914706,0.48116752529478635,-0.07240273935082402
0.15433279185920024,0.10755388746626937,-0.042369365947186176,0.11873928281020292,0.10502001428282119,0.0018470881729632112,0.1572665027839737,0.48247731814310446,-0.09979714339518614,0.08826094920575243,0.4811006229930752,-0.07269570358934652
0.15499136584782644,0.1077735228801368,-0.04085071619814925,0.11931922123253147,0.10532868320486466,0.0033073416418172383,0.15748655193652455,0.48251577416056446,-0.09946943594324736,0.08843267581341652,0.48112470156548637,-0.07249209613495458
0.155406333407921,0.10797660248849195,-0.03977668781315489,0.11966308241178461,0.10558555004930673,0.004326782471510782,0.15763045945923632,0.48260222739101377,-0.09914696305756962,0.08853313013044575,0.48119735342257336,-0.07228183394036865
0.15545199959170822,0.10806260266646074,-0.03925291102043151,0.11983903126812485,0.10576630455516317,0.004960850602592885,0.1573430067239229,0.4825403109432373,-0.09956049966973905,0.08832522272368407,0.48117337530551274,-0.07248972701026146
0.15630521628376057,0.10840293092188512,-0.03755526426069058,0.12053925772487585,0.10618449276794252,0.00653881646690143,0.15765492874796386,0.4826766252908418,-0.09913054446769784,0.08854379211064443,0.4812613856820363,-0.07230149969771286
0.15646836892336433,0.10852604863105285,-0.03688936337867632,0.12067432221077061,0.10635265611943368,0.007184163818692675,0.157712780823766,0.4827175121122252,-0.0989646019987196,0.08858459323164121,0.48131120081452355,-0.0721790513699872
0.15625571866906315,0.10848786379983721,-0.03582219055551845,0.12060031677131709,0.10650836537370235,0.008372686027421132,0.15739088609993165,0.4824149688939505,-0.09947253716678665,0.08834717648494547,0.4811380745063464,-0.07246354871762782
0.15648849872711057,0.10860497367771364,-0.035012384062730016,0.12084212160442012,0.10669133117778136,0.009192672040610809,0.15744105903442243,0.48241361585278836,-0.09935775543459008,0.08840290119503402,0.48115538540500047,-0.07233370370272767
0.1570083888777152,0.10882397711122394,-0.03386876178592514,0.12134106425858848,0.10698797787218393,0.010322688473126177,0.1575023751716009,0.48245057903425603,-0.09926794729984621,0.08845157562950276,0.48117745990458594,-0.07227691167686441
0.15731029838627267,0.10896676466765297,-0.0329922482223385,0.12166756520688984,0.10721008533985894,0.011222261431538129,0.15744414519291303,0.4824291051316701,-0.09932472513271498,0.08840852233571422,0.481163235254916,-0.07229455487990001
0.15766707596789908,0.10914016248220196,-0.03206298161662722,0.12200438597170415,0.1074483389579724,0.012137962831294785,0.1574934866662841,0.48245556271504697,-0.09921740789397591,0.088445863196535,0.48118630427241804,-0.07221806660741865
0.1582885576762463,0.10942168456896934,-0.030765202380806572,0.12258022944684004,0.10780833496836163,0.013401817133954993,0.15754261027884092,0.4825211464670572,-0.09910530954147925,0.08846761723584949,0.4812178391818183,-0.07217769397765052
0.15861827016556165,0.10957085032456354,-0.02994378800080553,0.12282104040734602,0.10797515404332171,0.014151850215526927,0.15775428927529822,0.4826039889068115,-0.0986436148520676,0.08862542528883577,0.48127871129313254,-0.07185567807242213
0.1593097362686012,0.1098660926814726,-0.02856899026049561,0.12345692010284372,0.10835328244371022,0.015484388643500466,0.15783362522459982,0.48266019957312956,-0.09854405807705674,0.08867179020264727,0.4812956959501876,-0.07184333786239538
0.15879219658366606,0.10977259485888907,-0.028041550957536954,0.12311387928454803,0.10841920131476075,0.016158440165859142,0.1575152070752504,0.48238760226991334,-0.09896799667965449,0.0884589789467812,0.48118113722162154,-0.07198778999996996
0.15922301574603642,0.10995419070438982,-0.026881422040350544,0.12352761030436897,0.10868612486188005,0.01730730111459212,0.15763831588115285,0.4823777923712194,-0.09880002047454998,0.08857202447256876,0.4811805870864071,-0.07184517222246384
0.15984510553493939,0.1102024388431895,-0.025699563725079082,0.12416441671062617,0.109018619814391,0.01850337998028638,0.15767077900399873,0.48239555857662325,-0.09878642355723588,0.08861416899913614,0.4811775471837916,-0.07180771312464342
0.15990726092648905,0.11030065315715819,-0.025131770852741733,0.12431304998349847,0.10919578573317852,0.019142879117771253,0.15754514069239525,0.4823553757824707,-0.09891414620821672,0.08854146188111688,0.48117998903010806,-0.07179845830960851
0.16045439718857732,0.11057479714755948,-0.023627223722542553,0.12484445491919284,0.10959108970172422,0.02063763305935881,0.15753162400063925,0.4823262790741827,-0.09890290528801333,0.0885191643681377,0.4811501866175946,-0.07180960398071001
0.1609307830243808,0.1108068192014797,-0.022618492987266713,0.12526415553042408,0.10987431376031839,0.021601811528867764,0.1576772599410126,0.48239671517120525,-0.09867438660274715,0.08863083932036277,0.48119732484075245,-0.07166877577769927
0.16149860332423105,0.11108955885809713,-0.021418823038592827,0.125828689978487,0.11024577317557424,0.02280061298584339,0.15769301829773236,0.4824271127333362,-0.09867213207745985,0.08864559460618293,0.48121063654569546,-0.07166985030411724
0.1620215616320043,0.11136734330119544,-0.020279465176608745,0.12627635621267494,0.11058333915703708,0.023880231852718987,0.1579138742526512,0.4825214080581627,-0.09839426704968003,0.08882139938887261,0.4812858170685081,-0.07150834162713164
0.16185205660413812,0.11141611614834215,-0.019302974930670153,0.1261754129624904,0.11078022460291362,0.02491450979086794,0.15772665140600298,0.4823255349977455,-0.09857036541152181,0.08867576627624953,0.4811935987945169,-0.07157325932676079
0.1621687881132453,0.11164323164495835,-0.018279174208444722,0.12654409218742255,0.11110979556522539,0.025981527331766223,0.1575585470742207,0.48229503193738255,-0.0987162537827416,0.08854022501130211,0.48117574417979453,-0.07163548259251541
0.16254966795383785,0.11187220653308577,-0.017434723291966263,0.12693219489119537,0.11139641835445269,0.026832447985755317,0.15755806176891732,0.48234917266802324,-0.09865071053611561,0.08854497284569607,0.4812181322765281,-0.07155709397001671
0.16327876012422138,0.11223581355179982,-0.01607811381553104,0.12762853238335362,0.11184170800038618,0.02816348603719504,0.15759214169937363,0.4824159713742065,-0.09859143563911875,0.08856083387839447,0.4812383269123562,-0.07154626143429761
0.16355938987976257,0.11242603437214416,-0.01509102350218727,0.1279156742105225,0.11212085271157145,0.029156525719600663,0.15760477959315825,0.4823890766261515,-0.09855374054032945,0.08857811318290182,0.4812330969974512,-0.07149578812135232
0.16406234522792232,0.11270473032326982,-0.013792454341321331,0.12840291504645507,0.11250326284784092,0.03044302536309161,0.15766583220464891,0.4823762052029169,-0.09850502976164578,0.08863083540961617,0.4812232965105961,-0.07146820722682465
0.16466764649161753,0.11303787525483062,-0.012439042957491339,0.12895630994930418,0.11292511015168265,0.031754858670258956,0.15784321575986196,0.4824303085021536,-0.09832729918442916,0.08877804564559383,0.48126397261812054,-0.0713682248046355
0.16498818211572347,0.11330049649996926,-0.011309908670856593,0.12926487735366923,0.11328546098007405,0.03287446057326254,0.15790643084702397,0.4824434186006186,-0.09824371690940628,0.08883480955818325,0.48130073035834103,-0.0713001620245297
0.16481706694249934,0.11338183008588856,-0.010190080096158263,0.12919600007375862,0.11355035094981179,0.034076435584898576,0.15765634980321505,0.48218706232329417,-0.09853916021168155,0.0886468273689648,0.4811723659818201,-0.07143185568958385
0.16510382501727786,0.11356856178408413,-0.00908380380114668,0.12951225788062545,0.11385096436688724,0.03520585427191271,0.15762337848839159,0.4820894509796336,-0.09858538087744538,0.08863273309085347,0.4811112410629855,-0.07142872963483919
0.16572360933724223,0.11390831875548894,-0.007738942420051813,0.13008785429546352,0.11428104662126662,0.036514500962701375,0.1577325134464337,0.4821147545110154,-0.0984819763541781,0.08871673114390694,0.4811150934740141,-0.07139005459318523
0.16598948993194593,0.11412783646235612,-0.006778445739597437,0.13036456127114157,0.11459011812425347,0.03748286883947715,0.15769518577450786,0.4820875604095101,-0.09848984756168747,0.08868698176367627,0.48110680949561535,-0.0713779376222021
0.1664973350197006,0.11445575214759077,-0.005637459436148688,0.13086286234010322,0.11500050433387594,0.0386152333247748,0.15770549768677256,0.48212737255678717,-0.09845135007155835,0.08869326752134825,0.4811309400210509,-0.07135026220559533
0.16702246226959477,0.11478746186334957,-0.004493697619134935,0.13138140190572586,0.11541074216141146,0.0397526531060856,0.15770045102614494,0.4821691025933617,-0.09839771943820287,0.08868620032383183,0.48115113686439104,-0.07130257781658855
0.16778690676798239,0.11518769772817718,-0.0033704317582799632,0.1321029207540763,0.11585370097867206,0.04084068445155815,0.15781050549147727,0.4823046235403895,-0.09823754593730111,0.08877291670101567,0.4812172733456876,-0.07120462605661423
0.1682922236280957,0.11550735954440984,-0.0020708029976734253,0.13255729320661372,0.11626643782956347,0.042097644593553675,0.15793747587337575,0.4823075230030292,-0.09811534703095452,0.0888707869501428,0.4812144260296292,-0.07115709460409013
0.16807225690381633,0.11555289925390934,-0.0011657800665923546,0.13242957875970518,0.11647022022724793,0.043074147958182964,0.15768624394966974,0.48204804080394364,-0.098364427732243,0.08867525391552324,0.48107354338862496,-0.07125938460339162
0.16840345405360588,0.11584214432751105,-0.0007717133121269839,0.13273172988248794,0.11672873541030003,0.043445424379063804,0.15755271633293405,0.48227711828600844,-0.09814628136686755,0.08852619236794566,0.48121610836468154,-0.0710840752302615
0.1698525296068069,0.11641303395607332,0.00027048140280973597,0.13362205753423645,0.1169771481616155,0.04403631149035549,0.15852296266234764,0.4831390809998487,-0.09594688961403082,0.08916621311170353,0.4816628257637827,-0.06976270133236659
0.17072836124532312,0.11675256523532886,0.0013463293703777025,0.13431252025985502,0.1172558501926905,0.0449587868138986,0.15868658061966073,0.4833327929433586,-0.09533907452176703,0.08922509736200558,0.4816746712139439,-0.0694450070602931
0.1706217569688692,0.11677203737448809,0.0013977703809987289,0.1346069208396596,0.11747620171669387,0.04533919668756591,0.15764823334597816,0.48289511597806817,-0.09688607443358765,0.08842709529034215,0.48135226503409806,-0.07034924321790373
0.17157788947598995,0.11722490080846927,0.002705351617680371,0.1353053585968566,0.11787699674312199,0.04643510681027722,0.15821776653257721,0.48321702880046885,-0.09601346379113326,0.08884714048804507,0.4815178969611669,-0.06987959789064357
0.17264032086265535,0.11778146616260426,0.004671933692359929,0.13613490910205928,0.11847904837139527,0.04820676464346664,0.15862992642671053,0.4833593044643235,-0.09548138948408776,0.08912773412514206,0.48153357284119547,-0.06970811411911848
0.17233118270247658,0.11776493053549768,0.004740266564049243,0.1360935978928869,0.11861890519636097,0.04849551069702744,0.15799218575725402,0.4830592920241462,-0.09639606609687036,0.08864772168631199,0.4813642754211952,-0.07019259351875627
0.17316993625350494,0.11828314746377783,0.006425453986215608,0.13677827013081525,0.11918583406881464,0.050051650341133985,0.15831848876283702,0.4832288401685803,-0.09588882183362592,0.08888739672760596,0.48144971100947714,-0.06992138237662651
0.17347654592714878,0.11857334479200864,0.007519637002839744,0.13705035053082035,0.11955068179147235,0.05111539730161313,0.15839715300467416,0.48325822880436015,-0.095687351301645,0.08894748946529098,0.48148323951599764,-0.06976933824093585
0.1730730972617654,0.11853433344439361,0.007782669315995179,0.13691033034550004,0.11969482095468732,0.051592722641555525,0.15792028133461694,0.4829367729464118,-0.09640653073540506,0.08862461993236366,0.4813429250714568,-0.0700679523094878
0.17356995889999033,0.11893612770375239,0.009315613697031622,0.13735683004456953,0.12020399441965543,0.05308106842083768,0.15813881089926507,0.48297082746947034,-0.09611091138445818,0.08881541523093882,0.48138979369311097,-0.0698446421607347
0.17386816165815377,0.11922107227409612,0.010192944557316643,0.13761547003715216,0.1205327072362943,0.05392434264437333,0.1583380935235949,0.48309544143713307,-0.09577117957360158,0.08899221880014291,0.48151543114382217,-0.06956425338919828
0.17428415992951563,0.11957381197365828,0.011154213275489993,0.13814868125081745,0.12101563292107732,0.05497842516466219,0.15806226748519608,0.4830158454567553,-0.09618111947235723,0.08878947093962025,0.48146140740863896,-0.06978011315001698
0.17474152768073395,0.11991196576122701,0.012192652838253373,0.13853859740236873,0.12139744061666925,0.05595970001308349,0.15825321202791343,0.48312257385836,-0.09588289835413534,0.08894271828904265,0.48153840250844604,-0.06958279165225116
0.17522128879040894,0.12029240480000146,0.013484066282597802,0.13894999173437836,0.12185471629740562,0.057191793372305746,0.15840878712168446,0.4831686197945184,-0.09565954338735472,0.08906063857276175,0.4815664928141049,-0.06945997782420829
0.17546113729101484,0.12054270712441917,0.014415529854271419,0.13928665512312277,0.12223942985847719,0.058198416768438184,0.1582163645256606,0.48302596275796056,-0.09595947796214824,0.08892769490935747,0.4814800289943124,-0.06959965805905273
0.17554058252917193,0.12074232703081617,0.015284678729718565,0.13943747921623045,0.12255748658716288,0.05912169894836715,0.15809719736031305,0.482920549655057,-0.09605623254503004,0.08885169689491647,0.48144370694289385,-0.0695792736066868
0.17592049311924735,0.12111037605410553,0.016528158111945038,0.13981014290424645,0.12303811838459303,0.06035440175142843,0.15813204779111728,0.4828921556562333,-0.09604026691754658,0.08888474421463523,0.4814362905552969,-0.06956686218908681
0.17631997449110065,0.12143507419561814,0.017405702985473708,0.14021595646286575,0.12342746676704508,0.06123427207857027,0.1581179976788415,0.48292984414532236,-0.096015434780073,0.08887738676420981,0.48146166906185306,-0.06952520986945195
0.17674468206260702,0.1218247496263458,0.01879866600122052,0.1405917258957973,0.12392558162628041,0.06258180750567302,0.15820933361861728,0.48289582462164626,-0.09591077045756757,0.0889425622352821,0.4814335196858126,-0.06948870013509206
0.17713981374173704,0.12218799649008838,0.0198803030888745,0.14095701954354686,0.12436871082237348,0.06363488117737293,0.15822896321805677,0.48290761729801884,-0.09586886558869523,0.08894761047267691,0.48143471091707224,-0.06948564246706676
0.17765547920337157,0.12259532055053353,0.020969508702381214,0.14135464384036675,0.12479907607211084,0.06462504704792521,0.1584286891895512,0.4830554985826103,-0.09553339148359129,0.08908117502677403,0.48151482121182804,-0.06932846167248505
0.17827901422951484,0.12306435070991893,0.022319436362775478,0.1419044874590574,0.12533531367275463,0.06591014344739192,0.15851422503655707,0.48310899846944905,-0.09537227906685256,0.08912837768819228,0.48151302095257686,-0.06927234042252842
0.17871819282399629,0.12339116918570488,0.022992240799567597,0.14243380854285653,0.12573544757999236,0.06665413529395231,0.15837144945374507,0.48312804518569635,-0.09553845241061566,0.08904243715297398,0.481532162855419,-0.0692879101931706
0.17907436710522853,0.12374173187613133,0.02402257997874851,0.14282065225011015,0.1261878901796283,0.0677043574545808,0.15840888544586765,0.48312423901577656,-0.0955235892727346,0.08910026854478917,0.48155915392890203,-0.06921739445758114
0.1791197515719469,0.12397244739353101,0.025090067117987048,0.1428901008854148,0.126546050233679,0.06878448545995802,0.1584771194580311,0.4830340277031331,-0.09542050684909441,0.08918226676544257,0.4815572747761948,-0.06907297670246297
0.17918908930371194,0.12418648014466532,0.025794226029793706,0.14310172442865915,0.1269006046107314,0.06959775145238535,0.158185636627737,0.48287011983214684,-0.0957748356147043,0.08897657573412403,0.48148261263852477,-0.06919795717245217
0.17989535497359832,0.12470876255906199,0.027087873473520062,0.14375731198579553,0.1274877248898232,0.07084552917016419,0.15827962259179537,0.4829602315472909,-0.09564264528309996,0.08904618003215223,0.48151461346396307,-0.06913245151881049
0.18047390786940407,0.1251675263477108,0.028369512688541328,0.14423041641711498,0.12799456153886934,0.07203678205663815,0.15848646836828065,0.48305714623622553,-0.09534672566816563,0.08919505506263091,0.48155399491207324,-0.06899164395846966
0.18089473082134067,0.12557271767462425,0.02942262087393538,0.14459842421960667,0.12846813379706878,0.07304151479894148,0.15851989043060857,0.48308334548163767,-0.09531571595728539,0.08920139385409818,0.4815517118442765,-0.06903359495277644
0.18142242593759397,0.126023392617981,0.030506096766325895,0.1450324010580899,0.1289451830136063,0.0740450729238245,0.1586275254089904,0.4832190218167832,-0.09505588053595118,0.08925890843398376,0.48161376869452305,-0.0689107491514902
0.18198529474243508,0.12647363116930838,0.03165146455686944,0.14557423060841854,0.12947233412376777,0.07516761562643867,0.15864541801481297,0.4832333178989962,-0.09504467284190463,0.08926980268921896,0.481595481762946,-0.0689201394545104
0.18234341389110795,0.12678654996588284,0.032398366001232894,0.14601769249895344,0.1298802184631538,0.07597914611424471,0.15847585335392972,0.48317000349350986,-0.09525471370552768,0.08915421213519824,0.48155312467481964,-0.06898599627681477
0.18277424362203878,0.12715284997037538,0.03349418523925124,0.14641130765799865,0.1303168803180261,0.07703886361358747,0.1586056825499605,0.4831823299686999,-0.09508662662909313,0.08926556132091272,0.48155455764165805,-0.06886740278637234
0.18325488379390334,0.12755961294832735,0.03446374331671507,0.14687551721391287,0.1307806050192766,0.07799051797332938,0.15863536942014964,0.4832394976893853,-0.09499603520728442,0.08929023193004298,0.48158112995324825,-0.06879199970409582
0.1832083409989003,0.12771480285258696,0.03524436138405062,0.14691546284178159,0.13107658597942703,0.07883264678243214,0.1584724915724215,0.48302626344076144,-0.095201178519556,0.0891781311217917,0.4814712081609995,-0.06885685908371736
0.18357862898811883,0.1280572463910758,0.03606637072875455,0.1473363017449541,0.13149979931136732,0.079690398054077,0.15843780902213947,0.48303358161504206,-0.09521148633516631,0.08917653902502606,0.4814945940208369,-0.06877935155013114
0.18400005124959137,0.1284319630651206,0.03683822274211595,0.14778107971296073,0.13192601181657215,0.08047755063383932,0.15852090559221357,0.4831543053661552,-0.09505949582015669,0.08927646814300176,0.48161186420685387,-0.06858349704136245
0.18437671527558316,0.1288237186482781,0.03777563832487148,0.14820994327149467,0.13241189728277017,0.08145060588732517,0.15854719246718776,0.4831895121861389,-0.09500935809666497,0.08933639955513388,0.4816794036555235,-0.06844367590265794
0.18446186528342118,0.12909134462532285,0.03848843812117885,0.14840309085262465,0.1327959609743421,0.0822429101091441,0.1584254018772887,0.4831478404947071,-0.09507890616210204,0.08927921978281109,0.48172448055651657,-0.06834074425882011
0.18472611661332922,0.12946464795527668,0.039542388341794875,0.14869524431836112,0.13328255560233918,0.08331010518369025,0.15847405783646223,0.4831254254386441,-0.09502736692561581,0.08934625669478134,0.4817545820123663,-0.0682389804243858
0.18482734225224587,0.12975489301270152,0.04053795743373963,0.148846217633298,0.13371172841037565,0.08433425110662458,0.1584313329976447,0.48299053747089776,-0.09511588634714432,0.08933392012354889,0.48170606137840344,-0.0682449464864513
0.1853562400980353,0.13022313594791807,0.0414504398086319,0.14935496664003803,0.13422745823185744,0.0852258544513166,0.15848188578767042,0.4831062215050331,-0.09502458413709075,0.08937765858598316,0.4817812696276153,-0.06817314024476824
0.18587927186128964,0.13069852146183525,0.042572478808568945,0.14981825872214416,0.1347603071904686,0.08629339420112646,0.1585788271729311,0.4831669028078303,-0.09488610049460433,0.08944439700800985,0.481798220389798,-0.06811471599673755
0.18565984274400205,0.13080008349760142,0.04334556122517862,0.14966840335692588,0.13501259795356577,0.08710952159778247,0.1584383334098453,0.48290821100892495,-0.09504877075028462,0.08934343416425716,0.48167035952642767,-0.06816918043213183
0.18598315109703883,0.13114434974603587,0.044167547372177055,0.15002269305354374,0.1354476009772503,0.08794814468232355,0.15839957505789032,0.482862482131145,-0.09514374735053413,0.08932649611216034,0.4816465036179753,-0.06820713815533487
0.1866000374048377,0.13163014882319216,0.04524336601617538,0.1505948693653791,0.13598481084156794,0.08898211323012963,0.15849797711132085,0.4829255765491021,-0.09502755691165113,0.0894044726643366,0.4816562141997302,-0.06814585093559772
0.1872851208215348,0.13215793707834717,0.046423232115875464,0.15120474339493115,0.1365536987254233,0.09009584205604332,0.15862801685531241,0.4830055509455114,-0.09485258813968397,0.08949706070792769,0.48165883449472696,-0.06807112046757928
0.18778371701189142,0.13260337335238181,0.047398109027427596,0.1516927548757078,0.13706548039942096,0.09105524209266051,0.15864819887029466,0.48303045621704216,-0.0948204422606513,0.08951647659911265,0.4816584039960915,-0.06804223839546338
0.1880130098145824,0.1329160054405515,0.048087210912548764,0.15200293052757052,0.13747898263626787,0.09180067158022658,0.1584689434400474,0.4829555050213003,-0.09499888913986967,0.08938855682425555,0.48162685879435846,-0.06808635232263915
0.18851502121848154,0.13341222940313355,0.04917066214455858,0.15246011560248582,0.1380379088893174,0.0928405612170646,0.1585790902358525,0.4830268359718733,-0.09486961716259654,0.08947728363216885,0.4816674500276656,-0.06801366535142037
0.1889079703237669,0.13385335535772258,0.050255538407385655,0.15283013248495048,0.1385614703611437,0.09389767956339165,0.15863331536315892,0.4830250992522447,-0.09478471009477718,0.0895222156796616,0.48166306685066956,-0.06795281634876693
0.18935411766219237,0.1343260228377754,0.05127403956534018,0.15328882834231514,0.13912539643585445,0.09491661206089469,0.15862271412556178,0.48302185716810275,-0.09481131599859144,0.08952420777117956,0.48166260782971615,-0.06794686710136072
0.18987057452101275,0.1348555237419349,0.05253223744141365,0.15379542175917033,0.13975876628900324,0.09615510736562291,0.1586569115976128,0.48298696636582533,-0.09479169495386285,0.08955847594069721,0.4816254043212528,-0.06792718132922604
0.1903073945249197,0.13535377992503994,0.05352123082629399,0.1542376298562013,0.1403344777732549,0.09713978124212261,0.1586500376770797,0.48304351741290646,-0.09474809626438126,0.08956006659112191,0.4816749944302405,-0.06786217441093068
0.19071742924619903,0.13587274744622335,0.05469176589747076,0.1546703916177001,0.14097153920006986,0.0983154591793401,0.15858724178321404,0.48299141905581255,-0.09480878268507555,0.08951613356380346,0.48164497725840066,-0.0678733254297944
0.19118070149995142,0.13642951999321007,0.05592911290638331,0.15511738007359355,0.14163058836616357,0.09952726596553461,0.15863771350340902,0.48299501678284923,-0.09476078562733489,0.08956236931279235,0.48165153392694393,-0.06783604547099999
0.19149461231318507,0.1369392629760976,0.05712611113787151,0.1554248990708695,0.1422545909976579,0.10070519200622471,0.15862167118199214,0.48295568797210237,-0.09474929347809659,0.08954680171897587,0.4816375831346533,-0.06782208118222054
0.1918339629116019,0.13742726887345844,0.05823730859743123,0.1557431290994936,0.14283648901347595,0.10178734036451187,0.15862166000957875,0.48293463363430805,-0.09471934861255156,0.08953898837111551,0.4816215016449766,-0.06781191623052586
0.19228685462384615,0.13793215463384256,0.058483529416215776,0.15594613835456447,0.14312216844832518,0.10185205847048705,0.15893631253401114,0.48376186730814724,-0.09371268054584832,0.08971312909913344,0.48218325534029,-0.06718328905040238
0.1932461956548373,0.13875299045048006,0.05975817848602645,0.15635060277810667,0.14359486978980288,0.10269632755451925,0.1598984015724895,0.48493818628998886,-0.09162831352794776,0.09036555898598336,0.48289587215781676,-0.06595415319994258
0.19385762891127176,0.13914067460889204,0.05994838917050477,0.15703142947668242,0.14395397905822602,0.1029492769540378,0.15924681681641176,0.48496659807677106,-0.09197480687479215,0.08976959654448843,0.48277417762731945,-0.06616281528983502
0.19478598135163985,0.13976617800411828,0.06119791348363161,0.15777602424662968,0.14453484220549398,0.10404573876695201,0.15933704532863852,0.48506764406760133,-0.09172169161048677,0.08977113538734377,0.48265350623665876,-0.06616966886677224
0.1958738653330579,0.14080208104498143,0.06352484159957834,0.15851087792180046,0.1455429391597987,0.10606828587400821,0.1599895748282945,0.48540505818710633,-0.09086181906982214,0.09023979013604301,0.482750027482373,-0.0658404661674728
0.1961917739330521,0.14112540241555105,0.06403130801496723,0.1590822238153718,0.14606129887200864,0.10677392645282884,0.15951521148503953,0.4850805786077462,-0.09160866657539185,0.08991344578995089,0.48255793979056516,-0.06616499822260798
0.19673931870328323,0.14180638885214245,0.06525269297040424,0.15978575459918992,0.14692393357647143,0.10810894164768917,0.15921645918272564,0.4849661123681795,-0.09193373876812784,0.08971211125321457,0.4825158447940055,-0.06621814891623366
0.19755091489746657,0.14281111667524737,0.06724601605030638,0.16044519514178165,0.1479813813193448,0.10996424564392016,0.15959296632767475,0.48529608801768004,-0.09130168559762307,0.09001291789678822,0.4827468778270497,-0.06580132988477282
0.19810834669792915,0.14366072059731289,0.06892813228995584,0.1610122983930148,0.1490033507652044,0.11163355018673707,0.1595751884251459,0.48523874378679105,-0.091427051412934,0.09000937678219541,0.4827218626412498,-0.0658846765531216
0.19872310559458395,0.14467764953608997,0.07106660655494328,0.1615942094269011,0.15020789494654366,0.11371956272165822,0.15961175858177648,0.4851981170584646,-0.09138415178764447,0.09003748310144649,0.48270146102620515,-0.06586285374530036
0.19926322209135167,0.14545996737056913,0.07238520612835861,0.1621406768011944,0.1510927321732684,0.11503027391524129,0.15947003990120798,0.4852582890504717,-0.09140654698393372,0.08991021068056586,0.4827369280623033,-0.06584832616782704
0.19999979520869707,0.14637915047185912,0.07409524190538291,0.16279843320785675,0.152101517088515,0.11665962138256014,0.15953574029956413,0.48533550991001284,-0.09126914909110288,0.08994479872495097,0.4827400588516901,-0.06580320637764624
0.20043592692228202,0.1470041159422784,0.07531752171169641,0.1631941927726397,0.15280642894989108,0.11783574857946665,0.15963997981004044,0.48539698155906436,-0.0911159315114154,0.09003308965080264,0.48278520591810703,-0.06569528588461171
0.20078101750253455,0.14762576054465898,0.07655504800600968,0.16360229353198033,0.15359613910383388,0.1191051394098082,0.15946537173954886,0.4852169456891174,-0.09137155584472671,0.08990082972316538,0.4826702301640172,-0.06582868036432211
0.20156492099144865,0.14847042866858073,0.07786062516715082,0.16435922351888543,0.1545010400324046,0.120378633314861,0.15945142822596792,0.4853490689868756,-0.09129424640704725,0.08988620523712637,0.4827201439558403,-0.06576155643093286
0.20223170337648028,0.1492039728950553,0.07912018785204003,0.1649893336336056,0.15530012235002044,0.1215967234034226,0.15951206720661387,0.4854222132274722,-0.09119264990889382,0.08993796556068119,0.48273413559398176,-0.0656903289847076
0.20270650197837378,0.14986913256779882,0.08037828996593874,0.16544610437996862,0.1560687863365139,0.1228240233044846,0.1595720746732077,0.48541005371847573,-0.09116134559186857,0.08999577005689613,0.4827203401233566,-0.0656652080326836
0.20318094246739457,0.1504715902358297,0.08134306790288093,0.16591368855657787,0.1567326409380051,0.12377376722237869,0.1595953607349245,0.4855055050650195,-0.09107128223121887,0.09002349964998638,0.48279000672172206,-0.06556575405303673
0.20376797498696556,0.1511605137105678,0.08254139430231773,0.16653462204396136,0.1575319457446521,0.12498542211715699,0.1595926834166671,0.4854992175374722,-0.09106825373292059,0.09004938822536424,0.4827911187587998,-0.06548415615917982
0.20379113205441804,0.15146961234191025,0.08328468917497463,0.166679377607434,0.15801239339723072,0.12580906938937667,0.15954566973864218,0.4853395820981536,-0.09120690807922864,0.09006812617813072,0.48279090045023715,-0.06542852728490357
0.20406662472542036,0.15202203585463428,0.08441976452678268,0.1669968836384578,0.15870496038115267,0.12695899383583986,0.15963334487305483,0.4853071441349413,-0.09113893048158227,0.0901815734820753,0.4828415881766487,-0.065283133487599
0.2044767220269147,0.15264727295231187,0.08544234992226322,0.16744751272548497,0.15943244115887353,0.12800069065131073,0.15965031195425863,0.4853857571227911,-0.09105079233778193,0.0902272993757111,0.4829531355309247,-0.0651147666123158
0.2044804505848844,0.1530049829156368,0.08620232327895574,0.1675757978902495,0.159971536434324,0.12883947792428554,0.1594442863254127,0.4851590209656045,-0.09133520534186601,0.09009181227738518,0.4828771669474768,-0.06519754593288206
0.2048612752781358,0.15360044594726896,0.0871735533633005,0.16792482102301562,0.16063262775761092,0.12977237941209946,0.15949446468016626,0.48522448916716554,-0.09126826238500112,0.09013094548224752,0.4829228904585382,-0.06516166165670191
0.2051826907126105,0.1541184300106536,0.0880839509316045,0.16815970627848095,0.1611705956011229,0.1306042848762588,0.1596401869102622,0.4853586493879343,-0.09102476624095163,0.09023362792269274,0.48299945523496757,-0.06503797101383534
0.20550197541766038,0.15465153130528683,0.08900947831208395,0.16848481268467386,0.1617987597238287,0.13151900670070413,0.15961034166310764,0.4853084418249675,-0.09108522074875043,0.09021336094284314,0.4829653385071846,-0.06507140350721795
0.20589123865804912,0.1550807874180871,0.08949577999665582,0.16893982129805513,0.1622959515980995,0.13205100735632488,0.15950117009421536,0.48532603009051806,-0.0912254871075915,0.090148592650771,0.4829961611737394,-0.0650923383018293
0.20629519224654091,0.1556017508455845,0.09037979480705303,0.16929783825043754,0.1628599983595521,0.13288775706123693,0.15957767665349834,0.4853677945180186,-0.09113043997418133,0.09020674893269047,0.4829967222716465,-0.0650497544525284
0.2065621082869998,0.15608855574654087,0.09132025863293794,0.16949986136166376,0.1633934333725831,0.13376365423701383,0.15965558991495404,0.48538903270328865,-0.09098473187244048,0.09025374970004676,0.482986113589698,-0.06498934173802536
0.20673455492410048,0.1564594494264844,0.09194404744200849,0.16973045795531932,0.16386861295600808,0.134420091490483,0.159521664953271,0.48527906209599353,-0.09114811650110262,0.09015656918067258,0.48293285181243284,-0.06504967709400417
0.20705524475969395,0.15696973646967444,0.09273863672112014,0.17008955820944055,0.16448114703905345,0.1352301646274777,0.1594609309089838,0.4852238462734028,-0.09126722144360412,0.0901235980505221,0.48291270942767556,-0.06509199131514802
0.2073369981309888,0.15758320229020284,0.09383693592884271,0.17031218792109934,0.16516085518603138,0.13626517911898828,0.15954170281305013,0.48528499696294114,-0.09109894124655082,0.0901768131525941,0.48295552518347346,-0.0649984547119314
0.20782465962710078,0.15844980261481767,0.09524648747790405,0.17071582999145374,0.1661005479106111,0.13758812271063386,0.15964468820574423,0.4853929042612921,-0.09092825246421325,0.09024284065359632,0.4830111177023621,-0.06493093716323374
0.20783267583806225,0.15893390436202928,0.09621601320770992,0.17078389845630562,0.1667521353999774,0.13857963643146673,0.15952656526252207,0.4852199304788938,-0.09107542812056656,0.09015893147856141,0.4829590550211072,-0.06497620247877546
0.20821244192828015,0.15963406435515942,0.09732480410032249,0.17118908434583818,0.16758028165966427,0.1396868370846157,0.15946712706718905,0.48515992226945365,-0.09117173502215181,0.09012159962274142,0.4829359137638487,-0.06501066923077431
0.20870752532481232,0.1603660583441611,0.09845746397900254,0.17160001978813827,0.1683519692920145,0.14073832813607468,0.15964215895281078,0.48530123255720475,-0.0909728861099285,0.0902585497370975,0.4830120408482362,-0.0649186325753672
0.20899454970459902,0.16091213819979935,0.09937521039254946,0.1718495219338758,0.16895993250687366,0.1416113694673677,0.1597274107134477,0.48534761487990924,-0.09085755660585995,0.09032811212261196,0.48304878358064923,-0.06484597296548943
0.20921575218289282,0.1613516610901728,0.09999718574155489,0.1721434750332958,0.16951349819736616,0.1422753585576693,0.15954064966979742,0.48522465644255447,-0.09108604801976772,0.090187850812039,0.48298592673299284,-0.06494552136850744
0.20942984786475388,0.16172216417451085,0.10053784355881672,0.1723569865681869,0.16993063285549387,0.14280647509437688,0.1595743572130513,0.4852737239451407,-0.09104230513818505,0.09022489995120633,0.48304028223698303,-0.06489246251253564
0.2098817435838431,0.162324703529604,0.10145701842159681,0.17274388248951772,0.17056211537407898,0.14366291296410383,0.15966234632783982,0.48534490406305564,-0.09092306718880921,0.09028614345451047,0.4830444844925518,-0.06485008695254313
0.21010374275515747,0.16269170783677805,0.10208008483529224,0.17295060738655882,0.17097561694590513,0.1442634298525432,0.15970761522541313,0.4853492707456362,-0.09086151923344336,0.09032703831103722,0.4830458368590799,-0.0648004468633152
0.2104632172110128,0.1631228723614425,0.1027005055565579,0.17332464568969658,0.1714692634319054,0.1448843588199228,0.15970500163423282,0.485313273653528,-0.09092563942288623,0.09033952784256609,0.4830104526704586,-0.06482434031920258
0.21077868090580373,0.1634912488272696,0.10322592286513413,0.17365521941082362,0.17188660346895535,0.14541335987855297,0.15966463450400184,0.4852805194227932,-0.09097282775631053,0.0903144667610814,0.4829711807150056,-0.0648314631690527
0.2111066830245869,0.16386096658442176,0.1037784085217544,0.17395108411139285,0.1722700903072673,0.1459347997608756,0.15971504118080923,0.4853238953898667,-0.09088699596841437,0.09035387031623297,0.4829683265323705,-0.06477896989643644
0.21145561778874247,0.16425313688323104,0.10432930411556665,0.17429098489738254,0.17269500281255631,0.146471185615707,0.15972415273234736,0.4853279517235154,-0.09088584373749005,0.09036542508719116,0.4829435762069708,-0.06477394211076869
0.21163708168387213,0.1645085780161402,0.10464831899169234,0.17449359470368525,0.17299202203309932,0.14680049292440828,0.15971630083736657,0.4853338476397148,-0.09092651077979039,0.09037261663164946,0.48296351419477296,-0.06477340897790086
0.21180406844821517,0.16484411113248643,0.10521956273495617,0.17466484420419104,0.17339247000604116,0.14736237704310526,0.15970609122328358,0.48526954644095643,-0.09096269010495464,0.09036839395053585,0.48291928307495385,-0.06479190959031116
0.21203014195641345,0.16524392138202404,0.10580169044858098,0.17485053218303437,0.17381482998589326,0.14790429556386456,0.1597548647293342,0.4853353130030767,-0.09087807860208821,0.09039989558567992,0.4829520649334961,-0.06475609289188569
0.21209699092746453,0.16554004329319508,0.10637729196994387,0.17492451093782327,0.17418649123842117,0.14847074614087574,0.15972745070214664,0.48523971038742936,-0.09091358280463689,0.09037821041486206,0.48289552691499305,-0.0647728592273055
0.21214521043605475,0.16581008395813637,0.10682557767718649,0.1750165929792721,0.1745430576279112,0.14893987633359348,0.15963539323093864,0.4851449915243345,-0.09101797430181478,0.09031202047966698,0.4828630161072452,-0.06480323927918916
0.21241531849250947,0.16624470921974563,0.10742629940763454,0.17527751350888532,0.1750231060853463,0.14952304992544105,0.15965013030554895,0.4851774508093884,-0.09099717806064174,0.09032744997353999,0.48288546796921505,-0.06478148505113165
0.21268934404450654,0.1667379225763798,0.10816327807547936,0.1755314999408551,0.17557161880336242,0.15023076727115467,0.15965554580755983,0.4851791837671386,-0.0909766590760034,0.09032823195238199,0.4828750700802159,-0.06477428575857615
0.2130234053812737,0.16723653267847977,0.10886334689444233,0.17585987018810972,0.1761242129486654,0.15091443494280962,0.15964482477888425,0.4851849286472706,-0.0909707837905885,0.09032204829038687,0.4828668026293234,-0.06475764385251204
0.21339444990973908,0.16776112247785874,0.10957037233546657,0.17624791329843206,0.17672227776848853,0.15162088634340903,0.1596078111896599,0.4851503214771248,-0.09104176340585549,0.09030280168140946,0.4828361392610604,-0.06478133744863622
0.21365361532063756,0.1682226471264937,0.11022697394974236,0.1765046714364705,0.1772431557296934,0.15226266839530536,0.15959795139297317,0.48514786469671933,-0.09104529641629502,0.09029761570962455,0.4828348573959626,-0.06477243541631497
0.2139705620466322,0.16876621213051948,0.11106832422818613,0.17678396002713995,0.1778372352796438,0.1530598279397952,0.15965974832559118,0.4851674355840652,-0.09095824942724307,0.09034553815103018,0.4828302093844635,-0.06472416100604741
0.21437318467101646,0.16929981209511363,0.11174379717032272,0.17718537511246604,0.1784233814219841,0.15372284572629763,0.1596026207243978,0.4851453334324779,-0.09102682971876246,0.09029805077031426,0.48278137980895214,-0.06476967716050154
0.21481074118263707,0.16993979400670378,0.11268343689981987,0.17755043025056988,0.1790820320072198,0.154594079083849,0.15971900496705002,0.48525542552063994,-0.09082353663331126,0.09038427566273273,0.4828170846905784,-0.06465295085431261
0.21533024567505823,0.17066624634333255,0.11366460485308943,0.17803818021746703,0.17986605265202427,0.15553438670682515,0.15975285252920748,0.4852798551499475,-0.09079459811338181,0.0904128715374106,0.48279546482367597,-0.06464226371496894
0.21568609014679738,0.17113039865007373,0.1141348439216714,0.1784552403747526,0.18040735317188153,0.1560420647164446,0.15956464492525413,0.485204767918234,-0.09100366808411291,0.09026859017225054,0.4827373333601292,-0.06473356499918713
0.2163556145746323,0.17192006846253224,0.11489905790513072,0.17892418812091773,0.1810363678686186,0.15666261394947248,0.15987370041989735,0.4858863523427516,-0.09030596423798687,0.0904836053391177,0.4831463025256678,-0.06431256920381165
0.2168872484850557,0.17274683955289993,0.11600017821335762,0.17932604491613194,0.1818420384638315,0.15765166747742335,0.16008415037009588,0.48617010294540336,-0.08994496293309048,0.09063612135967634,0.483293343506018,-0.064121615446402
0.21699730958426786,0.1730954547955454,0.1164848683772166,0.17962115196151943,0.18241370520740843,0.15825335249277203,0.15966359349393014,0.485675196772399,-0.09059213434846242,0.09032164608568732,0.48298687094519077,-0.06446519446638513
0.21745846973307853,0.17385059415725765,0.11759542108722794,0.179931064330073,0.1831226825038998,0.1592383729050405,0.1600098001591788,0.4860710364896376,-0.08999114135566386,0.09059417181716199,0.48324268679126126,-0.06407549485419464
0.2181970657075251,0.17495538345353687,0.11897583640812881,0.1805407963469408,0.18423177872154112,0.16050133560278027,0.16019121545921455,0.4863290625607459,-0.08972463903240817,0.09072460327627359,0.4833487323680143,-0.06396309448458273
0.21848225853602046,0.17531008750493396,0.11921906215932626,0.18092914527883108,0.18467530978580088,0.16081797453708907,0.15985028486150332,0.48616286675271364,-0.09008209992501744,0.09045046767909672,0.48322397933959815,-0.06413642457161797
0.21934107818475218,0.1764409436760082,0.12065465816656536,0.181570379858359,0.1857209728267781,0.16207528855273387,0.1602224181269865,0.4866191077091219,-0.08950867294263601,0.09072666031986838,0.48342308500921843,-0.06385180564675384
0.21985578432897943,0.17719646094684213,0.12158131461479178,0.1820545958638167,0.1865369574565762,0.16296051821107937,0.16016973555514016,0.48655770079229227,-0.08962316927688029,0.09067327867264297,0.48330591419714203,-0.06397520408583178
0.22025057607774487,0.1776474427161828,0.12206066298259519,0.18243520755852327,0.18699967628331723,0.16342425622292375,0.16013031827714255,0.4865893357084609,-0.08963392010641923,0.0906379534307208,0.48327944830301783,-0.06398229974556253
0.22098423971612477,0.17871918924691427,0.12342578452338128,0.1829821206646106,0.18801976093420125,0.1646295650365126,0.16046311053526835,0.48695291958795645,-0.08918488208489242,0.090890303518823,0.4834351889232513,-0.06378016109556703
0.22109112942252046,0.17895143302857458,0.12365724383047733,0.18320714379365746,0.18837159093008013,0.16494256171314514,0.16020329875523698,0.4867429077127339,-0.08948875153719903,0.09069722667815477,0.4833305482925192,-0.0638877456717031
0.22142862813799877,0.1794935319399118,0.12440833624503717,0.1836089523292024,0.18903368227056525,0.16572505039411004,0.1601420062785993,0.48661679608069575,-0.08958555562449246,0.09067761467294846,0.4832704506563024,-0.06386299694772296
0.2216880592719986,0.1801445912975488,0.12551017777502177,0.18380541078778478,0.18974679302844494,0.16675476384920598,0.16041369865852845,0.4867179442569044,-0.089274288934197,0.09091834379766556,0.48336964911627445,-0.06363575687527442
0.22174419736839945,0.18045308563583545,0.1259660694967762,0.1839389270355239,0.19017597440785625,0.16725335789980936,0.16032218803172135,0.48658274136597257,-0.08940826928221465,0.09086835246030923,0.4833425121360372,-0.06364365415450221
0.22209465596110634,0.18110242891052356,0.12672940904844127,0.18430177038524365,0.19090740590071806,0.16800862222846247,0.1602513910211209,0.48654398436386126,-0.0894996406574275,0.09081462022666366,0.48330923812192855,-0.06368838280139238
0.22230495757440003,0.18168071526532178,0.12744649563122315,0.1844212885629483,0.19147292030375104,0.1686454465572632,0.16037781958680464,0.4867800710248854,-0.08924117787296879,0.09089912020136512,0.4834653480487041,-0.06355319046598552
0.22236551429346987,0.1821691799163166,0.12823353694326936,0.18445925552651296,0.19204639615229438,0.16939139597906427,0.16040567604811765,0.48670901599477245,-0.08923048729709011,0.09091690421302266,0.48342778699106326,-0.06356545507817883
0.22242349536423403,0.18251146848560534,0.1287515126963073,0.18457282476610834,0.19250301702349185,0.16993292728805454,0.1603193372649307,0.4865565978414982,-0.0893626042577082,0.09086132125156211,0.483366000591483,-0.06360306516250586
0.22268035869481884,0.18303569901224961,0.12939996929974706,0.1848321185374473,0.19309110746449393,0.17056807215303127,0.16027071539737098,0.48652637576220803,-0.0893980670310946,0.09082197769911916,0.4833382383012427,-0.06361321943852906
0.22287258407425098,0.18359011951340165,0.1301909391191553,0.18496319369550623,0.19367784995611909,0.1712948200833311,0.16034631676659003,0.48658109044885,-0.08926537220740446,0.09087109316456829,0.4833564715658513,-0.06355652368727595
0.2229589480606047,0.18400037512034964,0.13085608803340507,0.18504398232388042,0.19416526237793347,0.1719358111935453,0.16036355679594147,0.4865051116457138,-0.08925033287484216,0.09088749029069113,0.48331608305274576,-0.06353932291191595
0.2232171367934505,0.18456147638298323,0.13157019510808676,0.18533442922308466,0.19483340483320688,0.17265305245445148,0.16030068320191285,0.4863813254312891,-0.08938326999444658,0.09084879767551382,0.48324044557840806,-0.06360110126681318
0.22357810905197426,0.1851864063370636,0.13221773944472334,0.18566590529639573,0.1954801469294141,0.1732679151532757,0.16033482787497708,0.4865251162946912,-0.0892984098986931,0.090877518983669,0.4833357805116819,-0.06353680799657807
0.22386836363100968,0.18583692146063566,0.13299713062996368,0.18591418665163378,0.1961693309809132,0.17399877667025843,0.16035607409980424,0.4865932392983304,-0.08923239376342251,0.09088588469294946,0.48336469269970483,-0.0635104376877534
0.22398742712147143,0.18627781736012172,0.1336222155860499,0.18604065611041892,0.1966939721286963,0.17460952465071006,0.1603027261562374,0.48647953236346564,-0.08930675140773163,0.0908407886767995,0.4832866481831747,-0.06355807210303074
0.22432989919214877,0.1868492068238064,0.13414803634130779,0.18627028987940347,0.19719281698163038,0.175049003109274,0.1604343715888209,0.4868192195722158,-0.08903235741429574,0.09092431153615281,0.48347516018680825,-0.06343316656724414
0.22510991889162374,0.18785823645173344,0.13513561354169562,0.1867962908115894,0.198011600156558,0.17584664796127875,0.16080178542191936,0.4874859444176838,-0.08838583004170779,0.09118362174483358,0.4837914696049053,-0.06313089199366137
0.2255367659523222,0.1883895972200187,0.13561039517009646,0.18720903103670716,0.19856519537427428,0.17630259532112758,0.16066241263927944,0.4873959676186625,-0.08857846248375342,0.09105368612316235,0.48363223340571054,-0.06330774323595402
0.22616388333533716,0.1891786313280295,0.13645860119132464,0.18772028780570207,0.1993049416993965,0.1770536872942841,0.16078928363490494,0.48756639012823805,-0.08840811992385399,0.09114132713771617,0.48362480271823516,-0.063272969274267
0.22677392993617462,0.1901051126018633,0.1375842294224841,0.18813342679498174,0.20013226269762752,0.1780166544380901,0.16113627687129742,0.48797177884172105,-0.08789588676557955,0.09140620645852593,0.4837930391148447,-0.06302813318292991
0.2271417547055368,0.19077057228998945,0.13834670495578916,0.1885628618322443,0.20093654668754252,0.1788032891406835,0.16092398707354524,0.48767365953679587,-0.0882319771527568,0.09123881611429298,0.4835499160260355,-0.06322954843953633
0.22747253912834065,0.19137506886370237,0.138923487532914,0.1889111333187198,0.20159477111354931,0.1793832067929427,0.160853644904226,0.48773469529970465,-0.0882483194853956,0.0911882291082077,0.483604945140875,-0.06319188798935135
0.22790112221947115,0.1923436095409372,0.140105999896825,0.18923575638997275,0.2025804018758553,0.1804620500337369,0.16102905860246114,0.4879325893712901,-0.08799357761998788,0.09132426208550205,0.48370475572507904,-0.06306334459035653
0.2280331733497158,0.19290456592092484,0.14086663049677123,0.1893999442553797,0.2032657773839465,0.1812217060319901,0.16096338299794405,0.48777623668235587,-0.08810165586058942,0.09127893712212139,0.4836233338941815,-0.06310203276075164
0.22812989737046965,0.19348141281448739,0.14162424875843221,0.1895488474925806,0.20398626631888592,0.18199210549942216,0.1608649348580758,0.48761878398972,-0.0882295457484768,0.09120984048554581,0.48356812880967676,-0.06313154235600046
0.22850142631647127,0.19443243696994553,0.14279348119670607,0.18984968686034548,0.2049932748262539,0.18307902395684095,0.1609606305940394,0.48769684693708115,-0.08809255543761098,0.09128200857217056,0.4835932705753313,-0.0630685659894985
0.22875077061023288,0.19515500820282222,0.14370995281879012,0.19004587052752894,0.20575824420570765,0.18393327081401703,0.16103879686311665,0.4877853534633576,-0.0879292165737469,0.09134157075197351,0.48364657137532385,-0.06296290108742846
0.22896017403068894,0.1959597801707148,0.14473862929580822,0.19028473312620292,0.20671885671715473,0.1849488985985819,0.16096167940471298,0.4875944207671343,-0.08806939523447536,0.09128630189881756,0.4835375129758536,-0.06302876780011502
0.22934863238225642,0.1968200090399352,0.14561979933476585,0.19067169796854344,0.2076615522387707,0.18580647498870928,0.16097388122631756,0.4876578901133283,-0.08807306638859559,0.09130930615060066,0.48360282758918427,-0.06300210308106564
0.2296866581089958,0.1977666879998622,0.1467071976096682,0.19096233562619958,0.20867419683309082,0.18683033699321555,0.16102656123536507,0.48775279624298784,-0.08795848645215755,0.09134965449159227,0.4836666136120058,-0.06292687579985883
0.2299640119269629,0.1986889331203086,0.14785808582526364,0.19121347803650243,0.20970432142532983,0.18792640945358632,0.1610399415984581,0.48769257566638957,-0.08793950168856808,0.09135956910973216,0.4836200097696035,-0.06291532037186642
0.23013107467927124,0.19945031874434335,0.148835902270693,0.19140835272083723,0.21060967852348828,0.18889127279874504,0.16097059139324776,0.4875438719107995,-0.08800384804260368,0.09130985667871272,0.48355206849736826,-0.06291207053956258
0.23044916289678213,0.20044784256132947,0.15002048068790316,0.19170536124872403,0.21171442678251398,0.19002541948966875,0.16102762765842898,0.4875795787749857,-0.0879083987214199,0.09136568480692774,0.4836055077401795,-0.06281716058363741
0.23086610408598923,0.20126874885217688,0.15061977193012577,0.19210271355355826,0.21253491676707123,0.19060584737688316,0.1610244232774091,0.4879474757756107,-0.08773203172213603,0.09136698760525018,0.48390438024313887,-0.0626393079198706
0.23123364308888683,0.2021433718698996,0.15150801561563493,0.19236004869723378,0.2133507196631108,0.1914035320204312,0.16123721154051315,0.48847970284611436,-0.0872096843700765,0.09153637807118943,0.48429548029050695,-0.062261020097030294
0.23161880197863657,0.20303534886532407,0.15246140138791106,0.19271151557334912,0.21428977247481182,0.1923107957181297,0.16126094539704103,0.48860545333574534,-0.08706651473647524,0.09155694888561826,0.48437830779260876,-0.062133928336040825
0.23204238323941737,0.20392245873670656,0.15350977976693492,0.19310089712640194,0.21524014077760736,0.193307819256601,0.16136629486612247,0.4886584445761089,-0.08691576807107784,0.09165767734658127,0.4844035679935192,-0.06200082431228791
0.23257721768524708,0.20507870950039217,0.15476730813362805,0.19360874861577226,0.21649918749618574,0.19450953146623873,0.16138190513482994,0.48859774287500035,-0.08693978803458748,0.0916784089777727,0.48431967484033356,-0.06201448941859704
0.23286594856989098,0.20585638628416297,0.1555527035907747,0.19392184928375542,0.21737513068898148,0.19529045482078525,0.16129691601561819,0.4885797337664543,-0.0869746505789099,0.09161604188347028,0.4843345268996265,-0.061980576229976304
0.2332941406622837,0.20681690804623876,0.15645105425223824,0.1943449662198137,0.21841365850057742,0.19616113362561594,0.16123780400749685,0.48860773796854584,-0.08701546844130205,0.09157066868512953,0.4843453375535782,-0.0619860467060747
0.2336390264627964,0.20784627371632977,0.15756949000082107,0.1946548099907738,0.21953356631456478,0.1972185917873162,0.16125734549896853,0.4886023312297302,-0.0869935153439727,0.09158590691323935,0.48432790845523627,-0.061978125899427125
0.23387609312157612,0.2086910447747281,0.1586253918180343,0.19484635334763492,0.2204560614078512,0.19820666278664897,0.16138726996626296,0.4886208297203128,-0.08685133044045441,0.09169996887693091,0.4843457962499442,-0.06188026900057095
0.23427665885553628,0.20974722441535593,0.15977268521535265,0.19524228424910922,0.22163649259016452,0.19931223650318003,0.16136365615725154,0.48849912750443175,-0.08691579387240918,0.09168849175210848,0.48424478578100344,-0.06190735938843932
0.23467517568440577,0.21071269005377302,0.16069162219987726,0.1956186768235555,0.2226648594928581,0.2001903406236683,0.16136372144740466,0.4885885902738681,-0.08686554272859451,0.09169252607528813,0.48430565887204985,-0.061850931243502175
0.23496602287252824,0.21179100138475124,0.1618900337748574,0.19587972632526668,0.22384950919105107,0.20132690771784456,0.1613989912595778,0.4885978636257742,-0.08678643883329505,0.09172383338521391,0.4843259340132096,-0.06178098450248589
0.23501554508880726,0.21260005855709085,0.1629045812913826,0.19595560989424904,0.224821390771378,0.20231744361061874,0.16138557088075692,0.4884719149740691,-0.08679019416070138,0.09172365092424474,0.4843165463740568,-0.06172827935969414
0.2352511164039795,0.21358365572663965,0.16400510597374515,0.19620190020521633,0.22594101403111128,0.20338616264681172,0.16147589051865444,0.48852143613477506,-0.0866751048581272,0.09182340207503406,0.48444288439714506,-0.06157438727760307
0.23555387355913873,0.21454472567273242,0.16490408312366253,0.19651391807996194,0.2269965740578634,0.2042645526669458,0.1615350008380482,0.4887114166395604,-0.08654763629438708,0.09189467150883152,0.48466980540114873,-0.06140723726735865
0.23589553917398923,0.21548298267270805,0.16562999293468875,0.19680138038001174,0.22791530201760368,0.20494280762135203,0.16168907709526478,0.4892849570953699,-0.08616360297455106,0.09203231698036556,0.48516331531960993,-0.06108178499637972
0.2364702521405469,0.2167701489270605,0.1667510647059603,0.19729357139376758,0.2291963616236577,0.2059835784971257,0.16188472759181355,0.48977322960091146,-0.0857968567332626,0.09220650228870292,0.48553263154879117,-0.06079461682377182
0.2369215383493108,0.21795504363513565,0.16789584223639897,0.19779732078611392,0.23057287634784548,0.20711954823662074,0.1617506201873748,0.48949216419420793,-0.08605505926637981,0.09211444238677313,0.48534283201229383,-0.06092070951370961
0.23753677592363556,0.21932861409688023,0.16914327897496548,0.19837347480541,0.23202142134704454,0.20830373995697504,0.1617854458602108,0.4895998667049727,-0.08598280977365592,0.09215324943836106,0.48539340867284303,-0.060846925344909576
0.23807961846562928,0.220766231755906,0.17049646894817577,0.19882826122882977,0.23350355533560035,0.20955417955421904,0.16186195851017987,0.4897646117863349,-0.08583315283755366,0.0922099327799709,0.4854553299643319,-0.060769730174651385
0.23839519429515935,0.22191636235976994,0.17161963851450293,0.19911658075075178,0.2347617564229039,0.21061450463918677,0.161799914148532,0.4896741720533166,-0.08589357194326917,0.0921501709704624,0.485364106673136,-0.06082394160355453
0.2388926189808416,0.22325047882324145,0.1728638362095916,0.19947460859594474,0.23606908440505325,0.21172663362465466,0.16195159081390217,0.48996933156789063,-0.08562265652859206,0.09225789591765028,0.4854820188108153,-0.0607067445514886
0.23958560839365942,0.22497425481216327,0.17446782438817202,0.20000381905658252,0.2377797486416679,0.21316814086424113,0.1621452937247303,0.4902343669483823,-0.08536713424201786,0.09240473432659735,0.4855372843605633,-0.06062159840782901
0.23988451416590953,0.22602879204457785,0.17549063654375874,0.20035204330457304,0.2390118107964989,0.21418221426262374,0.16202591292858964,0.490009643215756,-0.08551948506305364,0.09232014014551479,0.4854154483667969,-0.06065689533216353
0.24032568529400336,0.22734732814786088,0.1767569380920732,0.20081272143831488,0.2405045861876672,0.21540956365493938,0.16204955446645125,0.4898686483378769,-0.0855969049162841,0.09236687458547681,0.48535072903199405,-0.06065572845097668
0.24068741569020763,0.22883663813158472,0.17818178689070255,0.20112121952389153,0.24210487902464892,0.21674191032440462,0.16209935036480355,0.4899349742988518,-0.08549549690900124,0.09240733275621305,0.4854040444423219,-0.06058278710052109
0.2409869025643626,0.23013886792029098,0.1794483753136542,0.2013673551354048,0.24350089673663897,0.21792123408611583,0.16215683620516871,0.489988251514586,-0.08538790172626486,0.09245305274662753,0.48544171317473434,-0.060510978395364616
0.24137823847147957,0.2316499117568042,0.18080129470495007,0.20174220250488423,0.24516380844600494,0.21920406106127516,0.16212697155121203,0.4899136138620117,-0.085456535263184,0.09243263358173728,0.4853984646320505,-0.060547451856718906
0.24190274601599604,0.23322545411096862,0.18214198621163,0.20221632196447825,0.24682735516106835,0.2204615536480786,0.16217989702737845,0.4900464673318657,-0.08536758309426347,0.09248401609116402,0.4854857618395098,-0.060471119496807633
0.24218200006379378,0.2346146387309499,0.18344111591103546,0.202437432923807,0.24831428156845872,0.22166548488777466,0.16227146462023373,0.49014545011769717,-0.08524540386628573,0.0925605217021372,0.4855740402301542,-0.06039311216446508
0.2427365801075275,0.23606162260379232,0.1844743479825342,0.2028496288802822,0.24966739923769976,0.2225837586139478,0.16245793824406732,0.49084599542155327,-0.08481062779835334,0.09270746208078591,0.4860423506523387,-0.060113546479923584
0.243212600161098,0.23766517425114017,0.18588432273806818,0.20321472145075187,0.2512878932920438,0.22387122099648316,0.1625891761386674,0.49115583197030627,-0.08451627840937513,0.09281101052698228,0.48622154403872375,-0.059923390002380214
0.24362208220313467,0.23919045296090657,0.18726364680558566,0.20369423336916503,0.25308593695117737,0.22522541213410954,0.16241532927433092,0.4906458907240955,-0.0848572109965644,0.09268594081812376,0.48587849214608225,-0.06009364804524127
0.24417273816559454,0.240683422645284,0.18839433260231583,0.20424323634826405,0.2546833936417299,0.22631594796095528,0.1624592516180359,0.49084380131780275,-0.0847664739046915,0.0927492877187253,0.48608021640593463,-0.05994755076796655
0.24471854226395828,0.2426817678925673,0.19007498296751868,0.20473130111816015,0.2568103725685535,0.22788789465317988,0.1625654231701002,0.4910054245661403,-0.08462551159394098,0.09285179892227574,0.48621979674560273,-0.05982111451763879
0.24494057950480744,0.2439549571162365,0.1911916024020108,0.20504471299440444,0.25834354157688705,0.22900299866415588,0.16235736846416812,0.4906352964137579,-0.0848572313415349,0.09269447486277355,0.4860498985791233,-0.05987313368920148
0.24541853934407168,0.2457642960833589,0.19265389892862889,0.20546276443686545,0.2602560442344784,0.2303624987671182,0.1624163910518582,0.49077272617654144,-0.08475491079998485,0.0927484085166596,0.4861500168011074,-0.05979188772127977
0.24591720298618072,0.24761146821523883,0.19411914185808002,0.20580547169115032,0.26207193958928665,0.23167386186563366,0.16267887954749136,0.49135423511713555,-0.08433189557403029,0.09296424734571844,0.4865400645040779,-0.05953585613216941
0.24628619978609553,0.24885942663558727,0.1950655852980654,0.20613700726645873,0.2633468205974561,0.23256986466595717,0.16270961572701195,0.49173174675679876,-0.08404393777280635,0.0929955515698452,0.4868594326381059,-0.059257659965486285
0.2467142450787195,0.2506317758868138,0.19648089182515438,0.20659659730987914,0.265346372967169,0.23393043367746796,0.1626164496553386,0.49149501046052424,-0.08420861312384019,0.09293509294029204,0.4867382343505288,-0.059308184189538024
0.24698996303111345,0.2519984457651718,0.19761721367364588,0.206876885881567,0.2668680678610837,0.23501037608349595,0.1627115931658103,0.49153613959418174,-0.08415039404736468,0.09303934175940376,0.4868647254356721,-0.059208360701132036
0.24749253998877704,0.2538527443820809,0.19908067674726737,0.20731003339924722,0.26880223542192305,0.236367297625569,0.1628493944293501,0.4918039836942795,-0.08391911260334177,0.09316788950740931,0.4870773311036014,-0.05901336264830121
0.24786947723109232,0.2554515881274893,0.200250765335798,0.20773391843546515,0.2706123009582497,0.23750265013799424,0.16271418801412446,0.49162321804352205,-0.08408297007749017,0.09307063228724989,0.48701925956865316,-0.05904842462921356
0.24794918269784766,0.2566055568922535,0.20127573885618535,0.20780529228997252,0.27188978656444013,0.2384681251864343,0.16282921288798247,0.49180065414421265,-0.08387683805853208,0.0931812478456425,0.48727633176514906,-0.058840040615693694
0.2484423203977342,0.25857383525784317,0.2027706013276845,0.20824101133271775,0.2739739840934902,0.2398529877124504,0.1629966682807498,0.49201755388464125,-0.08372059560668968,0.09334240045749982,0.4874786030203586,-0.0587039880672766
0.248825628368301,0.2597751898630775,0.20347621212874856,0.20874291819063082,0.2754026527775888,0.24059186869519764,0.16281069570228063,0.4918516093987115,-0.08395395679385272,0.09322199791054338,0.4875084767517126,-0.05872103995526149
0.24925405085122623,0.2614852473075272,0.20474837667366286,0.20918090283089644,0.2772763587341699,0.241805047089962,0.16280124581818964,0.4918814831727105,-0.08389954407749943,0.09323451631813953,0.48760634389836255,-0.05859454290037613
0.24953502701451782,0.2631013105707166,0.2060134728684758,0.20945168601293337,0.2790437856810395,0.2429942310569927,0.16285030121000058,0.49196278392119247,-0.08378355865693483,0.0932898998441562,0.4877540305548607,-0.05845004901759639
0.2495916717422765,0.264183341196854,0.20698044880461164,0.2095813702023271,0.2803781099770557,0.2439306646298034,0.16280434136605976,0.4915966356001204,-0.08392381030432179,0.09327399603001874,0.48761707780507396,-0.05847103145938644
0.25011322922264206,0.2661067900305064,0.20834781384039924,0.21003079757846188,0.2823839247225708,0.2451834864200624,0.16286104626798262,0.4916923454084815,-0.08383765624213556,0.09332531980792626,0.48764732133082467,-0.05840990998719164
0.25052518712188504,0.2677587277708762,0.20946020717212066,0.2103510405387719,0.2840499096409164,0.2461896034955826,0.16292164195260006,0.49199215698012194,-0.08365943265388963,0.09336939866896665,0.48782923186158905,-0.05829596951507146
0.25069166197783965,0.2690367322279391,0.21040319222055348,0.21054208136756775,0.285506766142328,0.24707964753412323,0.16277436809638088,0.49170388858297037,-0.08381445182925538,0.09324423292190727,0.48765095017539195,-0.0583726801416109
0.25111186283299264,0.2707038100103922,0.21163521177590014,0.2107854172458831,0.2870821282833524,0.24815837828086842,0.1631538004089151,0.492407617831602,-0.08329687533073005,0.09356542476097733,0.48811888007576293,-0.05805376821481488
0.2515373746288796,0.2725830369990115,0.21293108198303975,0.2111602804945405,0.28907934733577645,0.24934502476914827,0.16313865387347398,0.49233187751142715,-0.08332935819612335,0.09355291572918858,0.48802465141795237,-0.058082128565586415
0.25194905050668176,0.27393697057690225,0.21361221833027244,0.21164889244788265,0.29061524032063657,0.25002850305951374,0.16288738187510005,0.49216065312697166,-0.0835755652472825,0.09335677299925987,0.4879757888089441,-0.058156456417170745
0.25248606181214395,0.27563348306825514,0.2146481897863142,0.21212302469177854,0.29234653881074407,0.2509787859396749,0.16300210480589147,0.49246336428965687,-0.0834315968495976,0.09346960546999282,0.4881933990669545,-0.05803181955091664
0.2527554492759296,0.27736919486486,0.21597444397020182,0.21233343830233717,0.29420685322261214,0.2521817292118285,0.16308602790881557,0.49237244684066034,-0.0833700593439765,0.09354259330749926,0.48811147193162563,-0.05799872610349738
0.25292492560291796,0.27854475594297023,0.2168228312846981,0.21249319897396662,0.2954933587370189,0.2529674513521638,0.1631076541416404,0.4923550636153688,-0.0833307048150457,0.0935677693593941,0.48814539115535277,-0.057941084180350926
0.25326833723047865,0.28028171386511574,0.21798522429109873,0.2128039655880184,0.2973587006074554,0.2540327535555705,0.16307176309651358,0.49223808282681,-0.08336707920758864,0.09353861053947606,0.48804331720411387,-0.057956561885565916
0.253521140074086,0.2815620605206084,0.21880947390272187,0.2130248588316959,0.29870295459321106,0.25479077697277736,0.16302572601569915,0.49229740017685464,-0.08330860203326447,0.09349604059735969,0.4880823364191595,-0.05789195715500125
0.2538789079318063,0.2831323993490439,0.2198419276116981,0.21332846889576018,0.3003430789779825,0.25572880007760235,0.16306833735072565,0.4923407611247058,-0.0832412899817164,0.09353598020380756,0.4880861448626206,-0.05783854792936597
0.2541310016914263,0.2847045267633749,0.22095371475615816,0.2135422662300557,0.302039794190962,0.25673717841678,0.16317405784833378,0.4922804206050471,-0.08320614093727498,0.09363643160493625,0.4880599779213771,-0.057812122867858834
0.2543906654862811,0.2857908774217687,0.22152854140622924,0.21382737582279357,0.3032222683533117,0.25729415836662645,0.16308735265014854,0.49238916521447074,-0.08319262244552222,0.09357386788655589,0.48822217839152565,-0.05772379030579508
0.254908144561079,0.28763461984586586,0.2225903383006791,0.2142805669809969,0.30510860021410874,0.25826208012463264,0.16316956466977806,0.4926529696498334,-0.08306575006675404,0.09365643642494237,0.488403791545349,-0.05760952802231419
0.25513873451964453,0.2890603734897253,0.22352172274068705,0.21454168566022327,0.30672568541624423,0.25913393403308893,0.16312471936046452,0.4924187944266839,-0.08315874419714657,0.0936340532648441,0.4883049907095206,-0.057619094663802
0.2553047628083743,0.2905492391005216,0.22458285900100122,0.2146844441203435,0.3083436755343855,0.2601041337018635,0.16320304009669706,0.4924332670563184,-0.08304393938103041,0.09370930918432166,0.4883794596837298,-0.05750303565021594
0.2557731490509376,0.2925168773599539,0.22570668086652865,0.2150985896932323,0.3103833577380786,0.26112958750396764,0.16331679837643337,0.49274190765457093,-0.08289645524256435,0.09382325217756701,0.48864663375726447,-0.05736166481588394
0.2560174022484043,0.2936704660335385,0.22628404439290142,0.2154771694474185,0.31180608269887,0.26172416498101664,0.16309219619310522,0.49242902499489716,-0.08312519346543888,0.09366238407078677,0.48860751452022777,-0.057375494436635054
0.25624282220539185,0.29523496636141305,0.22726886482969338,0.21572165005376395,0.31354099119436524,0.26264311078580665,0.16314063901948164,0.492489474589894,-0.08304835612726871,0.09372518824983679,0.4887908933262137,-0.057242049828121866
0.25638261611983154,0.2968522376538476,0.22835328459498225,0.21583751321773573,0.31528835518314907,0.26363242029576683,0.16330697186056997,0.4927314112851302,-0.08284184540570398,0.09388281594835701,0.48910738773566753,-0.05704838144848968
0.2564588157598956,0.29797210630582915,0.22903828080594724,0.2160364431782619,0.31669380440296163,0.26430785735460377,0.16310106545374728,0.49233504037838016,-0.08302183434717333,0.09372876701131873,0.48900919104591417,-0.057049297144297115
0.25684633438746596,0.2997782356954771,0.2300695916539009,0.21634605006874633,0.31852286878989844,0.2652374593024878,0.16329375416261044,0.49282393951878134,-0.08274889584569009,0.0939063195624423,0.48941756980188206,-0.05682727709450854
0.2570797965743166,0.301580049539071,0.23118540875303636,0.21652562956734572,0.32043201162436036,0.26623360811613705,0.16338937990026395,0.49288519786647267,-0.08265942743161064,0.0939918731998572,0.4894901628651174,-0.05676329731861891
0.2571912168529538,0.30280507384407396,0.2319115595311261,0.2166887307090796,0.32186153655266175,0.26690888885625624,0.16326041537422845,0.4925585075901535,-0.08280223754175597,0.09389044692091346,0.4893393441105698,-0.05681004223239003
0.25769401581850687,0.3045638823256733,0.23272241855219847,0.21712331885389988,0.32362803530901485,0.2676364534597239,0.16328196264153927,0.49285199073636865,-0.0827266068051902,0.09391427965841755,0.4895193702062136,-0.05674261266114958
0.2581265858172773,0.3063870979194035,0.23367207414180774,0.21749765906819704,0.32551062204524567,0.2684857833799273,0.16331837902032545,0.49295192807888666,-0.0826807403302692,0.09395238300122156,0.4895633194458252,-0.05669948398012264
0.2581372677783349,0.30741936162255923,0.2343940183806402,0.21753725120296308,0.32671495798165306,0.26914645469691284,0.16330059804211372,0.4927196888535067,-0.08269261008915411,0.09394471709436236,0.48948509778350374,-0.05666476053730638
0.2584535868292923,0.3086492184133609,0.23493761588547687,0.2177047570536768,0.32776141504958767,0.2696171491341561,0.16348577369830472,0.49369674758414606,-0.08225737393907882,0.09409196359033166,0.49016397363431125,-0.05636976337648785
0.25959860625512493,0.3104093807139261,0.23516723099992345,0.21852496937239121,0.3289167958004177,0.2697915743833259,0.16381799139154243,0.4960170048328592,-0.08145560272843175,0.09437275890713372,0.49162171647204456,-0.05583937976066896
0.26045795787425513,0.31185537469194,0.23548638597801824,0.21932047443533256,0.33024347737539417,0.27009849875238157,0.1636788156366377,0.4964419937292986,-0.0814295537489112,0.09426764557893436,0.49178399020298114,-0.05576747612273631
0.2609508482908553,0.31346194081092255,0.23630419434480515,0.21982403971828285,0.33200544205148197,0.2708460152734487,0.16356840791286087,0.4959425475168198,-0.08164489534593253,0.09419145374992524,0.4913445696840919,-0.05587967489963907
0.26137789621537316,0.31530716446128376,0.23729883847246702,0.2201073532469234,0.3337741176584574,0.2717099869187608,0.16380532130338038,0.49643875758740585,-0.08136253940306287,0.0944008152976866,0.4916173354721012,-0.05571262344581081
0.26169657537674745,0.3171838746764329,0.23832917183871485,0.22038303188455208,0.3357602636275633,0.272629639945505,0.1638148640247633,0.49633035739908193,-0.08135793059709683,0.09441577030435212,0.4915130759578948,-0.055692597090118895
0.2619576991564333,0.3186219765459162,0.23901542657820704,0.22071508293347,0.3374304752092488,0.2732747347995781,0.16366952800673684,0.49595161502400154,-0.08155869883146202,0.09431008539831795,0.49133644645515095,-0.05574944285898262
0.2622076676116758,0.3203293569102445,0.23987545723530945,0.2209295844950989,0.33922505275581566,0.2740439477993182,0.16369715598058351,0.4960784378562344,-0.08149982930320927,0.09434053906110446,0.4914690140426576,-0.055681954578246165
0.26255570594606337,0.3222591602428708,0.2408351958739883,0.22119489091796407,0.34118190607329685,0.27488847596766763,0.16381595129836973,0.49635722794905596,-0.08136731626081882,0.09445093392461963,0.4916593481133943,-0.05558798260939457
0.26275680550162944,0.3235586459295565,0.24148084911049233,0.22143733629351378,0.342663390779383,0.27548266381607445,0.16374473836791548,0.4960974457857512,-0.08147597193372672,0.0944046542351146,0.49155055082783605,-0.055602660734341856
0.2630293117098163,0.3252428117912227,0.24225098585607366,0.22169316955909704,0.3444538332003831,0.2761725604539964,0.16373921984384157,0.4961621854711082,-0.08148066306169388,0.09441002500222884,0.49164965562349944,-0.05557217853035617
0.26319254482786253,0.3267663183786514,0.24302327469748042,0.2218123498478891,0.3460315341804369,0.2768602978854049,0.1638701256734396,0.4965337942407766,-0.08130402348386383,0.09453186691486637,0.49201439370710504,-0.055421005018703735
0.2632600953254454,0.32795845342241525,0.24364373331167136,0.22196998977147192,0.34748374059971837,0.277441714888619,0.16378648574352708,0.4962260616959911,-0.08141802721320067,0.09447864326018528,0.4919817712639656,-0.055407284764063945
0.26336393393574287,0.32938387375723943,0.24435710269565913,0.2221047519551896,0.3490848149799715,0.27809085481314794,0.16379270303266175,0.49623813896601754,-0.08140256225839683,0.09449786705181232,0.49215037284467406,-0.05533216471162352
0.26345459160337575,0.330862722550257,0.24512654793387345,0.22218300289609438,0.3506663963420618,0.2787848854539429,0.16389092291092588,0.4965659016865827,-0.08122244846953142,0.09459257360164822,0.4925458594479089,-0.05515085862289884
0.26360153282294607,0.33220695701776687,0.24578539988602086,0.22242416668864515,0.352278552780189,0.27940040808893185,0.16381799474904132,0.4962775752784126,-0.08132041312548428,0.09455529496376626,0.49253796969183117,-0.05511271345088314
0.26369573858262413,0.3334234933327066,0.24642261729617917,0.22257549914170704,0.35369528376850007,0.27998738506744547,0.16385797992467885,0.4962419585909738,-0.08129174685344888,0.09461284033993371,0.4927105651256413,-0.055008869198888435
0.2638924978307827,0.3349836562097566,0.24711830939069526,0.22275884633022974,0.35534893829963116,0.2806099682675115,0.16388720799352596,0.496471725766121,-0.08120269290495412,0.09464764430164752,0.4929830323829207,-0.0548994309027091
0.2640355608205865,0.3362848211876692,0.2477108412587225,0.22293850895893427,0.3568171484472407,0.2811453904597608,0.16380911716194024,0.4963250600195357,-0.08125103662239933,0.09459090064198124,0.4929819565381216,-0.05487278962546911
0.2641548062672621,0.3374735439201969,0.24831579426990397,0.223075655160097,0.3581508530946156,0.2816829254667917,0.1637959002802406,0.4961458713307387,-0.08126775758926379,0.09458945715856254,0.49292182595672224,-0.054843838205594624
0.26443195572251016,0.33905719347187396,0.24902757077972268,0.22326131434469915,0.35971796252506144,0.2822920281683628,0.16392078580214248,0.49641217631844753,-0.08114064278343694,0.09469921663788437,0.49306815052836306,-0.05477131196759133
0.2647080324167181,0.3402302658463357,0.24942146919705913,0.22351962599570843,0.360935430781897,0.28263629323963174,0.16384509885636803,0.496400316885782,-0.08120175888111417,0.09463825718356793,0.49303827939632244,-0.05479608670035206
0.2651613149967449,0.34141472765331765,0.24968482388647975,0.2238333278920461,0.3619072593834483,0.28285810891907137,0.16399140452260372,0.497296970632653,-0.08098043085202519,0.0947671827903357,0.49359479030735953,-0.05466597208648671
0.26563187288583046,0.34311670892996904,0.2502315180842586,0.22415956956037247,0.36345724086437853,0.2833181321781274,0.16410953167531347,0.49794663636939884,-0.08081990232823709,0.09487093990209357,0.49394217797061646,-0.05458764211459454
0.2658269669852891,0.3441725082216628,0.25064263116249785,0.2244778432906984,0.3648101826748913,0.28369939412474393,0.16381961980179136,0.4971027939228354,-0.08114188322724547,0.09463703330911964,0.4934105066550781,-0.05471677216525029
0.26611744560527784,0.3455940571192039,0.25129021377546534,0.22473002124492913,0.3662755842214997,0.2842715532907662,0.16397197229009086,0.4973305011371094,-0.08099955283029724,0.0947881397369921,0.49362087420840045,-0.05458013317283664
0.266374285117202,0.34771472566489214,0.25231603283562765,0.2248744350635481,0.36841383412305856,0.2851447179943639,0.16417753965515713,0.4975532841440275,-0.08081812446853638,0.09497072932868826,0.4937390538699144,-0.05447388780138988
0.2665671838855341,0.34876470763089207,0.2526700127888784,0.22511437511324714,0.36960886739254034,0.28546633672021593,0.164051800601368,0.49736116930619456,-0.08092228766269914,0.09487378190069085,0.4936794485008123,-0.05448374734212922
0.2668571216079871,0.3503358636264704,0.2532107503691475,0.22541665564009863,0.3713037300716795,0.28594375468879835,0.16391322168972455,0.4972310377700069,-0.08100249957144595,0.0947624138819358,0.49361936241262055,-0.05448323611324381
0.2672618348813931,0.352173383624779,0.25387410854330433,0.22574366668254395,0.3731354679802754,0.2865122142416327,0.16399107530212792,0.4974862514767153,-0.08092949927098139,0.09484156228346509,0.4937594274146457,-0.054422794733929164
0.26743191733114385,0.3534262765314817,0.254458928582495,0.22588971793034557,0.37446451525362967,0.2870173590591681,0.1640588706586068,0.4974426829345185,-0.08087288181026732,0.09490995856556214,0.4937435137967872,-0.05436073633387737
0.26765427514031537,0.35503265532809064,0.25510579365589764,0.22608645872516026,0.3761705562537178,0.2875668318035672,0.1640538041436585,0.4972940839852424,-0.08090427089365088,0.09491246466631163,0.4936281900331062,-0.05436776489658345
0.2680313740963855,0.3563533735152007,0.25544368339051254,0.22643195013201656,0.37748610847182923,0.287867573560813,0.16404012913916075,0.497603757952621,-0.0808720685769237,0.09491473477842705,0.4938637503058553,-0.05430438235855674
0.26831603213954425,0.3578680492139877,0.2559580165130098,0.22670866958713515,0.3790948538400435,0.2883101935879729,0.16400198917069853,0.4975377328336949,-0.08091747245874588,0.09489380647581964,0.4938356685413089,-0.05429974230930007
0.26835975796104716,0.3591652491965142,0.2565746328563788,0.22674373261794062,0.380516585558252,0.2888335864181416,0.1640264038979994,0.4973715382562302,-0.08089789646592287,0.09491752360969333,0.4937615226780977,-0.054269336487120984
0.2684839865271776,0.3605579714594189,0.25712766346261917,0.22681207073322224,0.38192633945206544,0.2893030810680281,0.1640865080622873,0.4976133295911306,-0.0807941180940834,0.09496971385965404,0.49395498026856927,-0.05419270848655718
0.2686998923694147,0.3621551318741659,0.2576491038562136,0.22702658582817703,0.383634632904808,0.2897486330129599,0.1639684610810301,0.497517463157342,-0.08085126796450516,0.09487112284872916,0.4939178795951805,-0.054191361717249774
0.2688422261647404,0.3630829938438256,0.25786831038167873,0.22717236629402648,0.3845986574341667,0.28994808926670945,0.16386376443693454,0.49774671361099937,-0.08083412584313855,0.09478179040196702,0.4941571451483698,-0.054133084376435464
0.2693421612578886,0.36468236544743504,0.2581876940219335,0.22745358489387763,0.3858233101478527,0.2902317393667464,0.16408452960637873,0.4993734339999828,-0.08041721170771285,0.09497616485687067,0.49522522496825333,-0.053865826862465126
0.26979935594230037,0.3658565208387911,0.2582528277591187,0.2277733337719038,0.38669043793369107,0.29031798912946427,0.16402908772972366,0.5007668633580921,-0.080104948856787,0.09492676782343505,0.4961751166341622,-0.05361089293258668
0.2700541334664394,0.36717757714246146,0.25862048449738606,0.22807523284894615,0.3881657190006584,0.29064677087243984,0.16385783745093294,0.5005696442387625,-0.08020548602621118,0.09479013748058714,0.49611261367421416,-0.053598391989556134
0.27021376629177674,0.36880948470665165,0.2592738044212003,0.22827586241014788,0.3900301385921008,0.2912004278157805,0.16383509579564487,0.5001259397263405,-0.080304908482645,0.09478601255156295,0.49588684862973725,-0.05361401184073776
0.27033258429776047,0.3706473729474038,0.26007194655076216,0.22827958383791866,0.3918204757580321,0.29187851952531,0.16406157626059228,0.5007314969087955,-0.0800144082135186,0.09498542306563298,0.4963460870934092,-0.05341735961296792
0.2704843536950123,0.3727173970339145,0.2608296188512603,0.22841711261363884,0.3940502646041558,0.2925103575377601,0.16402114513043503,0.5005490778059339,-0.08004980523595354,0.0949544635116894,0.4962649639720041,-0.05341168194328931
0.2706435348040581,0.3737385836967164,0.261039092137291,0.22869274037822168,0.39532792213867207,0.2927004965181777,0.16376513583499558,0.5001174296818998,-0.08025188382626701,0.09474461120544964,0.4961283833456287,-0.05344881603708015
0.2709385801473879,0.375957724527864,0.26178445148763296,0.22888259382439946,0.39752349307916895,0.29332212508417904,0.16391882827603138,0.5005921699429284,-0.0801031950841132,0.09488878442399404,0.49646402493338304,-0.05334574344371238
0.27099227004541215,0.3775743219504959,0.26239843814496827,0.22889449669789594,0.3992181243371017,0.29382671382342124,0.16403401118390956,0.5007429865451895,-0.08003921468569006,0.09499306156322442,0.4966446927456385,-0.05330532201872127
0.271144306531508,0.37868621449874507,0.26266210110892024,0.22913168087063066,0.4005446131453569,0.2940557773570903,0.16389886854279023,0.5005231964836245,-0.08016190768322796,0.09489036789259002,0.49666707719646525,-0.05330847334463847
0.27138755071134124,0.3806588403187466,0.26330655692081656,0.22937164367066062,0.40266951876465257,0.29458924869422287,0.16384129956969232,0.500298864830097,-0.08019628666740693,0.09485109118541324,0.49654263278796995,-0.053281762304864914
0.2716796785756196,0.3824186580724721,0.26384451212005594,0.22955910481847816,0.40436305798587524,0.29503287202403244,0.16398287119394858,0.5007287599569976,-0.08007154249903742,0.09498471845947555,0.49679716654352923,-0.053202466478750966
0.27174801278333566,0.38434209027762606,0.264636149685687,0.22955184475637355,0.40635323992852934,0.29567493042166393,0.16410494824280983,0.5006670864660749,-0.07997319590867774,0.095091290237943,0.49672225404517195,-0.053145913905450086
0.271925538073217,0.38588375393219715,0.26507269897273217,0.2297511511641528,0.4080499753491311,0.296030620925443,0.16401622175660935,0.5004453065263872,-0.08004375278259304,0.09502296454338884,0.49663270869498133,-0.05314497380270667
0.272229434323363,0.38761517634023734,0.2654594277518388,0.23005845186523197,0.4098819995882599,0.29634971806526017,0.1639026208692602,0.5004459100146604,-0.08009615703629078,0.09493659841757611,0.4966871246158322,-0.05312007442146711
0.27238059046468005,0.38983798924706764,0.2661949469935712,0.23012740591964181,0.41215394641388253,0.2969370950353388,0.16401886119925793,0.5005772893107271,-0.08002561594992706,0.09504251011024643,0.49677672993095634,-0.05308181346088175
0.2724039980196568,0.39141978620105694,0.2667481485337846,0.23012594091359323,0.41384002313926,0.29738002862073626,0.16406057679143884,0.5005576245912317,-0.07998628941690358,0.09507933844573617,0.4968255386373732,-0.053045427432757836
0.27262405606542717,0.39355197112526347,0.26735368914940877,0.230302113052575,0.4160597297293791,0.29786052702103816,0.1640400374487114,0.5004983105122731,-0.07998782369588599,0.09506799146373879,0.49677892707288623,-0.05302168171747042
0.27289075321647777,0.39546750659870955,0.26780482112251797,0.2305237668447183,0.41801686318479037,0.2982182753495382,0.1640109321311143,0.5006191806823046,-0.07999173600640373,0.09505182136411607,0.49686648775151193,-0.05299714225664576
0.2729503422337097,0.39728493423518324,0.26837359877329514,0.2305665544256297,0.4199653086993751,0.29866597999190875,0.16397862248357467,0.5004684450799293,-0.07998320471609416,0.09502321654940138,0.4968078536075136,-0.05296650957683092
0.2730364427075845,0.3993048102132556,0.2690132395327736,0.23060714563952478,0.422085350331536,0.29916643102090446,0.16403544841593345,0.500422832655234,-0.07993957093556144,0.09507580720031879,0.49680453521054796,-0.05292798896156542
0.2731910346939521,0.401037300931312,0.2694486332735227,0.2307426711053436,0.4239048715426851,0.29950897022561435,0.1640059247840029,0.5004783811529819,-0.07992826706648888,0.09505590970812053,0.496903949613871,-0.05288628833100746
0.27344209965697425,0.40296410434909,0.2698514549225705,0.23098581588036082,0.4259432449090326,0.2998153712503172,0.16393290499776655,0.5004176108070824,-0.07998377131548087,0.09500333596558067,0.49690890923717523,-0.052881127900993107
0.27351034774485583,0.4045753387888497,0.2703234522552624,0.23104917588575216,0.4276842084841773,0.3001804822556854,0.16392254454220395,0.5002856536856866,-0.07996811796083622,0.09499757172347753,0.4968832719094457,-0.05284024163575404
0.2736190104353377,0.40631617626327854,0.2708110726277904,0.2311015599039138,0.42945309346856786,0.3005661171956218,0.16395929055361963,0.5004781306727811,-0.0798774035588968,0.09503202924840443,0.4970407459019451,-0.05275975637809891
0.2741086426749704,0.4079101694303234,0.27094138886167934,0.2314636322259014,0.4307903294351595,0.30071242472948256,0.1640369507659588,0.5018902195521575,-0.07966680837888705,0.09512245486373774,0.4980609385113945,-0.05256923256524575
0.2746593502304062,0.4096289480361753,0.2710254864949478,0.231986877147148,0.43245506906917186,0.30079865317630233,0.16390485231440793,0.5025447980490073,-0.079651317928531,0.09503394866676328,0.4985829956985108,-0.05246211958406209
0.2747719179177503,0.41136309390167625,0.2714988126792888,0.2321776499704898,0.43449204370061767,0.3011500054702231,0.16380840175506736,0.5019113243873016,-0.0797308147578491,0.09496026984526071,0.4982857641068149,-0.05243722945095253
0.2748888113694795,0.413043530981078,0.27193866273963246,0.2322999349117594,0.4363129899476036,0.3014874883705162,0.16385474998316504,0.5019125003800914,-0.0796973403131153,0.09501203892553457,0.4984160444797778,-0.052373254160140464
0.27516002434353737,0.4155069362107255,0.2725093386549375,0.23247034922169407,0.4387602195878562,0.30192514503287743,0.16399032479911294,0.502297863037146,-0.07960253004123136,0.09514620068455801,0.4986789490061119,-0.0522979555186689
0.27532969105567295,0.4171761479799045,0.27284798993635023,0.23265142083073403,0.44057039401832576,0.30216842167926666,0.16394066734669496,0.5021354362348109,-0.07964107356672517,0.09511285863870703,0.49864114927809394,-0.05227919386442466
0.2753456068913607,0.4187962425634892,0.27325387515207056,0.23267363449674094,0.44233901493712763,0.30246438448699975,0.16395276408322806,0.5020884924736154,-0.07963161736487391,0.09512586206564758,0.49873880175727264,-0.05224938070514048
0.27529758363083146,0.42056917053279436,0.2737984311086539,0.23260450296826718,0.4442278109417665,0.30288421478777894,0.16408193410595726,0.5023239285111991,-0.07950225386315247,0.09524063652174095,0.4990769112656062,-0.05214384784871842
0.27530823602026566,0.4217926994153754,0.27402831901303615,0.23272052118463493,0.445736965859645,0.3030347297564382,0.16394562994683037,0.5020019842103368,-0.07958018732428096,0.09512556040021988,0.4991120569523137,-0.05212848242703535
0.275349566614446,0.4234561873641133,0.27438617390375075,0.23279625844899182,0.44759580270143107,0.3032809511175027,0.16393034974307144,0.5018941042743269,-0.07960165986381076,0.09511796813472638,0.49921726343432415,-0.052109107886462225
0.2752863219325284,0.4250970081242691,0.2748826225812662,0.23268100064941985,0.44928164989114333,0.3036628747632953,0.16409088441123124,0.5022792045150678,-0.07945142656957972,0.09525742101732339,0.4996139288694465,-0.052010574238523614
0.2753473556852596,0.42646971326033817,0.27515110700655965,0.2327771862971732,0.450821667336841,0.3038421548371226,0.1640181285066037,0.5020959346811502,-0.0794763213775237,0.09519770106587536,0.49961301598611935,-0.05198571142882055
0.27551626330168466,0.42766296439970564,0.2752898140783335,0.23293992042548683,0.4520575220922207,0.30393547338240806,0.1639426984993014,0.5022186445632129,-0.0794874757043412,0.09513837003424123,0.4997528048182259,-0.051955062578235074
0.27572898677890123,0.42954603332173347,0.27564646247311564,0.23301128954227016,0.45380182244673417,0.3041993651524082,0.16410869529937538,0.5027523925942277,-0.07939702027933097,0.09529300290491954,0.5000198802724418,-0.05191823554628019
0.27580072490653484,0.4310667907262269,0.2760189461663507,0.23304974871499712,0.4554009131684656,0.30445515080633095,0.1641470056492754,0.502526745261736,-0.07936965385719921,0.09533045281481478,0.49983679569576633,-0.05188882452042597
0.27585215350694525,0.4321879875619407,0.27624805619416587,0.2331234896881584,0.4566462163477305,0.3046112285769087,0.16409744529924963,0.502400930665105,-0.0793572910197074,0.09529005784732894,0.4998441495058223,-0.051840822207971614
0.27601322074056767,0.4339601037137624,0.27654091319243457,0.23325485671911284,0.4584775101753444,0.30480807260572657,0.16413187701215726,0.5025695737946234,-0.07933749398288623,0.09533054409502825,0.5000341960630668,-0.05180391081056493
0.27600193229373454,0.4350110937771171,0.27672132874015265,0.23330444838391287,0.4597177550425067,0.3049156361722912,0.16405591796618585,0.5024431119690138,-0.0793617345353122,0.09526488223531832,0.5001428005941109,-0.051781819300209975
0.2759751524121118,0.4363690119292106,0.2770098501380386,0.2333115646405711,0.46125345700724957,0.30509892072266687,0.16404744606093136,0.5023173021685835,-0.0793567402129118,0.09525848145854533,0.500222969669101,-0.05175525702747918
0.2759943251382908,0.43787803515818785,0.2773140461037555,0.23331819876472185,0.4628441404735095,0.30531145737375626,0.16411092425087134,0.502591221306399,-0.07929280085421679,0.09531762629468847,0.5005691852956708,-0.0516967272131064
0.27599233647145927,0.4389152411712973,0.27743376042112106,0.23338321208872118,0.46407076468171093,0.30536358983240647,0.1640004722364874,0.5024874054708425,-0.07934423416983184,0.09522153180601242,0.5007043143792124,-0.05169594863270394
0.27600823622010284,0.4403544713044423,0.2776854532914046,0.23343255747875596,0.4656884471873122,0.30550477140615917,0.1639465269089279,0.5022521087685535,-0.07936495062310427,0.0951759534662757,0.5006707367524623,-0.05168359869372897
0.2759013846053243,0.4415755254072027,0.27802147328209736,0.23328023307737789,0.4669288741659856,0.3057533748367596,0.16405846103929753,0.5026008043610378,-0.07924762827820438,0.09526794655637574,0.5010138144973768,-0.051616190855044625
0.27584041421223465,0.4427503660948482,0.27828298553647374,0.23323458361705457,0.46823786178653254,0.30591528506711935,0.16404454418115794,0.5024609047346423,-0.0792229167535934,0.09525238022841614,0.5010243697057164,-0.0515873545278635
0.2758948142937289,0.4438789347011033,0.2784356556450478,0.23332291347886377,0.4695095588157205,0.3059877441901038,0.16397604119279102,0.5022733786968434,-0.07924913895894967,0.09519598981772073,0.5010014836406966,-0.05157538660168403
0.2759944193260274,0.44533134299986094,0.278681338712539,0.23336986892366088,0.4709573946924278,0.30615617069266443,0.16407726094691089,0.5026224129574322,-0.07918234778883707,0.09529153827397256,0.5013006027322545,-0.0515250354137587
0.2760018923078851,0.44665715619100965,0.27895224527895995,0.23338081542454892,0.47240211734089677,0.30632109610221653,0.16409724919145,0.5024945929108815,-0.07914504131007903,0.09531101878940242,0.5012965311398196,-0.05148335465160555
0.2759884289770717,0.44751958591206437,0.27910210202108104,0.23341398792474394,0.47341469288491783,0.3064018019944593,0.164066245463093,0.5023998742175542,-0.07913764165047801,0.09528615627569274,0.5013925018958358,-0.05145309205867274
0.276043146774983,0.4488606059963307,0.279293228750819,0.23346088713508403,0.4748274096940629,0.30651251390627077,0.16410668330538147,0.5025995036747195,-0.07911504985770434,0.0953267432113906,0.501657385546507,-0.051427832449269316
0.27600516169235784,0.4496207657543705,0.2793961135212297,0.2334427705941413,0.4756761970972775,0.30656172737823,0.16412263549446393,0.5027277927114239,-0.07912317350842937,0.09534111114307145,0.5018961846197436,-0.051436351921199844
0.27620646119094056,0.45056304459472896,0.2793350154669276,0.23356379375726943,0.4764833033005968,0.3065040477914756,0.16425565467994965,0.5035341958295326,-0.07918305829127631,0.09547040830448686,0.5024925995227609,-0.0515125918708665
0.27653151589186414,0.4519142424931795,0.2793214440553236,0.23376935406836835,0.4776491040044872,0.30647890405925426,0.1644021895853347,0.5043183905299587,-0.07922416615832521,0.09561790183340707,0.5029751416195314,-0.051564318101130865
0.2767055305939416,0.45270344071740515,0.27938324765341405,0.23393857116092046,0.4784715578142048,0.30650159083344763,0.16444550136878286,0.5043330742426095,-0.07923382100522386,0.09566997298804233,0.5030112782581093,-0.051551167500768456
0.27686509853455127,0.4542303605000411,0.2796086335961972,0.23407953654645253,0.4800813582136908,0.3066185358037499,0.16448121107000013,0.5041209355814374,-0.07921573501510172,0.09571276696584871,0.5028603710485396,-0.051512633631411446
0.2770683311967383,0.45586796453999145,0.2797659251217861,0.23420051208870687,0.481655805732527,0.30670568284600835,0.1645698983210934,0.504498934856801,-0.07919544672686327,0.09580268966199873,0.5030972177197818,-0.05149606124583239
0.2770299771208746,0.45718315859406866,0.2799997707419759,0.23414823401603752,0.48305316228339534,0.3068384039429255,0.1645450924332402,0.5044164024240261,-0.07915243452342972,0.09577581494389695,0.5030885249229735,-0.05145454708307912
0.27693393364106544,0.4584062262003441,0.2802170235056897,0.2340829931578229,0.48444571086409965,0.3069407087462731,0.16445948447212888,0.5041040150381597,-0.07913704358187432,0.09569193155274582,0.5029776807881962,-0.0514259485049988
0.27690457108149796,0.45960524083480997,0.28039017707299496,0.23403601436011431,0.4856994534821007,0.307032101283412,0.16447801404625015,0.5042361421287544,-0.0791129342845913,0.09570563303229417,0.5031550364589075,-0.05141202141291295
0.27687493694698956,0.4611569191451798,0.28066844482571135,0.2339551957365304,0.48728659349634584,0.30719294571487715,0.1645368949617122,0.5042547582946897,-0.0790493275131762,0.09575420652788927,0.5031739370362034,-0.05137400726308209
0.2769837715514094,0.4625026957749699,0.2807863105737293,0.2340141979380264,0.48862319449315944,0.3072390704465146,0.16454462671676118,0.5043630439823347,-0.07904599079693121,0.09576548909749548,0.5032258253587579,-0.05136410654251811
0.27700009985322677,0.46398857794132475,0.2809913745102681,0.23396340791983478,0.4900936284895451,0.3073501054735619,0.16456781157837663,0.5044621406305768,-0.07900168990822157,0.09578358970652318,0.5032545100004462,-0.051335425189846046
0.277061905002095,0.4656063580461916,0.2811807274467055,0.23396688213439826,0.49171836099580596,0.3074370699315635,0.16460198897461273,0.5045245515666977,-0.07897517858995354,0.09581610068660533,0.5032753428559215,-0.05131490375854392
0.27710551964703767,0.46692403225209383,0.2812964505460918,0.2339941375670129,0.49308968003333226,0.3074724094784484,0.16461025080451486,0.5046439203054529,-0.07897589044914084,0.0958259555790298,0.5034360665299841,-0.05130981784544767
0.2772526918004388,0.4683700870038876,0.281277410573191,0.23415436706936316,0.49463380250087613,0.3073765459680297,0.16455217765687355,0.5046932982372979,-0.07907429760975047,0.09578354723175628,0.5035878633751671,-0.05136503495370626
0.277264274993449,0.46950817758976926,0.2813766418384295,0.23418835969683055,0.49589170023616747,0.30739180028145396,0.16452979896040226,0.5046634718538938,-0.07908026037271128,0.09576496395685036,0.5037013059655315,-0.0513562372616984
0.2775007881510917,0.47133905408383475,0.2814885576956872,0.23433407557901248,0.4976456048118579,0.30743106199275866,0.1647093791049679,0.50522176841302,-0.07907238703900189,0.09594361095184681,0.5041025789569336,-0.05135657388125735
0.27766119927137567,0.4730727568124317,0.2816129123507167,0.2344325321224979,0.4993798838154698,0.30745146145990015,0.16486212420962437,0.5053904417521045,-0.07908927929531163,0.09609389417807122,0.5042227714875828,-0.051381575705819256
0.2777617377212442,0.4742617160390693,0.2816443666605046,0.23455968500590085,0.5007029852064603,0.30739033995126214,0.16484543618970554,0.5051599535891584,-0.07914552083307734,0.0960870685440155,0.5041506752340875,-0.051407136063510536
0.27801102272340683,0.4759708190450768,0.2816157517818358,0.23477693315455006,0.5024354907829458,0.30728378372137166,0.16487490373821334,0.5053404089356647,-0.07923294355115487,0.09613127265447884,0.5043195620448019,-0.051458480266129016
0.2780942248055579,0.477473188467782,0.2816947030283159,0.23484736095695835,0.5040091296661339,0.3072674581921311,0.16491336495361714,0.5054351294529292,-0.07925177218984335,0.09617249675760405,0.5044793384913141,-0.05146815728791823
0.2779990884678596,0.4787853017241261,0.28192027171325185,0.23476964032601771,0.5054748581069168,0.3073622765110614,0.16500736486505657,0.5053549600491114,-0.07919059603605316,0.09625328221207835,0.5045897861367823,-0.051433788201690166
0.27794555327117193,0.4802237465023323,0.2820897743794324,0.23473058920310888,0.5070486217025834,0.30741379787051887,0.16509062645391437,0.5054817438434854,-0.079157971933649,0.09632713802858096,0.5048826307814417,-0.05142038954367943
0.2779500798021964,0.4813736530623786,0.2821307399225369,0.23480888918646492,0.5084066273884769,0.30735908085157465,0.16501062284533236,0.5053862718203982,-0.0791755129372294,0.09625702118232363,0.5050662091235303,-0.051408813962435435
0.27786631055082117,0.4825712259818261,0.2822600573026555,0.2347723103437108,0.5097979396538905,0.30736038446106356,0.1650376480481754,0.5051995741601566,-0.07917013779659053,0.09627858744017742,0.5051337032762532,-0.0514151923083583
0.277857051469663,0.4838392479147074,0.28234274099690004,0.23472246925173712,0.5110794752172352,0.30735855695564385,0.16513991488381657,0.5054336003101058,-0.07918549609863548,0.09637043760819648,0.5053586719985145,-0.05145639343178885
0.2781839006047131,0.4849882947080814,0.28218121127273466,0.2349220938017546,0.5119910605558023,0.30723475240780745,0.16520776438372953,0.5062736035884283,-0.07928450414622559,0.09645113149616101,0.5058295112102689,-0.05152701921609878
0.27868117767722117,0.48656987662917794,0.28202720923022856,0.23524067948345384,0.5132627795393231,0.3071035978377811,0.16534613785903257,0.5070114745654404,-0.07937484524112681,0.09661051772757139,0.5060750236570036,-0.051577591086049236
0.2790178355330361,0.48789525455751537,0.281975926805515,0.23548952830120878,0.5144848671365448,0.3070097476708742,0.16544054525658947,0.5070610545988931,-0.07941998683370763,0.09672173172147057,0.5059335642585169,-0.05158829292944908
0.27933717569743255,0.4888397129449063,0.28183400079842835,0.23578227792921597,0.5153975817776545,0.3068552657175502,0.16543808248339723,0.5071618892058889,-0.07950438572447725,0.09674358400135856,0.5059635735208045,-0.05161568422113552
0.2797327920313932,0.49049614324487817,0.281738914088101,0.23608024635838826,0.516901899973753,0.30675100081695716,0.16557450887911618,0.5079135028994575,-0.07956242430311272,0.09689979890681863,0.5064619175069808,-0.051637044022951994
0.2798278426006321,0.4915660881816009,0.2817353259384386,0.2362248895135614,0.5181327981645807,0.306663334632618,0.16556112359394703,0.5077895998135739,-0.07958731347219847,0.09689472954018674,0.5065483438581562,-0.05163135945468579
0.2798702606447568,0.4924985688347675,0.28173402009385323,0.23639443963854712,0.5193819953598094,0.3065442514671962,0.16548599092857555,0.5073195272858061,-0.07961167752130198,0.09682947272606895,0.5065188584557125,-0.051615406493612855
0.28007736381634857,0.4940107101257828,0.28165230959286996,0.2366216820668307,0.520985137530606,0.3063989700656825,0.16553984648501255,0.5077628347033628,-0.07968710335024,0.09689533333730199,0.5070717768910217,-0.05165849283283795
0.27993161918800985,0.4951571034465423,0.28176523996745084,0.2365486826400508,0.5223676046896712,0.3063807361693065,0.1654831042755756,0.5075657405387395,-0.07965099972405397,0.09683305388779505,0.5071972277654279,-0.05162985531820348
0.279750843035485,0.49607567040638273,0.2818819035937149,0.2364462818592222,0.5235269932101128,0.3063676764495359,0.16546571119639075,0.5073318072608902,-0.07962375774027873,0.09680527817140938,0.5072991199112733,-0.05162565741040549
0.2796410737952248,0.49729953793020026,0.28202321856865403,0.2363392740041131,0.5248520084248048,0.30640002556187096,0.1655753449049787,0.5075292060161042,-0.07958222737551851,0.09689847142165359,0.5076242366392076,-0.05162462069221219
0.2796540410010808,0.4985203450022262,0.2820328072205475,0.23637254465052668,0.5261892661703493,0.3063135833559859,0.1655794290435344,0.5075473777055163,-0.07960185751750483,0.09690387900432587,0.5077894314549137,-0.05164188629940463
0.27965080714495605,0.49956859289640204,0.28202391773338625,0.23640080602721503,0.5273674489355883,0.30621222525826536,0.16556825923028978,0.5074878123286282,-0.0796341989704654,0.0968943975383825,0.5079003008604415,-0.051672075888440035
0.27954700607681027,0.5006777178222697,0.28215994245504256,0.23630207659063301,0.5285815527672192,0.306236181442698,0.16566140311090688,0.5075132172785712,-0.0795823422410796,0.09697300058987077,0.5080592162134849,-0.0516582487375544
0.2794897554506901,0.5016488472573619,0.2822512589411831,0.23626805218415717,0.5296730204091948,0.30622923426409127,0.16571757416722072,0.507501189249863,-0.07954395386863142,0.09702162902242242,0.508206999818094,-0.051642005803539844
0.27955921065707995,0.5027154115859455,0.2821878296410252,0.2363759700128574,0.5308688080161178,0.30608358682925535,0.1656792145225718,0.507459364999999,-0.07958969389976146,0.09699290908965938,0.5083360317102812,-0.05166886556000455
0.2795878049101447,0.5038837018427947,0.28220144266474223,0.2364284283879628,0.5321568683102447,0.3059987007171003,0.16570232691505812,0.5074449116842122,-0.07958793092048454,0.09701749623485341,0.5084767735611578,-0.05166877890576643
0.2795712328535841,0.5049878363022202,0.28227321816312395,0.23642762044107074,0.5333731133827845,0.3059653680813678,0.16577282711939997,0.5074215623616916,-0.07955289336383625,0.0970822855636753,0.5085987266204982,-0.05165354679780579
0.27965973429003654,0.5061498506220803,0.28218949803619,0.23652337241421617,0.5346039141903298,0.3058122363461829,0.16575793207004852,0.507544845148078,-0.07960957409391638,0.09707538915043636,0.5088034585328249,-0.051694095517223614
0.27973449941038503,0.5071440740010318,0.28207931369550926,0.23663060771752886,0.5357019723688302,0.30563593010014484,0.16567454264271977,0.5075480258566333,-0.0796723943003914,0.09700529219847027,0.508943244042535,-0.05173071998833396
0.2796975131086623,0.508106398607017,0.28207310641671507,0.23662466834359497,0.5367890046923574,0.3055348064124045,0.16566184066460005,0.5074774157588596,-0.07968593623972234,0.09699239162629224,0.5090407442357854,-0.05175365157536113
0.2796322464235825,0.5091125255585554,0.2821157770117325,0.236569160824541,0.5378887147246353,0.3054805969437958,0.16571320416161764,0.507508262860238,-0.07967699973236742,0.097035683561403,0.5091936419988956,-0.05177167022188682
0.2795529875077005,0.5101140284468583,0.28221322775819124,0.23650081872015524,0.5389920316945505,0.30547230998009156,0.16579213716777255,0.5075049848376861,-0.07962347156109646,0.09710359361691118,0.5093247973948313,-0.05175373850100595
0.27947347818455276,0.511117235698196,0.282286189415388,0.23644240172675804,0.5401147679019459,0.3054353319408909,0.165833472646289,0.5074320157901094,-0.07957912178255912,0.09713729054759337,0.5094124007654276,-0.05173917935922053
0.27940316298254225,0.5120420941756456,0.28233091822616607,0.2363990995860716,0.541159227258575,0.3053799161894926,0.1658504497018357,0.5073744927073945,-0.07955045730457042,0.09714952506661728,0.5095180619729258,-0.05173431417162808
0.27939224690283343,0.5130043228655348,0.28234067265408863,0.23639386463846043,0.5421957686997938,0.30530612121148665,0.1658992170356591,0.5074274721462858,-0.07954655572032994,0.09719429714046311,0.5096663576759615,-0.0517477944619189
0.27943538089000886,0.5138617631759712,0.28228026747135726,0.23644471747700346,0.5431110252838253,0.30518652731764945,0.16588654553395235,0.5074875281934809,-0.07957628735467587,0.0971861763038877,0.5097989000714507,-0.05177221244798388
0.2794500643974742,0.5146229246450384,0.28221481362213774,0.23648414051735647,0.5439571672017204,0.3050587365217581,0.16581242746619662,0.5074302261543263,-0.07959851907027636,0.09712010712988811,0.509855807279323,-0.05178428823887535
0.2795686858101267,0.515459940261242,0.2820771386313937,0.23660834150095558,0.5448368137964982,0.3048767292597616,0.16578969241099017,0.5074995789426994,-0.0796756892243843,0.09710802809893548,0.5099752530944317,-0.05183956559800444
0.2796976981071112,0.5162709402098937,0.28195266733480967,0.23673177073904234,0.5456684765995637,0.3047150739367045,0.1658020781791614,0.5076259540230618,-0.07974774340307202,0.0971285650639156,0.5101196450849387,-0.051893123408886
0.2797334428845271,0.51709452149706,0.2819139879678279,0.2367502675081813,0.5465088042683519,0.30462213228450197,0.16584193844230105,0.5077132706217606,-0.07976937147907255,0.09716704498483199,0.5102180356404085,-0.05191914859793472
0.2796838028930984,0.517794937999198,0.2819300118417734,0.2366895141187453,0.5472424436720813,0.3045739681463409,0.16585632786445387,0.5076868378397813,-0.0797539211614293,0.09717606875793607,0.5102284789203876,-0.051920275633015635
0.27965250160620087,0.5183760335991359,0.2819286191369067,0.2366375511674351,0.5478330104381748,0.3045209578592473,0.16585636572052084,0.507596008179338,-0.0797457726332753,0.09717256612501667,0.5101390620134328,-0.05192099403498372
0.27975824370983765,0.5188586902009259,0.2818083560513065,0.23665422795224367,0.5481636196954378,0.304428659930364,0.16584614737674913,0.5078171841889255,-0.07982164077816406,0.09716596087899244,0.51012045599018,-0.05196707785993947
0.27997311411184894,0.519546114578158,0.28176053153970654,0.23662360023925622,0.5484040887827528,0.30448607194047506,0.16609382757054184,0.5087464658272431,-0.07988710198855875,0.09740150718689312,0.5103670360377055,-0.05201438008657094
0.28031238260667524,0.5209837850261265,0.2816402183728967,0.2367271334240454,0.5494452543735192,0.3044148540662644,0.16633419503561087,0.5095215916241663,-0.07995586295726112,0.09764558827043897,0.5105227819274883,-0.052044885325538116
0.2804448490019908,0.5211775880865616,0.28151238650279087,0.23692667149016866,0.5497723461137277,0.3042482888184563,0.1662286817472126,0.5091087761913086,-0.07998885287262285,0.09755881242305012,0.5103021062651263,-0.052039349047692536
0.28042632938146805,0.5214315408287653,0.2814845004439616,0.23703041565002844,0.550281570652976,0.3041314354517221,0.1661400090145924,0.5086979293667938,-0.07997175869264557,0.09747735056067555,0.5102695350755023,-0.05202324990846277
0.28042725124546264,0.5225358535722522,0.2814546071215097,0.23704403996118545,0.5514763078598126,0.304010322560917,0.16617315453835468,0.5087799376263666,-0.07997437804020541,0.09750832350455495,0.5104712127130779,-0.05203819502599907
0.28046906769217045,0.5228303457142941,0.281353378856501,0.23713325181322265,0.5518650003196919,0.3038791221015378,0.1660801497545849,0.5086865339322358,-0.08001798580074014,0.09742668864959199,0.5105152608231893,-0.05206252497488437
0.28057334929076305,0.523643426638856,0.2812832542738971,0.23719602293309885,0.552644226585636,0.3037726823501658,0.16615184716634027,0.5087879777102152,-0.08004923892539155,0.0974998629073441,0.5105517382099888,-0.05208597802963035
0.2806384660625912,0.5242627461616675,0.2812592105745656,0.23720744850073713,0.5531961916329114,0.3037317640875644,0.16626016973504565,0.5090123491943109,-0.08007050848330678,0.09760385279544992,0.5106656446656892,-0.0521111359564326
0.28067763079509395,0.5247390121556746,0.28122210120796504,0.23724657975891517,0.5537071783609742,0.3036498154759216,0.166284899412787,0.508902774754416,-0.08007784585093101,0.0976296838052246,0.5105988272182549,-0.05211832994593991
0.28065610891209086,0.5253575144361502,0.28122928454921486,0.2372179221857177,0.5543602837869483,0.303598381951642,0.16631186234503098,0.5088428386546865,-0.08005563613491681,0.09765282678020656,0.5105799437609606,-0.052108023448314084
0.28063304519243404,0.5255621695501105,0.28123200816580907,0.23719453486974626,0.5545788114070198,0.30358247865266313,0.1663037696478186,0.5088409341684471,-0.08004814932093847,0.09764358597931076,0.5105956870237264,-0.05210445996634385
0.2806516479231661,0.5261839502220089,0.2812273340813854,0.23716298241474915,0.5551527395186224,0.30354231635060464,0.1663679397497483,0.508851900582209,-0.08003845346887695,0.09770356116386719,0.5105225831386769,-0.0520999193818363
0.2807014902190235,0.5264664811230878,0.281183764886043,0.23715412490433857,0.5553326890730462,0.30351719783821707,0.16643996418801618,0.5091093144740393,-0.08008783320585973,0.09777335441841684,0.5106223748921056,-0.052145802058441874
0.280742767559572,0.5267585874891789,0.28110411009697495,0.23714433033787383,0.5555406461381701,0.30344650447273047,0.16643454045904885,0.5091694897574627,-0.08014149611992295,0.0977713594422456,0.5105497486500223,-0.052184167710977204
0.2808106670219118,0.5272393832391586,0.2810383374867533,0.23710473364047138,0.5558359046687543,0.30340893345722053,0.16645994341340017,0.509376758448179,-0.0801803965217158,0.09780059654093647,0.5104688241607815,-0.05220091773370956
0.28094876532585356,0.5276279796423371,0.28095866931230545,0.23708974113526746,0.5559178670394965,0.30341933454723896,0.16654204961105398,0.5100117016076139,-0.0802544330254296,0.09788998725056049,0.5106407836500835,-0.052242857861630285
0.2811222435301314,0.5281398354456581,0.28080618685767106,0.23717775527936463,0.5562621326729145,0.30331022128997237,0.16647685110578042,0.5101809129398004,-0.08031435569175234,0.09784658506428587,0.5105495662722113,-0.052244791542720576
0.2811985877792572,0.5283292201711759,0.28070258288587774,0.23725125300077093,0.5564364935573747,0.30321982435438927,0.1663776279666829,0.5101924493830267,-0.0803532852093411,0.09776155391321234,0.5105353100730083,-0.05224872006845452
0.28105414316509486,0.5286353772259327,0.28078069515569815,0.23713153459333594,0.5568369234206473,0.30322819976466414,0.166371114596352,0.5099964443285196,-0.08029343614096697,0.09774305179180323,0.5104740233860783,-0.052220127328838725
0.28089387892544176,0.5289213020120304,0.2808709983912551,0.2369891161086386,0.5572020799714974,0.3032536393144731,0.166420594116056,0.5099431160084377,-0.08025201482426536,0.09777518206889109,0.5105354462922052,-0.052223345511714994
0.28084305066337706,0.5292314380084873,0.28085880654899265,0.2369523051234529,0.5575629969268288,0.3032046884939126,0.16640611050535492,0.5099271186850498,-0.0802584391422409,0.09775736386224432,0.5105912627319174,-0.05223954818029442
0.28088108972882364,0.5298064767797078,0.2807852357050083,0.23697542548116826,0.5581363066118346,0.30310398574494163,0.16638248446379425,0.5099607780978951,-0.08028311348817199,0.09773911850299381,0.5106133883519584,-0.05225077210985783
0.28086411088062424,0.5301171971861438,0.2807783002761715,0.2369383947842637,0.5584221203247843,0.30308919461565764,0.16637555636400977,0.5100825984133504,-0.08028280381786408,0.09773206720780128,0.5106942530934763,-0.05224984056500424
0.28083233270786784,0.5306613932106842,0.28077948213389425,0.23688419673860328,0.5589616623069482,0.3030520960037615,0.16639605438994057,0.5101160443363718,-0.08026949237963267,0.09774919603674481,0.5107123395372208,-0.0522444495787349
0.2808011945008798,0.5308884195048296,0.2807350690164302,0.23687817546553472,0.5592509764022571,0.30297797754366707,0.1663330006420168,0.5100404235278071,-0.08028643839182173,0.09768779376533761,0.5107265494351189,-0.052259405765807725
0.2807908507966425,0.5310990654564123,0.28068962855287893,0.23689268234249938,0.559523084525198,0.3029031190719105,0.16627088365713802,0.509914475645051,-0.08029586344615673,0.0976289759509752,0.5106887152210975,-0.052263046726106495
0.2808092802353432,0.5315147757389735,0.28065666477214507,0.23687980649137141,0.5598976212789673,0.3028609127963561,0.16629904864335673,0.5100606224921853,-0.08031599530352836,0.09765742185018515,0.5107679169206643,-0.052280721816351246
0.28079290446092087,0.5316865824083676,0.28067526272505594,0.23684546602982506,0.5600459663689737,0.30287393861822787,0.16634126718040576,0.5101738344635254,-0.08031249268025675,0.09769561031620688,0.5108445158768751,-0.05228618836008498
0.2807734622212854,0.5317803948777357,0.28066805294595343,0.2368575892003902,0.5602175714471068,0.30282964811112917,0.16630583299718568,0.5099387894901606,-0.08029488322173978,0.0976603378335207,0.5107226072242814,-0.05227111871342747
0.280798436624414,0.5318662977495702,0.2806296070462429,0.23689272424354693,0.5603245240907235,0.30278431283382634,0.16629086169153742,0.5099177921110274,-0.08031417463744424,0.09764821190335811,0.5107319614097576,-0.05228430642275597
0.2808540046309301,0.5321932888887271,0.28058224603875453,0.23691437283964517,0.5605937971083976,0.30274376912722595,0.1663274696227407,0.5101095972822411,-0.08034727408524743,0.09768751147281858,0.5108338070075976,-0.05230834723037181
0.28084877566662114,0.532273352031034,0.28059618429377553,0.23691186457953345,0.5606884134152887,0.30274444258521926,0.16633693722466333,0.5100637855532625,-0.08033027520511901,0.09769570536325642,0.5108081584656307,-0.05229499473143123
0.2808592936378378,0.53222645190345,0.2806035601179785,0.2369442093517816,0.5606846312084139,0.30273974356240324,0.16633190130636508,0.5099543857869372,-0.08031411280695507,0.09769114447692442,0.5107633938329557,-0.05227945993616855
0.2809152524118548,0.5323935226332951,0.2805574582815476,0.23699067529808,0.5608346033192787,0.3026967823335496,0.16633073942129295,0.5100015903376794,-0.0803346667415388,0.0976948718336979,0.5107826978026923,-0.052287255000904934
0.28092599671208435,0.5324586572737395,0.28055952581479326,0.23698450835028625,0.5608662204869262,0.30270832188882163,0.1663548068553051,0.5101188506700858,-0.08034005945596845,0.09771848815888699,0.5108497766342824,-0.05229239900521047
0.2809153487484329,0.5324875179865439,0.2805621231618973,0.23698010864923102,0.5609125971394127,0.3027008396393437,0.16635707479143333,0.5100785010950609,-0.08033727138296051,0.09771949333710311,0.5108349928672317,-0.052293379248999274
0.2809201526906321,0.5324463570830996,0.28054500588459635,0.23699968917261535,0.5608979260158522,0.30267901420477006,0.16633644259917163,0.5100111667824753,-0.0803446874716224,0.09770036604735881,0.5108075597272737,-0.052298216970441826
0.28095507819112037,0.5325344949679424,0.2805006279223985,0.2370239013187682,0.5609612369940608,0.30264527176872735,0.16631681502033172,0.5100724438078232,-0.08037006918081581,0.09768548190778513,0.5108306372406858,-0.05231093498826715
0.280954543118202,0.5326209367672775,0.2804915630427843,0.23701148860925542,0.5610287489932511,0.302636932302467,0.16631926930161622,0.5101080986172629,-0.08037691891196118,0.09768813849051405,0.5108367012785163,-0.052316505952173416
0.28093409596747904,0.5325106022753111,0.2805115052089854,0.23700488699343022,0.5609443379777395,0.3026510735789633,0.16632632934208358,0.5100524408932277,-0.08036912044078529,0.09769248586285317,0.5108213364246864,-0.0523164185628443
0.2809452720738415,0.5325076827939148,0.28051034097993244,0.23702320532484367,0.5609573531499689,0.3026436083351732,0.16632649608547007,0.5099882574116189,-0.08036297034174646,0.09769327719720139,0.5107804453923595,-0.05230938844993463
0.28098762015504525,0.5326135153192014,0.2804857303228486,0.2370450165628815,0.5610207386233443,0.3026327497245794,0.166351676972816,0.5101228701774491,-0.08038392282732029,0.09772058272204785,0.5108509230659265,-0.052323406177476044
0.28099033520347705,0.532625076262275,0.280503250873366,0.23704839710376346,0.5610366263455442,0.3026460400517181,0.1663756547682338,0.5101244765513032,-0.08037253550508909,0.09774283311895102,0.5108589560150717,-0.05231641164420155
0.2809814906218754,0.5326238317474099,0.2805329181458967,0.23705736577697786,0.5610793417636714,0.30265459125202565,0.16638708587281814,0.5099918625653574,-0.08034109245066394,0.09775199255024228,0.5107911837795172,-0.05229229918035868
0.281015130908795,0.5327596232817265,0.2805021729706066,0.23708170459180727,0.5611990924367709,0.30262600312994425,0.1664050778914195,0.5100741266994148,-0.08036350722780607,0.09777157051667512,0.5108482039337766,-0.052310125549324196
0.28107937912935854,0.5329984295879405,0.28045629941177685,0.237132119078322,0.5614168235966488,0.3025797356426724,0.166433780483538,0.5101642570152735,-0.08038871223028231,0.09780363683157298,0.5109039618042848,-0.05232617540877976
0.2811072893801022,0.5330186057047117,0.28044241107515444,0.2371807604638863,0.5614779604611714,0.30255436256996715,0.16642125329470356,0.5100775250765937,-0.08038296926764733,0.09779357281589895,0.5108778985090693,-0.052316073675328666
0.28108521440801154,0.5330854577806702,0.28046124775703274,0.23716616143611646,0.5615692745230814,0.3025565455492492,0.16642641372745606,0.5100260738714556,-0.0803652471031961,0.09779628698231436,0.5108618513810576,-0.05230536590917362
0.2811089589278731,0.5333160588578604,0.28044871118281817,0.23717130751067442,0.5617742089579346,0.3025401053333128,0.16645579422258958,0.5101144636893978,-0.08037045814940659,0.09782589284880916,0.5109089813459038,-0.052308827176829525
0.2811778003328871,0.5334188498801625,0.2803908541226539,0.23724826324339698,0.5618882780481859,0.3024838540452311,0.16643040540133502,0.5101052234486145,-0.08039113729588594,0.09780774780307838,0.5109151812005714,-0.052312237988489656
0.28122965783549136,0.5335059791381501,0.2803530492755961,0.23731618116622577,0.562008331174645,0.3024355244515292,0.1664215556381714,0.510034282439235,-0.08039937868133201,0.0978031733020028,0.5108919307024072,-0.05231144891165179
0.2812390360592433,0.5336350406527791,0.2803672300619653,0.237325381575404,0.5621472829775972,0.30243657989776623,0.1664540440626737,0.5100397457488602,-0.08038448902422184,0.09783381832504374,0.5109105591314632,-0.05230146821997395
0.2812737861801754,0.5337998362271005,0.2803527315585485,0.23735532655825453,0.5623089599047428,0.3024165477801527,0.1664679047455993,0.5100683530477974,-0.08038340670186382,0.09784952446006025,0.5109323370113878,-0.05229566609457693
0.28126608217703086,0.5339320789564163,0.28036535292211606,0.23734871401730753,0.5624539773237062,0.3024148268872572,0.16647269108303728,0.5100487813829622,-0.08036474093068954,0.09785327105649325,0.5109299025790984,-0.05228007297144767
0.28121664767672977,0.53406872290602,0.2804024420764477,0.23730361186510665,0.5626177790933503,0.3024253821914707,0.16648815379821785,0.5099963516492847,-0.08033572999207744,0.09786338649408434,0.510915958423593,-0.05226536502194216
0.281149570280107,0.5342382340940637,0.2804604572878055,0.23723963037989418,0.5628183105280619,0.3024493095469992,0.16652123200351507,0.5099409323191649,-0.08029447385423927,0.09788835505860943,0.5109043874199873,-0.05224541486366758
0.28110542065621,0.5343706945325596,0.2804936078954162,0.2371958147793899,0.5629673568971648,0.30246155336232833,0.16655238490050994,0.509952825370854,-0.08027710158312483,0.09791348815561386,0.5109397320552745,-0.05224359265965667
0.28106287511491473,0.5345052521468179,0.2804996431251217,0.23715265598383448,0.5631143580769058,0.3024501540173914,0.1665699639135593,0.5099768646978602,-0.08028265500865181,0.09792629456351179,0.5109810689477258,-0.05226144900840393
0.2810237168430597,0.5345584850714681,0.2805032070278527,0.23712596677680328,0.5631994206755411,0.30243714332606303,0.16656928002183147,0.5099632495257227,-0.08028674770104437,0.09792214305852832,0.5110149653166396,-0.052275781377851174
0.28099835300193093,0.5346222822728725,0.2805100527419727,0.23711919999925754,0.5633065486005979,0.30242456874617,0.16656867523457958,0.509933110562734,-0.08028133961547,0.09791900302654531,0.5110494901497743,-0.05227909049027454
0.28102942993667207,0.5348069820792609,0.2804697169833019,0.23716078662799803,0.5635171139644007,0.3023713990210891,0.16657525750950503,0.5099695431352863,-0.08030372881559747,0.09792722540205341,0.5111231546094352,-0.052298968112041606
0.2810673295611506,0.5348614510819646,0.28042615090621154,0.23721745366803051,0.5636050534380206,0.3023215139414531,0.1665519226613315,0.5099354813855939,-0.08032175660006804,0.09790822815927254,0.5111388418704009,-0.052308458287051864
0.2810849175750729,0.5349454375053622,0.2804198241534243,0.23722461375758616,0.5636727340822008,0.3023157003659498,0.16657109734486236,0.5099704157929172,-0.08032519441182304,0.09792756314841489,0.5111481569230887,-0.05231041451666985
0.2811096247902208,0.5350839898786447,0.280416241264896,0.23722144583583635,0.5637614787321599,0.3023215510279322,0.1666094599421409,0.5100964988482375,-0.08033224826023364,0.09796566155743676,0.5111980703091057,-0.05231501718078691
0.28112808030936326,0.5351018998647317,0.2803989817675754,0.23724731448892344,0.5637919523199173,0.3023026914036289,0.16659560482312977,0.5100755085664987,-0.0803365542563625,0.0979541492330636,0.5111956607721377,-0.052314320454689964
0.2811049366112488,0.5350173604326229,0.28041299025430433,0.2372572950292292,0.5637718205195322,0.30229856923899684,0.16655389769825396,0.5099146799489597,-0.08031135057866932,0.09791296859998948,0.5111319697729214,-0.05229187856840595
0.2811015271357402,0.5350210172004315,0.28042312798969415,0.23725576143081836,0.5637798605484825,0.3023067057072768,0.16655211372251472,0.5099067921605257,-0.08030092546422458,0.09791100545602212,0.511130600469929,-0.052282176332760756
0.28113825806909654,0.5351188027335451,0.28039767011494154,0.23726500712435813,0.5638227366323223,0.3022982464764159,0.16657900838802783,0.5100452111429316,-0.08032608633887504,0.09793945605167582,0.511185833540356,-0.052300016522824934
0.2811703937888403,0.5350774397452928,0.2803770657176222,0.2372966592510343,0.5637730952963865,0.30228751949862,0.1665708275795254,0.5100498709225224,-0.08033708063146833,0.09793449569400911,0.5111785521823213,-0.05230264149605021
0.2811366124727121,0.5349635716997359,0.2804122809085063,0.23727791102920326,0.563689561527678,0.3023130806834972,0.16656972744364276,0.5099602741676527,-0.08031392983885924,0.09793036051045136,0.5111355982730773,-0.05228883975906932
0.2811264994286789,0.5349386662805543,0.28041539012694294,0.23726716653040114,0.5636629471184716,0.30231716683004695,0.16657480981612333,0.509972472051442,-0.08031821616101814,0.09793425420818909,0.5111457433908237,-0.052295951550164546
0.2811354906229147,0.5349141119408768,0.28040936088328794,0.23726577412821948,0.5636147684862094,0.30232130975215943,0.1665913283316506,0.5100315163345177,-0.08033241168232108,0.09795047276384125,0.5111699950525017,-0.05230944669197332
0.2811465767274592,0.5348375577115864,0.2803997375671574,0.2372763346073517,0.5635308394169549,0.30232029084461004,0.16658773853495065,0.5100327392489681,-0.08034273113581339,0.09794806460295914,0.5111611338103698,-0.05231646413597719
0.2811599387970271,0.5346832383815545,0.28039402870292046,0.2372991435017045,0.5633833989250565,0.3023244786647687,0.16657533754115403,0.5100076135870513,-0.08034911793874239,0.09793743703135792,0.5111484428306234,-0.0523190113394665
0.2811472602608683,0.5345241690928768,0.2804192853086058,0.23729390017381258,0.5632318756198026,0.30235472717169715,0.16658218715994838,0.5099893438265041,-0.08033966680128171,0.09794252733963799,0.5111438073163707,-0.052314426971352405
0.28109907167664605,0.5344041321487359,0.28047626994406777,0.23724941923585413,0.5631212618558332,0.3024067887910447,0.166600947913861,0.5099531078470031,-0.0803096253155622,0.09795587729136512,0.511123215764775,-0.052298290459548195
0.2810947830429451,0.5343050607412189,0.28047705629827535,0.23724989565742066,0.5630249205544545,0.30241352632307417,0.1665895698809299,0.5099421281629316,-0.08031254835768206,0.09794493476779124,0.511117735298386,-0.052300376507403344
0.2811000398491986,0.5342636007177306,0.280464552383335,0.23725376590548963,0.5629753939316954,0.3024088091805445,0.16657879260875627,0.5099608690809209,-0.08032402326503195,0.0979354648689065,0.5111250787650008,-0.05230817192452305
0.28106121011488316,0.5341658246773129,0.28049744612571736,0.23721623969308783,0.5628796250433271,0.3024416811760148,0.16658505239989252,0.5099541835655343,-0.08031156277287113,0.09793811756528617,0.5111228384368071,-0.052304736152784644
0.2810284906122902,0.5340494082213186,0.28052197829349346,0.2371898997568631,0.562773419992823,0.30246559500202785,0.1665800851372931,0.5099171775300094,-0.08030115438924745,0.09793078946015885,0.5111026235452989,-0.05230082091800726
0.2810335944607501,0.5339800513134173,0.28051566978290304,0.23719613276087104,0.562700371570829,0.3024663729769575,0.16656483235230365,0.509905169494177,-0.08030483645204507,0.09791711924738698,0.5110858546352077,-0.052300422125278176
0.2810467420549863,0.5339588798151967,0.2805060139873713,0.23720401103922883,0.5626642057136727,0.30246580489785924,0.1665637052245224,0.5099423485407433,-0.08031385195200925,0.097917257037882,0.5111010406166003,-0.05230541861926703
0.28102866081773314,0.5338949270012128,0.28052766476235896,0.23719124303308217,0.5626105756874781,0.3024845665745702,0.1665747639433362,0.5099258774966771,-0.08030460279281507,0.09792587329256,0.5111010468189151,-0.05230284314803079
0.2810184352031669,0.533782789360622,0.2805377085353087,0.23719677968585268,0.562524541585869,0.30249192000906655,0.16655950953425439,0.5098578516516132,-0.0802958914013285,0.09791063343385861,0.5110735387268736,-0.05229582588694122
0.2810432918762398,0.533786446404511,0.280524508987495,0.2372184415494407,0.5625191452793372,0.30248419304470203,0.16655749255388572,0.5098625155309555,-0.08030063209606897,0.09791081676479038,0.511064397662851,-0.05229457674780022
0.2810565008786154,0.5338071106652751,0.28052281948900076,0.23721691601738076,0.5625095727515403,0.30249263250757796,0.16657596518915233,0.5099386693855561,-0.08030766649025366,0.09792923801561039,0.5110952523671851,-0.052299829767465965
0.28106818358795393,0.5337532112571947,0.2805126434492828,0.2372345795519637,0.5624617396405149,0.3024864635534486,0.16655773271119975,0.5099124881825927,-0.08031018248635195,0.09791322244198193,0.5110787522421232,-0.05229731416186361
0.28105783953267316,0.5336821619109574,0.28051510206223307,0.23723567686548847,0.5624098751489115,0.3024866692794075,0.1665355599593489,0.5098544097822936,-0.08030482652087487,0.09789170482582916,0.5110501528972747,-0.05229159563734845
0.2810061912307045,0.5336569860529364,0.2805508386660938,0.23717742322176152,0.562375881371318,0.30252075812885515,0.16654317762747997,0.5098823914903649,-0.08029140154858519,0.09789479453065573,0.511065489694625,-0.05228873148744347
0.2810057099375079,0.5336721682383234,0.28053615535372617,0.23716729448718463,0.5623705217996263,0.30251366768714155,0.16654255560374046,0.5099394071905379,-0.08030879404408317,0.09789442274939131,0.5110917979598173,-0.052304230043746826
0.2809975453426953,0.5336253100973377,0.2805305903082649,0.2371639328497301,0.5623306846788165,0.30250851333669676,0.16653210808787297,0.5099200098984166,-0.0803154399725685,0.09788403556993713,0.5110835356920704,-0.05231118849137103
0.28096122124581835,0.5335874996484546,0.2805554428662073,0.23713352842320307,0.5623079296747167,0.3025255010282419,0.16653003715224796,0.5098798678578376,-0.08030129803621593,0.09787911167843794,0.5110663352670102,-0.052305003988632054
0.28094402560157083,0.5336085533208013,0.28057080310219407,0.2371139143422064,0.5623279271718867,0.30253741702613435,0.16653858467222318,0.5098922312982015,-0.08029352917293751,0.09788568256800326,0.5110769533268766,-0.05230200866929941
0.28096927360763757,0.5336134093398991,0.2805510663383236,0.2371426453943065,0.562335534791606,0.30252103182935225,0.16652791081790572,0.5098915377568771,-0.08030151082348953,0.09787776442775895,0.51108037447769,-0.052303406930813354
0.2810089488360381,0.5336334316585812,0.2805331085062083,0.23718571779483916,0.5623591496017872,0.3025051535736845,0.166527729792098,0.5098822352010958,-0.08030489712228152,0.09788065312040396,0.511076105654583,-0.05229948172644649
0.2810458496684552,0.5336647784500227,0.28052298340136267,0.23722073170971267,0.562385199777944,0.30249818873235135,0.16653997777628005,0.5098969435442537,-0.08030610422739215,0.09789489597156191,0.5110824744595843,-0.05229544528843148
0.2810842310686992,0.5337222339500677,0.28052086024871686,0.23725311431127216,0.562431580763035,0.3024985722328995,0.1665648164052991,0.5099274851356328,-0.08030215557331301,0.09792095350104119,0.5110957018892422,-0.05228778231742072
0.28111567222866335,0.533727617089513,0.2805155663206815,0.23728736399963982,0.5624411571677702,0.3024934012605967,0.16657925308967292,0.5099182654909915,-0.08030108881066109,0.09793666648443121,0.5110926580816514,-0.052283846621121455
0.28113654500426555,0.5336871434847924,0.2805093983983007,0.23731243416368009,0.5624059699450813,0.30248869616838436,0.16659458639743002,0.5099090730918078,-0.08030756106978063,0.0979523352388043,0.5110920129408418,-0.05228985661505881
0.2811352436250177,0.5337015702106648,0.28052560611195604,0.23730634509750181,0.5624140305026409,0.3025036745561241,0.16661744809683307,0.5099265910077379,-0.08029922676981781,0.09797340204431537,0.5110998621201049,-0.05228551351792734
0.28110746056273106,0.5337047317359107,0.28055998369987084,0.2372743007643291,0.5624152826500985,0.30253204739406464,0.16664561408690728,0.5099349767084268,-0.08028294556461271,0.09799724627497289,0.5111054138934074,-0.05227970597923955
0.2810654451641059,0.5336504791195876,0.2805918779142336,0.23723944954844928,0.562379833093208,0.3025536525065792,0.16665108870015422,0.5098794880404747,-0.08026603064667248,0.09799879305345857,0.5110786051709603,-0.05227363571039558
0.28104836860290505,0.5336304865493586,0.2805945596131418,0.23722275710131066,0.5623605821539619,0.30255613054401537,0.16664368046137468,0.5098770561155007,-0.08026757060663861,0.09799061192277359,0.5110775745446665,-0.052277131355747984
0.2810618945287939,0.5336485784631156,0.2805765502148646,0.2372271344920198,0.5623571586646523,0.30254799645812536,0.16664503956332039,0.5099460520940655,-0.08028506965683774,0.09799315271499583,0.5111145124673426,-0.05229037576239857
0.2810471385410207,0.5336154243451349,0.2805881144739722,0.23721437584125227,0.562328385731797,0.3025578203710471,0.16664702984120863,0.5099332505994831,-0.08028015086539883,0.09799377028570366,0.5111087096395487,-0.052289116547746005
0.2810153642160109,0.5335561844795134,0.28062377983019704,0.2371895131037242,0.5622859910745407,0.3025852506822626,0.16665755939929142,0.5098874343656516,-0.08025877433173988,0.09800079393342938,0.5110888111792887,-0.05227744121053753
0.28103831242293476,0.5335659194349714,0.2806152285547264,0.23721001844872075,0.5622888309331274,0.3025808429797566,0.166667435960396,0.5099114232294787,-0.08026411773617702,0.09801175985671363,0.5111024940098619,-0.05227967129061002
0.281077401393059,0.5335506508288188,0.28060488881187506,0.23724793712161465,0.562266136376831,0.30257787600320196,0.16668071155626568,0.509934283163278,-0.08026877285597962,0.0980271024249943,0.5111146054028605,-0.05227880060905191
0.2810973157112007,0.5335050519736938,0.28062340819463355,0.23727227169066287,0.5622273611830942,0.3025962934163707,0.16670137250933853,0.5099131641821305,-0.08025209133710437,0.09804759988528207,0.5111042779573852,-0.052262977271432705
0.2811179958135382,0.5334874628293135,0.28063439364935494,0.23729597608215072,0.5622145685604901,0.30260704022781265,0.16671557055624253,0.5098971798958665,-0.0802391559483726,0.09806223949603789,0.5110956399568226,-0.052249272391225406
0.28112344737502803,0.5334769227988694,0.28065190951007535,0.23730064610298532,0.5622027137843257,0.3026247162406924,0.16673116067338703,0.509903213295412,-0.08022593702017503,0.09807704708216988,0.5110999214023552,-0.0522378979600076
0.28112409476475386,0.5334642761051183,0.2806590985461058,0.23730235141699335,0.5621921241054741,0.30263132587793506,0.16673691891755266,0.5098986265862504,-0.08022089441187197,0.09808237737857635,0.5110985987259273,-0.05223404488107621
0.2811284004899948,0.5334268253662551,0.2806573774473848,0.23731141814235504,0.5621614843754257,0.30263019347682096,0.16673236909072645,0.5098783130081859,-0.08022092713563427,0.09807841818625043,0.5110889464356988,-0.05223308789012597
0.28112155678338185,0.5334000733431856,0.280670133434854,0.23730246085270493,0.5621305943074896,0.3026441456226169,0.16674255590574985,0.5098866304744333,-0.08021585592409478,0.09808730862192803,0.5110914868883607,-0.05223094757796075
0.2811224130477004,0.5333578713345225,0.2806733917806407,0.2372993572026262,0.5620777004426043,0.30265348293359584,0.16675100559938114,0.5099131406453216,-0.08021947447483976,0.09809524937741022,0.5111027352558414,-0.05223516179837127
0.28112446229362364,0.5332488702499899,0.2806729378186999,0.23730537432305596,0.5619699028243896,0.3026593661775317,0.1667517523999085,0.5099031634486554,-0.08022593493987341,0.09809600844405623,0.5110961238685368,-0.05224173545109979
0.2811265718886509,0.5331857730056209,0.28067814164715427,0.2373094313724998,0.5619070156473479,0.3026681764991739,0.16674930190558457,0.5098875980658785,-0.08022235753314974,0.0980938739368332,0.5110816140428198,-0.052237427838815506
0.2811349297759283,0.5331741406918032,0.2806687849130143,0.23731423357007475,0.5618843006305296,0.3026662055576528,0.16673762812128268,0.509911991094532,-0.08022768905583037,0.09808386199218148,0.5110896479016971,-0.05223798962090179
0.2811464507506517,0.533147023585635,0.2806561202052064,0.23732883397160412,0.5618581584983775,0.30265840205316374,0.166717404579834,0.509903814424991,-0.08023151019135638,0.09806607451332447,0.5110832525088976,-0.05223591125817015
0.2811448010647343,0.533117124169385,0.2806710858215266,0.23733203231460182,0.5618375869592386,0.3026708477810154,0.16671772183500952,0.5098725256698359,-0.08021707875642642,0.09806612698732019,0.5110661803768082,-0.05222273170150014
0.2811569004481257,0.5331231284612155,0.28066724944811394,0.23734255122607806,0.5618384214174587,0.3026706120860315,0.1667128071092297,0.5098834478644654,-0.0802158367425441,0.09806259096033969,0.5110692872546856,-0.052217776785223574
0.28117501211431456,0.533168228895594,0.2806461667342894,0.2373552690546251,0.5618705909451515,0.30265565890582885,0.16669730539381533,0.5099133991565481,-0.08022528227590604,0.09804986872230509,0.511079267870458,-0.05221956960339331
0.28115113869455094,0.5331907511083919,0.2806591661229613,0.23733064915666977,0.5618958549167458,0.30266359582932284,0.1666974204922545,0.5099128338229415,-0.08021840329555459,0.0980481056046863,0.5110825297574525,-0.05221745455072238
0.2811220742973991,0.533198921738794,0.28067268959859726,0.2373067098788678,0.5619184546282102,0.3026684957028339,0.16669360528242816,0.5098877742452442,-0.08021074176715354,0.09804217845393946,0.5110789797074182,-0.05221587835112715
0.2811277430700135,0.5332400240742529,0.28065730143109385,0.23731097507093218,0.5619568322736843,0.30265386897336904,0.16668361637876136,0.5099015962715946,-0.08021940162200066,0.09803345785626848,0.5110882209831606,-0.05222123363991801
0.28115564448523184,0.5332772954758059,0.280626900460832,0.23733594848147602,0.5619842380149899,0.3026305116844594,0.16666362210952315,0.509922135608241,-0.08023352750651298,0.0980173158615437,0.511093443868765,-0.05222527105971021
0.2811809474097233,0.5332801103311788,0.2806073268444562,0.23736354396944767,0.5619880780505873,0.30261416577837974,0.16665472272571308,0.5099144558658251,-0.08024156840662795,0.09801106658119424,0.5110871666870114,-0.05222687629399958
0.28120411237478987,0.5332796826191454,0.2805869297514559,0.2373919164015769,0.5619943680731478,0.3025953721764121,0.16664331775479435,0.5098984862754539,-0.08024998513734491,0.0980022734340753,0.5110812102331063,-0.052229315046793776
0.2812092886039526,0.5333034792590371,0.2805800367423121,0.2373988294192998,0.5620213899481362,0.30258772826988767,0.1666312383905699,0.5098902895647163,-0.08024932474387855,0.09799151828368333,0.5110774425228916,-0.05222559827460629
0.281223170918001,0.5333595477374274,0.2805734955445871,0.23740771462174518,0.5620696504490722,0.3025814260817327,0.1666380310591808,0.509908627976249,-0.08025116442031072,0.09799898875532284,0.5110832815861144,-0.052225251157252656
0.2812333365804573,0.5333688520728495,0.280562867562232,0.23741869295530557,0.5620792019942662,0.302572093493211,0.16662845482188962,0.5099019256140431,-0.08025448178862239,0.09799095531930342,0.5110767097686032,-0.05222479577637634
0.2812157759108258,0.533376014217359,0.28058075361122176,0.23739867052035263,0.5620844383663653,0.30258759056638296,0.16663210282190982,0.5099049901179408,-0.08024306495134444,0.09799298370001325,0.5110767719887428,-0.05221721960923612
0.2812036673202967,0.533407100252006,0.2805862037323961,0.23738167652087072,0.5621086993431956,0.30259221533545055,0.16663745033146166,0.5099312779395886,-0.08024284560332136,0.09799706741900024,0.5110925699632404,-0.05221965898600564
0.2811844293707732,0.5334072954859763,0.2805922787305124,0.23736553697150956,0.5621173030693402,0.30259349115517375,0.16663080570592623,0.5099116944878318,-0.08023948150115469,0.09798935177262635,0.5110855143176902,-0.05221944041174642
0.2811798617484952,0.5333830597781372,0.2805901846786372,0.23736582373375945,0.5621017651628407,0.3025897130499458,0.16662205316609205,0.5098852672049002,-0.08024010422443882,0.09798081561226249,0.5110723286189159,-0.052220090912512646
0.2811958658784393,0.5333909493220631,0.28057801935065196,0.23737738709875014,0.5620991062292708,0.30258247024394175,0.1666302554666566,0.5099160060317891,-0.08025127976651894,0.09798973997157366,0.511087319644241,-0.05222883499963629
0.28119448063062097,0.5333901924030882,0.28058824145464645,0.2373717357833291,0.5620916913075307,0.3025928820874213,0.16665284424184076,0.5099387728569197,-0.0802501983041253,0.09801053445516035,0.5111002880605798,-0.05223174111420333
0.2812123651529722,0.533330064635619,0.2805718955628715,0.23740024717867542,0.5620468015738633,0.3025778164233149,0.16663970467639427,0.5098955230756599,-0.08025779125084959,0.09799959684066469,0.5110805550232443,-0.05223492470752385
0.2812338864569082,0.5332866174683348,0.28055952153480435,0.23742672715828528,0.562008323695146,0.3025688286637432,0.1666378663005855,0.5098784510646499,-0.08026445918549625,0.0979994911835154,0.511071475126766,-0.052237687901632496
0.28125445323855713,0.5332664748374828,0.28055376868016235,0.23744257847805306,0.561975568471243,0.302570144117278,0.1666515865588229,0.5099084130600234,-0.08027128456819822,0.09801386224944839,0.511082959552285,-0.0522421390962034
0.281255994363436,0.5332519511197469,0.28056600421797057,0.23744093504493055,0.561955358428665,0.3025834563971923,0.16666723478802165,0.5099161587553958,-0.08026497023764688,0.0980284694616715,0.5110823708175918,-0.05223802610128686
0.2812387788553474,0.5332213514679777,0.2805893848127106,0.23742694940317882,0.5619337672238431,0.3026015177444949,0.16667546142944956,0.5098838540784715,-0.08024955802586729,0.09803460808824042,0.5110637887594713,-0.05222830251399536
0.2812239485798466,0.5332073673604397,0.2805957460542153,0.2374137121335978,0.5619228042069634,0.3026071086637224,0.16666287540872884,0.509873132744632,-0.08024412031544043,0.09802180786335513,0.5110577290578991,-0.052223586210458334
0.28123182542358827,0.53323740158876,0.2805695344182464,0.23741612548600577,0.5619383121637859,0.30258896642350563,0.16663934551142098,0.5099160419860849,-0.0802611916663775,0.09800088975937471,0.5110786667255618,-0.052233340350017796
0.28122464294093846,0.533217658429323,0.2805507733917983,0.2374101517881217,0.5619171117697129,0.3025745096250682,0.16661100783027977,0.5099176631117495,-0.08027461376633474,0.09797419741919082,0.5110783941881122,-0.0522426549749298
0.28118717927282305,0.533164880973912,0.2805583927582098,0.23737816579253182,0.5618748170128104,0.30257936288252874,0.16658848859596487,0.5098880896829782,-0.08027323866459482,0.09795036733358758,0.5110651782039961,-0.05224517191165406
0.2811577854903291,0.5331625099753359,0.2805654750311005,0.23734552134743495,0.5618686435871427,0.30258493502503514,0.16658617545813334,0.5098992746464144,-0.0802756301794291,0.09794598795360403,0.511070769424013,-0.052252389591453806
0.28110736055693014,0.5331519743412807,0.28060125628488897,0.23728946100713205,0.5618541103338085,0.3026147131510963,0.16660310342944729,0.5099076898292935,-0.08026244858178753,0.09795772218619182,0.5110733767423242,-0.05225169061790298
0.28108550206749316,0.5331333878985798,0.280612183096757,0.23726783751520433,0.5618383596997916,0.3026224098508104,0.16660553575588222,0.509895010422666,-0.08025960892705032,0.09795822920066233,0.5110651167444699,-0.05225375404576229
0.28109612034594306,0.5331258415892016,0.2805981101894722,0.23727951621050536,0.5618305198464933,0.3026108306681826,0.16660374115645335,0.5099015332890035,-0.08027064956177327,0.09795739092564727,0.5110714094261496,-0.05226244105898479
0.28112278152589193,0.5331370250368671,0.2805750296668339,0.2373076539321001,0.5618406016877492,0.3025921252081812,0.1665988359012606,0.5099170657065497,-0.08028399338809782,0.09795494637340403,0.511085327911304,-0.052269687263712054
0.28115406146248506,0.5331235296193767,0.2805520697321189,0.2373447587991619,0.5618331221870982,0.30257291234630806,0.16658784203652244,0.5099039904124044,-0.08029356141554073,0.09794715989398545,0.5110814409127616,-0.05227178204575705
0.28115701248948993,0.5331099819709193,0.28056190938598663,0.2373489368310269,0.5618222111091181,0.3025817554278659,0.16659539767309997,0.509893230576239,-0.08028536304132913,0.09795432351523183,0.5110747485275807,-0.05226471516325303
0.28117736120082804,0.5331322797527691,0.2805503893159316,0.23736520256634933,0.5618349943231247,0.3025745157860121,0.16659996186626738,0.5099175074263228,-0.08029199879895527,0.09796022974556513,0.5110845342604247,-0.05226745640324172
0.28117711030749315,0.5331228702238563,0.28055038195788684,0.23736394510053235,0.5618224875823719,0.3025765421478173,0.1665990268219437,0.5099268589739263,-0.08029299542316794,0.09795937232681962,0.5110894495669924,-0.05226807851650548
0.2811484976447261,0.5330898993390845,0.28057105880757116,0.23733874321735526,0.5617980466661413,0.3025928868141556,0.1665924238055344,0.509899147620022,-0.08027964457839863,0.09795094999503497,0.5110748382286541,-0.052259730616401524
0.28113770788645276,0.5330714050874755,0.2805750939459128,0.23732719572380137,0.5617778002974998,0.3025976985326141,0.16659012876835108,0.5099020641844283,-0.08027968143220977,0.09794800085092074,0.5110754124226838,-0.05226127172356756
0.28113193539868764,0.5330807487725198,0.2805755926583425,0.23731452311421403,0.5617743053155182,0.3026012006702984,0.16659439645281707,0.5099299589809289,-0.0802835602769038,0.09795163519252671,0.5110840010437513,-0.05226590036030048
0.28113125297602115,0.53308002557193,0.28057938599966775,0.2373105926922846,0.5617677429828233,0.3026061382963686,0.166599551779308,0.5099366548483066,-0.0802820956874618,0.09795640591445537,0.5110819014780101,-0.052265017152108656
0.2811308803957954,0.5330291912553441,0.2805800959570322,0.23731638221351103,0.5617260005439468,0.3026072632823668,0.16659213726856334,0.5099117751514556,-0.08028081429566937,0.09794940293328025,0.5110712987203276,-0.052263314732157215
0.2811176441863035,0.5330356397158044,0.28060000313238226,0.23730175818652566,0.5617345603971055,0.30262165839426,0.16661274619084776,0.5099043070679835,-0.08027075619549792,0.09796736868832151,0.5110668370133716,-0.05225985786316728
0.2811461821073284,0.5330853732419566,0.2805893354695528,0.23732520412891575,0.5617748462061046,0.30261316903106117,0.16663232040803874,0.5099367752347732,-0.0802774724276442,0.0979877712056306,0.5110846197197453,-0.0522639387062639
0.2811528452629184,0.5331168620203798,0.28060201383970595,0.23733236607778224,0.5618109536518565,0.30262082225704756,0.16664900685544157,0.5099264714771554,-0.08026529131455973,0.09800365323325008,0.51108071641914,-0.0522539918370166
0.2811481500460909,0.533136120337746,0.28062782233727585,0.23733041113926867,0.5618416399518447,0.30263718660497546,0.16667490246023367,0.5098989990658527,-0.08024618190109684,0.09802706672639001,0.5110699609168101,-0.052241659924722274
0.2811675963671863,0.533146272071225,0.28061409137870275,0.23735259586953072,0.5618550231229219,0.30262469244119666,0.16667555390982228,0.5099047595064574,-0.08025366758645834,0.09802914002987766,0.5110805853644959,-0.0522458642327974
0.28117680591049476,0.5331600706062096,0.28059385582928403,0.23736361473345982,0.5618697158908941,0.30260689199430035,0.16665775852236608,0.509908843898682,-0.08026470842381137,0.09801343704641928,0.5110858842419472,-0.05225182819239605
0.2811739111328915,0.5331586947742357,0.2805867610274634,0.237362385860737,0.5618705382389371,0.30260024582374173,0.16664233784477342,0.5098989491032768,-0.08026727886174925,0.09799896807080144,0.5110792127022004,-0.05225220224873186
0.28117407817042267,0.5331773250139928,0.2805839149974182,0.23735845810286077,0.5618818953903703,0.30259873483072103,0.16664018702501757,0.5099075316351551,-0.08026874142635455,0.09799709524591631,0.5110765391208243,-0.05225251173307218
0.281181894439047,0.5331911922915965,0.2805668606346886,0.2373614217841316,0.5618838006531139,0.30258761485434515,0.16662874090344765,0.5099334463453931,-0.08028045807704297,0.09798728760388198,0.5110843851102068,-0.05225946625652338
0.2811623171361353,0.5331821373412328,0.28057716981663455,0.23734004840641115,0.5618729503005877,0.3025966891075108,0.16662540113116078,0.5099292292522464,-0.08027561497290985,0.09798270638120936,0.5110775031342703,-0.052257555113610465
0.28114529470584176,0.5331608807652048,0.28057650891710684,0.2373244889194245,0.561854427043461,0.3025953780274131,0.16661117914544982,0.50991306120281,-0.08027749260052615,0.09796822773374486,0.5110655848005747,-0.052260236050868485
0.28114532658226254,0.5331318441659844,0.2805562965630653,0.2373255177161508,0.5618216966523579,0.3025819618183461,0.16658418141255857,0.5099246268378297,-0.0802917382579443,0.09794334448027342,0.5110721422647077,-0.052269096210789893
0.28111388606322735,0.5330984154961235,0.2805695478020326,0.23729465240014577,0.5617896643081842,0.3025945385506073,0.16656944325056702,0.5099169931101172,-0.08028544721645617,0.09792727120316735,0.5110670388110877,-0.052266179466864814
0.28108198773127707,0.533039595667265,0.2805838798921727,0.23726651066690305,0.5617379641692551,0.30260706834515144,0.16655903690382864,0.5098961755998129,-0.08028037574178457,0.0979150768655314,0.5110576753846642,-0.0522659611979668
0.28107690152287546,0.5330082976742712,0.2805856119880606,0.2372615752395134,0.5617052581885775,0.3026109350189038,0.1665596028290994,0.5099030711107653,-0.08028288477803872,0.09791519249221795,0.5110630145987909,-0.05226950914551527
0.28107078845674766,0.5329946922521847,0.2805835794474245,0.23725463999128565,0.5616889761629396,0.302610754009581,0.1665535595783605,0.5099083668267612,-0.08028614915454793,0.09790916285136096,0.5110645189049299,-0.052272583439329307
0.2810674113064878,0.5329595449409656,0.2805745787224847,0.2372539353250533,0.561655695640678,0.3026046371003871,0.16653801966525641,0.5099015069451498,-0.08029309853189014,0.09789452235023631,0.5110609471494969,-0.05227746488748012
0.2810807392062079,0.5329416805968102,0.280569803576569,0.2372679063090271,0.5616376030409657,0.3026014381798583,0.16654605415694604,0.5098971377942549,-0.08029705569507747,0.09790296041003387,0.5110564392835429,-0.052280427514084876
0.2810886271274026,0.5329132539018087,0.28058395987920975,0.23727445917526788,0.5616073270890627,0.3026153480623627,0.16657215238049305,0.5098921919405608,-0.08029017728028744,0.09792765009384746,0.5110490361288007,-0.05227689880265706
0.2811044680058298,0.5328461191650447,0.28058022298024754,0.2372903337748794,0.5615351616087829,0.3026182287871207,0.16658244430580743,0.5098981456419232,-0.08029680836384936,0.0979383798228001,0.511048449278747,-0.05228218777890719
0.28110642625202165,0.532777981277111,0.28058205645034945,0.23729299347483485,0.5614641695295192,0.3026251716230389,0.16658328196764477,0.5098960386185479,-0.08029881208701803,0.09793928985502535,0.5110430149258175,-0.052283877749853686
0.28108519186645553,0.5327387346002174,0.2806027431629223,0.23727219553742357,0.5614265352335855,0.30264462743315834,0.16658324729195265,0.5098831656072117,-0.08028652352086012,0.09793756984492814,0.511033013498466,-0.05227583678546441
0.28109547125285766,0.5327344851146436,0.2805841617124603,0.2372832614447553,0.5614203981911701,0.3026300655811366,0.16657052992022053,0.5098909767684223,-0.08029857144623037,0.0979266517040384,0.5110381322326942,-0.052283365369794436
0.28109483250623035,0.5327481679316155,0.2805704065364329,0.23728204214931048,0.5614312952972331,0.3026187810878251,0.16655698349352968,0.509908531754154,-0.08030847524486472,0.09791413886811304,0.5110514966267825,-0.05229056549496943
0.281061975723526,0.5327508305577262,0.2805830079717866,0.23724977516048495,0.5614380930616923,0.30262717424185737,0.16654499175212736,0.5099003277495814,-0.0803018075253525,0.09790048447697021,0.5110494334178451,-0.052288222770157704
0.2810328305912309,0.5327616919814342,0.2805969407970184,0.2372191570804137,0.561450333560026,0.30263638435970236,0.16654192365534526,0.5098922595850649,-0.08029494944680653,0.09789538962017341,0.5110431746989034,-0.05228640587379739
0.28101445096274863,0.5327929025197455,0.28060893957208133,0.23719494653164486,0.5614745665951053,0.3026458720258239,0.16655102010257877,0.5099111062201429,-0.08029088246544384,0.09790244970288838,0.511051181069712,-0.05228688694447294
0.28103005424939714,0.5328259774491267,0.280587430259481,0.2372112409997375,0.5615071466327989,0.3026263811042728,0.1665334289546717,0.5099115461126635,-0.0802997914394043,0.09788746583257944,0.5110503575204245,-0.0522893539322833
0.2810388792939891,0.5328682504116863,0.28058289868420055,0.23722052385713469,0.5615520395355622,0.302619349918386,0.16652898346603878,0.5099001626951071,-0.08029670153865805,0.0978840586728737,0.5110421369147997,-0.05228384826119469
0.28104297486151786,0.5329355862999544,0.28058919276043315,0.23722204915293893,0.5616193880302511,0.3026205159851141,0.16653625242616002,0.5098947923974466,-0.08028677968210673,0.09789113743030566,0.5110356557537293,-0.052274347232734386
0.28107344896630954,0.5329893521069883,0.28056208149424455,0.23725495869608784,0.5616761090357778,0.3025944009826044,0.16652086713760866,0.5098890356596827,-0.08029553104747222,0.0978793212053666,0.5110334843893741,-0.05227450032304245
0.2811014080854452,0.5330435339093877,0.2805534633105617,0.23728364984234365,0.5617331927633256,0.3025834599534099,0.16653340532001484,0.5098892948074654,-0.08029579760990371,0.0978930619053865,0.5110373355113426,-0.052271968246546605
0.28112667798491436,0.5331180157916295,0.2805523129470895,0.23730626226839796,0.5618063256254565,0.30257878020809503,0.1665579450394132,0.5099034104536088,-0.0802928376135867,0.09791772312472358,0.5110484575020853,-0.05226858817704763
0.2811602654803602,0.5331952884146629,0.28053118497318763,0.23733631989844264,0.561877064404201,0.30255913845073973,0.1665686467230506,0.5099372978205161,-0.08030390469659042,0.09793032254287272,0.511071703839036,-0.05227457487148798
0.2811713655769853,0.5332593547234895,0.2805248220107941,0.23734588072392296,0.5619412239120312,0.3025495915200424,0.16657697997609813,0.5099476705550605,-0.08030592407784143,0.09793891300383464,0.5110813887871919,-0.05227593658223894
0.2811537617203242,0.5332909984499419,0.2805382568209494,0.2373299676200685,0.5619813952039111,0.30255528249310476,0.1665812363537094,0.5099319728804795,-0.08029636943941415,0.09794139675466025,0.5110779716491177,-0.05227122251095882
0.28113986364950644,0.5333414285030201,0.28054217210276944,0.2373151593465187,0.5620348863008247,0.30255339621801186,0.16658225170208638,0.5099322183163588,-0.08029393692213925,0.0979412538870365,0.5110821135810694,-0.052271786512919374
0.28113589770152486,0.5333913274965083,0.2805317808390769,0.23730856460736213,0.5620815363557542,0.30254200583011887,0.16657444445547118,0.5099478958463297,-0.08030088688311035,0.09793381554799513,0.5110923058793552,-0.05227760829931681
0.28112515998881893,0.5333864622136734,0.28052559266206867,0.23729808536040087,0.5620754314019317,0.30253794808170426,0.16655605819953923,0.5099569930729729,-0.08030555350449695,0.09791602848239757,0.5110997267676652,-0.052280738895737214
0.28108330503668477,0.5333569387414892,0.2805519002066321,0.23725582583592497,0.5620493861135638,0.30255891602881513,0.16655756669473193,0.509938909601557,-0.08029375422379963,0.097914114290003,0.5110871270102978,-0.052277548333914965
0.28106360141730313,0.5333301523564709,0.2805589129014567,0.23723326508876227,0.5620169403343973,0.3025676163509243,0.16655609853348968,0.5099515902243373,-0.08029508772600222,0.09791127344640148,0.5110917809232308,-0.05228191747242964
0.28106937568577456,0.5333145762859914,0.28053695209873486,0.2372384269482215,0.5619941116546746,0.3025538864560103,0.16652475107201434,0.50996698195248,-0.08030727185922928,0.09788287985682277,0.5110965847838373,-0.052286435554028274
0.28106464543035853,0.5332798303077648,0.28052531068057085,0.23723674764724445,0.561960718773343,0.30254655559152194,0.16649472092364964,0.509956112019807,-0.08031242531255639,0.0978547768348298,0.5110881480049394,-0.05228696681970602
0.2810626809867392,0.5332358542036731,0.28051893484880625,0.23723931447901106,0.5619206607173778,0.3025440940511997,0.16647141064936366,0.5099465505399016,-0.08031424579041647,0.09783304461968104,0.5110850964056901,-0.052285186301927834
0.28105322526393206,0.5332245777913872,0.28052935250251076,0.23723244712010091,0.5619147121380773,0.3025527221068226,0.1664577741055863,0.5099192294473,-0.08030146445367807,0.0978196757425411,0.5110656569378386,-0.05227207075998045
0.2810569715585915,0.5332305178401813,0.28054183976452907,0.23723261911767918,0.5619151837151376,0.3025652203285331,0.1664719069849448,0.5099249765905658,-0.08029226321994543,0.09783307386125151,0.5110630569121162,-0.05226432868452329
0.281077850664095,0.5332198474277161,0.28053931798417203,0.23725082060696467,0.5618971284854838,0.3025669869982852,0.1664864720169541,0.5099417356706588,-0.08029455044514851,0.09784820538528505,0.5110689724591746,-0.05226479046142866
0.2811135756713308,0.5331622398748784,0.28050968847949376,0.23729280786012982,0.5618420703452106,0.30254649512927734,0.16647113016637347,0.5099383785297031,-0.08031145434026632,0.09783675309210349,0.5110703441254089,-0.05227236214313031
0.281125639074592,0.5331147326659363,0.28051064722082086,0.237309720518856,0.5618009218957024,0.30254881963328034,0.16647515422799128,0.5099197637376829,-0.08030979966897435,0.09784129534591535,0.5110618789943733,-0.052269850642306194
0.2811158181259346,0.5331189431832066,0.2805354190760035,0.23729540368772734,0.5618008961640582,0.30257016587187346,0.16650788506123337,0.509935444858406,-0.08029928302033808,0.09787076604672248,0.511071273866531,-0.05226705978395178
0.28110845689102154,0.5330913710187674,0.28054193879240263,0.23728849016586298,0.561773625665269,0.30257718327231153,0.16651411036785088,0.5099419179868853,-0.08029926412398684,0.09787590483982114,0.5110787347741411,-0.05226974141655231
0.2811023464157047,0.5330548605592547,0.2805460046473594,0.23728527359612356,0.5617414561740359,0.3025813529824246,0.1665098120214061,0.5099260016268122,-0.08029709435616783,0.09787139333920027,0.5110697614765944,-0.05226837608481857
0.2811056740615932,0.5330397561526171,0.2805439364907652,0.23728734011019428,0.5617225413599352,0.3025817371334033,0.166511241556742,0.5099312777850076,-0.08029986547806377,0.09787300337326883,0.5110695394503296,-0.052270481375438764
0.2811002572817669,0.5330319903646087,0.28054793827263846,0.23728070185625444,0.5617130983748433,0.30258549304411475,0.16651415393688138,0.5099292258590926,-0.08029887457920404,0.09787528597656045,0.511065017011788,-0.05227093249803235
0.28109086717521625,0.533053246272918,0.28055605058582184,0.23726905937583107,0.5617330494208878,0.3025908246322597,0.16652108650457045,0.5099335332704681,-0.08029485959823081,0.09788098119700366,0.511067070571745,-0.052269856649521274
0.28107378001589606,0.5330800713951763,0.2805701691963854,0.2372515136610204,0.5617633895168737,0.302599455334206,0.16652480820806603,0.5099275700506689,-0.0802852449131388,0.09788306726614271,0.511065962292133,-0.05226444518706228
0.2810790221969838,0.5331274874504913,0.28056594404875174,0.23725590569865596,0.5618113089835085,0.30259288340323615,0.1665272151037299,0.5099355039370969,-0.08028603467005639,0.09788571912738005,0.5110740526303362,-0.05226464122282937
0.28109651151272735,0.5331877647282878,0.2805545655299624,0.23727028127215788,0.5618671124092132,0.3025811352626131,0.1665327972801828,0.509951803725174,-0.08029080391573293,0.0978923200790323,0.5110828454747888,-0.05226661101243249
0.2811053148221292,0.5332322956506491,0.2805529920628861,0.23727726714117708,0.561910313370208,0.30257767709679717,0.16653407670318268,0.5099485851379609,-0.08028691062741752,0.0978942403781613,0.511076859312498,-0.052261036503962
0.28112953728997275,0.5332476891718936,0.2805342877747254,0.23730317193183334,0.5619253461023095,0.30256278992912466,0.16652064319972398,0.509951062669419,-0.08029282282245402,0.0978837473901183,0.5110785867722971,-0.05225971780818232
0.28113339452503494,0.5332583558976891,0.28053062286820474,0.23730802593458583,0.5619379896736564,0.3025585344595879,0.16651824861208353,0.5099481354254245,-0.08029362396365947,0.09788182314362169,0.5110784655898928,-0.052259480382055246
0.2811105486325877,0.5332959876924871,0.28055097208913055,0.237281524819153,0.5619755270106465,0.30257173299218854,0.16653623572527276,0.509951791084293,-0.08028404624948547,0.0978966673314702,0.5110814523973823,-0.052257571805620205
0.2811073755241571,0.533327518391441,0.2805443335202277,0.23727608591114913,0.562004409936584,0.3025640328110639,0.1665397170988715,0.5099698812841411,-0.0802919279400163,0.0978996786731542,0.5110952954420546,-0.0522664338032193
0.2810941621520303,0.5333463186846862,0.2805423380330843,0.23726274340634712,0.562025558803493,0.30255872128825406,0.16654079811695305,0.5099729029664244,-0.08029743995543386,0.09789963078660352,0.5111016568035935,-0.052274845214324385
0.2810528742330282,0.533367999576438,0.28057769764247753,0.23721995792292752,0.5620534621989739,0.3025829901098122,0.16655768818252478,0.5099552688174787,-0.08027799590075017,0.0979119524104137,0.5110929101853426,-0.052266953682616586
0.2810414573510111,0.5334057295517161,0.28058973746153176,0.23720774487175222,0.5620947109287855,0.3025888559102776,0.16656131752419873,0.5099389945790058,-0.08026722185593642,0.09791441084857823,0.5110811725641168,-0.05225923394103246
0.2810451019181017,0.5334489162823907,0.28058919004411237,0.2372082548746248,0.5621344764093228,0.3025865238866737,0.16656612883438984,0.509944614959738,-0.0802656944924939,0.09791920843186194,0.5110809942988126,-0.052257504351587825
0.28105371008326224,0.5334702814127736,0.2805830396637198,0.23721437492171374,0.5621508222498549,0.3025819597412159,0.16656623497936868,0.5099563471261038,-0.0802685199720844,0.09792005087810247,0.5110849201842808,-0.052258209639818407
0.2810714961043841,0.5334810773701302,0.28056472262429233,0.23723147768960082,0.5621570050454536,0.30256829442618843,0.1665546801831953,0.5099671696251131,-0.08027752845881755,0.09791083742588116,0.5110887051124036,-0.05226119816053784
0.28108432789583115,0.5334800871494846,0.2805453724264298,0.23724728216159555,0.5621572168309464,0.3025532998440054,0.16652698147056022,0.5099617929544863,-0.08028372752402144,0.09788627310788049,0.5110850947310279,-0.052259789501131096
0.2810816567924828,0.5334920675949083,0.28054004761616075,0.23724671968842176,0.5621724870131677,0.30254788816824285,0.16651013069546344,0.5099578785597945,-0.08028351384727005,0.09787049162950907,0.5110859547535282,-0.05225714864021782
0.28105634675220065,0.5335082047722535,0.2805502563481017,0.23722195639850435,0.5621937245621489,0.30255253785237834,0.1665113218044445,0.5099565340110578,-0.08028057827799957,0.09786956922878191,0.5110921229940456,-0.05225969330400809
0.2810475450044468,0.5335184861453652,0.2805425630617981,0.23721665388350052,0.5622113265679536,0.302542270030705,0.1664961996834645,0.509941980322445,-0.08028464324508448,0.09785485921424396,0.5110883573266048,-0.05226318803527586
0.28104800528805823,0.5335194013160459,0.2805355361305355,0.23721597117730978,0.562208837228755,0.3025374057650657,0.1664895863513266,0.509950589956281,-0.0802899271265617,0.09784883490410982,0.5110918905154473,-0.0522668218825407
0.28104244746555057,0.5335118665569923,0.28054826534629307,0.2372047916522308,0.562191963239384,0.30255111065710916,0.16650494979926417,0.509963287336016,-0.08028516048606177,0.09786268451656828,0.5110906498288437,-0.05226519930849777
0.28103755648309514,0.533503445382318,0.2805532264087393,0.23719632054046633,0.5621772151766803,0.30255718449570157,0.1665098722066621,0.5099673945112968,-0.08028413168569233,0.09786692211840722,0.5110852973897814,-0.052265469154121516
0.28104516539204855,0.5334948989084534,0.2805340595420761,0.23720266306452203,0.5621625924460579,0.302543410999694,0.1665034548395143,0.5099935537600582,-0.08030110846793123,0.09786164947026511,0.511102721229352,-0.05227929452062223
0.2810451194232213,0.5334841667048416,0.2805343765901103,0.23720504014377103,0.5621569912636218,0.30254187066106364,0.16651001099272633,0.5099851517610969,-0.08030303885676807,0.09786761908334565,0.5111021824189292,-0.05228297409612071
0.2810170162522377,0.5334596583356875,0.2805655865567858,0.2371803406604861,0.5621440137773618,0.302564832922272,0.16652095982536644,0.5099485074814846,-0.08028343173355165,0.09787538746315581,0.5110829433423136,-0.052271859052522275
0.2810438102445452,0.5334762093259454,0.28055245717993776,0.23720501828274312,0.562154071042893,0.3025559519333533,0.1665267350070367,0.509967621801243,-0.08029005825378273,0.09788288117035472,0.5110921897415633,-0.05227387665959924
0.28107207160645453,0.5335091374130518,0.28054083394364143,0.2372304814115183,0.5621808712797982,0.30254673908166907,0.1665376275438732,0.5099830181541666,-0.08029502623212716,0.0978952223630128,0.5110979679224925,-0.052274911105255756
0.2810601761020571,0.5335039286481921,0.28055575849950387,0.2372219271317985,0.5621849277422669,0.30255624560496175,0.16654013152980265,0.5099549595992192,-0.0802831814734349,0.0978964989364556,0.5110836928701015,-0.05226662530899513
0.28107112040912147,0.5334991609429238,0.28053501482371845,0.2372379056922496,0.56218642701611,0.3025373616876543,0.16651921702977052,0.5099419794282228,-0.08029327645087936,0.09787797940999986,0.5110801480801777,-0.05227123470035173
0.2810567785246665,0.5335266552737351,0.28053489809592347,0.2372195947420418,0.562208497600848,0.3025364083491118,0.16651586274570168,0.5099575120665797,-0.08029610009282888,0.09787385611290972,0.5110872216604084,-0.05227559982285176
0.2810323795033295,0.5335661866491065,0.28054130469426186,0.23718898623656542,0.5622410432550434,0.3025395473553233,0.16651952398511619,0.509973958930558,-0.08029709108040586,0.09787545524534272,0.5110926563107175,-0.05228120100453454
0.28103393978123836,0.5335721063438359,0.280511653021772,0.2371948882527623,0.5622522850983049,0.3025116103486725,0.166490256656965,0.5099679390095155,-0.08031617724312616,0.0978485175157432,0.5110945723768451,-0.05229489785323209
0.28102572540063203,0.5335612614279813,0.28050199789530117,0.23719289016726355,0.5622524954100917,0.30249992649501906,0.16647095714223256,0.5099452658639623,-0.08032153927443406,0.0978299368192413,0.5110885848270258,-0.05229917491148585
0.28103766622210014,0.5335824155703117,0.28049590454175655,0.2372027773359633,0.5622696691189151,0.3024949321309092,0.16647582969320468,0.5099557061335557,-0.08032468711732885,0.09783542163875927,0.5110927872416741,-0.0523005692472654
0.2810842994828399,0.5336194803077583,0.2804743516178396,0.2372446928900467,0.5622932247123221,0.302481588843375,0.1664772541274105,0.5099855979210945,-0.08033141317968501,0.09784055257285403,0.5111019589696542,-0.05229738579433723
0.2811107160661851,0.5336450950398703,0.28048474333643125,0.23726838664902392,0.56231483586358,0.30249177237418573,0.16649867472868146,0.5099841902069432,-0.08031766341251521,0.09786244190029535,0.5110940292885792,-0.05228222951070319
0.2811165696989596,0.5336484598866869,0.2805016193005963,0.2372772012465591,0.5623270918980214,0.30250296140382377,0.16651600267182345,0.5099538148066152,-0.08030221796348144,0.09787878105537709,0.5110766999227168,-0.05226972446908654
0.28111962636892124,0.533656400496358,0.2805053980030339,0.23728119458763802,0.5623379660490715,0.3025047823374489,0.16652332440889364,0.5099502729286984,-0.08029903967162501,0.09788573995051876,0.5110774573978619,-0.05226760716070328
0.2811264426834503,0.5336645141980265,0.2804900407919096,0.23728670453466597,0.5623413587621116,0.30249297604117714,0.16651497361103676,0.5099675172694519,-0.08031017906185534,0.09787862639913775,0.5110876394783095,-0.052275434166149735
0.2811249751528206,0.5336890644578509,0.28047835819255307,0.23728332645748268,0.562362952654437,0.30248133958268253,0.16650769028297782,0.509971206570703,-0.08031864342914155,0.09787185524826587,0.5110864990675409,-0.05228245207837617
0.2811089203154741,0.5337250841661276,0.28046959192097093,0.2372661622042325,0.562399634713024,0.30246949934856643,0.16650012295760705,0.5099782447481125,-0.08032819956164472,0.09786364424571062,0.5110941036559368,-0.05229360659774321
0.2810672769160786,0.5337408925026155,0.2804673486666922,0.2372284092319456,0.5624264098594571,0.3024607110479546,0.16647362451826955,0.5099615459355097,-0.08033311233615387,0.09783584141522673,0.511093637726504,-0.052302363994398235
0.28102292158400527,0.5337741501461012,0.2804784218629015,0.23718184107026802,0.5624615566854884,0.30246490816976856,0.16646585373986286,0.5099643232020313,-0.08033164659520117,0.09782522831906135,0.5110988307581206,-0.0523079568279913
0.28099308325750016,0.5338193122659025,0.2804911000036988,0.23714495670337776,0.5624987904028393,0.30247387840354545,0.16646673628319938,0.509981118949526,-0.08032684791606283,0.09782386222329088,0.5111030969763246,-0.05230816201137868
0.2810055385355271,0.5338223383638495,0.2804727133695145,0.2371565572530848,0.5624962819259487,0.30246100606766874,0.1664470234748026,0.5099887279578733,-0.08033532533665494,0.09780672352971206,0.5111023331440016,-0.05230999999224795
0.2810190630582293,0.5338238249835275,0.2804773543112341,0.23716837895408946,0.5624942868247811,0.30246679123213516,0.1664581931893621,0.5099907689622877,-0.0803299733422819,0.09781812636883115,0.5110990715908639,-0.052303866836401355
0.28103149282729156,0.5338623083861043,0.28049548168031335,0.23717880959280616,0.5625333587355552,0.3024801640679498,0.16648346688523163,0.50998231276586,-0.08031282021260183,0.09784243572174423,0.5110907958060819,-0.05228908277654382
0.28107815948324144,0.5338920252717655,0.28047358000087547,0.2372299276417427,0.5625682948033048,0.30246033384992765,0.16648139899519804,0.509971792351288,-0.08031658075128646,0.09784411317623122,0.5110876223895737,-0.0522839627420184
0.2811548686590542,0.5339583071563697,0.2804285833651678,0.23730755222587246,0.5626310967778818,0.30242170027976334,0.16648678217163565,0.5099899912722268,-0.08033572325050421,0.09785513416172924,0.511099779491182,-0.052289065423308356
0.28118516855376274,0.5340074338892895,0.28042214583688235,0.2373368242405268,0.5626791125549784,0.3024146617950329,0.16650473265326723,0.5100027655734202,-0.08033581827979815,0.09787409425671235,0.5111103051060938,-0.05228660112160787
0.2811876531798589,0.534033251893209,0.2804280352994041,0.2373400247665108,0.5627093680316447,0.30241619257622054,0.16651578848985035,0.5099937432687233,-0.0803303334552297,0.09788444924541954,0.5111075208837121,-0.05228307821228971
0.2811815576679141,0.5340605374737502,0.2804323163065361,0.23733517302115462,0.5627427648163552,0.3024149822678263,0.16651852276480275,0.5099753699400463,-0.08032581358740837,0.0978864477944257,0.511097774859786,-0.05228070267339852
0.281159655604414,0.5340674173400637,0.2804409060888741,0.23731476178006994,0.5627554662886516,0.3024189484890867,0.16651556850389487,0.5099677856551822,-0.08032227966936865,0.09788194815349055,0.5110988516148368,-0.05228129892486004
0.28114465361913726,0.5340753719752191,0.2804385554227274,0.23729988177004488,0.5627647837071778,0.3024150622121449,0.16650830598126412,0.5099715603842544,-0.08032681045921347,0.09787406792601643,0.5111046418216115,-0.05228742304161232
0.2811181496980418,0.534077478347606,0.28045406090229197,0.2372704449047753,0.5627644626799853,0.3024278846243143,0.1665104445567582,0.5099770902300447,-0.08032063384184643,0.09787401297011807,0.5111065205213048,-0.05228646897124479
0.2811188353156148,0.5340842041864725,0.2804688433376637,0.23726637451519972,0.5627636559753121,0.30244300865809876,0.1665251744579043,0.5099878780925756,-0.08031058389301875,0.09788775891652506,0.5111058792347053,-0.052278370013828665
0.2811439482156436,0.5340899603454561,0.28046856443335333,0.23728824276357366,0.5627619209779464,0.3024460298804957,0.16654009466420544,0.5099980500740404,-0.08030792006020288,0.09790357908169747,0.5111046915808505,-0.05227305200290735
0.2811494381857111,0.5340803952950384,0.28047401558531576,0.23729377597551404,0.5627523209169365,0.30245161299557816,0.16654762722484456,0.5099942032177901,-0.08030349955192573,0.09791094820377821,0.5111008783026053,-0.052269032962775366
0.28115468679268973,0.5340604488934219,0.2804677620810252,0.23730311097976897,0.5627375261760764,0.3024467919035274,0.16653521010444347,0.5099820171254583,-0.0803046590381657,0.09789981971834726,0.5110966683881732,-0.05226735366063126
0.28117288281982933,0.5340518682454026,0.28044243158255683,0.23732512899979552,0.5627306151157664,0.3024269074137756,0.1665115268073912,0.5099849815684249,-0.08031745193549887,0.09787935631827406,0.5111023553493489,-0.05227237387340597
0.28116876326258505,0.534041597130292,0.2804380617960877,0.2373208733169522,0.5627185302784007,0.3024246319520874,0.16650601781054764,0.5099977033131762,-0.08032291326691339,0.09787396145262965,0.5111126604263235,-0.052277459723748095
0.2811579341442666,0.5340106580268963,0.28044119219950275,0.2373114431481582,0.5626894988623499,0.30242806397229083,0.16650359641749748,0.5099940472458786,-0.08032427233379169,0.09787083369506362,0.5111123299607605,-0.05228067986459979
0.2811539488384495,0.5339653146040021,0.2804429946452232,0.23730975909279353,0.5626462914170143,0.30243166921393,0.16650123847337653,0.509987216686545,-0.08032554885475846,0.09786828353227367,0.5111093448017227,-0.05228258042650368
0.28114675253879695,0.5339203587010111,0.28044969174152545,0.2373013794422243,0.562597816558814,0.3024405963051492,0.16650967294775967,0.5099929278832156,-0.08032718278093133,0.09787550936841848,0.5111104608001266,-0.05228698906429875
0.2811390702517447,0.5338617388072576,0.28045836426598836,0.23729363317541768,0.5625369867984179,0.3024520227820568,0.16651324395242859,0.5099896162459399,-0.08032574966159461,0.09787818885272692,0.5111046226625475,-0.05228763763752516
0.281139830759534,0.5338034799152025,0.2804713505650917,0.23729534772087846,0.5624779422739359,0.30246793507725517,0.16651502112924615,0.5099753661813171,-0.08031599561822443,0.09787985944705946,0.511089846805301,-0.052278123596238076
0.2811444364828795,0.5337685259490963,0.28049009030156036,0.23729768197419274,0.5624384180780103,0.30248810428149786,0.1665310461113063,0.5099671214529331,-0.08030264666031105,0.09789503983117098,0.5110750390914357,-0.052266582133670726
0.28114646389127584,0.533744399473345,0.28050146325149217,0.2372973421170957,0.5624094110714469,0.30250111880343034,0.16654365104592478,0.5099702788238492,-0.08029643256855196,0.09790686993035352,0.5110711694709839,-0.052261988190276144
0.28115202720773425,0.5337386593934772,0.28050092774108076,0.23730441076574282,0.5624060732548676,0.3025004534074649,0.16654419259996883,0.5099618743021297,-0.08029519736301961,0.0979077688765596,0.5110663883886535,-0.05226002051649834
0.2811588561606551,0.5337549834215581,0.28050358461560637,0.2373129171592876,0.5624275284220552,0.3024997663518294,0.16655552940248747,0.5099538403026802,-0.08029236635265223,0.0979187023203308,0.511065808626493,-0.052258471720200886
0.2811703178885597,0.5338073733185377,0.28050599399359216,0.23732238461699132,0.5624798070794699,0.3024983450440634,0.16657655780215963,0.5099648278227265,-0.08029026198259655,0.09793902573781156,0.5110759933325639,-0.052258061622158125
0.28118948258175996,0.5338598085923191,0.2805021930304484,0.23734156859883257,0.5625349995573068,0.3024909873847873,0.16659159403364213,0.5099649072721145,-0.08028928799994624,0.09795438906842498,0.5110794787665168,-0.05225642195544309
0.281211644145286,0.533885767423381,0.28049195920487113,0.2373660143774903,0.5625655943448724,0.3024792621933872,0.16660278040773852,0.5099642929041327,-0.08029427468232693,0.09796638432652888,0.5110855307103577,-0.052259694027577935
0.28124050089487473,0.5339114463905482,0.28046414590708657,0.2373975187867959,0.5625944162996178,0.30245262861409056,0.16660120841303575,0.5099627018113957,-0.08031061125483095,0.09796715557994026,0.5110883181787902,-0.05227046979263903
0.28125595078218535,0.5339417455890306,0.2804452188970375,0.237414629109025,0.5626280895840671,0.30243261066684607,0.16659746995424057,0.5099526806167013,-0.08032076160677319,0.09796489532948269,0.5110828294518173,-0.052277184486335275
0.2812404249408085,0.533961849691135,0.28046106126633086,0.23739522981635017,0.5626461463765364,0.3024433996963565,0.16662152639320363,0.5099616052200419,-0.08031675334254489,0.09798591488445631,0.5110884602906746,-0.05228047712417862
0.28123275947793913,0.5339694329307239,0.28046963446201206,0.2373853321818752,0.5626520728201571,0.30244968230499036,0.1666373699199218,0.5099718683838192,-0.08031582636028625,0.09799995339247712,0.5110962367831102,-0.05228386956338807
0.2812317616511215,0.5339963646444718,0.2804871464500723,0.23738258908987075,0.5626802722101084,0.30246205776160634,0.16666043799610367,0.5099694284282396,-0.08030400267209391,0.09802115938502172,0.511095283138428,-0.0522766653628837
0.28124186098676257,0.5340081182063849,0.28049834476644536,0.23739378107484363,0.5626973216418804,0.3024685224845445,0.1666857111312017,0.509956050607083,-0.08029594804784462,0.09804519920213821,0.5110896018459645,-0.05227194159931293
0.28126008561207083,0.5339945476356235,0.2805038642039872,0.23741494040746455,0.5626888961154337,0.3024731796688879,0.16670138272870408,0.509943181288471,-0.08028966473383937,0.09806099451524489,0.5110845928850063,-0.0522656743114293
0.2812719039322604,0.5340066856656327,0.2805223201670368,0.23742459395566207,0.5626995276062423,0.3024892827216873,0.16673144031075274,0.5099477465350543,-0.08027649467882157,0.09808966367947763,0.5110867442636463,-0.05225580698563986
0.2812768502601638,0.5340089480457408,0.2805284556598649,0.23743056097491297,0.562704195351419,0.3024943135459159,0.166740869940859,0.50995015790374,-0.08027179237510211,0.09809871056251024,0.5110928278043436,-0.05225219182302352
0.281285713837783,0.5340148097882463,0.28051636878705627,0.2374435931680129,0.5627164210737082,0.30248223274652036,0.16672842607691205,0.5099394976381926,-0.08027601239448304,0.09808784544489418,0.5110916260591147,-0.052252931829998704
0.2812711340884188,0.5340300312366635,0.2805200567562288,0.23742815776488724,0.5627324921793047,0.302483102483553,0.166726195443554,0.5099375792385008,-0.08027510111102291,0.09808465842631248,0.5110907431787489,-0.05225440585626525
0.2812445263883481,0.5340166632909301,0.28053006934701524,0.2373990568899343,0.5627155381358981,0.3024928242240031,0.16671797875616207,0.5099410171395522,-0.08027204858293967,0.09807504982369811,0.5110889651559664,-0.05225454911123907
0.2812459616008216,0.5340004670717177,0.28050573115682365,0.23739928725917286,0.5626918177548436,0.3024759100328687,0.16668924931107806,0.5099551757022275,-0.08028883474628969,0.09804874416353918,0.511092106094499,-0.05226494857580578
0.28122064701675903,0.5339649106369649,0.28050982223054144,0.2373749172995832,0.5626573078788872,0.302480519551524,0.16666988776870756,0.5099424983931841,-0.08028815783389782,0.09802888525740697,0.5110813740696252,-0.05226556890711122
0.28120574666741954,0.5339288156710286,0.2805169978422806,0.23735937002133214,0.5626186261246924,0.30248978204984994,0.16666425235826546,0.5099463461298844,-0.08028658083873652,0.09802253248914468,0.5110818840835165,-0.052265613676851515
0.28119390050286386,0.5339113293666522,0.2805260666771908,0.23734493324725764,0.5625956412738006,0.3025008598666689,0.16666090012181858,0.5099555986035863,-0.08028198470223408,0.09801857619048243,0.5110831556930374,-0.05226217503053974
0.28120190315819965,0.5338822605093397,0.2805120756421782,0.2373537491661032,0.5625624659722311,0.302493850383583,0.16664111046300772,0.509966981558775,-0.08028983588637875,0.09800096880002285,0.5110888914145385,-0.05226445409623477
0.281224785061732,0.5338644088404797,0.28049734584265956,0.23737825705450272,0.5625430965173432,0.3024843435807387,0.16663570990853818,0.5099710563822766,-0.08029703703592474,0.09799776796184775,0.5110909856517963,-0.05226618907378756
0.28122686920767814,0.5338692224181402,0.2805138808678043,0.23738025956756534,0.5625502790842593,0.30249762545949177,0.16664933095903808,0.5099560325105391,-0.08028285169808114,0.09801047594138117,0.5110792727933319,-0.05225437213078016
0.281229694383283,0.5338651973596894,0.28051682848547355,0.23738338606178158,0.5625475014579242,0.30249954653584993,0.16665977808607815,0.5099549966839295,-0.08028252258959567,0.09802031035139948,0.5110801856230153,-0.05225562171429752
0.2812299914522038,0.5338474797292488,0.2805177343116532,0.23738537555607303,0.562533259419135,0.3024992928367943,0.1666706990809793,0.5099519176395987,-0.08028595995535225,0.09803034349920427,0.5110826324723603,-0.05226145597585456
0.2812243232470085,0.5338060551401284,0.2805191737708977,0.23738380957222746,0.5624984307288842,0.30250030564564956,0.16667121557559236,0.5099394210872106,-0.08028839884184523,0.09803026140554238,0.5110806412508156,-0.052265786884968204
0.28122079893185703,0.5337866362534913,0.2805245800752144,0.2373790329593993,0.5624766213149148,0.30250633451569686,0.1666825901400742,0.5099486869973339,-0.08028961872373186,0.09804048791275252,0.5110866984204596,-0.052269688575046915
0.28120999723038154,0.5337633549531023,0.2805368374256237,0.23736648462802332,0.5624506046242419,0.30251867819664835,0.16668942998642233,0.509949728406954,-0.08028456718022438,0.09804597546440122,0.5110839384955276,-0.05226779590870515
0.28121789286235704,0.5337410978522684,0.28052419847387317,0.23737437174213125,0.5624243782622024,0.3025112013481976,0.16667732978489702,0.5099550429685171,-0.08029267773324142,0.09803546029380956,0.5110836192848873,-0.052271795841533075
0.28119457894081795,0.5337199594849755,0.28053312235633193,0.23734999199425855,0.5624014635870273,0.3025203170982654,0.16666718089256355,0.5099549820472518,-0.08028932164705298,0.09802429602100352,0.5110811711008981,-0.05227083117294593
0.2811740440897475,0.5336978034840562,0.28053817687085936,0.23733046228545532,0.562380783904122,0.3025254500870312,0.16665182273866663,0.5099490405742535,-0.08028697778158833,0.09800850111707439,0.511077730248418,-0.05226965795801297
0.2811656657284302,0.533714993102572,0.28055408525108433,0.23731905194503405,0.5623957789065762,0.3025381749544277,0.16666856055406834,0.5099562589317224,-0.08027838364574974,0.09802332844235925,0.5110814477611284,-0.05226560420224945
0.2811767262174155,0.5337182125838871,0.2805555092466772,0.23732951907220778,0.5623975578522561,0.3025402947865238,0.16667782883003404,0.5099616020536684,-0.08027653077483216,0.09803275443857001,0.5110846257613679,-0.052263277960052805
0.28120409087940657,0.5337152684304599,0.2805379752798067,0.23735760890884933,0.5623921634658023,0.30252740284460866,0.16667883720804816,0.5099718882061766,-0.08028657116892193,0.09803583258218816,0.5110913766144464,-0.052268105554967706
0.281196800745268,0.5337198864946213,0.2805545372351752,0.2373496820693035,0.5623992413794281,0.30253948667558395,0.16669900145247651,0.5099678774362599,-0.08027815415474569,0.09805383769642946,0.5110909862859185,-0.052265123737817845
0.2811899474686693,0.5337194737589941,0.28056377581380615,0.23734514907433985,0.5624062878792694,0.30254362031006016,0.16670808017832897,0.5099458215022595,-0.08027254535271319,0.09806159311771773,0.5110799789196071,-0.05226320307353011
0.28119867433468904,0.5337403037494206,0.2805495282686756,0.2373541158469681,0.562427110685059,0.3025298606943773,0.16670266517601964,0.5099477325672491,-0.08028105884413264,0.0980572921699302,0.5110815893930929,-0.05226897417919281
0.2812061819729761,0.5337632441970421,0.2805285733973861,0.23736041632871926,0.5624459142077368,0.3025118964131776,0.16669037028234016,0.5099646526980561,-0.08029533250186807,0.09804659824228847,0.5110921059103581,-0.052279066457123394
0.28120676368097597,0.5337795308783074,0.2805255545909456,0.23735853307867982,0.5624581885200145,0.302509195863668,0.1666958645625336,0.5099804528041993,-0.08029987829704137,0.09805176862547171,0.5111017774225376,-0.05228415989100766
0.281187030946472,0.5337480158183637,0.2805351928403938,0.23734038909491642,0.5624296525378377,0.3025181163976383,0.16668668682963028,0.5099684106699128,-0.08029487343596753,0.09804171212888706,0.5110945780885638,-0.052281502539163326
0.28119739864964766,0.5337079394445841,0.28051740114832435,0.23735393305601124,0.5623893919266852,0.3025068991632114,0.16666111280701257,0.5099615626234482,-0.08030344631775198,0.09801890281639299,0.5110879578007027,-0.05228331078576764
0.281189221633964,0.5336829585464524,0.2805352832708452,0.23734389861228228,0.5623616373785585,0.30252469536529236,0.16666897702078015,0.5099551511940927,-0.0802918774098338,0.09802554461890714,0.5110775994349983,-0.0522745782580882
0.28116705355191707,0.5336264190548665,0.28056179939385506,0.23732214253032194,0.5623062865599381,0.30255048266707707,0.1666725765573992,0.5099398081310331,-0.08027624509922424,0.09802709139724726,0.5110647012937705,-0.05226407388344357
0.28116125688982646,0.5335958933511002,0.28057355765721037,0.2373149999642268,0.5622728231291102,0.30256338864363497,0.16667970814217417,0.5099404015302226,-0.08027063012464374,0.09803323404288071,0.5110612903293434,-0.052260721953472186
0.28116652894697847,0.5335845474489758,0.28056813231618283,0.23732002381248005,0.5622597259627025,0.3025597520697716,0.16668080931280865,0.509942408248813,-0.08027560728141794,0.09803467218615382,0.5110608303264955,-0.052264774673887744
0.28115349583027155,0.5335863349569084,0.2805690050183268,0.23730944432525403,0.5622674928084869,0.302557719091877,0.16667012211120738,0.5099255831312494,-0.08027425890361527,0.09802373490163331,0.511052841536277,-0.05226439340440335
0.28117132252370197,0.5336307269056174,0.28055094184981005,0.23732699579859806,0.5623113211976813,0.30253984222628383,0.16666670228706437,0.5099311539166314,-0.08028303290519806,0.09802200547325991,0.5110569571080421,-0.052268966434271404
0.2812076878081957,0.5336681178775016,0.28052169699044815,0.23736261905104697,0.5623442692916464,0.30251491186331453,0.16666703837695274,0.5099514818873453,-0.08029972138445143,0.09802521669837755,0.5110702456428499,-0.05227832887750273
0.28120781349433327,0.5336735352890102,0.2805236507844119,0.2373638685177514,0.5623529182476416,0.30251489214757177,0.16667156043128153,0.5099464974344033,-0.08029847930438593,0.0980293604871715,0.5110700316580806,-0.052278204298535726
0.2811930882570841,0.5336835533207297,0.28053754436476785,0.23734853165323858,0.5623656302550724,0.30252405235568736,0.16668399761304759,0.5099442681470535,-0.08029240124980187,0.09803966105972634,0.5110717246342561,-0.05227751851318749
0.2811948728135616,0.5336831610716526,0.2805293572430472,0.23735243193909253,0.5623680807837913,0.30251637554856015,0.1666748158791833,0.5099415476169213,-0.0802969548562891,0.0980312928537258,0.511073305494671,-0.052280252257980594
0.28118590448996356,0.5336733852402763,0.2805309070251627,0.23734486675667643,0.5623606644127832,0.3025176448195075,0.16666278122911854,0.509930290929486,-0.08029433442009005,0.09801946459191445,0.5110656259198707,-0.05227727088326351
0.2812016338841596,0.5337007174961175,0.280518351007306,0.23735702964976363,0.5623795394405094,0.30250900961729693,0.16666002399008648,0.509952698782905,-0.0803006983276281,0.09801826612970146,0.5110750557173245,-0.052279293179590694
0.28120621109574606,0.533716207767675,0.28051594796636503,0.2373598852348621,0.5623917038363168,0.3025075110851753,0.16665939909565075,0.509960321079437,-0.08030093198961094,0.09801809951642874,0.5110774838143608,-0.05227819669803701
0.28119839298786353,0.5337150867990563,0.28052586780778166,0.2373518167880632,0.5623919428618476,0.3025151583056393,0.16666498714721223,0.5099542431354026,-0.08029494146993559,0.09802263130802791,0.5110734046421782,-0.05227487337417645
0.28118841209488915,0.5337154194998656,0.28054195394237463,0.23734099120985236,0.5623932632408345,0.30252827184213066,0.16667663791489032,0.5099528715487257,-0.08028560881013105,0.09803258976865306,0.5110735136857478,-0.052269745999569336
0.28118075689315525,0.5336979287910628,0.2805449774518276,0.2373371137662081,0.562383077237877,0.30252929983463633,0.16666772331830912,0.5099288506233584,-0.08028175550658062,0.09802367523200368,0.5110605368031578,-0.052266336494224845
0.2811905468128574,0.5337010369988794,0.2805332312010562,0.23734739088481863,0.5623855917590412,0.3025192997712005,0.1666636548292173,0.5099307637142901,-0.08028902458901874,0.09802069216944201,0.5110615258325746,-0.05227090887716237
0.2811958736116504,0.533696634502813,0.2805198021774407,0.23735298221370243,0.5623785349083662,0.30250986078772646,0.16665151045878795,0.5099454167663381,-0.08029816256216912,0.09800992558546859,0.5110724211476431,-0.0522765201954941
0.28118260356933655,0.5336587143566441,0.2805136295137552,0.23734284585919269,0.5623437864207911,0.302505798558229,0.16663239539680605,0.5099404907085058,-0.08030464999478301,0.09799119169144348,0.5110728394610338,-0.05228228938929526
0.28115566406403697,0.533620932022578,0.2805278522394116,0.23731705287076144,0.5623091665924608,0.3025181814911153,0.16662689708170922,0.5099259116351964,-0.08029875805318289,0.09798396475003951,0.5110634412127559,-0.05228084197984838
0.2811459803780977,0.5335870403939504,0.2805243138633964,0.23730646435381123,0.5622704727466284,0.3025191031989596,0.16661503553594487,0.5099390535920403,-0.08030469071727074,0.0979722991224237,0.5110699779897673,-0.05228602726961667
0.2811348370730916,0.5335250861391911,0.2805293226612575,0.23729654687075588,0.5622070497973787,0.302528470088745,0.16660508726369067,0.5099409313848341,-0.08030423897902723,0.09796222452045827,0.5110705953681381,-0.05228583418109117
0.2811065969014026,0.5334857348558678,0.2805718123181242,0.23726611808971534,0.5621676156726528,0.3025667059315033,0.16662681982603264,0.5099291843598988,-0.08027941010241738,0.09798005546321398,0.5110591462743942,-0.052270577882743086
0.28111466816218494,0.5334177553761287,0.2805740798747647,0.23727709384679263,0.5621001836184897,0.30257404812370525,0.1666211883246175,0.5099155301494305,-0.08027633738559091,0.09797543477669293,0.5110471630098585,-0.05226509534548804
0.28114693070499014,0.5333376123108745,0.28054562131037686,0.23731182324372121,0.5620132255194316,0.30255938463386073,0.1666007941681984,0.5099243639771075,-0.08029386871233495,0.0979591479196496,0.5110469700267465,-0.05227220013837551
0.2811449984557419,0.5332726094081052,0.2805436267941778,0.2373126061124112,0.5619480122768871,0.3025630697131871,0.16658116705583695,0.5099128029648429,-0.08029370931560187,0.09794085340214924,0.5110359124438596,-0.05226879682075294
0.2811383805925619,0.5332254363258071,0.28054113693364585,0.23730959111404196,0.5619043210661959,0.302563216707936,0.1665639090151043,0.5098988293129937,-0.08029496855042413,0.09792434731416742,0.5110277635395457,-0.05226844841791696
0.2811176127607102,0.5331741434148115,0.28055116094801347,0.2372915164037961,0.5618578053718409,0.3025723786604713,0.16656328611499896,0.5098890843924752,-0.08029402389718951,0.09792206244060751,0.5110259494826969,-0.05227189507064914
0.28109700941673527,0.533130315867673,0.280563129496297,0.23727141747887265,0.561814903533373,0.30258414528655636,0.16656494680722253,0.5098869895431862,-0.08029181306189875,0.09792194865027445,0.5110259124996277,-0.05227411486509925
0.2811071664566869,0.5330966692590886,0.2805565743430734,0.2372834270440414,0.5617809363304153,0.302581694119444,0.1665549948587421,0.5098776890067237,-0.08029355256715798,0.09791354288183665,0.5110164995422294,-0.05227206197888214
0.28114485459915617,0.5330610223170895,0.2805337445518036,0.23732177860633175,0.5617396976931012,0.302567464253538,0.16655806090908443,0.5098893598142793,-0.08030843136667111,0.09791933329761135,0.5110203712149781,-0.05227995229962373
0.28117278701521303,0.533026061090847,0.2805335200272657,0.23735046392400674,0.5617027608734918,0.30257130810039407,0.1665792622092733,0.5098971841062395,-0.08030926329377575,0.09794104906977089,0.5110258442855689,-0.052279429599330456
0.281210016449033,0.5329953564774959,0.28052074721968395,0.23739265125530082,0.5616760697356222,0.3025631701621456,0.16658362846434316,0.5098908068066222,-0.08031315655736448,0.09794789654254633,0.511025967942931,-0.05227751020354772
0.28123578937271326,0.5329869397843163,0.2805148333201061,0.23741946262451763,0.5616670907471765,0.30256005197933106,0.16659377598109695,0.5098941525285273,-0.08031485932612017,0.09795925614595856,0.5110286381799334,-0.052276218434857656
0.28123196844620474,0.5330327590006442,0.2805323649440766,0.23740883528342815,0.561704932096002,0.3025744316456705,0.16661650467608147,0.5099123694643038,-0.08030399437319381,0.09798004881797198,0.5110342548401661,-0.05226958597630333
0.28122553965655334,0.5330809232320952,0.28053365520975626,0.23739996952009948,0.561751981534572,0.3025723265109231,0.1666182649892255,0.5099196624183803,-0.08030268406851189,0.09798122102264037,0.5110392136038655,-0.052269622259380824
0.28120734233822053,0.5331207459822813,0.2805516611442287,0.23738266283857218,0.561800414170455,0.3025808988536793,0.166633108660029,0.5099072796307926,-0.08029181615569174,0.09799342605021426,0.5110391585062773,-0.052265710911517105
0.28118199846744074,0.5331704339280717,0.2805783278480591,0.237355944360447,0.5618568147291906,0.3025960877848505,0.1666593426390031,0.509901137037063,-0.08027792646533648,0.09801561141192652,0.511042394350865,-0.05226211934344561
0.28119461673978574,0.533218257477145,0.2805640281167204,0.23736575437513505,0.5619003929110745,0.3025817288472772,0.16666654020776178,0.5099226516263081,-0.08028880835101761,0.09802330696129255,0.511057024535019,-0.052271501533672916
0.28121358883715997,0.5332589636720358,0.2805478123297269,0.23738282146773862,0.5619372835129309,0.3025666909932993,0.16667069181971622,0.5099400538910422,-0.08029881484360812,0.0980286792651024,0.5110682451317278,-0.05227826790570718
0.28121176168619244,0.5332794259972521,0.2805451684464965,0.2373832425979249,0.561964377993817,0.3025598830295715,0.16666995763990602,0.50992255470294,-0.08029935048382869,0.09802780252535669,0.5110602788043916,-0.052279538228541325
0.2811860673894632,0.5333068422487878,0.28055927348294224,0.23735855048381846,0.5619985821954132,0.30256713651892936,0.16666517928159252,0.5099082995508638,-0.08028918437643774,0.0980213439717176,0.5110557380505045,-0.05227388476064324
0.28117198098247614,0.5333795901318529,0.28056184849577054,0.23734130275483095,0.5620701379876548,0.3025649692864378,0.16665704835288137,0.5099150743591249,-0.08028421543909553,0.09801281976877763,0.511059676754026,-0.05226976343350876
0.2811599623491313,0.5334446029747356,0.28056391009115556,0.23732716522281044,0.5621355720032768,0.3025622601878382,0.16664879208943126,0.5099154076654597,-0.08027913613080878,0.09800431853352473,0.5110596568397251,-0.05226526996096226
0.2811422288091472,0.5334877548257162,0.2805655086720156,0.23730855085854613,0.5621809626669761,0.3025591831215336,0.1666391939908281,0.5099100601907889,-0.08027695347177323,0.09799409850610709,0.511056979553087,-0.05226472050843485
0.2811355267948896,0.5335129361084202,0.28055983971259213,0.23730131581438524,0.5622060069847031,0.30255263048810255,0.16662888914614768,0.5099144675767,-0.08028012117066695,0.09798409225631252,0.5110608586468767,-0.05226713487520166
0.2811249080060653,0.5334965752470431,0.28056233734420893,0.23729280811441655,0.5621929179116888,0.30255506685766137,0.16661764391384504,0.5099078287576835,-0.0802780604247632,0.09797284373869414,0.5110593616627633,-0.05226529307477522
0.2811275665475264,0.5334704633297772,0.2805535500574757,0.2372979354775145,0.5621684116295218,0.3025491045706486,0.16660451258155268,0.5099014398361621,-0.08028312545481042,0.09796090082579033,0.5110557260879317,-0.052267559387076445
0.2811152281274703,0.5334155468950605,0.28056558237138357,0.23728673141890283,0.5621135249500734,0.30256335831603803,0.16660080379521783,0.5098967993269496,-0.08027711228319162,0.09795648105621961,0.5110519045018503,-0.052263322081549886
0.2811072200896632,0.5333483506590181,0.2805727633517678,0.2372769511568734,0.5620389548931232,0.3025766259365823,0.16659748938620125,0.5099051182064676,-0.08027633472011464,0.09795283894188891,0.511050134602552,-0.052262933345892125
0.28113318518985414,0.5332566982780911,0.2805364289401528,0.23730513596174233,0.5619380300792132,0.30255679500573585,0.16656178244730968,0.5099183324795635,-0.08029989061256969,0.09792195919769998,0.5110508186729756,-0.05227415435093873
0.28111607942796835,0.5331298890047401,0.28053815424867895,0.23729200494398978,0.5618098672350045,0.30256819190240014,0.16653002830683133,0.5099077886505126,-0.08030101504492346,0.09789126644756166,0.5110400069463272,-0.05227266857426062
0.2811020346588274,0.5329918522949444,0.28053774100547296,0.23728093803931155,0.5616685321741538,0.3025779936550804,0.16651294162897629,0.5099089909523237,-0.08030939619216125,0.09787434768371728,0.5110383344704944,-0.05228052254090207
0.281098691025235,0.5328028643350421,0.2805335846426552,0.2372841173339317,0.5614786078395311,0.3025880191492173,0.16649528377010606,0.5099075998545116,-0.08032095816202718,0.09785766592546676,0.511038430901147,-0.0522897542727961
0.2811144527668529,0.5326016995676776,0.2805172477286574,0.2373037401789956,0.5612662858332096,0.30259384555214824,0.16647430403533373,0.5099380903736925,-0.08034024806436639,0.09783950242628907,0.5110555135058785,-0.05230161173245528
0.28116085569612786,0.5324135687281419,0.2804862624475293,0.23734880913634845,0.5610552984017666,0.3025898619787565,0.16647531246757605,0.5099981216969199,-0.08037230965746753,0.0978441366161805,0.5110845655904104,-0.05232358250910056
0.28114443138552253,0.5322061648107043,0.2805211612554045,0.23732953342440005,0.5608333937229479,0.3026378901309085,0.16650360219073015,0.5100239899939318,-0.08036603241433957,0.09786895412746041,0.5110919873638927,-0.052325094117426516
0.2811066576173533,0.5319389624435101,0.28054660261042297,0.23729735860424528,0.56056302742479,0.3026785125735889,0.16648861136814752,0.5100211115301331,-0.08036397694945725,0.0978520277308383,0.5110884622706838,-0.05232775211946768
0.281058749439016,0.5316401922755374,0.2805678944607696,0.23726117242604863,0.560270841811463,0.3027144826773397,0.1664560239451219,0.5099994754670499,-0.08036427345763687,0.09781796398151488,0.5110812744643619,-0.05233221700285412
0.28101186810274764,0.5313722037925298,0.2806027902670278,0.2372243004145289,0.5600111186570711,0.30275848222239987,0.1664438936843567,0.5099649575701093,-0.08035433211696719,0.0978028767662149,0.5110630952232722,-0.05233015248828757
0.28097224042994234,0.5310898510475829,0.28063512955883096,0.237191732978824,0.5597292071302891,0.30280419957046323,0.16643438397339388,0.5099452096594944,-0.08034702890859664,0.09779084948199747,0.511048235182604,-0.05232920849111477
0.28095403547383296,0.5308251813360277,0.28064291613604997,0.23717433221285691,0.559448032766788,0.30283487803768516,0.16642487202845946,0.5099896399926205,-0.08035997317416702,0.09778063661109344,0.5110724707532959,-0.05234308228257459
0.28087765940483267,0.5304759083080396,0.28070733908274015,0.23711117242409235,0.5591135516394825,0.30290628537475756,0.16641673513628075,0.5099257740725021,-0.08033355050095359,0.09776688151519503,0.51103580455933,-0.05233149372213394
0.28081074121885,0.5301732093456906,0.2807777284798117,0.23705228624465627,0.5588191952368122,0.30298174445186604,0.16644042804620116,0.5098977564075664,-0.08030740362318546,0.0977833189945472,0.5110249992056253,-0.05232382890396943
0.28078680300091235,0.5299415432768938,0.2808134003323163,0.23703355366009657,0.5585873969079482,0.3030278428542148,0.1664544692018366,0.5098954764376328,-0.08029656602866252,0.09779429811631911,0.5110262768649027,-0.052320648695649535
0.28079296020889716,0.5297015991822894,0.28082318255401834,0.23705007866035377,0.5583511957139947,0.3030532106037244,0.16644034614475303,0.5098691781651854,-0.08029215897302339,0.09778161012970966,0.5110092078020715,-0.05231309438955252
0.2808003162221309,0.5294634304504777,0.2808337522943147,0.2370636338721883,0.5581095067244319,0.30308050814358717,0.16644135166900417,0.5098627601563746,-0.08029223140563076,0.09778302546360154,0.5110012456835894,-0.05231209832697533
0.28079383140569825,0.5291479251696497,0.2808508743934188,0.2370681787319447,0.5577966652797345,0.30311587390047506,0.16643894373776044,0.5098426646142382,-0.08029231290801103,0.09778015200104906,0.510990121758913,-0.05231368869096889
0.28081141900123524,0.5288865054634324,0.2808464029811083,0.23709353526988144,0.5575297604224241,0.30313370434525194,0.16643511854435053,0.5098634471552642,-0.08030497843573632,0.09777790617819292,0.5110072404667575,-0.052322328799017756
0.28083508200783097,0.5286443872424926,0.2808301798697198,0.23712836373489937,0.5572900211375825,0.303136314704092,0.16642544356123623,0.5098553864039864,-0.08032289464426629,0.09777070932450846,0.5110067365545552,-0.052334475370618645
0.2808512652805066,0.5283667852557075,0.2808197324705277,0.2371507424015153,0.5570035146720721,0.30314942667190004,0.1664304095755666,0.5098863389371817,-0.08034570889466179,0.09777648521681423,0.5110292927223348,-0.052354958984912284
0.2809194627584582,0.5281188276057157,0.2807733699500375,0.23721561162302163,0.5567210431850697,0.30314075411926683,0.16643781482058514,0.5099844480061289,-0.08039034876332075,0.09778868038310767,0.5110805777772981,-0.052385981349784484
0.2809355461918625,0.527825450174759,0.2807937117032992,0.2372301082889071,0.5564045992505898,0.3031874641914926,0.16646354389804832,0.5100338058156486,-0.08039011024161935,0.09781367278088235,0.5111005706520211,-0.052386414733654615
0.28093308991685495,0.5274565578496777,0.28081494434809207,0.2372367061585104,0.5560309961660276,0.30323236471794585,0.16646188524353478,0.5100121213382105,-0.08038606629325565,0.09781185298363683,0.5110776458624423,-0.05238271860185168
0.28088117527482387,0.5269549424891011,0.28084117282535553,0.2372025853291203,0.5555363013235978,0.30328443288754237,0.16639297355604868,0.509896831810561,-0.08037290176224186,0.09774409882070081,0.5109795800176229,-0.05236737717131429
0.280805919553645,0.5265774015137145,0.28091845134819154,0.23710883152085643,0.5551087870479242,0.3033892713519909,0.1663509355892398,0.5098348954506203,-0.08032091567778718,0.09769964269213625,0.5108468604830924,-0.05231867176677922
0.28079442961504864,0.526352773794961,0.2809900034860856,0.2370382861821977,0.5547622913579734,0.30350027754951725,0.16634719751064922,0.5098238832394067,-0.08026165670876932,0.09769609092812391,0.5106537751593071,-0.05225296880450542
0.280760844227321,0.5259177096343863,0.2810492219575841,0.2369344972333817,0.5541678975279625,0.303623353343633,0.16631229647809034,0.5098417265474796,-0.08022245952157128,0.09766271131003913,0.5104369971285648,-0.05220407514787467
0.28067929237276545,0.5255547039124396,0.28116144400521853,0.23675990834167054,0.5536069358452784,0.3038015236120916,0.16636210305880494,0.5100959792637412,-0.080178760251776,0.09770474472011913,0.5104013455956972,-0.052174766767291984
0.28057695577529423,0.5248727304116579,0.2812353817447729,0.2366517104550992,0.5528844079960329,0.3039142696619489,0.16634665744113794,0.5100483368912482,-0.08015887865809575,0.09768258105393907,0.5103033785376379,-0.05217085762455447
0.28050350494034415,0.5240249308866384,0.2812502618070718,0.23664632268984132,0.5521262372654316,0.30394998338116824,0.16622948640770205,0.5097302622046364,-0.08015151777981386,0.09756687130164039,0.5101308106537779,-0.052161616003295365
0.2804258140869622,0.5234025895234808,0.281280515359742,0.23659096013369785,0.5515116606075077,0.3040137271077384,0.16619338680166143,0.509728131299519,-0.08015841018879971,0.09752693673060034,0.5101516659262554,-0.05217825638684837
0.28040546823803175,0.5230996508122984,0.2813091042816511,0.23654559020954352,0.5511414338299331,0.30407712394099246,0.16623435927915467,0.5098639894938504,-0.08016552871692904,0.09756368022643967,0.5101933165243979,-0.05219448769467921
0.2803933167621035,0.5226078124286803,0.2813390002145267,0.2365324593661882,0.5506183995927737,0.30414350437287296,0.1662537055214104,0.5098970027098108,-0.08016441555772962,0.09758056387081669,0.5101885880646794,-0.052199002141498044
0.28039100368742303,0.5220987677501117,0.2813708517071048,0.23655248654646385,0.5501233506212329,0.3042011032272177,0.1662490754199756,0.5098255195880405,-0.08014695247940529,0.097575574984279,0.5101464283680301,-0.05218274125888759
0.28040357035880475,0.5215996451486592,0.2813949032020851,0.2365875571301633,0.5496357345361871,0.30425420965027367,0.166254059238309,0.509796673659377,-0.0801361661790537,0.09758066305424881,0.510143802446211,-0.052172012126501216
0.2804206134966981,0.5210946720929699,0.2814183451049718,0.23662052873675696,0.5491297676623886,0.3043093740492035,0.16626739430142437,0.5097709875566796,-0.08012688286626435,0.09759397251703282,0.5101255919446318,-0.05216288547902498
0.28042377574848953,0.5205812972128969,0.281457208204271,0.23662481954530773,0.5485880419939341,0.3043850711001394,0.16630039844020456,0.5097940568993918,-0.08011384339010683,0.09762461169717693,0.5101157404993576,-0.052155256361965927
0.28040598624308144,0.5199747518460849,0.2814945618941846,0.23661363159172238,0.547956282354648,0.304465779519249,0.16631811611628172,0.5098453241987796,-0.08010672092760406,0.09763942230004957,0.5101412606477138,-0.052154991266689404
0.28039806052236943,0.5194154895937355,0.28149584514298615,0.2366274752939472,0.5474049575499118,0.30449886161869505,0.16631450160058073,0.509808051505915,-0.08012104311034514,0.09763510729189931,0.5101260829772077,-0.052171277331391874
0.28033479030937536,0.5187136724059083,0.28151362237390015,0.2365983190588896,0.5467298121059319,0.3045490345376605,0.16628199231120513,0.5097418654241743,-0.08012929695560336,0.09759972947105908,0.5101127570485539,-0.05218723253146885
0.28028948410529436,0.5180473412198082,0.2815144133245646,0.23657646294008539,0.5460652377252044,0.304592161713717,0.16622603190805954,0.5097111509310916,-0.08014035569862153,0.09754435167327699,0.51009718085105,-0.05219706428994165
0.2802941391315961,0.5174960274705479,0.2815088260625784,0.2365841922369446,0.5454806439516935,0.304632731389319,0.16621504525059966,0.5097411336872393,-0.08015394104871149,0.09753455436857789,0.5100880979324705,-0.052207214196726054
0.2803284243713692,0.5168214382058263,0.2814992311886041,0.2366302982176398,0.544779235385588,0.3046778541459365,0.16622591983688478,0.5097846279460916,-0.08017083518850329,0.09754714883565173,0.5101051905724984,-0.052219566754223394
0.2802984631597767,0.5160297681164409,0.2815368871476739,0.2366277920427263,0.5439966839465418,0.3047562178406246,0.16623868522918367,0.5097227860930535,-0.08016011890722173,0.0975564146700307,0.5100719411731629,-0.05221779339033292
0.2802511276840081,0.515182809475129,0.28158192974432483,0.2365996402517103,0.5431378608909312,0.30485156575303635,0.16624384223504296,0.5097093384175233,-0.08014519825692747,0.09755743043932032,0.5100574892777139,-0.05221304153157972
0.28034214364781035,0.5144381141817693,0.2815183815255602,0.23673094153857738,0.542397243622694,0.3048585474672021,0.166081558118587,0.5095878026252167,-0.08013770956819992,0.097414688691063,0.5099550182368013,-0.05215778909939931
0.2802076224589356,0.5135401649268516,0.2816555785583255,0.2366401465990984,0.5415455209945974,0.30502197095020755,0.16592708443216053,0.5091838910915676,-0.0800004965454637,0.097261837445303,0.5096316924290959,-0.05201776823104837
0.2799367590714128,0.5127653832427173,0.28188061379923923,0.2362935578989143,0.5406194118474721,0.3052865381901378,0.16600392781515838,0.5092325590361252,-0.07989412864134895,0.09731174191882196,0.509467630544733,-0.05197499377131
0.27998218743894204,0.5121596570522321,0.2818231191639092,0.23624272652696848,0.5397659313071929,0.30534260886032805,0.1659130109945939,0.5094394598642908,-0.07991567978563896,0.09723206192176312,0.5093159207071741,-0.05196819821297652
0.27995983688415227,0.5110279706324821,0.2818026938313938,0.2361674965611495,0.5384550302517398,0.305433194130078,0.1657964999344407,0.5093637816453601,-0.07991279951167067,0.09712372784073492,0.5089915504604375,-0.05194743574444352
0.27985445656684127,0.5103762661117116,0.2819176547863495,0.23595817586200785,0.5375663554065304,0.3056290191315822,0.16586299080753122,0.5096643748418596,-0.07985516632899999,0.09717909361742982,0.5089547858574628,-0.051923669699294836
0.27975070838055766,0.5093987994052296,0.2819675433713296,0.2358517640532029,0.5365301112553478,0.3057412224918523,0.1658317200907261,0.5096429041567315,-0.07982872481393816,0.09714217015489236,0.5088655020161651,-0.051912938433345816
0.27961070691574336,0.5080676478135769,0.28196428356255504,0.23580256464485694,0.5353088273555151,0.3057797831925816,0.16566004454150532,0.5091848244794189,-0.07982036731924293,0.0969708786270902,0.5085924846668395,-0.05189909633723336
0.2795767260632252,0.5072177637368935,0.2819058474224746,0.2357685475618077,0.5343914203520104,0.30579829596258423,0.1656328126983753,0.5093706807071209,-0.07987624819381987,0.09694311838071196,0.508699569721507,-0.05195805952919865
0.27952326906260955,0.5063783199425643,0.281921770580371,0.2357121154063792,0.5334930079530897,0.3058756789064077,0.16565152096026056,0.5094740866055091,-0.07987620670222594,0.0969562263746793,0.5087353350877006,-0.051973509669186825
0.27952316869434624,0.5055357977305136,0.2819218402163562,0.2357375245982183,0.5326482029782282,0.3059249247569115,0.16564725912672024,0.5093809462882173,-0.07986763890874186,0.09695185706225475,0.508655899496706,-0.051964847004095926
0.27957635196634134,0.5048877618919182,0.28188103406938336,0.23579970270681325,0.5319650688760964,0.30594007895447706,0.16565681055435016,0.5094334644761862,-0.07988658447239778,0.09696468059620492,0.508671635527679,-0.05197671789821068
0.27965005309659346,0.5042220089970758,0.28182226229562135,0.23589284708015767,0.5312785231308474,0.3059399980777039,0.16563935171502353,0.5094564866035095,-0.07990732644099965,0.09695406563690455,0.508679328832231,-0.051981043912028485
0.2796838068069545,0.5036221293129298,0.28182106717813366,0.23593812312875814,0.5306632518276716,0.30597693742451565,0.16569081780464248,0.5094439150686796,-0.07990512819873923,0.09700399983796364,0.508657323035469,-0.05198287785411192
0.2796603272003172,0.5029949176228395,0.28184871549388985,0.23592441450661877,0.530019461888969,0.30604080434019104,0.16572067302058766,0.5094382056657353,-0.07988374696627512,0.09702958412982784,0.5086413007563876,-0.05197229764364739
0.2795883862240269,0.5021037180264976,0.2818492339173399,0.23588375289547533,0.5291328228023131,0.30609270180716486,0.16568003173196905,0.5094101230064731,-0.07987668217946814,0.09698622109159709,0.5086407048651721,-0.051971160698030386
0.2795875886945156,0.501374367493809,0.2818004158252087,0.235912159965145,0.5284108189201379,0.3060882818135485,0.16564016781948548,0.5093097731747152,-0.0798999432643322,0.09694920909122498,0.5085666038311852,-0.051986691177882786
0.2795050824596611,0.5006630398171464,0.2818378707067435,0.23583464109655386,0.5276729021964388,0.3061642576167067,0.1656576946766694,0.5093183833389451,-0.07987747659884642,0.09695897041524844,0.5085525711463178,-0.051983954586355796
0.2793827510887859,0.5000202642970747,0.2819145245346735,0.23570237178250028,0.5269826621046194,0.3062756982095369,0.1656788456889358,0.5093731031108099,-0.07982859074997276,0.09696906399503678,0.5085527424210519,-0.05196387001500274
0.2793058218690824,0.49954429064833633,0.28195831489200496,0.23563794645742278,0.5265155361213137,0.3063321079771671,0.16561378193942264,0.5091330281226422,-0.07978235371352549,0.09690304711861095,0.5083318299526044,-0.05191942573388106
0.27920536591993617,0.4989715630593478,0.28199346453258956,0.23558455940589013,0.5260190702870701,0.30636703231657625,0.16545380776730628,0.508613966675407,-0.07972706602000233,0.09674765533639357,0.5079292441642262,-0.05184973603764398
0.27904158019941316,0.4980867602410208,0.2820495177443786,0.2354542883139262,0.5251578977818318,0.3064567853715833,0.1653036993739017,0.5083230524818351,-0.07965899465113743,0.09659662512409699,0.5076887721157043,-0.051782743286016814
0.27891001124858134,0.4974653097150298,0.2821598291090191,0.23525506007285338,0.5243715047432875,0.3066284850107292,0.16543080495337556,0.5087683021738337,-0.07959816631469108,0.09670366484786247,0.5079116431431642,-0.05177738088464305
0.2787599124143072,0.4967184861263217,0.28223932417535247,0.2351364496768489,0.5236705997076497,0.30671360224402916,0.16539993994957747,0.5084255256001771,-0.07954320307333608,0.0966637302598084,0.5076483710269492,-0.05174249693165983
0.2786648608508935,0.49538108553761095,0.2821760258364123,0.2351244923093452,0.5224068397909761,0.30671697384159313,0.16523553150734527,0.508133670714489,-0.07954941419908473,0.0965053073459202,0.5074944114909206,-0.05173040292823313
0.27864129987143466,0.4949851642513194,0.2821748224275209,0.23505076655816612,0.5218797870255099,0.30677071407610607,0.16527394682162078,0.5084228691012252,-0.07954524406553444,0.09653850019669045,0.5076031320588925,-0.05174387427598613
0.27861245725045564,0.49414556078231403,0.28211068920783966,0.235029191464255,0.5209969689745667,0.30676660201171985,0.1652250633206797,0.5083779240515566,-0.07957269980315822,0.09649120414737754,0.5075135414548481,-0.051768757643931976
0.2785723345829423,0.493440532971699,0.2821011952937523,0.2350334240868591,0.5203534212340701,0.30676843942197457,0.1651551827056119,0.5079140742046258,-0.07956329206588338,0.09642405028067201,0.5071488125473678,-0.05174970610679256
0.2784991773619975,0.49326930301718686,0.2822297236744711,0.23494297302940198,0.5201752688754839,0.30687397817850254,0.16524153968164448,0.5076712732402344,-0.07948760506947378,0.0964980697714191,0.506893686617833,-0.05170486838877542
0.2784972967432022,0.492304834117755,0.28216449303219665,0.23494927544333166,0.5191491498838672,0.306890304780356,0.16525348201033654,0.5078559423350807,-0.07950958208358494,0.09650906204277754,0.5070154290465165,-0.05173102894527257
0.2783926767029894,0.4917292265586317,0.2822290510098782,0.23484356254715721,0.5185527601578614,0.3069754834029204,0.16530579007320995,0.507843155212739,-0.07946948717988059,0.0965494506665237,0.5069861780305228,-0.05172095325060515
0.27838879046691695,0.490716950840522,0.2821360680571202,0.2349020263892897,0.5175894594495842,0.3069389478456204,0.16522803953620444,0.5076483434753887,-0.0795020211220148,0.09647830915309799,0.506887178921838,-0.05173432488168875
0.2784972013923176,0.48976936178517044,0.2819666420915438,0.23504299184795377,0.5166107703459293,0.30686008849896323,0.16517146423251194,0.5077173419070982,-0.07957074526918859,0.09643484141626357,0.506936631923301,-0.05177116021004727
0.2785261912492291,0.4894971873827044,0.28199672415151394,0.23502948207403304,0.5162414256491907,0.3069205124904473,0.16528640490593982,0.5078847645081489,-0.07954550429390124,0.09654246065900672,0.5069692532047284,-0.05176814440945063
0.27845016754732244,0.4884260256630324,0.2820085915124681,0.23497457908224004,0.5151467543587829,0.3069943690723723,0.1653507993226903,0.5079708265966627,-0.07951688313150287,0.09659666382851728,0.5070515377799024,-0.051764882946962985
0.2783624011681792,0.48767866094379103,0.282015612019561,0.23493466657943385,0.5144597462152956,0.3070199827346984,0.16532542119180382,0.5077261837946161,-0.07950184694785994,0.09656770792897612,0.5069119640830954,-0.05175542975841796
0.27828852057321907,0.4868002867464663,0.2819973074780261,0.2349045888017485,0.5136157216636222,0.30704087209934733,0.16531540516598028,0.5076165657479611,-0.07949666602168434,0.0965541418796297,0.5068757031688934,-0.05175699140883903
0.2781547730366275,0.48593009814796123,0.2820322885405153,0.23481814049508212,0.5128097008738257,0.30708895336145453,0.16527605102200607,0.5072253270726736,-0.0794632750481471,0.09650931433092878,0.5065949897948626,-0.05173443891139812
0.2781911616007305,0.48538762625347553,0.28198085878563434,0.23480234290196167,0.5121256558262631,0.3070986095046027,0.16531802566928294,0.5073730602228055,-0.0794751288962354,0.09654915516682996,0.5065481272807748,-0.05175669298833408
0.2783342347672239,0.48477638461714184,0.2818685571847766,0.23485779482986033,0.5112679931774627,0.3070956668279695,0.16538747582252886,0.5078761877445637,-0.07949492172843337,0.09662183693973986,0.5067110050471608,-0.051780683293182195
0.27838478525449273,0.48410276813647396,0.2817771853528123,0.23493705135237464,0.5106040432947176,0.3070435671366752,0.1652748628631205,0.5075165625210437,-0.07951504379421703,0.09652213484343736,0.5063749334248215,-0.051767812822810864
0.27825403483335354,0.48283350817626813,0.28172869189999167,0.2348809127599207,0.5093988093133427,0.3070559553090093,0.1651961483111414,0.5073662502789678,-0.0795055728271349,0.09644154310517095,0.5063534828384447,-0.05175799061165199
0.2781595068222283,0.4821037151792034,0.2817217648866056,0.23481104778079853,0.5086777927507427,0.307082023454795,0.16519594740542712,0.5073189816268749,-0.07949501176524718,0.09643510807120712,0.5063393479736062,-0.05176169163077009
0.27815445846298087,0.4813630764898758,0.2816264221828361,0.23481471017173344,0.5078943901574097,0.30704627324094375,0.16516857710076333,0.5073704423947498,-0.07952720535589929,0.09640969525344363,0.5063494887254494,-0.05179052252550484
0.27814958756277713,0.4804705045641816,0.2815399011054851,0.23481991658302565,0.5069492896392602,0.3070316010963528,0.16515772949651966,0.5074707051017308,-0.07953898824497466,0.09639964355947504,0.5063998467880024,-0.05180221419916438
0.27815261196078944,0.47992909291575664,0.28154211184110467,0.23483007882177184,0.5063914056905378,0.30706303148986536,0.16520135163646155,0.5074184027337193,-0.07951257347646984,0.09644050566879159,0.5063372631669228,-0.05178304133526882
0.2781949709587013,0.47902175636318883,0.2814500591017385,0.23491701564998482,0.505494387675196,0.30703582839651244,0.16518847582654866,0.5074014306792726,-0.07951844547525995,0.09643342681083276,0.5063625975836318,-0.05177292665927216
0.2782423574524051,0.4785699292554715,0.2813980581185592,0.23497527168979604,0.5050287571078139,0.3070164681586313,0.16520726727116167,0.5073685786036839,-0.07952830741370778,0.09645477491754306,0.5063215656781287,-0.05177676127981169
0.27829140058211416,0.4779450858505776,0.2813187992515225,0.2350173618454771,0.5043336526630934,0.30699786324715045,0.1652570897662921,0.5075576380149739,-0.07954194464506405,0.09650425722559024,0.5064292996652456,-0.051794429009945145
0.27822903817530154,0.47732347261203883,0.28135363228238897,0.23495902017123313,0.5036923042285811,0.30705973030982525,0.1653151059897035,0.5075315428195862,-0.07949543805812999,0.09655353527265029,0.5063916352471163,-0.05177005696115785
0.27815315697023996,0.4768042493885766,0.2813792963377707,0.234898196048785,0.5031824493499971,0.3071011185354465,0.1653494075620761,0.5074587195177799,-0.07946658867888386,0.09658034606113966,0.5063466748499756,-0.051758660379213894
0.27811466355285114,0.4758545889453035,0.2812694050980957,0.234921824372075,0.5022785938124179,0.3070485405563777,0.16527604637557403,0.5073642785893765,-0.07949190253473355,0.09651242103696268,0.506347881520163,-0.05176681423891006
0.27808413935376836,0.4754125770032512,0.2812370123694261,0.23490885871977288,0.5018478761791222,0.30703397564706897,0.1652612225095013,0.507231035461699,-0.07950210429104129,0.09649732184797191,0.5062413229707026,-0.05177673344196319
0.27812229233703095,0.4749420065575537,0.281182218250452,0.23491336828283685,0.5012670760509738,0.30703551229464704,0.16535753958539456,0.5075642439081235,-0.07950328924880992,0.09658771553367851,0.5064332014293657,-0.05179802266410286
0.2780889953295612,0.4743831497178728,0.2811607684035238,0.23488554995817543,0.5006851675980813,0.3070466598921514,0.16540219208764706,0.5076028291353701,-0.07949456904126088,0.09662691807805976,0.5064557963875754,-0.05180349187723394
0.2780046433681523,0.47370040587012896,0.2811436117836829,0.23485251554404765,0.5000665894883548,0.3070498164526857,0.1653696387692304,0.5073939108702825,-0.07948395040853252,0.09659321789245365,0.506358785083891,-0.05179131240293178
0.27797067040488543,0.4731326844500236,0.2811328321203124,0.2348661590973056,0.4995522840987074,0.3070638767199448,0.1653673741278105,0.5073163138663271,-0.07945850485322174,0.09659132072681004,0.5063775349090274,-0.05176152078682037
0.27774115146220274,0.4725274869579934,0.28125314611345686,0.23475126412948333,0.4991787176212298,0.30713740206075396,0.16527431126121722,0.5065422401904425,-0.07939674168721376,0.09649573136932878,0.5059487841438642,-0.05169647974443927
0.2775185453008184,0.4715375852287588,0.2812138020836719,0.23459925691138073,0.4982968650492209,0.3071037391698183,0.1651636713288716,0.5059638516255214,-0.0794319377076389,0.09638221786430637,0.5055475400740662,-0.05173558239296978
0.27763939881670674,0.47143321111994657,0.2810791484336979,0.2346113747124271,0.4979542921677658,0.30703362042652926,0.165134801244315,0.5062594198131815,-0.07948150647199784,0.09635635951670822,0.5054948060155969,-0.051785097445101076
0.2777405761184821,0.47076718780627486,0.2809569476850132,0.2345961607418324,0.49700420403006557,0.30700673878148443,0.1652153025365046,0.5066390773302933,-0.07949472105876224,0.09643130965107884,0.5054786814201865,-0.05182586568323337
0.2777288855164201,0.46998728228944403,0.28092848930115005,0.23454865828311175,0.4961334367229231,0.3070102798668041,0.16514738750880797,0.5061331780391763,-0.07947824715046817,0.0963655784342445,0.504844527699777,-0.05180963904569562
0.27769476092882023,0.4693434472480092,0.2809370400853077,0.23437716534509748,0.4951891830500128,0.3070903777000022,0.1652576807236375,0.5064931833949607,-0.07941270010058438,0.09645898658852631,0.504784659289741,-0.05180888905196781
0.2777249005150474,0.4685301564075983,0.2808086442145514,0.23432810099228837,0.4941596587108183,0.30704334675833544,0.1652703658946187,0.506650887464534,-0.07943422200195314,0.09647010573572863,0.5046492239145788,-0.05185402441701447
0.2777786599742536,0.4677183723331348,0.28066606077383677,0.23438761668647456,0.49330745371742235,0.3069496961958348,0.1651917312470661,0.5062964941252841,-0.079486750060209,0.09640148720315421,0.5042491777543223,-0.05188492813159968
0.27756434007143366,0.4666433495103698,0.2806881456536895,0.23415658950118065,0.4921424304901199,0.30703159406708,0.16526934274689442,0.5065681623126083,-0.07940903296825219,0.09645689731325499,0.5044303419691066,-0.05186948265704105
0.2773729886581387,0.4655223269943368,0.2806396743689484,0.2340424138075055,0.49111949710264186,0.30701502991632046,0.1651902975109166,0.5062187543422251,-0.07940612794095174,0.09637235407241418,0.5042538456695679,-0.0518674360961015
0.27728560690598064,0.46417205207601514,0.28049680058746324,0.2340489115533462,0.4898588917417828,0.30693895741437033,0.1650897569255197,0.5059221699451896,-0.07942423805569061,0.09627695377001975,0.5041274960358184,-0.05186109198772758
0.27732728831059184,0.4634243209515589,0.28038332605196514,0.2340639941425507,0.4889918421857321,0.30689751942758503,0.16513022267376623,0.5061459415701335,-0.07942331194558924,0.09631624351440078,0.5042049825226699,-0.051873017864528845
0.2774180017437709,0.46277106680610935,0.28028304397923437,0.23411218030311334,0.4881891803174777,0.3068713600139742,0.16521598054817271,0.5064722006071758,-0.07940439324511259,0.09640047880439855,0.5043404967471825,-0.051872006640818216
0.2772931717586256,0.4615306277348325,0.2802448012306352,0.23404929364767518,0.48700288622907045,0.3068820733848575,0.1652236926877878,0.5062414647032996,-0.07935985401073525,0.09640131900358724,0.5042258739615523,-0.051835900294808696
0.27727217128377674,0.46075817377035344,0.28013262669089284,0.2340847307930509,0.4862860692875446,0.306808172589965,0.16514980146836925,0.5059844168518335,-0.07939108083978803,0.0963341718873394,0.5040703344391754,-0.05184302886498469
0.2773125781586259,0.45989594768884884,0.27993259248084795,0.2341321391120519,0.4853412502177325,0.3066982323508159,0.16510827408448914,0.5062550523939824,-0.07942122023173734,0.09629897418781867,0.5042565694271458,-0.05186335262040426
0.27720013677721544,0.4591957900923621,0.279903868292038,0.2340336354532137,0.484640974566863,0.30669209266756725,0.16509327948951655,0.506063410877406,-0.07941439428853223,0.09627766963676285,0.5040826869381626,-0.05187100439199763
0.2770684813730204,0.45837114223600545,0.2798720770794796,0.2339143097350264,0.4837982500503478,0.3066973053753671,0.16513686185247337,0.5060866635621093,-0.07938921603318003,0.09630926749151564,0.5041088639263422,-0.05187557729151877
0.27706312328811394,0.4574549455589486,0.27969334098544796,0.2339452373952832,0.48286863807668057,0.30658953706290704,0.1650936572964984,0.5061437783984035,-0.07942554099540643,0.09627094825088321,0.5041806236068851,-0.05189863603662902
0.27707725334720534,0.45688550908668946,0.2795828361881221,0.2339880920896436,0.48231032166109544,0.30651453317079097,0.1650581968024194,0.5060167326946705,-0.07946032137165272,0.09624084120433184,0.504086210906138,-0.051917728758886623
0.277067193512372,0.45603265558117606,0.2794511158658814,0.23398967145925134,0.4814083881517191,0.30644764351225307,0.16507651963905084,0.5061414305346377,-0.0794657753373016,0.09625786457045987,0.5041725135513658,-0.051929148198421475
0.2770628440630948,0.4554646502156694,0.2793950437375,0.2339762161341808,0.48078268055789,0.3064311871014462,0.1651329726762598,0.5062336040768369,-0.07944803111286386,0.09630936332897139,0.5042020189202154,-0.05192834339868999
0.27705389491776977,0.45465905503017734,0.27927046513904086,0.23399145450765338,0.47995996634783444,0.30636111531786353,0.16514647142059793,0.5062609102167835,-0.07946078839265229,0.09632282320596326,0.5042341181012735,-0.0519408444633645
0.27696363802868385,0.45374569358242456,0.27915845130891226,0.23395971207975025,0.47909857877317247,0.30629342468596804,0.16509543737283824,0.5060914540925376,-0.07947724433715166,0.0962730124951884,0.5041702470316269,-0.051946669495500086
0.2769461630162093,0.45315956301534277,0.2790866361621248,0.2339555870945837,0.4784957519194953,0.3062583333566354,0.16512538421056325,0.5061183843180433,-0.07947383548306663,0.09630054314470576,0.5041948252010182,-0.05194946580263266
0.27699487627789476,0.4524277704160944,0.2789258033191963,0.23401776317220607,0.4777194345725791,0.3061602059744144,0.16512787241448354,0.506203322393826,-0.07949866377116367,0.09630731197962071,0.5042432918437607,-0.05196616487628259
0.2770433194786628,0.45194480926918595,0.278828108539815,0.23406644600706308,0.4771925840362819,0.30610358159907153,0.16514116270449586,0.5062413880028338,-0.07950682416980136,0.09632312341469727,0.5042349144017364,-0.05197136910331911
0.27708736038469867,0.45117133009288074,0.2786707256568339,0.23412804071657614,0.47637853863067964,0.3060112945257164,0.16516338092028962,0.5063652750270601,-0.07952026587749834,0.0963482016060574,0.5043316685914272,-0.05197965414613985
0.27701523320668353,0.4503526730046748,0.27857920210302906,0.23408668382241618,0.4755705917944235,0.3059581983294484,0.1651698625571823,0.5062479479041722,-0.0795275787055449,0.09635145884445927,0.5042570741864651,-0.05199190210235912
0.2768934543731343,0.44959828306543115,0.2785513448540829,0.23396101331813296,0.47477262960061944,0.30596431616832054,0.16522047190977016,0.506275112504165,-0.07948638660086381,0.09638954995018696,0.5042485712200689,-0.051984621814944246
0.27693495370519083,0.4487124356077745,0.27834157348465477,0.23401680420439133,0.47382529216920644,0.30583321027554256,0.16519411101828585,0.5063976376866306,-0.0795138955103525,0.09636912427721338,0.5043174282209721,-0.05200128599412143
0.2769341527450897,0.4477213648463362,0.27815228541080783,0.23407730142849134,0.47287201261661116,0.3057049336801243,0.1651089348406172,0.5061546794238371,-0.07955542144074827,0.09629494020029893,0.5041602693105456,-0.052008983855015414
0.27692690461071373,0.4467780814015224,0.27801307572560235,0.23407367274006366,0.4718609368969549,0.30563307017031,0.16518947914568474,0.5063240107003315,-0.07953855020732924,0.09636960674895755,0.5042710501930399,-0.05201110444539718
0.2769233567617525,0.44594483657614636,0.27785611508104835,0.2340797474805538,0.47097688831830065,0.3055370605856408,0.165184372889956,0.5063605844379062,-0.07954907800726886,0.09636543470504319,0.5042654180806828,-0.05202247671399016
0.2768638570009736,0.4449574783323942,0.2777051678065454,0.23404530825118394,0.4699708669965229,0.30544170481442096,0.1651355941776004,0.5061920863634279,-0.07956399293735592,0.09631808747526001,0.5041012459601834,-0.05203348419879606
0.276834946424627,0.4439488166452167,0.27753037594351726,0.23399477059072424,0.46885306407979244,0.3053316530531726,0.16512407359281475,0.5061358036608246,-0.07957968368792193,0.09630345477167078,0.5039188252671396,-0.052066828772461535
0.276951124431183,0.44342621277434086,0.277395607865477,0.23400396591972614,0.468076331742276,0.3052582427973812,0.16519858362220627,0.5064126422990467,-0.07956127254357447,0.09637215081676796,0.5038463168463642,-0.05209336627695447
0.2769043480167677,0.4423644935463376,0.27719339843868657,0.23391883497504265,0.4668675913406572,0.3051264806479922,0.16514851792327936,0.5063671268191073,-0.07958164627038705,0.09631942467883041,0.5036214165163074,-0.052137762583808
0.2769263034759855,0.44138922033493627,0.2769840643085826,0.23391864763630713,0.46577768693767757,0.30498330448814603,0.1651287549132356,0.5062851475847212,-0.07961649922805131,0.09630102346702168,0.503404015139934,-0.05218308504888151
0.2769859006858654,0.44061941852224906,0.2768252950031746,0.23392179167158425,0.4648201785599182,0.30490053218998026,0.16522516889016187,0.5067034331292435,-0.07956855594659439,0.09639089852237147,0.503590113806329,-0.05217694738758618
0.27679355568209935,0.43931954054182204,0.2766990346212493,0.2337993820686971,0.4635873342712975,0.30482355128366306,0.1652092881928342,0.5064227747651405,-0.07955963875885154,0.09636735851166102,0.503451282330752,-0.05217152629728882
0.27662309092879184,0.43812257585733916,0.2765624413047944,0.23372788376501052,0.4625121466637428,0.3047326960595145,0.16515384003961597,0.5060705547365691,-0.07957210268852337,0.09631155454952284,0.5033160934689858,-0.052162206202977915
0.27648414485202555,0.43727942939306685,0.2764757154036793,0.23366200042856636,0.4617671117633971,0.3046720019286163,0.165115666715649,0.5057611473265741,-0.07958811530558789,0.09627263566816273,0.5031758671838884,-0.052163616103212275
0.27638254298020215,0.4362744517508396,0.27625505621430146,0.23366776795997313,0.46091345984456833,0.3044823566487836,0.16493252829236466,0.5050365722348195,-0.07972921333355665,0.09610529003500803,0.5026900924724537,-0.05224367058264308
0.27645888156025544,0.43568475131403556,0.27611007650466995,0.23363897591768515,0.4600453488265158,0.304419618787908,0.165111567377754,0.5058525776305323,-0.07963194649409808,0.09626725889462907,0.5031475455569115,-0.05222220835810991
0.27633066651476773,0.4351762130412509,0.2761254898932236,0.23345950334941507,0.4594282632728151,0.30445064908263547,0.16518807891160556,0.5059486275964311,-0.0795607843876345,0.09632491539695047,0.5031065929049983,-0.052212341958695445
0.2760749817155371,0.43370807706427855,0.2759485589453227,0.23335312633039842,0.45818980752796906,0.30430170975161985,0.16498952004914205,0.5049198290818762,-0.07966786606038864,0.09613633081301773,0.5024406791077436,-0.05225907365461786
0.275921124006236,0.4331983396241039,0.27601814719698425,0.23321591893687693,0.457745031248245,0.30434019876433094,0.16503415536385782,0.5042907775905605,-0.07968408867198587,0.09616895411706654,0.5019040805841135,-0.0522972763645854
0.27593072534447144,0.4324911804833434,0.27581430582917,0.23317220253578763,0.45689221310423456,0.30418174401000675,0.16500988406802122,0.5042095711949851,-0.07975168601643881,0.09614169365039221,0.5016309518819901,-0.05238979966402755
0.27598005325347696,0.4315159009307227,0.2755889274882154,0.23305975427310627,0.4555020312743669,0.30406570225755025,0.16521273315310944,0.5052013382987667,-0.07962254793249449,0.09631910740852183,0.502086020280324,-0.05238079910590318
0.27586458156884136,0.43090843629984854,0.2755462432597243,0.23294644768333006,0.45491009720661646,0.3040131937847101,0.16512566014307037,0.5044961110158804,-0.07969435206158614,0.09623023412967543,0.5013997865005188,-0.052454990786937654
0.27585860253936495,0.42913512480579197,0.27509834641342895,0.2329869984198319,0.4530707378319019,0.30369074407386437,0.16501547809106104,0.5043660817035526,-0.0797653457835606,0.09613136443589256,0.501242234801701,-0.052500529257531216
0.2759802659005447,0.4290261982033296,0.2750474722619968,0.23297822540530522,0.45267834819381414,0.30367985827440475,0.16517256156079477,0.5050267031226531,-0.07966327054664336,0.09627512922894517,0.501513482829059,-0.05247962003812424
0.2759144858660882,0.42791329764251906,0.2747913022935397,0.23298522481022252,0.45162209309873425,0.3034859843427073,0.16506715066193497,0.5047100285712621,-0.07973551693131249,0.09617836723444259,0.501316092272793,-0.052514817674967004
0.2758240381115661,0.4263143245206916,0.2744436442851989,0.23303433603005924,0.45016067836874446,0.3032326355599808,0.16492130170931943,0.5042882204565609,-0.07980879362309658,0.09604885318905332,0.5011516302358493,-0.052515985223573994
0.2759026762206705,0.4263994705523528,0.27450137968251487,0.23302753218940528,0.4500932717661989,0.3032892073710907,0.16508978637609806,0.5045953673417333,-0.07973023991473945,0.09620325236148428,0.5012408372020115,-0.052498965381262606
0.2759687073544264,0.42515796948559975,0.274147276838205,0.23310697827567337,0.4487415019340211,0.3030454150537364,0.16506365874132065,0.5048325897298039,-0.07972580808626512,0.09618473801479159,0.5013795194291599,-0.05248759340964273
0.27595338543934533,0.4244727870570683,0.27401733633083764,0.23314017012135388,0.44810894711134464,0.30294437812072794,0.16502217683353582,0.5044808674534201,-0.07977230340079727,0.09614949243234454,0.501121261672297,-0.052506644668762745
0.2758799295350343,0.423545712730165,0.27386418748598623,0.2330943744464294,0.44716960067370654,0.30284213442639374,0.16507494598407285,0.5045004981006418,-0.0797496039571444,0.0961961233525253,0.5011652700402427,-0.05249646101180028
0.27584550537536606,0.42268816517327673,0.27367482205562815,0.23306680028669421,0.44625016059362715,0.3027132100521742,0.1651093892362686,0.5046582009356227,-0.07972659414476392,0.09622646456175446,0.5012766914025127,-0.05248952684145239
0.27586991003265965,0.4223005130998283,0.27353667760763944,0.23309569085311627,0.44584259910075685,0.3025978127368011,0.1650817456045093,0.5045170421320425,-0.07979115901074951,0.09620285342947858,0.5011170594075979,-0.052546194633154984
0.2757989205601941,0.4210630729205019,0.27325368904688585,0.23304479191651517,0.4445336356470144,0.302402108968225,0.16511736487241252,0.5047467350790151,-0.07976298629744841,0.09623308464215646,0.5013072913620501,-0.05253660354468789
0.27569801295924856,0.4204377156168056,0.2731696058590178,0.2329534480583139,0.4438983916466902,0.30234000294820235,0.16512450108281385,0.5046230778121475,-0.0797616316593489,0.0962337365553134,0.5011920334007124,-0.05255059987469079
0.2756710749455946,0.4193960447457364,0.2728677861294035,0.23296755743370864,0.44283513498403554,0.3021155528065882,0.16505108634495685,0.5046073595670545,-0.07980257710135015,0.09616770787484276,0.5011916982615673,-0.05257091938259114
0.2756790191212904,0.4184949195846639,0.2725893840949417,0.23301340866012596,0.4419144985559212,0.3019080167280532,0.1649874418010304,0.5045946603991541,-0.07984265828333752,0.09611295391429178,0.5011913670538037,-0.052586975087581596
0.27557779766184487,0.417937509309048,0.27257760261238867,0.23293760610328815,0.44139177944344504,0.3019054816867855,0.1650174330783504,0.5043600537163813,-0.07981661520938826,0.09613671623235076,0.5010237035365415,-0.0525683975065526
0.2754083003151331,0.41683734693651403,0.2724525262756537,0.23285215552958966,0.44039208975632205,0.3018219295105628,0.16497753895934528,0.503972857591061,-0.07980673177478718,0.09609750221637918,0.5008202922226,-0.05253492172104032
0.27529451197865,0.4159877780767811,0.27230342929171014,0.23277536791494174,0.4395589508475828,0.3017132136667913,0.16491317453076945,0.5037528245162438,-0.07981500549918637,0.0960341706800192,0.5006546873034878,-0.05253435066720526
0.27533618140945465,0.4150313089271068,0.2719875496874681,0.2327880518785889,0.4384352940293261,0.301488793211257,0.16492567269634636,0.5041646101759374,-0.07977786835002545,0.09604520297554298,0.5008816840587764,-0.05252253784619229
0.27532745587796825,0.41394777385323095,0.271718059529701,0.23282574281181867,0.43736351455561684,0.3012768262240583,0.16487656869794232,0.5037993136912573,-0.07985190144929889,0.0960043534639155,0.5005684364206007,-0.05256950502702198
0.2752843322463964,0.41282258310993436,0.271472184870448,0.23277482558188659,0.4361402600673305,0.3010971911850571,0.16493862956433947,0.5038598429859211,-0.07982566363814997,0.09605838174056912,0.5005396263500995,-0.052574289820494155
0.27540044192002894,0.41222274492912836,0.2712614032810633,0.2328192044416723,0.43532946947191964,0.30094861787599425,0.1650250767182892,0.5042845390826537,-0.0797600205191247,0.0961383834960949,0.5006991041219249,-0.05255858844696911
0.2754273462609629,0.41128361687461745,0.27095460203981103,0.23289884340701505,0.43440635021715823,0.3007048770378951,0.16489582731051677,0.503939191732152,-0.07986139377454982,0.09602585546819506,0.5004066001724038,-0.05261075104759317
0.2753491664113538,0.41012660905300513,0.2706518385028903,0.2328691043904745,0.43324178899240623,0.3004770962848691,0.1648332392872452,0.5038507104716561,-0.07988511791976687,0.09596803973702427,0.500359266248113,-0.052617117225462876
0.27528251989036245,0.40942806508923496,0.27050943002527134,0.23278534234770326,0.43245708203124494,0.30037692898789714,0.16488352521434835,0.5040235868637609,-0.07983023999173566,0.09600836126448374,0.5004465522756152,-0.05259852377411717
0.27519773268948444,0.4081297035874654,0.2701489578030823,0.23276767000254664,0.4311749985000662,0.30009920617373714,0.16478615432392646,0.5038222235810262,-0.07988869750417602,0.0959201613485507,0.5003239843947507,-0.05262357165019316
0.27513148593250025,0.40695721297006987,0.26980541507231953,0.23275005101125054,0.4299881023637493,0.2998354887059638,0.16471719718951033,0.5037538338622506,-0.07992767483787139,0.09585763578668352,0.5002893542736315,-0.0526420020715131
0.2751297642654124,0.40605953384601273,0.26951957236479857,0.23274526763007536,0.4289976914574488,0.29961622641557545,0.1647321567216244,0.5039031728656976,-0.0799273130196445,0.09587108161639915,0.5003529743992594,-0.05265648281732295
0.2750381913109489,0.4050367192576257,0.26928803018959163,0.23266317166480519,0.4279239383394484,0.2994367636187044,0.1647109413087274,0.5037691342292148,-0.07993101753507059,0.09584640806325179,0.5001879369147418,-0.05267297577855365
0.27497718067646,0.4043390898928291,0.2691735650017317,0.23254912809193157,0.427102015944881,0.2993418060197863,0.16474042941238098,0.5036441755545678,-0.0799116592420781,0.09586298260460321,0.49990667603011074,-0.052707281427673836
0.2750333986918492,0.4037921326667282,0.26899674738266777,0.2324752698049468,0.4262593035073486,0.2992034538359425,0.16482479510780565,0.504059280470279,-0.07982225714588528,0.09592950637033251,0.49993049271513246,-0.05271982081304645
0.27502161127400293,0.40306551956038394,0.26880996214864317,0.23239063305284652,0.4253474988285481,0.2990510982134559,0.16482686411581002,0.5040831645895415,-0.0797968195472954,0.09592228329343493,0.49971765634582577,-0.05275516957564511
0.27497187742779466,0.40213424087039823,0.26853427750643183,0.23232210942789366,0.4243187049184695,0.2988205790162658,0.1647507498978717,0.5038664466991323,-0.07985630287160772,0.09584587615966979,0.4993929034578325,-0.052833062138618304
0.27474003205146863,0.4013683518936995,0.26851057216805657,0.2320387467884337,0.42345123258040407,0.29879852079703784,0.16482992582357342,0.5037946250234151,-0.07977488873237273,0.09589829892227078,0.49920620128127996,-0.05283928155479741
0.27441052593526144,0.40069447367396577,0.26852634691868604,0.23175666560691724,0.42293288136963797,0.2987672899751005,0.16485316301675443,0.5028417036402819,-0.07995214996949468,0.09590288519061531,0.4984695356038405,-0.05302831131149918
0.2738792209201795,0.39956901816802304,0.26844949304564963,0.2313530387535833,0.4221327960116582,0.298629171215681,0.16482697889686987,0.5012594743280345,-0.08032091107223549,0.09585816293569173,0.49734750201747874,-0.05337376555963975
0.27384291025051555,0.3991060474545349,0.2683415078789394,0.2312015321456906,0.4214546464599096,0.29851875444830756,0.16517213953049753,0.50170490156091,-0.08028189047531736,0.09616387943889523,0.49751972529598526,-0.05347715036309643
0.27384199270871556,0.3982094518872311,0.26797582041230017,0.23116949574408618,0.4203966264171861,0.2982281013820244,0.16517460483711166,0.5020768463937695,-0.08027279526977298,0.0961624670857342,0.49771776453537564,-0.05350578195003281
0.2735175162110544,0.3964950458893827,0.267541878883785,0.23099393821851907,0.41884617370595695,0.29788303269721217,0.16493304207348977,0.5014566061768101,-0.08040440718806256,0.09593360167654395,0.4973985165409616,-0.05355745415539666
0.27323219731500525,0.3953621237466968,0.26736469434187954,0.23074802311050324,0.41773549180238195,0.2977446311208872,0.16495592523504107,0.501319475745444,-0.080375760041521,0.09594136338815835,0.4973470812142166,-0.05355487100902437
0.27315698236291386,0.39466345142965403,0.26722369556131487,0.23061113041882525,0.4168739213766976,0.2976368295953683,0.16513099117045474,0.5017353944398617,-0.08025309416686306,0.09609193788943517,0.4975797528736125,-0.05352315741131065
0.27316268068786415,0.39381826769767886,0.26690269235217123,0.23064134318034218,0.41599169231013977,0.29737708015926323,0.16508050019304696,0.5016805723192284,-0.08031208362101305,0.09604831950138588,0.49751202711786263,-0.05356641081996996
0.27304194221915223,0.3925535905020993,0.2665085671995811,0.23058385751368096,0.4147389790105095,0.29706233610889987,0.16501748846544603,0.5015538278788159,-0.08036864565235526,0.09598997325455033,0.49746422590867706,-0.05359875485583119
0.27289432527451507,0.3914691282721564,0.2662538018458186,0.23045940112333294,0.41362310790576184,0.2968624871061712,0.16504287207481047,0.501536647356491,-0.08034011102373287,0.09600727897159646,0.4974580497978285,-0.05358937868676003
0.2727930813801927,0.3905911085899079,0.2660360374404004,0.2303413371575807,0.41265522497120694,0.2966862804322683,0.1651341982594165,0.5016788722644692,-0.08029214333596463,0.09608377883470533,0.4975220702643607,-0.05359176266216545
0.2727070244434162,0.3895099230946493,0.26569245559011156,0.23028666716438198,0.41154209431075184,0.2964090624097711,0.16511284304914775,0.5016396001785157,-0.08031991817715674,0.09606261262411556,0.4974923308340733,-0.05361756642760047
0.27258368492000523,0.38856752117779464,0.26542408202514145,0.23018651870655527,0.410571500024838,0.2961928718397911,0.16508564759395927,0.5015938143965506,-0.08032635422211847,0.09603250134034207,0.49745399220802405,-0.05363038788923659
0.2723718370578672,0.3875967540870985,0.26522513611637427,0.2299812243541292,0.40955595450476534,0.2960349184315505,0.16511436591084344,0.5016342526463471,-0.08026787243573728,0.09604667805293728,0.4974838220196279,-0.0536112002259873
0.27218958924802866,0.3865795360797938,0.26493024599969717,0.22983484266603563,0.4085331704143358,0.29579327560099344,0.16507184897694954,0.5015532970673405,-0.08029570777042548,0.09600045085368825,0.4974467908017931,-0.053641846487088314
0.27205092017328414,0.38541201966980976,0.2645101401335621,0.22974244409460967,0.4073454287926492,0.2954509163171116,0.16496344939189792,0.5014910802333145,-0.08035513856702649,0.09589704892809879,0.49741649055282805,-0.053683434466383954
0.2719626597986623,0.3843461851740555,0.26415434918308833,0.2296518168972294,0.4061832498294408,0.29515996794641763,0.16496705301660547,0.5016025194056014,-0.08034097352073914,0.09589444092122111,0.49745094899868103,-0.05369724113956974
0.2717611790708593,0.3832142142952243,0.2638878489018844,0.22943842583424293,0.4049661381669993,0.2949370289399967,0.16503697962506908,0.5016385596607915,-0.08029198030123269,0.09594529688284581,0.4974266476789777,-0.053707230405327155
0.2716281963349522,0.3819684185398944,0.2635094285284983,0.2293174707120011,0.40365178680192354,0.294622886272097,0.16504468971142572,0.5015895891023204,-0.08029991808965635,0.09594592194002506,0.49734414442428754,-0.05373892703732112
0.27159083681018126,0.3809245765616739,0.2631468857188322,0.22927094642758733,0.40249959820293496,0.29432313523468123,0.1650369299563328,0.5016268502099797,-0.08029359125382411,0.09593488089950744,0.4972824644321145,-0.05375714684083586
0.2715302448060962,0.3798494213222133,0.2627770001376469,0.22920333040735977,0.40132407141218185,0.29401295595279,0.1650189203933763,0.5016003452315932,-0.08030635045219939,0.09591309864370058,0.4971674373141648,-0.05379438180745194
0.2713840939501394,0.37874400628885235,0.26244092802654584,0.22904000342356468,0.4001145823232664,0.29372494458651943,0.16503814367031724,0.5015997758736042,-0.08029969386078557,0.09591922762702328,0.4970765401119055,-0.05383716304896424
0.27117039005071536,0.37773435062132715,0.262215385972842,0.22878543076914043,0.3989788809864202,0.29352989332895413,0.16511951537894343,0.5017264529634129,-0.08020731434218754,0.09597573680710832,0.4970825766648563,-0.05383077075787449
0.27097916890274293,0.3765537821217079,0.2618616254092867,0.22861287452121995,0.3977472340976013,0.2932359446594913,0.16509797666180295,0.5016997395434188,-0.08019362981059018,0.0959463141255402,0.49704802165114415,-0.05383914550821862
0.27080268214051023,0.3753307914621981,0.2614473849064628,0.2284967617292492,0.39653730064652365,0.292894265213757,0.16501944874058602,0.5015350287565272,-0.08024916639791968,0.09587099688763635,0.4969654813050415,-0.05387189216134735
0.27066640797680763,0.3742906540210878,0.26111419714353623,0.2283715833596531,0.39543841570094523,0.29261551777023714,0.16506510746146666,0.5016111588916458,-0.08022432913480478,0.0959070254000581,0.4970209984822897,-0.05387589717526902
0.27048391740946875,0.3732404261457582,0.2607705535313554,0.2281961184611824,0.39432340291225104,0.2923246874200073,0.16504832427885105,0.5016439841474989,-0.08021331287082965,0.09588102221686358,0.4970226666619846,-0.05389454572861167
0.2703439892884858,0.37214868586112804,0.2603823134698199,0.2280722587534231,0.3931693902831835,0.2919994606823968,0.16500780752246336,0.5016543032858106,-0.08021527756585072,0.09583690702511286,0.4970071172523966,-0.05391052628250081
0.270194249448892,0.37114391054842827,0.2600908359630721,0.22797127539836698,0.3921872478041871,0.2917580371996703,0.16494536362352785,0.501367898131465,-0.08025974835167123,0.09577704270060894,0.49679800838428695,-0.05393467965042825
0.26992310246109985,0.37030585790222614,0.26000827053951364,0.22779235186289767,0.3915137107251673,0.2916885490635841,0.16481099801455534,0.5005248994156336,-0.08038647366057367,0.09564987745165024,0.49619946157353945,-0.05400125538063691
0.26956126114880374,0.3692512343251743,0.2598407730443375,0.22751457891006754,0.3905899649928106,0.2915448469292335,0.16463283500783127,0.49975143274706496,-0.08050296312884445,0.09547531265381627,0.49563827168345703,-0.05407440354567447
0.26946596308927184,0.3682130023177922,0.2594297790284094,0.22736089928621653,0.38935525832496626,0.2911879563652448,0.16469609630904467,0.5000954313852466,-0.0804296552543776,0.09551851212362925,0.49577439547159696,-0.054086909599736076
0.2695363977635937,0.36759209103557805,0.259123552805962,0.22735135949305552,0.3885171133111571,0.2909194519687451,0.16477797319875553,0.5004855528379738,-0.0803453492244936,0.09558580922977122,0.49590372668571736,-0.054085092787777046
0.26920937454031063,0.36613056234377406,0.25868560632026755,0.22711228935838204,0.38712406731904325,0.290552852557257,0.16465602413498562,0.5000675070594799,-0.080436240384037,0.09546665968160141,0.49565237311238475,-0.054140077308629825
0.26896323698800584,0.36494168960322654,0.2583190116462363,0.22690893478782584,0.3859318495705228,0.2902448955916085,0.16466438168109282,0.5000079573091379,-0.0804330913178007,0.09546727626122986,0.49565850848145593,-0.05414635226309521
0.2688160113553875,0.3642054612038162,0.25808185137890804,0.22674467693226655,0.38511639459413927,0.29003727187830863,0.16469387390889328,0.5001057169791796,-0.0803909483061758,0.09548299618561651,0.4956907519634861,-0.05415143149648097
0.26873500359143954,0.3632036257714542,0.257631913952413,0.22668187100245263,0.3840459995662274,0.2896560097045519,0.164652649377763,0.5001857142037736,-0.08041676026914601,0.09544268558815742,0.4957370864392934,-0.05418051859894854
0.2685066584964418,0.36232457461253204,0.2573813502549669,0.22649397219564354,0.38319322596683125,0.28944140008545766,0.16462859776030153,0.49999589199697725,-0.08045010479358959,0.09541381702951422,0.4956302193502138,-0.054212635699700994
0.26830292182004967,0.3613553788426049,0.2570803839681085,0.22631274250119035,0.38220097664589153,0.2891848868872283,0.1646548488293105,0.4999818269053236,-0.080430978826858,0.09543052984160513,0.4956428422505787,-0.05421425464978486
0.26824905990327236,0.36075898626704744,0.25685865918261763,0.22624004260148114,0.38152469157997054,0.28899028165775525,0.1647103774946525,0.5000898247178167,-0.0803961315240339,0.09547597659444435,0.49567701944661713,-0.05421838075453205
0.26822500531258275,0.36016743220631264,0.2565700678073548,0.22622189687456595,0.38088367715022875,0.288741317264875,0.1646878101363611,0.500113538580663,-0.08043033527637246,0.09545443297143302,0.4956666891037128,-0.054255638147454446
0.2680906860773492,0.3592742234672643,0.25619684917014424,0.22611667210495473,0.3799625063378693,0.28842401655421923,0.16464600397355114,0.5001162335881412,-0.08045855488933282,0.09541263265702982,0.495685675777821,-0.05428107969861736
0.2678292606243198,0.35856500186034873,0.2560618626722384,0.225868631184214,0.379258442904376,0.2883031450511642,0.1646445619098125,0.4999592269497723,-0.08044181667681796,0.09539832387777615,0.49557222440504645,-0.05429105223664222
0.2677056200322677,0.357817797836242,0.25577113052488665,0.22575083310393648,0.37845615651707604,0.28805529412640646,0.16462396970026677,0.5000343506781074,-0.08041744842374848,0.09537276078099964,0.4956188943826977,-0.05428464217096027
0.2676222135799095,0.3571212180523319,0.2554727990647248,0.2256812931926265,0.37772341333327375,0.28779805175304346,0.16461375557259883,0.500042434764011,-0.0804392705986085,0.09536091494049848,0.495619236763947,-0.054312098199752044
0.26748960169427743,0.35638034076398256,0.25520449208001394,0.22555734837223182,0.37694639126356383,0.28756398702160085,0.1646281694542043,0.5000342036869425,-0.08044000523481921,0.0953683537225022,0.495605313984832,-0.054332293451906565
0.267329173903388,0.3555826060978126,0.2549466841978196,0.2253883643902144,0.3760798332738343,0.2873387417145068,0.16468054431181683,0.5001365459517323,-0.08037637267208382,0.09540653196035911,0.4956645474099318,-0.05431371364629291
0.26711344594614495,0.3547308619530869,0.25467274455452577,0.22519979636818754,0.3752287990380662,0.2870994892108514,0.1646485901160804,0.49997558668229786,-0.08040792992694074,0.0953691654756061,0.495550463346582,-0.054351657003305465
0.2669261655556879,0.3537140778436511,0.25429852784456775,0.22503809576268177,0.374183830673078,0.28677608998843174,0.164622849153196,0.4998869261007715,-0.0804277260381345,0.09533910362152323,0.49548165023035007,-0.054379580166876704
0.26679337368215056,0.35289064325203473,0.25400237453851016,0.22489636420417097,0.37328777846115074,0.28651407530536105,0.16463982246886996,0.4998974410277831,-0.08040424700946494,0.09534555260226574,0.49543977277845413,-0.0543930357505563
0.2666845104307151,0.35201332706781263,0.25364818395304045,0.22478862074540415,0.3723446777966823,0.2862025050134784,0.1646182207639953,0.4998434649176452,-0.08042195540374714,0.09531909815634299,0.49534313804397523,-0.05443102587896634
0.266574271189008,0.3510666713081922,0.2532236760616461,0.22467582367945468,0.3713139553048255,0.28582706241550515,0.16458928371283865,0.49984051512201544,-0.08045212599663983,0.0952849187965848,0.495278703556016,-0.054485905006409964
0.26646333190946214,0.3502917956251603,0.2529069246055157,0.2245399330702231,0.37043391241242635,0.2855433609272765,0.16456080849343177,0.49988338575112007,-0.08042829261271789,0.09524663408939872,0.4952204668754379,-0.054506252415840575
0.2662441900849485,0.3493974109171212,0.2527065640368397,0.22434567027447638,0.3695320330217421,0.2853795535707915,0.16445789806417666,0.4996168866884603,-0.08038170505791686,0.0951419863990053,0.49498555365533853,-0.05445864779059397
0.2660184420496142,0.34839611313404223,0.2523918386690148,0.22422237025674416,0.36863873179629153,0.28512924826522645,0.16419420021916084,0.4990065710261558,-0.0805082197600518,0.09490156036266553,0.4945628579282346,-0.054490279231565936
0.2657395811721014,0.3473915635659307,0.2520600487086607,0.22392146783115202,0.36753265873061186,0.28483191006655284,0.16424704293679085,0.4991924518607743,-0.08040031005362112,0.09493071740031633,0.49467915146906183,-0.05445754829975067
0.2654584159394182,0.3463350392342611,0.25169756644220403,0.22362615232417837,0.36638616120443046,0.28450652014774913,0.16426698838717155,0.49928024381913905,-0.08032983383874108,0.09493043326672196,0.4947119203390585,-0.0544508404593102
0.2652181908488443,0.34480996262948743,0.2510390494119916,0.22347177383209635,0.36488165864353234,0.28394462492851574,0.16412756681057022,0.49896872924985314,-0.08045739937522345,0.09480346269292286,0.49451548209546276,-0.05452504638152212
0.2650447918369107,0.34376859648679403,0.25066555544736446,0.22329502374581864,0.36376605113731897,0.28361205581584603,0.16414489523593118,0.4989040269090338,-0.08043313716031218,0.09480923216370528,0.49440842652470335,-0.054539022824394066
0.2649251282679775,0.34306560642529543,0.25050734387464985,0.22314604902616603,0.36299564632490205,0.28345753753108616,0.16416204807771675,0.49864779773570184,-0.08042334157249625,0.09481232117962234,0.4940830764316129,-0.054579029774768986
0.26470364415466474,0.34179063042414787,0.24997223656942572,0.22297041950836824,0.36170187814477106,0.2829918275650734,0.1639948590635704,0.4983116831301628,-0.08053197795464269,0.09465194754370146,0.49378513160869897,-0.05466267748103914
0.26453784565893157,0.3406934149508579,0.24948773296152435,0.22281111056848138,0.3605312690810046,0.28255965968030716,0.1639180256476423,0.49817197653286294,-0.0805884546313602,0.09457149850724744,0.49360385767492065,-0.05473615845889975
0.2644508441203326,0.3397279530515077,0.2490481397053665,0.22267485186438613,0.35940039899589316,0.28215666664762806,0.16394902949618778,0.4983122692826538,-0.0805342248951209,0.09458515857380133,0.49357646157743634,-0.05475874643662982
0.2642930233596414,0.33875672987327865,0.24868770270077464,0.22248609090813534,0.35831730576149834,0.2818234460092705,0.16398584356256218,0.49828881615957293,-0.0804963161689049,0.09460432043946028,0.4934542859480582,-0.05478675918176775
0.26403972247558355,0.33754044233409386,0.2481811968447959,0.22226486723327474,0.35707552790669606,0.28137238717966306,0.16390213742725918,0.4980348830279002,-0.0805864014978124,0.09451795374829369,0.4932315678847377,-0.05487817377668253
0.2641071032203508,0.33674375643053234,0.24766634479524852,0.2222797287034125,0.3560758110924306,0.2809102257097761,0.1639378344746106,0.4984448969851368,-0.0804997623748528,0.09454414574721215,0.49342681717037035,-0.054858299984809844
0.26391072951926936,0.335798562308216,0.24728600708075243,0.22210049702570406,0.35509361238301634,0.2805729221696442,0.16391305283151542,0.4983595777451723,-0.08050739747469589,0.09451335074338854,0.49334889409587085,-0.054880767708605165
0.2636607338705422,0.3346709830081671,0.24687187903539648,0.22191161007682955,0.3540008760748304,0.28021523086419065,0.16388489410442167,0.49808012679278835,-0.08056722779125791,0.0944860192711779,0.49318309576879404,-0.05491639909602411
0.2635833146811789,0.33393117959438257,0.246538380517243,0.2218183219694426,0.3531652915129532,0.2799172291669889,0.16394514950723552,0.4982538778059083,-0.08048519974287903,0.09453508980685549,0.4932813652927874,-0.054879194872556936
0.26352753038107357,0.33317058213905765,0.2461216273469164,0.2217694725622969,0.35233865521278707,0.2795471085930257,0.16389488845859682,0.4982452424486954,-0.0805247079150914,0.09448604196174691,0.49322989325558303,-0.05492376937428198
0.26339537939746205,0.33215126163513814,0.24562150149819467,0.22167868004087432,0.3512926918665855,0.2791138268605346,0.16385236633780398,0.49819489567697933,-0.08056071030692283,0.09444766728002597,0.493211568129012,-0.05494228043756189
0.26328922205182814,0.33125140540282527,0.24515728576912224,0.22160308207114976,0.3503593376651046,0.27870673990568845,0.16384286195762737,0.498185061605723,-0.08059984929263198,0.09443962879508566,0.4932180624950784,-0.05497427807669314
0.26319529930127517,0.3303715038091038,0.24470811675738963,0.2215291581949296,0.34942685210881713,0.2783122772315457,0.16382925772237827,0.4982067582616267,-0.08060996189286392,0.09442608571053332,0.4932288858890799,-0.054986335001666005
0.2631632396121147,0.3295090639203744,0.24423893105256134,0.2215074170084071,0.34848786965375145,0.27789915373205804,0.16384710864468022,0.49829750663343947,-0.08060088006832417,0.09444351587169711,0.4932773372611939,-0.05498664645889667
0.26303152841695265,0.32855294084588743,0.2438165855075797,0.22141118855599626,0.34751230800408067,0.27753161066713483,0.163824895697059,0.49817061369921106,-0.08062450965932068,0.09442337010178425,0.49318405604580134,-0.05499811230151649
0.262915760279723,0.32758953233593474,0.243349823965773,0.22130619713628133,0.3464801476834025,0.2771167030264158,0.16384849766544926,0.4982122019259987,-0.08060652687947457,0.09444178656908088,0.49319954183009823,-0.05499927307765806
0.26284493444787155,0.3267288181830037,0.2428893551965367,0.2212448663779873,0.34555582083284025,0.2767034280434176,0.16381948977399283,0.498148871318543,-0.08065857300428513,0.09441267909761955,0.49310231314812203,-0.05505824808273266
0.262724250417034,0.3258493802934269,0.2424591089406436,0.22110744801517496,0.3445867602058745,0.2763023588813828,0.16381187007114625,0.49805981213852346,-0.08070345592560223,0.09439497968629747,0.4929404210860845,-0.0551449560034135
0.2624727616630926,0.3252368175931031,0.24235731969918642,0.22083226297183514,0.3439682381176117,0.2761747112095843,0.16383094158303715,0.4975666455197819,-0.08082429625529518,0.09439374499625622,0.49244753997645463,-0.05532095838890125
0.26221005541483966,0.32450342053200737,0.2422438783491736,0.22058197037548094,0.34330589254970356,0.2760371143094926,0.16378312295076525,0.4966249238640937,-0.08111422377494183,0.09433704897406466,0.49159549330686064,-0.0556172162796489
0.26212454673595514,0.3235444844862195,0.24174703736882663,0.22032961132385603,0.34197999883817864,0.2755365090895756,0.16392044172988318,0.4972300411318922,-0.08084158041787391,0.09442421367639478,0.4917758275686454,-0.05556954855523067
0.26202777350506223,0.3228811754953491,0.24136055163600037,0.2200904728396559,0.34102157903855757,0.2751333481870559,0.16397559894569905,0.4976610625460198,-0.08068276423878952,0.09443989578874437,0.49185435283522977,-0.05559854883298247
0.26173074834571014,0.3211376444278052,0.24039368299082217,0.21996115387072138,0.3394305123716306,0.2742918418563841,0.16356470504454063,0.49657724874475095,-0.08125598408906318,0.09407204703826025,0.49104714557650864,-0.05599062844357154
0.2615944690164188,0.32014127988056545,0.23994615726023413,0.21970141073915372,0.33814409791408057,0.2738472402181566,0.163778725659642,0.497165728069514,-0.08094098839669961,0.09423950614311521,0.4913297524252742,-0.05587331816122357
0.2615602357377629,0.31981720382395257,0.23979283163707685,0.21954348253399622,0.3376017563662308,0.27365601748505686,0.16390288188010702,0.4974625617845912,-0.0807992817803493,0.09432842322875402,0.4913528522177253,-0.05589514746288813
0.26125849389212796,0.3179820500141534,0.2387914211444056,0.2193942202085649,0.33586326141356165,0.2727922752884933,0.16361040385213288,0.49677787814593005,-0.08116332176013069,0.09406826647031864,0.49090101947484216,-0.05611330351160729
0.26125749326476105,0.3174360513134242,0.23845404115591612,0.2193234699380778,0.3351339586681371,0.27246484793245856,0.16372397948227635,0.49718760946082907,-0.08099975235062017,0.09416032368874594,0.49111548590356513,-0.05605627901856458
0.26110765255034923,0.31676452554286344,0.23816484521184283,0.2191330302147942,0.33435857842006683,0.27217945380626624,0.16383987530164337,0.49732706799223153,-0.08091239140369981,0.09425284771348408,0.49116595133459806,-0.056056084624570075
0.2607375798868871,0.31526903778144727,0.23752579455959302,0.21887709597861327,0.3329516571653878,0.27163500260343304,0.16377469003981315,0.49694396015199693,-0.08101235971247168,0.09419594826997252,0.49100205104526523,-0.056079606883800766
0.26060705993169647,0.31459775772110415,0.23718272367020724,0.21876629427996933,0.332261825786004,0.27132572066470023,0.16374486499434215,0.49684574844691887,-0.0810585687813161,0.09416506345072741,0.49092229448275376,-0.056124382129090475
0.26052473356158895,0.3137422049300648,0.23663814017914195,0.21866240186135974,0.331262826141191,0.2708285808268778,0.16372282002240496,0.49712796544396864,-0.08096725575862256,0.0941349167996338,0.4910841044692057,-0.056084626811937724
0.2603480967546802,0.31287555214885676,0.23623113911973775,0.2185064260710198,0.33036601372786994,0.27046228813409756,0.16370678245217532,0.4970347051568279,-0.08097541485758132,0.09411480825418332,0.49100875538195854,-0.056099828226122965
0.26012564596324367,0.31206640614777476,0.23585074974381728,0.21831150928820825,0.32955010854432726,0.2701189761251223,0.16371676519638162,0.49696857011274614,-0.08099409023822583,0.09411847992615373,0.4909928832087119,-0.056124035811438586
0.2598813893987693,0.3111749330985358,0.23540894379872856,0.21810699992642174,0.3286482701176054,0.2697308914754085,0.16368953561518704,0.4969848618230912,-0.0809704689416522,0.09408871135532115,0.49106782789266223,-0.056093497149735015
0.2595816365967505,0.3103654418958463,0.23507919021884913,0.21793278192512436,0.32801185212061523,0.2694650932230027,0.16348677597539973,0.49631286221922344,-0.08124891442906104,0.09391028613056551,0.49066317478109517,-0.05624205844024141
0.25916386730812746,0.3091287727828768,0.23454200008603135,0.21758822497415173,0.3268227922899289,0.26899197618023946,0.1634296156724055,0.49605513842502474,-0.08131813042185815,0.0938517856874162,0.49055655302308526,-0.056281339755322506
0.2590532078603709,0.3084533839541649,0.2341913355517109,0.2173793747227916,0.3259311312680545,0.2686330717905121,0.16365042350596154,0.49658396569107727,-0.0810535345186072,0.09403135617008636,0.49086443391886286,-0.05618141813676437
0.2589042342254528,0.3075503647103018,0.2336758437535175,0.21724221790875645,0.3249710837562083,0.2681607413036198,0.16360127509407787,0.49648662035491997,-0.0811170602908554,0.09397979446890202,0.4907495620379414,-0.05625573789746126
0.2587683289138435,0.3061767386905982,0.23278192696362046,0.21719582138468893,0.32358030661689396,0.26738330924617276,0.1634578977692784,0.49636871643016484,-0.08125161976577587,0.09385861602354563,0.49071116110028423,-0.05631005201453235
0.2586717898897779,0.30545334049839173,0.23239180814678387,0.21711215715111512,0.32281424709454165,0.26703006825720726,0.16345813509644544,0.49632158131486454,-0.08126056270575063,0.09385697677440778,0.49065761724723267,-0.05632568702942828
0.25844150924564513,0.30451924505608635,0.2319801230684688,0.21687010538833018,0.3217977058364665,0.26664547160390134,0.16354185912538882,0.49641398828067274,-0.08114061895083215,0.09392142928646163,0.49071446992197754,-0.05626772219061674
0.2583004134522558,0.30360258400346557,0.2314342048392756,0.21676043057817695,0.3208458550904387,0.26615469791948004,0.1635018958600159,0.49633359672641525,-0.08120317768238434,0.09388403386965663,0.490652841947073,-0.056318803654679714
0.25820258132607127,0.30281691963065593,0.2309338953271705,0.21668678312822223,0.3200105915700381,0.26570787065249835,0.16346516605367037,0.496368588775293,-0.08121464090474007,0.09385020494087917,0.4906842260015404,-0.05632297637937398
0.25803784210341907,0.3018088101697624,0.23032279382673052,0.21656288040630806,0.31896416966873375,0.2651643553212209,0.1634082503830042,0.49633884217394825,-0.08124973733122118,0.09379805391879019,0.4906814324670021,-0.05633861496903711
0.25787959629380874,0.30116438667966416,0.2300209635370999,0.21639371382423714,0.31826547937603383,0.2648761984237161,0.16348403959189217,0.49636177245256885,-0.08120499073929693,0.09385902310818801,0.49068129176331243,-0.056340578972570284
0.25770880716652916,0.3002431544035293,0.22949344971011967,0.21623768222696976,0.31727990906427384,0.26439771881243984,0.1635446030821637,0.49649813656476,-0.08113690907496067,0.09391148663418757,0.49081361876217866,-0.056296113902157545
0.2575536445782223,0.2993827094713414,0.22900627294855475,0.21619888328461445,0.31652797369196767,0.26399536907640236,0.16342649560430425,0.4960942599903881,-0.08134639881588974,0.09382168820478344,0.49061037467370705,-0.05638147257062464
0.25728826690379314,0.2985064869651974,0.22857423175273914,0.2160820527278,0.31584372767156615,0.2636438940359966,0.1632489012557741,0.4953639036751813,-0.08171255550653926,0.0936793696558231,0.4901782156273268,-0.056586101993236056
0.2569233231970129,0.29784513280070574,0.22838055677876157,0.2157535619184135,0.3152712973667453,0.26344895793237233,0.16323520417356985,0.4947962527971379,-0.08195301832856523,0.09365803597873022,0.4897512496847585,-0.056819069906053045
0.2565511330995737,0.2970295083610989,0.22808698428285606,0.21537280986252283,0.31444630870977675,0.2631499843782469,0.16320090235652557,0.49440509073793903,-0.08207869572464821,0.09360453868531587,0.4893833062170582,-0.05699328965472407
0.2564723251591394,0.2960112723196237,0.2273454682372293,0.21521599952148757,0.31316540311812774,0.26244624609353856,0.1633358707082357,0.4950868237186239,-0.08179634524065264,0.0937075247827963,0.4898233060299732,-0.05684963044789805
0.2562548653155184,0.295088725286308,0.22678455401675504,0.21506860775632014,0.31227842615263685,0.2619501563446499,0.16322441385742262,0.4947904297844929,-0.08198510037777458,0.09360998417829298,0.48963529139740997,-0.05697699204503641
0.255794947400974,0.29344284537576915,0.22587631553032195,0.21472381283943268,0.3106779645728795,0.26115415257823754,0.16313787469491314,0.49452889807087813,-0.08210615384405391,0.09353724844956139,0.48956484791974214,-0.05702108286400109
0.2555344543281816,0.2925228918620674,0.22541029553200942,0.21441595375862085,0.30962376225963884,0.26069828721822785,0.16323150189807348,0.4947040205140498,-0.08196096425424722,0.0936001547892192,0.4896379392935752,-0.05698177142108642
0.2554634081735842,0.2917720471726784,0.2249171870819326,0.2143017991503399,0.30872989762917596,0.2602239352358304,0.1632676236719702,0.49485368863978235,-0.08189206859992146,0.093618923992695,0.48965556707819546,-0.05698849618672094
0.2549894772602354,0.2900500955726743,0.22394949477313203,0.2139223169545066,0.3070116506929991,0.25936428274389184,0.1632183500373791,0.4946876573282271,-0.08195190058145493,0.09357571175441541,0.48963622329347345,-0.057001235241564016
0.2547115683027868,0.2891072415503623,0.22343350133497208,0.2136985384392755,0.3060967164396908,0.2588976006339777,0.16320110434306986,0.4944267162119154,-0.082088811211061,0.09356148677502793,0.48947928329462836,-0.0571088927518619
0.2544738275701396,0.2879212106243234,0.2226528251246127,0.21344207932207868,0.3047529806897397,0.2581704315594899,0.1632756145044343,0.49478737652648824,-0.08191803771596659,0.09361557263254627,0.4897466939283046,-0.0570138244364108
0.254155593933896,0.28676944916933145,0.2219063714839614,0.21318819721289783,0.30359850508369174,0.2574994676913133,0.1631428023420814,0.4945847772584182,-0.08207322705973182,0.09349268297030117,0.4896279027280788,-0.0571244791931622
0.25384279361811624,0.2854322959722489,0.2211005962697464,0.21293845213874965,0.30224209140858005,0.25677522086788623,0.16312361306993528,0.4944502980161473,-0.08214128780159714,0.09347822206658936,0.4895767117147532,-0.057162948739995216
0.25360523070304686,0.284227065914478,0.2204189817716689,0.21267627693969313,0.30089979899735725,0.25612967946962,0.16326724634463113,0.4946224199470848,-0.0819830333281769,0.09359652194918885,0.4896732085861425,-0.057090359248410605
0.2534354816441101,0.28324424273676596,0.21981873633516666,0.21250169252728368,0.29983534401915046,0.2555618962607659,0.16325304643769972,0.4944723075330825,-0.08204873156347815,0.09357355571517022,0.4894796898721275,-0.05718928476225443
0.2532171837685401,0.2816603562702868,0.21867689978579444,0.21231547562945002,0.29811900982294015,0.2545178848340398,0.16314969684809313,0.49448000930869723,-0.08210504487402134,0.09347440338769657,0.4894406336122669,-0.05724326843869245
0.25294712502522787,0.2805840559178554,0.21810435364489628,0.21199957790442603,0.29691454681141943,0.2539516222529096,0.16320023512226886,0.4943994900660095,-0.08206658269917609,0.09349619490640848,0.48926389181889346,-0.05730527897840319
0.25269451348280075,0.2791899072249719,0.21719935871379406,0.2117265095368472,0.2953674323050237,0.2530925829999843,0.16321642071382705,0.4944040765174255,-0.08205081656281425,0.0934937017965911,0.48917462881352614,-0.0573618494474666
0.25242266454779866,0.2778808088031094,0.21636650727996454,0.2114788663727935,0.2939914970874387,0.25231736719596304,0.1631464548056836,0.49414667802072965,-0.08218494111465263,0.09342156588211224,0.4889191988256042,-0.057501686070339855
0.2522806370855957,0.2769775403985023,0.21577005113099873,0.21135955062074777,0.2930554982601852,0.25176139965011524,0.1630343056905269,0.4937822505956459,-0.0823992717742069,0.09331485944187079,0.4885582598904279,-0.057699909644488456
0.2519636247293123,0.27570328207703904,0.21503376198239438,0.21107589857408515,0.2917452488284288,0.2510790441604075,0.1629883668079624,0.49347330494074604,-0.08251246261584276,0.09326646215171537,0.4882897327424103,-0.057811524494138414
0.251756895662732,0.27472400208317516,0.21440336010573957,0.21092508674249785,0.290772447121107,0.2505090938173828,0.1629061398704955,0.4931518486385551,-0.0826975557414224,0.09319558603964995,0.4880424109786798,-0.05794918033779118
0.25122813380255554,0.27305254355598646,0.2133475039906533,0.21049259625479458,0.2891014101956367,0.24956163210341903,0.16281868872982413,0.49296187826337207,-0.08279062203060292,0.09311784141593607,0.48799926865219534,-0.05798509556379426
0.2510236575804575,0.27178053456034534,0.2123788058930867,0.21030003134876285,0.2876995849916317,0.24866355909050444,0.1628240497193351,0.49311637004316733,-0.08275745459884297,0.0931174241623211,0.4881015762909072,-0.05797867434639781
0.25076297588436713,0.27070210024327784,0.21162316047424584,0.21005146342774514,0.2865423428136869,0.24795596498332612,0.16279452951899076,0.4930710368661997,-0.08280466365613019,0.0930812742337149,0.48804187671461663,-0.05804745582846691
0.2503043359200444,0.269021640906931,0.21052065956678967,0.20963751437164801,0.28477503797498616,0.24694116643664532,0.16282206200798108,0.49309767945174016,-0.08275551719179848,0.09310116641199406,0.4881109290039039,-0.058011249350803325
0.2499855224546299,0.26785198611825267,0.20975167078556695,0.2093638700374963,0.28358176218400616,0.2462327441594818,0.16279057508937655,0.4928847797607612,-0.0828767934695591,0.0930713697886038,0.48796001448686,-0.05811535463923052
0.24984694408762184,0.2665284152865197,0.2086003093387882,0.20925743597260876,0.2821134831892341,0.24517913797147123,0.16275700902061982,0.4931427045056863,-0.08283654880481037,0.09304354087989691,0.48816335038061,-0.05806987470407726
0.24946823449952413,0.2651933825391141,0.20768780998392056,0.20896087801593757,0.280780386416482,0.24435676954822613,0.16268197011346938,0.49290728535754513,-0.08298151748288782,0.09298195864209338,0.48804437813312945,-0.05815390608067671
0.24911219744431404,0.26400067800159943,0.20692317492163867,0.2086405378148642,0.27954667965362806,0.24364891268363886,0.1627623659108912,0.49287106475689196,-0.08296678318924004,0.09305507731737635,0.48806697372600016,-0.05814815349238195
0.24872530053084613,0.2626820635183464,0.2060634770663609,0.20829896423212077,0.2781769839033515,0.24286065074063706,0.16281517223393002,0.49287090396670696,-0.08291175152934648,0.09310394281604786,0.4881283497850903,-0.05809235535207699
0.2483909062486134,0.26150205060847714,0.2051824979278914,0.20805962031657382,0.2770231054636836,0.24207284146031008,0.16262232558002693,0.49249853667299615,-0.08318967331759372,0.0929371223636119,0.4878804600928656,-0.058273903710587445
0.24800047588787943,0.26023480587291314,0.20430847180503325,0.20766170855822816,0.275647539759283,0.24123603196221569,0.16261093604812954,0.4924407057701893,-0.08320358305831804,0.09290697529005275,0.48778827962642207,-0.05834674216218421
0.24780593717421487,0.25929751427333436,0.20360138683118081,0.20736848296131263,0.2744967779915001,0.24050948748530834,0.16277735206543775,0.49270213072750846,-0.08304571307595934,0.09302452817354456,0.4878572299045809,-0.0583633256540556
0.2473546578162209,0.257827235166408,0.2025532322963208,0.20691949180882685,0.27292262593422273,0.23950644247096714,0.1626974841032681,0.49247777047371905,-0.08318515219519625,0.0929296107723288,0.48761086479406884,-0.058549673029857814
0.24725305893895227,0.2569131707149452,0.20179859590735166,0.20673621672654763,0.27181084427609925,0.23874258099681545,0.16271804280539823,0.4925150410398352,-0.08319214938029482,0.09291750510774498,0.48745452756442653,-0.05868855996555562
0.24691454872323113,0.25581802612917687,0.20109734830420872,0.2063023864637174,0.27052386161391506,0.23801352218494656,0.16288509388257522,0.4926387206131329,-0.08303139810525548,0.09303130105292975,0.487423288930712,-0.05871274984098309
0.24658977584200328,0.2544866370927001,0.20004877715260486,0.20606080316287945,0.269188982504816,0.23705764943544802,0.16272214826233772,0.49223802350321,-0.08334958991561528,0.09288921461882022,0.48711883281241675,-0.05895071659872211
0.24608033869738397,0.2531889484274885,0.19922754051842118,0.2056386808358821,0.2679321492011552,0.2363155918968733,0.16264333079615895,0.4918582983778871,-0.08352560669596412,0.09282181585308719,0.48690105159059655,-0.05906070307737751
0.2457413896733749,0.2518402296275089,0.19808631574481417,0.20538933832637896,0.26654481436297717,0.2352871269528639,0.1625737739417814,0.4918587661165806,-0.08360213802647713,0.09277180140531395,0.4869928285331681,-0.05906324980441205
0.24538833915091388,0.25040043048910754,0.19690941828007272,0.20513197275012493,0.26508395786952177,0.23422204620366152,0.16244182189835432,0.491617131154787,-0.08381912274938794,0.09266404664369814,0.48685321447993707,-0.05919155827077571
0.24488711687591203,0.2490273931853079,0.19599608280757647,0.2045675142599462,0.26352817230326253,0.23331190069427193,0.1626399202520227,0.4918620255518505,-0.08354081122219588,0.0928113421204115,0.4870055522457624,-0.05907585471565059
0.2443797211139486,0.24751300931211043,0.1948486725611747,0.20407395782993681,0.26191404066555335,0.23221803108845596,0.1625962151488127,0.49171120411632374,-0.08363442380072081,0.0927536023091533,0.4868595293173974,-0.059208608827677776
0.24425248372129005,0.24629286367252912,0.19374096559854864,0.2039515118784484,0.2605579654619162,0.231167583855493,0.16254679239025394,0.4916246091130008,-0.0837669619209076,0.09270270774573788,0.4866982443877898,-0.05936031273495213
0.2439773014344512,0.24530928818548806,0.19314156818176031,0.2036831560082167,0.2595467390539857,0.23058606112567281,0.16258062251537753,0.49123496427677527,-0.08393112562418527,0.09272644729436928,0.4863352110007353,-0.059548009011474716
0.24342909072372085,0.24362311000775153,0.1916629020542216,0.20328055070339832,0.25788357670067263,0.22925475008842677,0.16229641992670912,0.4908158568351089,-0.08435769644919519,0.09248354662486995,0.48609698439707383,-0.05982109688900083
0.24309405139818036,0.24213953390365686,0.19035764481570544,0.20291637153985825,0.25617468987921527,0.22800311801812445,0.16243185618073705,0.49125484999095537,-0.08406776345824268,0.0925897862598236,0.4864212990770139,-0.0596368034188378
0.242837914891793,0.2411835520372868,0.18958378130117393,0.20266952635428484,0.2551591823750766,0.22726130157057803,0.16236652359817863,0.49100643973590563,-0.08425378938277724,0.0925202426438207,0.4861664897904331,-0.05983613849059181
0.24248874323697014,0.23951372387078526,0.18808319542504556,0.20236727735894702,0.2533501588369619,0.22586194947961333,0.1623418256747304,0.49104531599481016,-0.08428138546189605,0.09249974767810332,0.4861981611903922,-0.05985314391369026
0.24231329427196943,0.2384889075577948,0.18714428968349678,0.20216358644357507,0.2521734084846993,0.2249483716107999,0.16244620976049592,0.49119398988359636,-0.08421437579678916,0.09258289840884075,0.48625838046641057,-0.05986468913792014
0.2419248257801315,0.23702211814101576,0.18584212064651762,0.20186573632378238,0.25066399322718863,0.22375757673966784,0.16226656193046401,0.49092727312483286,-0.08445561968069142,0.0924281916635027,0.48607165037042643,-0.0600184610929151
0.24142925811904978,0.23547113940538933,0.18459262782197647,0.20142351198423444,0.24905299897277913,0.22258587171583916,0.16225447216973624,0.4906964267078969,-0.08460161644065176,0.09241709529149243,0.48591031938746887,-0.06014791076633915
0.24108917513792016,0.23443994167185175,0.1838285305939865,0.20109077696865785,0.24797949623814677,0.22184460378322587,0.1622631467011373,0.490377292551329,-0.0847913957305019,0.0924151103947976,0.48561427317292855,-0.06036364052721609
0.24088729693015395,0.23299210095665437,0.18233797239706287,0.20089274396945703,0.24632353706295576,0.22043156450266166,0.16228513749446408,0.490651427094021,-0.08469668329275458,0.09242997513942396,0.48578649107209254,-0.060309423430770184
0.24057161351179965,0.23190955034905028,0.18140545705289435,0.20060266856578904,0.24516961477044955,0.219550802065533,0.16225566606348046,0.49054257307218757,-0.0847706258044126,0.09239917636462627,0.485690652904724,-0.0603845750506546
0.24007843398349782,0.2303127420175633,0.1799186634079295,0.2001917800289213,0.2434897504714741,0.2181787535699188,0.1621741835371335,0.49051846333240484,-0.08484169146097431,0.09233314690715426,0.48573758511048193,-0.0603974168838987
0.23959786845116185,0.2289417815608243,0.1787376752263065,0.19974966640674482,0.24203901192399305,0.2170651662129539,0.16215102313869284,0.49042317611395775,-0.08489768205072808,0.09230750050888119,0.4856826507005305,-0.06045265148854501
0.23929220484885122,0.22769751776345512,0.17758771451148936,0.19943587833238935,0.24064839522035283,0.21595646774116473,0.16220753371555416,0.4904884755183727,-0.08484894670683066,0.0923474512019458,0.48569354851299673,-0.06046191531866502
0.2389422230274466,0.22626867682944019,0.17615133476282346,0.19911853456300274,0.23907949440751397,0.2146009121955907,0.16219699518494743,0.4905711831277616,-0.08486301411616695,0.09233687329345205,0.48575860736149495,-0.060479572244237244
0.23860292442395173,0.2250501509821642,0.17500979912797196,0.19883224332709087,0.23779584780929272,0.21353580790351015,0.16211607466375227,0.49040127996036337,-0.08501457533844313,0.09226690675539724,0.4856258035833093,-0.060592488580652526
0.23819795528301538,0.2236167065323968,0.17356959286542545,0.1984366032533794,0.23619717127765819,0.21215948799690676,0.1621708394402,0.49058989521421886,-0.08492475781670854,0.09230852740746166,0.48577632495786793,-0.06054778810039832
0.23786604333715655,0.22251152256596438,0.17252381052455154,0.19810919732605128,0.23498972746111363,0.21115153130295186,0.1622114467091382,0.49055952510223283,-0.08496557857384049,0.09233739046672458,0.48573277441470947,-0.06062490282818926
0.2374622317128865,0.22119023065307392,0.17126526738322295,0.1977299517330584,0.23355755634255196,0.20995387549446223,0.16219011396270439,0.4905026274518665,-0.08501402630393215,0.09231187186908596,0.48567577740279577,-0.06068538979812149
0.23725805451730816,0.2201674376227549,0.1701823255576486,0.19748142578112876,0.23235430141493624,0.20888262752010225,0.16227781728295634,0.4906711963207186,-0.08492513357957236,0.09237179257408266,0.4857309722333837,-0.06069928686389113
0.2370061051032336,0.21919453361673383,0.16921038522106235,0.19721463355627597,0.23126593946160032,0.20793160895877902,0.16226375757336933,0.4905924393403197,-0.0850156823004869,0.09234343610774033,0.4855980479071211,-0.06084225775869888
0.23652231295209492,0.21801783192010793,0.16820790329619545,0.1967841893764895,0.23007587277819505,0.20698803222899737,0.16212855182559124,0.4901700878052818,-0.08531300920405237,0.0922166915269282,0.4852570748781695,-0.06109847127163105
0.2360765034884612,0.21695439805300587,0.16726076614266777,0.19640573055958552,0.2290161112773153,0.20610864979171903,0.16191595638892817,0.48972115879941797,-0.08566737115862631,0.09202241596949079,0.4848968235360259,-0.06138222033296151
0.23565732009299606,0.2157913310123338,0.1661250692444948,0.19592986996624512,0.22764995211377476,0.20497755985563973,0.16210784275806298,0.4901059528750712,-0.0853030472599174,0.0921704447577947,0.48518632787188887,-0.061163714118702445
0.2351953085879901,0.21463733281263295,0.1650157084270607,0.19556842605743718,0.22650833925146174,0.20396699340880645,0.16195514492583157,0.4897706523572559,-0.08560685651071848,0.09204692338895391,0.4849821547460282,-0.06135689556434738
0.2347645245481584,0.21344418766012616,0.1637417692915398,0.1952012962710406,0.2252414649518889,0.20278006371488846,0.16192035429843327,0.4897977813760896,-0.08565059878293825,0.09202402446311225,0.4850668847103958,-0.06135509619474369
0.2344199079918067,0.21250041899026959,0.16278134320261642,0.1948542292884076,0.22419321935481953,0.2018485763150893,0.1619917624145465,0.48988955943650325,-0.0855804164215929,0.09208020586011753,0.4851453140392606,-0.06133137212145508
0.23414909591439442,0.21162478455573278,0.16190327692207448,0.19459190385151753,0.22323378588147408,0.20100408073746598,0.1620059947033996,0.48985695309608,-0.08559696245132631,0.09208816445609495,0.4851044599978795,-0.0613676294728254
0.2336705778664389,0.2104167607902596,0.16068371876089832,0.19413106946978753,0.2219122849002765,0.19983590153373074,0.16202242397909522,0.4899190756335983,-0.08552581231912589,0.09209502250360742,0.4851747086709165,-0.06132252207313266
0.2335409042804781,0.20982142080826224,0.160017359374478,0.1939876386638927,0.2212305668796249,0.1991809110478934,0.1620397403870516,0.4899212654144242,-0.08555502459078802,0.09210180249742463,0.48513139348191414,-0.06139117298680618
0.23321633123775468,0.20872469246525588,0.1587725994356537,0.19368548847194764,0.22000600858345531,0.1979957761498927,0.16204320901453603,0.49004734047090615,-0.08549383203822376,0.09210339155717283,0.48523934122365636,-0.061339022351712486
0.23284758921517226,0.2078043164667023,0.15781866969124098,0.19335082401486983,0.2190350279084638,0.19709066828965963,0.16199953006389836,0.48992453563980604,-0.08562099347216436,0.0920628046312627,0.48515500538724793,-0.061449610171813204
0.2324585465816637,0.20695918698701848,0.1570138522710021,0.19298517311419577,0.21816141294604757,0.1963174925012757,0.16191171090646891,0.48965509646758876,-0.08584475246036213,0.09197460939923718,0.48492589497399374,-0.061666534169458845
0.2322955375926372,0.20619761217942198,0.1560518639898994,0.19280839641813102,0.21728561246333009,0.1953740606001957,0.16172945768910563,0.48950509870792214,-0.08608741740997351,0.09178733576574478,0.48469216509554164,-0.061940264272947784
0.23210176863572815,0.20558346097594782,0.15547004333231787,0.19244034005431154,0.21642910644732868,0.1946842789092156,0.16198491648964114,0.4898253994789951,-0.0857026802374266,0.09195691829048967,0.484783079626234,-0.061853063208121485
0.2315093288721535,0.204518807436648,0.15451036871941523,0.1918500824632613,0.21530573448374235,0.19374300301599995,0.16195420045378647,0.48963431320320777,-0.085792289682605,0.09190853566066191,0.48463158767518694,-0.061986254004589555
0.23119502442083362,0.20361963884686682,0.15351048798136,0.19161118996743529,0.21439720018120476,0.19282177689867563,0.16175043541405884,0.4892992262113435,-0.0861533548774183,0.09173184168218139,0.48436557730840313,-0.06225345123670812
0.23096958861177633,0.20288214640247612,0.15265968508418865,0.19129021495604806,0.2134519102712024,0.1919310564982174,0.1619484004609903,0.4896864762408058,-0.08578000776315398,0.09187707683296924,0.48460622841628254,-0.06206607850668132
0.2306148252274758,0.2021123609607416,0.15179306408878018,0.19096467909542167,0.21263607652818095,0.19110630024471767,0.16187931102169043,0.4896032876182294,-0.08590113299936922,0.09181056391617175,0.4845560413264825,-0.062172548177350365
0.23007071627470405,0.20093589735361905,0.1505744756994367,0.190511653867229,0.2114458424200536,0.18998303886573528,0.16185599848938328,0.4894446127516241,-0.08603407987232761,0.09180776436413281,0.4845294992114753,-0.06221735657662707
0.22983128256428217,0.20023219454544863,0.14970767177159058,0.19026579419838272,0.21063920760775626,0.18913709510213086,0.1619158833497192,0.4895838270316977,-0.0859557884422573,0.09185542974077034,0.48464083034573235,-0.062180814675851535
0.22950049243243592,0.19941796325962888,0.14872463852153464,0.18997751781800196,0.2097656640142436,0.18821226672847918,0.16179329589306213,0.4895217534090615,-0.08607242626124177,0.09174378804157916,0.4846036652239871,-0.06226006367179504
0.22920035075107054,0.19845361950132956,0.14760736873143046,0.18966877864496653,0.20867066841748386,0.18712040370667546,0.1618727213362827,0.48961416302106203,-0.08598771547963259,0.09180763688064873,0.48466062985782005,-0.06222858664147938
0.22892175958235422,0.1978401024020685,0.14696812707774837,0.1893477456620055,0.2079642412022984,0.18646258808781724,0.16196098058220817,0.48964865768322025,-0.08592274069794477,0.09186675682561926,0.4846546810170209,-0.06225821562894906
0.22847685054825417,0.19683378539684993,0.14577240152215143,0.18894102770740934,0.20687962640721433,0.1853250626890304,0.16181503953187518,0.48954844085561705,-0.0860647581062535,0.09172727772255675,0.48457664835695347,-0.06237643445022195
0.2281109336080439,0.19598069369693105,0.14490069390008506,0.18863250830160347,0.20601340939798007,0.18451397154377228,0.16146093308318948,0.4890665823138242,-0.08647038138068064,0.09139673080689008,0.48413278987841657,-0.06270454444375494
0.22804616686676962,0.195546587393494,0.1444336984337804,0.18847309322918432,0.20544861465373784,0.1839853724021697,0.16128629158661784,0.4888346269092795,-0.08664936040537452,0.09118614540911499,0.48373504918121957,-0.06302493307664056
0.22762961674232274,0.19476835812695964,0.14383588116375556,0.18788166515017174,0.20448637099831088,0.1832576237019844,0.16130695019739588,0.48863463135634483,-0.08663765856160527,0.09112121036502495,0.4833480453606601,-0.06331034224756271
0.227627632674371,0.1943446327210855,0.1432499865530654,0.18760889935897018,0.2037376482764104,0.18247606789314288,0.16151425673681025,0.48893601552432114,-0.08635635885818597,0.0912129416980388,0.4832746705081062,-0.06346915653572605
0.22759198447854373,0.1937138473136225,0.14221830398298044,0.18744405824576668,0.20284999050959704,0.18137297319880027,0.161507976012781,0.48918226008486154,-0.08626682908356396,0.09115479223604063,0.48327388424668594,-0.06360253158389538
0.22728983929665506,0.19292798683646442,0.14131024666473072,0.18717892183080215,0.2020182407882761,0.18051349650233003,0.16141455984445585,0.48902791689505676,-0.08641637481217533,0.09106921898612534,0.4831502732279968,-0.06371976541405613
0.22677447784999377,0.19185321827329715,0.14007895512303872,0.1867847548345544,0.2009588166245134,0.17940227322445151,0.1612775418210475,0.4887842611616793,-0.08667254386414018,0.09096823719696177,0.48306116435767726,-0.06382527706979545
0.2263724475897555,0.19111992319449866,0.13931501929052142,0.1863814176437387,0.20016366610621972,0.17865128058584043,0.16133077661318374,0.48878535229797654,-0.08660312629790273,0.09100665047304128,0.4830866973691514,-0.06379540023084515
0.22602530051175979,0.1904437214346073,0.1384917482227156,0.18602429755036645,0.19939430394098914,0.17783917570621413,0.1613212374091932,0.4888789371362997,-0.0865058993205379,0.09098257820491372,0.4831641708773091,-0.063747071985375
0.22546426115500914,0.18943220241676204,0.13726152395338187,0.18555370774759014,0.19836989350004738,0.176703615930145,0.16119267751740662,0.48873251980984483,-0.08670860507727529,0.09087703501981872,0.4831381610614801,-0.06384896107155147
0.2250568356940034,0.188718627890883,0.1364707305185726,0.1851644558791279,0.19760832017040694,0.17594204438790326,0.1612694492469888,0.48877725700767505,-0.0866214557536169,0.09094633912123018,0.4832342502001363,-0.06377227608575076
0.22459853154022896,0.18796335496562414,0.13555766862958643,0.18477513980390092,0.19683229056192444,0.17510324571089558,0.1612433005716448,0.4888138489706366,-0.08658919747199056,0.0909352370915881,0.4833694358237649,-0.06367011527193475
0.22406850853954594,0.18706176419027168,0.13436130327446624,0.1844395626987401,0.1960123536644763,0.17408342323678527,0.160887605636565,0.48848244242810085,-0.0870611061422547,0.09065483494815679,0.4832551476342579,-0.06386233323741851
0.22361149507922576,0.18637855868593858,0.13353142090503867,0.18398806805187357,0.19525783425533125,0.173275045685134,0.16093377844861262,0.4886261204512891,-0.08690462514407721,0.09068840642478833,0.4834288005921025,-0.06373729190871641
0.22289999804113994,0.18553876859712057,0.13275906345503735,0.18327722309683137,0.19439548939937307,0.1725083705814986,0.16090994968010194,0.48846495753590563,-0.08693866778521545,0.09064466894385456,0.48334724283300384,-0.06381402566909895
0.22239763394500753,0.18480642075670117,0.13199025717524313,0.18276510961180184,0.1935975044462877,0.17174441516193267,0.16087500332697632,0.48842418590863873,-0.0868826597397442,0.09059202642718597,0.48332385747508133,-0.06380800780963249
0.22200524272326308,0.18414141023725256,0.1311566714447187,0.18237948771697535,0.19286745253324253,0.17093190168566616,0.16078337747435692,0.4883844676066809,-0.08693088072376748,0.09049455761810685,0.48329181447835107,-0.06387233694813926
0.22164259823993432,0.18355813785704866,0.13038082908717222,0.1819894955351353,0.19219028666342267,0.17014929231568288,0.16080419555165493,0.4884996057408937,-0.08683686143567489,0.09049282037825539,0.4833840490150911,-0.06385227193894953
0.22109804188662227,0.18278761917692332,0.12943414312740725,0.18145283128568018,0.1913592047646479,0.16922356900425786,0.1607763568156553,0.4884986978603138,-0.08684383964784342,0.09045354713330629,0.48342352901370544,-0.06388529323738959
0.2205644853175175,0.1820597293234019,0.128544897887685,0.18092974795454933,0.19057915322021268,0.1683559544590084,0.1607438449872558,0.48848905039942325,-0.08685402812695601,0.09041127668882137,0.483458949154131,-0.06391546514383545
0.22008516350436813,0.18123641570358268,0.1274576062325872,0.18047824395293754,0.18968532999054144,0.16731135117215667,0.16066178767898387,0.48847043560611225,-0.08690249866788606,0.09032987424029898,0.4834734710004282,-0.06395468721438793
0.21962837467954394,0.1804065041101145,0.12639242711850024,0.18002454804151122,0.1887669585802128,0.166267894907207,0.16065651619853646,0.4884754725741436,-0.08689134096922776,0.09031334248692525,0.4834907314953158,-0.06397540716155668
0.2190384954875255,0.17946565280197682,0.12529356605536365,0.1794223180319863,0.1877346130862964,0.16517584274962596,0.16072659192466068,0.488476973631201,-0.08680513892688767,0.09035993066354692,0.4835199112644612,-0.06395540655693752
0.2184181852642854,0.1785415378477694,0.12417404930238378,0.17885679640583108,0.18678041100044737,0.1641168921588252,0.16064673682022892,0.4883427211415482,-0.08691792526639264,0.09028879385962789,0.48348058362886653,-0.06402099894684023
0.21786916002847942,0.17770632635791322,0.12323339758470471,0.17850182406905987,0.18606568870216056,0.1633425877453886,0.1603095083200766,0.48779959108589316,-0.08748724406780424,0.09003004139409973,0.48317293718622684,-0.06430232750518415
0.21692294272756774,0.17639923968025137,0.12157234677417664,0.17777813419273794,0.18485090522053502,0.16187949910545432,0.15999999146861826,0.4873426873714111,-0.08806563907476497,0.08980215674263235,0.4830105797871035,-0.06457848093710233
0.21623068129569334,0.17546532465855763,0.12047141872148845,0.1769894392493721,0.18374519440960968,0.16072041739546505,0.1602947744487258,0.48765580393708785,-0.08757284129532554,0.09002832977424798,0.48328912271660995,-0.06429820699852724
0.21567508466440732,0.1746177918644143,0.119281354170789,0.1764447675505581,0.1828108868347428,0.15955875017207155,0.16025956405079309,0.48767416870435887,-0.08759774131220929,0.0899846322381155,0.4833346582892683,-0.06434365862113624
0.21475694416552626,0.17323613376292837,0.11744968622202694,0.17568666818973175,0.181427842345164,0.15788262651047377,0.1599457208081134,0.487320322478465,-0.08802777567066258,0.0897274650958593,0.48317039383371607,-0.06456878143189752
0.21411599746073282,0.17241552452973685,0.11651811719747275,0.17497284356002676,0.18049498008758155,0.15690312821993724,0.160132633895658,0.48739443141632205,-0.08780569401313366,0.08986080397253804,0.4832409041668,-0.06450831466767928
0.2136078237752012,0.17155849722326497,0.11538457376624914,0.1744186749675369,0.17951047174148727,0.15575027618404944,0.16022645064926566,0.4874417899943531,-0.08769745277519395,0.0899190180421989,0.4832645114075863,-0.06451200437466197
0.21324995357281956,0.1706620463221472,0.11387858509525724,0.17411856554077634,0.1785011909015778,0.15432231758421744,0.16008844307609432,0.48746737957976144,-0.08782012529757925,0.08980173548159463,0.4832936493970572,-0.06457128735651846
0.2127913812054943,0.16978036151976578,0.11255137348391692,0.17370170068433827,0.17753433766248627,0.1530518172521302,0.16000071084457856,0.4874105070495212,-0.08794394049246083,0.08972394613400582,0.48326543980066416,-0.06465994356238718
0.21217243178244505,0.16878931179521164,0.11130026106174146,0.17304101065284952,0.17641066376619455,0.15178556813977612,0.16014867344884778,0.4874602936989351,-0.08773860201343496,0.0898344872852208,0.4833145551195497,-0.06456797773395931
0.21174291209576007,0.1680506890027341,0.1102466168303631,0.1726026367896827,0.1755796831763005,0.15074064491339037,0.16013178382558674,0.48742714829225803,-0.08776627124327094,0.08980374648502056,0.4832783083810362,-0.06463827857340432
0.21099757752686005,0.16701857736848047,0.1087275995528098,0.17190737656806387,0.17446748796689532,0.14928475841025302,0.16000940804773917,0.48737293775868545,-0.08786188517372867,0.08968956113028344,0.4832950731859614,-0.06469639567416174
0.21042991806465497,0.1661076065604817,0.10733593154336163,0.17134894434709663,0.17344473752988693,0.14792234820109865,0.15997477018472636,0.4873896033851801,-0.08787239748397181,0.08964675887522629,0.4833257377464652,-0.06472924352769954
0.20996483960016715,0.16530920614966385,0.10621490614532175,0.1708326151325205,0.1725160994790088,0.1467752674780723,0.16013018026212203,0.48746550428915,-0.08770765945914376,0.0897643802891877,0.4833780855862224,-0.06468382493406123
0.20931380533275018,0.16433696772662723,0.10475892929443884,0.17022981933956838,0.17145975445811495,0.14538061270062763,0.16003339032864472,0.48741163354332645,-0.08777246076273053,0.08967711924407229,0.48338229486689355,-0.06470930177209826
0.20879618606865796,0.16356653532730928,0.10370693037912908,0.1698039531459529,0.1706827628984866,0.1444178415891089,0.1598713133549296,0.4871883305600052,-0.08799446667683172,0.08954947643939033,0.4832616625062191,-0.06480890469222389
0.20828081667595985,0.16280020999848221,0.10275771155981764,0.16952303326827456,0.1700518554383648,0.1436681146185423,0.15945157038453706,0.4865607210596392,-0.08873372777083431,0.08923746030747483,0.482872280868729,-0.06518539643363146
0.20725070229938491,0.16172918401186587,0.10161952223367914,0.16874732378736246,0.16918777887045688,0.1427324450267068,0.15906626191187456,0.4856941334908451,-0.08968940690063926,0.08895967411522851,0.4823699727800648,-0.06576941407450129
0.2068336864526387,0.16117212939014944,0.10089531969037799,0.16821675936782604,0.16850188065495722,0.14192483228329628,0.1593488865615278,0.48584455713403374,-0.08938642823907564,0.0891727950372682,0.48246862509381333,-0.0656784334912911
0.20637665466397528,0.16042276734288966,0.09954489821004431,0.16775566197611322,0.16763229664957208,0.1405918813594832,0.1592205005881867,0.4858459586489054,-0.08953227874657167,0.08903550708146304,0.48244198814909517,-0.06585466431817108
0.2055116089897905,0.15927744314864406,0.09781085585355102,0.1669310244146302,0.16637820043473733,0.13891476022397575,0.15914900962017703,0.48580913127867253,-0.08954362415571192,0.08896686858127216,0.48247317318875055,-0.06584788157313018
0.2048661811331485,0.1583903904148513,0.09647619898275107,0.16631022220439431,0.16542292629999328,0.13761492386331264,0.15913400133311914,0.4856892830559103,-0.08969076306897558,0.0889507967494649,0.4824131582799719,-0.06598982311833557
0.204110119309267,0.15733555491227322,0.09489810453150417,0.165537396878677,0.16423507558836514,0.13604363786652077,0.15925387502550523,0.4857215519346048,-0.08955972116667375,0.08904483390457152,0.48247590504687976,-0.06593121984133238
0.20342205499866492,0.1563264378750839,0.09319147291336546,0.16488364293342625,0.1631040669494206,0.1343893825000265,0.15912013929474453,0.4856824397588222,-0.08966393291598501,0.0889167045547672,0.4824614276913742,-0.06601541106590893
0.2029344720021877,0.15554081448405185,0.09190286120027996,0.16437345188099106,0.16219866400944807,0.13309914721734678,0.15918857282827376,0.48569868706958624,-0.0896355937566643,0.08896320211495032,0.48247005606092663,-0.06605333339620179
0.2021249862625691,0.15438742587365925,0.09006239540064401,0.16359843235154994,0.16092518209121404,0.13131012990899346,0.15922071449244168,0.4856572628445747,-0.08964195549279665,0.08899582160623497,0.4824928758221415,-0.06604956630442758
0.2015586678512669,0.15349188431064562,0.08848644665125784,0.16304236911447811,0.15990299555779172,0.12976362677399983,0.15916702718001238,0.48563571293422175,-0.08972006574760612,0.08893736758881379,0.4824735843111849,-0.06614156685564593
0.20108089392504558,0.15239329141550173,0.08637427786260964,0.1625507320374356,0.15857864535624724,0.1276729610889838,0.1592144255763278,0.4857739523912934,-0.08963330398614114,0.08896807300573294,0.4825455364234576,-0.06611358811649852
0.2003061465982752,0.1511276919858731,0.08416175367650591,0.1618445087652462,0.15717386874911324,0.12554483447577328,0.15904648439669664,0.48560748475788956,-0.0898929608677868,0.0888224939704435,0.4824201639087259,-0.06630097264846921
0.19965204313587495,0.15011393702195164,0.08246711716427782,0.16113550800528717,0.15599071676882012,0.12382353378892168,0.15915768757143728,0.4856033195025098,-0.08981525733505799,0.08889266952904631,0.4823915942869133,-0.06634907284834603
0.19908398271480401,0.14919910732309608,0.08081504378172269,0.16048064939241632,0.15488097563572728,0.12211773429419023,0.1592415536232358,0.4856591424672699,-0.08971753594355876,0.08892214974083697,0.48237647984000687,-0.06642471908036962
0.19880506035604062,0.14852075328875333,0.07933583778032334,0.160150606178229,0.15402719427607844,0.12061447020145247,0.15912155870916764,0.48567410340916645,-0.08985923706678738,0.08877430406105234,0.4822857526212474,-0.06666586309632651
0.19827467122155282,0.14766093522146598,0.07768607909582302,0.15949882035306395,0.15294628633685345,0.11887966679708924,0.15922132861134536,0.48579051133885215,-0.08969779509324355,0.08880371285401298,0.4822966733035196,-0.06673473256757026
0.19786977737210953,0.14695710406380685,0.07640317353163283,0.15900750002173838,0.15207912532759468,0.1175359039540867,0.15930859755347296,0.4858255893474474,-0.08959477900230832,0.08884040414456587,0.4822602898331833,-0.06679846108074747
0.19693126573022127,0.145817775439061,0.07445686854764091,0.15814976150520724,0.15087493440049923,0.11567377391393557,0.15912932768348734,0.4855306763957422,-0.08998246238143377,0.08868687424091244,0.4820767116461865,-0.0670896549034961
0.1966030980121584,0.14505601790721362,0.07282396696479045,0.1577615182179242,0.14991156109903772,0.11400853439108002,0.15923460242916107,0.4856730851273879,-0.08983439958635107,0.08875547803270722,0.4821339281487301,-0.0670678200032862
0.19595030775906053,0.1441501717668291,0.07107228193131314,0.15706689865584877,0.1488299576218343,0.11223772029353257,0.15928736916842098,0.48574278008174304,-0.08968982190975856,0.08877587165952702,0.48218045885005617,-0.06702733439805894
0.19530436534150225,0.14327975595002015,0.06934118478922917,0.15644798483373265,0.14784726644715687,0.11054473750479113,0.1592420375768019,0.48567571136157767,-0.08984001192348778,0.08873347962884537,0.4821478649065254,-0.06716299031103484
0.19478591630170833,0.14250234515246557,0.06769614254367799,0.15592436099228416,0.14691922416669825,0.10891123581539484,0.1592684897697187,0.4857468840083803,-0.08977078767035103,0.08874833324100502,0.4822078778677644,-0.06713160233993706
0.19402527131094677,0.14165390874101264,0.06607221841317397,0.15516611614292855,0.1459544240525097,0.10730187815435528,0.1592183820859231,0.48570597827648415,-0.08978280737595709,0.08868772724651013,0.48220139209292906,-0.067170988401623
0.19353282018829132,0.14093283641789794,0.06453665988379634,0.15465511884973107,0.14509361770585247,0.10576317383287584,0.15924146447504373,0.48573412654549086,-0.08976923242945828,0.08869343864031552,0.48221392283989495,-0.06721410063165983
0.1930218199018839,0.14018426854803387,0.06299129429193048,0.15414325074883356,0.1442196190877595,0.10422945648816741,0.15924447855284501,0.48570609370989165,-0.08980888470372338,0.08868781539920143,0.48218718043676634,-0.06728058499597972
0.19236365887282392,0.13947274219470557,0.06174832883262888,0.15345071349793069,0.1434254937567834,0.10296206018553107,0.1592450763041482,0.4855607553140951,-0.08991043885526234,0.08866127806868254,0.4820695832000665,-0.0674629691170551
0.19203836587015233,0.13892589182642984,0.060489411484307455,0.15301456303784033,0.14270653777591502,0.10161437644963729,0.15929848305317534,0.48563151919608694,-0.08983504818955225,0.08865495093124054,0.48204310951666635,-0.06759174719729324
0.191729967740225,0.13842849982992214,0.059351271923865016,0.15260455346038015,0.14205741270054625,0.10039327679080663,0.1592097096670138,0.48561407244044347,-0.08990939315187049,0.0885137503292211,0.48192309272804146,-0.06785020559216602
0.1913784750252344,0.13792508357995262,0.05830331722851293,0.15207989786635479,0.1413753630692846,0.0991950109990479,0.15934448525671677,0.485689985901198,-0.08970861258087731,0.08855816546019799,0.4818838807636915,-0.06796096334999169
0.19109657760815835,0.13742440724833033,0.0572696132990866,0.15173037295776234,0.14076934102209857,0.09810497253789298,0.1592244671258064,0.485530059066185,-0.0899742622909086,0.08840355061347804,0.481656622324788,-0.06835149591177386
0.1906884552692637,0.136848770300892,0.05592879446446752,0.15124494338188224,0.14004749187253596,0.09670122099254189,0.15920459096179687,0.48553288305568826,-0.09002424919534865,0.08834112297721027,0.48159758760402277,-0.06855259093083649
0.19057383276254816,0.13642762824073845,0.054608266924977986,0.15101252943216814,0.1394056554016037,0.09528317132217279,0.15922578618897,0.48576261045117297,-0.08980954822589197,0.08830497530891868,0.4816719536100402,-0.06855737505591915
0.19024126533503408,0.1359292226952864,0.053515717897356936,0.15063933680363314,0.13880579119107664,0.09415837805848526,0.15919827737561,0.4857000932379589,-0.08990954546745926,0.08825375069087207,0.4815790403339188,-0.0687425709514109
0.18971238959292422,0.1352343030471361,0.052103470471370386,0.15014424085078967,0.13803661955778973,0.09278420106933975,0.15910110166518174,0.48552570512010185,-0.09013934248610535,0.08816564264204259,0.48144288432327925,-0.06893460289232571
0.18922688928651718,0.1347247152148066,0.05130432679072176,0.14960660813468088,0.13745941284351312,0.09193889292620697,0.15921416236926905,0.48544675179828883,-0.09000181048087715,0.08824520536987908,0.4813870243672971,-0.06890499770436466
0.1885630690766764,0.13403061463156768,0.049553114882579935,0.14902318616173074,0.1366888487411061,0.09027098154061348,0.15898153974715712,0.4853448743381456,-0.09036600176071745,0.08804370518503962,0.4813445026712488,-0.06915349582938622
0.18821192503968073,0.13361678384762882,0.04843200030029938,0.1485872917920542,0.13612683057431077,0.0890768194057043,0.15913854445450704,0.48553783918161214,-0.09006148152054243,0.08815344577726948,0.4814910066165482,-0.06901656133310505
0.18777544905943305,0.1331865152006261,0.047564868494376356,0.14811806838783903,0.1356297795001076,0.08818180871051386,0.15921085723997952,0.48551470023712956,-0.0899962062177898,0.08820296378915206,0.4814890204299758,-0.06902425534314213
0.18705991760782828,0.13252011010115514,0.04592540441228696,0.14753755778376884,0.13492640784254276,0.08667593839415633,0.15896320511975248,0.48538574991503886,-0.09034840135755133,0.0880119009392923,0.48146994217018,-0.06916518539491844
0.18684117348386417,0.1322498704815647,0.045657018294008686,0.14746156296389018,0.1347537715608085,0.08653965482066434,0.1587677221111067,0.48501096574712627,-0.09089196979436011,0.08788381377866628,0.4812158515787838,-0.06946258805596531
0.18615491862465997,0.13160091768906715,0.04454507476168804,0.1472928540517304,0.1344042354426788,0.08590078248615893,0.15774249422235728,0.48397235038001296,-0.09293671572639219,0.08711459481185116,0.4805279893691784,-0.07062111679181518
0.18521393916946888,0.13081745035903686,0.04306438721610118,0.14647309581605852,0.13363267648228566,0.08453286648447592,0.15760452914390996,0.4836695175027296,-0.0933440961834232,0.08702598823931522,0.4803966274134326,-0.07084726289595233
0.1852473847351823,0.1307618516437221,0.04303705308393888,0.1460895208041202,0.13333088106844895,0.08412811044270536,0.1584013188054099,0.48416265522791424,-0.092097309396654,0.08760725753069767,0.4806740606466359,-0.07032162686309855
0.18430899896935443,0.12990334538613826,0.04114377595861209,0.14525210796379923,0.1324227938187238,0.08233388228605258,0.15803796357357502,0.4838522038181108,-0.0926627017128069,0.08728555421149199,0.4804622933131102,-0.07073657962177711
0.1834694731817283,0.12918176890004832,0.039279126499986126,0.1445099405254413,0.1316307122470704,0.0805655735059578,0.15784420022701753,0.48376021668390534,-0.0929767047744112,0.08713135610592258,0.4804649719252942,-0.07090897285631413
0.18314423180440326,0.1288055685486783,0.038059539636344154,0.14410842480268352,0.13110229753969885,0.07928264022759539,0.1580128515092395,0.4839727987520935,-0.09270279235184313,0.08725617292926323,0.48063095935639427,-0.07078306836850544
0.18245319497228102,0.128132541508151,0.03640046390427399,0.14344911079322334,0.1303334900592701,0.07765880194058412,0.15799696656157092,0.48391758617743497,-0.0928010455083234,0.08724751903816487,0.48063169542645356,-0.0708495455407164
0.18188166127287392,0.12757693261977937,0.03503421908585639,0.14288893087151464,0.12969160426235896,0.07630779846033164,0.1579909101550082,0.48387199504839373,-0.0928610335739228,0.08724018936046647,0.48062303000150997,-0.07090814112442184
0.18137970356221772,0.12706832144246988,0.03347990739701651,0.14236451062690306,0.1290400462578525,0.07473933342504926,0.15804601932572424,0.48399671599687133,-0.09274130909872137,0.08727753161086954,0.48073908163774903,-0.07084704686732497
0.1808336628748514,0.12648159209785684,0.03174921803542713,0.14186480329720752,0.12833112563335236,0.07305805998977241,0.1579414502894468,0.4840082003594937,-0.09284936197562035,0.08719072862556008,0.4807659491490939,-0.07089547974831677
0.17997492515821287,0.12575195710097478,0.030138507594396922,0.1410944119299463,0.12755982358532425,0.07153235405219156,0.1578085335925755,0.4837830261377324,-0.09313573887359015,0.08709351470691352,0.48065495246152395,-0.0710506531187395
0.17958788559371933,0.12531734297662148,0.02898118887188419,0.1407630416841777,0.12707230986287277,0.07042952781710632,0.15770446869816754,0.4836744368852352,-0.0933930096474247,0.08701417966723023,0.4805796738871046,-0.07122422004513983
0.17892543887656567,0.12478374807566531,0.027262814819051674,0.14014250648413107,0.12644166633220447,0.06875436428142541,0.15755453902712374,0.4836622558553814,-0.093665413673406,0.08687970852317278,0.48060277819085867,-0.07144250469684509
0.17855137842590188,0.12447328938205748,0.026396985011650564,0.13957655480041234,0.1259621478767692,0.06771477341367946,0.1578724025154857,0.4838921786241422,-0.09303742026663295,0.08709391367738305,0.48076121932269944,-0.07115700972730091
0.17802245655061427,0.1240650849952113,0.025275648671910584,0.13909331617059859,0.1255182948384284,0.06663774998597265,0.15767634768498107,0.48375602997592854,-0.09339446174263762,0.08691711213746146,0.48067015780935474,-0.07144548155164415
0.17719874359340124,0.12342202277841784,0.02360745887154014,0.1383342706341829,0.12480742211048494,0.0650326519909816,0.15767982196961497,0.4836692630965576,-0.09350390989641384,0.08694442152333354,0.4806865001805055,-0.07146403687470025
0.1769352417673961,0.12314418079607867,0.02263424361024903,0.1380346353266586,0.12442867298667318,0.06402876152078014,0.15767963704920587,0.48373274154679485,-0.09346591442391877,0.08692339112780315,0.4807185792011769,-0.0714973404559374
0.17659127981055536,0.12278386826571518,0.02136345337276299,0.13764394959185328,0.12392913166974723,0.06271810311448957,0.15766468466603673,0.48383044068975933,-0.09335921958241031,0.08688167429114735,0.4807698634562076,-0.07148347815524514
0.17606839066349098,0.12230499323888898,0.019924219795567532,0.13715974212267168,0.1233647215460756,0.061317543645339194,0.15756546948501468,0.4837709610890429,-0.09354000869477813,0.08679765105947823,0.48073813865207277,-0.07161131477383201
0.17569565922497857,0.12194298311237696,0.018838067321251765,0.136763318349354,0.12292372562883884,0.0602110560065124,0.15763947678741655,0.4837550607739892,-0.09359026490360921,0.08685537835405399,0.48073303972045855,-0.07171268387986521
0.17524555128985786,0.12152283230358518,0.0175665664086995,0.13625338184199332,0.12236891008863808,0.05888615121809448,0.15772503202471705,0.483824886755824,-0.0933585790600422,0.08690575524859773,0.48078335647433995,-0.07159786022594462
0.17496149034971772,0.12124446385714975,0.016678576131969946,0.13597532275290117,0.12202905727974195,0.05800503695266305,0.15767135132742674,0.4837932455560101,-0.0934738960788556,0.08685288991167113,0.4807533232966,-0.0717102992004832
0.17472812721454367,0.12097825811839545,0.015407119111090026,0.13575078940445387,0.12164486993420473,0.056743978941213746,0.15767231554920758,0.4839247747899903,-0.09346464250452408,0.08685607608155053,0.4808582641326865,-0.07169754591883946
0.17429996819839386,0.12064794195005504,0.01485307054415795,0.13529716664925628,0.12129305175057976,0.05616624664275858,0.15780157650908777,0.4838112279064896,-0.09337985401156984,0.08696739033233056,0.4808010611564154,-0.07166334603870118
0.1734644869855812,0.1201540645086842,0.01341069378579585,0.13458024735833493,0.12078370105169443,0.05483571860322624,0.15749178758858634,0.4836266955770777,-0.09385838139940127,0.08671258752427723,0.4807233157039291,-0.07194890908053592
0.17313714071141076,0.1198917986520986,0.01261795354506384,0.134199926214195,0.12043712625715046,0.05399438596366544,0.1575333301914582,0.4836558021407008,-0.09371363167821926,0.08672411094873156,0.48073986538200525,-0.07190304854119196
0.172962747934471,0.11970443656802211,0.012051427423596798,0.13399620323266925,0.12020099994535025,0.05340085345957591,0.15749481732484277,0.4836126919302682,-0.09380536241416809,0.08666962027612035,0.4806794284827307,-0.07204904879537213
0.17272985059278018,0.11943065383447703,0.011023524216090472,0.13373035241613973,0.11983337949007852,0.05234289217721331,0.15750936188077677,0.4836294684279536,-0.0938654424342152,0.0866654211725202,0.4806694181489217,-0.07217387907439582
0.17268409484205613,0.11932013844328378,0.010550134113606951,0.13355009680153873,0.11962062710571081,0.0517430111510106,0.1575898593550768,0.48371096850148465,-0.09368816104442858,0.08667745929990664,0.48066780565663775,-0.07223308164495607
0.17259045275914892,0.11914151060437951,0.00972871017631298,0.13332851883328725,0.11930553846764053,0.05080043833512647,0.15765604343941975,0.4838257108625613,-0.09350177298256716,0.08667869898769118,0.4806891807519451,-0.07227611616897724
0.17235352655646444,0.11886335405317942,0.008829186773075818,0.13308381583592319,0.11896337041539022,0.049893685203501376,0.15746122454723802,0.48371501853099935,-0.09381396897305748,0.08647966305744612,0.4805485592391,-0.07260686597085418
0.17219175441631981,0.1186027977089596,0.008259522670502463,0.13282480762349985,0.11862548341742876,0.04923092977667883,0.15757801458162604,0.4836584661795196,-0.09369601998633947,0.08654606957135014,0.48045720273903014,-0.0726635580723326
0.17214604924452095,0.11843918350228108,0.007353181398866475,0.13267782060798922,0.11832247865788571,0.048226871261220196,0.15775250353531123,0.48383070168396874,-0.09342379730010548,0.08666900509198679,0.48055383855682854,-0.07257797827502747
0.1718856652910559,0.11817068943568347,0.0063059551747451014,0.13248710635661268,0.11799631086645973,0.04724659953574566,0.15762243419989586,0.4837953387030466,-0.09364058673568107,0.08657189891127433,0.4805310110695035,-0.0726807357337378
0.17136267872776065,0.11777909619246918,0.004820407132506233,0.13208142508016807,0.11754292538275035,0.04587330654183245,0.15739526845291918,0.4837273868858498,-0.09397683544896432,0.08640000560002578,0.480512029741667,-0.072823020554096
0.17107818998452765,0.11751844847894347,0.004049485128376595,0.13175048249212534,0.11721362467998478,0.04505743216957533,0.1575020530737132,0.48371404937878665,-0.09388215195115125,0.08648053504316253,0.4805022720487912,-0.07281610778664034
0.1707927146238858,0.11726580360536161,0.002943954241112884,0.13144248809587913,0.11686628334861002,0.043929479374373456,0.15749216094438134,0.4837513520374581,-0.09393521387638742,0.0864572377247954,0.4805218591199442,-0.07291713089040405
0.17053006949370628,0.11702324716940285,0.001722253122725533,0.131154458971694,0.11650857715926145,0.04268210694924188,0.15744417975169944,0.48382423848158934,-0.09398525658760044,0.08639497387894779,0.4805573244566973,-0.07302130249187362
0.17005679205643676,0.11668215074170217,0.0007951162753754488,0.13062226494630003,0.11610134430873097,0.041697364993232434,0.1574468524621483,0.4837339434914653,-0.0940105060025676,0.08636478788834598,0.480480445076229,-0.07315613960820605
0.16969057482120103,0.11635646729797963,-0.00015478048440965608,0.13015012919977215,0.11568351095576213,0.04064366929631635,0.15759093064311788,0.48369615322276116,-0.09390598798778751,0.0864529076673217,0.48043293178700647,-0.07324484506976978
0.16915950844087482,0.11601930509333272,-0.0014553177415394317,0.1295982123989543,0.1152513234130119,0.03932123525540162,0.15754626481881673,0.4836984299160176,-0.09392871334856795,0.08639422316429378,0.48044845304109646,-0.07331380678977081
0.16886695233911012,0.1157676216675103,-0.00263760976358661,0.12932406658028828,0.11490715784968307,0.03815495086421784,0.15753564392152308,0.4837440175148025,-0.09395633019744469,0.08639040442228882,0.4804924641441945,-0.0733182088925121
0.16842048731700046,0.11542879805171577,-0.003781576713704332,0.12896133245099156,0.11453077537206542,0.03709117542286316,0.15749923157743642,0.48365001981850464,-0.09415852712994174,0.08639193883460615,0.4804626352363161,-0.07338009475324199
0.16778461325949737,0.11504079316565378,-0.004831165965082143,0.12847233994426038,0.11415272858485621,0.03618309646615714,0.15735151447918458,0.48345544983127586,-0.09447449453272741,0.08631329912024803,0.4803859759566086,-0.073443563919164
0.16698626771074945,0.11460216995503066,-0.006359144163766544,0.12788000590882534,0.11370784427784605,0.03485145743524711,0.1571365046236136,0.48329755267108315,-0.09490761723860641,0.08619741983823746,0.4803674363647916,-0.07352513791633765
0.16635678947046895,0.11426313847163624,-0.007450459726751077,0.12733630144480784,0.11335072679984921,0.03384097078698326,0.1571108345742655,0.4831965358685992,-0.09506778538832733,0.08621118911497852,0.48036555496986366,-0.07354162514965888
0.1658100476456741,0.11398137319348046,-0.008656301570783505,0.12679158366524662,0.11299315374747948,0.03263529691637554,0.15709824530662586,0.4832083247871678,-0.09508371544932687,0.08619625456899206,0.4804119874308523,-0.07356075188590018
0.16542947087011833,0.11377428403160861,-0.009785798684973038,0.12633341462689773,0.11266797010342895,0.031429340164840044,0.1571195090621586,0.4833055967573035,-0.09494264575477518,0.0861756860478534,0.480480995605699,-0.07356168791440425
0.16521056893419983,0.1135716422580627,-0.010863304825184245,0.12605866518707345,0.1123527034883042,0.03029560473206051,0.1571478149325482,0.4833662178440045,-0.09489365064154219,0.0861742620545418,0.4805015841364953,-0.07361693991556166
0.16482414529649733,0.1132972743384737,-0.012226310246800572,0.12564999104989885,0.111969911525023,0.028908066638176123,0.15716144484613287,0.483395822391077,-0.09494561213008232,0.0861742630252293,0.48052422294894803,-0.07371535806913507
0.16442646836695604,0.11302353043579393,-0.013339721198883587,0.12520940353572524,0.11160467681939241,0.02775069003206408,0.15717449151120433,0.48338076415616577,-0.09493055043582828,0.08616327847500678,0.4805069305082366,-0.07378111883556486
0.16423521855478534,0.11279190131054566,-0.0145071496129776,0.12498968812980919,0.11125662260784032,0.02655188685474065,0.1571252433238262,0.4833985556925532,-0.09497012950363984,0.08609889381130162,0.480476731543821,-0.0738781790890621
0.16385458182212204,0.11252819455128446,-0.01572226514931812,0.12458882877967786,0.11090465834332003,0.02531403564499497,0.15715593633245897,0.4833908952195312,-0.09503254540700565,0.08611707311142314,0.48047524318344464,-0.07398192453279262
0.16361137017748453,0.11233098856809329,-0.01690503070817349,0.12431286767750074,0.11059174531452357,0.024095163789582322,0.15717641474252583,0.48346041651091853,-0.09497982956334938,0.0861196399219449,0.4805132850550631,-0.07399414582415254
0.16337031150504566,0.11210004971967522,-0.018048495381618415,0.12405817421693231,0.11025908876044457,0.02293418314574533,0.15715387202667305,0.4834641023412996,-0.09501752456576319,0.08608905105807799,0.48049162987565325,-0.07406268307590853
0.16296688828065733,0.11183647426504763,-0.019301266353327406,0.12366147588864274,0.10990813458512344,0.021683844082812914,0.15711538729775643,0.4834447401589472,-0.09511150186589276,0.08605194851482587,0.48047986395484793,-0.074150897600713
0.16246439726390366,0.11154315500316409,-0.02056368455369091,0.12315220628769685,0.1095280618556995,0.020410749608935574,0.15714081020601858,0.4834193368347246,-0.09508817690427307,0.08607118455254599,0.4804814764247632,-0.07414475217455722
0.16209676011355703,0.11133066479531158,-0.021764326598809277,0.12280252370509559,0.10923180171832751,0.019223122377068018,0.15710014818342097,0.4834323110428238,-0.09517777143015885,0.08603786685504826,0.48050135001548466,-0.07420847498068646
0.16172666006927505,0.11110463450876217,-0.022809636426295916,0.12241737213626987,0.10893213054969214,0.018159538857544517,0.15711220715320542,0.48340938917598386,-0.095211374177264,0.08604046097559608,0.4804899406296782,-0.07427257122262097
0.16135960444287348,0.11090260336680256,-0.023795853407187154,0.12198884183106076,0.10864622648967849,0.01710970892170394,0.1572241779011172,0.48342848634410174,-0.09508049349322548,0.08611927409079942,0.48051763437166783,-0.07425336338265913
0.16104306777820387,0.11070654047442616,-0.024885273654800578,0.12168109409991804,0.10837486861904455,0.01602452406162528,0.15712965417660874,0.4834092365620976,-0.09525231619502969,0.08602810300757653,0.4804928956726665,-0.07441451086681554
0.16075173940668316,0.11052048850377184,-0.025963193265283253,0.12135634485801225,0.10809437224880264,0.014908925140324878,0.15710422832353416,0.48342471090597006,-0.0952688332262917,0.08598470075493876,0.4804892399582295,-0.07449515848018093
0.1605996226675191,0.11037705462268303,-0.026795528112972134,0.12111686498314288,0.10785850187394982,0.013986599741993998,0.15721194113643455,0.48345848177636647,-0.09515419603233305,0.08604761287667878,0.48049176449785147,-0.07453898985704795
0.16013490572276728,0.11012481107360315,-0.02806096017332318,0.12064635516256318,0.1075242609021966,0.012710411255049547,0.15714876811927148,0.48341567945521136,-0.09528555178987767,0.08597974171916481,0.48046192310085656,-0.0746847081570927
0.1598106320044122,0.10991866000257335,-0.029085838497022693,0.12027117647293856,0.10723230060579533,0.011630597301756267,0.15719446898809364,0.4834023990487447,-0.09524615524398293,0.08599850294149751,0.48044515997825155,-0.07473910988161268
0.15952307432390497,0.10974684730948712,-0.030083139588349822,0.11997086516945452,0.10698312561268926,0.010615727816964793,0.15715244621703592,0.48339584387720097,-0.09531306093748354,0.08594909116965807,0.48043091201724036,-0.07483279817585697
0.1590359610698151,0.1094759644693325,-0.03092644901338101,0.1196066410058487,0.10673376138186336,0.009892936775855154,0.15692961929195282,0.48317204940728564,-0.09589516901967031,0.08578642511654352,0.48028187493841135,-0.07519631475712944
0.15857069847872704,0.10924939892333459,-0.031870486977814985,0.11938354962506578,0.10656885982890571,0.009185514892488431,0.15651029092719104,0.4829227571880171,-0.09697126421442315,0.08548910444634832,0.4801235458571562,-0.07584532659023788
0.15803323236374095,0.1089965454312196,-0.03263345211571995,0.1189700618715925,0.10636681976827435,0.00854380457689032,0.15642155997721527,0.4827007215833474,-0.09756977778535271,0.0854620157631359,0.48001637385798923,-0.0762229486076527
0.15757960300888624,0.10879785140632033,-0.03383595010599075,0.11858674643091865,0.10610793028169241,0.00740401442992335,0.15631099703704035,0.48267273683588213,-0.09778980719698227,0.08538640116530308,0.48001921963223393,-0.07632331468881698
0.15731448800959227,0.10861965573572285,-0.035055078759981,0.1182389320114772,0.10579482161571957,0.006097496497501503,0.1565131259670559,0.48275750889089203,-0.09745988473045508,0.08554445140252635,0.48008058880852866,-0.07614249551064305
0.15693775019746906,0.10843244324735866,-0.036120150078952105,0.11780275591000963,0.10552244132680386,0.004969962182186997,0.1565959793578092,0.4827577997450229,-0.0973944989411349,0.08559537660286941,0.4800876399693568,-0.0761828415582221
0.15615629384389496,0.10812514114143715,-0.037973126693748915,0.1171067381278088,0.10511427495481422,0.0031909364909351082,0.1563754070743822,0.48270559993621054,-0.09766874656140795,0.085416949237588,0.48007737794041677,-0.07631132480017579
0.15581031684121907,0.10791058594516455,-0.03900690421779331,0.1167411172417626,0.10483129831621721,0.00213345121390136,0.15645595105165802,0.48264942505890635,-0.09769694399496695,0.08548618850848488,0.48004026480683687,-0.07637477616270684
0.15525262802992645,0.10768853970384032,-0.0403020328637756,0.11614456729017554,0.10452086714278096,0.0007946659137660319,0.1565627029339142,0.4826411556495717,-0.09759910654204895,0.08557121931431984,0.48006974383947926,-0.0763447693725627
0.15467142006041512,0.1075048278068931,-0.041779040947653355,0.11559699507845009,0.10424452690165213,-0.0006575992775684227,0.15646616307312758,0.48265993424530607,-0.09772151285939538,0.08549081072165594,0.4801132699604963,-0.07641039807561764
0.15434671365186511,0.10742716531823157,-0.04290715462724498,0.11525658686234161,0.10407283425204668,-0.0018082049403304907,0.1564781279388364,0.48275201403312523,-0.09768717072047171,0.08549393013558258,0.4801998130339525,-0.07640620067653857
0.15384304894379974,0.107263896431261,-0.04410815834767344,0.11472389273531608,0.10382391208978971,-0.0030439240317043426,0.15654628305062743,0.4827722448081909,-0.09759000552490392,0.08554594315531547,0.48024874012481394,-0.07635952242664228
0.15339879959737848,0.10716094074742596,-0.04518694144798097,0.11428409160152345,0.10364808915541601,-0.004124638702255254,0.15642710906006096,0.4828057640556545,-0.09768390532612067,0.0854284256228731,0.4802898417825054,-0.07644698372660708
0.15279261682621972,0.10695294549850877,-0.04658995286681663,0.11369899572930336,0.10335282182063571,-0.005515129510837638,0.1563554431830513,0.48277751497978094,-0.09774984336183394,0.08536667666723571,0.4802931392614029,-0.07647608817908877
0.15237407270170678,0.10680279219320642,-0.04777087036053303,0.1132915617125402,0.10312269112138932,-0.006692562148375479,0.1563181097146524,0.4827730990510128,-0.09781992715666231,0.08533447018034547,0.4803012259850442,-0.07652761596854216
0.15213087704434688,0.10669224816460411,-0.04897176970712574,0.11301704371508961,0.10290208359053644,-0.007933301052914345,0.1564004371439025,0.4828282562961149,-0.09773250592329642,0.08540015302263353,0.4803386923724754,-0.07649782956853156
0.15159751737078941,0.10655426314175748,-0.050497399435821044,0.11253487078197605,0.10266381107143434,-0.009419580130798117,0.15625013131802115,0.48285698378341363,-0.09791839451226823,0.08527578477203285,0.48037590423392734,-0.07659619644636734
0.15145206319004256,0.10649362378042145,-0.05161461041582399,0.1123598443639484,0.1024950991545881,-0.010575318965318907,0.15632520408559175,0.4829396165876459,-0.09786179573655422,0.0853352939525118,0.48042796116594805,-0.0765950611479458
0.15106632728349983,0.10636100042325751,-0.052856191465466135,0.11193006089259247,0.10226460805393446,-0.011868566049657858,0.15645368760123662,0.48296367437754395,-0.09775092915467722,0.08544046538758915,0.48046484106424747,-0.076560651746632
0.15037560361951297,0.10612433014573697,-0.05394712838827684,0.1112500034523782,0.10199694840795354,-0.012952429386549263,0.15638482812284737,0.4828231207811881,-0.09794764551650917,0.0853765498509397,0.48039466368736156,-0.07673263274900906
0.15008054829572834,0.10599482352999445,-0.055114410651563216,0.11091045681789087,0.10176578496474911,-0.014172593628846243,0.15644047930019375,0.4828300217331358,-0.09788028285957943,0.08540898087205114,0.4803904291372071,-0.07674442771385402
0.15000621007103404,0.10598934762055438,-0.0560958188969118,0.11076894214501443,0.10165204190619431,-0.015229722930548,0.15647447531548192,0.48293992100908656,-0.09781586107904457,0.0854083392786839,0.48044986579479215,-0.07680268217742417
0.14950369339071687,0.10582995619696481,-0.05735247925083614,0.11025507452109516,0.1014147333175597,-0.016505631900734827,0.15641668556635763,0.4828971876158573,-0.09793139843513285,0.08534444583513504,0.48042626080524004,-0.07693661303478574
0.14940024201380409,0.1058003152556542,-0.05848355542106761,0.11009808964027958,0.10126909984660966,-0.017700935098003193,0.15641754452184525,0.4829856469284171,-0.09793121934826593,0.08531780484312573,0.4804622776885498,-0.07703601944445947
0.14903171777190752,0.10569351892092561,-0.05959304310880374,0.109684610640449,0.1010847166347898,-0.018862497856340418,0.15643571253859528,0.48298090688592366,-0.09797979729483292,0.0853128014200956,0.4804648424040603,-0.07716272047613597
0.1485010682649704,0.10553348367282382,-0.060904607564477686,0.1091065243184225,0.10083975884185498,-0.020229651275075502,0.15646338022303646,0.4829393438125449,-0.09799306228254845,0.0853160778290565,0.4804503009216074,-0.07725624041252538
0.14840742182898456,0.10551442436644538,-0.0617861645664278,0.10894007236182611,0.10072491129178059,-0.021193035773060212,0.15648081416126214,0.4830099492127266,-0.09792595164624546,0.08529646375602651,0.4804784072312188,-0.07732184267975725
0.1479201823365483,0.10539263131994846,-0.06313640436976367,0.10843245787302913,0.1005129330538095,-0.022573843106762095,0.1564906827124625,0.4830006532914144,-0.09796259306445294,0.08529590675234122,0.4804890378343041,-0.07739209434647909
0.1476207692375121,0.10530543766412229,-0.06410660234888571,0.10809670665826658,0.10036005254217208,-0.02358741111907949,0.15656464431405923,0.4829917818718237,-0.09797646580493731,0.0853514436208785,0.48049384140204726,-0.07746817250284496
0.14727025045369974,0.1050895573998664,-0.0645342486787873,0.10783191142568713,0.1002016325262644,-0.023924658434219606,0.15650316761913033,0.48275094017986886,-0.09860429931285083,0.08533351103898905,0.4803315735946697,-0.07793605310487273
0.14670446352083183,0.10508084332559962,-0.06655802399900662,0.10749240762948215,0.10008348074765741,-0.025743146138986327,0.15594888213550911,0.4828444808383472,-0.09947169973583175,0.08489524385022504,0.48039598555042656,-0.07841142644768397
0.14671212852796522,0.10508324340524439,-0.06724960857682995,0.10722074487693238,0.09992524265211193,-0.026725062185195343,0.15653886975003561,0.4829938653485453,-0.0982517396693312,0.08534240451793994,0.48051263989486803,-0.07768339961901502
0.14601580576363118,0.1048795908849645,-0.0683647325994996,0.10660813920959615,0.0997192118918706,-0.02775907387927011,0.1564098663571065,0.48282529392106643,-0.09874802099658604,0.08525632823508798,0.4804290126777979,-0.07802167055459927
0.14514000254768433,0.10476568121108465,-0.07060118712632796,0.10590426477920847,0.09949177177258685,-0.0298439058665574,0.1560778806617758,0.4828258447230184,-0.09932418732801157,0.08501311543641257,0.48046230236359044,-0.07829177033182158
0.1455192107904887,0.10485810133987672,-0.07056489745923716,0.10601824642483541,0.09948214184657553,-0.03007803430092493,0.15647307708773872,0.48298191984454025,-0.09843111079167742,0.08527238832476175,0.48054315668420605,-0.07787231443469408
0.14473402223198734,0.10479359730897676,-0.0725583830598222,0.10533334193599989,0.09930488153168847,-0.031989015231130784,0.15624656413574284,0.48301788181292954,-0.09878789207699566,0.0850975440058246,0.480606976898319,-0.07804773234357938
0.14413830225209887,0.10467864314216041,-0.0738216227502589,0.10486177185309459,0.09916863505983246,-0.0331349273150322,0.15599031778074776,0.4829315423711916,-0.09948110648699472,0.08490550309857774,0.4805666190740045,-0.07851670778055923
0.14398676216296796,0.10461444280141967,-0.07397700045450283,0.10451516918157043,0.09907142669553787,-0.03348401915340632,0.1563426091100884,0.4829005848229945,-0.09889813513065362,0.08515834744308456,0.4805707262365411,-0.07826994074498127
0.14325807243690408,0.10459468615695568,-0.07573045849297547,0.10386161184904832,0.09894740773777698,-0.03517875872223917,0.1561393372879814,0.4829595851674235,-0.09914437242315222,0.08499427101339384,0.4806540632785387,-0.0783786827566172
0.14282386512156195,0.10452666285053158,-0.07657188984310913,0.10348570177643149,0.0988630755493121,-0.03596590631600532,0.15603374160185876,0.4829099750900835,-0.09950011120665515,0.0849191810154443,0.48064521873359267,-0.07862572726438405
0.1424036301009317,0.10447878358501708,-0.07769982652649644,0.10294070489454282,0.09870387046436327,-0.03723081211677818,0.1563595634899037,0.48293686485725734,-0.09888585484403693,0.08518231671378493,0.48070715434293804,-0.07822241645357907
0.141933677422879,0.10441228439517306,-0.07883179957768485,0.10253642713197902,0.09858525948866156,-0.038306305565332564,0.15625471674872948,0.4829035290785186,-0.09916454861892367,0.08511187755906768,0.48070129264665457,-0.07838002696326576
0.14146064764295965,0.10440729461103501,-0.0804695218691772,0.10216920717516709,0.09847097570392004,-0.03985725723779927,0.15606150492998838,0.48295563791916923,-0.09949849709238744,0.08497384034265093,0.48074199527563916,-0.07852724335095893
0.14131570202408192,0.10439581810641686,-0.08149633329098467,0.10193081002042123,0.0983390834394566,-0.040992512956056375,0.15627048926878462,0.4830009532133267,-0.09906451936806399,0.08513540973991313,0.4807674680256039,-0.07825678623685106
0.1409276071089583,0.10429862716993403,-0.08279286505929567,0.10160970623749359,0.09816556335496938,-0.042235480848854125,0.15617912587177601,0.482937169633256,-0.09935729953721428,0.08507932188704036,0.48070832842854644,-0.07842885253465869
0.1404085419052389,0.10418104215044138,-0.084190178399175,0.10123912638469076,0.09799355519128483,-0.04349761018827148,0.1559405702935178,0.48284146371761894,-0.09997550023966098,0.08491862270514636,0.48063019504549814,-0.07878250598833486
0.14041686785319435,0.10420563811668063,-0.08493404139153767,0.10119136087968934,0.09793167917615034,-0.04430879977288171,0.15598684158079512,0.48289870207910074,-0.09987640993775244,0.08493577239352021,0.4806447243302714,-0.07878577444767583
0.1402732890695841,0.10426696515965551,-0.08618308428526322,0.10091778307682822,0.09783754556909867,-0.04570815468096566,0.15616225219969107,0.4830123936422741,-0.099357924210763,0.0850446723446243,0.48071492836940094,-0.0784974054588103
0.1398416562967751,0.10422953669641191,-0.08741924995971785,0.10060777229746293,0.0977534615876134,-0.04683383370949514,0.1558006772417555,0.4829888674423386,-0.10010050290531136,0.08474631451312133,0.4806819335769349,-0.07902669577202952
0.13971927114869606,0.10421298009896697,-0.08851447750606548,0.10038783599322286,0.09762786995159228,-0.048041180782819964,0.15599895433625335,0.4830011577783862,-0.09985570841422392,0.08489489896974328,0.4806770389473783,-0.07895208346977829
0.1397254782769324,0.10419521546735053,-0.08920747095646425,0.10022064060227157,0.09752036131037153,-0.048918175393351165,0.15624786080710096,0.4830043152005716,-0.09944524355249458,0.08505525802330437,0.480660586120483,-0.0788474282171214
0.13946232832934324,0.10426786708621257,-0.0907717346871254,0.10004445782239645,0.09747335965254013,-0.050417312771782935,0.15589906961083194,0.4831070189218972,-0.09998399420144548,0.08475086479438072,0.4806932186768985,-0.07924137446583879
0.13971222370723357,0.10437401806192406,-0.09179011167407405,0.10016398743615887,0.0974328311819869,-0.051588492959958016,0.1560622931143542,0.48324673968649506,-0.09968132147152624,0.08484702354698649,0.48074239975546834,-0.07918099426244389
0.13931283277803772,0.10423306024548236,-0.09260330849143429,0.09965587975679151,0.09724836771607005,-0.05251648569353263,0.15615318651285395,0.483102302747238,-0.0995771686224459,0.08488396232355785,0.4806394848441685,-0.07926013229441327
0.1392200664724517,0.104286281969549,-0.09411904168297601,0.09955863982575923,0.09716391820704115,-0.054060879150557295,0.15612558372506713,0.48317531847719425,-0.09972588157943305,0.08485427675249699,0.48065145714877167,-0.07942364820132912
0.13904781272832772,0.10431085671397516,-0.0951286100518164,0.09936267539112621,0.0971093299053254,-0.055108101548776614,0.15599494767119218,0.4832089911698775,-0.09993833727485425,0.08471174242595995,0.48065025349820534,-0.07968229459085292
0.13915574800959574,0.10429234796010223,-0.09582860338996035,0.09934113349758049,0.09700343109504916,-0.05595277892344814,0.15620177819540818,0.48319709642084735,-0.09967042609520027,0.08485354229293017,0.48060581332354413,-0.07964883177215987
0.13905911737797355,0.10433118812484679,-0.09719199851952551,0.09928525601516754,0.09693716722084093,-0.0572948605037037,0.15605919866626908,0.4832463576213106,-0.10009487890842249,0.08473133221800151,0.48059646334838463,-0.08000848346267735
0.13875834853671618,0.10437240427319239,-0.09864866399727643,0.0989278523980227,0.09684272415679471,-0.058833482101668104,0.156020648550104,0.4832844972791338,-0.09998055175505428,0.08466505568980426,0.4806015637801339,-0.079997284026339
0.13909415374949932,0.10439805556466746,-0.09936629802211573,0.09912639331935315,0.09674707674474592,-0.05971211962959729,0.15615408452226692,0.48332151927453787,-0.09968655578955771,0.08472933243051632,0.4805501008074201,-0.07996413752925025
0.13878943581705427,0.10442111130896381,-0.10088427066728883,0.09889159584376167,0.09666761541767636,-0.061179625074871694,0.15592628941386297,0.4833405834592389,-0.10017926921112656,0.08453660920354743,0.48052846061603627,-0.08033600137777701
0.13868665641619343,0.10437367995244762,-0.10161462403710766,0.09867027299915584,0.0965580378806012,-0.062041678582977655,0.15611598308776775,0.4832768911723743,-0.09996833976706124,0.08466810715518452,0.48047404377109465,-0.08033431763990247
0.138823029354376,0.10431339084291198,-0.10171806769028378,0.09872008229300341,0.09649620982966718,-0.06223315243535335,0.15624735371638626,0.48321660456414683,-0.1000202145922585,0.08475664938775589,0.4804128132218605,-0.08054285074527727
0.13855165298807212,0.10425519775163093,-0.10241042559196292,0.09868076719698088,0.09648314239707162,-0.0626823393494877,0.15582496134029436,0.4831677955738778,-0.10140484960780466,0.08444915108735321,0.48036482196593033,-0.08151045835268668
0.1382122097086947,0.10420404304408282,-0.10276289892619124,0.09848266847690204,0.09649731478243495,-0.0628807837904248,0.1554412502104683,0.4831198898367367,-0.10248655550039826,0.08413640325706029,0.4803434750755274,-0.08233562312129433
0.13786332827986267,0.10416833865401304,-0.10328110502207735,0.09778360850401116,0.09639834219723309,-0.0637633060899383,0.15613566838599544,0.4830296680498685,-0.1011954808120093,0.08465892850465169,0.4803645887994476,-0.08164752024712882
0.13769909421758533,0.10423943137068067,-0.10394239440561694,0.09759189131395073,0.09642409322566778,-0.06446143722856872,0.15599638918175507,0.48309664843179984,-0.1013824665564652,0.08450614863365008,0.4804127790676006,-0.08188651555805475
0.13723229444357588,0.1044144812736206,-0.10551322149763388,0.09728885172618773,0.09651419842774027,-0.06588343308628923,0.15549734730158918,0.4832679326242576,-0.10225970083545766,0.08408827868123614,0.4805358675871324,-0.08247509841011048
0.13704408739274498,0.10434603394183802,-0.10552613791582545,0.09679312464605584,0.09643520332160688,-0.0662108486309584,0.15604869006716018,0.4831529920605259,-0.10125428691784784,0.0844900501464954,0.48052034606726635,-0.08200383285823559
0.13667070235521647,0.10430156525487178,-0.10583850950852453,0.0963673089811069,0.09641516565565934,-0.06657205565051175,0.15603199971614296,0.483088655180521,-0.10140953411294261,0.08444892944356001,0.48051748655363646,-0.0822417774376036
0.1357038815263791,0.10441291452878142,-0.10737852457131325,0.09555622760327379,0.09649785762341366,-0.06795859340260774,0.1555986515728593,0.48316328908536094,-0.10223196737809673,0.08409385513261693,0.48064822992586265,-0.08276691363591178
0.13578552243140893,0.1044419945821495,-0.10660014277329483,0.09532398162192258,0.09657283935529762,-0.06749319548731887,0.15600103564578074,0.4831742272165986,-0.10136906811316815,0.08434417246975238,0.4807310848860082,-0.08246206493850165
0.13515457214417037,0.1045011274054126,-0.10716813367615181,0.09458063971989882,0.09664182606671995,-0.06817581898737764,0.15613079745066347,0.48318074571288616,-0.101178158443145,0.08442264494534772,0.48084902929072076,-0.08245240835073461
0.13426052510088346,0.10450591760624149,-0.10777838776164575,0.09380411460929396,0.09672178954445503,-0.06864912230541921,0.15573853677251698,0.48316199390876996,-0.1020857568495143,0.08408898150040085,0.48093300150520246,-0.08312467629235068
0.13384263841101116,0.10444819887602154,-0.1077155428763433,0.09316545486030994,0.09668934786187987,-0.06881078501804222,0.156080079644071,0.4830494012520758,-0.10133111496877566,0.08432758956167928,0.4809415999613113,-0.08274921263297169
0.13365139954579114,0.10449164784166931,-0.10814743865824264,0.09295234734633716,0.09670805550902907,-0.06927050391339029,0.15602568646173706,0.48307786170689054,-0.10136473203811515,0.08426335196730919,0.4809776127643274,-0.08282002778025385
0.1332176378119083,0.10453352052188762,-0.10892861465955331,0.09267723476967106,0.09673158045365039,-0.06988993298310935,0.155731098111127,0.4831078281656968,-0.10194485848820838,0.08404536408581936,0.4810140552716442,-0.08310550058929356
0.13291465074352377,0.10456144424503366,-0.10959953006748875,0.09233705078830495,0.09669666084864616,-0.0706121375066588,0.15594713585326808,0.4830811333154016,-0.1014457108006577,0.0842458254846207,0.48102924526649943,-0.0826611000627134
0.1326450282543149,0.10457201832073708,-0.11006879825007003,0.092176142356784,0.0966946016018888,-0.07097111552154556,0.15579576761982783,0.4830811108581318,-0.10175944892279064,0.08414748538459081,0.48103616977588276,-0.08277283199316439
0.13237717500742543,0.10471506346480322,-0.11112246629779514,0.09203196868462572,0.09674649893403012,-0.07191558525913366,0.15559030868283913,0.48320088270826234,-0.10196985959425953,0.08400252028029498,0.48111623334043424,-0.0827606809973437
0.1323489017686949,0.10467492304666899,-0.11106114189901267,0.091927237602478,0.09670836378637017,-0.07193268404189988,0.15576740073758552,0.4831418974702311,-0.10165591305471594,0.08414331632703816,0.48108870303653783,-0.08257910308316509
0.13203603814932216,0.10468625347340361,-0.11164591799600457,0.09162682019603577,0.09669614099561158,-0.07250940791032941,0.15574768039230086,0.483121834646117,-0.10172603505786178,0.08413108157579878,0.4810967239864179,-0.08261814520851962
0.1318273076009508,0.10476078303879871,-0.11225989283623068,0.0914360166811522,0.09673106522201028,-0.07311298409102994,0.15567909319568446,0.48317386215599856,-0.10183065365604572,0.0840719262607242,0.48114786883008515,-0.0826875413616846
0.13171702262634824,0.10470557850368874,-0.11217052581093448,0.09124163221121356,0.0966984777020773,-0.0731059341429625,0.15582794055140442,0.4830989452831269,-0.10162259866729223,0.08418117264369394,0.4811224047776549,-0.0826230278897371
0.13123149589012317,0.10476812593819335,-0.11305408827794683,0.0908124995213151,0.09671849155770292,-0.07393987943296527,0.1556886625396329,0.48311874209364114,-0.10179383041385691,0.08407107895974048,0.4811665487714323,-0.08268204302669002
0.13083971950288856,0.10472130750966466,-0.11331991189610661,0.09049080269893528,0.09669964047893137,-0.07412768070820626,0.1555373523569093,0.4830590066988117,-0.1021508718046208,0.08395526063800693,0.4811505157033764,-0.08290219494127726
0.13069312677235226,0.10474536085845369,-0.11363721129927326,0.09031621165037057,0.09669888799989991,-0.07447891442033622,0.15562507516636528,0.4830525270754596,-0.101965832159188,0.08403054492167326,0.4811648441677916,-0.08276141480264199
0.13057652204732992,0.10479142488784049,-0.11401949369992313,0.09023319456516725,0.09672501708401313,-0.0748306916322475,0.15553271128599333,0.48309122654353875,-0.10216268810827618,0.08395474987220443,0.481195679868388,-0.08289738000352756
0.1305560612598658,0.10479816405750415,-0.11421737959453791,0.09015441199990783,0.09671424200602326,-0.07509232169003068,0.15568859588669395,0.48307344813627195,-0.10195767685533651,0.08408307452170857,0.4811957300184913,-0.0827933026562867
0.1304587585754469,0.1048112372090177,-0.11468513382510401,0.09004781504903606,0.09669205929168373,-0.07557697856380287,0.15570231970198892,0.4830638621330738,-0.10196312484041055,0.08409287185190802,0.48118438799996344,-0.08281359979899136
0.13043357083408133,0.10482627692594185,-0.11499071096949219,0.08999818487117159,0.0966842758370637,-0.07591257648242444,0.15574110163773183,0.48306408793116307,-0.10195911998851376,0.0841200910678706,0.48118324738435037,-0.08285302050401104
0.1304938947401007,0.10490705384487625,-0.11550918949407957,0.09002194765840418,0.09669885820568994,-0.07648278511889631,0.1558077931122159,0.48312025489007243,-0.10179364148290142,0.08416903174984205,0.4812096595385543,-0.08275716991934673
0.13046446142469922,0.10495898613027163,-0.11604515439376176,0.09001680753817239,0.0967044905369304,-0.07700333307014307,0.15572911198028944,0.48316172763181253,-0.10195548066023362,0.08410189274652836,0.4812206471229222,-0.08287870354723156
0.1304580800839434,0.10507344400589722,-0.11670266055618046,0.09000793451540644,0.0967477388706646,-0.0776785452917,0.15566282942884085,0.48325611821541786,-0.10198122410822603,0.08403406971013971,0.48127222071516434,-0.082914638530533
0.13027005653525395,0.1050776366005585,-0.11708318224505782,0.08975048361027663,0.09673806268819402,-0.0781341266515292,0.15570735028722266,0.4832272434585628,-0.10191894561384011,0.08404616509359239,0.48127185857654786,-0.0829716302280172
0.1303473992286294,0.10507767195924475,-0.11725848317693167,0.08971722988632135,0.09672091874355158,-0.07842850468611223,0.15585485638878363,0.4832081269272889,-0.10173869555668401,0.08414069779440778,0.48125993691465796,-0.0829921287643931
0.13007237874155658,0.1050514362337546,-0.11774227408445744,0.08942358651845539,0.0966789634141607,-0.07893517931586602,0.15580576936575719,0.48314977209079624,-0.10181819853789403,0.0840839092525828,0.4812258846168647,-0.08309860472242041
0.13003336093433027,0.10506281340841946,-0.11803579975748685,0.08935087826730738,0.09667150321687518,-0.07926809758148999,0.15581010065628417,0.4831469561482013,-0.10184704282788923,0.08407232489155085,0.4812218210060207,-0.08318866302857095
0.12969566271325586,0.1050892634203609,-0.11888232479563823,0.08904969539739505,0.09665288417533197,-0.0800861128557833,0.15568613180192797,0.48313180849067766,-0.10207563606159555,0.08396706589256185,0.48121201867610913,-0.08334491942078594
0.129486088489458,0.10509364944244384,-0.1193926410573704,0.08891971690265485,0.09664680755579934,-0.08051548101302607,0.15548222311413074,0.4831349520223722,-0.10256677759834767,0.08380153159547038,0.48120617010261557,-0.08369065465333862
0.1293778344924622,0.10517907532075611,-0.12017445826380607,0.08880496272553501,0.09666840674367773,-0.08131800691212265,0.1554781752814078,0.4831798039410703,-0.10261437494660101,0.08379493916513145,0.4812346141503042,-0.08374960221278581
0.1294349252400206,0.10521529752213661,-0.120563473752959,0.08873298349628889,0.09665361621007407,-0.08185349098248135,0.1556917981176172,0.4831669126722921,-0.10219806101670033,0.08394740549649193,0.4812265533262434,-0.08356671949880481
0.12941020735001746,0.10523533373880395,-0.12103759163666825,0.08869731169485555,0.0966465080596783,-0.08234514514493534,0.15561845308642405,0.4831791754567001,-0.10244416495322473,0.0838685432235164,0.48121983137518054,-0.08383607103801492
0.12912227229417603,0.10533663566526087,-0.12203180712490376,0.08834735675524245,0.09667908730878236,-0.0834200688327963,0.1556270311347777,0.48320666651783767,-0.10238816451033475,0.08384922044962621,0.4812590267876292,-0.08388674979550027
0.129401466100707,0.10538099928392898,-0.12194019243555743,0.08844274452126677,0.09671009403384176,-0.08352650030095476,0.15581017617842255,0.4832443824349558,-0.1020409748985226,0.08394487565895813,0.4812901544907874,-0.0838830750168808
0.1292940869729681,0.10549044829514599,-0.12267819403132828,0.08831744010108897,0.09676242277739766,-0.08429656826600962,0.15569787862471646,0.4833232337023156,-0.10219988329129193,0.0838241351198885,0.48134263994620896,-0.08407829404812961
0.12908846060838639,0.10549946498044295,-0.12307433099818488,0.088049525610006,0.09676743128223694,-0.08476022633185826,0.15574654585673267,0.48329349022443285,-0.10221393469969313,0.08384507307310383,0.4813505666416851,-0.08419857977065806
0.12885555932980566,0.10549646002161375,-0.12341441643594661,0.08774338133118795,0.09675741584163626,-0.0851805160107938,0.15582351112714168,0.48324133898267246,-0.1020679612865234,0.08388967578466495,0.4813433277901123,-0.08417744312307195
0.12842073243153737,0.10551165007705578,-0.1240771331014404,0.08736820781380596,0.0967588024617935,-0.08578234108183702,0.1557206680353537,0.4832095546688258,-0.10232531625989004,0.0838165523886284,0.48134612029974005,-0.08431211223792648
0.12834635244357295,0.10554698028056163,-0.12425986199330544,0.08731782148341101,0.09678771187199697,-0.08594083174868831,0.1556950105608357,0.48323658785829626,-0.1024253393317822,0.08380239910351275,0.4813749488756239,-0.08436609040313024
0.1282608516190665,0.10558809797430348,-0.12454440152547391,0.08721268739618372,0.09680332374670013,-0.08625224605739652,0.1557573420268044,0.4832417988534433,-0.10227872434194488,0.08385642866433161,0.4813900026450349,-0.08425154313779848
0.12816889004549853,0.10556590679692374,-0.1245884824561164,0.08714057203443895,0.09679401673079997,-0.08627211153530334,0.1557197321136146,0.4832213358207022,-0.1024195135333576,0.08382842555359143,0.4813814930541624,-0.08435283776249126
0.1280544273983528,0.10558306476695845,-0.12478232792937054,0.08702938621626045,0.09680101182820647,-0.08646477637817263,0.15572532430760858,0.48321669777862924,-0.10239269114047107,0.08383627488185527,0.48138828039226267,-0.0843158768125743
0.12806923826926875,0.10558853913628632,-0.12474524458557251,0.08703022806909112,0.09681028421364152,-0.08644178394566546,0.1557549565587887,0.48322128970614364,-0.10235904676789787,0.08385945939696304,0.48139781842836615,-0.0843073932681359
0.12806136622949874,0.1055895642550492,-0.12472786808337177,0.08703361398730246,0.0968152960308646,-0.08641143586724354,0.15572834148395434,0.48322805373441435,-0.1024154299174651,0.0838379990827296,0.4814029872342736,-0.08434341964115236
0.1280185214633209,0.10559160731690981,-0.12472663238919242,0.08698833642824223,0.09682108445025449,-0.08641194774579743,0.15574152485617754,0.4832245344148384,-0.10238960914917981,0.08385038283867943,0.48140911997436775,-0.08431980772382716
0.1279845990483905,0.1055751752770547,-0.12451114767276181,0.0869531725687543,0.09683147514571436,-0.0861916622410714,0.15572717885778667,0.48322092160786634,-0.10241647191912497,0.08383557453732107,0.4814209426923347,-0.08434696562106352
0.1279559357829009,0.10560824553732812,-0.12458123092552452,0.0869309686358964,0.09685330898672549,-0.08625739537540966,0.15571114471338465,0.48324630027486615,-0.10237125244358665,0.08382264115254787,0.4814422425506254,-0.08428982038654004
0.1280355127732363,0.10557577926277235,-0.12427978938713684,0.08699584461566057,0.09684263036773468,-0.08596672421892967,0.1557376145120358,0.48323238361181825,-0.1023203289270965,0.08384190867129782,0.4814324703014642,-0.08426714229814629
0.12804725568729614,0.10559864265695466,-0.12429775568859139,0.08701934174230493,0.09685301209793494,-0.08597494997009449,0.15571679164000718,0.4832533461267845,-0.10226466965482806,0.08382638901884418,0.48144215032538407,-0.08419150351110848
0.12800621760021408,0.1056168625703113,-0.12441968442590576,0.08700920270244931,0.09685430499331506,-0.08606768879500795,0.15570019416438946,0.48326091624886547,-0.10223528593987556,0.08382442133599145,0.48144263665356657,-0.08410473455950467
0.12808398938441282,0.10562412121886262,-0.12441849249570383,0.0871202334771686,0.0968478573426379,-0.08603410622945341,0.15567875841178708,0.48327613711288425,-0.10224601481723501,0.08381800842766765,0.48143513269080984,-0.08405829730897671
0.1281858574191665,0.10567063299709542,-0.1245302141326963,0.08727034481491765,0.09686417671048156,-0.08610131393123806,0.15562277332975072,0.4833300332343062,-0.102287727520798,0.08378379874730772,0.4814492591961144,-0.0840182400161415
0.1282996664657215,0.10565201218585009,-0.12432528153167569,0.0873791063710915,0.09685662697270049,-0.08589922038583077,0.1556488043332149,0.48332909584277334,-0.10227578513831122,0.08380692107668905,0.48144196582223353,-0.08401839473979823
0.12830494269728115,0.10565971323918916,-0.1243230022029714,0.08735305949315311,0.0968614767506383,-0.08593097814305613,0.15569450255801642,0.4833273784387106,-0.10216263608974767,0.08383810309328207,0.4814469005306058,-0.08396177312877579
0.1283147542221005,0.10563659320415758,-0.12409751465670961,0.08733408723638952,0.09686076110107246,-0.08573108507308995,0.15574089027335794,0.48331007331166476,-0.10208196020816061,0.08387117745071865,0.4814474899893118,-0.08393189365508495
0.12826625747439035,0.10566372149320444,-0.12412024724796784,0.08731479924281368,0.0968890183822657,-0.08572238443358142,0.1556684924074454,0.48334324857738675,-0.1021787911650912,0.08381236883750079,0.4814756306029914,-0.08397551502245716
0.1282916337214472,0.10566464611214452,-0.12403380265708225,0.08734305373943714,0.0968921744812224,-0.08563236057958054,0.15563695688212376,0.48335320735240295,-0.10217701509814735,0.08378184773009618,0.48147862346125936,-0.08397045096024125
0.1283513169743704,0.105660631485176,-0.12394433136426146,0.08736727491916949,0.09689145987630354,-0.08557998410275061,0.15570411954004643,0.4833474060840138,-0.10206603989018892,0.08383238440759058,0.48147818006154347,-0.08392466626938896
0.1282561271364255,0.10563448796386762,-0.12403901807147977,0.08728268838708134,0.0968639092502043,-0.08566366816074536,0.1556700435615769,0.48331315271835074,-0.10209731056271343,0.08380365320773418,0.4814508118725499,-0.08393406807119791
0.1282285375628322,0.10564300438948805,-0.12413324649987786,0.0872850992855179,0.0968670224240218,-0.08572712436728433,0.15561520584542152,0.4833244745617625,-0.10220580611611363,0.08376276470174722,0.48145348952617245,-0.08398834552431196
0.12817730619566603,0.10566497022969043,-0.124293561553265,0.08724285833608106,0.09687368323043563,-0.08588135690399007,0.1555790919564395,0.4833363478987476,-0.10221171879565571,0.0837309766346128,0.48145946569125775,-0.08397781105202806
0.12802046718697188,0.10562420166166185,-0.12433512192191011,0.08707723141858817,0.09684788335093537,-0.08592886076030419,0.15557567039711265,0.48328306068746146,-0.10223009696662305,0.08372433930983869,0.4814349882916274,-0.0840059206305269
0.1279304915460708,0.10563567565096083,-0.12441622800348831,0.08698719785577351,0.09685998958105381,-0.086009884120184,0.1555679294535,0.4832838924904572,-0.10223219102289234,0.08371707009353208,0.4814473886431469,-0.08400498562614131
0.12790348911551003,0.10568009134632035,-0.12456042485431705,0.08698484995590247,0.09688897878605081,-0.08613134050445738,0.15549839722832415,0.4833269959874577,-0.10230123317744284,0.08365890356903433,0.4814753887286742,-0.0840308074829358
0.1278546395485273,0.10566808390098106,-0.12456640579128263,0.08692861101102804,0.09688087533242333,-0.08614429798326945,0.15549229210793566,0.4833109439871789,-0.1022916321714104,0.0836495724305898,0.48146762944331867,-0.08403305680044794
0.1277839561954429,0.10566165080166963,-0.12463455648843616,0.08683674442635818,0.0968731939766331,-0.08623531053669482,0.15551325184898615,0.48328979731949356,-0.10222464187534679,0.08366110726722847,0.48146012524564935,-0.08400181627592865
0.1277598261491974,0.10565519203375902,-0.12464367005926102,0.0868212353936024,0.09687115594019542,-0.08623422185256316,0.15550684004716978,0.4832842047092629,-0.10227031183201787,0.08365886571588413,0.48145836923853413,-0.0840306664668478
0.12771454307225066,0.10568616066047185,-0.1248922854775134,0.08680854043714795,0.0968810082290255,-0.08645296376437585,0.15546165289279198,0.4833053903259726,-0.10235452968117717,0.08362905659612149,0.4814669216273909,-0.08405568010405014
0.12779230744620587,0.1057099188842788,-0.12494956751385462,0.08687960351924719,0.09688952619652651,-0.08652087322288253,0.15546890674666777,0.4833291940836654,-0.102326039894443,0.08363271302422791,0.48147436543207883,-0.08404297024332125
0.12781072913230068,0.10573089405724881,-0.1250575390615411,0.08688733004133586,0.09689716523666403,-0.08664329877677021,0.15549338330090823,0.48334061431534137,-0.10228244350343113,0.08365217869469092,0.48148113602783577,-0.08401954628123953
0.12782095757366682,0.10575722825374988,-0.12520218809652278,0.08691569259705069,0.09690684819504872,-0.08677246932706663,0.15546409923685917,0.4833638823876989,-0.10232847773620904,0.0836312142965118,0.48148960394518714,-0.08403439467120759
0.12776993241517995,0.10573959030568636,-0.12522924470990598,0.08687340883664836,0.0968951684829048,-0.08678885219758321,0.15546294341133113,0.48334372213907756,-0.1023742251909305,0.08363449464019543,0.48147838911755386,-0.0840618186430851
0.12778039404222596,0.10575466390722932,-0.12528915972206073,0.08687514611915259,0.09690083056168067,-0.08686021825691914,0.15546225674946354,0.4833539968658011,-0.10234153720481379,0.08362961668369441,0.4814833681990109,-0.08404611910915193
0.1277166142635742,0.10574067992064079,-0.12528990457418293,0.08680093826045178,0.09689602846592697,-0.08686995126158419,0.15548022488516205,0.4833335124681142,-0.10233407989016521,0.08364316152196395,0.4814792857704892,-0.08405436642337091
0.12768316542307734,0.1057635297999301,-0.12543039879805243,0.08678645637094294,0.09690802883853024,-0.08699275440979888,0.15546547477217038,0.4833488647066182,-0.10237409155838102,0.08363748746669578,0.481490476361468,-0.08405916905989327
0.12764755612634435,0.10574189907563442,-0.12548602364698128,0.086759401571449,0.09688868011837724,-0.08703875396654778,0.15547092297196682,0.48332369263850083,-0.10242123272840874,0.08364723508590508,0.4814713023938506,-0.08408884983502751
0.12764849482682483,0.1057407013730496,-0.12551122336571902,0.08674317525541893,0.09688705267029195,-0.0870823156255888,0.15551257170262456,0.4833152510528562,-0.10237709691051272,0.0836810198210542,0.4814696307105012,-0.08407486771405759
0.12761823760989727,0.1057507542301347,-0.1255834896381879,0.08670011884116545,0.09689372712291111,-0.08716898922571362,0.15554910426472218,0.4833130294420703,-0.10232988394806505,0.0837119210878134,0.48147598961857346,-0.08404890608536386
0.12759089821199965,0.10576477210184515,-0.12567305184645033,0.08669095309950413,0.09690279686687785,-0.08724034312822693,0.15552066261942626,0.4833257173956963,-0.10239654004047055,0.08369205863657203,0.48148466613844987,-0.08408228510435832
0.12752929695295814,0.10577507636164733,-0.12578216013105853,0.08663865575160513,0.09690820460268401,-0.0873406817250134,0.15550304572291762,0.4833277688331858,-0.10242474289066611,0.08367911597315472,0.48148962282567787,-0.08409187382227885
0.12754862441277373,0.10576691576090172,-0.12572707971586533,0.08663004267529835,0.09690475580901967,-0.0873142562805732,0.15554704758785562,0.4833167223028759,-0.1023525843689797,0.08371006619639974,0.4814865159606858,-0.08407012821475768
0.12746474476586614,0.10578206426759028,-0.12582378212534592,0.08654725563372277,0.09691842911431985,-0.08741013520552376,0.15554559439823004,0.48331965766095325,-0.10235110414504349,0.08370964418565663,0.48149992789885493,-0.08406355115477078
0.12744811745019402,0.1057980769318154,-0.12589478913988805,0.08655323595038193,0.09693000351668349,-0.08745809891153611,0.15550796691474097,0.4833377818793874,-0.10243096189406234,0.08368257001431627,0.4815111800746593,-0.08410268757087917
0.127377307971177,0.10578987416299782,-0.1259329746486275,0.08648350407173169,0.09692800724226544,-0.08749370654941586,0.15552086824105088,0.4833218584143421,-0.10244518983452813,0.08369650753658384,0.481509563954283,-0.0841114353934139
0.12740180854985522,0.1057885573224455,-0.1259498776724773,0.08649080412985376,0.09692393445754356,-0.08752955240706856,0.1555649085172183,0.4833146783478991,-0.10239137821691639,0.08373253843615425,0.48150517911662605,-0.0840887534108536
0.1274640852635691,0.10582136500140035,-0.12601434367745562,0.08655192232200126,0.09694271142724181,-0.08759849214657307,0.15556648575118928,0.48334721083202303,-0.10237907406610874,0.08373318648692549,0.4815228290715053,-0.08408157418975859
0.12739253779829995,0.10582767235823956,-0.126155023568017,0.08650924496511712,0.09694169208893698,-0.08771014177004663,0.15551385087416858,0.4833488489210186,-0.10246772421923718,0.08369432457970623,0.48152112905983757,-0.08411657066774343
0.12747844064905303,0.10584229688437528,-0.12611821053260291,0.08658294206315215,0.09694841495635216,-0.08768814060876477,0.15551761497694006,0.4833689835525496,-0.10242136033568428,0.08369179659608593,0.48152730211659445,-0.0840962470445898
0.12741481062667315,0.10581672913479542,-0.12613503974320778,0.08652051865847345,0.09692577794546793,-0.08770300771185725,0.15548475687271168,0.4833410464941299,-0.10243687371695802,0.08365970219009952,0.48150486483046073,-0.08410821554293436
0.12747335046039232,0.10582644903911273,-0.12611278763428824,0.08656937356643683,0.0969299188491226,-0.08769235505567871,0.15550157476661725,0.48335229696609644,-0.1023896356062243,0.08367167904617841,0.48150857180018364,-0.0840807166860397
0.12740575245375116,0.10581591474424266,-0.1261504093350785,0.08652034096811118,0.09692321018823265,-0.08770933562453362,0.15547000009394885,0.4833407053889498,-0.10245303382734762,0.08364911181893198,0.48150216099828935,-0.08410829301060262
0.12748194196463955,0.1058372350319794,-0.12611955414872125,0.0865919954162147,0.09693731113968608,-0.08768497543802807,0.15546533157291723,0.4833684240165367,-0.10242849248334879,0.08364179068326602,0.48151577291320874,-0.08409556004785546
0.12751229754241764,0.1058046522078609,-0.1260066327214821,0.08660766921532492,0.09691578316163248,-0.08758512047649712,0.15550730683982097,0.4833397784056993,-0.10239216482327976,0.08367689566511567,0.48149521976668525,-0.08408535222188923
0.1275774090551632,0.10583177185813872,-0.12601292679112444,0.08667983074400235,0.09693273300637702,-0.08758626403611243,0.15548718548689575,0.4833730628700813,-0.1023961295175487,0.08365957624800009,0.481511418624713,-0.0840800550076919
0.12758238469068897,0.10579298336341947,-0.1258870057247111,0.086690003398761,0.09690892354764287,-0.08745134717492939,0.1554921459967291,0.48334389152633467,-0.10242443719327152,0.08366699444519292,0.48148895120102303,-0.08409804762219623
0.12761707570072697,0.10578643228005183,-0.12581490475087953,0.0867270534254208,0.0969035163135685,-0.08737647220027354,0.15547892128942703,0.4833448437121199,-0.10241621525382891,0.08365458814048085,0.4814837053821994,-0.08408724677361928
0.12766272099042927,0.10576701926902558,-0.1257025942880543,0.08676921141438902,0.09688903135268237,-0.08726673317110138,0.15547407689747095,0.483335078307761,-0.10239970971921665,0.08364778176401347,0.48146967964543635,-0.08407886451615659
0.12767261763640322,0.10574450106739397,-0.1255919244089518,0.08678306087353281,0.09687703785863334,-0.08714942892976367,0.15546315473576228,0.48332210577434687,-0.10241923305935129,0.08363860060003418,0.4814585526930784,-0.08409137593311898
0.127668035311405,0.10573352180059828,-0.12549999375010484,0.08677307042685901,0.09687361117914446,-0.08706150983669164,0.1554646786908856,0.48331439194878345,-0.1023879131888925,0.08363760449871066,0.48145571845396173,-0.08406943891962365
0.12774322476788888,0.10576802247437377,-0.1254159387324777,0.0868474401602195,0.096904191204911,-0.08697923087085492,0.15543589560332965,0.4833606722661024,-0.10237159109242552,0.08360779409518608,0.4814859855180539,-0.0840587776260316
0.12766521949515994,0.10573766019412943,-0.12537232729431197,0.08676992960313114,0.0968905530509249,-0.08693124023198093,0.15546485170011382,0.4833257730807351,-0.10238249021581178,0.08363764227943532,0.48147363629283724,-0.08406388410401018
0.127749032303446,0.10575710623482985,-0.1253366300302149,0.08685639501809635,0.09690282723398014,-0.0868943723713043,0.15544941213485652,0.48335467768846824,-0.10238236806419342,0.08362284604452515,0.48148533891083306,-0.0840629867993112
0.12766866800286428,0.1057214432372474,-0.12536841667737042,0.0867808203938799,0.0968751106028401,-0.08691923552203216,0.15546220293475257,0.4833114577611773,-0.10240245271538756,0.08363847585882912,0.48145824874458704,-0.08407030611477047
0.12775947429439097,0.10574390916043819,-0.12536595421853733,0.08686442213934413,0.09688670784584218,-0.0869269387681015,0.15546521427072546,0.48333880768944926,-0.10237422244112693,0.08363753924122279,0.48146900642890034,-0.08405923686033438
0.12777541224336086,0.10574707623042207,-0.12535290159025617,0.08688052281073004,0.09688753597933482,-0.08691425203642307,0.15544783692857522,0.48334512634500976,-0.10237280988901953,0.08362003453579638,0.48146964305047113,-0.08405890480140246
0.1277994241605117,0.10575722239769271,-0.12535745804188972,0.08690286527285394,0.09689279973023684,-0.0869217104023399,0.1554369064146856,0.48335697238246894,-0.10236325140240178,0.08360810099047127,0.48147452265922097,-0.0840539955985131
0.12771982753668262,0.10576047405481233,-0.1253751466151554,0.08682715529118007,0.09690224100053434,-0.08693383708402562,0.15541392110874022,0.4833565358686453,-0.10238848881544511,0.08358729990977169,0.4814844563641463,-0.08406960350025339
0.12765957614429976,0.10576479764919981,-0.1254059362804159,0.08676394030878322,0.09691097558297412,-0.0869667633038994,0.15542490811090465,0.4833535449804905,-0.10238508958734885,0.08359732357978843,0.48149354790413695,-0.08406875084229011
0.12769364477940656,0.10578643101359847,-0.12543024774425302,0.08679606450668204,0.09692665292998691,-0.08699451599844994,0.1554321383552846,0.4833751128193718,-0.10237599652643632,0.08360346936105101,0.4815087684093232,-0.08406455685659237
0.12755798676284047,0.10576473893027918,-0.12550887064355587,0.08666776415890468,0.09691465475733275,-0.08706307867327039,0.15543605568214347,0.4833407588096091,-0.1024156327088448,0.08361172840637467,0.48149750873412933,-0.08408483364647647
0.1275091037719843,0.10575593763472614,-0.12558222303684108,0.08661296794989046,0.09690525910237545,-0.08714285807033874,0.15546951334240322,0.4833198133688961,-0.10239019013454143,0.0836429013633307,0.4814880198716386,-0.08406719644045349
0.12759794264079483,0.1057556803269273,-0.12558980935488234,0.08669972114016505,0.09689558281582958,-0.0871548335532848,0.1554722955844245,0.48332552006553503,-0.10239128093968497,0.08364416235698224,0.4814776473934339,-0.08407586673822785
0.12754329381164792,0.10575190941277492,-0.12569927965143426,0.08665278299313887,0.09688614993503865,-0.08725740601636743,0.15545953086840245,0.4833132103499103,-0.10241231127545956,0.0836353044099923,0.48146772556170486,-0.08408134203567465
0.12753538850850077,0.10576985699812343,-0.12578154773902953,0.08664121064889742,0.09689692901302453,-0.0873452292258251,0.1554757692496916,0.48332317301261746,-0.10239428959722116,0.08364995846954956,0.48147787361118083,-0.08406951048213449
0.12750647576773774,0.10577075909649301,-0.1258072074376793,0.0866088545012526,0.09690083750872941,-0.08737385889165494,0.15549574188744122,0.48331886787475614,-0.10239435428109196,0.08366860749148616,0.48148196837791085,-0.08407391983137655
0.12747738564000688,0.10579851693524762,-0.12589147200566947,0.08659111848070825,0.09692338558284729,-0.08744724726454325,0.1554743310783953,0.4833433448792819,-0.10243493577961438,0.08365261603242127,0.4815040643660508,-0.08409350593428933
0.1274198260757714,0.10578950390300174,-0.12592366256183865,0.0865322574168701,0.09692253779823272,-0.08747893787885205,0.15551556980590017,0.48332553146982843,-0.10244362367332811,0.08369385845894106,0.48150375167341586,-0.0841004328034197
