Frame,qx,qy,qz,qw,tx,ty,tz
1,-0.971733885496724,0.197954452282394,0.0526691190307536,0.117359509625516,0.163516251023352,0.43523553636045,0.380093744623084
2,-0.971729032400169,0.197975565611722,0.0526405398487442,0.117376899668474,0.163509364284785,0.435227185868818,0.380096272504102
3,-0.971751416348174,0.197880328325302,0.0525661331830892,0.117385527767978,0.163523622477829,0.435253357483958,0.380129761340759
4,-0.971751416348174,0.197880328325302,0.0525661331830892,0.117385527767978,0.163523622477829,0.435253357483958,0.380129761340759
5,-0.971751416348174,0.197880328325302,0.0525661331830892,0.117385527767978,0.163523622477829,0.435253357483958,0.380129761340759
6,-0.971759294277412,0.197836517381342,0.0526340134154847,0.117363738044024,0.163567463013265,0.435267810764145,0.380106043373442
7,-0.971737965806391,0.197920620905586,0.0526152451999665,0.117406940183923,0.16355083855704,0.435242600067219,0.380097473145598
8,-0.971718529889631,0.198020034532658,0.0525987492472828,0.117407564366359,0.163532388772008,0.435213396755005,0.380098739336917
9,-0.971740094148241,0.197916215450532,0.0526361641421925,0.117387372876742,0.163566637787492,0.435250065804469,0.380092760615572
10,-0.971723761671109,0.198001064757872,0.0526689769965792,0.117364765669401,0.16355142228883,0.435234118342947,0.380077069911199
11,-0.971709922899188,0.198081116372846,0.0526448636339273,0.117355082585741,0.163525289981723,0.435211643036825,0.380088658345481
12,-0.971750652353555,0.197879366395897,0.0525931692649227,0.117381363733218,0.163548332416279,0.435265729784827,0.380109780183892
13,-0.971732814855725,0.197949799956997,0.0525396904948361,0.117434212017877,0.163519025832696,0.435232419358076,0.380118962067127
14,-0.971736381396649,0.19793251444649,0.0525623140618775,0.117423711129811,0.163518603630637,0.435235662841056,0.380119470794779
15,-0.971682899314986,0.198157207657959,0.052842190812187,0.117361693504278,0.163496963912239,0.435178472819931,0.380027389801829
16,-0.971733124221505,0.19794099784704,0.052682308670486,0.117382583951701,0.163524218010154,0.435235278096005,0.380081328155013
17,-0.971716975563339,0.198017587030378,0.052637994792872,0.11740696799121,0.163488921066088,0.435206946275351,0.380089851753212
18,-0.971716067125318,0.198015880271998,0.0527185391926955,0.11738122369441,0.163499944849967,0.435207732776134,0.380069449262267
19,-0.971772316733305,0.197786459320681,0.0525015202862231,0.117399622264343,0.163509937606355,0.435265586619379,0.380138373891553
20,-0.971719748310715,0.198019517454575,0.0527031994798216,0.117351498561408,0.163477792481865,0.435206895259266,0.380072047376895
21,-0.971733177023578,0.197943486076027,0.0526191002352982,0.117406300010518,0.163479642398604,0.43522639823727,0.380089925623482
22,-0.971729960972372,0.197967615909463,0.0526200781424288,0.117391794330099,0.163481172704561,0.435223573422925,0.380088047523474
23,-0.97175805444497,0.197857110843119,0.0525289586506139,0.117386352755431,0.163492285891942,0.435259171368149,0.380120239633039
24,-0.971731081291012,0.197970327057236,0.0527106557943099,0.117337300222843,0.163494291384268,0.435238368151795,0.380060495383481
25,-0.971753746305595,0.19788166727404,0.05254548387328,0.117373227025628,0.163496131845128,0.435258361709677,0.380110349680279
26,-0.971733870472304,0.197951029952663,0.0526366495607721,0.117379972059171,0.163496454958638,0.435240860539384,0.380080006885076
27,-0.971711838416189,0.198064466803512,0.0526367791356357,0.117370948508979,0.16347321797392,0.435203533087397,0.380077423583662
28,-0.971750010075559,0.197884408511323,0.052573109723676,0.117387166761357,0.163493555957392,0.435249719947293,0.380108116541937
29,-0.971741447230682,0.197915436009604,0.052603371486245,0.117392185563724,0.163479635724136,0.435238442218045,0.380096054381235
30,-0.971724713681326,0.197992368142345,0.0526976070796738,0.117358703070577,0.16347024433157,0.435215103734985,0.38007741763056
31,-0.97176015241039,0.19781680333578,0.0526490393082673,0.117383121296314,0.163504702070347,0.435261110823072,0.380096919548081
32,-0.971716465942719,0.1980248342747,0.0527829882373951,0.117333844132892,0.163483355478946,0.4352114730031,0.380054579587242
33,-0.971815262945594,0.197594374239155,0.0523634232570899,0.117429254786961,0.163515685919146,0.435321041349136,0.380181180224961
34,-0.971721760599209,0.198010511055233,0.0527464785515839,0.117330586336327,0.163488126403311,0.435221844165968,0.380054614798981
35,-0.971735756031157,0.19794875360383,0.0525785262823928,0.117394250162512,0.163484056077558,0.435235343081173,0.380094608967596
36,-0.971745795642113,0.197899150822727,0.0526713946509146,0.117353137755439,0.163514472561334,0.435256866513461,0.380074611804536
37,-0.971726205491036,0.198001602393102,0.0526087289374033,0.117370646463878,0.163467216857876,0.435226907277184,0.380078950872261
38,-0.971716460778034,0.198037913038792,0.0527553750188717,0.117324231337222,0.163476266398317,0.435219536087642,0.380037861996557
39,-0.971740506748294,0.197929555979741,0.0525875669027406,0.11738324506283,0.163472641217665,0.435241324870472,0.380089074424787
40,-0.9717446998394,0.197906780661373,0.0526197329322792,0.117372518965987,0.163477413269638,0.435244921751194,0.380082737543082
41,-0.971734166672959,0.197962179995602,0.0527181689801186,0.117322117570308,0.163498227378736,0.435232654454152,0.380068207816352
42,-0.971748521067171,0.197884277329664,0.052558985390798,0.117406037511591,0.163496811098919,0.435246957173149,0.380107287987168
43,-0.971731249996155,0.197958924943085,0.0526376684351575,0.117387894086222,0.163497239840937,0.435229301925942,0.380081076729226
44,-0.971724692252001,0.19798009990539,0.0527604041351498,0.117351362432236,0.163525783784601,0.435227530461263,0.38005752727357
45,-0.971728465710195,0.197958171805877,0.0526463593053191,0.117408313145535,0.163511592217931,0.435228916164622,0.380077796746812
46,-0.971724588433263,0.19798420102269,0.0526314168994351,0.117403212625421,0.163498345281015,0.435220355163327,0.380085028206967
47,-0.971732768099714,0.197942906718781,0.0526716016101059,0.117387117967922,0.163508983463788,0.435237112917276,0.380075122885041
48,-0.971712591089219,0.198039535015975,0.0526734872808555,0.117390317432935,0.163486142031502,0.435208006962333,0.380074597319742
49,-0.971754397883177,0.197847998585685,0.0525855525339559,0.11740664084728,0.16351077522559,0.435258611316605,0.380101274329858
50,-0.971708488551693,0.19805111270773,0.052743402932942,0.11737335080361,0.163474284143959,0.435205512601121,0.38004805128285
51,-0.971756427020804,0.197846025041537,0.0525714614377348,0.117399481946581,0.163485448345718,0.435256084584074,0.380100349021772
52,-0.971763864475838,0.197835053699846,0.0525456256482512,0.117367970297685,0.163486244809942,0.435263749400627,0.380116098887618
53,-0.971736206437141,0.197928202589162,0.0526537894203572,0.117391439971804,0.163494017348522,0.435234992145706,0.380084069890618
54,-0.971727608004608,0.197970939817982,0.0526908064947286,0.117373939782909,0.163487904179699,0.435225624054299,0.380075462098535
55,-0.971750703771228,0.197883527085217,0.052544040634842,0.117395925066426,0.163486974256273,0.435245670654233,0.380115074667718
56,-0.97173806869296,0.197925096827841,0.0526589081219687,0.117378964444094,0.163492194342579,0.43523837461132,0.380079725803427
57,-0.971731712686338,0.197965650724357,0.0526288652489444,0.117376668190775,0.163484402069117,0.43522735607652,0.380090898650695
58,-0.971769692000438,0.197805028730751,0.0525239845604771,0.117380012626052,0.163506774401229,0.435272972511864,0.380128336427039
59,-0.971747064287105,0.197899497321761,0.0526282238436617,0.117361416420601,0.163486153623396,0.435247138680879,0.380091549983501
60,-0.971734424657969,0.197957975002459,0.0526860285051403,0.117341512125621,0.163471963211019,0.435229891104721,0.380074013500156
61,-0.971744212586451,0.197907225189947,0.052645706483902,0.117364155989654,0.163463617928004,0.435241388099706,0.380087312183462
62,-0.971772080555774,0.197781472581006,0.0526183077326729,0.117357685080015,0.163498035511837,0.435274700108939,0.380109225163284
63,-0.971717661897697,0.198022354233384,0.0526983948986875,0.117366144841869,0.163445619524278,0.43520501907526,0.380074617942435
64,-0.97175139324412,0.197882522376169,0.0525809950005093,0.117375363815895,0.163461647595039,0.435242527081763,0.380115176793371
65,-0.971740840406131,0.197908213705898,0.0526601540191776,0.117383926553869,0.163474527845553,0.435233417262137,0.380094126498842
66,-0.971742366324555,0.197896532162561,0.0526513731221777,0.117394927302401,0.16348498353978,0.435236653608102,0.380098334971797
67,-0.97173599376506,0.197929795342242,0.0526864361524282,0.11737586627057,0.16349174847663,0.435228825595873,0.380092715101693
68,-0.971750833539938,0.197874248111366,0.0526384205766221,0.117368207483955,0.163487425494375,0.435247949004381,0.380108192585063
69,-0.971758813240734,0.197833491855316,0.0525713327699033,0.117400908685109,0.163492072234956,0.435255511041101,0.380128096867516
70,-0.971739879409407,0.197925285215145,0.0527484744759051,0.117323427662,0.163495721276868,0.435237953344725,0.380083088902537
71,-0.971772145422566,0.197775853006217,0.0526952851446293,0.117332076909996,0.163514321733572,0.435279078082045,0.380107052733222
72,-0.971727143681036,0.19796780744528,0.0527222404034018,0.117368951668019,0.163464594478301,0.43521757972691,0.380082789497929
73,-0.971737822708521,0.197937016966165,0.0527186325022925,0.117334082939811,0.163447056569881,0.435230217349161,0.380093054020548
74,-0.971747632231337,0.197888713441654,0.0528097445674079,0.117293338361227,0.163463088219085,0.435246241607354,0.380076349753596
75,-0.971768913827841,0.19779957432108,0.052617620167276,0.117353707074767,0.163436545752439,0.435263147599268,0.380127573065068
76,-0.971757827129639,0.197848092940806,0.0527509531245742,0.117303855334842,0.163432714169278,0.435254691366295,0.380089662036363
77,-0.971772350916278,0.197787080915581,0.0526427609038342,0.117335026066243,0.163424784032456,0.435268407781913,0.380123095057182
78,-0.971763212766447,0.197825860360134,0.0526501454185734,0.117342019217373,0.163423207176305,0.435256039117416,0.380121393842123
79,-0.971728821235798,0.197970389551464,0.052753118543837,0.117336828508477,0.163420630291747,0.435214179907242,0.380087575426984
80,-0.971751077362888,0.197865946482623,0.0527537284526743,0.117328406624075,0.163459867512591,0.435248989277408,0.380094147121514
81,-0.971748388596449,0.197879563591724,0.0526939197677485,0.117354584028334,0.163465800889783,0.435244675059318,0.380108926268709
82,-0.971741717571008,0.197902504381417,0.0527107384743456,0.117363585243459,0.163487300583244,0.435238561954373,0.380109504310932
83,-0.971752856672836,0.197862310716545,0.0526219187549844,0.117378981136473,0.163499594530759,0.435249162680748,0.380139494390619
84,-0.971750642576194,0.197869794947628,0.0526413103997905,0.117375999844642,0.163502649536746,0.435251673800128,0.38013230351793
85,-0.971800680420856,0.197665388117758,0.0525368349121696,0.117352941382946,0.163537986987495,0.435314210010767,0.38017591994243
86,-0.97173970999411,0.197917880731908,0.0526472393272115,0.117382778542577,0.163487564624249,0.435236364305727,0.380123889680621
87,-0.971767391585675,0.197798112548193,0.0525697384044182,0.117390229266474,0.163497266771069,0.435265747870434,0.380153654877843
88,-0.971742321667617,0.197899225259883,0.0526226722407804,0.11740362553093,0.163462295209204,0.43523794969156,0.380122892125192
89,-0.971731841011031,0.197956519046105,0.0528096229934574,0.117309801175136,0.163468664881697,0.435233164667221,0.380075697827307
90,-0.971773483332284,0.197762968066408,0.0525911403473754,0.117389426741796,0.16346778740226,0.435273500177415,0.38014182310732
91,-0.971761560441428,0.197813519552413,0.0526632001591169,0.117370645732776,0.163457100815839,0.435255603846001,0.380119531939592
92,-0.971757455893978,0.197841561243224,0.0526655368323251,0.117356315507394,0.163460071535738,0.435248919323966,0.380122661924141
93,-0.971765348948589,0.197808289887765,0.0525700572226185,0.117389846742021,0.163454754114026,0.435254537144262,0.380152896263743
94,-0.971759946517904,0.197807464354255,0.0526679765192618,0.11739206803966,0.163483125634391,0.435258576478946,0.380124321241632
95,-0.971734218549777,0.197941399818458,0.0527300366201309,0.117351412328119,0.163486469246338,0.43522490662855,0.380107661596498
96,-0.971760247531628,0.197810857512786,0.0526332235910053,0.117399445236105,0.163511008918597,0.435261314946458,0.380130987179197
97,-0.971719211814868,0.198007128127575,0.0527372123022073,0.117361565425632,0.163500850391346,0.435208348229609,0.380099541616975
98,-0.971734153160728,0.19793542549567,0.0526764999598762,0.117386069304789,0.163511006733389,0.435229355320765,0.380111897869907
99,-0.971742469617133,0.197890516850146,0.0526615457240953,0.117399649425062,0.163513875895961,0.435241826024346,0.380110443983309
100,-0.971719206737643,0.197988297256486,0.0527857237209631,0.117371567161292,0.163501659301299,0.435218606641421,0.380069466508325
101,-0.971748271760107,0.197873193315806,0.0525757862591798,0.117419259056936,0.163483120034996,0.435240743493911,0.38013497618907
102,-0.971704611296428,0.198072303381757,0.0528147365427341,0.117337609581173,0.163467195457494,0.435194350450038,0.380064765517141
103,-0.971778630825573,0.197748270113202,0.0525365860941126,0.117396002741087,0.163489501573279,0.435274870631037,0.380156854147185
104,-0.971744553134512,0.197886851342214,0.0526030749683657,0.117414794737056,0.16346032724523,0.435232160166752,0.380128799179152
105,-0.971770649546318,0.197760829754232,0.0526061087534052,0.117409779052136,0.163496583088771,0.435267267505461,0.380134236721188
106,-0.971754402854688,0.197857704429519,0.0525956990245479,0.117385696635187,0.163474193419102,0.435243668361533,0.380131934139485
107,-0.971739942539215,0.197903069837083,0.0526941823601399,0.117384761227076,0.163487403013469,0.435236320319535,0.380093658049071
108,-0.971752817918306,0.197848196000266,0.0525399123837465,0.117439813581172,0.163494433530293,0.435243848891792,0.380136686154894
109,-0.971732020695989,0.197949557546763,0.0527100717675386,0.117364819922289,0.163490356785962,0.435228466169314,0.380085929780635
110,-0.97175252934509,0.197861143029886,0.0527136711864121,0.117342484464824,0.163523993494762,0.435258108639374,0.380090555360391
111,-0.971712694593462,0.198045145613859,0.0527023570452124,0.117367035519256,0.163488871670032,0.43520400602554,0.380083804962207
112,-0.971732767716396,0.197940141023959,0.0527122459750154,0.117373539786093,0.16351158945329,0.435235543122563,0.380084293028766
113,-0.971713521725536,0.198035759395557,0.0527444606997097,0.117357111253974,0.163499485392907,0.435209662423265,0.380073565652504
114,-0.971738270707345,0.197918692878576,0.0527243780673854,0.117358698907846,0.163513679271241,0.435243145018817,0.380086457338113
115,-0.971694284767959,0.198114312742282,0.0527311058673731,0.117389805817809,0.163469387898816,0.435182473180639,0.380073204426056
116,-0.971754161796275,0.19783900231038,0.0525848123833988,0.117424084850828,0.163499335626339,0.435255719744297,0.380120175297908
117,-0.971720774361566,0.19799849925929,0.0527059363913319,0.117377234736297,0.163471865425414,0.435215155036653,0.380082004084668
118,-0.971743505525338,0.19790432350157,0.0526338919750359,0.11738020115962,0.163472545408199,0.435240964848951,0.380104234081251
119,-0.97176802261482,0.197797970794929,0.0525877970390618,0.117377155252929,0.163495250363223,0.435271536390623,0.380122384079732
120,-0.971753500335338,0.197861426815354,0.0525788049650287,0.117394461679671,0.163471722780272,0.435252595708859,0.380114245631488
121,-0.971720071760588,0.198005770378486,0.052759129360007,0.117346884507401,0.16348215644734,0.435219233954899,0.380069500165073
122,-0.971748470227471,0.197890978712047,0.0526478117707899,0.117355353822078,0.163501580486852,0.435251232235829,0.380110045307319
123,-0.971743962861332,0.197897749597191,0.0525923114523124,0.117406133242796,0.163494244356108,0.435242621467032,0.380115016464598
124,-0.97168694806613,0.198165894172471,0.0527758790486062,0.117343342100869,0.163468143232572,0.435175492412779,0.380062801103238
125,-0.971704607985451,0.198076554448244,0.0527699198373289,0.117350624020982,0.163488773784077,0.435196426935875,0.380065353817596
126,-0.971679623313618,0.19818118558033,0.0527427457632255,0.117393058093036,0.163453414237404,0.435162990273672,0.380061018712514
127,-0.971732551155301,0.19794482759544,0.0526705244392545,0.117386158079711,0.16349173102488,0.435228695019146,0.380090506626662
128,-0.97171201172821,0.198030844322011,0.0527625333523215,0.117369783311004,0.16348049554021,0.435205645765902,0.380067121946444
129,-0.971730531420722,0.197952810838324,0.052655981417807,0.117395939482317,0.163468957519294,0.43522221135593,0.380099875344792
130,-0.971714546826653,0.198026582856226,0.0527182276947594,0.117375893762228,0.163452166380726,0.435205894262634,0.380080068879738
131,-0.971728699639897,0.197955277005315,0.0527464016333372,0.117366348314321,0.163475045855551,0.43522647075284,0.380073899655991
132,-0.971717974666562,0.198004276794867,0.0526867749791917,0.117399266706182,0.163450970449475,0.435210135221823,0.380079551067021
133,-0.971729828261025,0.197943695527937,0.052640501667824,0.117424068455761,0.163464377483356,0.435224421966219,0.380092048321325
134,-0.97172312842748,0.19797959483892,0.0525854659270677,0.117443648103088,0.16345029589904,0.435210627410946,0.380108074012063
135,-0.971741472045628,0.197902670266807,0.052583214111959,0.117422528509307,0.163461434986154,0.435236184593902,0.380104537554635
136,-0.971737975842894,0.197915024012674,0.0524857402550349,0.117474238217148,0.163439994680602,0.435226109619579,0.38012385815742
137,-0.971727872585931,0.197962420174968,0.0526192071210211,0.117418230611966,0.163447054954798,0.435216641193958,0.380087900957577
138,-0.971703279892818,0.19807046050049,0.0527096805692177,0.117398969744005,0.163428311226157,0.435187688758179,0.380058346123007
139,-0.971704801725939,0.198045253769204,0.0527179960730677,0.117425161921476,0.163433246736339,0.435188597725975,0.380056049021992
140,-0.971735564017272,0.197916561543246,0.0526409188030572,0.117422152758766,0.163442234055242,0.435226655132225,0.380084516329616
141,-0.971708884413925,0.198046059226354,0.0526154791748408,0.117435998429612,0.163412392534071,0.435187665332247,0.380090371562452
142,-0.971702761015818,0.198049297841642,0.0526864548847662,0.117449381992177,0.163416598475932,0.435187430193901,0.380064115817029
143,-0.971687836396415,0.198122985636653,0.0527134764012594,0.117436453315683,0.163409110409296,0.435167211478528,0.380060417826989
144,-0.971700427054369,0.198044364403574,0.052684473213097,0.117477896102199,0.163419417361416,0.435183656343968,0.38006595695412
145,-0.971693974465457,0.198087479220187,0.052710211914769,0.117447026882832,0.163404458662724,0.435175929877168,0.380056420333714
146,-0.97172181462402,0.197968707024864,0.0526514345581015,0.11744331595148,0.163418226499403,0.435208032721032,0.380080063938953
147,-0.971708225715786,0.198044542366877,0.0525973870796628,0.117452110186938,0.163387252960405,0.435184692240842,0.380087676310085
148,-0.971709459517194,0.198026487738135,0.0527116708874581,0.117421106242249,0.163409206517034,0.435194111364334,0.380056911012761
149,-0.971710350735208,0.198024152769624,0.0525979784638086,0.117468642009061,0.16338479358355,0.435192019397265,0.380076804630577
150,-0.971741265204268,0.197906027234125,0.0525217794721974,0.117446075135304,0.163406120760029,0.435230355438964,0.380108353729925
151,-0.971741993832144,0.19789222065341,0.0526067029820464,0.11742530063555,0.163419479003417,0.435237335560107,0.380083760760786
152,-0.971707759572826,0.198036143107662,0.0525921101864747,0.117472490205722,0.16338753139624,0.435190493698613,0.380073410981383
153,-0.97170688661678,0.198058239639239,0.0526101986110314,0.117434352787583,0.163388043813998,0.435187247552729,0.380074591872519
154,-0.971719178015185,0.1979966793833,0.0526518491749878,0.117417787447788,0.163399287643352,0.435205890838444,0.380069484267733
155,-0.971732215407273,0.19794663386212,0.0525171499798348,0.117454589694591,0.163378066515074,0.435216555993167,0.380097135847411
156,-0.971707991862791,0.198041921571085,0.0527332418129426,0.117397534294,0.16337577929585,0.435196083279053,0.380032265273827
157,-0.971734053293813,0.197951339926297,0.0525844622189944,0.117401324624986,0.163358303226791,0.435220145947614,0.380078574404245
158,-0.971704810369368,0.198073429101677,0.0526712168758626,0.117398556642528,0.163324550837021,0.435185608034639,0.380039169211074
159,-0.971747451583117,0.197880901276085,0.0526298667454312,0.117388825610624,0.163358139333529,0.435239570917412,0.380050917550892
160,-0.971735310228377,0.197949888903457,0.052593234580056,0.117389437407615,0.163337679619756,0.435219758789227,0.380061633564237
161,-0.971741081697628,0.197941252664491,0.0525626108311255,0.117369938985039,0.163331146473667,0.435221879524642,0.380064812926082
162,-0.971744603865521,0.197910357370543,0.0524899629464018,0.117425376701935,0.163318116315258,0.435222262552041,0.380088879875645
163,-0.971732352096394,0.197963373610464,0.0526082802549353,0.117384442949615,0.163325740323927,0.435209565565772,0.380065756755376
164,-0.971700082494848,0.198102935265684,0.0526589541837681,0.117393403830446,0.163281662415665,0.435161756943518,0.38005235441301
165,-0.97174040851069,0.197925515906956,0.0525566273025322,0.117404725403307,0.163293355619963,0.435206010248726,0.380087056316036
166,-0.97171925221801,0.198004015799745,0.0526407194516159,0.117409791975211,0.163277527547651,0.435178204557818,0.380066887433662
167,-0.97171305654465,0.198027657178252,0.052663322242413,0.117411060907987,0.163273464754116,0.43517271775869,0.380062353817356
168,-0.971743713289459,0.197908550928076,0.0525543582992064,0.117406986911859,0.163280941880916,0.435210107378518,0.380095623690498
169,-0.971723664166194,0.197982375549653,0.0526677204878187,0.117397660495256,0.163277704761783,0.435193313183747,0.380047713239636
170,-0.971723953109125,0.197965560567486,0.0525915371065692,0.117457762655108,0.163283798951502,0.435190154864252,0.380065092184168
171,-0.971709873885957,0.19807387809592,0.0526558899796236,0.117362758399053,0.163281812288324,0.435180084184163,0.38005073436523
172,-0.971747950249304,0.19787321953375,0.0525024464066741,0.117454686151457,0.163316780766709,0.435227659873813,0.380091368649188
173,-0.97172365600475,0.198017822656057,0.0525277435939967,0.117400657682312,0.16330004359336,0.43519180339016,0.380091644513607
174,-0.971714772293168,0.198000490209668,0.0526002790799284,0.117470923315863,0.163320537132046,0.435188725190694,0.380070069192396
175,-0.971707587256695,0.198075354485806,0.0525796066315781,0.117413388417004,0.16330367145425,0.435177797755436,0.380080603144564
176,-0.971718797061559,0.198003389616482,0.052512726836669,0.11747191433614,0.163312051634773,0.435182864203892,0.380106717580308
177,-0.971718709856183,0.197984147828411,0.0525950682478889,0.117468229407331,0.163335983350291,0.435180624656878,0.380094458910514
178,-0.971682586741845,0.198156011791456,0.0526247274289988,0.117463967567101,0.163306983095256,0.435137096058814,0.380076788300927
179,-0.971709981767045,0.198011480927364,0.0525909658422002,0.117496191712866,0.163340265289376,0.435178663402119,0.380087259234154
180,-0.971680963972641,0.198153426198819,0.0527181578623798,0.117439855970896,0.163319179319682,0.435147994797265,0.380041152143635
181,-0.971728373422171,0.197931190269374,0.0525302541314674,0.117506530055713,0.163332210115749,0.435193735794548,0.380103449014333
182,-0.971725294919545,0.197955815288038,0.0524832522856904,0.117511508528689,0.163322480203923,0.435192140189097,0.380110835470402
183,-0.971673985328759,0.198190355116007,0.0526572637755533,0.117462598072702,0.163299524566609,0.435136249522824,0.380054187268357
184,-0.971685738087262,0.198103380855602,0.0525799437527681,0.117546698832201,0.163298641030455,0.435142334165537,0.380078958463363
185,-0.971706827835142,0.198039083523808,0.0525681251800594,0.117485975123289,0.16331760799019,0.435171484319311,0.380094876201924
186,-0.97169326011758,0.198070964999871,0.0525868731700845,0.117536044838518,0.163330637256602,0.435153031153565,0.380090430487112
187,-0.971689875276524,0.198110161901952,0.0526574813604175,0.117466334296478,0.16334920766785,0.435158174779878,0.38007496046086
188,-0.971688531357364,0.19809303157743,0.0526938997520323,0.117490007225956,0.16337963799636,0.435158901131169,0.380062651413932
189,-0.971666435918585,0.198186508574309,0.0527410820556307,0.117493929170833,0.163381628588106,0.43513829278027,0.380042262202088
190,-0.971713049961455,0.198005786942886,0.0526056054015161,0.11747385731334,0.163428497901151,0.435199264001048,0.380087928704201
191,-0.971660387461686,0.198221599233711,0.0526472417954355,0.117526835090412,0.163385456182927,0.435128901463412,0.380058755157354
192,-0.971671778041538,0.198191603861886,0.0526286456517003,0.117491572349328,0.163390277355374,0.435145660508788,0.380063265758046
193,-0.971680866366918,0.198130266393004,0.0527013278938162,0.117487282348777,0.163418616053175,0.435159527905213,0.380051110403217
194,-0.971677748338418,0.198153011808544,0.0525939020551977,0.117522843574317,0.163374998372778,0.435149028339176,0.380077863990579
195,-0.971679732898411,0.198131023858679,0.0526994040585967,0.117496241944382,0.163376011270793,0.435155975275153,0.380046115665625
196,-0.971673920156463,0.198154166457627,0.0527382763123529,0.117487843689709,0.163373814800928,0.435142255196964,0.380043284093207
197,-0.971695184226906,0.198082803202745,0.0526107562687428,0.117489490382807,0.163358948981524,0.435163026719182,0.380086536307482
198,-0.971676113993556,0.198138353506869,0.0526581184305156,0.117532314396201,0.163349907811179,0.435135253836817,0.380064874949259
199,-0.971685497297077,0.198126863647996,0.0525740897419093,0.117511724229327,0.163332384828708,0.435142163518126,0.380090316871845
200,-0.971673881355961,0.198162353102364,0.0526964128096618,0.117493140993717,0.163348965756262,0.435133705066097,0.380055635387873
201,-0.971710521442569,0.198008499321102,0.0525698078186989,0.117506221198372,0.163366911442087,0.435179743098193,0.380098996399078
202,-0.971654736196058,0.198247600611006,0.0527674665168003,0.117475771787831,0.163350073373953,0.435120170089403,0.380026264232818
203,-0.971681748253953,0.198130604968532,0.0526551522350784,0.117500120970341,0.163360765848761,0.435148189088032,0.380065193068388
204,-0.971711965701758,0.19800693995703,0.0526682783321473,0.117452798597595,0.163399518131003,0.435190854658713,0.380073390012735
205,-0.971668074425337,0.198176791142569,0.0526520580127585,0.117536689514433,0.163362184716021,0.435131727666774,0.380066349043569
206,-0.971659174441524,0.198219593073169,0.0526881708387578,0.117521905614186,0.163350138402181,0.435124533915884,0.380051777183395
207,-0.97170276997251,0.198056016699855,0.0525503376144607,0.117498949328683,0.163358039811301,0.435172596991298,0.380101210688577
208,-0.971698925234292,0.198048965784163,0.0525679221100166,0.117534758328675,0.163354503281154,0.435165608706284,0.38008977683522
209,-0.971677664611543,0.198156090932227,0.0526342127489366,0.117500295190336,0.163345725707324,0.435139694645523,0.380072792184012
210,-0.97165558692201,0.198215244299866,0.0526822675673893,0.117561541391508,0.163329228618266,0.435113255499537,0.380047757423593
211,-0.971691910841276,0.198101301560813,0.0525525641847217,0.117511415288695,0.16333699177226,0.435152224949793,0.380098450748604
212,-0.971662287841483,0.198197691468766,0.0527464011465798,0.117506981278521,0.163341499046824,0.435124023805132,0.380038620701036
213,-0.971702615368257,0.198019899157405,0.0526075702457548,0.117535485607622,0.163353433525085,0.435166958664583,0.380089758852335
214,-0.971691275439251,0.198092524000735,0.0526254632383496,0.117498841650501,0.163329840065986,0.435149966238606,0.38008263655973
215,-0.971688512065408,0.198094272533632,0.0525849918933834,0.117536859482705,0.163325350773306,0.435139961890613,0.380092435091554
216,-0.971694354647047,0.198076189021159,0.052660795607269,0.117485084567885,0.163328164234477,0.435156407747764,0.380063302543606
217,-0.971689557199888,0.198088045457181,0.0526466314179252,0.117511118095203,0.163319829439878,0.435142577337121,0.380069177832697
218,-0.971664162862118,0.198228335086671,0.0526633832433082,0.117477018363567,0.163292126679495,0.435111785528738,0.380056834888238
219,-0.97166346175341,0.198213398748642,0.0526947902352604,0.117493934873052,0.163309301818015,0.435119074017208,0.380049040465857
220,-0.971656916786564,0.198242450535053,0.0527109603335158,0.117491793447043,0.163314473725252,0.435108139168101,0.380047650816324
221,-0.97167109281689,0.198200151190467,0.0527556310355427,0.11742585254597,0.16333774842976,0.435132827592317,0.380040907214692
222,-0.971668289584847,0.198181035630263,0.052727133130948,0.117494091611307,0.163329812592236,0.435125650041833,0.380042032436836
223,-0.971710049732208,0.198024659764035,0.0525772938114691,0.117479536729726,0.163340149349379,0.435175846154636,0.380091403465501
224,-0.971686547264041,0.198087055106435,0.0526977741976633,0.117514752520522,0.163326674813423,0.43514473391313,0.380050595818635
225,-0.971681909856017,0.198123952204267,0.0526343468375066,0.117519322473008,0.163314991209879,0.435133417020492,0.380067805009234
226,-0.971666347182234,0.198212887141654,0.0527484542060143,0.117446846289627,0.16331374946287,0.435123027491599,0.380033513636521
227,-0.971655910603759,0.198237796597973,0.052705840862414,0.117510262223121,0.163298744253397,0.435101493036766,0.380042315808674
228,-0.971681959553883,0.198130997132924,0.0527153321284097,0.117470724911488,0.163322714835762,0.435142329341587,0.380049755252112
229,-0.971632300712504,0.198323746418086,0.0527878541352896,0.117523641343402,0.163297649443808,0.435075704780438,0.380018217403853
230,-0.971681215056058,0.198145110458991,0.0526788577953307,0.117469440493073,0.16330408234497,0.43514080658183,0.380055127056055
231,-0.971652879908852,0.19824479968438,0.0526806142945629,0.117534817141483,0.163263678620569,0.435094476783236,0.380050747011772
232,-0.971671477803928,0.198172146438431,0.0526712659380337,0.117507775669531,0.163273975111054,0.435113376774983,0.380061602398573
233,-0.971703302851216,0.198043183971945,0.0525407119459713,0.117520475230924,0.163266712352049,0.435150766762419,0.380100707935238
234,-0.971694464478082,0.198054748825851,0.0525973405710444,0.117548730044334,0.163261749195339,0.435141280583524,0.380074714972625
235,-0.971675666820066,0.198158856400503,0.0526531880241519,0.117503650712301,0.163246495329372,0.435121780121025,0.380055094294994
236,-0.971655083732733,0.198214445139656,0.0526765866929111,0.117569593044712,0.163243439040933,0.435091763361065,0.380043462877703
237,-0.971689548283395,0.198076385632628,0.0525857959115876,0.117558076200103,0.163270920693032,0.435134324193214,0.380078539199455
238,-0.971672485296929,0.198151041257423,0.0526718997811916,0.11753474864451,0.163280508122459,0.435115166192329,0.380061079345742
239,-0.971660884747868,0.198197504927506,0.0526435860572203,0.117564990275753,0.163273922188258,0.435096267439019,0.380069193929821
240,-0.971652850772166,0.19825091525892,0.0526843829216851,0.117523052978914,0.163261060262659,0.435089778134092,0.380056323607999
241,-0.971658733130213,0.198216300719497,0.0527272370901715,0.117513586149449,0.163283534549594,0.435095670702362,0.380053700551689
242,-0.97165506256191,0.198253776822856,0.0527201605027729,0.117483888469206,0.163269202644045,0.435091747647692,0.380049392917931
243,-0.971685346667556,0.198093183504438,0.0526244018976164,0.117547224746251,0.163281946578627,0.435126553370178,0.380078277960081
244,-0.97166956566267,0.198146331652623,0.0526377091363462,0.117582132972674,0.163275999071165,0.435110346958875,0.380063543565119
245,-0.971646531403622,0.198271585162419,0.0527034942065423,0.117531860475844,0.163259773669733,0.435085398047261,0.380037917035054
246,-0.971671705368695,0.198163204556437,0.0526009894549065,0.117552444696743,0.163247444663636,0.435104465040268,0.38007161765748
247,-0.971681560610614,0.198143721879474,0.0525638289992955,0.11752044132832,0.163248247453446,0.43512798946716,0.380088589392979
248,-0.971617106924031,0.198381128550016,0.0527246322544518,0.117580774454976,0.163240382256765,0.435049913291153,0.380039163097656
249,-0.971649135590553,0.198255539232772,0.0526621681466053,0.117555920802617,0.163248190655454,0.43507895880647,0.380070260253937
250,-0.971693791702291,0.198039808125009,0.0526124943691892,0.117572679655125,0.163263404061498,0.435133479698019,0.380088162988637
251,-0.971638425126301,0.198291596473933,0.0525922214166172,0.117614930312295,0.163226098819659,0.435060859221954,0.380080146582384
252,-0.971633004319622,0.198321397439044,0.0526504873149808,0.117583393470958,0.163235018050923,0.435060347167807,0.380062622478461
253,-0.97166800593923,0.198136198883183,0.0525649906573579,0.11764461179075,0.163254479031972,0.4350922791754,0.380093982442091
254,-0.971627521878394,0.198341768980495,0.052721170558229,0.117562662359737,0.163252788907587,0.435053523754702,0.380043735440628
255,-0.971628423832743,0.198335835757785,0.05269511163714,0.117576900214747,0.163250865918185,0.435058660396768,0.380038840856602
256,-0.971672721772448,0.198143173847158,0.0525328515047478,0.117608264734572,0.163239904065109,0.435104224457221,0.380089029777541
257,-0.971655299692374,0.198231128124203,0.0526790258022017,0.117538583719812,0.163248629686108,0.435086163137797,0.380055694648717
258,-0.971615541950037,0.198385367201699,0.0527121399829763,0.117592155434784,0.163219442238137,0.435038125504983,0.38003303133482
259,-0.971654528885265,0.198234032836811,0.0526084860415732,0.117571645894838,0.163203725037647,0.435085580447081,0.38006184837272
260,-0.971684459167631,0.198091351807213,0.0525179342022319,0.117605249621047,0.163211850401666,0.435110936761853,0.380097331441502
261,-0.971597579650381,0.198469942437919,0.0528012640758351,0.11755786523327,0.163182568649363,0.43501148402054,0.380009291004123
262,-0.971658721633156,0.198214764401436,0.0525346623843855,0.117602487625316,0.163193797187112,0.435076800471734,0.380099675036502
263,-0.971658338714474,0.198171727659578,0.0525758204114171,0.11765977337694,0.163207302116061,0.435078040841768,0.38008355138542
264,-0.971654305291636,0.198226383110788,0.0526555501748404,0.117565322620358,0.163240643896967,0.435078192224317,0.380069297457185
265,-0.971681173771113,0.198103965621603,0.052548870834092,0.117597327851655,0.163249321878986,0.435104795182854,0.380106347541718
266,-0.971666600843308,0.198149210685067,0.0526053208977449,0.117616271509264,0.163255466704572,0.435091366621554,0.380090850288151
267,-0.971648970301509,0.198216918546833,0.052642045115775,0.117631402269315,0.16326130657767,0.435072824422626,0.380078660747561
268,-0.971647238788758,0.19822316722336,0.052771140794215,0.117577319366444,0.163261587812968,0.435075400903245,0.380035003999237
269,-0.97167332238691,0.198124815827264,0.0526185602495069,0.117595914181856,0.163246872942714,0.435100960494847,0.380078633398254
270,-0.971625607182508,0.19831543808736,0.0527030852561846,0.117630996288903,0.163230567690946,0.435040111711656,0.380046455534539
271,-0.9716146892857,0.198377723555068,0.0526828575846091,0.117625213615456,0.163206324602028,0.43502780344834,0.380043962889483
272,-0.971622461611329,0.198350416307952,0.0527437586752762,0.117579761709265,0.163194193732661,0.43503808042933,0.380019256215816
273,-0.971650064847685,0.198244511530998,0.052603604042472,0.117593052392854,0.163208040390199,0.435071933043415,0.380061636056024
274,-0.971639362983151,0.198258975144295,0.0526228138659546,0.117648487186451,0.163215748721527,0.435056772204118,0.38005292760011
275,-0.971626730479398,0.198331061913584,0.0526656242877916,0.117612152928692,0.163187223803412,0.435039382357384,0.380036623035228
276,-0.971641586852319,0.19829756134001,0.0526654882320492,0.117545949377222,0.163192262279646,0.435061907050865,0.380044090308813
277,-0.9715973376312,0.198444984434807,0.0528245410914488,0.117591536766511,0.163189999986572,0.435007696009914,0.379990970334079
278,-0.971639907863257,0.19826583505893,0.0526700902344077,0.117611265151625,0.163190882361653,0.435053108238551,0.380039245986086
279,-0.971639139859068,0.198264817623608,0.052610643473106,0.117645927171124,0.163176722899091,0.435045510173639,0.380052584854019
280,-0.971594517773999,0.198484443616145,0.0527594838994136,0.117577444829212,0.163153554729556,0.434993708394238,0.380009801336286
281,-0.971610643791077,0.198401785372153,0.0527341133694754,0.11759507523773,0.163163647558677,0.435016049705622,0.380014182997833
282,-0.971621525334532,0.198357504331789,0.052658806922259,0.117613613308097,0.163147516602583,0.435026043443824,0.380032279468804
283,-0.971604685705104,0.198429578749585,0.0526869172389352,0.11761856037635,0.163139936681581,0.43500515605956,0.380021375333454
284,-0.971612673382506,0.198366042969698,0.0527638149962244,0.117625276816198,0.163150414157651,0.43501912318936,0.380000653351392
285,-0.971638436401955,0.198270035625132,0.0527235160067877,0.117592400857599,0.16315756871551,0.435053396226814,0.38001768359776
286,-0.971616572747373,0.198366786681264,0.0527079564340309,0.11761685607491,0.163131825210187,0.435018648469949,0.380011704730078
287,-0.971621769490914,0.19833739028072,0.0527371656400621,0.117610407822739,0.163123567556396,0.435028806713536,0.380001302297516
288,-0.971646887853587,0.198250501857673,0.0526418282841675,0.117592099022507,0.163123927274166,0.435049317308238,0.380037658775371
289,-0.971581284932286,0.198535710415887,0.0527756432916216,0.117592984204598,0.163093749199211,0.434974883670315,0.379992913211313
290,-0.971617752671632,0.198426941850329,0.0526642955563045,0.117525160773386,0.163112720660281,0.435025008117531,0.380040079014535
291,-0.971633578216877,0.198297403972229,0.0526607729404547,0.117614506982165,0.163122111654155,0.435038136734192,0.380032519548611
292,-0.971601666526709,0.198427274777968,0.0527323938265796,0.117627007392134,0.163110832427994,0.434993995191654,0.380006878204806
293,-0.971584884883251,0.198473468031012,0.0527095688407297,0.117697898480671,0.16311165555093,0.434976741060373,0.38001164817497
294,-0.971609145912877,0.19836211073222,0.0527403352610292,0.117671566832696,0.163127244486967,0.435010218813519,0.380006576364834
295,-0.971596517791394,0.198442933043782,0.0527819928030091,0.117620874747479,0.163097920436846,0.434997529444786,0.379985733496164
296,-0.971571622634635,0.19854530626253,0.0527918254298874,0.117649337524704,0.163063330721047,0.434959968418754,0.37997779601567
297,-0.97158471695119,0.19850791318369,0.0527573537940442,0.117619759441104,0.163057379522035,0.43497699775753,0.379994899561996
298,-0.971576804357011,0.198523059906677,0.0527938608856845,0.117643173084929,0.163042848116484,0.434967233466153,0.37997745806447
299,-0.971578502868135,0.198520511802785,0.0527197989528767,0.117666656094417,0.163034919381675,0.434961784569756,0.379996266977996
300,-0.971586505335626,0.198506659930614,0.0527992199897707,0.117588311414733,0.163056264985544,0.434980039323161,0.379977470762504
301,-0.971613034780295,0.198392083025243,0.0527776163481317,0.117572170391384,0.163075281556374,0.435018848834371,0.379989281120854
302,-0.971568380462881,0.198577050727336,0.0528204899343181,0.117609663090522,0.163046815434489,0.434957690415204,0.379975446806264
303,-0.971555587305211,0.198616712509741,0.0528327951410169,0.117642841029265,0.163049416302236,0.434938244688911,0.379973415930012
304,-0.971600996528372,0.198441729794615,0.0528145954017598,0.117571263214031,0.163091090135592,0.435004995158296,0.379988072728948
305,-0.97159860816563,0.198437009070641,0.0527509019068486,0.117627549450476,0.163071191589468,0.434996218347959,0.379993597064863
306,-0.971550079081174,0.198633040482867,0.052870329890837,0.117643900322672,0.163057846094783,0.43493344155521,0.379961103049861
307,-0.97154727924867,0.19863209710702,0.0528607677079032,0.117672908609867,0.163052612868783,0.43493271345839,0.379962903724576
308,-0.971584694016365,0.19850371585074,0.0527480913050529,0.1176311863846,0.163064327852591,0.434981577370548,0.379996795997252
309,-0.971558962403902,0.19860631633434,0.052732339860445,0.117677585026203,0.163043078608731,0.434943585975702,0.379995515100247
310,-0.971555101868884,0.198614294827328,0.0527729993299398,0.117677765378624,0.163050978998212,0.434941464189836,0.379988752860835
311,-0.971567680617805,0.198557187112803,0.0527792558567021,0.117667478837625,0.163067436801872,0.434962075059606,0.379991217102743
312,-0.971536717483972,0.198724228905669,0.052780546894266,0.117640559739657,0.163027632483447,0.43492279932493,0.37997757218975
313,-0.971603582016965,0.19841950212417,0.0526711804185396,0.117651720522555,0.163072152035921,0.435004579724459,0.380021965612074
314,-0.971580351911826,0.198483808661625,0.0527588717381639,0.117695789775947,0.1630495056863,0.434970562808305,0.379991032192735
315,-0.971550368826255,0.198652847086789,0.0528383300054955,0.117622438591072,0.163028917280967,0.434933506205319,0.379972912488407
316,-0.971554792314574,0.198627944664333,0.0528089772242208,0.117641136740255,0.163021802575969,0.434934918896182,0.379980990073974
317,-0.971587493630947,0.198468823194059,0.0527368138755724,0.117671988604562,0.163026720394174,0.434971575090782,0.380004501968602
318,-0.971545298890049,0.19866232700325,0.0528139290058351,0.117659257762683,0.162996771580527,0.434923560731162,0.379973356015901
319,-0.971586745554184,0.198476856777988,0.0527549618065661,0.117656479599495,0.163039786460893,0.434976108837488,0.380007485180539
320,-0.971588432991884,0.198476104960101,0.0527554739087997,0.117643582948241,0.163039842002657,0.434980261258759,0.380009133953207
321,-0.971561853946714,0.198576443125115,0.0527610944358092,0.117691236314937,0.163032973840123,0.434945819825565,0.379998590207319
322,-0.971551576503818,0.198639138985471,0.0528158888809217,0.117645690689355,0.163040800203603,0.434936770250913,0.379984489769909
323,-0.971566041928462,0.198574037215584,0.052827058875022,0.117631117337132,0.16305003639391,0.434959043965516,0.379979556130409
324,-0.971565055931755,0.198569728465711,0.0528163067185814,0.117651361122552,0.163057953745378,0.434956575590849,0.379983889830731
325,-0.971571460127262,0.198564003595247,0.0526894426060138,0.117665020206829,0.163042758580096,0.434961397387911,0.380017653034987
326,-0.971528724580663,0.198715966766893,0.0529463143652279,0.117646035469576,0.163021878728548,0.434913527486864,0.379931544506611
327,-0.971591146904278,0.198460694485735,0.0527407093689408,0.117653786920482,0.163047984638979,0.434990076200131,0.379997776389658
328,-0.971539532392412,0.198707762235044,0.0528907338042915,0.117595631313059,0.163034153752192,0.434931193835854,0.379952529932839
329,-0.971571918613306,0.198561481683041,0.0528053209430446,0.117613532529198,0.163050026523925,0.434972105748608,0.379981955380945
330,-0.971575998699841,0.198542167633359,0.0527899945979047,0.117619313431965,0.163054186684848,0.434978185607415,0.379988203218349
331,-0.971609680834477,0.198371163989851,0.0526759557506586,0.117680725234816,0.163090605881251,0.43501700427087,0.38002581723883
332,-0.971590640902271,0.198472107519588,0.0527122660225771,0.117651460078544,0.163065380143712,0.434993287629401,0.380005228953982
333,-0.971563570798358,0.198570107092102,0.0528969747471263,0.117626742408251,0.163056540961223,0.434963048179273,0.379953592826585
334,-0.971545422379573,0.198669955832783,0.0528512460542613,0.117628596409246,0.163025872693541,0.434938883854847,0.379963043633221
335,-0.97157349407006,0.198568422818605,0.0526994761498118,0.117636271163968,0.163018952265588,0.434967174752132,0.380014463416215
336,-0.971570492737294,0.198576738880776,0.0528204771815623,0.117592744708163,0.163018263494453,0.434965035826564,0.3799769086387
337,-0.97155879959671,0.198637235348816,0.0528720667843825,0.117563991992138,0.163008278194572,0.434953101999119,0.379951757731833
338,-0.971548503538637,0.198651771763691,0.0528520398312492,0.117633501744438,0.163011089300005,0.434934462487804,0.379955655662904
339,-0.971560015509681,0.198612451390666,0.0528575954025013,0.117602317254741,0.163013234353186,0.434952755217197,0.379951867785216
340,-0.971587007411902,0.198504452209987,0.0527408105857195,0.117614099409715,0.163022919001569,0.43498163369103,0.379990316608325
341,-0.971536105703414,0.198741069601098,0.0527833902341344,0.117615884487795,0.162977828012544,0.434914796621029,0.379963267066101
342,-0.971549432608569,0.198671006304446,0.0528556727913045,0.117591705088948,0.162988884807807,0.434936297575515,0.379942028391528
343,-0.971538626186781,0.198703522638984,0.0528517852595094,0.117627788863192,0.162979164014854,0.434914053418097,0.379939798719519
344,-0.971575110560331,0.198536593365543,0.0528415970941489,0.117612887265919,0.163006962189438,0.434989949150217,0.379948708808673
345,-0.971535276484725,0.198713124866809,0.052804586253855,0.117660427595586,0.162960412544995,0.434925063167758,0.379957819644784
346,-0.971545595154612,0.198639427809549,0.0529026322008806,0.117655623585882,0.162973806914005,0.434923356367002,0.37991919463282
347,-0.971543073982328,0.198672892622264,0.0530097760786691,0.117571683555869,0.162960584852571,0.434935790527915,0.379889499644835
348,-0.971545716579165,0.19869107489677,0.0528249120929861,0.117602321471178,0.162947750203423,0.434929141026008,0.379951545171397
349,-0.971504856983969,0.198851711532938,0.0529551960644334,0.117609765269538,0.16293576729057,0.434876150400127,0.379911029937476
350,-0.971564990320198,0.198601906275386,0.0528730092289332,0.117572094065609,0.162963158912534,0.434956998503469,0.379948465494625
351,-0.971528092058264,0.1988644242049,0.0528399398841219,0.117448064608685,0.162921467118121,0.434917330153472,0.379960634051517
352,-0.971555196653094,0.198768132148532,0.0528520112631101,0.117381405699523,0.162971316659607,0.434960977383995,0.37997289718229
353,-0.971580124246416,0.19852568477504,0.0528323440615482,0.117594039282959,0.162961605133734,0.43497140542401,0.379961069943572
354,-0.971524069148948,0.198756991782365,0.0529343897950205,0.117620540973608,0.162916571299497,0.434894523940644,0.379911522797789
355,-0.971481550112574,0.199004658603654,0.0530621052750309,0.117495347264036,0.162956095634188,0.434861304558346,0.379866959199246
356,-0.971517455586346,0.19882481756815,0.0529674647677106,0.117545621297033,0.162940725903913,0.434909889991266,0.379882462688858
357,-0.97152965083455,0.198704597280562,0.052893383841541,0.117681394088695,0.162914999633253,0.434906945360035,0.379917452586323
358,-0.971480102393257,0.198989541719128,0.0529567813895012,0.117580407573979,0.162922866803686,0.434845149847513,0.379909253795124
359,-0.971543968290443,0.198756074915451,0.0529194458668822,0.117464346130235,0.162956709357316,0.43495346507182,0.379923408746435
360,-0.971574343540693,0.198545062238601,0.0527319066389059,0.117654151037548,0.162952283000376,0.434970807431411,0.379981029340507
361,-0.971477789767935,0.198974661722443,0.0529804802402384,0.117614015719051,0.162919065153458,0.4348449658662,0.379897250663763
362,-0.971514088065399,0.198915189377921,0.0530600947196949,0.117378662769427,0.162933013422068,0.434915626206602,0.379882146968747
363,-0.971559870687849,0.198701709361248,0.0527598083450269,0.117496599905376,0.162898429161374,0.434949108795236,0.379953259022458
364,-0.971508929783855,0.198915527390847,0.0529301162487833,0.117479424185429,0.162888678557871,0.434887095984211,0.37990073848828
365,-0.971505924474499,0.198906012210336,0.0530265477629867,0.11747690092044,0.162915476454532,0.434893890065077,0.379902356019836
366,-0.971499397390279,0.198862021631115,0.0529888587527745,0.117622268602464,0.162905814941498,0.434874390262416,0.379889976648728
367,-0.971485645561719,0.199027523863313,0.0530658539804717,0.117421038803491,0.162878929048008,0.434859536409702,0.379857246031865
368,-0.971501769935969,0.198870848611136,0.053059710668657,0.117555789681852,0.162912640526031,0.434894106495332,0.379866108685108
369,-0.97145587204874,0.198991908326756,0.0530675294417178,0.117726574746108,0.162897793598446,0.434814679068449,0.379872146804054
370,-0.971467079350885,0.19896994259896,0.0530375803663378,0.117684709068392,0.162897258435126,0.434821304065431,0.379880920956251
371,-0.971516525886776,0.198794131986024,0.0529352969391108,0.117619672482036,0.162940762931563,0.434913797730064,0.379934014820995
372,-0.971435075925771,0.199142381556958,0.0530663524300032,0.11764424069494,0.162908493609937,0.434809046629339,0.379879318836791
373,-0.971473196308229,0.199035525539851,0.0529993616845597,0.117540444480942,0.162918654289242,0.434842295415674,0.379909062633309
374,-0.971493743347059,0.198929739037409,0.0529630331481287,0.117566077946731,0.162925704505423,0.434865774922593,0.379909301564975
375,-0.971486368954428,0.199005892588477,0.0529383937847864,0.117509217146107,0.162900590981626,0.434870146169375,0.379908189756408
376,-0.971450504139425,0.199126769575929,0.0530190424047326,0.117564572844019,0.162888866505975,0.434817907493197,0.379893949501985
377,-0.971480145001431,0.198967008572212,0.0530908201496845,0.117557739786277,0.162921453605961,0.43485647662819,0.379872407204517
378,-0.971485141278438,0.199007734812012,0.0529942169879671,0.117491083602278,0.162890937381867,0.434859447473369,0.379896070188045
379,-0.971452169331216,0.199088226166425,0.0530442469281213,0.117604714069675,0.162884469023664,0.434821020372924,0.379884950613643
380,-0.97148833163878,0.198949394075283,0.0530124721318078,0.117555254605024,0.162932971650537,0.43486869804804,0.379916955844407
381,-0.971500498345898,0.198847057618856,0.0529088812328399,0.117674464845538,0.162960568526768,0.434873050755111,0.379957145583892
382,-0.97146118822489,0.199037996840011,0.0530149530930375,0.117628441863115,0.162940686540505,0.434833284211768,0.379924897979389
383,-0.971453592492486,0.199114946101393,0.0530018229377897,0.117566843275447,0.162928331105329,0.434826661737805,0.379922793577809
384,-0.971484844925622,0.198913616470428,0.0528845231313082,0.117702151533731,0.16294247534415,0.434852470846822,0.379952226486186
385,-0.971466735843534,0.199045144173859,0.0529486864194901,0.117600375580895,0.162933353225118,0.434838119443583,0.379933364119196
386,-0.971498846727417,0.198886734255098,0.0530094447229465,0.117575747987441,0.162972458323413,0.434894509898289,0.379918807585912
387,-0.971493397499384,0.198931146185006,0.052995888041779,0.117551748363382,0.162960597261596,0.434893709394358,0.379904857420777
388,-0.971505649875184,0.198893336022642,0.0528789738168651,0.117567118168536,0.162964204465105,0.434899474687317,0.379933584921882
389,-0.971465241715768,0.199044901541,0.0530286753412013,0.117577084928206,0.162972067425289,0.434855621288065,0.379895977453252
390,-0.971466132895096,0.199069498754492,0.0530851672011895,0.117502563064407,0.163019099835341,0.434875107334465,0.379891207880298
391,-0.971459074229833,0.199062372534357,0.0529610269010438,0.117628944427361,0.163006555237112,0.434855032519414,0.379918612251798
392,-0.971481140105712,0.198969102839673,0.0529202661394201,0.117622854776675,0.163006186920208,0.434872936544678,0.379933718153151
393,-0.971459753903077,0.199075659348507,0.0530982370685166,0.117538953635569,0.163007854527727,0.434853263911807,0.37988914432376
394,-0.971415426495711,0.199230252620495,0.053187864198519,0.117602834612648,0.162981461228102,0.434798853433074,0.379858937618973
395,-0.971442076251169,0.19913420725672,0.053041215135226,0.117611604385082,0.162970628083717,0.43482000324856,0.379903757100355
396,-0.971474336977738,0.198969046839387,0.0530509754797051,0.117620257584062,0.16299424167299,0.434859981791824,0.379903046742427
397,-0.971471830862009,0.19901954601538,0.0530350338870902,0.117562695299331,0.162997830900928,0.434867245509623,0.379906098719304
398,-0.971455644199309,0.199069980277077,0.0530740338262126,0.117593457467682,0.163020505119476,0.434847514453982,0.379894355935891
399,-0.97145694844787,0.199023046734888,0.0529814903016668,0.117703805656953,0.163014458078706,0.434843353108849,0.379915191678005
400,-0.971451473834744,0.199106495139791,0.0530992041659533,0.117554719575162,0.163021483948527,0.434864835799598,0.379880579630054
401,-0.971468311800337,0.199037171895624,0.0529905242852596,0.11758200418248,0.163033103586201,0.434884658921036,0.379895103104835
402,-0.971498596836419,0.198905639200166,0.0529415701578165,0.117576414252467,0.163038572828842,0.434903371930795,0.379904538903886
403,-0.971488002433487,0.198904614029004,0.0530492862581762,0.117617128315834,0.163046786896567,0.434903508597571,0.379887016512176
404,-0.971459021446983,0.199093994988552,0.0529748090803991,0.117569640688671,0.16303019851193,0.434858424388281,0.379922400780457
405,-0.971491545591658,0.198942769928812,0.0529292268266687,0.117577413156242,0.163029943198874,0.434896670695583,0.379920081017296
406,-0.971505332821429,0.198870559680564,0.0529052746656484,0.117596431512252,0.163032813985954,0.434922719948089,0.379929550468361
407,-0.971438553621964,0.199142939221499,0.0531438434804382,0.117579582390885,0.16306442360689,0.434846390187978,0.379870750449744
408,-0.971433158971681,0.19919012992793,0.0531014806068014,0.117563355459775,0.163046284488985,0.434834735917444,0.379875391639344
409,-0.97150625052694,0.198885753656358,0.0528757599059592,0.117576427033635,0.163051925176289,0.434930925256081,0.379943605755246
410,-0.971474057028084,0.199017988830928,0.0529849062927294,0.117569538351729,0.163072764955192,0.434896833868268,0.37990256868542
411,-0.97148886463493,0.199029333310237,0.0529189638259227,0.117457624869595,0.163065431623477,0.434917076975221,0.379920391109402
412,-0.971486320081835,0.198954883288012,0.0530589280264604,0.117541628652962,0.163058762962007,0.434918252766322,0.379870603113846
413,-0.971473710997684,0.199036958535953,0.0530338116414295,0.117518223267402,0.163054326140549,0.434900488191345,0.379868830638077
414,-0.971486479371071,0.199007478222677,0.0529622066629162,0.117494887871967,0.163059766929118,0.434913922584408,0.379896439924906
415,-0.971535940447948,0.198720311664074,0.0528299744696142,0.117631407147896,0.163057738730376,0.434964967453118,0.379944496887297
416,-0.971487272048215,0.198973997213028,0.0530020677256894,0.117527058578816,0.163051811133872,0.434906747870669,0.379897120915526
417,-0.971459750124095,0.19909802157358,0.0530961374300439,0.117502050553706,0.163050669838465,0.434891629296357,0.379873717486664
418,-0.971510738903466,0.198866496234689,0.0529336674266774,0.117545853705446,0.163043851601898,0.434947272465688,0.379920204378634
419,-0.971546760087013,0.198757197904132,0.052808906025479,0.117489100303461,0.163018072504297,0.434973933968566,0.379944731606496
420,-0.971491705647751,0.198995628662354,0.0529631234379833,0.117471329210962,0.163007852179376,0.434908507320089,0.37990038339083
421,-0.971470938332545,0.199050549952464,0.0530724269513029,0.117500689514588,0.163003985840102,0.434885358965311,0.37986738027077
422,-0.971527142476486,0.198796123594138,0.0528529231781834,0.117565646287249,0.163013312593868,0.434949729062836,0.379932651106787
423,-0.971497845414956,0.198968132384491,0.0529300420796878,0.117482038180174,0.163033224976586,0.434931863783581,0.379919217315756
424,-0.971468350670675,0.199104047468788,0.0531065293639394,0.117416006002848,0.163042800519091,0.43489846422149,0.379864855288751
425,-0.971564253334785,0.198700109268895,0.0527137698163557,0.117483729470505,0.163025462442895,0.43499739105239,0.37997700171465
426,-0.971518219079337,0.198876925007783,0.0528944345948854,0.117484030766952,0.163022879730087,0.43495109806279,0.379927676852425
427,-0.971459182146311,0.199129593659625,0.0530551474002757,0.117471756975492,0.163009490010237,0.434882796401084,0.379872258837306
428,-0.971484373966952,0.198998536754005,0.0531009435878431,0.11746481727686,0.163001249170864,0.434908422515536,0.379858271662813
429,-0.97146651169687,0.199030703050701,0.0530313379198873,0.117589425940792,0.16296607839516,0.434878977960267,0.379872587793128
430,-0.97145254885631,0.199192219890575,0.0530255226366928,0.117433806055794,0.162960303011348,0.434860217709321,0.379868156646593
431,-0.971528126742309,0.19883769687145,0.0529647170057252,0.117436825586953,0.162991718375701,0.434962432673589,0.379894356856411
432,-0.971571908331532,0.198649609208213,0.0528422203561042,0.117448113864325,0.16299237828107,0.435025220627405,0.379929643319812
433,-0.971491219112756,0.199028916603598,0.0530042328874505,0.11740039539295,0.162961726385963,0.434923884077375,0.379867750750329
434,-0.971484559446979,0.198997179036498,0.0531730297100071,0.11743296982996,0.162946587618915,0.434901471797293,0.379818412945305
435,-0.971523887898127,0.198842114378889,0.0529116154404647,0.117488338758021,0.162906426784984,0.434934637700046,0.379904166305812
436,-0.971449159373605,0.199201281136152,0.0531062633536993,0.1174099873888,0.16292133784427,0.434852826319877,0.379838366815744
437,-0.971477458642904,0.199100114401054,0.0530990545467682,0.117350680443067,0.16297654469461,0.434905173618967,0.379860417439008
438,-0.971512810073528,0.198925665278137,0.0529624711788034,0.117415570531864,0.162962092131828,0.434943727370963,0.3799030068521
439,-0.971501743456685,0.198992610902938,0.0528539682269957,0.117442587289759,0.16293723906467,0.434913818775719,0.37991529791107
440,-0.971524353267392,0.198925054731379,0.0528681518301974,0.117363589458365,0.162960967065953,0.4349603812235,0.379911423244368
441,-0.971503049484197,0.198924565384895,0.0530415890708871,0.117462470424268,0.162994689132789,0.43493770765756,0.379876613672307
442,-0.971501268168671,0.199028452993341,0.0529323974278664,0.117350424576479,0.162960464266238,0.434924575937093,0.379899910968452
443,-0.971550535995377,0.198871961457328,0.0528667625018463,0.117237384719145,0.162947483157431,0.435013709494871,0.379898982448262
444,-0.971553954761221,0.198822949688593,0.0529903873543162,0.117236370265374,0.162973717972675,0.435015485135855,0.37986474208264
445,-0.971499121220134,0.199027616108586,0.0530574651123084,0.117313131790502,0.162908276048177,0.434928352654617,0.379844604030296
446,-0.971483169666822,0.199013887551203,0.053125623183118,0.117437608019189,0.162877304515497,0.434895977078966,0.379811497752778
447,-0.971517422372707,0.198878359087872,0.0531210275499468,0.117385913741148,0.162900812351493,0.43494497049596,0.379813019935769
448,-0.971470681519804,0.199136843775161,0.0532737333854967,0.117265262247113,0.162880465042456,0.434897720357792,0.379787537998381
449,-0.971520846286484,0.198922037769694,0.052910050348427,0.117378851129468,0.162872909643849,0.43494598788584,0.379897747518602
450,-0.971506923472412,0.199011406480522,0.0531503235796688,0.117233957705049,0.162896244812586,0.434940359959223,0.379840820575825
451,-0.971490403380788,0.199067386654109,0.0531331225874105,0.11728360070295,0.162913388315149,0.434917404441788,0.379856068201089
452,-0.971489796148315,0.199114469542655,0.0529052013229321,0.117311737142679,0.162860319284703,0.434906335953597,0.37990899668287
453,-0.971485527215239,0.199076013353749,0.0531069506696028,0.117321196333328,0.16287790552202,0.43490575416671,0.37985063831312
454,-0.971429197399283,0.199303833814013,0.0534273368569714,0.117255345053402,0.162905016273582,0.434846894225443,0.37974956272782
455,-0.971476290516937,0.199157979051736,0.0530906259180098,0.117265944686065,0.16287791682414,0.434890454459877,0.379847899687459
456,-0.971482583950102,0.199045186097258,0.0530642781454461,0.11741714252205,0.162863630762256,0.434893088461853,0.379856502361535
457,-0.971481185921504,0.199093338559548,0.0531766347699901,0.117296178353348,0.162907514756283,0.434907289635279,0.379830120123199
458,-0.971461109431291,0.199178853121726,0.0531680215065128,0.117321178057172,0.162895738784167,0.434888025150223,0.379824771906143
459,-0.971487416788463,0.199068913360936,0.0530107977735866,0.117361075635758,0.162877586558288,0.434914381910937,0.379864206676425
460,-0.971461446121612,0.199122818848585,0.0531909343168196,0.117403092887727,0.162900818183118,0.434896336176365,0.379813684479654
461,-0.971402284009337,0.199343493093126,0.053481842672293,0.117385973980078,0.162905030664516,0.434818836578199,0.379723804849814
462,-0.971450743562987,0.199207478419863,0.0531878634584396,0.117349412240732,0.162856235535405,0.434864180102309,0.379812642846029
463,-0.971413841798028,0.199307734471245,0.053287408380099,0.117439461218392,0.162846354161102,0.434813609867701,0.379777460819781
464,-0.971450286296836,0.199252320255129,0.0532995363343017,0.117226334726,0.162892607500912,0.434885606116937,0.379774054565989
465,-0.971505264122784,0.199045232845363,0.0531150751516418,0.117206253480302,0.162903606695389,0.434970436301904,0.379845174199563
466,-0.971412316410391,0.199361396074229,0.0532807569493193,0.117363990305552,0.162858445788092,0.434835866408376,0.379777198313727
467,-0.971468199703865,0.199185605707372,0.0532815362060965,0.117199442586716,0.162850001946099,0.434889912120521,0.379750362856215
468,-0.971523328847394,0.198899558552046,0.0530414505379989,0.1173370855182,0.162835782708859,0.434957140169819,0.379820240766404
469,-0.971424127901054,0.199354863273667,0.0530581545687279,0.117378168560322,0.162816912433812,0.434813918512192,0.379839125872224
470,-0.971433044502692,0.199281940787677,0.0533273440761423,0.117306191217309,0.162882313361222,0.434857218238276,0.379774486435269
471,-0.971513129769722,0.198999206641542,0.0531281665265838,0.117213277245367,0.162859148002062,0.434970295352398,0.37983311912539
472,-0.971476968002415,0.19923114603119,0.052932071170716,0.117207708507209,0.162771526273207,0.434890170217835,0.379849482032661
473,-0.971496016763471,0.199196784982277,0.0531038804814489,0.117030372738222,0.162841875969577,0.434957045431139,0.379828473291166
474,-0.971411490546657,0.199365370088005,0.0534063134309232,0.117306994375072,0.162874013470339,0.434849604411667,0.379746090195067
475,-0.971409962294066,0.199389959291515,0.0532449237438147,0.117351213820245,0.16280853345771,0.434799688019326,0.379749946127527
476,-0.971545693707356,0.198923853754338,0.052788687568612,0.117224655729922,0.162800022153015,0.434988694583582,0.379883581642511
477,-0.971469085300664,0.199184542829593,0.0530774042451952,0.117286501190241,0.1628336390429,0.434908077879269,0.379810130879092
478,-0.971445368570486,0.199308761760257,0.0530911567036237,0.11726569169377,0.162831888916983,0.434868023034436,0.379795611884506
479,-0.971469549555123,0.199151128548773,0.0531023175138267,0.117328113253291,0.162827736326051,0.434917846365703,0.379803701083004
480,-0.971399039611845,0.199448016350164,0.0533072308347467,0.11731467834803,0.162816308643952,0.434825488458747,0.379750394934387
481,-0.971453859599289,0.199286153506347,0.0531119290934558,0.117224360430169,0.162810029750844,0.434884485602747,0.379797588309213
482,-0.971531780957069,0.198924322108153,0.052851038111715,0.117311041401531,0.162784793627224,0.434976236734772,0.379856246234569
483,-0.971488107837814,0.199145672661661,0.0529969736582044,0.117231302018317,0.162774215138584,0.434927271850677,0.379818886655821
484,-0.971430270544514,0.199375159122885,0.0532254135362147,0.117217024140845,0.162809062986709,0.43485489095944,0.379772761772919
485,-0.97143786834999,0.199252661758942,0.0531232944993705,0.117408518852494,0.162768868442999,0.434859298777069,0.379786859836064
486,-0.971488526015086,0.199143487989083,0.0529851170632666,0.117236907082926,0.162762649987954,0.434921663971188,0.379812153138881
487,-0.971485139724166,0.199172833578845,0.0529710361474793,0.117221478359359,0.162791669927282,0.434922382998771,0.37982844679531
488,-0.971472902217217,0.199204898727255,0.0531206851484745,0.117200688522195,0.162804240210251,0.434915427295261,0.379798117451495
489,-0.971433276504285,0.199340879168501,0.053182310146081,0.117269966658153,0.162768053081092,0.434857201940944,0.379790301849452
490,-0.971364036653777,0.199615705832091,0.0532456283668928,0.117347268143108,0.162717384468534,0.434760238585284,0.379768547793454
491,-0.971448914171326,0.199314691509046,0.0531090355607365,0.11721813531111,0.162744946589441,0.434879272417608,0.379810398616735
492,-0.971466414050477,0.199186395377801,0.0530508751341235,0.117317479157238,0.162751573130177,0.434893529098385,0.379816295364632
493,-0.971372685901164,0.199527284546118,0.0532977356725874,0.117402381487712,0.162761694980971,0.434779683440985,0.37975550193372
494,-0.971358067869472,0.199570602435918,0.0533574680356539,0.117422566966809,0.162788280338868,0.434775771176178,0.379741007136624
495,-0.971457844614989,0.199272915660755,0.0530323528799652,0.117249864682548,0.162787390247854,0.434900309801465,0.379815120980022
496,-0.971439703477345,0.199362426832251,0.0530816440704844,0.117225698284025,0.162794744075528,0.434877482438566,0.379803248836618
497,-0.971353283702301,0.199601000294928,0.0532603902655642,0.117454543338183,0.162777926013493,0.434767842736963,0.379762564330437
498,-0.971449388320351,0.199264669477077,0.0529627547888383,0.117365344269016,0.162789464111768,0.434877403485791,0.379868100342439
499,-0.971435366100807,0.199284310560843,0.0531115205616861,0.11738083078811,0.162792842777721,0.434864361111742,0.379805926373013
500,-0.97141693707181,0.199414050740608,0.0531520747274807,0.117294619183532,0.162797610915497,0.434848380289888,0.37978013962267
501,-0.971440144774882,0.199303941788329,0.0529428269370017,0.117384159848376,0.16278868454426,0.434864086544649,0.379860425417745
502,-0.971400767559191,0.199391214508574,0.0531752538508784,0.117456735609781,0.162807356074742,0.434825634161708,0.379800515937916
503,-0.971424924996796,0.199392129957039,0.0531629942612891,0.117260776252498,0.162840687157737,0.43486872850336,0.379806561172514
504,-0.971384799887888,0.199498545588909,0.0531688239206564,0.117409441773529,0.162793865685561,0.434795133016144,0.379794158497123
505,-0.971469405010384,0.199157746987411,0.0529426322647499,0.117390223752015,0.162794365448465,0.434895647277933,0.37986615518126
506,-0.971414327558888,0.199428774681311,0.0531714804175778,0.117282401546983,0.162765495990333,0.434836274445391,0.379790405559344
507,-0.971380313608561,0.199508126918854,0.0532650074823814,0.117386679844711,0.162749187358575,0.434786078701199,0.379759374243033
508,-0.97145363277908,0.199278343813763,0.0530445254955411,0.117270027552336,0.162754753119653,0.434879104905305,0.379839775295359
509,-0.971442891902016,0.199291463725866,0.0530018876632342,0.117355954954082,0.162746218221979,0.434847302871061,0.37984054739258
510,-0.971451255278568,0.199311302372912,0.0530502526683494,0.117231113856062,0.162764202295053,0.434879077583852,0.379826656472978
511,-0.971436597850733,0.199309040575107,0.0529688498825831,0.117393115826014,0.162760586719932,0.434857406060421,0.379856490623546
512,-0.97141380582206,0.199383544908481,0.0531903581267504,0.117355041137467,0.162801745841871,0.434835023483069,0.379805556405914
513,-0.971440168167255,0.199351836308969,0.05302096488274,0.11726731136306,0.162797790440049,0.434870010857838,0.379846161182216
514,-0.971462289245151,0.199185490807839,0.0529826375773625,0.11738398928967,0.162812026333137,0.434890458466667,0.379861337941385
515,-0.97145827593283,0.19921745772668,0.0529835087339242,0.117362559876539,0.162812046867087,0.434892285760223,0.379867888207327
516,-0.971408316644195,0.199397012832982,0.0531118280736843,0.117413148098693,0.162809941462188,0.434828803654251,0.379823088259233
517,-0.971458137010142,0.199202422756054,0.0529670576346503,0.117396650763259,0.162835521260003,0.434886267516064,0.379878363662052
518,-0.971489813726919,0.199095177035083,0.0528988531872554,0.117347192713243,0.162850058901766,0.434937977199347,0.379895424518406
519,-0.971483644684037,0.199149589527041,0.0528557062036504,0.117325374170915,0.162840167482004,0.434931054717828,0.379891457840392
520,-0.971479814508376,0.199167139201511,0.052970324554129,0.117275595848783,0.162852134450676,0.434917410145587,0.379863836305499
521,-0.971469737963027,0.199113969189799,0.0530130104028496,0.11742996305696,0.162849364014074,0.434898907648089,0.379871425167865
522,-0.971484673220812,0.199137833140215,0.0528580733538779,0.117335745579034,0.162834966058502,0.434930536741023,0.379923197379076
523,-0.971474986086825,0.199203129934508,0.0530145854887631,0.117234458063116,0.162849136194204,0.434921301423152,0.379866240830456
524,-0.971506871189629,0.19902827357722,0.0528868896836623,0.117324858609743,0.162839707756232,0.434946547885764,0.379903160761158
525,-0.9714901307078,0.199097521489723,0.0528809961895555,0.117348639174005,0.162841031460451,0.434926715227165,0.379928830835531
526,-0.97143654171487,0.199273649221841,0.0530710000658038,0.117407525733567,0.162853315241431,0.434862321052616,0.379878318861342
527,-0.971481144316103,0.199138437588586,0.0529647394018174,0.11731583564528,0.162841225742054,0.434912570598084,0.379904546859451
528,-0.971507108476504,0.198982661390667,0.0528309276553009,0.11742543050204,0.162853660084681,0.434941172868027,0.379944660861805
529,-0.971478576267308,0.19913336388799,0.0528830057618772,0.117382566601204,0.162864769195184,0.434914415036087,0.379931786483542
530,-0.971443798976737,0.199246724778861,0.0530595556302024,0.117398346031224,0.162872251751604,0.434864723691516,0.379883869469586
531,-0.971452448620817,0.199171400494684,0.052971579799697,0.117494276571796,0.162872164251068,0.434870141736488,0.379906946111696
532,-0.971465442594207,0.199231365013504,0.0529455428120208,0.117296745634473,0.162893449260795,0.434908297814222,0.379919423285881
533,-0.971471350943866,0.199131990953188,0.0530212972979844,0.117382309174586,0.162944249058578,0.434914023564055,0.379898491367839
534,-0.971478689890747,0.19909691701753,0.0529673380696152,0.11740542500281,0.162947279175121,0.434921984497753,0.379917280308691
535,-0.971447645050163,0.199258214613488,0.0530154067947032,0.117366960759537,0.162948352740505,0.434886337849849,0.37990546281725
536,-0.971479635053963,0.199083275098638,0.0530357972326127,0.117389831175107,0.163005805053679,0.43493479183356,0.37990315036555
537,-0.971513462451474,0.198949901413093,0.0528788205445332,0.117406811306194,0.16301499291232,0.434972625334629,0.37994614422701
538,-0.971474149886082,0.19908424041617,0.0529456273600158,0.117474260433871,0.163026755111729,0.434924344982865,0.379922497964122
539,-0.971456207169656,0.199187884586531,0.0530983911898214,0.117377958060885,0.163053883006272,0.43491646676967,0.379881955453493
540,-0.971498611036771,0.199005087198096,0.0529302564814321,0.117412997456466,0.16306323011243,0.434967756524305,0.37992434384571
541,-0.971509041469414,0.198975836126702,0.0528772303712736,0.117400159663959,0.163062211416069,0.434983448424843,0.379925220094795
542,-0.971467077738041,0.199163328270958,0.0530000244823315,0.11737411532369,0.163050322267532,0.43492863772615,0.379885965973761
543,-0.971505270703063,0.19897517347139,0.0529167303671959,0.117414688116284,0.163054616898356,0.434972279192458,0.379910598814246
544,-0.971536693412278,0.198870379133112,0.0528763197945617,0.117350417391556,0.163052021239092,0.435010105311423,0.379927987398283
545,-0.971480777609834,0.199063426444007,0.0529556154140745,0.117450218318574,0.16302145244166,0.434928063234078,0.379890772117174
546,-0.971530521593751,0.198888606107159,0.0528979341227239,0.1173608816347,0.163023594020511,0.434993245741922,0.379920996764369
547,-0.971558945809776,0.198771214749165,0.052777499446917,0.117378680160706,0.163022199737986,0.435027199621108,0.379959036993833
548,-0.971493806742673,0.199046948666641,0.0529978600080555,0.117351278312999,0.163016753721426,0.434951623711001,0.379891823565505
549,-0.971497706367705,0.199014520230784,0.0529605893265594,0.117390814111593,0.16302210768001,0.434952480192642,0.379904662182664
550,-0.971526380048212,0.198866421177723,0.0528873346128913,0.11743751204758,0.163036022013636,0.43498463441498,0.379920374293266
551,-0.971535009270757,0.198891201772365,0.0528589496908492,0.117336895546093,0.163047333009572,0.435002566558109,0.379932326245599
552,-0.971526202954162,0.198929462393734,0.0528848076776819,0.117333299118801,0.163039743655228,0.435002241671551,0.3799182712819
553,-0.971554918688091,0.198762478189712,0.0527573298820707,0.117435860709476,0.163049064342265,0.435029857998058,0.379940321752136
554,-0.971516307035913,0.198890246732638,0.0530408028538924,0.117411277782613,0.163076177909353,0.434970507261316,0.379853141508267
555,-0.971553787716985,0.198706301846154,0.0528904249548396,0.117480407419708,0.163094907992631,0.435020083320804,0.37992435925106
556,-0.971583427605098,0.198666479509189,0.0526515843801595,0.11740989645176,0.163054337415037,0.435050864632834,0.380015240391627
557,-0.971559031787276,0.198790159343838,0.0527710195205803,0.117348795474777,0.163054434843303,0.43502308212327,0.379975676010194
558,-0.971591475634506,0.198711438286715,0.0527785099073826,0.117210057846351,0.163089388019173,0.435082807296178,0.379994615672925
559,-0.971568575610828,0.19877229434883,0.0526724975432462,0.117344304878443,0.163065299789559,0.435039028087176,0.380033383853667
560,-0.971556008644276,0.198752746198653,0.0526719246076524,0.117481642412002,0.163059720993985,0.435012118318991,0.380010211324397
561,-0.971610705648467,0.198579980253133,0.0528098414327836,0.117259322698872,0.16310771311233,0.435104468868443,0.379970347823661
562,-0.971562357384338,0.198755493710392,0.0528046769583951,0.117364839390021,0.16306515074644,0.435037167126966,0.379963214054037
563,-0.971549943229026,0.198827840032307,0.0528612147863115,0.117319605399437,0.16306666538702,0.435021393578537,0.379952099298071
564,-0.971572884614845,0.198674089712134,0.0528522638965714,0.117394097633787,0.163091501974908,0.435042802308752,0.379956701777938
565,-0.971589454028394,0.198620815959556,0.052866646261035,0.117340623832828,0.163082449603336,0.435067613295439,0.379953710590365
566,-0.971581744564168,0.198705725435505,0.0527556778752803,0.117310642146044,0.163047170483286,0.435053535803098,0.379981592742098
567,-0.971553507814637,0.198737467619146,0.0528862689023878,0.117431865262313,0.163074553397164,0.435012183708634,0.379949582536454
568,-0.971611437288758,0.198495514022525,0.052874020310095,0.117367303022838,0.163115622276274,0.435088960975723,0.379968270841447
569,-0.971565857629102,0.198728217955249,0.052784961456484,0.117390917543885,0.163053070586086,0.435020908172609,0.379987222358921
570,-0.971562611138388,0.198768735152744,0.0527443467689051,0.117367442025701,0.163045594766079,0.435019489514509,0.379999287467783
571,-0.971551295808212,0.198767645913038,0.052900133901249,0.117392837876947,0.163072094950012,0.435010595419765,0.37996268037492
572,-0.97154627965131,0.198777023293279,0.0528433310858772,0.117444045681798,0.163065942386485,0.435001605266862,0.379980989067129
573,-0.971571662126164,0.198774538121189,0.0528054079582003,0.117255180007022,0.16308563546361,0.435051601021378,0.380005036861616
574,-0.971588886027543,0.19868962049896,0.0528845600259915,0.117220708770232,0.163102012735504,0.435085078290699,0.379983720002697
575,-0.971616324502603,0.198576841823652,0.0527704721690944,0.117235801351151,0.163096714773925,0.43508535285903,0.380025324288798
576,-0.971588435171702,0.198611248690225,0.0526948759842389,0.11744247348944,0.163074650668075,0.435041479970056,0.380042967738947
577,-0.971572451109928,0.198697125020845,0.0528403087727323,0.11736407679311,0.163105295179514,0.435034295406615,0.379998527489062
578,-0.97160484223657,0.198572841753998,0.0528849424440701,0.11728614548564,0.16313489078668,0.435088026878364,0.37997030353052
579,-0.971588634522654,0.198609234229079,0.0528041138859069,0.11739515706394,0.163107571832252,0.435057248388108,0.379988288372875
580,-0.971559266152336,0.198740771834518,0.0528125281239771,0.117411817281351,0.163101054822342,0.435019335980804,0.379993939212942
581,-0.971612787961557,0.198544277511044,0.0527551654309029,0.117327118167735,0.163145795171581,0.43509699283709,0.380019632400254
582,-0.971612977511804,0.198533532887517,0.0527552921914968,0.117343672158483,0.16314540983724,0.435091531388681,0.38001948220656
583,-0.971592156476915,0.19862080372377,0.0527731074331726,0.117360372070428,0.163119925848794,0.435060787520686,0.380004559625908
584,-0.971608915860555,0.198600748784262,0.0528347143878865,0.117227770422193,0.163118911915981,0.435095979987795,0.379978776948476
585,-0.971647418658932,0.198393126923977,0.0527859994239312,0.117282135330053,0.163135988241587,0.43513379519915,0.379991305760347
586,-0.971610916049207,0.198550717145525,0.0527804127989349,0.11732036719936,0.163083773482515,0.435071784264287,0.37999170978655
587,-0.971593341998518,0.198651064485178,0.0528140176303171,0.117280910231802,0.16304524487827,0.435057331370366,0.380002946672858
588,-0.971585207296747,0.198665437007105,0.0528641038552864,0.117301387990472,0.163042766241121,0.435042384834481,0.380003143648236
589,-0.971639937766683,0.198433985432937,0.0527272621761264,0.117301409136322,0.16307462816845,0.435115202019904,0.380039256023056
590,-0.971637807401033,0.198497569977487,0.0526867118820943,0.117229673432106,0.163060060613208,0.43511210045791,0.380053557857906
591,-0.971594488152348,0.198566486328299,0.0528207082036682,0.117411557710781,0.163081450618382,0.435050183601962,0.380022148005334
592,-0.971603908674193,0.198566322876723,0.0528149855032606,0.117336428165078,0.16309441541294,0.435067407495097,0.380022528569121
593,-0.971601673018429,0.198569425337001,0.0528371592018739,0.117339707331315,0.163109226155254,0.435071769294577,0.380007761368611
594,-0.971602653750394,0.198547671633218,0.0527809334140614,0.117393689703326,0.163121247623691,0.435070373545042,0.38002167186295
595,-0.971639948833957,0.198431376566969,0.0527440213324873,0.117298196223816,0.163152954219757,0.435125358857941,0.380037594996607
596,-0.971610426583123,0.198493799335327,0.0528184183696432,0.117403599865241,0.163169155595811,0.435088512257129,0.38001935886296
597,-0.971591959244515,0.198623465475099,0.052847246346546,0.117324133270419,0.163167203985514,0.43506799217558,0.380012268367445
598,-0.971612920539882,0.198544425894703,0.052853379529351,0.117281558049127,0.163187330627811,0.435104070520488,0.38001011209383
599,-0.971600464827282,0.198578662415336,0.0528440267676013,0.117330986596598,0.163185735749129,0.435088581840699,0.380010354977716
600,-0.971642312872667,0.198430452319666,0.0527344986117116,0.117284457980754,0.163206066275866,0.435136304445036,0.380053715423208
601,-0.971624647061303,0.198477677175418,0.0527094370328104,0.117362140972857,0.163167147190444,0.435106645898008,0.380052552976315
602,-0.971631964642018,0.198470229677985,0.0527203841889358,0.117309225163379,0.163168137750338,0.435119813530707,0.380050897278413
603,-0.971628205106784,0.198472883019011,0.0527459067686982,0.117324400983935,0.163170138825583,0.435111239284143,0.380041172771553
604,-0.971637831652877,0.1984218344437,0.0526475096101191,0.117375207981688,0.163157623798736,0.435117687053754,0.380066046039071
605,-0.971624919277577,0.198482637725204,0.0527991309458568,0.117311169680682,0.163170807248787,0.43510951312654,0.380030881142495
606,-0.971636712253104,0.198423757266685,0.0528134916725589,0.117306636860427,0.16318628679163,0.435128909956001,0.380030569176564
607,-0.971654423570987,0.19840700588914,0.0527103126086915,0.117234654064974,0.163168869010689,0.435140413128039,0.380049454304571
608,-0.971695400591245,0.198242429210889,0.0527088010513008,0.117174101328407,0.163195636550644,0.435206725141238,0.380053678485989
609,-0.971660482176475,0.198402033825063,0.0527918078267858,0.117156158084148,0.163162668004181,0.435171309447569,0.380014911301589
610,-0.971684240790171,0.198295344109557,0.0526513288163937,0.117202944836596,0.16315896690646,0.435180450001132,0.380049288673773
611,-0.971698247965207,0.198226520610771,0.0526088739906297,0.117222300802073,0.163189009882982,0.435204365927956,0.38006584775832
612,-0.971688380782813,0.198267282796404,0.0527452097256701,0.117173879662667,0.163226530668868,0.435208070574209,0.380035336131724
613,-0.971703467512573,0.198193041511067,0.0526568083695458,0.117214120535737,0.163215692189594,0.435208655332138,0.380062470634321
614,-0.971723655835324,0.198114707215077,0.0525775384831029,0.117214768362072,0.163185841059343,0.435231210913473,0.380082812792443
615,-0.971677444875007,0.198274192599056,0.0526892795589397,0.117277992351211,0.163169209182017,0.435173658381775,0.380053717779187
616,-0.971682842665301,0.19829459720156,0.0527423750294388,0.117174860216708,0.163172583257087,0.435183609661513,0.380043371811008
617,-0.971716435532066,0.198149084938277,0.0526265109499779,0.117194536562982,0.16316562966888,0.435216490558138,0.380074056793859
618,-0.97172585241883,0.198065944040954,0.0526066554060904,0.117265891712161,0.163197046128213,0.435221324636071,0.380084260139186
619,-0.971743291052009,0.198069036414743,0.0525431156408505,0.117144586336276,0.163187813317658,0.435254276127833,0.380096076421873
620,-0.971733090965937,0.198079703694995,0.0525881597563564,0.117190939749318,0.163181723994882,0.435242143693229,0.380082129319731
621,-0.971696134867177,0.198222963924683,0.0527064620525981,0.117201991941267,0.163196518462402,0.435190781920837,0.380066273071623
622,-0.971692737640954,0.198241969096734,0.0526231693227375,0.117235435576917,0.163200205200654,0.435188250703995,0.380096640927693
623,-0.971714837522352,0.198127484421785,0.0526236838943224,0.117245564304129,0.163209920505743,0.435216925791392,0.380103690181867
624,-0.97174052162831,0.198074013835958,0.0524865637831882,0.117184488268226,0.163199893114975,0.435240445219131,0.380144415735379
625,-0.971735424003915,0.198051142214478,0.0525137277676858,0.117253226818771,0.16321588185385,0.435235803347191,0.380137080328877
626,-0.971709646698623,0.198144121370952,0.0525905710532594,0.117275323556425,0.163219234118082,0.43520345528679,0.380118054736269
627,-0.971731016158435,0.198067758054099,0.0525547509614565,0.117243309431701,0.163224575056603,0.4352331986674,0.380119469283517
628,-0.971765611299362,0.197945279261916,0.0525070769344797,0.117184768573801,0.163243936820367,0.435284665461724,0.380119939930281
629,-0.971727015913956,0.198131910474163,0.0526263706779061,0.11713589417462,0.163212024739594,0.435231172179417,0.380089865871346
630,-0.971749484241102,0.197973863356408,0.0523780998128667,0.117327848206994,0.163178605162072,0.43524848701612,0.380160080150642
631,-0.971766276599365,0.197970551715749,0.0524227805768505,0.117174299204904,0.16319104175457,0.435271315834285,0.380151039289667
632,-0.971779744734292,0.19786214736043,0.0525005074473982,0.117210900021461,0.163227821907937,0.435297741550398,0.38013063016005
633,-0.971755468310126,0.198014124783593,0.0524628008816473,0.117172397428778,0.163166930541588,0.435259818879981,0.380135254666143
634,-0.971787688584795,0.197843949764486,0.0523555610935683,0.117240586313727,0.163179751779934,0.435288485091271,0.380172366314091
635,-0.971767613114499,0.197913360938151,0.0525257890126713,0.117213690124108,0.163189871969715,0.435271295254689,0.380108849246486
636,-0.971789870123058,0.197881009999267,0.052456489027256,0.117114776893493,0.163197429656043,0.435303575391765,0.380129792288285
637,-0.971756963176884,0.19794052107314,0.0524483750295708,0.117290760894841,0.163178309166634,0.435251613554438,0.380122562508896
638,-0.971779856425042,0.197883214454318,0.0525186250252358,0.117166284012121,0.163203698226612,0.435294649377938,0.380102554585508
639,-0.971785984203467,0.197854829156073,0.0524763458791069,0.117182339149275,0.163214527157496,0.435294144345501,0.380123780767366
640,-0.971747339731503,0.197981282837094,0.0524375251525177,0.11730654426248,0.163174264560012,0.435239882370032,0.380125769693401
641,-0.971790394292126,0.197858283999153,0.0524184646696554,0.117165837922751,0.163204984059739,0.435303960295326,0.380143305736387
642,-0.971772667703679,0.197834386141612,0.0525870855012273,0.117277604010886,0.163244744636322,0.43527374892589,0.38011024396776
643,-0.971775170013166,0.197851178751169,0.0525512673401347,0.117244591830924,0.163230277711218,0.435278172701892,0.380127363745864
644,-0.971823738463061,0.197681102045532,0.0522488830234825,0.117264050230849,0.163216811285303,0.435329812936339,0.380208966992578
645,-0.97177546248158,0.197857335819231,0.0524758695261244,0.117265546085384,0.163232299914641,0.435279612387843,0.380143484629234
646,-0.971766988803304,0.197918209687585,0.0524712235151312,0.117235116108809,0.163244955981831,0.435267331767286,0.380157980174587
647,-0.971769688199444,0.197854187648225,0.0523851633253676,0.117359227119947,0.163253283670605,0.435261954799273,0.380181896382675
648,-0.97176272213462,0.197906351889124,0.0524899095117354,0.117282126306192,0.163269481652926,0.435269027134583,0.380148684285304
649,-0.971761983953598,0.197932784980345,0.0524771199781042,0.117249354161528,0.163264210819102,0.435272776952128,0.380151636885811
650,-0.971752723000059,0.197969479453451,0.0523939887964773,0.117301323457557,0.163260744735365,0.435255249964043,0.38018128928793
651,-0.97176663143354,0.197895886559554,0.0524140295787187,0.117301328289316,0.163293169525628,0.435275306886538,0.380185532797264
652,-0.971753468339369,0.197909952369638,0.0525377323554633,0.117331301034297,0.163310034123339,0.435270836961009,0.380132841397692
653,-0.971765170618203,0.197942560586114,0.0523803720584436,0.117249701513504,0.163279428623634,0.435284934559066,0.380164290393816
654,-0.971759979802464,0.197917499730382,0.0524111356183942,0.117321259019747,0.163290519717453,0.435279365781341,0.380143236780477
655,-0.97174325328358,0.197976519246961,0.0524787000532564,0.117330019881621,0.163300919080087,0.43526178205285,0.380127918497454
656,-0.971773853930004,0.197855893767696,0.052348022362804,0.117338427951448,0.163307126085215,0.435292918821331,0.380167480300944
657,-0.971810068540175,0.197732533830199,0.0522566168036836,0.117287176405871,0.163311987593558,0.435337939134394,0.380203305466566
658,-0.971792055534593,0.197822082342251,0.052418391213767,0.117213210860319,0.163312753003012,0.435324126841179,0.380166485865146
659,-0.971771880653858,0.197857706745319,0.0524800109236483,0.117292746175547,0.163309101258849,0.435302342841351,0.380136476711372
660,-0.971816719860648,0.197774697400423,0.0524121692395405,0.117091402686396,0.163294992769326,0.435364309735134,0.380151054798756
661,-0.971870610726388,0.197589930748561,0.0523156865559281,0.116999163301615,0.16328277757168,0.435427093216525,0.380187366183324
662,-0.971821819894713,0.197668256365062,0.052300288417845,0.117278687891423,0.163230976571515,0.435345720626491,0.38017062580668
663,-0.971804178285617,0.197749587515013,0.0523242300891581,0.117277084930671,0.163232040289681,0.435316603238535,0.380143151308436
664,-0.971814743319,0.197738595680447,0.0524121349003823,0.117168769564828,0.163276775908426,0.435366450364477,0.380126287684796
665,-0.971817316584751,0.197759081648298,0.0524128885959059,0.117112501128908,0.163310910912903,0.435368644457418,0.380157678174586
666,-0.971800390919204,0.197766517919929,0.0525366008163963,0.117184940046785,0.163332720088805,0.435344672818302,0.380123495413491
667,-0.971845852138278,0.197609051661844,0.0524975192684851,0.117091045146868,0.163332875210249,0.435417667835339,0.380122404498486
668,-0.971905577343703,0.197357532605448,0.052459622941543,0.117036494363611,0.163356827069199,0.435501367457043,0.380140606196122
669,-0.971966467876906,0.197035917769328,0.0527111570815275,0.116959678311874,0.16342329859622,0.435606574837518,0.380073537075659
670,-0.972082466367706,0.196495367205715,0.0532117532405807,0.116678012342653,0.163557698108936,0.435819450748552,0.379927982098257
671,-0.972185668830074,0.196000029273828,0.0536344095480857,0.116457562908163,0.163661491910598,0.436010087863738,0.379792021654366
672,-0.972324908029084,0.195333151991207,0.0539077519573272,0.116289239563776,0.163767175743401,0.436262914139564,0.379699453982091
673,-0.972399957866355,0.194942453775851,0.0545378703872192,0.116023197469252,0.163913902929457,0.436423125098598,0.37952909379599
674,-0.972461182841968,0.194514099490632,0.0551510657585325,0.115939091382704,0.164076165247252,0.436568335839639,0.379408981742608
675,-0.972538570572058,0.19419230030492,0.0552971550953331,0.115759681626656,0.164112775362441,0.436707713429287,0.379365477209353
676,-0.972102148196662,0.19635700779092,0.0531442146720753,0.116777700823919,0.163497961919479,0.435870173658942,0.379930684292473
677,-0.971879314333543,0.19735265782919,0.0525870508670556,0.117205498588687,0.16329290968725,0.435474101261912,0.380094978198864
678,-0.971853731268423,0.197381116025583,0.0524153504702508,0.117446375385623,0.163269351516482,0.435408263280469,0.380145694128621
679,-0.97190264397224,0.197236018071707,0.052253925675461,0.117357279563264,0.163271340039261,0.435480327713822,0.380170860042464
680,-0.971917563269343,0.197199156341564,0.0525704661669824,0.117154125124748,0.163330898405439,0.435526245030272,0.38007877616785
681,-0.971881379858836,0.19733076838935,0.0525799760757553,0.117228398634576,0.163304842902058,0.435479927131504,0.380073910545866
682,-0.971857132798914,0.19743319953741,0.0523634611662611,0.117353794497598,0.163252258430448,0.435430756620767,0.380134795346592
683,-0.971870310471759,0.197289289876152,0.0525316013978864,0.117411526598818,0.163330749806482,0.435443298730538,0.380102577367563
684,-0.971913442746904,0.19720716359879,0.0525215343620471,0.11719676984216,0.163344060181969,0.435523369522064,0.38010761606958
685,-0.971877754709006,0.19736473624674,0.0522993362907161,0.117326766816387,0.163283902661369,0.435464606926513,0.380162253476979
686,-0.971850603631686,0.197316894258334,0.0524692258406444,0.117556062373046,0.163350297355686,0.43540973665964,0.380137342828265
687,-0.971899792920205,0.197184172624402,0.0525075663367962,0.117354804185769,0.163372426480153,0.435488900855628,0.380143631670526
688,-0.971888810052568,0.197274847412233,0.0523345078452383,0.117370672493941,0.163298214601616,0.435469152494691,0.380169526959259
689,-0.971866420063063,0.197345189236256,0.0523877426929206,0.117414063274603,0.163294580504368,0.435433598574805,0.380152238703824
690,-0.97187503193151,0.197276362292762,0.0525205248229948,0.117399121210415,0.163333709768624,0.435452184091836,0.380126398835437
691,-0.97185462586162,0.197352193512712,0.05250097627332,0.11744933119196,0.163312440895345,0.435420687020285,0.380135177913373
692,-0.97185481416598,0.197436098201627,0.0524517650686115,0.117328682130644,0.163294747656457,0.435422066573571,0.380142607959663
693,-0.971888399113423,0.197255016331306,0.0524693493915923,0.117347200969205,0.163337597894587,0.435482485825002,0.380133251142916
694,-0.971858766526043,0.197344345001278,0.0525260233653872,0.117417052815648,0.163353098498053,0.435437741675538,0.380127481491418
695,-0.971838962080465,0.197457183185099,0.05245923492206,0.117421127836366,0.163332389930472,0.435408067982407,0.380141151505289
696,-0.971866690679346,0.197326352968541,0.0525398943029908,0.117375489258793,0.163378163612311,0.435465756580982,0.380114194552758
697,-0.971837613673157,0.197435603870708,0.0526021844404753,0.117404621571564,0.163368954724853,0.435427384432291,0.380081498893615
698,-0.971835315121927,0.197456878064513,0.0524886881502852,0.117438661449896,0.163346446125798,0.435418551536641,0.380102193933609
699,-0.97185395452268,0.197384050710898,0.0524847603856165,0.117408592236049,0.163368654383904,0.435448586224611,0.380112631222144
700,-0.971862360545002,0.197309126852623,0.0526484894295439,0.117391640150992,0.163411100313844,0.435458226310435,0.380070478011677
701,-0.971847790707002,0.197410683071258,0.052527110513816,0.117395896726961,0.163346348817231,0.43542890328487,0.380094233516554
702,-0.971857840396209,0.197374396935236,0.052444064422051,0.117410841074254,0.163327741839591,0.435444175595887,0.380115058849127
703,-0.971863778022236,0.197334395754362,0.0525118148196993,0.117398647883817,0.163348886463438,0.435445847564356,0.380105590328768
704,-0.971841969071381,0.197427474838847,0.0526002506189655,0.117383103405215,0.163336930542219,0.435423469787172,0.380076214472524
705,-0.971831603043003,0.197456806815603,0.0525007739212081,0.117464094542658,0.163322572432316,0.435401842426009,0.380103966586823
706,-0.971860599588928,0.197334242996224,0.052520385752177,0.117421380456028,0.163372500923158,0.435444143794633,0.380112515160114
707,-0.971835242112728,0.197448832940872,0.0526073012155438,0.117399712166594,0.163354766759769,0.4354224770225,0.380075465348004
708,-0.971857085060208,0.197344714114621,0.0524727526104907,0.117454162390151,0.163361689974353,0.435437812045956,0.380125065868938
709,-0.971829776201195,0.197458323347307,0.0525939429298547,0.117434976888048,0.163361314166822,0.435403653565887,0.380091746832771
710,-0.971840430587936,0.197406438667155,0.0526662249618995,0.117401636256352,0.163387810296332,0.43542414788115,0.380077917059065
711,-0.971840453666988,0.197414729745634,0.0525280383180189,0.117449403090281,0.163365780570871,0.435412862131816,0.380109500447792
712,-0.971832830536378,0.197455269674902,0.0526339610744885,0.117396899920197,0.163373531630224,0.435409626930932,0.380074321906898
713,-0.971844536982932,0.197390990360313,0.0525673665736621,0.117437919057325,0.163387538270278,0.435428357246018,0.380095016299501
714,-0.971854952824444,0.197341367014799,0.0524923760283733,0.117468659625549,0.163400623236166,0.435436583010919,0.38012038081381
715,-0.971837012525237,0.197447438406248,0.0525605818865577,0.117408327577639,0.163374793196976,0.435420787323949,0.38008776191058
716,-0.971844283648915,0.197383892146806,0.0526573501217067,0.117411630335603,0.163395577573191,0.435447067537695,0.380054463324784
717,-0.971836206954057,0.197416796309401,0.0526104776316033,0.11744416984873,0.16339715443649,0.435426170094894,0.380077398651648
718,-0.971811344395713,0.197522475733799,0.0525664089222453,0.117491936475687,0.163355683432185,0.435381709593285,0.380084317494754
719,-0.971838038565098,0.197397536788267,0.0526213599528585,0.117456510013619,0.163380627672046,0.435417481548206,0.38008478514576
720,-0.971854988971278,0.197344497034857,0.0526007082660312,0.117414630228132,0.163383182318033,0.435435028927399,0.380097599864881
721,-0.971861289011155,0.197314282027563,0.0525453570218778,0.117438045304613,0.163370246638518,0.435437942876162,0.380113236715088
722,-0.971847786307294,0.197361602618196,0.052541514919899,0.117471985049677,0.163360932517098,0.435414807423281,0.380116628182638
723,-0.971845264224189,0.197354201344737,0.0526352498475806,0.117463322318415,0.163385605019299,0.435416005167021,0.380092508409271
724,-0.971845246905574,0.197369115673574,0.0526140848567304,0.117447887677746,0.163385290818095,0.435422092966581,0.38009430533637
725,-0.971859558390039,0.197312412384299,0.052549766013947,0.117453534544029,0.16339022638499,0.435440602264917,0.380108154499685
726,-0.971821730749687,0.197464789294251,0.0527062494769313,0.117440333351602,0.163388502354831,0.435398734744944,0.380054968219201
727,-0.971839428632155,0.197386713268854,0.0527061556490221,0.117425174207007,0.163409005824234,0.435425597087078,0.380059642469477
728,-0.971844574465813,0.197374364963359,0.0525160600568083,0.117488495491192,0.163373502245617,0.435416652085588,0.380116290708266
729,-0.97184584522203,0.197350247434797,0.052586539802759,0.117486972867958,0.163375706603588,0.435419760870848,0.380094865291601
730,-0.971840630484308,0.19735700103375,0.0526493389809633,0.117490638723664,0.163388243318762,0.435420383481124,0.380080481685829
731,-0.971846367692118,0.197353796674674,0.0525375294528795,0.117498615058716,0.163375054289025,0.435418755535076,0.380118052070639
732,-0.971845358942438,0.197373290187871,0.0525767946449101,0.117456644287695,0.163384456446215,0.43541835592865,0.380114551986014
733,-0.971838767220224,0.197377109202441,0.0526055144202078,0.117491902458627,0.163392763963174,0.43541411896154,0.380102737379834
734,-0.971842265999005,0.197358032330211,0.0525860693160507,0.117503712309669,0.163389508269573,0.435415988639122,0.3801054525295
735,-0.971848337855139,0.197352067069006,0.0525038642278242,0.117500272650497,0.163372580045657,0.435424494435817,0.380115763805603
736,-0.971870822513975,0.197275299197727,0.05261894151075,0.11739168482795,0.163400220862169,0.435467836915412,0.380057159556635
737,-0.971908304528586,0.197127525880393,0.0523224117680547,0.117462127323742,0.1633552364655,0.435509868849846,0.38015265875374
738,-0.971831484141898,0.197449961414515,0.0523418213121494,0.11754749214547,0.163290165805337,0.435364240071709,0.380160345198608
739,-0.971747945739113,0.197708197033211,0.0528140584588548,0.117592831443062,0.163340576558906,0.435289381576273,0.380037268338028
740,-0.971853910616691,0.197355066434009,0.0526391256584553,0.117388571086736,0.163387511137521,0.435447338660586,0.380086566798515
741,-0.971908286776711,0.197180947730367,0.0522815465790102,0.117390782577757,0.163342854480271,0.435490474490164,0.380184016395399
742,-0.971846436210454,0.197351942375838,0.0525007815260173,0.117517586788878,0.163361593363739,0.435409752335001,0.38013895538279
743,-0.971808182284659,0.197502776357559,0.052714720729539,0.117484758135041,0.163370242093624,0.435378395185009,0.380061025791228
744,-0.971865200979999,0.197343379261179,0.0524631784065846,0.117393512160438,0.163333457770929,0.435450970300584,0.380115510970988
745,-0.971824822169221,0.197445014274114,0.0525685474400422,0.117509698212957,0.163325768579215,0.435390514236687,0.38008622732852
746,-0.971809004569056,0.197520754309676,0.0526608172243698,0.117471905512339,0.163350619880298,0.435381679350201,0.380053808500381
747,-0.971845844963807,0.197398137956239,0.0525004457665929,0.117445016719747,0.163341574918693,0.43542150988739,0.380098607985161
748,-0.971815344779335,0.197432267947649,0.0524817785447359,0.117648196523577,0.163328190397996,0.435360412649784,0.380113407053468
749,-0.971824041075131,0.19749839852109,0.0527444071092114,0.117347532094647,0.163374340744122,0.435415660732343,0.380051209977967
750,-0.971791258460821,0.197562717896779,0.0527277718542081,0.117518103080597,0.16335708129006,0.435357457104164,0.3800539682681
751,-0.971815533012164,0.197441004285918,0.0524762098925156,0.117634463564758,0.163324963857595,0.435364408536461,0.380128786883868
752,-0.971873651608672,0.19732832762746,0.0524251539032281,0.117365836864046,0.163351663131022,0.435458743379552,0.380154163293322
753,-0.971793267128064,0.197543557938538,0.0526238696887293,0.117580257783909,0.163348929202825,0.43534961965245,0.380091064520192
754,-0.97181465579611,0.197485098686672,0.0524719488135923,0.117569575844724,0.163324401372062,0.435366883325066,0.380127796746649
755,-0.971828932148927,0.197449201755052,0.0524401079151926,0.117526058584524,0.163324774012058,0.435390116750389,0.380127330598953
756,-0.971810582088209,0.197511006284464,0.0526724251764322,0.117470041133505,0.163360639921139,0.43538047351896,0.380074138472644
757,-0.971852315880837,0.197368872507206,0.0524379297181601,0.117468582221635,0.163347906592379,0.435421969804164,0.380137859255258
758,-0.971825780247196,0.197423160991294,0.0523977418086155,0.117614731239299,0.163326592428849,0.435377639841907,0.380147498642712
759,-0.971803673326901,0.197543561407932,0.052579601942537,0.117514030286503,0.16334687648962,0.435357450793897,0.380112157079595
760,-0.97179917084354,0.1975668133159,0.0526111313820891,0.1174980624466,0.163326532377558,0.43535199092494,0.380093689255803
761,-0.971831896179947,0.197422051466954,0.0524941349489991,0.117523040114805,0.163322250360859,0.43539539848416,0.380123858783871
762,-0.971787028300569,0.197597399716067,0.0527368678960262,0.117490689063919,0.1633438478258,0.435345065540942,0.380051902874825
763,-0.971794470705503,0.197570013639054,0.0527082785759639,0.117488015501304,0.163333892527066,0.435352586489955,0.380057367221933
764,-0.971848335700953,0.197355502427953,0.0524238623482492,0.11753023744207,0.163332348537545,0.435407662284892,0.380145478567884
765,-0.971774659070972,0.197628442285608,0.0526429646692765,0.117582860392535,0.163311240524478,0.435315444195622,0.380061131636498
766,-0.971830563411122,0.197444830296463,0.0526451399813798,0.117428208900429,0.163350102177748,0.43540308337045,0.380072578730117
767,-0.971821352574522,0.197457230947109,0.0525230507808768,0.117538205548649,0.163319984084777,0.435377176894811,0.380106544830195
768,-0.971776350068804,0.19762594743275,0.0526553849378751,0.117567515859211,0.163313361624882,0.435321493030171,0.380062986529734
769,-0.971793304777806,0.197594249816999,0.0526798316368416,0.11746965806965,0.163336244212044,0.435353501429449,0.380066196826798
770,-0.971796053490354,0.197549085093679,0.0527117059433705,0.117508576094531,0.163343554670664,0.435356314062633,0.380064150989322
771,-0.971778233736753,0.197665514481623,0.0526079279259195,0.117506658277448,0.163318846402794,0.435327718843648,0.380084989134792
772,-0.971755508901033,0.197731807727732,0.0527611544273325,0.117514355364409,0.163338043145067,0.435309942737701,0.380033801747168
773,-0.971780852264867,0.197593882946855,0.0527612602308027,0.117536726227211,0.163361878645471,0.435343363766528,0.380035336808104
774,-0.971788646489406,0.197596132942035,0.0526285422037746,0.117528002391548,0.163341639554999,0.435347052230291,0.380064371317348
775,-0.971784253803644,0.197613783159709,0.052638622962812,0.117530132890176,0.163352083944554,0.435347873291881,0.380060588647629
776,-0.971791669009584,0.197594240492912,0.0527143648843303,0.117467714298182,0.16336194275466,0.435363025061672,0.380043254504223
777,-0.971779582324529,0.197623924909464,0.0526600438907905,0.117542109296897,0.163346553845214,0.435339604816296,0.380055503298847
778,-0.971759324526833,0.197711272904403,0.0526386248876485,0.117572288110814,0.163323318393187,0.435314705005552,0.380056942422516
779,-0.97178097403575,0.197609621462838,0.0526583919260606,0.117555390209062,0.163348300069902,0.435338068566235,0.380063929898026
780,-0.971813457890654,0.197474631549854,0.0525343861178872,0.117569176368961,0.163345733972524,0.43537308818352,0.380102742674779
781,-0.971784111291236,0.197611456394248,0.0525698898992287,0.11756598155772,0.163319920886121,0.435334792482219,0.380086912867081
782,-0.971761701784533,0.197676604129915,0.0526987786955217,0.117583986360786,0.163326044821797,0.435307237884315,0.380045580705766
783,-0.971781637150645,0.197589337054588,0.0527333403164726,0.117550407903193,0.163339948252796,0.43533818023099,0.380041924091733
784,-0.971766168530159,0.197654303191164,0.0526504568391623,0.117606205299116,0.163320891504872,0.435308904047279,0.380063604318816
785,-0.971759014611403,0.197703574942759,0.0527582296883131,0.117534178758707,0.163320971697633,0.435301297500607,0.380037263374148
786,-0.971767920823244,0.19766717745671,0.0527743315126666,0.117514530797505,0.163317586117121,0.435313943335485,0.380035840340513
787,-0.971778875179455,0.197608965096621,0.0526471058875014,0.117578896533633,0.163305574329116,0.435321646557469,0.380070664452719
788,-0.971774779917249,0.1976328281658,0.0526682717382634,0.117563155367968,0.16330795097295,0.435317585746902,0.380063356267986
789,-0.971766648404676,0.197665125537593,0.0527612842078347,0.117534361287628,0.163308901011616,0.435311878437714,0.380035130867964
790,-0.971767817086883,0.197674904489578,0.0527101129880698,0.117531212016282,0.163304701951844,0.435312195721917,0.380045719204991
791,-0.971755225751004,0.197741333070465,0.0527759264767702,0.117494033915125,0.163309736535916,0.435300456097996,0.380022227918502
792,-0.971790493553805,0.197578429673842,0.0527498256647494,0.117488112838744,0.163341049969161,0.435349040865486,0.380033319596248
793,-0.97178896865724,0.197588487028143,0.0526741941968831,0.1175177410255,0.163326993016901,0.435339544076736,0.38005486532246
794,-0.971757985385641,0.197728409275287,0.0526979530663483,0.117527953046591,0.163301635763816,0.435295236987742,0.380048454941121
795,-0.971786537484173,0.197608680440203,0.0526501374110154,0.117514671466186,0.163307691820736,0.435329781473661,0.380071843192374
796,-0.971769244302936,0.197669786892376,0.0527178260447109,0.117524559109761,0.163293424065994,0.435306657320647,0.380049633656034
797,-0.971743752871886,0.197791233615115,0.0527756687152485,0.117505044364622,0.16327725142954,0.435279914513181,0.38002674532449
798,-0.971770216840386,0.197697010423175,0.0526613417647013,0.117496045955895,0.1632727079354,0.435313954699936,0.380061207948279
799,-0.971778262856597,0.19765611062797,0.0527705389339104,0.117449308177879,0.163293779114029,0.435330988921717,0.380030450092919
800,-0.971767413286052,0.197693397365948,0.052818837643592,0.117454610395775,0.163302064401763,0.435318679331544,0.380010349548992
801,-0.971793349439104,0.197577400230089,0.0526783992736339,0.117498268728584,0.163296927278864,0.435348914583233,0.380045087757201
802,-0.971785243017463,0.19761803689848,0.0528299715252818,0.117428902126002,0.163304761982426,0.435347176701334,0.380001030696255
803,-0.971752419329528,0.197757345396555,0.05290604774652,0.11743175882511,0.163294951519159,0.435306508349082,0.379974898867593
804,-0.971757846382044,0.197741212416619,0.0527787097457091,0.117471310133649,0.163274502656498,0.435309073612606,0.380003938695916
805,-0.971788134871525,0.197626120186475,0.0526858410745625,0.117456118160054,0.163275489811052,0.435345123867696,0.380036968542867
806,-0.971804837318277,0.197547814562721,0.0527665343424727,0.117413423337261,0.163303455765699,0.435377867794099,0.380018311470209
807,-0.97177149930837,0.197691396245745,0.0527170341063303,0.117469908050537,0.163271836220369,0.435328661552975,0.380025653675712
808,-0.971779189853907,0.197656553892201,0.052754557678285,0.117448071565746,0.163274595821801,0.435338175939468,0.380020041030745
809,-0.971759847913068,0.19775533998382,0.0528151425617942,0.117414582603835,0.163260513432056,0.435318096599785,0.379996504708085
810,-0.971766443584666,0.197722016641001,0.0528134889707496,0.117416858418896,0.163267282182532,0.435325260849402,0.379999660880575
811,-0.971766803104915,0.197722078060165,0.0527624145679768,0.117436739735827,0.163245301988082,0.435320137140149,0.380011836123325
812,-0.971752020090958,0.197770699389005,0.0527714777774065,0.117473116267153,0.163220698099966,0.435296825168525,0.38000957189356
813,-0.971746938352195,0.197806932617009,0.0529152628927617,0.117389438046081,0.163231535209618,0.435301073371183,0.379980855122004
814,-0.971766221605794,0.19774035228949,0.0528151651809938,0.117387060399911,0.163211327314484,0.43532074482517,0.380012384748963
815,-0.971750476033908,0.197837296564026,0.0529038713604334,0.117314094682568,0.163177805253134,0.43530375744624,0.379979388492645
816,-0.971758885189335,0.197731905940378,0.0528022465429057,0.117467804903258,0.163146441508606,0.435338091679979,0.3799695402964
817,-0.971763711317176,0.197729173450171,0.0525047174264932,0.11756580277336,0.163124718940198,0.435299146857923,0.380024033031875
818,-0.971700905560599,0.19793921588627,0.0528135882452291,0.117593119882518,0.163188296750268,0.435251063171146,0.379958504972424
819,-0.971675779329418,0.198053385745338,0.0530897301202611,0.117484113032929,0.163254813428622,0.435231814622117,0.379904150269602
820,-0.971700419230088,0.197933816875985,0.0528421039200426,0.117593415879799,0.163249742145864,0.435231022744979,0.379980574394649
821,-0.971720531620467,0.197856435771791,0.0527622941945642,0.117593280259741,0.163238642357562,0.435253306210623,0.380031462565835
822,-0.971709177524144,0.19790393007773,0.0528229305540975,0.117579959103653,0.163204026374467,0.435248812718284,0.379989677656878
823,-0.971778614522977,0.197769897812539,0.0526160854357451,0.117324078638787,0.163183645178792,0.43535188654004,0.380023533111541
824,-0.971741054351924,0.197861928535701,0.0526553833343374,0.11746229662772,0.163181722654129,0.435284936036089,0.380019688237155
825,-0.971701434843765,0.197950066418807,0.0528237830777464,0.117565899259579,0.163193248952041,0.435231521762343,0.379968640096662
826,-0.971816357304495,0.197606096443562,0.052604138339703,0.117292808617138,0.163199064701632,0.43539323828827,0.380021697233584
827,-0.971832942726565,0.197511332019772,0.0525037929440402,0.11735994581496,0.163161365247971,0.435408003650747,0.380042391529614
828,-0.971798134280628,0.197700396269726,0.052712245885871,0.117236336761055,0.163147002964888,0.435372922462157,0.380002273580792
829,-0.971749722577754,0.197871965198449,0.0529194473893467,0.117254825685633,0.163121447878718,0.435303168580237,0.379960719316007
830,-0.971770516541491,0.197764405810597,0.052729373732795,0.117349546743101,0.163081184539356,0.435308306229236,0.380029628596179
831,-0.971820069782426,0.197658789551341,0.0525440930524017,0.117200141495139,0.163055350579478,0.435372765881881,0.380083321135605
832,-0.971771878726189,0.197780665724172,0.0527303103129831,0.117310435840009,0.163054467944355,0.435313255272685,0.380012258851699
833,-0.971793234795784,0.197703690216136,0.0526916043151085,0.117280665562434,0.163088180401569,0.435343285048011,0.380040948056398
834,-0.971758982800824,0.197835146400567,0.0526934666925537,0.117341948008779,0.163087335273351,0.435293665959765,0.380030238453986
835,-0.971766207187562,0.197837435135217,0.052758905818254,0.117248819543223,0.163125683395497,0.435322649380394,0.380004113055277
836,-0.971798581438492,0.197715067645331,0.0526974061437443,0.117214557653298,0.163150722253958,0.435376493375933,0.380012205172948
837,-0.971778233695937,0.197748160201271,0.0526439490578146,0.117351371016348,0.163158447359393,0.435340695082606,0.380023361445658
838,-0.971757555733958,0.197853852489115,0.0527529328387843,0.117295498660799,0.163191274942121,0.435319766198077,0.380011695409285
839,-0.971751424457549,0.197803936806526,0.0527327310193473,0.117439476871308,0.163213566869478,0.435298855066837,0.380026299828911
840,-0.971791179327552,0.197661508152026,0.0526218826259386,0.117400040226293,0.163215451975085,0.435353232582611,0.380054364956939
841,-0.971731193800598,0.19792386834642,0.0528444487516118,0.117354563480894,0.163197354008049,0.435286960170668,0.379978273719303
842,-0.971709774137751,0.197986130336377,0.0529528703065456,0.117378024203368,0.163211067294721,0.435262669577875,0.379946718856897
843,-0.971756834398484,0.197770813387297,0.0527987062729974,0.117420853292171,0.16325319308744,0.43531264694527,0.380012479402831
844,-0.97174498053111,0.197766947627833,0.0527316783539816,0.117555507470025,0.163259012616584,0.435284464704223,0.380030146332954
845,-0.971742244184143,0.197853651249378,0.0527700779544116,0.117414915696179,0.163241403088036,0.43529409265624,0.380010848181017
846,-0.971739317864149,0.197809833506537,0.0527689567281889,0.11751342515157,0.163234459513897,0.435283047692303,0.380007565131435
847,-0.971723817861868,0.197861065953652,0.0527973865285897,0.117542572523277,0.163225255961755,0.435254934645219,0.380011119967664
848,-0.971692316518778,0.197994244150851,0.0529402093970811,0.117514490725604,0.163198468966739,0.435211465529804,0.379977870873407
849,-0.971694497587846,0.197943782635513,0.0529109006662498,0.117594637905535,0.163181822469328,0.435195892204506,0.379987892785495
850,-0.971720003123825,0.197897352721461,0.0528333021289079,0.117496874430882,0.163168477401231,0.435237288951492,0.380004348882826
851,-0.971714726835132,0.197886229242993,0.0528175554589167,0.117566303688847,0.163190036198436,0.435228871113458,0.380006027550617
852,-0.971738675058743,0.19778816806111,0.0527774567459268,0.117551384634719,0.163234991926601,0.435265585503388,0.380027217931562
853,-0.971704084988988,0.197930421446587,0.052884134333598,0.117549937547733,0.163247536638836,0.435229717306145,0.379987414272191
854,-0.971704659023852,0.197922202150254,0.0528521505399513,0.117573414131919,0.163270149146411,0.435237366491598,0.379988866554474
855,-0.971749543832347,0.19779408484551,0.0528157189579939,0.11743433864378,0.163294230568457,0.435313620022734,0.379998055707215
856,-0.971722144394185,0.197886712952844,0.052806211440416,0.117509263311431,0.163276670615244,0.435274454038728,0.379986482476307
857,-0.971683825525861,0.198082898201445,0.0529647488221947,0.117424205484839,0.163269593850504,0.435233476728894,0.379942144682601
858,-0.971715078871115,0.197894452379271,0.0529613953272777,0.117484815261371,0.163316942732554,0.435267445824263,0.379954474725691
859,-0.971710188785718,0.197908403601113,0.0529481518845438,0.117507727431406,0.163312780848793,0.435258246334349,0.379954259249925
860,-0.971705660736374,0.197955115525158,0.0529391105051289,0.117470556775872,0.163301827774023,0.4352586629085,0.3799465451795
861,-0.971684805827888,0.198009298637278,0.0529635719794947,0.117540698566775,0.163298317636242,0.435231866475203,0.379931727305333
862,-0.971699719317637,0.197964269084037,0.0529586791173556,0.117495455019307,0.163314343002563,0.435256547724318,0.379946542192029
863,-0.971699343267507,0.197919764174091,0.0528915392280532,0.117603734298092,0.163326735102856,0.435246252065601,0.379974693170569
864,-0.971687101968667,0.197994799931892,0.0528868725571512,0.117580669239411,0.163320374068775,0.435229573042083,0.379981062369641
865,-0.971698191425196,0.1979552774969,0.0528711692580696,0.117562631619974,0.163312891238253,0.435244633913638,0.379987241835086
866,-0.971679234589578,0.198025132987471,0.0529063173500814,0.117585855259719,0.163299131952608,0.435222364639545,0.379972413275432
867,-0.971697026569536,0.197967197855786,0.0528493345542861,0.117562004772883,0.163308670855582,0.435244668871265,0.379989992339248
868,-0.971696870321346,0.197937345610787,0.0528701968523838,0.117604173841952,0.16331823396261,0.43524002238294,0.379987095421406
869,-0.97171479930055,0.197865323135209,0.0529094897768144,0.11755955347163,0.163350316239633,0.435268710729494,0.379979669371196
870,-0.971670678094547,0.198048328449267,0.0529868550249321,0.117581232024089,0.163333423770717,0.43521671045692,0.379941960941614
871,-0.971689665416092,0.197969230952342,0.0529801684544286,0.117560535343463,0.163357321583282,0.435247962798563,0.37994758681652
872,-0.971692106067682,0.197956781790356,0.0529658899902231,0.117567759383694,0.163366040388164,0.435253755598919,0.379954078621239
873,-0.971685993197595,0.197971384618268,0.0529064841974756,0.117620429457609,0.163365062054589,0.43524012808803,0.379975265014502
874,-0.971673298100868,0.198048826666696,0.0529903168888282,0.117557178980053,0.163359390618308,0.435228019630256,0.379954880484549
875,-0.97169243903502,0.197937782285653,0.053013199628662,0.117575673211519,0.163364458105546,0.435252554565819,0.379948201905401
876,-0.971684360219699,0.198009495648996,0.0530091188129422,0.117523517050588,0.163334211530399,0.435244643384493,0.379940550197279
877,-0.971679463700597,0.198028058417146,0.0529594728845115,0.117555102542805,0.163317248448472,0.435230687616749,0.379953719515963
878,-0.971708967743261,0.197884855901087,0.0528976404424456,0.117580208572507,0.163336301390552,0.435263030611113,0.379981053597997
879,-0.971686860532739,0.197982418055944,0.0529260980835341,0.117585863735409,0.163322817763054,0.435234229439239,0.379969143345805
880,-0.971698799339496,0.197911086856552,0.0528518621545606,0.117640663582943,0.163334535785047,0.435240737715657,0.379998739069911
881,-0.971714337555195,0.197877569719509,0.0528178056199379,0.11758398275728,0.163335685041433,0.43526224264132,0.380020516733685
882,-0.971706355612712,0.197896362825226,0.0528088201234559,0.117622347194644,0.163328868952966,0.435248478096802,0.380021875380752
883,-0.971701702063798,0.197919271331901,0.0528644426360753,0.117597257393805,0.163331644828091,0.435250523983035,0.380003956913572
884,-0.971665209140223,0.198077333904096,0.0530402357674787,0.117553496458682,0.163317322728561,0.435217535169486,0.379939664824775
885,-0.971651835861649,0.198135083256045,0.0530870395295407,0.117545586407132,0.163315364823209,0.43520411968296,0.379912986140863
886,-0.971695286076484,0.197978727861706,0.0529026700655801,0.11753298188565,0.163324450984842,0.435258408694456,0.379959669448931
887,-0.971663426361314,0.198091009769773,0.0530382042681899,0.117546104181251,0.163314073696991,0.435223689231108,0.379910539197357
888,-0.971671212682311,0.198054434552609,0.0530832216882897,0.11752304869142,0.16333751072427,0.43524198043784,0.37989721492695
889,-0.97165829596327,0.198095821551434,0.0530761963338193,0.11756325426063,0.16334019606508,0.435223185171523,0.379899300954778
890,-0.971664483577116,0.198083792267701,0.0530442005360727,0.117546822097208,0.163333313550226,0.435229266969882,0.379914897388097
891,-0.971693111352079,0.197992284480446,0.0529917471998288,0.11748798817683,0.163343538016833,0.435268224027564,0.379937948620698
892,-0.971674287415815,0.198072980613763,0.0530340848318134,0.117488549960413,0.163332448299859,0.435245993796437,0.379922348633923
893,-0.971695964362202,0.198002832048826,0.0530093502885012,0.117438665374085,0.163333702001918,0.435276764849611,0.379928522463947
894,-0.971723012554722,0.197871515696376,0.0529070391582904,0.117482319329752,0.163336082671281,0.435304417569947,0.379949251516389
895,-0.971720943289677,0.19789751395524,0.0529212730922239,0.117449228166276,0.163319541691478,0.435298866257141,0.379943229167599
896,-0.971689021205033,0.197955816157459,0.0530451249122632,0.117559158052791,0.163319962011296,0.435243882672484,0.379914380957767
897,-0.971692766523734,0.197913799842032,0.0529198467216351,0.117655365965599,0.163291240361284,0.43523787260717,0.379937618660181
898,-0.971742791950509,0.197824808563524,0.0527282845255818,0.117477740104346,0.163266004802669,0.435319220632678,0.379983328032673
899,-0.971735321327932,0.197850642164159,0.0528032870193362,0.1174623410242,0.163283060516603,0.435321723590825,0.379966833154668
900,-0.971696830796981,0.197971932976345,0.0528778420451202,0.117542828761968,0.163302995111879,0.435262652746046,0.379962231419835
901,-0.971659144195019,0.198088706135628,0.0529806579568518,0.117611316998728,0.163316256087379,0.435211601153423,0.37994012233942
902,-0.971690509016371,0.197987368040775,0.0529023803904556,0.117558049204706,0.163304434628968,0.435256092015051,0.379959855550457
903,-0.97175811718972,0.197768551659845,0.0527722947978023,0.117425919421701,0.163309957954902,0.435351068214995,0.379987653034283
904,-0.971736732641288,0.197849289560582,0.0528237921975091,0.117443722837284,0.163291919979775,0.435324418287301,0.379955173441228
905,-0.971715813933049,0.197908970000017,0.0528373000611864,0.117510153894073,0.163268861836855,0.435278364319198,0.3799600264527
906,-0.971700091155694,0.19791340338616,0.0528874712613271,0.117610088817689,0.163275858020562,0.435236738240615,0.379962846079274
907,-0.971703830258246,0.197922759921241,0.0527928432349584,0.117605965281452,0.16325423432239,0.435244861147979,0.379980283154704
908,-0.971743317151511,0.197821234623311,0.052718288444318,0.117483900033108,0.163250240601351,0.435316168467791,0.379986414466263
909,-0.971758388000867,0.197783614110846,0.0527043663204129,0.117428817204177,0.163258274485486,0.43534239677377,0.379995100911356
910,-0.971704832586134,0.198007776711047,0.0528170185646078,0.117443608768836,0.163249230012486,0.435276916112849,0.379977947106307
911,-0.97169744726201,0.197984423757211,0.0528577707971949,0.117525720590724,0.163267211446285,0.43525688450412,0.379984827181922
912,-0.971722408095656,0.197881779974627,0.0528675064607764,0.117487827111889,0.16325655686918,0.435284639873888,0.379985305744602
913,-0.971749119919594,0.1978078175277,0.0527339065422639,0.117451480881314,0.163217681455853,0.435317240430573,0.380007514230933
914,-0.971770491417696,0.19774292249311,0.0526141511066163,0.117437641823328,0.163209013134454,0.435341632423356,0.380028027826494
915,-0.971758220562936,0.197784154527149,0.0527376559295584,0.117414345943724,0.163220074133976,0.435330805393316,0.379985815140144
916,-0.971724713022649,0.197898753516434,0.0528425201661251,0.11745140918774,0.163235104816726,0.435290452782658,0.379955989496008
917,-0.971708630507157,0.197964127944249,0.0528721967328148,0.117460939285473,0.163258376264169,0.435272021119782,0.379950616885975
918,-0.971740875011971,0.197792255566602,0.0528167973225612,0.117508643892409,0.163290669177641,0.435313951342352,0.379968064098376
919,-0.971770929787986,0.197693514787795,0.0527592959615354,0.117452079247176,0.163302108721996,0.43536272443313,0.379984036105265
920,-0.971741094983642,0.19784868773499,0.0528311899586034,0.117405308436602,0.163290995273258,0.435331253885491,0.379958046442309
921,-0.971718334316216,0.19791341129059,0.0528762209335925,0.117464316474505,0.163294594008114,0.435295394941222,0.379949674262648
922,-0.97170416106564,0.197949455243295,0.0528657140865352,0.117525541099478,0.163279806010175,0.435268122078073,0.379951743838334
923,-0.971724984017154,0.197864365430085,0.0528605491640989,0.117498981578063,0.163286646434432,0.435296464930865,0.379953219053373
924,-0.971775466517089,0.197688299497057,0.0527986797326124,0.117405614584442,0.163304275485839,0.435368238110112,0.379970305388589
925,-0.971766020368831,0.197729061098405,0.0527834138599666,0.117422022103847,0.163288078949161,0.435354321279983,0.379966820299497
926,-0.97174475006635,0.197820436862604,0.052795757729992,0.11743859435335,0.163279280530999,0.435323012838257,0.379968116980885
927,-0.971745023894869,0.197796589261513,0.052776944577948,0.117484943431439,0.163290270155792,0.435315174920654,0.379987292696459
928,-0.971739578454993,0.19778909346867,0.0528303831580216,0.117518580591888,0.163291160978441,0.435307134914543,0.379974379806241
929,-0.971750281136081,0.197757234040117,0.0527993270460271,0.117497653424387,0.163284434124217,0.435320338489834,0.379985136473549
930,-0.971739324627803,0.197811652700468,0.0527613578649187,0.117513718961069,0.163256922406851,0.435301695779535,0.379992001806764
931,-0.971734430755359,0.197847952865598,0.0527179246517638,0.117512569761122,0.163235517406982,0.43529156106007,0.380005293433995
932,-0.971712015562064,0.197921072667612,0.0528969573307229,0.117494339061786,0.163253135740606,0.435267513031995,0.379959815470938
933,-0.971693821693766,0.197980144244247,0.0529826925078062,0.117506653691671,0.163264975629477,0.435245672633893,0.379936901060154
934,-0.971710032622859,0.197936427170358,0.0529296752925855,0.117470135662378,0.163269887756974,0.435269725814856,0.379952329188967
935,-0.971710970845151,0.197948943014798,0.0529429080738458,0.117435316592503,0.163273618872816,0.435277931843232,0.379945398808006
936,-0.971710658531131,0.197950666379756,0.0529279930588745,0.117441718854787,0.163286400577974,0.435281167111125,0.379948944176986
937,-0.971723021690543,0.197870908166414,0.0529041545703661,0.117484565995681,0.163301631771922,0.435296896347543,0.379958040228681
938,-0.971724375518434,0.197873246077507,0.0528413384533738,0.11749769980947,0.163298932159797,0.435290762693248,0.379986415265571
939,-0.971723959332593,0.19787517303294,0.0528609308888402,0.117489083500288,0.163298459096076,0.435289036165292,0.379980231845004
940,-0.971698046641923,0.197983924906966,0.0528836682364841,0.117509953895653,0.16327091802127,0.435255724735764,0.379965845817023
941,-0.971707046818062,0.197947238674605,0.0528631601920185,0.117506562198595,0.163276460826212,0.435266162662705,0.379978077125926
942,-0.971728937838394,0.197837866648537,0.0528184219339313,0.1175298438348,0.1632976671296,0.435289531008718,0.380002029824688
943,-0.971722191430537,0.197860377962566,0.0528550230421884,0.117531272660323,0.163295441578817,0.43528076990327,0.379991249722237
944,-0.971736765065187,0.197795042732793,0.0528013831482482,0.117544861344979,0.163294750073398,0.435294920067756,0.380008783514886
945,-0.971732895266224,0.197822962393755,0.0527528540901952,0.117551657549436,0.163276516415664,0.435287438950727,0.380017462482894
946,-0.971705643822233,0.197958265686467,0.0528106638164826,0.117523191743961,0.163258547350986,0.43525496985465,0.379994861007267
947,-0.97170475232822,0.19796631845081,0.0528613195633717,0.117494220946416,0.163254848642592,0.435258698917148,0.379976160710098
948,-0.971738644455619,0.197824864976827,0.0528119053465722,0.117474390069154,0.16328564711045,0.435303836439776,0.379998266909596
949,-0.971732668708335,0.197846337862516,0.0528411144992247,0.117474523952428,0.163296840525986,0.435296897718497,0.379993595878804
950,-0.971729048279778,0.197863790342758,0.0529351684386466,0.117432726030034,0.163302919320748,0.435301156997402,0.379962381554356
951,-0.971713241377767,0.197941791452811,0.0529038374895112,0.117446190685131,0.163282378157523,0.435281645926836,0.379960764288748
952,-0.97171726140547,0.197906266333238,0.052934309186309,0.117459067524219,0.163301387237489,0.435291492169267,0.379949181553771
953,-0.971712079853663,0.197924435673116,0.0529672524557404,0.117456467668822,0.163304313304707,0.435282035283661,0.379943981501501
954,-0.971711890950656,0.197909811055395,0.0529051352837667,0.117510656256041,0.163305735879035,0.435270759928436,0.379966261347742
955,-0.971716444738359,0.197891206782117,0.0528933862016514,0.117509620880522,0.163310261787118,0.435274835681989,0.379972847587976
956,-0.971719620609516,0.197875472373162,0.0529131413705312,0.117500960957334,0.16330751474431,0.435279246517578,0.379971629873066
957,-0.971717107418441,0.19788676779365,0.0529000772215127,0.117508604418902,0.163302531948237,0.435272050904011,0.379980193061441
958,-0.971714239462401,0.197895720637147,0.0529211226479354,0.117507767220703,0.163305904924833,0.435270011705267,0.379977507174726
959,-0.971708483176951,0.197909864355306,0.052966673984147,0.117511023992945,0.163306016171197,0.435267231208711,0.379965985797215
960,-0.971716988360988,0.197889022091144,0.052893365351146,0.117508814002574,0.163299234009674,0.435274860200398,0.379987258988308
961,-0.971724453832914,0.197849334196289,0.0528691829134289,0.117524790062679,0.16330750793215,0.435287228412259,0.379988070412424
962,-0.971716877373959,0.197902264987636,0.0529683852793886,0.117453624466251,0.163311423519742,0.435287748459019,0.379954200948429
963,-0.971697794608412,0.197988909855039,0.0530309554203853,0.117437239812429,0.163301174399636,0.435267663813578,0.379927464369183
964,-0.971698690747689,0.197979475224336,0.0530006220961865,0.117459422127559,0.163303117691525,0.435265622369585,0.3799343882708
965,-0.971734519601982,0.197820406050025,0.0529318249836094,0.11746204607452,0.163327990474202,0.435309580923235,0.379959002137791
966,-0.971739666948278,0.197803445804994,0.0528743536550219,0.117473908730762,0.163321161286375,0.43530951417289,0.379980271560175
967,-0.971712860001587,0.197930016362186,0.0529341115928458,0.11745554972106,0.1632890223179,0.435276051778349,0.379959990049005
968,-0.971707551909646,0.197939792614184,0.0529507384154026,0.117475492605397,0.163277746431252,0.435265491313558,0.379955360770787
969,-0.971740301909507,0.197792877958647,0.0528654377235231,0.11749046160415,0.163292434456673,0.435301556058153,0.379988504920887
970,-0.971725684505941,0.197858327405642,0.0529492734601545,0.117463401907757,0.163286518978626,0.435286093455878,0.37996319370208
971,-0.971731512010615,0.197825566411632,0.0529023575768289,0.117491507787985,0.163281373445052,0.435294402606655,0.37996701775491
972,-0.971747716666599,0.197770447751641,0.0527807690771546,0.11750495974635,0.163270276209059,0.43531284549519,0.379997999056228
973,-0.971737775263149,0.197822691389073,0.0528516328583939,0.117467373352818,0.163275374786209,0.435302286833727,0.379980508936329
974,-0.971734699754181,0.197843706763453,0.0528944709067498,0.117438136630494,0.16327377166798,0.435302409147029,0.37997114431811
975,-0.971720637748912,0.197899354207575,0.0529505984241449,0.117435437171229,0.163258215776338,0.435283936257508,0.379953565307204
976,-0.971697941613581,0.198001784500192,0.0529525826830367,0.117449681080311,0.16322946027378,0.435245158887497,0.379955373699383
977,-0.971705209066083,0.197970348577678,0.0528671725524214,0.117481018995345,0.163216386170934,0.435246979862651,0.379983724284869
978,-0.971713014867485,0.197918132244434,0.0527781727410955,0.117544434781612,0.163213393117946,0.435247943145347,0.380008237021503
979,-0.971719412146916,0.197885972230235,0.0528267402663316,0.117523876570589,0.163228912700114,0.435259586887173,0.379994133869485
980,-0.971746765683498,0.197754905871396,0.0528159157999738,0.117523187608511,0.16325667971992,0.435299890372184,0.380000275348379
981,-0.971731967620139,0.197827198725291,0.0528470054562881,0.117509899854861,0.163250064468884,0.435284887674264,0.379985197479105
982,-0.971720971863046,0.197889000693479,0.052856299341442,0.117492586429959,0.163244014883159,0.435273144939777,0.379979637977222
983,-0.971721617395587,0.197886324709978,0.0528954260633174,0.117474144731774,0.163254896437184,0.435277772187996,0.379970726633853
984,-0.971710230104508,0.19794829482096,0.0529221735049658,0.117451883080816,0.163241272262832,0.435262357360456,0.379963445095812
985,-0.971724761527061,0.197888335484883,0.0527970866156288,0.117488987394996,0.16322375106187,0.435268081775079,0.380002225477786
986,-0.971711708535768,0.197943989830323,0.0528223015873204,0.117491858609737,0.16319908436071,0.435248130249299,0.379991839620983
987,-0.971701307983414,0.197976840809116,0.0528979601057681,0.117488486172955,0.163197807256356,0.435238207426595,0.37996862661433
988,-0.971707763392901,0.19792951384073,0.0528489122803929,0.117536898817001,0.16320458230926,0.435245814721497,0.379979484735668
989,-0.971716488548842,0.197882161082475,0.05282983674555,0.117553071236262,0.163224776030956,0.43525841558835,0.37998566678403
990,-0.97171284150751,0.19789509070176,0.0528077914451036,0.11757135658073,0.163236989587648,0.435251610810049,0.379995092798046
991,-0.971701258542189,0.197961538153504,0.0528707821802026,0.117526907349247,0.163232232315456,0.435241327416755,0.37997636536091
992,-0.971697550703447,0.197975320770422,0.0528320476966765,0.117551763317046,0.16322673557344,0.43523513281658,0.379983384131849
993,-0.971716733053049,0.19789005051313,0.0527306933083209,0.117582280109906,0.163234663392069,0.435253147799421,0.380016517261363
994,-0.971721761385917,0.197875563359019,0.0527269001914225,0.117566805989636,0.163225545173915,0.435259664806418,0.38001893454992
995,-0.971717283689796,0.197875625052482,0.0528193544566627,0.117562210694577,0.163232038709423,0.435257738689314,0.379990125149401
996,-0.971710118857856,0.197911759921099,0.0528682571247709,0.11753862166443,0.163233575125384,0.435250565397801,0.379973049119015
997,-0.971718800443852,0.197887696817535,0.0528044058008237,0.117536066976199,0.163235745150216,0.435259880955231,0.379990616387408
998,-0.971724969486313,0.197868169741731,0.0528052155288,0.11751757439991,0.163250067640473,0.435273886634779,0.379986247247699
999,-0.971712090359073,0.19792535360269,0.0528920699941854,0.117488709172337,0.163258447863602,0.435268168035845,0.379953695835769
1000,-0.971728144419528,0.197851052343704,0.0528452928580445,0.117502125309367,0.163275578460156,0.43528981060402,0.379966299888883
1001,-0.971744716532846,0.197783241621204,0.0528070799474198,0.117496414973968,0.16328651963216,0.43531238256679,0.379980349092446
1002,-0.971730675776124,0.197846316129288,0.0528563898878635,0.117484173392717,0.163274943725566,0.435295289843977,0.37996450447945
1003,-0.971699438863948,0.197979358366006,0.0529343004839308,0.117483335008632,0.163239866041712,0.435254957701192,0.379935318628577
1004,-0.971706721835063,0.197954258090906,0.0529270932526873,0.117468639406675,0.163230877588267,0.435260277086534,0.379944654293595
1005,-0.971734275508927,0.197836985333821,0.0527767577715126,0.117505909954749,0.163225970672456,0.435284926142258,0.379993362761125
1006,-0.971740731754425,0.197810370402017,0.0527558749370782,0.117506703087163,0.16323230300842,0.435289106526174,0.38000455609359
1007,-0.97170938648406,0.197931905993226,0.0528474935268608,0.117520088651215,0.163220349910864,0.435251638697259,0.379973307041389
1008,-0.971701551206127,0.197958521687793,0.0529243749329906,0.11750544503444,0.163234287531305,0.435252056483448,0.379949074069661
1009,-0.971721230371931,0.197876731558333,0.0527859546206728,0.1175427264744,0.163243379744133,0.435274637369824,0.379986731837395
1010,-0.971707873236943,0.197942658708512,0.0527768498855347,0.117546233750395,0.163237549188768,0.43525880305843,0.379984273706909
1011,-0.971721474827787,0.197882531634702,0.0528449130952197,0.11750444328752,0.163270551038648,0.435287214656612,0.379967270612031
1012,-0.971741006190846,0.197795054213456,0.0528301269644595,0.117496855706092,0.163295942182642,0.435316684469525,0.379973769232527
1013,-0.971715438498404,0.197904280321913,0.0528966859082119,0.117494438311131,0.163290282497127,0.435284529419155,0.379947217687759
1014,-0.971728789093551,0.197849324062027,0.0528513744533499,0.117496968613547,0.163291816175178,0.435298906291153,0.379960052238972
1015,-0.971750101274435,0.197763509693575,0.0527836273199407,0.11749563223267,0.163302477278157,0.435327605799574,0.379979003207764
1016,-0.971750714646367,0.197756776831616,0.0527615153778996,0.117511821943468,0.163302705774703,0.435327613132302,0.379978969874447
1017,-0.971747547083227,0.197779091012755,0.0527841370423011,0.117490300759673,0.16329976949183,0.435323134085382,0.379973958862186
1018,-0.971762431609159,0.197726961835472,0.0527523377445063,0.11746921272767,0.163303033642794,0.435342812658707,0.379990291783319
1019,-0.971754274620208,0.197753952568959,0.0527362035733038,0.117498497153722,0.16328462362656,0.435330123680464,0.379993089738136
1020,-0.971729320743356,0.197850189791718,0.0528148143258148,0.117507552926472,0.163258478833544,0.435296712064191,0.379969457287687
1021,-0.971706099203351,0.197948161881963,0.0528307282485275,0.117527427144854,0.163226591802596,0.435258425561528,0.379968944217045
1022,-0.971705756906704,0.197939288010175,0.0528926899366283,0.117517333222219,0.163227745239929,0.435257319763682,0.379962121050442
1023,-0.971711204617075,0.197914481312773,0.0528648238639866,0.11752660680101,0.163221886466507,0.435257144226961,0.379978703735263
1024,-0.971722217273715,0.197861279074886,0.0527657932795589,0.117569629407784,0.163215054603487,0.435263058907783,0.380011207938914
1025,-0.971729312071948,0.197833005763984,0.0527250038241685,0.117576867887808,0.163210903294139,0.4352723736881,0.380019984374233
1026,-0.971724568345695,0.197862447884446,0.0527549828720904,0.117553080660237,0.163204307286185,0.435271052130646,0.380002357318624
1027,-0.971730767992458,0.197830374994063,0.0527960255330658,0.117537385347844,0.163220373075491,0.435284040795042,0.379990066918476
1028,-0.971747572457369,0.197756011160217,0.0527509482153116,0.117543834102845,0.163240162884897,0.43530531806505,0.380006713191914
1029,-0.971723514165199,0.19786101766694,0.0528602991875696,0.117516885918744,0.163242970995385,0.43528183735298,0.379969833141904
1030,-0.971728297775421,0.197848642753479,0.0528899342099461,0.11748482762619,0.163247854762899,0.435293521465294,0.379958759209407
1031,-0.971725844349715,0.19786351377603,0.0528692013383956,0.117489407560323,0.163236611666411,0.435288809513441,0.379962659275241
1032,-0.971708484720189,0.197939441026223,0.0529136202723416,0.117485093516982,0.163218386799246,0.43526897170691,0.379946478594162
1033,-0.971697231089703,0.197998147675254,0.052895849493976,0.117487249163828,0.163200663922164,0.435250135610179,0.379955596370111
1034,-0.97170040258472,0.197989026999065,0.0528595586021817,0.117492722621612,0.163200513548741,0.435250460378954,0.379972048749815
1035,-0.971713547477432,0.197915174459941,0.0529094159177775,0.117485995227325,0.163224061057041,0.435273538857525,0.37995963331747
1036,-0.971704989330451,0.197954460724848,0.0528858705034536,0.117501191017516,0.163220849856096,0.435259427432525,0.37996861699463
1037,-0.971719936917053,0.197913615193838,0.0527356323537743,0.117513906407162,0.163219136320431,0.435267911325846,0.38002151268052
1038,-0.971715397184093,0.197921507937433,0.0527940623070672,0.117511916656356,0.163214806337602,0.435266086406005,0.380003054840808
1039,-0.971713034797728,0.197925664967388,0.0528178016119122,0.117513782103595,0.163203563473062,0.435261992606495,0.379995436446827
1040,-0.971697516585121,0.197989570751109,0.0528480324888507,0.117520856013545,0.163186386451321,0.435236743545964,0.379985885196957
1041,-0.971691593556754,0.197999317406223,0.0528564391040815,0.117549624257337,0.163182856457681,0.435227346908308,0.379976460896313
1042,-0.971724855115044,0.197856477961396,0.0528309675837006,0.117526630788638,0.16320957662254,0.435274533835168,0.379985096070307
1043,-0.971725662156294,0.197881814990047,0.0528124870889234,0.117485599162782,0.163200965072579,0.435278707019394,0.379984572677809
1044,-0.971741312574676,0.197817091688033,0.0527286106021593,0.117502822500994,0.163216629717478,0.435299987138308,0.380005812337949
1045,-0.971732221668111,0.19784838867329,0.0527806396254105,0.117501951269217,0.163233992477597,0.435296714287772,0.379988229595094
1046,-0.971697029685341,0.197994849542,0.0529282903444331,0.117479862686087,0.163236302311269,0.435262268093649,0.379939159979895
1047,-0.971734619575003,0.197841239811649,0.0528614622113664,0.117457816947578,0.163263498464997,0.435309382242569,0.379966660432609
1048,-0.971755139794627,0.197754445635448,0.0527926596453648,0.117465154840527,0.16325868621437,0.435330043538434,0.379988153696705
1049,-0.971758741349157,0.197746426915741,0.0527186933608613,0.117482077883748,0.163229796592431,0.435321928849406,0.380007440310039
1050,-0.971722117667382,0.197900822057363,0.0528741723625652,0.117455151279168,0.163200635125468,0.435276114225976,0.379957770548008
1051,-0.971732386505488,0.197840243624444,0.0528742702494409,0.117472203369812,0.163207642448132,0.435287183152179,0.379958128718719
1052,-0.971758841474366,0.197732049874604,0.0527665231147197,0.117483975533557,0.163220427651025,0.435315194851197,0.37999532574087
1053,-0.971737629988206,0.197821695495149,0.0528026132882967,0.117492294582479,0.163210800013749,0.435294282145459,0.379978462850631
1054,-0.971748832933315,0.197777883767965,0.0527711271910925,0.11748754197781,0.163221373607742,0.435314418999605,0.379986393516341
1055,-0.971738965139373,0.197821328180027,0.0528647165012721,0.117453937763669,0.163236536807962,0.435310426087529,0.379959302605262
1056,-0.971704667568264,0.197956762068234,0.0529397594383731,0.117475704927094,0.163218509487544,0.435265038099004,0.37993640348592
1057,-0.971708317115052,0.197940678389643,0.0528113367259603,0.117530408836598,0.163199503921692,0.435255759366877,0.379977903151565
1058,-0.971704549020931,0.197956947815234,0.0528381189033923,0.117522123085216,0.163182722999446,0.43524731883118,0.379970766096761
1059,-0.971689568815008,0.198028733684575,0.0528868893250547,0.117503103911801,0.163154707594381,0.435225496835422,0.379958847210924
1060,-0.971714057277103,0.197918779661975,0.052806326886494,0.117522080427219,0.163162837353036,0.435250986439135,0.379993956439097
1061,-0.971729683834749,0.197830628787755,0.0528214110963575,0.117534515771533,0.163193183130885,0.435272380303328,0.379996839017101
1062,-0.971714174389623,0.197902897394805,0.0528139851373381,0.117544414869216,0.163187151973699,0.435255217497863,0.379991977293914
1063,-0.971699341143854,0.197968811435635,0.052834996639329,0.117546600331457,0.163194942707166,0.43524375679178,0.379977894126555
1064,-0.971693505494227,0.197995240944183,0.0528340063911146,0.117550770786322,0.163204504589991,0.435242024473311,0.379971583132784
1065,-0.971727565750773,0.197855787170499,0.0527605319623246,0.117537022721659,0.163232209718206,0.435288536781933,0.379994153385465
1066,-0.971745199729795,0.197781484611969,0.0527754405015132,0.117509591211344,0.163252016928845,0.435315290302441,0.379988519953926
1067,-0.971729179293848,0.197849590570307,0.0528466436955191,0.117495420634958,0.163242505388113,0.435296150656371,0.379967462982306
1068,-0.971727527971608,0.19786388621197,0.0528571267966274,0.117480287972447,0.163234061156534,0.435290844142331,0.379968839562136
1069,-0.97172639725978,0.197883248490467,0.052856565063646,0.117457278893479,0.163222962537634,0.4352869157246,0.379964605150146
1070,-0.971724632363077,0.197895557341945,0.0529029465635921,0.117430257974909,0.163221750640853,0.435287669131945,0.379950449849453
1071,-0.971756854794212,0.197756406153032,0.0528066066063641,0.117441395106744,0.163241365214046,0.435327055389045,0.379985409806884
1072,-0.971761430956068,0.197727214554758,0.0527755150172641,0.117466654610124,0.163241025683763,0.435332997359777,0.379989476325609
1073,-0.971744912490728,0.197800994407021,0.0528369674458567,0.117451464576253,0.163229483617613,0.43531402800954,0.379968219942715
1074,-0.971745346524858,0.197804131063276,0.052821786561252,0.117449419351747,0.163223389332697,0.435313568589237,0.379966688187962
1075,-0.971754294404353,0.197769082412196,0.0527591758317598,0.117462550262158,0.163208058780576,0.435321569461898,0.379979516994521
1076,-0.971764159636672,0.197735551573895,0.0527383293527807,0.117446746683249,0.163207965488512,0.435331888924577,0.379990880821839
1077,-0.971745717347147,0.197813209579438,0.0528061684391235,0.117438083721331,0.163199331333347,0.435308168266595,0.37997149574692
1078,-0.971750019323443,0.197787630142632,0.0528183793120645,0.117440078824466,0.16321121318365,0.435314506167359,0.379970022821097
1079,-0.971741380981795,0.197833857401418,0.0528478331405179,0.117420440663548,0.16321213854454,0.435306050888311,0.379962955936015
1080,-0.971755439015118,0.197785622384287,0.0527870931901667,0.117412678681344,0.163218561074708,0.435326559390754,0.379982137287875
1081,-0.971769666923374,0.197726165177111,0.052781881799276,0.117397406298927,0.163244581003151,0.435349576559918,0.379983806336828
1082,-0.971762135702336,0.197753551340773,0.0528126791684135,0.117399767744237,0.163255005912271,0.435343385483376,0.379972197337602
1083,-0.971757118158096,0.197764881948787,0.0528065650285638,0.117424961003775,0.16325426524934,0.435337380587545,0.379970156325229
1084,-0.971735669762401,0.197850436559326,0.0528702115599982,0.117429696390241,0.163239792289832,0.435311110899173,0.37994772678496
1085,-0.971738251394458,0.197845412978812,0.0528609509199503,0.117420965793691,0.163235987265365,0.43531435917587,0.379952809450137
1086,-0.971760435927574,0.19775970005598,0.0527991080157652,0.117409583903359,0.163246457630928,0.43534036214125,0.379975059616575
1087,-0.971775641387441,0.197697175500382,0.052741134667474,0.117415085569045,0.163252289989793,0.435357386841841,0.379995664061642
1088,-0.971757054662695,0.19776882209585,0.0528257714330254,0.117410210768096,0.16325015252627,0.435339032421538,0.379971112189211
1089,-0.971738944930313,0.1978483482688,0.0527743423279393,0.117449234926768,0.163235935992789,0.435309881297734,0.379981700964814
1090,-0.971744041702552,0.197830575680822,0.0528244560581293,0.117414469225669,0.163257087992327,0.435322035695132,0.379968298739117
1091,-0.971747038278933,0.197810763751947,0.0528836059614013,0.117396420560904,0.16327428764649,0.435334254052831,0.379951446891463
1092,-0.97176760323994,0.197733528304982,0.0527526160324272,0.117415239978035,0.16327546807922,0.435354907963437,0.379989325999915
1093,-0.971773070073101,0.197721240353414,0.052764480808249,0.117385352403288,0.163276467256414,0.435363380581233,0.379984273056147
1094,-0.971780620248258,0.197675307519674,0.0528003436613749,0.117384081613108,0.163286715149933,0.435375048474999,0.379974842445253
1095,-0.971762319250065,0.197760614114747,0.0527930303496433,0.11739518873103,0.163268436518928,0.435347148743069,0.379976906431643
1096,-0.971771872140743,0.197709335437404,0.0527607576026805,0.117416990483346,0.163276000251298,0.435356852999083,0.37998741639696
1097,-0.971778580818116,0.197682398002375,0.0527647669478361,0.117405020131592,0.163282210063429,0.435367287062211,0.379985735159442
1098,-0.971768553736751,0.197755390408084,0.0527675814927486,0.117363818429432,0.163264763855759,0.435353811355373,0.379984020928329
1099,-0.971775347260566,0.197728999760482,0.0527960489848102,0.117339227549526,0.163263319379871,0.435366730634051,0.379973632787775
1100,-0.971765785716901,0.197767516423822,0.0528244172149144,0.117340735055954,0.16324658559657,0.435355144159996,0.379959030146663
1101,-0.971780655985264,0.197713485957878,0.0528284108805699,0.117306833249682,0.163249879111569,0.435373170287327,0.379963156134921
1102,-0.971811910286809,0.197590041218529,0.0527585393009349,0.117287352970361,0.163259749577793,0.435410308220914,0.379988315878886
1103,-0.971813069066673,0.197575721781097,0.052719168529547,0.117319573061983,0.163243913901952,0.435407202876463,0.379996730710526
1104,-0.971797204058786,0.197654672859947,0.052797562431957,0.117282743323127,0.163235470442369,0.435387781634953,0.379976062491261
1105,-0.971802737554072,0.197636959386088,0.0527943930875534,0.11726816970325,0.163238829688303,0.435395953817512,0.379978236193874
1106,-0.971818263219622,0.197559964829105,0.0527755209040016,0.117277738564621,0.163247872334215,0.43541593475346,0.379982837633895
1107,-0.971808454257469,0.197608252101334,0.0527968792870386,0.117268053930793,0.163233954621363,0.435403594129788,0.379974015591748
1108,-0.971808007454082,0.197616694371839,0.0527605287442207,0.117273890360575,0.163222898656322,0.435400666236494,0.379984093426385
1109,-0.971817919590678,0.197578198139508,0.0527492114235068,0.11726170507284,0.163225850572966,0.435412543112697,0.379989552104601
1110,-0.971821956790942,0.197540726139798,0.0527592917583702,0.11728684047386,0.163238699408288,0.435419071352665,0.379985234832698
1111,-0.971817443170043,0.197560782031806,0.0527084782438042,0.117313302206716,0.163242790481432,0.435414384941679,0.379995099855234
1112,-0.97182850383155,0.197529276637678,0.0526910464231473,0.117282554705979,0.163269364402567,0.435435855316059,0.380003127794283
1113,-0.971826568898101,0.197540636280825,0.0527445929554637,0.117255383311275,0.163295318728979,0.435441188588626,0.379991425925258
1114,-0.971815262406455,0.197591433879515,0.0527772058669999,0.117248827508778,0.163303785191984,0.435432496408962,0.379979366140884
1115,-0.971804266770775,0.197636037224179,0.0528091600793009,0.117250400801693,0.16330720344003,0.435422129691749,0.379966386115375
1116,-0.971805206817689,0.197633004776932,0.0528147887145995,0.11724518547856,0.163308043103179,0.435422388807057,0.379966547865921
1117,-0.971826538531351,0.197540898479572,0.0527531102328424,0.117251361590462,0.163310656885951,0.435442601932662,0.379989083836936
1118,-0.971832173435171,0.197510777800759,0.052735989105795,0.117263100683228,0.163306433915084,0.435444356445744,0.379993655376077
1119,-0.971842551533993,0.197470037458378,0.0527506409067939,0.11723911129827,0.1633111802879,0.435460890146471,0.379987763686028
1120,-0.971813802781056,0.197603027314998,0.0527816755385676,0.117239374987727,0.163284079706334,0.435424088596453,0.37997051632814
1121,-0.971798484855439,0.197661457583125,0.0528487444825601,0.117237635703748,0.16329067354225,0.435407724040059,0.379949576863704
1122,-0.971819609441315,0.197570584092478,0.0528112987542183,0.117232579646529,0.163314656725775,0.43543302179303,0.379970951817457
1123,-0.971809181779945,0.197625055511645,0.052828102402757,0.117219636745455,0.163298369743898,0.435423394200378,0.379962067857814
1124,-0.971825086229898,0.197570336492835,0.0528102395428453,0.117188064715592,0.163297150533888,0.435448804415126,0.379962587157218
1125,-0.971833886533669,0.197528366964976,0.0527293456723583,0.117222256137558,0.16328853568689,0.435454249570188,0.379988775095036
1126,-0.97182414135205,0.197571660232948,0.0527180962046922,0.117235146993981,0.163282175317569,0.435439209256057,0.379995930735471
1127,-0.971841643849946,0.197488285661046,0.052770087249602,0.117207142262605,0.163307393401117,0.435469708495488,0.379978542663237
1128,-0.971851613356497,0.197442502808043,0.0527114032756641,0.11722801570435,0.163307921107447,0.435482775026537,0.379987818871521
1129,-0.971848201736573,0.197480586846778,0.0527005874441219,0.117197007995446,0.163304405832092,0.435478491253149,0.379988225455925
1130,-0.971827152146481,0.197565739493547,0.0527988610363475,0.117183809472527,0.16331119028424,0.435458354032628,0.379956316705361
1131,-0.971827493518305,0.197544272830901,0.0528109538863132,0.117211715554625,0.163325563946221,0.435458953713304,0.379954223606794
1132,-0.97183370512269,0.197530461761921,0.0527324745212409,0.117218822697095,0.163314708059352,0.435457700712103,0.379979472978624
1133,-0.971819909561217,0.197600675187575,0.052750192960245,0.117206884134424,0.163293759687445,0.435437960733496,0.379968366119848
1134,-0.971821046426908,0.19759625319977,0.0527554740846748,0.117202535796903,0.163285692888093,0.435438007416603,0.379968802892952
1135,-0.971828483374428,0.197564756665103,0.0527197252511266,0.117210052450567,0.163283686039302,0.435442604309666,0.379986033162882
1136,-0.97182698366112,0.197556436749997,0.0527334197690146,0.117230348315778,0.163278181498361,0.435441677088947,0.379977568127631
1137,-0.971835634661212,0.197521930688773,0.0527225591402518,0.117221661212086,0.163277083227231,0.435455685985982,0.379978569971278
1138,-0.971862988069334,0.197422540666424,0.0526995255434405,0.117172662619124,0.163289764845048,0.435498508689313,0.379982843317727
1139,-0.971852655225412,0.197473638082999,0.052751880758034,0.11714869982237,0.163295362709788,0.435489832437032,0.379966512939478
1140,-0.971844741045095,0.197492179494327,0.0527646765500809,0.117177332492847,0.163308221281159,0.435480399008818,0.379967314458275
1141,-0.971840926249721,0.197505462776106,0.0527576687355328,0.117189737730201,0.16331224018158,0.435475379385107,0.379967093560776
1142,-0.971844540932203,0.197496984701836,0.0527671958959849,0.117169758603629,0.163318993604572,0.435482698202482,0.379961878102212
1143,-0.971854084690348,0.197456027608306,0.0527457474290751,0.117169285053644,0.163322986284971,0.43549562123779,0.37996895165507
1144,-0.971858688634773,0.197435401652185,0.0527233420209157,0.117175939107331,0.163317282773577,0.435494965495775,0.379976848415229
1145,-0.971849864219165,0.1974718618508,0.0527893076802089,0.117157988157076,0.16330792226577,0.435486061777676,0.379954619542274
1146,-0.971831064356457,0.197557011659262,0.0528213368195086,0.117155946808768,0.163293864068076,0.435462678205093,0.379941062720595
1147,-0.971849809873747,0.197476429735402,0.0526989293539271,0.117191422861361,0.163301307444601,0.43547915535083,0.379981162020531
1148,-0.971851375451623,0.197455156500782,0.0527079895423657,0.117210208780816,0.16331795140649,0.435483064599388,0.379981080066017
1149,-0.971838372989733,0.197501933760955,0.0527700814086265,0.117211268457771,0.163325444683037,0.435469224546695,0.379963913437087
1150,-0.971843815951262,0.197475640429704,0.0527463873057616,0.117221105012531,0.1633263199035,0.435475959516218,0.379970488700546
1151,-0.971837259615072,0.197522508219624,0.0527590362603143,0.117190800250612,0.163306985508434,0.435467817475703,0.379963896070886
1152,-0.971824091523339,0.19759893846062,0.0527767996432517,0.117163151517401,0.163286558793951,0.435448315954335,0.379959897344577
1153,-0.971852114907141,0.197470405191875,0.0527693733107518,0.117150753579587,0.163304293984289,0.43548414937107,0.37996994649404
1154,-0.971858023007125,0.197437909640698,0.0527103066601743,0.117183098291455,0.163296488479084,0.435483541461199,0.379987358162949
1155,-0.971844498047017,0.197501380611237,0.0526866560178822,0.117198944321394,0.163284140528934,0.435463241373487,0.379990325147922
1156,-0.971871694498783,0.197392195974848,0.0526395364872363,0.117178537278378,0.163304977009341,0.435503856338434,0.380007563679398
1157,-0.971886268408267,0.197335059953997,0.052586167114144,0.11717785806478,0.163320158201321,0.435523560313784,0.380027366655924
1158,-0.971842224499137,0.197507757853768,0.0527489336121795,0.117179035116885,0.163315917136699,0.435476104800933,0.379970265882258
1159,-0.971809600372503,0.197632833798838,0.0528186564168159,0.117207308487139,0.16330472702035,0.435435691596706,0.37994489997192
1160,-0.971827060294452,0.197568750042226,0.0527245988240646,0.117212928318672,0.163303965948654,0.435449190990966,0.379983507271653
1161,-0.971850784571002,0.197485526051379,0.0526937373975994,0.117170344234411,0.163308612182177,0.43548080635465,0.379990749827766
1162,-0.971849383594252,0.197493210251826,0.0527211382718078,0.117156686071364,0.163308855916496,0.435482360360641,0.3799782817232
1163,-0.971836128094585,0.197539691441101,0.0527576594632908,0.11717183878149,0.163301517918202,0.435464617219139,0.379968716624785
1164,-0.971851865281198,0.197463830490544,0.0527336218635363,0.117180001376566,0.163313094938692,0.435487413621792,0.379977447173428
1165,-0.971836942869587,0.197530773908688,0.052714063029371,0.117199732900149,0.163311439678366,0.435468894076596,0.379978299142505
1166,-0.971828245595218,0.197580136857264,0.0527437929197122,0.117175265697276,0.163318498773248,0.435459430428062,0.379972483271541
1167,-0.971863582410846,0.197425457246409,0.0527275947537849,0.117150188928925,0.163345646597429,0.43550732998597,0.379980430391878
1168,-0.971877491024956,0.197364430492031,0.0527473293634806,0.117128746516866,0.163355930715369,0.435532198124044,0.379967650288808
1169,-0.971872219591601,0.197391086758046,0.0528053179484799,0.117101434879902,0.163348594719403,0.435528111137174,0.379948070082974
1170,-0.971863327308831,0.19743257606992,0.0528054688812952,0.117105223601814,0.163321444881853,0.435508878748667,0.379951399000544
1171,-0.971878240215135,0.19738583114583,0.0527281033636106,0.117095119346963,0.163301860723971,0.435520001053684,0.379978410479687
1172,-0.971899906314477,0.19729203743569,0.0526272570415975,0.117118725602115,0.163290892761008,0.435537828585975,0.380008327928537
1173,-0.971906610039686,0.197254384659001,0.0526779462019799,0.117103727856576,0.16328790277765,0.435546434837165,0.379995753591581
1174,-0.971897444433173,0.19729228928972,0.0526783446696999,0.117115763644137,0.163277418395932,0.435529189546739,0.3799981619809
1175,-0.971874970183271,0.197383672946,0.0527282290953585,0.117125837636619,0.16326226278738,0.435502052482779,0.379979007557489
1176,-0.971887588043225,0.197342598783544,0.0527103595244895,0.117098389876543,0.16326143243282,0.43552227881485,0.379981624485838
1177,-0.971894793602103,0.197294993709819,0.0526329180797661,0.117153623762037,0.163263939733226,0.435526537262598,0.380005204050173
1178,-0.971873256956462,0.197372843448896,0.052657147413554,0.117190263708227,0.163260386348349,0.435497203933714,0.37999912741634
1179,-0.971868473236782,0.197406136501993,0.0526879773830467,0.117159997606035,0.163257284140526,0.435490866086067,0.379993771367433
1180,-0.971883706547493,0.197344921782705,0.0526497131040645,0.11715396068484,0.163268352249888,0.435509245652129,0.380010583251264
1181,-0.971878900617864,0.197374524063052,0.052658015799885,0.117140228601087,0.163269065025116,0.435502356250401,0.38000552646058
1182,-0.97187081531376,0.197409594901164,0.0526919249000307,0.117132963902808,0.163264428263455,0.435492621055892,0.379991593697694
1183,-0.971887927975978,0.197332539228236,0.0526807594084537,0.117125838329742,0.163281823345774,0.435516442338774,0.379999867863406
1184,-0.971888343751474,0.197327485732342,0.0526933971106303,0.117125217419266,0.163289816711266,0.435517660173275,0.379996871425522
1185,-0.97190073851765,0.197276157606239,0.0526290866102175,0.117137745204264,0.163283985405103,0.43553137080357,0.380016202773792
1186,-0.97188742390446,0.197329013335727,0.0526475970861175,0.117150869708082,0.1632708079523,0.435512783322298,0.38000659548981
1187,-0.971863917448751,0.197429424121659,0.0526373361850564,0.117181309480219,0.163253789929823,0.4354789134967,0.380007088679661
1188,-0.97187675725306,0.197381679412366,0.0525683617346887,0.1171862137291,0.163253758261643,0.435491614169706,0.380035181073289
1189,-0.971882601699288,0.19734407331016,0.0525914683164433,0.117190710825972,0.163258344453876,0.435496749945045,0.380038172669264
1190,-0.971875637099573,0.197366491136978,0.0526185459482105,0.117198561470999,0.163251253974819,0.435489525423067,0.380027434995383
1191,-0.971869979822015,0.197399641375528,0.0526035404514557,0.117196379797072,0.163243259178493,0.435482951935376,0.380028804343039
1192,-0.971869699799349,0.197394720691433,0.0525537772275954,0.117229310985723,0.163235649616822,0.435476297301194,0.380043870603474
1193,-0.97185902248452,0.19742930278696,0.0526145229535116,0.117232345326975,0.16323995661322,0.435462576087722,0.380027608577343
1194,-0.97185703678059,0.197435055095571,0.0526532444679332,0.117221734019162,0.163255079923702,0.435462142188541,0.380020712138965
1195,-0.971871314228193,0.197384054009636,0.0526243156204207,0.117202240629468,0.163260973465448,0.4354827966303,0.380030178658251
1196,-0.971887812820073,0.197324889462513,0.0525990981314899,0.117176372047336,0.163277036177771,0.435506625168327,0.380036903064082
1197,-0.971876394957583,0.197371148547402,0.0526302903801775,0.117179158470394,0.16328669641738,0.435494133895472,0.380027643422699
1198,-0.97187198612985,0.197388960804316,0.0526327392241062,0.117184621390268,0.163283302562981,0.435489996814588,0.380030605986082
1199,-0.971890036231492,0.197316936157297,0.0526654064416966,0.117141534665449,0.163300020647729,0.435520336935568,0.380020056572057
1200,-0.971897576255443,0.197308248407787,0.0526358668626863,0.117106882371018,0.163303183138116,0.435530932482061,0.380023413530892
1201,-0.971907226621353,0.197272148996336,0.0525843219813139,0.11711076446392,0.163292382263975,0.435540662215489,0.38003763706959
1202,-0.971894477826853,0.197304603106264,0.0526357484295652,0.117138787555649,0.163281399292353,0.435517480586332,0.380022204500977
1203,-0.971881871294888,0.197348045223558,0.0526726857828947,0.117153597756125,0.163277246768958,0.435497277202974,0.380012912560515
1204,-0.971909819408359,0.197227503988599,0.0526051418250646,0.117155083806052,0.163286183730136,0.435529108669243,0.380040448093663
1205,-0.971908638763205,0.197224585658742,0.0525947373983894,0.117174460985256,0.163278339523299,0.435524393557786,0.380044742091772
1206,-0.971880543043291,0.197349725716815,0.0526162486781448,0.117187141736691,0.163259246165752,0.435486630313405,0.380035010806111
1207,-0.971873905889241,0.197374139391356,0.052614849039062,0.117201697136643,0.163260882229223,0.435475506038624,0.380040020985821
1208,-0.971872073443325,0.197358588155626,0.0526624477485286,0.117221700803754,0.163267333283215,0.435473701384802,0.380028962077378
1209,-0.971878976549364,0.197363842950013,0.0526040646874985,0.117181828009796,0.163256420570371,0.435482098084889,0.380040611693133
1210,-0.971887373346036,0.197335698804351,0.0525818151013088,0.117169570403716,0.16325271168754,0.435496067564772,0.380045255265215
1211,-0.971874974654589,0.197360061091214,0.052682420807328,0.117186187172781,0.163257203667284,0.435480530547331,0.380019174377936
1212,-0.971888615845919,0.197323109167514,0.0526710952492912,0.117140363251995,0.163267599257398,0.435496622054742,0.38002508299686
1213,-0.971919765387605,0.197207321753246,0.0525748281841566,0.117120149151295,0.16326828968776,0.435540151288438,0.380044585392326
1214,-0.971914280598311,0.197224883078814,0.0526159278774478,0.117117636576265,0.163265583207254,0.435538670091647,0.380025576002128
1215,-0.971909865467294,0.19722674176092,0.0526401868965006,0.117140242723068,0.163291085793558,0.435534869016011,0.380024040551999
1216,-0.971908406305764,0.197234193934702,0.0525953594317721,0.117159936246826,0.163298183159624,0.435531802800349,0.380040911592146
1217,-0.971903846335636,0.19725496385825,0.0525798334183535,0.117169764994959,0.163295599207646,0.435524691676193,0.380048221608766
1218,-0.97189661733822,0.197297276617499,0.0525946797426358,0.11715182247244,0.163290416971516,0.435517441712297,0.380046901137921
1219,-0.971876584876074,0.197386969861507,0.0526538334558994,0.117140350524106,0.163272415919856,0.435491200347511,0.380024588532163
1220,-0.97189437413475,0.197268362365066,0.0526465310774675,0.117195825439892,0.163278053682812,0.435506579342636,0.380028784538095
1221,-0.97189744111412,0.197261230360848,0.0525950101303354,0.117205528290008,0.16326273367181,0.435507093976615,0.380046108314359
1222,-0.971897808662908,0.197279207816598,0.0525706076261748,0.117183168131381,0.163251137898397,0.435508206046476,0.3800459295952
1223,-0.971912709416427,0.197209533593038,0.0525626839307815,0.117180413861824,0.163255657170896,0.435528776310518,0.380044626369681
1224,-0.971898195206196,0.197278709235205,0.0525868772363065,0.117173501185055,0.163255112129156,0.435512383802178,0.380039880420864
1225,-0.971878882757286,0.197362482110707,0.0526709393099281,0.117154855032815,0.163267734301875,0.435495103627806,0.380015860304316
1226,-0.971904585772675,0.197251969278923,0.0526482694345795,0.117137937898773,0.163292880157103,0.435533046611759,0.38002634642622
1227,-0.97192026069954,0.197191516637116,0.0525595028411929,0.117149525262283,0.16330479226653,0.43555000100866,0.380053252514317
1228,-0.971894414688955,0.197310255119791,0.0526009090091816,0.117145440766527,0.163299460279213,0.435522288386576,0.380036420478318
1229,-0.971886939926957,0.197338077241173,0.0526281776589777,0.117148342653525,0.163302692508749,0.435515728302003,0.380030858907359
1230,-0.971912378960542,0.197223446638027,0.0526071795181826,0.117139764310069,0.163332594493692,0.435550191317049,0.380041733777089
1231,-0.97191852103892,0.197207868794734,0.0526390328212779,0.117100713792005,0.163352407590741,0.435563222934552,0.380033508586753
1232,-0.971904958136283,0.19726410352982,0.0526264091243139,0.117124236908364,0.163338425138814,0.435540600187002,0.380033096195263
1233,-0.97191576362068,0.197206666396002,0.0526209541081813,0.11713374553625,0.163345427912551,0.435557283986346,0.380035686265735
1234,-0.97190064241146,0.197266554584919,0.0526372979928048,0.117151024675003,0.163342087697246,0.435537628407055,0.380029263393192
1235,-0.97189531379162,0.197293162234664,0.0526110137190942,0.117162231119008,0.163340903272196,0.435526323650495,0.380040124734406
1236,-0.971906289935561,0.197251819834091,0.0526354128936415,0.117129827394004,0.163344651440068,0.435543276994601,0.380034775332725
1237,-0.971885278432109,0.197346363251018,0.0526672948325624,0.11713058752333,0.163328372098637,0.435516793485044,0.380020806313392
1238,-0.971876758571611,0.197386359452801,0.052646532023834,0.117143219676484,0.163321543530447,0.435502023821431,0.380030470872683
1239,-0.971896023450477,0.197297705169446,0.0525947703788247,0.117155986892771,0.163323437451023,0.435524549378767,0.380047466691347
1240,-0.971901156583065,0.197284731930722,0.052640777823879,0.117114580175231,0.163324113536813,0.435535646252757,0.380030159102629
1241,-0.97188411439297,0.197366895602598,0.0527103308537704,0.117086283278921,0.16331703785239,0.435520795902547,0.380002054826055
1242,-0.971908998991224,0.197262973138318,0.0526440642685522,0.117084668534343,0.163330457084126,0.435550955830352,0.380025580032713
1243,-0.971926796768095,0.197181440558679,0.0525811984166018,0.117102514048111,0.163343586421662,0.435571919990137,0.380045202348163
1244,-0.971908840781734,0.197258732720319,0.0525830342053693,0.11712054512184,0.163340791282667,0.435551327254869,0.380033751502581
1245,-0.971916683155592,0.197223017709962,0.0526209909522955,0.117098563613773,0.163354444458113,0.435565695209805,0.38002336489377
1246,-0.971900716252854,0.197288852615361,0.0526752319966376,0.117095799732543,0.16334350134407,0.435547062715625,0.380005426155923
1247,-0.972236174982065,0.195730406459746,0.0541293114939917,0.116260249786986,0.163757822139505,0.436189531368127,0.379612711523376
1248,-0.972567774217987,0.194141985290275,0.0554707136631093,0.115515427653309,0.16416324930851,0.436811882134411,0.379256810022192
1249,-0.972523340337119,0.194353707213003,0.0553120588565042,0.115609537397,0.164101454418777,0.436722826590849,0.379302320012049
1250,-0.972494819341107,0.194519658206552,0.0550682623411421,0.115686712325318,0.164045937191804,0.436655554849261,0.379369669064934
1251,-0.972473583111128,0.194612809221253,0.0549222711969502,0.115777928659071,0.164008077445665,0.436609903743993,0.379403610079523
1252,-0.972501973931697,0.194465963415179,0.0549655961766249,0.115765638290935,0.164035629735858,0.436654294720023,0.379395066611718
1253,-0.972565242879162,0.194150919041017,0.0552781024336094,0.1156140145928,0.164126595295826,0.436780728219458,0.379310224013838
1254,-0.972260036759493,0.19560960386271,0.0540762683394527,0.11628869678341,0.163753188664082,0.436208410417699,0.379632291314507
1255,-0.971922218659677,0.197191583196096,0.0526004115830364,0.117114803050524,0.163326045304441,0.435564552361922,0.380032342427882
1256,-0.971887554849802,0.197331016039038,0.0526397895569585,0.117149918448421,0.163305409184859,0.435517369774618,0.380019021880268
1257,-0.971880281261921,0.197360472837894,0.052618330707323,0.117170277498287,0.163307307143369,0.435501260202903,0.380034510530908
1258,-0.971883381778688,0.197344864009793,0.0525742709873061,0.11719062633816,0.163302870373021,0.435503726986181,0.380047540667177
1259,-0.971896289953149,0.197305024600479,0.0525651774931814,0.11715473083841,0.163299430171824,0.435524706014423,0.380044937659838
1260,-0.972253226851044,0.195653376983525,0.0539820090297697,0.116315784198817,0.163728814926669,0.436192651407162,0.379659723588761
1261,-0.972522939277721,0.19438024043232,0.0551771956789052,0.115632745297805,0.164076394915817,0.436709119925716,0.379339157642366
1262,-0.972445883348214,0.194757903909609,0.0548310562140192,0.115809835930728,0.163979268060176,0.436552135103106,0.37943785510662
1263,-0.972426868749216,0.19484665245518,0.0547888297029427,0.115840196397399,0.163952241544794,0.436519598103979,0.379443230954587
1264,-0.972451277602445,0.194732949299533,0.0549025050311591,0.115772648271435,0.163967390898459,0.436575059651973,0.379401404377684
1265,-0.972502758968702,0.194495953996791,0.0550726199393901,0.115657746001519,0.164025773840884,0.436674598415273,0.379358601978782
1266,-0.972516335656407,0.194409661047558,0.0552956692209918,0.11558221981867,0.164068014301153,0.436713785088428,0.379302178274084
1267,-0.97249037239771,0.194538819640415,0.0552316566483634,0.115613958285989,0.164030981688454,0.436663949637567,0.379321357264238
1268,-0.972436151850005,0.194841664359943,0.054813084190425,0.115759156035858,0.163934780210204,0.43654025026121,0.37944192366433
1269,-0.972340526300367,0.195298853443793,0.0544568515674393,0.115959950305385,0.163820745450412,0.436361385434868,0.379533447578291
1270,-0.972266605988974,0.195646090193799,0.054194100111105,0.116117413783247,0.163732412213929,0.436224378315426,0.379595114758262
1271,-0.972244728079012,0.195737196162268,0.0541164937566822,0.116183234008115,0.163707619113989,0.436185011799663,0.379608962107303
1272,-0.972251759222249,0.195722652743259,0.05411899433543,0.116147726385433,0.163706633866245,0.436203741911886,0.379604035224314
1273,-0.972211191156632,0.195951364734953,0.0539273676148011,0.116190797701236,0.163638703063514,0.436120755593738,0.379653222232088
1274,-0.972157199613775,0.196203551911903,0.0536916233829648,0.116326072033562,0.16356479024553,0.436008425276895,0.379719984505319
1275,-0.972151033791244,0.196257345889647,0.0535561184930559,0.116349318240056,0.163534218368382,0.435985177768685,0.379767885191911
1276,-0.972100297870643,0.196492361893708,0.0535276699074412,0.116389652252769,0.163477493234262,0.435898964122222,0.37977668052519
1277,-0.972059382249629,0.196670020606999,0.0533440907260122,0.11651552840513,0.163411051139513,0.435815456695052,0.379824469417558
1278,-0.972034696415615,0.196792925808216,0.0531153472208243,0.116618408519656,0.16335400937333,0.435759754597866,0.379885844358796
1279,-0.971983845558685,0.197026151452325,0.0530544559781774,0.116676151452197,0.163308779664673,0.435678684250698,0.379902413350286
1280,-0.971998406887744,0.196976588572718,0.0529585458613219,0.116682102235932,0.163314557119609,0.435685190028681,0.379941891337417
1281,-0.972002680741628,0.196980323541759,0.0527730417046963,0.116724234149155,0.163292019323629,0.435672614728746,0.380003304692311
1282,-0.971939024068697,0.197269727261416,0.0527433586790446,0.116778963490214,0.163235781771288,0.435580884921572,0.380000873655144
1283,-0.971935262781311,0.197292171409869,0.0527338755895674,0.116776634768716,0.163227572944194,0.435577704247409,0.379993665435262
1284,-0.971955673235473,0.197220434640939,0.0526059752533669,0.11678561894797,0.163225987840074,0.43559368700798,0.380032509811573
1285,-0.971911588749141,0.197398197379718,0.0526370094259106,0.116838181109836,0.16321262892489,0.435529635934895,0.380030560479529
1286,-0.971892838233368,0.197477315903439,0.0526370763823412,0.116860424798913,0.163197680767577,0.435505036402608,0.380026372268953
1287,-0.971906991961104,0.197445725927166,0.0525388440956825,0.116840293355085,0.1631830457941,0.435518970333271,0.380043346157168
1288,-0.971890275450312,0.197522697485632,0.0525346580030809,0.116851128242799,0.163180787515873,0.435496012710083,0.380045325961171
1289,-0.97186923428627,0.19761232020125,0.0525404487535612,0.11687199663423,0.163186471130992,0.435465569296071,0.380055676977177
1290,-0.971870015289961,0.197592141425922,0.0525028222789669,0.116916520131896,0.163195486567762,0.4354572152349,0.380071307357529
1291,-0.971900346534484,0.197464217662439,0.0524276201955656,0.116914258282474,0.163200675558032,0.435494413141818,0.380083736515423
1292,-0.97189310026062,0.197530623179406,0.052430664598225,0.116860942927664,0.163177242116704,0.43548987427948,0.380075334376544
1293,-0.97184031188656,0.197748076461119,0.0525352551945449,0.11688521467579,0.163157005513488,0.435418003450046,0.380049920998391
1294,-0.971829676446982,0.1977753654448,0.0525183367512676,0.116935063625118,0.163153329966606,0.435399923385785,0.380055862427021
1295,-0.971855846675936,0.197672121992758,0.0523751765817978,0.116956343764263,0.163148162066599,0.435429989099919,0.380089597885581
1296,-0.971871749962855,0.197628035340674,0.0523203664509907,0.116923224921133,0.163147203641837,0.435451618736155,0.380104655651367
1297,-0.971862549797256,0.197651832688598,0.0523955741028916,0.11692579335135,0.163157436957133,0.435441946229275,0.380089976732397
1298,-0.971833228954933,0.197750444972567,0.0524851816212055,0.116962568039392,0.163150157478489,0.435398554027715,0.380068308716624
1299,-0.971831397289499,0.19777999892262,0.0524732828757915,0.116933151213608,0.163126743020695,0.435392823443811,0.380070156598214
1300,-0.971851357433918,0.197701602987678,0.0524384619453277,0.116915452095781,0.163116559849686,0.435420872335079,0.380074523899342
1301,-0.971843628797052,0.197735168516387,0.0524536633663268,0.116916113080387,0.16310359433375,0.435412708848748,0.38006409512005
1302,-0.97183185003268,0.197771316417628,0.052404899128398,0.116974733219776,0.163091449266374,0.435386403843674,0.38007843359786
1303,-0.97182625103705,0.197784783022162,0.0524550941191855,0.116975982582304,0.163096398383599,0.435375033361603,0.380067494979889
1304,-0.971831812662115,0.197767155159234,0.0523275101561278,0.117016716408179,0.163091193853179,0.435395341271663,0.380100992225374
1305,-0.971815042493008,0.197903315821566,0.0523177378943333,0.116930129020551,0.163126071684775,0.435388780183561,0.380123909266643
1306,-0.97176008819631,0.198103830177691,0.0527617417729406,0.116847773032756,0.163226049081007,0.435345727749072,0.380051054829071
1307,-0.971739281847681,0.198121313973961,0.0528804806865026,0.116937452622111,0.163225708037527,0.435316197611409,0.380023302999202
1308,-0.971842781328731,0.197752669576915,0.0525362455066452,0.116856463075461,0.163186952581593,0.435417976618567,0.380088215302707
1309,-0.971892196563166,0.19750952412781,0.0523784462939766,0.116927518156588,0.163197619968239,0.435512973811356,0.380123014218554
1310,-0.97180241209278,0.197923310985375,0.0525358096372944,0.116903479524759,0.163175603821638,0.435415684637296,0.380059155067155
1311,-0.971793173004174,0.197970867595872,0.052632937740336,0.116856058253902,0.163184446436795,0.435389318574565,0.380023101888642
1312,-0.971811359665285,0.19777446822349,0.0527475453296545,0.116985629058113,0.163231401973099,0.435413521293687,0.380006060525777
1313,-0.971789852294284,0.197918016812613,0.0526917840909838,0.116946643765972,0.16321977723683,0.435386785898684,0.38000705977853
1314,-0.971805291038802,0.197952695497038,0.0525167375595467,0.116838345291893,0.163203142602397,0.435420621257259,0.380055002303025
1315,-0.971806784500883,0.19788676598597,0.0526164821815418,0.116892716832615,0.163215978707733,0.435411329706935,0.380053130538686
1316,-0.971789184861307,0.197942009526842,0.0526837062066398,0.116915217792233,0.163203042355148,0.435374218724538,0.380047088148854
1317,-0.97176652291543,0.198086169001482,0.0526779957393093,0.116861984220965,0.163166468705868,0.435352484946897,0.380033304993381
1318,-0.971808085958082,0.197887175654014,0.0526716308895503,0.116856360877798,0.163175419070191,0.435402859018161,0.380017308481641
1319,-0.971873944565939,0.197622980303328,0.0525308352742952,0.116819111772252,0.163187607211771,0.435486517828104,0.380053932491077
1320,-0.971787826547513,0.197973292233113,0.0526163514398684,0.11690387203852,0.163160199612182,0.435374067620079,0.380018172685409
1321,-0.971752591832769,0.198118266128364,0.0527541301747783,0.116889069814461,0.163184990241229,0.435342017528898,0.379997190293775
1322,-0.971824138221646,0.197890617969601,0.0526562487976804,0.116723892806584,0.163223297496036,0.435456741082792,0.380047903165183
1323,-0.971801912137892,0.1979834091925,0.0525948054914468,0.116779277635066,0.163205699676486,0.435414551094591,0.380042782783365
1324,-0.971787405991091,0.198014700927436,0.052669674687534,0.116813189075695,0.16319629588628,0.435391618110027,0.380010050745024
1325,-0.971812667123434,0.197895215003034,0.0526691467520803,0.116805757040267,0.163191338835956,0.435424071079118,0.380023378970096
1326,-0.971784907217955,0.198027755399238,0.052672793271101,0.116810440646158,0.163184892562457,0.435387064263359,0.380025489397833
1327,-0.971767447816662,0.198105343579461,0.0527357062181012,0.116795742640018,0.163187061140477,0.435372669352513,0.379988607714118
1328,-0.971804922127255,0.197893942025649,0.0526866484487352,0.116864443326565,0.163184186277058,0.435410947121219,0.379985754630889
1329,-0.971794172550124,0.197969018434893,0.0527080461726482,0.116817018478502,0.163172355553533,0.435397471864116,0.379978762168485
1330,-0.971742143382753,0.198213806959944,0.0528284768423514,0.116780330273793,0.16317499016977,0.435344595156615,0.379942263134127
1331,-0.971770805459178,0.198050358251684,0.0528057945308939,0.116829385505369,0.163193278060408,0.43537902825757,0.379950509752286
1332,-0.971796513782232,0.197919357053079,0.0526814159678477,0.116893679538366,0.163175518157991,0.435406504933831,0.37998187443981
1333,-0.971736877672297,0.198185450179668,0.0527511214616058,0.116907172976343,0.163152287480974,0.435334535608201,0.379957369772185
1334,-0.971729634880987,0.198212196693448,0.0528826683060715,0.116862590972699,0.163184019624909,0.4353260179346,0.379935194015808
1335,-0.971790658367673,0.197937628032536,0.0527503820864796,0.116880318736339,0.16318125661367,0.435393936201021,0.379971927004441
1336,-0.971788743012709,0.198007288901478,0.0526345406107284,0.116830465334873,0.16312774719314,0.43538747304076,0.379991646362717
1337,-0.971755975542855,0.198148204459557,0.0527765648065789,0.116800031136232,0.163153125582168,0.435359617300253,0.379960809060639
1338,-0.971770150573665,0.198094258981528,0.0527884902989394,0.116768207593313,0.163173005690369,0.435377895763622,0.379965450068983
1339,-0.971784033525852,0.198047537521095,0.0526317786617769,0.116802658107397,0.163146664687996,0.435384304062471,0.380005002523693
1340,-0.971752946684083,0.198166099115938,0.0527251170543594,0.116818105632549,0.163148589993929,0.435356799475822,0.379968495314986
1341,-0.97174596691667,0.198230138209175,0.0528667009330891,0.116703470467718,0.163161347208501,0.435360363341502,0.379924021888425
1342,-0.971780265050957,0.19802813927477,0.0527381472917374,0.116818921126233,0.163166256112451,0.435388213209793,0.379967412286731
1343,-0.971760335742913,0.198115535230585,0.0527759158412664,0.11681946449216,0.163148031283517,0.435361559299549,0.379957646448762
1344,-0.971738828629243,0.198259186553542,0.0529005353864493,0.116698231508542,0.163133979380755,0.435345822806496,0.379914390950545
1345,-0.9717748253289,0.19807066468015,0.0527581782990643,0.116783026475225,0.163120927930412,0.435382037673902,0.379949172941584
1346,-0.971766724934263,0.198112495078776,0.052744658111251,0.116785584062961,0.163092990021048,0.435365430928351,0.379946438129136
1347,-0.971746242812177,0.198204989731793,0.0528584768915812,0.116747604029118,0.163103200414308,0.435345260309737,0.379916118679828
1348,-0.971760721458357,0.198142026644929,0.0528120700194292,0.116754968922255,0.163100172488192,0.4353587538608,0.379933171760557
1349,-0.97177295099216,0.198085349538089,0.0527015282565895,0.116799293395905,0.163084101727307,0.435365341152577,0.379957908775879
1350,-0.971756848751589,0.198152815399605,0.0527299167760767,0.116806012389686,0.163087444987345,0.435350394336873,0.379946423663133
1351,-0.971739233304447,0.198230299871304,0.0529031958347011,0.116742719431633,0.163107180464693,0.435339854245008,0.379900705543874
1352,-0.971758962247784,0.198124774963092,0.0527872001098987,0.116810120886388,0.163103990292066,0.435352764112676,0.379938553194693
1353,-0.971754714830302,0.198146773585257,0.0527641966294552,0.11681853396135,0.163094901684606,0.435348129067522,0.379945336496707
1354,-0.971731597301033,0.198261984039832,0.0528395126658057,0.116781310116872,0.16308585007224,0.435322808062166,0.379918749957268
1355,-0.971764195466534,0.198111923558424,0.0527346797568122,0.116812104270946,0.163083504547373,0.43535843741449,0.379947005527732
1356,-0.9717606738169,0.198120846698778,0.052733461115563,0.116826816292567,0.163077510287929,0.435353268596002,0.379947772871729
1357,-0.971718361172363,0.198311410766757,0.0528373878726261,0.116808481554179,0.163070673897072,0.435303730891549,0.379917996291131
1358,-0.971718142444046,0.198312641088803,0.0528616200044004,0.116797248083962,0.163069304044576,0.435306659019453,0.379908297405319
1359,-0.971739377045813,0.198222801316515,0.0527791891042366,0.116810364841262,0.163055214698596,0.435331381403809,0.379924544537923
1360,-0.971723943990609,0.198311342728735,0.0528361189935269,0.116762719008095,0.163049388920339,0.43532024606509,0.379906817739212
1361,-0.971680180711996,0.198485661865596,0.0529997036920424,0.116756583770832,0.16304241001474,0.435270285816682,0.379859332899623
1362,-0.971708118822171,0.198341211800554,0.052912664934829,0.116809012520695,0.163040687771262,0.435296181684344,0.379885324398458
1363,-0.971716587015004,0.198312701099893,0.052867956895706,0.116807218253197,0.163016485394474,0.435295520022139,0.379892274595536
1364,-0.971675684269272,0.198470009519127,0.0529582496687132,0.116839392814868,0.162991440953163,0.435244920653464,0.379852719349102
1365,-0.971672852289734,0.198481960906034,0.0528887788957318,0.116874104851953,0.16300537075713,0.43525000184324,0.379886071832119
1366,-0.971637619948851,0.198599715960599,0.0530942592859888,0.116873812085402,0.163049621127469,0.435219910440254,0.37985725967892
1367,-0.97160841706165,0.198693133685418,0.0533209045933807,0.116854626158177,0.163065007092591,0.435183985367238,0.379800092740032
1368,-0.971685536998052,0.198425091382232,0.0530234399038489,0.116804174238436,0.163013279824432,0.435259136164437,0.379870696436207
1369,-0.971723639434191,0.198312084876557,0.0527818151696518,0.116788550569309,0.162967127403898,0.435310497200964,0.37992678123088
1370,-0.971641355329675,0.198666118429065,0.0530612475859858,0.116744824322361,0.162991253266804,0.435226166120449,0.379846673718917
1371,-0.97161870393046,0.198711163105502,0.0531973591296462,0.116794729381866,0.16302949762439,0.435195470267569,0.37981623582844
1372,-0.97164142194482,0.198582905564084,0.0530408125020044,0.116895034060053,0.163000999374637,0.435205724494389,0.379858291261493
1373,-0.971627479957711,0.198717802227063,0.0530656597912551,0.116770334503214,0.16298220820798,0.435207729896419,0.379841869274232
1374,-0.971611785382071,0.198836757744173,0.053205237688485,0.11663483595805,0.16300474329035,0.435210831904996,0.379796208007332
1375,-0.971647142198952,0.198608983948696,0.0531019985422906,0.116775341156817,0.163021079622226,0.435233865397515,0.379839576548255
1376,-0.971647680691749,0.19858801475083,0.0530683214238858,0.116821822725555,0.163017137478946,0.435234942557061,0.379865846007346
1377,-0.971590839328477,0.198840636392337,0.0532050356142359,0.116802681636021,0.163008924441714,0.435167277288385,0.379796528407331
1378,-0.971621649008862,0.198676164625558,0.0531093403748769,0.116869802566458,0.163001806528359,0.43520539544222,0.379789852717047
1379,-0.971672264000806,0.19846693121445,0.0530217214589168,0.116844279446618,0.163025909826843,0.43527123557661,0.379828082248337
1380,-0.971626185650742,0.19863693656274,0.0530759467497997,0.116913928457531,0.163037885962102,0.435205898193543,0.379833349623232
1381,-0.971626771333919,0.198704043552329,0.0531525010427334,0.11676014703691,0.163054323709148,0.435224286293846,0.379829286669844
1382,-0.971675216123292,0.198519391380377,0.0530595077680547,0.116713385064144,0.163060428998903,0.435284744341673,0.379856260589334
1383,-0.971694149590695,0.19843531727966,0.0529025336296165,0.116769972351221,0.163045242086796,0.435289183115923,0.379893158493519
1384,-0.971682946190409,0.198465697821822,0.0529510118242398,0.11678959378991,0.16306152961265,0.435283967673244,0.379881591114833
1385,-0.971633880515598,0.198605524444308,0.0531437327373342,0.116872544103156,0.16306931944577,0.435229872876066,0.379825245476659
1386,-0.971637267904712,0.198646098332842,0.053159516845133,0.116768202026906,0.163051603095235,0.43523551419554,0.379817593962444
1387,-0.971679102176266,0.198491479976628,0.0529859386633799,0.116761916199478,0.16303138379029,0.435267648899259,0.379856318938346
1388,-0.971670984861287,0.198500014409513,0.0530688643272656,0.116777297010737,0.163046752545101,0.435260926483123,0.379839940498913
1389,-0.9716581283398,0.198564492458528,0.0531024485816335,0.116759384721394,0.163066431725981,0.435248658605304,0.379841100421016
1390,-0.971671894759259,0.198496438870876,0.0528813877685498,0.116860821142954,0.163046202738006,0.435254196649964,0.379906117534414
1391,-0.971676069744008,0.198483799378812,0.0529364220183537,0.116822652319168,0.163048365613781,0.435266335599026,0.379888369540936
1392,-0.97169444570063,0.198425099423865,0.0530351706395777,0.116724696565916,0.163076886682638,0.435293949652487,0.379856012901548
1393,-0.971710558229782,0.198370646961406,0.0528527621264865,0.116765846823799,0.163056832481207,0.435313841329288,0.379911421072118
1394,-0.971642248552795,0.198615990895434,0.0529958325322282,0.116852345813463,0.163042469759444,0.435222918217755,0.379867769526294
1395,-0.971640527230647,0.198627491790872,0.053171261813205,0.11676738527949,0.163069477096778,0.43522811654258,0.379818647526232
1396,-0.971708069602019,0.198367695733678,0.0529620663811676,0.116742041631389,0.163067553802564,0.435321053870838,0.37987020997936
1397,-0.971694057909312,0.19842701473917,0.0528883210623386,0.11679128024233,0.163056630330666,0.435297388089484,0.379885522116171
1398,-0.97166713311318,0.198543871545952,0.0530740735228927,0.116732412888813,0.16308582757398,0.435270602849023,0.37985011159974
1399,-0.971663491505464,0.198504367936546,0.0531367015232538,0.116801396125006,0.16309292486061,0.435263083355368,0.379836452202607
1400,-0.971690453697978,0.19842496687869,0.0529437265785677,0.11679964266804,0.163065127550703,0.435289915992346,0.37988521507723
1401,-0.971683354570129,0.198495735138746,0.0529536119362516,0.116733956353648,0.16305533135912,0.435277464660665,0.379881176005934
1402,-0.97169852583064,0.198354967443892,0.0530202796299347,0.116816658644466,0.16308688783666,0.435292165583091,0.379872855384207
1403,-0.971714749394289,0.198291831095024,0.0529188805137682,0.116834873285957,0.163092660789784,0.435306175566777,0.379909825958052
1404,-0.971662607473127,0.198528353590475,0.052968806846699,0.116844236316629,0.163076104528988,0.435248207408417,0.379888717057018
1405,-0.97171142968943,0.198354541170085,0.0529185092797595,0.116756176640626,0.163099216808194,0.43532205855549,0.37990023737293
1406,-0.971753025778937,0.198176610045544,0.0527822819396491,0.116773793436627,0.163099952423415,0.435358174134642,0.379933912039578
1407,-0.971700062604734,0.198362493889447,0.0528470963139159,0.11686955875292,0.163085393093266,0.435288682671899,0.379921123330163
1408,-0.971680568437408,0.198482744549406,0.052928885153989,0.116790436910073,0.16310147844391,0.435276979885976,0.379908404817911
1409,-0.971701306109238,0.198348311736884,0.052894101852804,0.116862025166069,0.163115935195315,0.435293402463689,0.37991470914396
1410,-0.971735366100876,0.198231372643597,0.05278280664822,0.1168275502224,0.163107677354916,0.435328008162068,0.379964380842476
1411,-0.971717279594027,0.198346971328251,0.0527747729215153,0.11678540510859,0.163105882789467,0.435313252372676,0.379985810965845
1412,-0.971689836500644,0.198463456406899,0.0529254348168092,0.116747661483348,0.163114196746986,0.435281614882459,0.379942002817887
1413,-0.97174849767589,0.198173498345557,0.0528226939016736,0.116798479558189,0.16312717277052,0.435348814899582,0.379972133072249
1414,-0.971769253425663,0.198061572579034,0.0526376142407196,0.116899157957164,0.163098827029384,0.435344142893654,0.380005380712507
1415,-0.971759467415615,0.198123061465122,0.052687436092115,0.11685385779617,0.163114953124997,0.435348842230964,0.379988778821977
1416,-0.971719930732211,0.198270348212264,0.0528999151953118,0.116836827284482,0.163165848540481,0.435324589274367,0.379934784797457
1417,-0.97171663839551,0.198283979887151,0.0528718183332486,0.116853792456971,0.163174037071819,0.43531898007887,0.37993942902737
1418,-0.971742519442558,0.198161287537795,0.0527454020454641,0.116903817695816,0.163168672443636,0.435336213048885,0.37996846854789
1419,-0.971749756383056,0.198101353079212,0.0527567483139865,0.116940114524449,0.163182646693274,0.43534856852975,0.379968872434087
1420,-0.971752112503319,0.198152532528607,0.0526962756157511,0.116861063806831,0.163196322525419,0.435363615580938,0.379998304398499
1421,-0.971717067164436,0.198266308154937,0.0527982803673498,0.116913446712559,0.1632048571141,0.435324944497989,0.379973672454076
1422,-0.971732700514431,0.19821568121119,0.0529066709284194,0.116820317771294,0.163222535159805,0.435349751933489,0.379946461555187
1423,-0.971770059294118,0.198066463285764,0.0527518831146937,0.116832644448495,0.163216055501104,0.435385844766213,0.379976436861918
1424,-0.971759072928771,0.198117849764689,0.0527319959269363,0.116845874513361,0.163208859402055,0.435367423262944,0.379975116829504
1425,-0.971726427791671,0.198251505471248,0.0528665820159655,0.116829853272064,0.163217907789691,0.435338965361583,0.379941394738295
1426,-0.971712399594214,0.198267728369985,0.0528489445256639,0.116926940541449,0.163235366580582,0.435324531007317,0.379949686733516
1427,-0.971743416734515,0.198190584014698,0.0527978904032141,0.116822973810865,0.163266849323896,0.435376780051868,0.379973737948709
1428,-0.971755721453293,0.198144920618807,0.0527009518410621,0.116841850082934,0.163250631075865,0.435384412704761,0.379993559802365
1429,-0.971766159069434,0.198104469578724,0.0526256972564954,0.116857550926931,0.163238890548394,0.435384394888069,0.380023285766216
1430,-0.971747909148545,0.198174461017627,0.0527133042839975,0.116851151544459,0.163243327045664,0.435367515450848,0.380002896548803
1431,-0.971695475239223,0.198367906078398,0.0528584712148657,0.116893367042444,0.163226686268305,0.435308362710979,0.379940449867042
1432,-0.971734832454156,0.198237929215521,0.0528125478839952,0.116807421004131,0.163230159733881,0.435363385021575,0.3799537968803
1433,-0.971756005860155,0.198121645511999,0.0527531502297789,0.116855396944989,0.163238905227111,0.435378325598397,0.379965337260877
1434,-0.971733296782173,0.198223738874984,0.0526505037586448,0.116917379910907,0.163213935035192,0.435350136905926,0.379989378360286
1435,-0.971720220267589,0.198288074193453,0.0527448967482652,0.116874415603995,0.163233452762269,0.435355057536086,0.379970275414848
1436,-0.971696223440202,0.198358099580418,0.0529181504465945,0.116876785702741,0.163257397483659,0.43533636320256,0.37992645290276
1437,-0.971726549011845,0.198262068478664,0.0527150631315759,0.116879374857694,0.163233132648717,0.435346054486035,0.379968260331337
1438,-0.971793076185055,0.197940908514396,0.0524830446882185,0.116974970979002,0.163230810216576,0.435415039495584,0.380028215987607
1439,-0.971737259983677,0.198170692473134,0.0527395691627458,0.116934221033288,0.163240843656044,0.435359376867376,0.379958141165319
1440,-0.971687791230592,0.198376907189173,0.0528143603871047,0.116961884408433,0.163234050651251,0.435290691511015,0.379936453221271
1441,-0.971745906680562,0.198123191808941,0.0526060277222142,0.117002989552827,0.163221258838531,0.435348591061412,0.379996780258253
1442,-0.971789622878889,0.197947236318369,0.0525104234717016,0.116980664751271,0.163246553228193,0.435426872252073,0.380045756058207
1443,-0.971670502244442,0.198488522593402,0.0528331636996458,0.116907648510307,0.16326226337475,0.435320337685022,0.379981415483455
1444,-0.971613913187177,0.19872605986875,0.0528462788550143,0.116968489950588,0.163224061795155,0.43522556049557,0.379968475825212
1445,-0.97182206445424,0.197799111762418,0.0523319652859467,0.117041667090012,0.163206738601671,0.435431578306537,0.380083207457223
1446,-0.971888783290717,0.197533831391789,0.0522637375506571,0.116966149404882,0.163220193886616,0.435536194565315,0.380094584188728
1447,-0.971629536679279,0.198670363787153,0.0528000694128962,0.116954190498172,0.16320561168324,0.43524357652692,0.379940867782813
1448,-0.971644464920356,0.19858959112049,0.0527321013930622,0.116998006696283,0.163236514005634,0.435256065368426,0.37998129743061
1449,-0.971835974915963,0.197741183352725,0.0524038504493191,0.116991874604564,0.163272006908187,0.435480552545528,0.380085064619297
1450,-0.9717815714354,0.198021329426995,0.0524269828387929,0.116959574131111,0.1632406399669,0.435407494280651,0.380051494220587
1451,-0.9716840644002,0.198468348194635,0.0525563005648054,0.116953961140881,0.163235711593092,0.4353063217558,0.380016780437825
1452,-0.971712780459768,0.198197921914439,0.0526296133581725,0.117140854690903,0.163270693346886,0.43533652593885,0.380009454045849
1453,-0.971787210430531,0.197901481166685,0.0524594124437945,0.117100945520233,0.163268303974493,0.435406731650896,0.380056963211043
1454,-0.971758989070132,0.198076625839421,0.0524637638743796,0.11703704942281,0.163256267735474,0.435386066983295,0.380035628567682
1455,-0.971711858111386,0.198263253828009,0.0525558695673547,0.117071036389312,0.16325517809931,0.435338979609188,0.379998486927127
1456,-0.9717458668809,0.198125821662819,0.0524930512834539,0.11704959870616,0.16326393308698,0.435368719472606,0.380039667042733
1457,-0.971744646742306,0.198081452830645,0.0525269501558102,0.1171195930641,0.163262792043002,0.435346073159164,0.380013209077049
1458,-0.971807184366228,0.197900800925025,0.0524323111038586,0.116948373907999,0.163276773192752,0.435433721070035,0.380034871691074
1459,-0.971828310606032,0.197783208130604,0.0523953351345225,0.116988316264199,0.163283829207411,0.435471851907214,0.380064859910077
1460,-0.971733289686975,0.198156542920871,0.0525800593767642,0.117062955573975,0.163280303176858,0.435361976137906,0.380043011666483
1461,-0.971718998049949,0.198264025399624,0.0525855511431294,0.116997114802516,0.163261927493094,0.435326250479369,0.380031517382624
1462,-0.971841475605364,0.197685259973053,0.0523304761674234,0.117073504887597,0.163242067973069,0.435457914975977,0.38008034749835
1463,-0.971866026803144,0.197603095658274,0.0522865192075209,0.117028041260622,0.163248289557,0.435483259337364,0.3801036105055
1464,-0.971714541897512,0.19817953327466,0.052637854109558,0.117153651119742,0.163268438570353,0.435314753103512,0.380014940302401
1465,-0.971693398457896,0.198291330116125,0.0526373352793177,0.11714008164935,0.163269697442756,0.43530520113789,0.380020955602157
1466,-0.971795482791997,0.197870269236538,0.0523072577034899,0.117153092015837,0.163254021598851,0.435404800706796,0.380097260485227
1467,-0.971861357482074,0.197609251060912,0.0522347574814513,0.11707952783941,0.163285205673983,0.435487929571768,0.380127948095709
1468,-0.971755254160826,0.198094306654783,0.0524961087922259,0.117023631132627,0.163286462053105,0.435376320348495,0.380069639631795
1469,-0.971685466203074,0.198314635245726,0.0525898419376561,0.117187749965779,0.163267757467853,0.435285113171261,0.380034510478385
1470,-0.971814728914886,0.19781408240424,0.0523488100248037,0.117069738001078,0.163271618942301,0.435439286925586,0.380098907286329
1471,-0.971845566734467,0.197652951620756,0.0523448653582246,0.117087660343845,0.163267547623881,0.435462223424314,0.380086685638077
1472,-0.971783341803837,0.197942244785874,0.0524168895113109,0.117083192712088,0.163244618473681,0.435383085317225,0.380060707867714
1473,-0.971758322650129,0.198045258579891,0.0524480742971127,0.117102678947821,0.163265392583134,0.435380665917188,0.380080645744191
1474,-0.97172441515169,0.198161964889121,0.0525929907666232,0.117121620513086,0.163295336704174,0.435351416012517,0.380046274351586
1475,-0.971752183261521,0.198129291830661,0.0525323666527185,0.116973623090903,0.163291882499723,0.435389873999335,0.380049789783282
1476,-0.971788267904715,0.197890914677589,0.0523107303024267,0.117176515334975,0.163269966148759,0.435395011349114,0.380077547200571
1477,-0.9718271828662,0.197727913125455,0.0522845911059976,0.117140601613093,0.163297111187392,0.435439928963478,0.380103081623205
1478,-0.971743101260815,0.198088898731238,0.0525945944387278,0.117089461469788,0.163322739941536,0.435370454576879,0.380049258539059
1479,-0.971675504015074,0.198397100818829,0.0525542454318184,0.117146730943833,0.163270026423828,0.435267521217496,0.380043464046031
1480,-0.971836222743499,0.197730810449155,0.0522977113324342,0.117054825411678,0.163287751140206,0.435449770455637,0.380106280121798
1481,-0.971858636250678,0.197523063803026,0.0524427191400674,0.117154562950121,0.163314446269507,0.435489808472213,0.380068505125016
1482,-0.97169867890782,0.198340253865401,0.0526564785152551,0.117004770739388,0.163249696843327,0.435316968673895,0.379998496962854
1483,-0.971701849551577,0.19834262342054,0.0525805966004785,0.117008547439234,0.163223376776946,0.435319461415371,0.38001215638248
1484,-0.971862050956854,0.197561214978349,0.0524513839122519,0.117057988073884,0.163275339044021,0.4354890893418,0.380051591231547
1485,-0.971880280715276,0.197549592528022,0.0523067524002306,0.116990948804385,0.163284784607955,0.435522737804254,0.380101960428511
1486,-0.971697489727603,0.198389477375848,0.0525269982291144,0.116989393453646,0.163237273351912,0.435310203412502,0.380022345254198
1487,-0.971762393584678,0.198073801935768,0.0525834296044687,0.116959832131895,0.163279799803966,0.435395125036361,0.38002383044102
1488,-0.971896283763496,0.197419037015544,0.0523696821200826,0.117050219244574,0.163319157993501,0.43552490890763,0.380099766380203
1489,-0.971833847506014,0.197771883344208,0.0522897720958231,0.117008695122663,0.163261103278396,0.435462093644258,0.380105764592248
1490,-0.971757720544842,0.198194235231325,0.0524786254020352,0.116841651642192,0.163259169270752,0.435408481255779,0.380044320099025
1491,-0.971782165061199,0.197951663658181,0.0526928349680341,0.116953100287934,0.163311814661921,0.435421432499553,0.379997960642057
1492,-0.971903709456105,0.19743704252504,0.052315996520237,0.116982179380125,0.163301049961026,0.435531846718195,0.380107109455251
1493,-0.971874541316132,0.19760933770563,0.0522329908178005,0.116970681212552,0.163279168766586,0.435510991241787,0.380110571145404
1494,-0.971780815958037,0.198045524607325,0.0525939734486088,0.116849860401408,0.163297875801925,0.435426602454863,0.379999309460626
1495,-0.971846677639455,0.197739713718021,0.0525073212557723,0.116858983370605,0.163301271003567,0.435496879787778,0.380039796673654
1496,-0.971907391878795,0.19739801739912,0.0522245083253982,0.117058297734186,0.163289745499359,0.43554447184732,0.380114578200077
1497,-0.971839965562492,0.197781918615524,0.0524743070431329,0.116858209401824,0.163294469976982,0.435489711040329,0.380040643444443
1498,-0.971800055295255,0.197937608922991,0.0525824186798625,0.116877905301919,0.163284907911112,0.435446122942161,0.380009396699027
1499,-0.971900833363786,0.197488249716269,0.0523160861835217,0.116919581153976,0.163288965463217,0.435546477508298,0.380098503858223
1500,-0.971916281989462,0.197404981394525,0.0523195380423597,0.116930235882092,0.163316407999558,0.435564466667621,0.38010666190937
1501,-0.971785494627359,0.197957694182322,0.0526091789648396,0.116952888098255,0.16329293244314,0.435406875849121,0.380007656688882
1502,-0.971866479754548,0.197649809136566,0.052394403566424,0.116897069906396,0.163297321219429,0.435508077849902,0.380077845750029
1503,-0.971916955364375,0.19737290608874,0.0522753642677584,0.116998521819728,0.163295108160986,0.435542278107131,0.380110081091106
1504,-0.971836217610634,0.197711966624922,0.052585211734902,0.116957855231526,0.163292396247446,0.43546031544074,0.380028344515989
1505,-0.971811613157369,0.197845613780906,0.0525634956628048,0.116946058351,0.163273191461705,0.435429269047673,0.380040123260448
1506,-0.971864510499756,0.197599253234792,0.0523320411424537,0.117026773953598,0.163239450087852,0.435481875859507,0.380108796692876
1507,-0.971915646810758,0.197408281100287,0.0523113868987819,0.116933591573088,0.163260837819207,0.43553650204789,0.380126567335569
1508,-0.971867525773335,0.197571951352653,0.0524239988131714,0.117006669614841,0.163262488900462,0.435481957056189,0.380098732978555
1509,-0.971851886327388,0.197693143607395,0.0523179958125661,0.116979311532766,0.163227008455451,0.435468413264444,0.380127059896565
1510,-0.971894054114246,0.19750867329639,0.0522296665464803,0.11698005591774,0.163257371778909,0.435524818479225,0.380158251462814
1511,-0.971898826560608,0.197480326064749,0.0522855255158208,0.116963308644244,0.163280810794846,0.435522023887408,0.380138106139431
1512,-0.971917457938555,0.19741607322681,0.0521778114107755,0.116965058809655,0.163273978081763,0.43554686550903,0.380167400519475
1513,-0.971904801687369,0.197428457759487,0.0522438879892483,0.117019813243371,0.163289747843352,0.435534161401297,0.380143782078444
1514,-0.971881989489268,0.19756074105134,0.0523463170292359,0.116940220604818,0.163289673684149,0.43551647468153,0.380121812659421
1515,-0.971876982604969,0.197573330748298,0.0522593867330318,0.11699942802412,0.163254085190579,0.435484294337351,0.380140520181508
1516,-0.971924682842797,0.197331706317767,0.0520897013046634,0.117086598638096,0.163256592628868,0.435533424941354,0.380195927967381
1517,-0.971912603777639,0.197425273723921,0.0522226511556653,0.116969853464376,0.163270964963726,0.435537637397679,0.380164134952876
1518,-0.971872533812145,0.19758175927564,0.05231418503277,0.116997660093961,0.163265553864072,0.435491669380591,0.380138779357406
1519,-0.971907619258511,0.197440162467738,0.052180777286362,0.117004821925246,0.16325189266402,0.435519269473334,0.380181792394111
1520,-0.971936877553639,0.197279614589429,0.0521957865473617,0.117025892799117,0.163261155424181,0.435551813353499,0.380177969432639
1521,-0.971890566077202,0.197500778250355,0.0522876147707474,0.116996476452183,0.163239077890781,0.43550380522828,0.380144414368664
1522,-0.971886504608925,0.197556330426264,0.0521678482298977,0.116989888787953,0.163210929596758,0.435492175605044,0.380173467120253
1523,-0.971911398667245,0.197391882158464,0.0522139700712084,0.117040075734858,0.163222156915611,0.435511325958698,0.380157224411711
1524,-0.971923752888328,0.197321191557742,0.0523120691488939,0.117012876877132,0.163248147340559,0.435536957006277,0.380134646013449
1525,-0.971897880369338,0.197460620900975,0.0522270305364065,0.117030554165729,0.16324027773455,0.435503001584551,0.380160668586644
1526,-0.971905070099311,0.197443251528351,0.0521674405421837,0.117026728948741,0.163233516121923,0.435508183240438,0.380175338392168
1527,-0.97194506774458,0.197225457559912,0.0521974560620232,0.117048407754747,0.163272918744942,0.43555767306246,0.380167761634656
1528,-0.971908835790834,0.197379977804972,0.0522359492961846,0.117071622840642,0.163269032919517,0.435515189038859,0.380152079284257
1529,-0.97186568306518,0.19763252276964,0.0522964805781563,0.116976741889561,0.163243688396909,0.435477473322816,0.38012584365521
1530,-0.971885414973855,0.197500968348418,0.0523198759725705,0.117024519827041,0.16325481400426,0.43549723145853,0.380110000040303
1531,-0.971919553520525,0.197329893969011,0.0522703334008377,0.117051726500757,0.163264560225612,0.43553117409147,0.380124249320701
1532,-0.971901690548983,0.197425757315424,0.0522107234257179,0.11706500166926,0.163265659460808,0.435510598851196,0.380145982067323
1533,-0.971888123277985,0.197499132282845,0.0522479787327197,0.117037247477312,0.16327537084744,0.435501614267536,0.380136691071773
1534,-0.971920758137219,0.197358669495615,0.0522851197776782,0.116986587807016,0.163280894358494,0.435548199375696,0.380123093173673
1535,-0.971910472137482,0.197382095167789,0.0522282192409684,0.117057916313202,0.163263130638632,0.435522137714055,0.380133096606882
1536,-0.971882887132302,0.19753732754369,0.0523063094181925,0.116990204381925,0.163267103859241,0.435496610102804,0.380110118044612
1537,-0.971881632864928,0.19753396058378,0.052397861218287,0.116965337838338,0.163280510643013,0.435503435171887,0.380083006751953
1538,-0.971922866353058,0.197353048365031,0.0521900036651653,0.117021022378525,0.163267680403011,0.43553581482886,0.380141851993813
1539,-0.971918540675816,0.197368938145495,0.052181693384905,0.117033855876819,0.16325726707828,0.435526566581478,0.38013825982133
1540,-0.97188730156324,0.197485870153552,0.0522816298377076,0.117051421739902,0.16325315112307,0.435489892203341,0.380108580443393
1541,-0.971909534733911,0.197418671380376,0.052228671747746,0.117003804772266,0.16325472758493,0.435520441809884,0.380134378766976
1542,-0.971934397172429,0.197296191910835,0.0521210063855405,0.117051872876549,0.163263533953543,0.435546357117529,0.380166232407688
1543,-0.971903462042853,0.197426957863639,0.0522597162809219,0.117026402286246,0.16326249122682,0.435518803162303,0.380116749237671
1544,-0.971910462274923,0.197413677561729,0.0523123363522685,0.116967143666358,0.163277067493533,0.435540462296579,0.380102726313699
1545,-0.971924296721699,0.197354065144869,0.0522295770158316,0.116989767490895,0.16328973448658,0.435555371794041,0.380126436733632
1546,-0.971896470123843,0.197506762597054,0.0523050630600989,0.116929510678538,0.16328769642337,0.435534645677469,0.38010080361661
1547,-0.971856262037172,0.197674616847226,0.0524414901860448,0.116918954410761,0.163287169509398,0.435491085131753,0.38005202831898
1548,-0.971897361788046,0.197486045831398,0.0523769171189193,0.116924926360608,0.16331824925903,0.435538954191271,0.380072911355394
1549,-0.971912572964577,0.197424359269903,0.0522837905855517,0.116944337709228,0.163309154009294,0.435549723655921,0.380104057286071
1550,-0.971870863773873,0.197594968680114,0.0523956462655606,0.11695276290941,0.163295513095941,0.43550140190997,0.380067215626883
1551,-0.971894839255127,0.197512856043952,0.0523293189798446,0.116921920535532,0.163304562233815,0.435533273771696,0.380091165751028
1552,-0.971913211013456,0.197410230403968,0.0522943821043189,0.116958149736104,0.163296720565337,0.435543084667176,0.380104064841741
1553,-0.971917220215656,0.19738115643506,0.0523251964470574,0.116960121192681,0.163300273328754,0.435532371969667,0.380100239521206
1554,-0.971925889870383,0.197341048098089,0.0522950948211409,0.116969219852313,0.163312526668025,0.435535322595979,0.380119303511189
1555,-0.971872163757419,0.197566515124219,0.0522558051361366,0.117052553345574,0.163279691112262,0.43548712110247,0.380149064427836
1556,-0.971811290621845,0.197844850741482,0.052358754830395,0.117041835458934,0.163268527375121,0.435429908186476,0.380114080492685
1557,-0.971919414935062,0.197450965951401,0.0523148473017622,0.116828608092963,0.163306727820736,0.435549656269626,0.380108833629039
1558,-0.972024604815927,0.19696824532279,0.0520036226560431,0.116907233298668,0.163314893894102,0.435676589642965,0.380229624494577
1559,-0.971835818072831,0.197725223190404,0.0523057663116557,0.117064023660417,0.163265760055642,0.435436981567145,0.380133884159495
1560,-0.971830090350612,0.197764352069312,0.0524892763862759,0.116963295115057,0.163281955247528,0.435444161120801,0.380050688974843
1561,-0.971987072919326,0.197073639225628,0.052124469414818,0.116987821965842,0.163292435653588,0.435634385434584,0.380157385439751
1562,-0.971910715583593,0.197438212092298,0.0521779085535563,0.116983670649208,0.163278736945295,0.435532646902166,0.380145456927602
1563,-0.971812338680693,0.197865376052027,0.0524620627671676,0.116952141143146,0.163292643973172,0.435431343950473,0.380060388972072
1564,-0.9719016141193,0.197409080477842,0.0523466396817839,0.117033058283621,0.163316638674524,0.435523099717752,0.380097037551585
1565,-0.971949275586256,0.197186587263397,0.0520806690315961,0.11713094981254,0.163304084821045,0.43556124510428,0.380184090948505
1566,-0.971829814830627,0.197777572530992,0.0524163112095659,0.116975951072003,0.163288420176457,0.435441816274179,0.380075026553322
1567,-0.97183430271356,0.197737789769385,0.0524643056854302,0.116984405778347,0.163301802194325,0.435465679312616,0.380059499170879
1568,-0.971902911915543,0.197396877207228,0.0522171830886793,0.117100676638548,0.163289675127263,0.435511213245195,0.380129460792135
1569,-0.971902440413071,0.197411129975991,0.0522626699989171,0.117060263989548,0.163302551938724,0.435518602804264,0.380122018574865
1570,-0.971845253564911,0.197697110590951,0.0524375109682654,0.116974198141284,0.163311594188461,0.435469554370526,0.380067261014975
1571,-0.97185118692259,0.197665148031595,0.0523910638846742,0.116999727161363,0.163291707314447,0.435471720299428,0.380074568688683
1572,-0.971916451122324,0.197374262682673,0.0522261535634768,0.117022396797465,0.163291306551346,0.435531606808625,0.38012415394854
1573,-0.971872983904335,0.197541418500213,0.0524429153516588,0.117004409161478,0.163305667257436,0.435504298587326,0.380063413106085
1574,-0.971808749469358,0.197865075329403,0.0525055611980266,0.116962953378294,0.163278950706778,0.435426385702853,0.380039225568599
1575,-0.9718789346019,0.197557506246555,0.0522983244944909,0.1169925359063,0.163271132733805,0.435500102283857,0.380105603029633
1576,-0.971926764540026,0.197289269633778,0.0522836135768182,0.117054398505469,0.16329102570254,0.435549304097823,0.380113856789507
1577,-0.971854922066389,0.197647170551917,0.0524345805518316,0.116979575954555,0.163278051312435,0.435470888697492,0.380060811934053
1578,-0.971843526157871,0.197760065184586,0.0523549434393171,0.116919105285189,0.163265156836934,0.435467783424112,0.38008223954302
1579,-0.971912207169154,0.197392052798504,0.0523063594899585,0.116991810843684,0.16331125643044,0.435544462232355,0.380099954528656
1580,-0.971908451197238,0.197406248966407,0.0523484772065566,0.116980221809298,0.163323076959256,0.435542290656899,0.380085077835046
1581,-0.971855273224099,0.197679545293969,0.0523860230146729,0.116943703856119,0.16331211852,0.435489188084967,0.380060444696512
1582,-0.971863591393986,0.197642978247368,0.0523193636586348,0.116966221870456,0.163312693231862,0.435500143827932,0.380079422483852
1583,-0.971900879512543,0.197459384996443,0.0523719230200127,0.116942949162218,0.163339290051739,0.43553942998006,0.38007152579259
1584,-0.971885522301108,0.197501400207718,0.0524406557877492,0.116968825240077,0.163343335968635,0.435532305190954,0.38004777504798
1585,-0.971846529726709,0.197753882191965,0.052413146861848,0.116878512876401,0.163306752172075,0.435484093707856,0.380054862719428
1586,-0.971854592097413,0.197657386815289,0.0524402953316245,0.116962492629277,0.163296327300606,0.43548555631756,0.380050226766584
1587,-0.971905972031543,0.197418359799911,0.0523846422659017,0.11696419109286,0.163307678484996,0.435530603171571,0.380065859148991
1588,-0.971907428409469,0.197422671899104,0.0522696725860288,0.116996241608273,0.163292343750639,0.435536066326721,0.380089363770555
1589,-0.971880769171552,0.197544583918575,0.0522468485562437,0.117022111991241,0.163278426128015,0.435505651164032,0.380094242860166
1590,-0.97188813228883,0.197525834288237,0.0523296830645291,0.116955578640919,0.16329835802797,0.435530056751626,0.380087905382899
1591,-0.971897151056514,0.197481595760157,0.05226954233103,0.116982229628085,0.163288304164346,0.435521882917939,0.380094477279539
1592,-0.971941919276451,0.197281647547294,0.0520962145916859,0.117024961095706,0.163287429464292,0.435569417578952,0.380147703837048
1593,-0.971921275610049,0.197380596018817,0.0522873449519149,0.116944293959432,0.163301255769641,0.435559631899,0.380097048501205
1594,-0.971879321967836,0.197567016244128,0.0524056941352864,0.116925193375638,0.163298650891961,0.435514867604419,0.380061642527715
1595,-0.971889458268052,0.197528166760332,0.0522668657904141,0.116968709423426,0.163275091083706,0.435513922993383,0.38010257618085
1596,-0.97192003242624,0.197370226719415,0.0522253691762167,0.116999807639637,0.163287403708872,0.435543059522858,0.380114216135455
1597,-0.971945577604847,0.197266441743827,0.0522278139851222,0.116961534627607,0.163305504316651,0.435576959408699,0.380116144819738
1598,-0.971901691527785,0.197462627840744,0.0522493784002902,0.116985533586176,0.163268407792076,0.435524682254461,0.380105057082135
1599,-0.971857058519877,0.197644313600535,0.052409085078665,0.116978078748467,0.163256114357278,0.435472696474334,0.380050110813462
1600,-0.971897509219313,0.197459961635411,0.0524179923175041,0.116949344613985,0.163291699957058,0.435528148305779,0.38005786957204
1601,-0.971902980265207,0.197438256249671,0.0523275948829772,0.116981001596247,0.163280212514014,0.435526968674591,0.380080582044571
1602,-0.97188255107081,0.197538579141039,0.0522365324181329,0.117022054998039,0.163252692345265,0.435491464070258,0.380100103997231
1603,-0.971896790892606,0.197477753793827,0.0522797338216535,0.116987153314951,0.163273076232178,0.435511704705164,0.380109463714155
1604,-0.971895060787125,0.197460026262421,0.0523243100940995,0.117011518318547,0.163273945711684,0.435509677274194,0.380091973537286
1605,-0.971870916148419,0.197576673801542,0.0523302606483272,0.11701249563542,0.163259145906986,0.435495298546925,0.380080125261852
1606,-0.971832700050323,0.197744104062555,0.0524224345044004,0.117005815163297,0.16326303795131,0.435458856150433,0.380059164528681
1607,-0.971874136812758,0.197589868648058,0.0523762468950125,0.116942869655625,0.163278604030741,0.435495691736805,0.380077811378459
1608,-0.971955749042856,0.197168919954119,0.0521212311565803,0.117088924196052,0.163295873746466,0.435576818675857,0.380142751534057
1609,-0.971883845544502,0.197502356994481,0.0523459256925156,0.117023560938167,0.163310017281622,0.435510150371853,0.380080939676985
1610,-0.971828425588952,0.197780717791364,0.0524541270694555,0.116965223210209,0.163333612696334,0.435465161162487,0.380061470887305
1611,-0.971889009898725,0.197530300620318,0.0522084927884155,0.116994897562605,0.163321074173996,0.43552162220676,0.380122362205217
1612,-0.971947432329764,0.197231595488942,0.0521727004514876,0.117029465759975,0.163334218896429,0.435580593481235,0.380128343664326
1613,-0.97185783710816,0.197604170218459,0.0524347635089104,0.117027910942167,0.163325592448916,0.435482059344056,0.380053622654753
1614,-0.971799979185177,0.197918940537353,0.0524686927584776,0.116961231664504,0.163295323122316,0.435427310081729,0.380049566171237
1615,-0.971870664821674,0.197608566949267,0.0522467130308951,0.11699806026085,0.163285769222915,0.435496877229988,0.380117730480937
1616,-0.971910802354833,0.197394718552401,0.0522915205240444,0.117005616253605,0.163301817102701,0.435534314397951,0.380104970637893
1617,-0.971892831764171,0.19750185390024,0.0522606556931544,0.116987884577463,0.163294882906411,0.435509487831028,0.380112543184052
1618,-0.971890732391427,0.197518386654704,0.0522289157653999,0.1169915876589,0.163308965420982,0.43551672192692,0.380123272463609
1619,-0.97189600955279,0.197473752807524,0.0523270592533573,0.116979239343448,0.163326595255824,0.435533303926906,0.380088776859677
1620,-0.971890319126086,0.197476789039437,0.0523221906126153,0.117023560658382,0.163324537409916,0.435520903029344,0.380083565496318
1621,-0.971858089734143,0.197642177483758,0.0523232746803316,0.117011529451198,0.163302867825019,0.435484724466202,0.380081764127456
1622,-0.971859331503127,0.197651263293441,0.0522952040038868,0.116998416771307,0.163299512857279,0.435486231192931,0.380090941949662
1623,-0.971895696816612,0.197458006455372,0.0522959892138306,0.117022304319176,0.163326666924735,0.435537551858342,0.380099954738965
1624,-0.971889972280144,0.197499927186969,0.052324177379357,0.116986499238229,0.163330475304574,0.435536272077401,0.38009926940856
1625,-0.971872669735026,0.19760103560522,0.0522880263482755,0.116975667770948,0.163309299806773,0.435510900420765,0.38010343834494
1626,-0.971900864738438,0.197480213338345,0.052303766582115,0.116938404563435,0.163315262351805,0.435539769307711,0.380100238330685
1627,-0.971918395195285,0.197364538344638,0.052254813324631,0.117009856719156,0.163324318952821,0.435551622429643,0.380108899701771
1628,-0.971879135714646,0.197566483262053,0.0522709728735581,0.116987929500738,0.163317980210691,0.435513530401755,0.380098799831976
1629,-0.971838264514622,0.197765473192007,0.052355894325609,0.116953262321812,0.163310125988533,0.435476356577778,0.380066005601249
1630,-0.971885642592509,0.197540170179865,0.0522963299657156,0.116966972945234,0.163328679068361,0.435526813539184,0.380086675061834
1631,-0.971894237583783,0.197490514717704,0.052234405183943,0.117007070141309,0.163316875860238,0.435529019865773,0.380104549585794
1632,-0.971842923516144,0.197720093621585,0.0523964855546111,0.116973094732903,0.163306421037386,0.435477993147341,0.380058176238041
1633,-0.9718707521451,0.19761345273172,0.0523549750381904,0.116940673048848,0.163323213410914,0.435519418547158,0.380079300777177
1634,-0.971911236950551,0.197424168360519,0.0521787663438873,0.117002656291375,0.163300986269798,0.435552031552482,0.380129010066332
1635,-0.971878078748687,0.197563490040427,0.0522680954669763,0.117003049734025,0.163274818447851,0.435506586823062,0.380095703797239
1636,-0.971844421867017,0.197723871775469,0.0523932054738946,0.116955727676126,0.163284501441299,0.435479524927822,0.380054827015922
1637,-0.971864292078842,0.197634994072291,0.0522471353522169,0.117006169698966,0.163289056058616,0.435496556649548,0.380094377623274
1638,-0.971879032045926,0.197576092382169,0.0522834311935546,0.116966993682387,0.163300885206251,0.435515024471423,0.38008736230796
1639,-0.971890629894564,0.197505924157996,0.0522778762151355,0.11699161125516,0.163330967988234,0.435530539354919,0.380092929231971
1640,-0.971853448191987,0.197674503472776,0.0523546421896592,0.116981440217361,0.163327709369153,0.435488083980808,0.38006789852605
1641,-0.971860990726338,0.197632305191259,0.0523611594615039,0.116987160103396,0.16332354579142,0.435500463605992,0.380065993636585
1642,-0.971875830980584,0.197558401216359,0.0522877912544708,0.117021511485558,0.163321207452197,0.435513264228964,0.380088933999985
1643,-0.971848520928221,0.197701650100942,0.0523439818057201,0.116981269807244,0.163317659824864,0.435483831998293,0.380074130196871
1644,-0.97186472613744,0.197614811295829,0.0523470666646119,0.116991987152642,0.163338397910689,0.435504688138492,0.380077201440368
1645,-0.971864773890114,0.197598314119982,0.0523562554516423,0.117015341060649,0.163320701441849,0.435497399731436,0.380069589076781
1646,-0.971877271994194,0.197535375300794,0.0522991305594789,0.117043345084716,0.163333280157979,0.435511325432095,0.380090838304922
1647,-0.971868502648386,0.19758741328232,0.0522720680409836,0.117040414281156,0.163338143507093,0.435505422605823,0.380102686587111
1648,-0.971857699663732,0.197652099248023,0.0522805420249367,0.117017110683645,0.16331946219912,0.435493488604136,0.380096844652695
1649,-0.971877138921106,0.197526465221058,0.05229828522709,0.117059863924853,0.16334572909592,0.435517148947541,0.380093709760887
1650,-0.971854596618815,0.197650196662749,0.052268515356017,0.117051463436107,0.163329343657001,0.435488697792079,0.380098114706466
1651,-0.971845670818453,0.197708446932332,0.0522820394242372,0.117021153970893,0.163332053490889,0.435484647520956,0.380094542091591
1652,-0.971869878818188,0.197589729031519,0.0523054691565385,0.117010151369383,0.163346304976277,0.435509973615077,0.380089722408889
1653,-0.971875377003916,0.197559628953315,0.0523208562406421,0.117008429540654,0.163339740460454,0.435514740911986,0.380082000041369
1654,-0.971835249614024,0.197733185840194,0.0523454862712725,0.117037536252939,0.16332035453897,0.435472200059121,0.380064943929801
1655,-0.971840323490461,0.197741184683797,0.0522876141900828,0.117007755811799,0.163317364581304,0.435479421726497,0.380083582216565
1656,-0.971872978201043,0.19757718440403,0.0522529599629398,0.117029050328206,0.163324789985513,0.435512469416095,0.380097032543092
1657,-0.971860668292568,0.197618549242438,0.0523126521066148,0.11703476770093,0.163320840722642,0.435495683206419,0.380080037358437
1658,-0.97183868406831,0.197753232692045,0.0523232706294044,0.116985069384361,0.163311771053436,0.435475350542901,0.38007583027443
1659,-0.971850378101784,0.19770721354514,0.0522636714082799,0.116992345675101,0.163313612752707,0.435492842626467,0.380091966257552
1660,-0.971880418065814,0.197565429939352,0.0522340771782737,0.116995534335429,0.163316037367169,0.435528109347067,0.38009583851284
1661,-0.971872375753005,0.197597237341321,0.05222567577999,0.117012374698625,0.163308482284952,0.435515066238307,0.380093690777048
1662,-0.971853540868936,0.197695605704597,0.0523046329739831,0.116967379876013,0.163308805627967,0.435502157441492,0.380068614594755
1663,-0.971879639481359,0.197583378801005,0.0523109242436188,0.11693734214502,0.163330208053937,0.435535806505921,0.380067235096103
1664,-0.971900929030864,0.197462262061064,0.0522327478473629,0.11699991138024,0.16333166587984,0.435547894638775,0.380091815636896
1665,-0.971862961413912,0.197642098470555,0.0523300414988439,0.116968166184936,0.163316705520701,0.435503732587428,0.380065999428154
1666,-0.971834468434896,0.197771124143175,0.0524336701606924,0.11694040640637,0.163311238433332,0.435476186664478,0.38003978127444
1667,-0.971856317350783,0.197676721886104,0.0523255229683577,0.116966882902072,0.163298265662043,0.435494396580956,0.380075303572754
1668,-0.971874123214869,0.197587107360216,0.0523066270119514,0.116978803212318,0.163302099750809,0.435510052640015,0.380084188210607
1669,-0.971867828381615,0.197598212777645,0.0523738812413448,0.116982250908422,0.163302664998062,0.435508088377767,0.38006161232848
1670,-0.971863738013303,0.197630521291819,0.0523594920882624,0.116968095551704,0.163294076542699,0.435503871963927,0.38006186629056
1671,-0.971897108312852,0.197472076383129,0.0522636037169379,0.117001306097713,0.163311090231523,0.435535309194663,0.38009433931062
1672,-0.971886712391167,0.19750711484649,0.052326035640583,0.117000614770371,0.163314465893245,0.435525623128695,0.380073662039735
1673,-0.971862209080671,0.197621232440228,0.0523478434945043,0.117001702257353,0.163317170126678,0.435500654300017,0.380063562104339
1674,-0.971857249835784,0.197648866641116,0.0522958268283169,0.117019476812416,0.16332293437625,0.435493286376312,0.3800814537835
1675,-0.971863155848471,0.197617198854615,0.0523000351398764,0.117022029317022,0.163330987082362,0.435503874500484,0.380083686784778
1676,-0.971829621536691,0.197753812533252,0.0524150585092412,0.117018280511584,0.16332453035004,0.435463532969375,0.380049155957713
1677,-0.971839517277194,0.197728392939817,0.0523761272863068,0.116996481034077,0.163338726142218,0.435474749349869,0.380069592083937
1678,-0.971860988266736,0.197619263918363,0.0523206464974888,0.117027329986,0.163354862685313,0.435499044316632,0.380085726442463
1679,-0.971865645506043,0.197594695679471,0.0522790342141278,0.117048733039268,0.163347689243394,0.435500953405125,0.38009481461704
1680,-0.971878638042971,0.197541462815302,0.0522165983764809,0.117058576099831,0.163361567009049,0.43552107655145,0.380111551001115
1681,-0.971839828412895,0.197700072035582,0.0523254878607603,0.117064395730103,0.163352598162149,0.435481266303045,0.380066852739032
1682,-0.971846016951898,0.197685411835524,0.0522962025194015,0.117050862808442,0.163354496889508,0.435490546789941,0.38007847541361
1683,-0.97184292078678,0.197693369974468,0.0522704365590217,0.117074635368584,0.163343000909941,0.435481923030637,0.380086156320546
1684,-0.97183960588961,0.1977000612333,0.0523180663094859,0.117069578244363,0.163346587348965,0.435478382113142,0.380076472276079
1685,-0.971839618019504,0.197709439514218,0.0523619368028766,0.117034020476652,0.163349586382341,0.435481061009381,0.380070058210922
1686,-0.971869666296187,0.19756909177614,0.0522719851873822,0.117061715657422,0.163366358279958,0.435515354309672,0.380100818300191
1687,-0.97185431250928,0.197642884274651,0.0523143622276723,0.117045687906149,0.163352591531393,0.435495390286231,0.380086775254373
1688,-0.971844749109297,0.197680160061357,0.0523110768098651,0.117063611723699,0.163343000858295,0.435477014620011,0.380086122503119
1689,-0.971845690910332,0.197681978628026,0.0522585192508691,0.117076195490091,0.163340999471329,0.435474238357523,0.380098794874066
1690,-0.971855188556991,0.19763354880156,0.0523001778385671,0.117060515379912,0.163360390121539,0.4354929265831,0.380085411431036
1691,-0.971857498041583,0.197630619723156,0.0522962540792682,0.117048039101356,0.163363607942239,0.435496467429354,0.380086465911025
1692,-0.971858511409217,0.197627294318804,0.0522652719030233,0.117059077796611,0.163353433453876,0.435496446892346,0.380095285214246
1693,-0.971837191257659,0.197718732805931,0.0523663084650369,0.117036516198087,0.163338940387052,0.435475470247015,0.380067175338856
1694,-0.971850175426075,0.197684815161654,0.0523242694992777,0.117004791355638,0.163336726581726,0.435492864463943,0.380087614761687
1695,-0.971846790422078,0.197685563139695,0.0523605000598298,0.117015435331974,0.163334299997798,0.435491908532214,0.380079259305907
1696,-0.971852949492158,0.197648812752667,0.0523396251526213,0.117035699766082,0.163327331432723,0.435495977663187,0.380082786432959
1697,-0.971881321021336,0.197537072837917,0.0522338988721012,0.117035988110796,0.163346211546168,0.435526410519597,0.380120055158817
1698,-0.971851431189734,0.197668940223987,0.0523128510710231,0.117026284987654,0.16333686289151,0.435491395817161,0.38008858200729
1699,-0.971831798026289,0.197759710270462,0.0524165018790224,0.116989587867895,0.163344088266186,0.435472861267695,0.380054793964159
1700,-0.971839166097961,0.197724965154285,0.0523546976594036,0.117014781227624,0.163350193269687,0.435481977937054,0.380070249969548
1701,-0.971837729410258,0.197733723035873,0.0522992821900232,0.117036693184211,0.163351969735469,0.435482750754757,0.380084762987583
1702,-0.971843917625261,0.197708336169662,0.0522885869509278,0.11703297509029,0.163371114891455,0.435493130676008,0.380094635343768
1703,-0.97183073791248,0.197761254477279,0.0522766912273004,0.117058321491401,0.163360196521156,0.435472315556378,0.380097366648494
1704,-0.971855632956081,0.197667029702322,0.0522227784899313,0.117034847233581,0.163378968072674,0.435503085237422,0.380124951576347
1705,-0.971810700443239,0.197858959077588,0.0523178631613039,0.117041172289878,0.163360542451783,0.43545561067007,0.380090620710183
1706,-0.971805450042314,0.197875820889505,0.0523473498061404,0.117043076444673,0.163362434118765,0.435452953528489,0.380079799786923
1707,-0.971817254470905,0.197819936210092,0.0522830284735481,0.117068277872797,0.163345037073105,0.435459696101963,0.3800986670523
1708,-0.971828800175277,0.197762464545258,0.0523095749973393,0.117057674376628,0.163343180616143,0.435469377486359,0.380096032298963
1709,-0.97181198270256,0.197835814433732,0.0523996429367431,0.117033064657653,0.163328537189284,0.435448226917072,0.380065377427951
1710,-0.971831132593699,0.197741380375599,0.0523148066972619,0.117071590102083,0.163330703465359,0.435461888494504,0.380097561687801
1711,-0.971837085540455,0.197702269195953,0.0522955338522222,0.117096836260067,0.163326287755841,0.435461082748916,0.380109633011778
1712,-0.971847575060926,0.197650529373502,0.0523202568523069,0.117086078632265,0.163343306180231,0.435474529243254,0.380114119373143
1713,-0.971855361844215,0.197621850808257,0.0523030523757807,0.117077540330953,0.163357611634548,0.43548522470667,0.38012862791669
1714,-0.971857337000513,0.197621330750909,0.0522589031843092,0.11708173721159,0.163358349550027,0.4354839285624,0.380143501971484
1715,-0.97185816219458,0.197611528304036,0.0522061098658798,0.117114980040075,0.163347790440536,0.435480499953449,0.380153658195413
1716,-0.971838973065697,0.19769061043628,0.0523038044065392,0.117097160599842,0.163351585516498,0.435464703267964,0.380112625229133
1717,-0.971830122074041,0.197733000014975,0.0523552868955851,0.117076037124228,0.163369050539217,0.435460411472542,0.380092117863357
1718,-0.971844219866462,0.19766915504805,0.0523247678876518,0.117080468568589,0.163377195562785,0.43547855183577,0.380096753133032
1719,-0.971851722323443,0.197631242869392,0.0523448591559541,0.117073213754474,0.163388305408661,0.435492399994225,0.380085512116319
1720,-0.97183487357111,0.197716628809381,0.0522814403210703,0.11709724250055,0.163369480360437,0.435467660542207,0.380099881858161
1721,-0.971830550628369,0.197750433249122,0.0522998018105341,0.117067833949911,0.163371001608143,0.435467016748787,0.380096010630388
1722,-0.971857281120734,0.197621987820973,0.0522077077077236,0.117103929559204,0.163368297393292,0.435497358573039,0.380122079329845
1723,-0.971828968874503,0.197738108556171,0.0523246954844143,0.11709065685789,0.163351770562638,0.435463579408038,0.380089252668719
1724,-0.971834491630096,0.19773286328398,0.0522910275422579,0.117068715266576,0.1633603782943,0.435467505012727,0.380107929652544
1725,-0.971818375867209,0.1977867065342,0.0523063199203575,0.117104705035983,0.163353675768105,0.435441408295007,0.380100193857129
1726,-0.971839687698363,0.19768920721379,0.0522739532095175,0.117106927981995,0.163349608173844,0.435463541916566,0.380106940154374
1727,-0.971853882594524,0.197631323263761,0.0522829248682906,0.117082819910438,0.163357061995041,0.435480888976111,0.380107494772175
1728,-0.97182611476168,0.197756791691633,0.0524002326200177,0.117049005243182,0.163344842263811,0.435452814982527,0.380068324624043
1729,-0.97185526789332,0.197637881961732,0.0522552549105439,0.117072602328291,0.163334659450139,0.435480927755394,0.380110033630047
1730,-0.971885905566343,0.197492830149841,0.0521656841457993,0.117102988853815,0.163335835331949,0.435516568089092,0.380138055902987
1731,-0.971845419588334,0.197690300890351,0.0523140732873759,0.117039579182178,0.163315618436609,0.43547601939249,0.38009604154957
1732,-0.971838052089709,0.197730122504994,0.0522678177433838,0.117054151541006,0.163310002858514,0.435469584786551,0.380106670809608
1733,-0.97182476516431,0.197799401637063,0.052300918531561,0.117032629835053,0.163307716826916,0.435456087384383,0.380096235361995
1734,-0.971835455517003,0.19773554656673,0.0523438842048035,0.117032554489631,0.163335776043985,0.435477594156273,0.380084966021318
1735,-0.971815733507114,0.197811860941814,0.0523874145008739,0.117047881572805,0.163342656517522,0.435456967934191,0.380064874905016
1736,-0.971831416036348,0.197754568597613,0.0523085558492135,0.117049751766195,0.163344580270241,0.435472055828092,0.380090631881592
1737,-0.971827330831051,0.197763197629156,0.0524008648503707,0.117027800441686,0.163334436990277,0.435465173512557,0.380063781246804
1738,-0.971829591350925,0.197759647369438,0.0523822180119917,0.117023375797967,0.163317111258619,0.435463680824593,0.380070695612158
1739,-0.971839064577706,0.197716050993204,0.0523375990862152,0.117038333302692,0.163314883408434,0.435471863118137,0.380088811332665
1740,-0.971851138050191,0.197652024452425,0.0523647012321084,0.117034100865003,0.163318837759847,0.435487428229579,0.380086559057687
1741,-0.971847000400448,0.197671860482409,0.052366765564218,0.117034034581475,0.163296454364396,0.435480600156302,0.380080529342658
1742,-0.971855598386517,0.197648223140234,0.0523015910345193,0.117031702326981,0.163294957617229,0.435487986170262,0.380105602676542
1743,-0.97183509680649,0.19774792368011,0.0523223226557768,0.117024261788872,0.163284952376557,0.435462274485027,0.380095671312579
1744,-0.971843757647131,0.197699431150853,0.0523039951414626,0.117042461257339,0.163290701128457,0.435473967433968,0.380098783190639
1745,-0.971848075110192,0.197669706329775,0.0523771732019339,0.117024090816765,0.16331102207451,0.43548835422666,0.380079734239063
1746,-0.971839359704506,0.197721003046511,0.0523029827234047,0.117042991595625,0.163301828565205,0.435472891719274,0.380101064762581
1747,-0.971828720140444,0.197758950065545,0.0524199802179493,0.117014879622677,0.163302146691074,0.43546313735982,0.380067184351762
1748,-0.971854517267848,0.197650221410328,0.0523150688133715,0.117031281363486,0.163293569196767,0.43548532159729,0.380099890991824
1749,-0.971849145376714,0.197676066895099,0.0523260374139952,0.117027334482095,0.163286919804413,0.435476218917476,0.380096192673563
1750,-0.971873113594726,0.197570030752031,0.0522616727836765,0.117036112282433,0.163307625733976,0.435505080452182,0.380122893749718
1751,-0.97187546331817,0.197550190619392,0.0522985590236753,0.117033613591915,0.163299120373058,0.435505835854967,0.380110215744393
1752,-0.971873699610218,0.197559998974061,0.0522675856483742,0.117045539435753,0.163279916080355,0.435494117881981,0.380120168785109
1753,-0.971881570655673,0.197528273140393,0.0522522081386416,0.117040594131579,0.163289480267843,0.435504170041055,0.380128592583831
1754,-0.971842970514111,0.197688399350707,0.0524086911539253,0.11702079522887,0.163285109342649,0.435462594244089,0.380081900045412
1755,-0.971859717720281,0.197614775701743,0.0523145202716554,0.117048197191376,0.163282743462628,0.435478666239207,0.380113185540191
1756,-0.971864825091058,0.197585408023745,0.0522615569060108,0.117079024409056,0.163278605614612,0.435479597792434,0.380128168083815
1757,-0.971848086955998,0.197663626391245,0.0523052779695722,0.117066410974091,0.163267784431387,0.435463323104816,0.38011282704509
