Frame,qx,qy,qz,qw,tx,ty,tz
1,0.231364736150693,-0.144607585277731,-0.0481978684451141,0.960851690232895,0.142055133983222,0.327164581350144,0.120450753153356
2,0.231354428773145,-0.144537756364139,-0.0479935728798546,0.960874904571088,0.142106477421671,0.327222567239129,0.120460381818516
3,0.231341305590525,-0.144422321975741,-0.0479613525225502,0.960897029814857,0.142130141861459,0.327236161717543,0.120438185657847
4,0.231341305590525,-0.144422321975741,-0.0479613525225502,0.960897029814857,0.142130141861459,0.327236161717543,0.120438185657847
5,0.231375276641751,-0.144371376477013,-0.0479966554138992,0.960894743498041,0.142137439721037,0.32723671197936,0.120414559283439
6,0.231380476833482,-0.144467509403341,-0.0479783306612268,0.96087995787927,0.142140322055093,0.327237721201115,0.120431587640319
7,0.231437717674947,-0.144571069021614,-0.0480382798201159,0.960847601085252,0.142123220925842,0.327220962894008,0.12043472731405
8,0.231409572032037,-0.144491173771662,-0.0480157715789959,0.960867522790582,0.142135144384997,0.327237990875383,0.120428864979738
9,0.231484883560785,-0.144232345839783,-0.0480724637072371,0.960885434029218,0.142147926942034,0.327244343055991,0.120338738353279
10,0.231444444584424,-0.144542617652849,-0.0482466825799198,0.960839819310743,0.142066773197593,0.327188797083182,0.120405565161387
11,0.231447197375994,-0.144267038338077,-0.0480184369618223,0.960892005476006,0.142131017613612,0.327266507636504,0.120359861284719
12,0.231462532281789,-0.144331828970137,-0.0481785040931793,0.960870569348016,0.142089438991662,0.327217668839735,0.120361573888181
13,0.231485035291335,-0.144298296440496,-0.0481466090227845,0.960871783392637,0.142091419146233,0.327226368971658,0.12035347103351
14,0.23147993372218,-0.144582146635387,-0.0481358363856769,0.960830882316826,0.142072958330537,0.327205083934201,0.120426026873502
15,0.231451600115209,-0.14457067852953,-0.0480970365150087,0.960841376498793,0.142086583641949,0.327208655238573,0.120423667160455
16,0.231489722308575,-0.144569733027376,-0.0480526827953737,0.960834554142418,0.142085556866366,0.327222664385551,0.120421051320557
17,0.231413679662798,-0.144415264803459,-0.0479841503739097,0.960879524950743,0.142112987292116,0.327241271725705,0.120409858203151
18,0.231403123307113,-0.144503903526771,-0.0479572335227308,0.960870084944934,0.142120862033375,0.327233296070376,0.120438325117048
19,0.231400880706188,-0.144668874064712,-0.0480597316032945,0.960840679552791,0.142075291410185,0.327190840026142,0.120464350213626
20,0.231393968606431,-0.144373510076113,-0.047862389244015,0.960896619089027,0.142138513636963,0.327258846607841,0.120409326877535
21,0.231378565849694,-0.144676673678437,-0.048042310937577,0.960845750221366,0.142060887490377,0.327194641912155,0.120474502801267
22,0.231395685255932,-0.144361209450322,-0.048010123738579,0.960890683725045,0.14209428428505,0.327228751135868,0.120394689816831
23,0.231417419681117,-0.144588384581102,-0.0481842234596329,0.9608425768678,0.142037561699051,0.327173892012282,0.120425695023799
24,0.231400045718312,-0.144693222317193,-0.048099510013201,0.960835223851374,0.142047387542397,0.327188979360529,0.120460192349832
25,0.231394411441342,-0.144499981989092,-0.0480968363652222,0.960865794942522,0.142067428473305,0.327205560543272,0.120410070464093
26,0.231381598396609,-0.144591338290379,-0.0481113508337601,0.960854410790614,0.14205780200937,0.327197211680999,0.120438326958723
27,0.231383023552853,-0.144618118889815,-0.0481462480767988,0.960848289219707,0.142041531241546,0.327186947256142,0.120440689573402
28,0.231371845747997,-0.144611172638489,-0.0479707512060991,0.960860804056451,0.142085901894176,0.327227358306198,0.120462996006971
29,0.231379187804662,-0.144516143449735,-0.0479828896616363,0.960872727281293,0.142095478158614,0.32723038225431,0.120436251704831
30,0.231438720791953,-0.144610181605852,-0.0481465470561488,0.96083605464235,0.142050725871783,0.327180471340021,0.120430743412439
31,0.231438520442664,-0.144550404104331,-0.0481173551804238,0.960846560101573,0.142051727242439,0.327194543602391,0.120421182483176
32,0.231402814249554,-0.144552769377334,-0.0479166702640024,0.9608648329154,0.142095251258613,0.327244818506001,0.120453682274691
33,0.231392487494423,-0.144397340145012,-0.0479176449217466,0.960890641121737,0.142122737671862,0.327252048869567,0.120408481329904
34,0.231402892655969,-0.144608466046927,-0.0481241008396144,0.960846066618573,0.142061362398826,0.327183266486567,0.120438850698315
35,0.231368094415326,-0.144480093649894,-0.0480100169193884,0.960879464709772,0.142092863866207,0.327224008218354,0.120426119942938
36,0.231385150753436,-0.144448750174089,-0.0481150267094441,0.960874817439141,0.142068319973581,0.327200476412728,0.120397560312808
37,0.231359572953966,-0.144634502948252,-0.0481604664261526,0.960850757419219,0.142039971619552,0.327177678794476,0.120446108224438
38,0.231385791729896,-0.144614891231019,-0.048172509273743,0.960846792142244,0.142035333122331,0.327173625145565,0.12042952886476
39,0.231405789093078,-0.144741178762841,-0.0481866530157212,0.960822251207629,0.14202039522356,0.327162036624576,0.120461849272183
40,0.231390437852031,-0.144662766351165,-0.0481159032182515,0.960841302796547,0.142040119121786,0.327184634063819,0.120451075079628
41,0.231379329117088,-0.144536961468341,-0.0479989139186734,0.960868761636808,0.142083035243939,0.327220359026784,0.120438375985397
42,0.231376140863844,-0.14466459225526,-0.0481613588675904,0.960842193442087,0.142052846198028,0.327172448221932,0.120451117400918
43,0.231386860408557,-0.144675553274253,-0.0481154655897887,0.960840260962319,0.142067624537722,0.327187811987062,0.120460123371088
44,0.231399644239433,-0.144396962007253,-0.0479582124747984,0.960886950616545,0.142131651393409,0.327248261269185,0.120401746624253
45,0.231444542795319,-0.144390675687487,-0.048026962113309,0.960873647934495,0.14211986626134,0.327238177358133,0.120387614715879
46,0.231414886427612,-0.144667493611255,-0.048167493510727,0.960832118114724,0.142063598807711,0.327184062971843,0.1204444145707
47,0.231465760731611,-0.144571038024563,-0.0481953303749562,0.960832985853153,0.142057506963924,0.327186121799063,0.120410692388446
48,0.231399223949324,-0.144686124795964,-0.0481948650969168,0.960831712333366,0.142041880291681,0.327174714300544,0.120453619330635
49,0.231422044070761,-0.144422945507316,-0.0480350269463167,0.96087381404395,0.142086840863813,0.327226534667911,0.120398740242018
50,0.23135950704407,-0.144561476097849,-0.0480383516019465,0.960867875883102,0.142079456685095,0.327211461523569,0.120446967919561
51,0.231388351091399,-0.144691323546751,-0.0481437442000821,0.960836110772222,0.14203387195783,0.327174924366311,0.120458489472673
52,0.231384899743897,-0.144426837471135,-0.0479470811166465,0.960886566771014,0.142100991649902,0.327241351241574,0.120414847087298
53,0.231374475269819,-0.144434313808419,-0.0479680092530998,0.960886908682079,0.142102206965992,0.327234941078044,0.120419545111892
54,0.231419426463454,-0.144614227536982,-0.0481423913314206,0.960840301197915,0.142052141178522,0.327178924992206,0.120437531177501
55,0.23140317235626,-0.14444130462564,-0.0478861853745515,0.960883028568918,0.142125885242048,0.32725971237938,0.120419410242954
56,0.231376151861597,-0.144552729609706,-0.0479719659212715,0.960868500471189,0.142099424521723,0.327226649155785,0.12044800368038
57,0.231359218377237,-0.144387574031289,-0.0479685892106821,0.960897577781508,0.142120118533743,0.327234956715887,0.120408220145384
58,0.231365904711914,-0.144477333166703,-0.0480194163753376,0.960879937343291,0.142094025357256,0.327214735674201,0.12043128062265
59,0.231331909896205,-0.144469688080432,-0.0479953243208586,0.960890475305616,0.142091774352131,0.32721725250131,0.120438641342475
60,0.231353915549644,-0.144417564646366,-0.0479850975009346,0.960893523341315,0.142086854027285,0.327220734544857,0.120422191478579
61,0.231338108852578,-0.144422172915617,-0.0479948617575133,0.960896148711047,0.142075860358506,0.327221279686622,0.120426336472854
62,0.231360572510938,-0.144482132526835,-0.0480283092959102,0.960880055144286,0.142065989814519,0.32721291270033,0.120438071667523
63,0.231395969528389,-0.144394139254979,-0.0479529325871643,0.960888523238321,0.142086899817479,0.327241675032279,0.120413067752742
64,0.231413324733247,-0.144622230464845,-0.0480913590312545,0.960843121835092,0.142044659315504,0.32719132621961,0.120451203005947
65,0.231421449601745,-0.144397514536681,-0.0479721666811447,0.960880919616875,0.142096350391271,0.327238197133274,0.120406096344335
66,0.231393728509621,-0.144453094207887,-0.0479475858370546,0.960880468628945,0.142093046407508,0.327243487534331,0.120428823514977
67,0.231416826339721,-0.144352747236674,-0.0479083345890017,0.96089194414824,0.142113201960141,0.327259741991526,0.120408798220839
68,0.231366628756723,-0.144491805381607,-0.0480182121681725,0.960877647037064,0.142081477819491,0.327222606444833,0.120441403740725
69,0.231403902754944,-0.144338839675147,-0.0479228309789671,0.960896422837537,0.142110267657973,0.327257925096405,0.120404176972277
70,0.23138005674243,-0.14447893721246,-0.0480807599582081,0.960873220859895,0.142071867093175,0.327204801863138,0.120436600404116
71,0.231395283598384,-0.144347732643047,-0.0478906588216401,0.960898766575784,0.14210335154399,0.32725997175387,0.120416460288805
72,0.23138194887028,-0.144347629660361,-0.0479282988593623,0.960900116410064,0.142093862333638,0.327245304634362,0.12041490626123
73,0.231373595024629,-0.144255352226643,-0.0477985575538358,0.960922447846401,0.142118266561656,0.327279609799328,0.120408922452308
74,0.231395365950576,-0.144377731113038,-0.0480862738387257,0.960884470497654,0.142053217238761,0.327186886633176,0.120424002730582
75,0.231347967467276,-0.144310388663919,-0.0478475922798113,0.960917914072505,0.142075553507748,0.327252831768004,0.120428997206323
76,0.23134988658597,-0.144407902847493,-0.0478753804576986,0.960901418209942,0.142041485772235,0.327243532194286,0.120448320374268
77,0.231359556943509,-0.144486932796656,-0.0479323365122014,0.960884370139508,0.142023967602994,0.327225814986497,0.120464818028803
78,0.23134136190851,-0.144569973544135,-0.0480492613409572,0.960870420766688,0.141992886975118,0.327192637321692,0.120480036116416
79,0.231376273969546,-0.144247598412475,-0.0478299307509782,0.960921405693806,0.142069892561129,0.327272278347686,0.120411357422757
80,0.231381833663401,-0.144414825037486,-0.0479455850742505,0.960889185198711,0.142057806832751,0.327240015716526,0.120440857394269
81,0.231371835467687,-0.144564190817206,-0.0480248214089206,0.960865175253178,0.142048379614724,0.327209287235672,0.120474267514789
82,0.23136540254254,-0.144360586613019,-0.0478826109879167,0.960904431826627,0.14209828821389,0.327262272108352,0.120438141855656
83,0.231354285253636,-0.144450353196534,-0.0479732213337927,0.960889098799146,0.142082799939101,0.327236127485271,0.120457966171769
84,0.231406479117038,-0.144260834215642,-0.0479800012711435,0.960904663643633,0.142119550688597,0.327240073405759,0.12041359630476
85,0.231346658432704,-0.144428392062144,-0.0480043933680737,0.960892679447465,0.142087557435764,0.327230930387119,0.120457418787231
86,0.231358633473289,-0.144301273832851,-0.047916784087426,0.960913267100787,0.142108539544917,0.327258935295074,0.120426074872497
87,0.23143513011985,-0.144389628690188,-0.0481111577371793,0.960871860434213,0.14206930888465,0.327202200537968,0.120423685556645
88,0.231358677992664,-0.144525359509937,-0.0479123685886311,0.960879798680479,0.142069412742493,0.327252649414842,0.12048251614084
89,0.231386692497108,-0.144407876672963,-0.047930807903297,0.960889796669624,0.142067544710898,0.327252941301214,0.120440477856318
90,0.231378588591652,-0.14440389452748,-0.0480473981089619,0.960886523748559,0.14203295210654,0.327218588375674,0.12043309848284
91,0.231391659028626,-0.144293351331319,-0.0478783570830105,0.960908420098704,0.142075368705099,0.327263962132811,0.120415086884065
92,0.231346936881239,-0.144402559579029,-0.0479463202936259,0.960899394293177,0.142049565065051,0.327235962527375,0.120449736007501
93,0.231377050690954,-0.144448975639024,-0.0479793596037432,0.96088351786385,0.142063421711949,0.327217850004531,0.12047350574212
94,0.231391993180804,-0.144376035259566,-0.0480264904977964,0.960888527429175,0.142065968469322,0.327218128706682,0.120442816594242
95,0.2314096292355,-0.144369453331549,-0.0480665867252959,0.960883264336734,0.142076574824253,0.327211537666274,0.120429004083539
96,0.231385097182123,-0.144305765233349,-0.0479766905621608,0.960903231384482,0.142107659888906,0.327245882887779,0.120415596563396
97,0.231380983877475,-0.144309578693893,-0.0479145442928562,0.960906750024315,0.142124792551971,0.32726782617589,0.120416195865674
98,0.231448040237163,-0.144201083763302,-0.0480560020884375,0.960899824526543,0.142104601372466,0.327247425051221,0.120366060003035
99,0.231425496096448,-0.144387234203093,-0.0480313776486465,0.960878531926313,0.142091946042254,0.327238818501408,0.120416118532648
100,0.231446147939807,-0.144178733171024,-0.0480556163341913,0.960903653465718,0.142102460101437,0.327244300912933,0.120351317798199
101,0.231452798352033,-0.144135891838448,-0.0479330631264333,0.960914599888183,0.142110421196736,0.327276977981323,0.120350014039387
102,0.23135557128212,-0.144320472562817,-0.0480165446131172,0.960906141243454,0.142072475710496,0.327234165931178,0.120416473633372
103,0.231368549089578,-0.144026702827882,-0.0478157226914559,0.960957106237425,0.142123041687494,0.327299122569007,0.120360509574761
104,0.231348436296171,-0.144250577165705,-0.0478527942997572,0.960926522731256,0.142104202704743,0.327273201308234,0.120418160882745
105,0.231359608503414,-0.144274312779498,-0.0480249257810113,0.960911682064943,0.142073553459477,0.327228504620774,0.120399663283027
106,0.231371937164003,-0.144377014381197,-0.047996897457049,0.960894688426284,0.142071273138534,0.327233466727196,0.120425975393281
107,0.231406657768109,-0.144169416762646,-0.0478972978677735,0.960922466626667,0.142112459513117,0.327280658793527,0.12037010939967
108,0.231397948107669,-0.144293899774333,-0.0479470424859427,0.960903398483076,0.142092899004431,0.327263079093562,0.120397202396627
109,0.231398499991581,-0.144326973454532,-0.0480046291329875,0.960895423298969,0.142090466027495,0.327242037145967,0.120396550082084
110,0.231380491090963,-0.144167252494124,-0.0479756442432934,0.960925183981688,0.142119958929637,0.327254297550102,0.120361325154193
111,0.231334910435632,-0.144350452626449,-0.0479675082958078,0.960909061351889,0.14209880777718,0.3272422994139,0.12042463867813
112,0.231344517001163,-0.144173615599173,-0.0479487895933986,0.960934231149608,0.142120627865143,0.327255421210726,0.12038416616591
113,0.231322664843757,-0.144249418893475,-0.0479827332056339,0.960926421320901,0.142094470795122,0.327243906415014,0.120405239747715
114,0.231341756958974,-0.144236090080865,-0.0480103882200508,0.960922444543929,0.142096365417007,0.327237102946596,0.120393767333839
115,0.231355562225184,-0.144305667620395,-0.047973885620596,0.960910497610762,0.142087505663021,0.32724645091038,0.12041039113686
116,0.231381579538016,-0.144228586955635,-0.0480463754084854,0.960912183898914,0.142075836592425,0.327240217635538,0.120372142153489
117,0.231403531430597,-0.144173020966207,-0.0480209199693988,0.960916508814485,0.14207556889656,0.327252319889212,0.120353619002403
118,0.231396194334871,-0.144153827951219,-0.0479594541589257,0.960924224843524,0.142079278691049,0.327268615530438,0.120354226136866
119,0.231391857777394,-0.14428738713801,-0.0480430890730871,0.960901045716742,0.142042806092021,0.327234406398458,0.120381229872601
120,0.231355212678222,-0.144223616718544,-0.0480396757593742,0.960919613443378,0.142056305424734,0.327237065518114,0.120379146791777
121,0.231335628549024,-0.144062667817244,-0.0479809379843669,0.960951405792898,0.142098692966214,0.327251684660675,0.120356302070205
122,0.231370345137469,-0.14410760635293,-0.0481228045658505,0.960929215323852,0.142080826305985,0.327209536000588,0.120357127048588
123,0.231294578826062,-0.14424059756427,-0.0480455895144709,0.960931365472157,0.142072562018363,0.327230434773432,0.120405568947871
124,0.231342826648457,-0.144142648966635,-0.0480313870755342,0.960935158667214,0.1420958210387,0.327241382685838,0.120368102707266
125,0.231334339077025,-0.144168977619836,-0.0479746431680775,0.960936086880258,0.142101336919152,0.327259215597677,0.120377647991114
126,0.231361755336391,-0.14418153015323,-0.048024950293387,0.960925090045865,0.142086663468951,0.327246985398726,0.12037045467307
127,0.231410417848924,-0.144164210854508,-0.0481133729499635,0.960911547523007,0.142078308061476,0.327223524605036,0.120351451778584
128,0.23135380139232,-0.144252167125391,-0.0479870589484875,0.960918296752864,0.142072755290629,0.327255468441241,0.120388536080258
129,0.231378083743624,-0.14423338946803,-0.0480270263509088,0.960913272083168,0.142056711487565,0.327247395137392,0.120375967703617
130,0.231365642592687,-0.144192875343094,-0.0481306587605509,0.960917162826869,0.142034063456192,0.327230019582507,0.120363640022534
131,0.231426750326288,-0.144082722106177,-0.0480946996214456,0.960920771079599,0.142041372554906,0.327250786172232,0.120323586817699
132,0.231399713573039,-0.14413562350987,-0.0480227662553272,0.960922946190236,0.142062346844402,0.327259494894319,0.120341883765217
133,0.231429924720991,-0.144421473342077,-0.0481556589314791,0.960866099149208,0.142013341923405,0.327207432457067,0.120389528603846
134,0.231434169267085,-0.144265871200806,-0.0481216553265863,0.960890155007822,0.1420366382171,0.327231945583701,0.120349120910909
135,0.23146807655451,-0.1441856144019,-0.0481498973463712,0.960892619141825,0.142028830787712,0.327234087304856,0.120324092943769
136,0.231500590382189,-0.144211197932014,-0.0482017685638489,0.960878346384717,0.142014412444728,0.327222012088896,0.120310357100205
137,0.231534636636726,-0.144250823716048,-0.0481998154862209,0.960864293062155,0.142009539155867,0.327219567284382,0.120312704135939
138,0.231530438560408,-0.144258859667917,-0.0481779490005924,0.960865194841312,0.142004285592059,0.327229099052527,0.120315747367062
139,0.231560130621246,-0.144217261237892,-0.0482459663788891,0.960860871404326,0.141980915625246,0.327225014963628,0.120292509901233
140,0.231661932554588,-0.14416526446267,-0.0482222043074367,0.960845328103964,0.142000799226268,0.327239714327244,0.120254466729008
141,0.231731465949119,-0.144154964477349,-0.0482158045314868,0.960830427338241,0.142006080707647,0.327263908976788,0.120226241078784
142,0.231910995234625,-0.144042695313348,-0.0482527931645319,0.960802092091796,0.141998904944399,0.327292249091483,0.120147831771226
143,0.23219639793707,-0.144384555884235,-0.0485717510023549,0.960665768002445,0.141905797478039,0.327233549440702,0.120139622387827
144,0.232437156485317,-0.144358255020141,-0.0486137960229659,0.960609369790238,0.141901789117862,0.327276995001892,0.120052191969005
145,0.232700796240026,-0.144266503925301,-0.0483807006931109,0.960571092150327,0.141943412911667,0.327399624016004,0.119962264577868
146,0.232991212159586,-0.144380799558289,-0.0483832380714244,0.960483389782999,0.141934757363524,0.32744576809569,0.119904627670821
147,0.233404497637447,-0.144169039167307,-0.0484047597895355,0.960413769090127,0.141951367791322,0.327529154058327,0.119724691143688
148,0.233910722923129,-0.144497253685502,-0.0484069804278903,0.960241158056027,0.141932773737456,0.327596002902573,0.119662817339278
149,0.234346832671333,-0.144597785753987,-0.0481328457550936,0.960133465478355,0.141990316423894,0.327756784486429,0.119563496892222
150,0.234916109125698,-0.144494354993818,-0.0482488092156882,0.960004091375361,0.141994356411197,0.327835101753039,0.119353620406467
151,0.23564247832313,-0.144018812705882,-0.0484359735242536,0.959888097887081,0.142015301748615,0.327935909819858,0.118994986273861
152,0.236615091979665,-0.143302074526106,-0.0486506814959829,0.959745239568265,0.142065245415832,0.32807440611329,0.118538856717872
153,0.23751666280814,-0.143431858475559,-0.0491393319963542,0.959478224304066,0.141979653238444,0.328083510962655,0.118282826289479
154,0.238317667072198,-0.143504277794607,-0.0491515140614888,0.959268127522945,0.141973583297181,0.328218424110573,0.118055792511623
155,0.239092807071456,-0.143553761356083,-0.0497371987258233,0.959037620883623,0.141879470004757,0.32820623881652,0.117773543108229
156,0.239843654727994,-0.143485849358925,-0.0495634167400073,0.958869282040844,0.141900458368322,0.328411197909458,0.117526215129701
157,0.240811187276071,-0.143137184668422,-0.0495151138571459,0.958681371440794,0.141938603771614,0.328613203473884,0.117163969267035
158,0.241975521134587,-0.143057631963698,-0.0496991729059107,0.958390501476852,0.14192059722285,0.328744572821279,0.116800978288112
159,0.242958736346528,-0.143168912076895,-0.0496754132168804,0.95812633215529,0.141939355449132,0.328904667169447,0.116540657393483
160,0.243989018705651,-0.143390039642963,-0.0499140706142474,0.957819002127729,0.141915975229592,0.328981591691356,0.116269059871824
161,0.244939068024059,-0.143444398622739,-0.0499556104393942,0.957566182801426,0.141895427047069,0.329125155725775,0.1159629233957
162,0.245990074031321,-0.142830019709875,-0.0498395135233964,0.957394637461216,0.141991879283026,0.329347944006431,0.115531215025381
163,0.246893546930964,-0.142950183742949,-0.0503522505450582,0.95711727197703,0.141914945038244,0.329359912959131,0.115265128854289
164,0.247703761559256,-0.142944588454876,-0.0505257730119362,0.956899596301727,0.14189680061527,0.329459938461762,0.115008895043193
165,0.24832204207482,-0.143091525424374,-0.0506200057077203,0.95671238823048,0.141895875195951,0.329537918922326,0.114857340189708
166,0.248901699611104,-0.143469809374541,-0.0509115771344159,0.956489607388613,0.14181484660649,0.329546786280765,0.114745422893202
167,0.249499094639883,-0.143701516828884,-0.0511479025792505,0.956286551142857,0.141770135274793,0.329582856865739,0.11461618064452
168,0.250168213554394,-0.142995374786483,-0.0510485965322725,0.956222896875389,0.141836886423223,0.329780891075496,0.114253604953874
169,0.250832300338789,-0.142572413132457,-0.0511585092182409,0.956106202811647,0.141858388703535,0.329907214575242,0.113933627101767
170,0.251393851996972,-0.142342428620642,-0.0509730132312938,0.956002884992835,0.141932071480219,0.330078655364172,0.113709164684856
171,0.251760745598599,-0.142689923212382,-0.0511065514529241,0.955847390114066,0.141892859861612,0.330111730923852,0.11364979200483
172,0.252268551740789,-0.142761751929711,-0.0509463799101736,0.955711319574385,0.141926346261601,0.330288173154116,0.113503041608692
173,0.252672108729267,-0.14379990347217,-0.0510892565105802,0.955441406419513,0.141883325741252,0.330321111956001,0.113509679739476
174,0.25292206471991,-0.1443266877427,-0.0515287212958957,0.955272226783888,0.141835447099989,0.33034633365433,0.11334550357668
175,0.253172234406851,-0.145084509556211,-0.0520582086787041,0.955062431321346,0.141741308182037,0.330305155637273,0.113301713536807
176,0.25370482578482,-0.144432586795316,-0.0522603021739676,0.95500887433667,0.141785981441921,0.330394693516122,0.11290352292274
177,0.254161558941876,-0.144450373533711,-0.0522438436061356,0.954885633124441,0.141819958896372,0.330497604180957,0.112738684227753
178,0.254578889387797,-0.144899926479366,-0.0526845686788297,0.954682112856146,0.141733493259884,0.330502076951435,0.112617918139904
179,0.254839549745289,-0.145728626426618,-0.0529024075106826,0.954474361418369,0.14167277197044,0.330498911510565,0.112669758410858
180,0.255155396597859,-0.145518717546554,-0.0528583585214706,0.954424444555467,0.141685347073728,0.330555102728988,0.112557332695879
181,0.255309103762366,-0.144939163196542,-0.0527984190088642,0.954474843805801,0.141704978294012,0.33061824766784,0.112352265070951
182,0.255572255644293,-0.145368977366698,-0.0528879354634256,0.954334086600005,0.141696114185353,0.33063556819872,0.112380485707864
183,0.255917124585761,-0.145319314312691,-0.0531767367732448,0.954233177424467,0.141670650679232,0.330647933152038,0.112215842059974
184,0.255992265732103,-0.144971717565068,-0.0530115382863281,0.954275084972931,0.14168413388497,0.330707917266571,0.112151777528658
185,0.256234889355208,-0.144507647547677,-0.0528677339141755,0.954288333779755,0.14174473099535,0.330797762913882,0.111989034224428
186,0.256366870579799,-0.145349809200844,-0.052972441170575,0.954119165047443,0.141731030687158,0.330756581820952,0.112137500834975
187,0.256412126494035,-0.14568310384909,-0.0531662468917956,0.954045389292953,0.141711773185856,0.330730541907349,0.112164246219401
188,0.256556331210514,-0.144760385010324,-0.0530168245476487,0.954155383657372,0.141765454174786,0.330849124270522,0.111936753181573
189,0.256669373091554,-0.144470817569748,-0.0529217110327458,0.954174149874583,0.141808515452198,0.330912852858249,0.111833754847257
190,0.25687162489363,-0.145617755848271,-0.0531394852160051,0.953933243270826,0.141754713636109,0.330840468294922,0.112017941109656
191,0.257072137286314,-0.145205057021828,-0.0530939517283978,0.953944673414657,0.141813857739116,0.3309093831377,0.111842979807678
192,0.257136122506269,-0.145017381680571,-0.0530830135055256,0.953956585589787,0.141797011901921,0.330929733781971,0.111805011267578
193,0.257369593343049,-0.144814231015869,-0.0530469511086139,0.953926491872301,0.141796003983576,0.330993504555655,0.111697628613321
194,0.257583435091976,-0.145578246157985,-0.0532018277156394,0.953743840734764,0.141756621688577,0.33095874244986,0.111775330779654
195,0.25778208413222,-0.145569057625565,-0.0531250894117426,0.953695848495446,0.141773053672702,0.331000973352707,0.111737991641477
196,0.2580424674223,-0.144904102266038,-0.0530602623443821,0.953730305019732,0.141793836823603,0.331080700688131,0.111519109983132
197,0.258299173451566,-0.144647318426327,-0.0530568368163845,0.953699985495098,0.141814191744903,0.331149786290465,0.111393846928872
198,0.258613068526661,-0.144789821597543,-0.0532436524925773,0.953582876219066,0.141802063088661,0.33116148840054,0.111298559339856
199,0.258799136750339,-0.14445277147593,-0.0531644047235718,0.95358793495964,0.141843841547411,0.331224171207637,0.111162181768052
200,0.259064126969359,-0.143952641881998,-0.053097846306226,0.953595319687779,0.141870058293763,0.331305082689402,0.110978216749485
201,0.259348065082106,-0.14408594451092,-0.0531187295733922,0.953496839166797,0.141877991350222,0.331358604698381,0.110934409618171
202,0.259549877433444,-0.144300953185828,-0.0531508555776339,0.953407616177525,0.141869037420688,0.3314048051162,0.110900139789856
203,0.259771493022523,-0.144147593090166,-0.0531814428944225,0.9533687518221,0.141879780916379,0.33143475232722,0.110803130540602
204,0.259993149291705,-0.143954101151262,-0.0531783727713903,0.953337736456761,0.141882513623318,0.331472450335106,0.11070928750049
205,0.260237540561822,-0.144550328530585,-0.0533492036135076,0.953171279192695,0.14182296119777,0.331455161628387,0.110764252129762
206,0.260466527103653,-0.14486437102596,-0.0534102933196046,0.953057628285577,0.141803161551527,0.331474558880546,0.110763512954178
207,0.260808417009068,-0.144240489571771,-0.0534020552500081,0.9530592170901,0.141832303815173,0.331555834498403,0.110506078171719
208,0.261094168469399,-0.144473060400921,-0.0535106949963036,0.952939649469303,0.141795856011994,0.331550859520446,0.110485996590836
209,0.261456251165553,-0.144479320871657,-0.0535727109960446,0.952835935092424,0.141798172899026,0.33161046373034,0.110345879187431
210,0.261799898233754,-0.144658090425546,-0.0536574286885431,0.952709677974232,0.141773678392923,0.331644339061628,0.110288599275579
211,0.262257775849046,-0.144393809259725,-0.0538167113018833,0.952614847899626,0.141738496574999,0.331678935512712,0.110087057555779
212,0.262706672420449,-0.14397817406872,-0.0538730149786524,0.952550884685287,0.141770264353639,0.331761027047995,0.1098621394279
213,0.263195188510781,-0.144469061501634,-0.0540199042987587,0.952333362301859,0.141737043348369,0.331780692283345,0.109823122657056
214,0.263639398405059,-0.14435994093204,-0.0539891800611317,0.952228776869846,0.141769505033857,0.331875670353718,0.109673228272574
215,0.264142308113332,-0.143907000894295,-0.0539157374098181,0.95216212349459,0.141794139207432,0.332005411393679,0.109432344666462
216,0.264742767773534,-0.14356231962537,-0.0539025321721084,0.952048131304729,0.141814093964559,0.332074194187223,0.109255483876122
217,0.2652194470882,-0.143504225873396,-0.053781024551247,0.951931081245342,0.141863479145195,0.332202531461015,0.109085583221363
218,0.265929090977543,-0.144516207636152,-0.0540567577186479,0.951564317977124,0.141815111400583,0.332193029356374,0.109126275750249
219,0.266729721994605,-0.143700902149197,-0.0540453241520096,0.951464349864719,0.141877487949045,0.332399820386249,0.108666169385407
220,0.267617731125969,-0.142654196568663,-0.0541928597314854,0.951364107028671,0.141893246558659,0.332579386663716,0.108160373596516
221,0.268472775460467,-0.143831846745589,-0.0546258105743238,0.950921021703383,0.141734859570507,0.33257994849074,0.108141769410549
222,0.269402158305103,-0.144442745627349,-0.0548063697066444,0.950555117905197,0.141714950243924,0.332681623472024,0.107981267801248
223,0.270379798667,-0.144177764616965,-0.054549145038803,0.950332535188806,0.141786157023473,0.332964007001712,0.107660288939429
224,0.271465397197788,-0.143561076131008,-0.0547059767103589,0.950107368488698,0.141800162283465,0.333163636830089,0.107214889148307
225,0.272616951085702,-0.143648175372979,-0.0546477842795536,0.949767771282057,0.141850136014309,0.333408433420103,0.106911923266537
226,0.273896349802412,-0.143541641005432,-0.0549895786075006,0.94939598330041,0.141834888184379,0.333568442382305,0.10643332419619
227,0.275314507393844,-0.143103333602831,-0.0552946955103886,0.949034169341998,0.141831011864708,0.333755981843258,0.105905413525717
228,0.276857620276952,-0.143091228454361,-0.0558223790558179,0.948556071316057,0.141737273057109,0.333888113417453,0.105430842715749
229,0.278140175864604,-0.143385204762428,-0.055763312611502,0.948139851810816,0.141765986868822,0.334155630595946,0.105153921752875
230,0.279342101161051,-0.143689534507322,-0.0556240734348683,0.94774852711387,0.141838077187672,0.334436163935374,0.104869172653273
231,0.280763472305985,-0.143765682178827,-0.0558007104264322,0.947306487870873,0.141802634144222,0.334653038059804,0.104487018741303
232,0.282169793203842,-0.143448598413286,-0.0562255305219617,0.94691150438364,0.141738286976734,0.334837680687489,0.103946455486971
233,0.283616584581897,-0.143019649397994,-0.0567931560182254,0.946510195542375,0.141677727144139,0.335009286922674,0.103354402462011
234,0.285081826167097,-0.142915126837127,-0.056843980783547,0.946082650067657,0.141723652558229,0.33528831814499,0.102913843161144
235,0.286321086781478,-0.142689580492389,-0.0570079818422816,0.945732525024623,0.141724450951074,0.335480718688333,0.102502722513756
236,0.287482597199027,-0.142811997767507,-0.0570604684125774,0.945358446593615,0.141733462668028,0.335701844307112,0.102209598207931
237,0.288652238526534,-0.143166108705725,-0.0570511477938312,0.944948949439644,0.141770779611757,0.335926745862338,0.101970389073543
238,0.289720345341792,-0.143394249362042,-0.0573508914949357,0.944569259498564,0.141740300229619,0.336060989165294,0.101684469959006
239,0.290605969472569,-0.143327269797112,-0.0577247873947704,0.944284550948305,0.141693977637724,0.33617067116016,0.101366756131655
240,0.291378416858097,-0.143122314976315,-0.0580576011682588,0.944057167809067,0.141694729200235,0.336285036564177,0.10100779916437
241,0.292168274318402,-0.142991754731126,-0.058348428535021,0.943814875093741,0.141685298710186,0.3364339108748,0.100630437859921
242,0.292675598883132,-0.143190288635489,-0.0583934410140633,0.943624788305936,0.14171516605063,0.336618447733728,0.100376340600134
243,0.293314236575126,-0.143855273344389,-0.0589202532864071,0.943292543544169,0.141667665103012,0.336774444059405,0.100039548709151
244,0.293610844821746,-0.14601948935668,-0.0593963591669388,0.942837766028062,0.141555087140464,0.336812699627698,0.100188225535297
245,0.293934003322057,-0.145937356523578,-0.0594122645304639,0.942748785459489,0.141580474268144,0.337045844960414,0.0998180321556622
246,0.294281208338673,-0.146437321629656,-0.0596079181402685,0.942550570180532,0.141545405873015,0.33716422076516,0.0996158508903682
247,0.295016217492416,-0.147998569509616,-0.0603248963804824,0.94203118935429,0.14142180951983,0.337099211980062,0.0996376538258777
248,0.295753715032067,-0.147583843879313,-0.0605208692918165,0.941852415960537,0.141410649558981,0.337230690455818,0.0993321969314967
249,0.296457601358407,-0.146084428691246,-0.0600532075739402,0.941894815014316,0.141492565803878,0.337530132195388,0.0988817741110759
250,0.296912419470788,-0.146418494881995,-0.0600897653909628,0.941697329090273,0.141542412387672,0.337584894416096,0.0988171746708585
251,0.29738518953591,-0.147484177026659,-0.0604866264556544,0.941356380225616,0.141539328099367,0.337567402304467,0.0988473458631364
252,0.298001876992431,-0.146996023198483,-0.0604880551460773,0.941237613813571,0.141543779704106,0.337705721267334,0.0985875384127146
253,0.298544957970388,-0.145613897500399,-0.0604507216885987,0.941282747729146,0.141567333537859,0.337896683536503,0.0981281514713434
254,0.299156111140342,-0.146325307437532,-0.0606310326212486,0.940966738760717,0.141557887127809,0.337929057655495,0.0981103704677881
255,0.299461264563675,-0.148168169087586,-0.0610188418325504,0.940556136355811,0.141449878761707,0.33781220880182,0.0983685944482335
256,0.29994998159844,-0.147703215703154,-0.061088958575651,0.940468982875132,0.141423199944368,0.337905728117127,0.0981299366148646
257,0.300468392663088,-0.147002682099495,-0.0610285498119767,0.940417180071622,0.141422074894739,0.338036423041419,0.0978857952402388
258,0.300805276009628,-0.146915944027779,-0.0609933281217669,0.940325318833769,0.141437558245066,0.338184600687492,0.0977210554145151
259,0.301220924526766,-0.147110038538564,-0.061185384955319,0.940149424217391,0.141442111742492,0.338234899907101,0.097597364378934
260,0.301475847365265,-0.146660048819869,-0.0609350851708557,0.940154274005479,0.141480424528681,0.338359827083684,0.0974357650588805
261,0.301902824265833,-0.14616850440067,-0.0608384286941401,0.94010006840528,0.141499594654276,0.338471523018805,0.0972679577838985
262,0.302266313431861,-0.14652043370776,-0.0610860573474843,0.939912406486978,0.141465221423784,0.338505684996667,0.0972116815639451
263,0.302411472120397,-0.146909795572018,-0.0611847654148379,0.939798509243387,0.141477848602716,0.338521673057419,0.0972065687771626
264,0.302746935664574,-0.146494446563253,-0.0609988464774571,0.939767423781148,0.141529159714617,0.338626672609592,0.0970524034390323
265,0.303023306748946,-0.146088630252036,-0.0608079251098465,0.939753895401266,0.141572952890435,0.338767400057621,0.0969092603738509
266,0.303451961242534,-0.146685318089169,-0.0613325678736328,0.939488499553435,0.141504704578928,0.338707451059745,0.0968764790366228
267,0.30399548779611,-0.146160466210082,-0.0613009014715749,0.939396647319772,0.141574571590123,0.338851976498783,0.0966020269654485
268,0.304351313760761,-0.14549442620741,-0.0612862264863546,0.939385782411965,0.141578238444786,0.33894112186886,0.0963439362818345
269,0.304803775839047,-0.14563457710257,-0.061358709972465,0.939212615384254,0.14155737952597,0.3389937314127,0.0962563561349134
270,0.305024722692123,-0.146332115989869,-0.0616310919861351,0.939014610577023,0.141484102866178,0.338987573835403,0.0962967841990002
271,0.305440349231326,-0.146428417173916,-0.0618102921744065,0.938852703828828,0.141440471967727,0.339019998030676,0.0961876950120545
272,0.306010566701513,-0.145693664397549,-0.0614284885064499,0.938806385801272,0.14152293042454,0.339248486740665,0.0959204105396589
273,0.306693079938067,-0.145499364721945,-0.0617580624003102,0.938592153873115,0.141533930181911,0.339314860974286,0.0956194915876168
274,0.307372601868825,-0.146350262098625,-0.0619997830408365,0.938221568344568,0.141502194670238,0.339357952264961,0.0956113069413394
275,0.308087963475775,-0.145894366330968,-0.061943972214018,0.938061610418305,0.141543519489241,0.339549935552445,0.0953183134015306
276,0.308922267053438,-0.145613294206477,-0.0619998340890487,0.937827181330245,0.141519764129769,0.339704933951266,0.0950470415748981
277,0.309862185422031,-0.146085349832548,-0.0621981808752232,0.937430468304502,0.14149493564623,0.339826291140246,0.0948728078517016
278,0.310643126636525,-0.147051319503606,-0.0623050491779937,0.937013787600086,0.141445836114417,0.339944565941264,0.0948182520093581
279,0.311892325520804,-0.145933219759219,-0.0625381570090886,0.936758053912449,0.141467717603284,0.340226941898978,0.0941962907507405
280,0.313039917821585,-0.144843120276455,-0.0626016594519978,0.93654018204917,0.141519910543015,0.340531941512896,0.093619308676844
281,0.313969768220453,-0.145561525695436,-0.062805140576267,0.936103808985952,0.141484995060469,0.340668966507729,0.0935015810455379
282,0.315178120787267,-0.145272297398569,-0.063143305143941,0.935719848459488,0.141494038693185,0.340865577203392,0.0930456514968158
283,0.316237885934777,-0.145062107649045,-0.063177384563903,0.935392539260168,0.141524025540758,0.34107925854889,0.0927089354823578
284,0.31751565985864,-0.145516451875203,-0.0635790083406936,0.934861742546243,0.14143027719774,0.341194510293512,0.0924679128141489
285,0.318652561124354,-0.14599245460255,-0.0640004328351804,0.934371817364438,0.14134173329714,0.341321068837927,0.0922299493381997
286,0.319607285642186,-0.146344865567603,-0.0642754124033436,0.933971645526145,0.141293619965833,0.341449681330919,0.0919960213995189
287,0.320815946583446,-0.144864228628524,-0.0638694062738512,0.933815925449902,0.141474049561698,0.341958795094732,0.0912845507154551
288,0.321395418387927,-0.144382596446713,-0.0639373167721056,0.933686601813766,0.141493027372472,0.34226781457008,0.0908419006181059
289,0.322161871252847,-0.145570145723523,-0.0649653668228233,0.9331669531753,0.141296999449718,0.342232402536435,0.0906743229037942
290,0.323321257575833,-0.147106978263791,-0.0654434481469774,0.932491317085748,0.141217624034137,0.342262544509357,0.0906591903915721
291,0.324188864485024,-0.146170905391789,-0.0652963091554957,0.932347595358901,0.141319695454605,0.342560376316266,0.0901721237125989
292,0.325453261640724,-0.145332541567064,-0.0653119987195285,0.932037000162726,0.141381318689605,0.342856360817871,0.0896972714249626
293,0.326399875741667,-0.147003536332647,-0.0659515969276353,0.931398662380516,0.141188721360142,0.342812961093704,0.0897775546483036
294,0.327408380702776,-0.14609494239116,-0.0657693840005377,0.931200519856759,0.141297735449055,0.343206821959051,0.0892036910288696
295,0.328335919774293,-0.145359809652474,-0.0655621394929628,0.93100357431584,0.141398106270072,0.34355889149994,0.0887338815349497
296,0.328957757108172,-0.145843349125284,-0.0659107960760038,0.930683769341074,0.141302321120003,0.343609958420449,0.0886068759190962
297,0.329928901404619,-0.145652691126862,-0.0661580426168972,0.930352259621346,0.141259596663132,0.343766843493728,0.0882997344705093
298,0.330660730684577,-0.145905726049999,-0.0665251067336862,0.930026564385682,0.141186258847248,0.343817173050186,0.088148540757784
299,0.33110400295091,-0.146696837373728,-0.0667106363697342,0.929731073014974,0.141134757616474,0.343803554416842,0.0882097489443683
300,0.331799679254558,-0.146055076796527,-0.0667791934641455,0.929579166455882,0.141173986395193,0.343990652331171,0.0878503925740886
301,0.332323205094012,-0.14602257118441,-0.0667280834975459,0.929400913994322,0.141218358920078,0.344132241238735,0.0877164642105971
302,0.333038759396316,-0.145751053214647,-0.066782825851441,0.929183442274926,0.141244276892723,0.344310583375506,0.0874617085895457
303,0.33355449602574,-0.145941179044968,-0.0669841840650868,0.928954083647364,0.141221691572586,0.344343207653402,0.0873681764164137
304,0.333972663807497,-0.145887970605538,-0.0668118447308968,0.92882459983873,0.141268271194408,0.344483923579089,0.087235530877069
305,0.334469806111777,-0.146357391121641,-0.0669645323831436,0.928560829599399,0.141229242897245,0.344502761724834,0.0872199028979456
306,0.3348699869228,-0.146250516009207,-0.0670475526169654,0.928427436105504,0.141228835313675,0.344606565926323,0.0870560892347407
307,0.335391227852045,-0.14609960102481,-0.0672925465867079,0.928245303803992,0.141199040968431,0.344660110650477,0.0868917952793862
308,0.335854806123508,-0.145861680447454,-0.0674764964631051,0.928101741085454,0.141168893482967,0.344723665251673,0.0866856671211071
309,0.336161664643756,-0.145926512213477,-0.0675167735328636,0.927977517803563,0.14116659756464,0.34478124600084,0.0865919375568299
310,0.336472969804019,-0.145998479219291,-0.0674614757776042,0.927857388795727,0.141170274693701,0.344872877583839,0.0865304915316404
311,0.336629620288332,-0.14568133821906,-0.0674960751053618,0.927847900404268,0.141172468896007,0.344930612435065,0.0864159419273967
312,0.336853678860444,-0.145472961950478,-0.067482791742672,0.927800242077008,0.141173725117816,0.344985753861688,0.0863050767010006
313,0.337013240655383,-0.145729510462445,-0.0674094429380334,0.92770736356144,0.141191038952459,0.345012864464082,0.0863243970250896
314,0.33712467093921,-0.145649470699612,-0.0671794710719873,0.927696128371538,0.14124913661674,0.345104723700719,0.0862977520293608
315,0.337222187232433,-0.145560938496329,-0.067291586072159,0.92766645517995,0.141209690231007,0.345110514650569,0.0862528702483629
316,0.337221876145415,-0.145577199214474,-0.0673854576675731,0.927657202533763,0.141187204672609,0.345068723596518,0.0862504922437532
317,0.337196638921804,-0.145677246675265,-0.0671958911860477,0.927664421387748,0.141211541001288,0.345121096500009,0.0862806353549382
318,0.337227793733956,-0.146002684689595,-0.0673208471202751,0.927592871220864,0.141201214027507,0.345051830364443,0.0863579711883377
319,0.337128779956257,-0.145534480383955,-0.0672120098851795,0.927710324655154,0.141217991375497,0.345114462558462,0.0862726187944601
320,0.337170962245679,-0.145365302667956,-0.067432202264704,0.927705540080638,0.141190279198918,0.345058796764796,0.0862237814834984
321,0.337098576481326,-0.145553897551658,-0.0672454367389275,0.927715831426615,0.141217888264749,0.345098140207241,0.0862833759662936
322,0.337109190708902,-0.145721520355839,-0.0672936953641139,0.927682160337803,0.141231550211833,0.345069475092022,0.0863179419032548
323,0.337151023386539,-0.145473353606874,-0.0671435937943453,0.927716782553899,0.141254559711712,0.345140755993628,0.0862651191021861
324,0.337163685234242,-0.145506664761934,-0.067220579648528,0.927701381663754,0.141224066196181,0.345124383180471,0.0862648963727629
325,0.337284782280953,-0.14589602339827,-0.06727691642183,0.92759212077024,0.141202461874522,0.345113775789864,0.0863180600118029
326,0.337354317207559,-0.146015564775614,-0.0671744520816071,0.927555449820773,0.141206862548742,0.3451606548477,0.0863174556761082
327,0.337616296678094,-0.14580058808934,-0.0671211851769716,0.927497801199879,0.141234384097742,0.345233926767172,0.0862135862949434
328,0.338014571210958,-0.145544344775007,-0.067154098914106,0.927390597511167,0.14125454898927,0.345324011278606,0.0860521487423963
329,0.33846430482346,-0.145463465671852,-0.0673635771658662,0.927224052204495,0.141244235141657,0.345386044843899,0.0858771295592753
330,0.33899557064805,-0.145434749698767,-0.0673216064729555,0.927037506233141,0.141241151496434,0.34554110255656,0.0857255503155889
331,0.339688743183439,-0.145357623676738,-0.067304318824124,0.92679709087865,0.141264412995765,0.345679216975427,0.0855529496480449
332,0.340469817122872,-0.144480708962967,-0.0672954220605118,0.92664823667645,0.141298790592464,0.345883035234295,0.0851630928161216
333,0.341370418179427,-0.144719417224934,-0.0678494907865117,0.926239156195682,0.141189672507701,0.345953577237827,0.0849037681264871
334,0.342429762648528,-0.145192014301423,-0.0681911669889211,0.925748940793484,0.141179697681334,0.346122424465491,0.0846801243407273
335,0.343807062551628,-0.145126526068778,-0.0684069188135035,0.925232667294704,0.141190390635521,0.346392210533013,0.0842518054812332
336,0.345269868361542,-0.145217851900086,-0.0686140651572428,0.92465810089661,0.141147622949855,0.346653794696027,0.0838741441878949
337,0.34683445019372,-0.144722524116398,-0.0685658385971444,0.9241536565689,0.14122617989456,0.347057838901074,0.0833433694498403
338,0.348653841110957,-0.145660695222464,-0.0690540181544837,0.923284898350777,0.141096674424104,0.347288631334023,0.0830380981425517
339,0.350547967544666,-0.145198299217078,-0.0691359800154575,0.9226341596874,0.14114438156531,0.347740387693133,0.0824371642045624
340,0.352366030085541,-0.144623326824056,-0.0694561050428017,0.922007659215682,0.141164654254007,0.348153106337845,0.0817532826404704
341,0.354228476106268,-0.144468268917113,-0.0701503369833053,0.921265453717143,0.141102583190866,0.34846800467062,0.0811273577373211
342,0.35596239770476,-0.145142165835821,-0.070580555468338,0.920457988344143,0.141054788732093,0.348928024249894,0.0806046931717964
343,0.3575286008728,-0.146780591220681,-0.0720924351999455,0.919473457140437,0.140816538583662,0.349114954489362,0.0801474680372904
344,0.359512992257283,-0.147343244911302,-0.0729315457779381,0.918543067149093,0.140714931342988,0.349754051623388,0.0793628014791538
345,0.361615047735711,-0.149736158931814,-0.0741007566272333,0.917236456878333,0.140412400839737,0.350009023228547,0.07906071661038
346,0.363372219260082,-0.14958682262743,-0.0744720758745047,0.916536045489306,0.140362930867681,0.350577970834421,0.07824162155862
347,0.366115981127772,-0.149018558389414,-0.0746155585092568,0.915524481402186,0.140469508792879,0.351285020299956,0.077361335143783
348,0.368998100720149,-0.148789212043168,-0.0751463334250558,0.914360541918376,0.140413769335673,0.351874913057197,0.0765556499180856
349,0.371270168333487,-0.148221388606081,-0.0751677786192207,0.913530890075843,0.140505155278399,0.352525644815813,0.0757706419404215
350,0.374060482630616,-0.149933810906103,-0.0760509225614971,0.912038850520562,0.14033740858356,0.352694171871584,0.0755523630826763
351,0.374742816283103,-0.144127013949312,-0.0746357074442083,0.912811446394361,0.140623819623188,0.353974560347279,0.0741275380064488
352,0.376253009005984,-0.137705709338484,-0.0723328675309115,0.913366721040505,0.141007153106379,0.355635896031446,0.0723431657139757
353,0.379561699993019,-0.140030178440883,-0.0730286920331681,0.911587228499911,0.141062887757081,0.355962788744486,0.0720523006176604
354,0.383326873804886,-0.141700684575514,-0.0748701191767,0.90960204983513,0.140924567810619,0.356395154562405,0.0712411890773715
355,0.386610392980894,-0.137973278768257,-0.0745475424726562,0.908811554887141,0.141058405812889,0.357929319286923,0.069339526879303
356,0.390045093598077,-0.13953841833923,-0.0752189943758965,0.907047935697189,0.141082807972386,0.358753635069558,0.068598980095887
357,0.394113594795439,-0.142247143299727,-0.076936822902604,0.904721476423621,0.140981432398539,0.359334765541738,0.0678966796782465
358,0.397340211055626,-0.139543891620607,-0.0768799596163998,0.903735431859915,0.141235333404572,0.360786814983291,0.0661716741295076
359,0.401173095143669,-0.140951229712908,-0.0783574199650227,0.901694523279194,0.141026547056538,0.361487918083739,0.0652644726540739
360,0.405449980806149,-0.142392800995474,-0.079570361415962,0.899446029994624,0.141033732691857,0.362283012419642,0.0643804589977462
361,0.408950871398014,-0.141199511218799,-0.07919906895882,0.898080948629039,0.14120191370689,0.363511056155222,0.0631602564263385
362,0.412347991436111,-0.140130295427431,-0.0792571974116469,0.896688870746413,0.14131931647596,0.364519991759001,0.0621637297465679
363,0.415183163303525,-0.136495076753327,-0.0781949083647829,0.896034369450863,0.141569143765885,0.366058235797069,0.0606369626743077
364,0.418608242883424,-0.136433073200848,-0.0785517461693997,0.894417563949167,0.141627027329825,0.366956370057243,0.0597815549292342
365,0.422810435933843,-0.138907619379683,-0.0801235146385354,0.891917165966476,0.141432305274547,0.367399576022946,0.0593895752073134
366,0.425050174062449,-0.134554767250984,-0.078851447414217,0.891633228059721,0.141645357835918,0.369071941999475,0.0577704615277302
367,0.427510213570884,-0.133835842656747,-0.0795023377066613,0.890506801103794,0.141528291416121,0.36989212727965,0.0568591953747777
368,0.429935974032548,-0.136486719525268,-0.0805472625431475,0.888841139980998,0.141359648499261,0.370416916906668,0.0566273557340188
369,0.431885436587758,-0.136949644033989,-0.0812037836665334,0.887764445210893,0.141302099392766,0.371201957162247,0.0559211318170908
370,0.434090853081357,-0.137283867735004,-0.0820344908229061,0.886559988520937,0.141264226898829,0.372013360279236,0.0552095394833131
371,0.435537131122961,-0.139365783656135,-0.0835800540187327,0.885380686670608,0.141099010997492,0.372238031881763,0.0549525145984287
372,0.43711313632538,-0.139513414058344,-0.084056282295993,0.884535276151354,0.140989957402582,0.372724735225847,0.0545023969817348
373,0.438049065853275,-0.137627938568172,-0.0830927685084453,0.884458680918532,0.141114053980716,0.373473783012971,0.0539082752665217
374,0.438691378749993,-0.137618248656209,-0.0832327862108675,0.884128607809296,0.141149784422526,0.37369827551111,0.0537028708157864
375,0.439899844312901,-0.138658672635246,-0.0841859525655463,0.883274942963486,0.141070404030684,0.373781280478192,0.0535809992947367
376,0.439997024919616,-0.138167752427596,-0.0842156356449193,0.883300637927945,0.141012208597333,0.373932819022729,0.0534045232416829
377,0.440639905675552,-0.136798471861295,-0.0836767116311823,0.883244507230726,0.141058445591257,0.374287359507683,0.0530964226425458
378,0.440713113322224,-0.137515332747924,-0.0842757784216781,0.883039680975029,0.141008025875473,0.374128016934078,0.0531406114852274
379,0.440246056286708,-0.138972268436254,-0.0844428352292651,0.883028610016757,0.141039087862804,0.373896856747315,0.0534692217224745
380,0.440530040041412,-0.138031938934573,-0.0841388684122295,0.883063484964351,0.141065199581373,0.374039266275188,0.0533394937130861
381,0.439867196538249,-0.136898952120843,-0.083489779908312,0.883631700975388,0.141115360627363,0.374108427679248,0.0533201432103863
382,0.439473620378458,-0.137537378931107,-0.0837452577707177,0.883704214196769,0.141138844506606,0.373901671644009,0.0535017952778688
383,0.439137506111652,-0.138671452723613,-0.0838776170033288,0.883681517454906,0.141178738015256,0.373650678091509,0.0537864627606097
384,0.438279613751098,-0.138158961750649,-0.0832911102705387,0.884242993983029,0.141193793178048,0.373584704635825,0.0538876920949138
385,0.438340017469385,-0.137637057044745,-0.0832480652571493,0.884298495556756,0.141116372381335,0.373559986373132,0.0538573100634206
386,0.437730662757821,-0.138583304466515,-0.0838513493392954,0.8843955482807,0.141009131269813,0.373228324263005,0.0540690467561368
387,0.437431220804404,-0.139262955533848,-0.0838991552938188,0.884432410092784,0.141008949808071,0.373085724016917,0.0542262514275601
388,0.437620063657362,-0.138804110500607,-0.0836249247285883,0.88443709259438,0.141048897466706,0.373143731449357,0.0541660153162203
389,0.437256555859951,-0.138245916502026,-0.083775880782577,0.884689986790351,0.141028799954925,0.373130472515981,0.0540586260398023
390,0.437764744519815,-0.138551750292339,-0.0840002152056745,0.884369495624895,0.141040817990332,0.373205017410718,0.0540481806408059
391,0.437889976965033,-0.138503706073408,-0.0838169803030815,0.884332406558963,0.141102001333493,0.373331628887263,0.0540035267974133
392,0.438211772525123,-0.137877186803514,-0.0832049851159407,0.884328702593891,0.141229205166917,0.373599581594039,0.0538664549716208
393,0.439074773413009,-0.137603908141699,-0.0833062535729477,0.883933581176824,0.14124019973874,0.373824769876527,0.0536596508807349
394,0.439316078646675,-0.138016628916985,-0.0840984017638226,0.883674290678228,0.141098642082028,0.373778742777351,0.0535595110619505
395,0.440140593373298,-0.137972820464319,-0.0843249522127731,0.883249150190611,0.141033914762013,0.373946309625377,0.0533736156319593
396,0.440842939185096,-0.137210825665593,-0.0840260406319439,0.883046044544978,0.141131865989744,0.374281184524892,0.0530879676135987
397,0.441459364020653,-0.137396338492816,-0.0843169078322096,0.882681446015981,0.141107223759809,0.374437650742293,0.0529448292002878
398,0.442570969627022,-0.137539105010345,-0.0846887993420925,0.882066742770832,0.141062983298259,0.374649670672982,0.0527404057687888
399,0.443103419964649,-0.136934679113031,-0.0843718007431902,0.88192383577676,0.141127056557053,0.374976791768295,0.0525215388191559
400,0.443706829586825,-0.136427519135696,-0.0841711616224179,0.881718207224746,0.1411756777815,0.37520103319905,0.0523783461559491
401,0.444015288648212,-0.135039762566087,-0.0834016617920122,0.881849674708264,0.141248889546868,0.375437667419653,0.0521567991290695
402,0.444610365621322,-0.132995266945894,-0.0822839996555733,0.881965546465816,0.14144682995837,0.375825772366863,0.0518081468678028
403,0.445724233985441,-0.132159552988883,-0.0823284033356626,0.881524698347171,0.14141611241105,0.375961612073423,0.0516621630907446
404,0.446328735173441,-0.130161325000305,-0.0815453660534469,0.881588930799299,0.141511068683864,0.376486771221583,0.0511738863661308
405,0.447539035878363,-0.13027725884565,-0.0817433144880347,0.880939656122506,0.141599736726561,0.376804422583848,0.0509159186342312
406,0.448925384658987,-0.132075791717537,-0.0830242280058993,0.879845987554067,0.141437437986091,0.376877379301361,0.0508585083101538
407,0.449765429324114,-0.13118223133526,-0.0829070870976362,0.879561649730013,0.141366206024418,0.377512989814156,0.0503434273624157
408,0.45159701867526,-0.130983792573523,-0.0829894424317916,0.878644485131235,0.141419215622846,0.378077755893381,0.0499481102926415
409,0.453099727842687,-0.131786592127565,-0.0840049316783661,0.877653748478293,0.141315216525784,0.378304114490684,0.0496600614034843
410,0.454437613343747,-0.130551883843241,-0.0841225765801841,0.877135139709344,0.141309791918832,0.378882706839193,0.0490396907297578
411,0.456673990996874,-0.130135222120954,-0.0843503488948149,0.876012961406303,0.141262041833832,0.379430898196517,0.0486057596669844
412,0.458343865634355,-0.129812357077138,-0.0848401451328319,0.875141018670291,0.141143930922315,0.37993576330948,0.0481271597201294
413,0.460237715399297,-0.129960402316075,-0.0853585927480119,0.874074052811293,0.141091226883457,0.380468824679049,0.0476606907359713
414,0.462179461275128,-0.13035852647969,-0.0863008120243551,0.872896883940717,0.141017995722443,0.380865000614778,0.0472326933435757
415,0.463845317304185,-0.12975467030026,-0.0859173468857654,0.872140732138089,0.141064124023107,0.381592948638495,0.0468253042732371
416,0.46594600853702,-0.128846852730657,-0.0856965212238932,0.8711767397721,0.141051745677934,0.38236304744319,0.046332162192483
417,0.467490622410624,-0.129074664198378,-0.086174383092717,0.870267903992094,0.140976928181201,0.382760407243734,0.0460562289346186
418,0.468721949091505,-0.127608101943559,-0.0858816825414802,0.869850701765577,0.141034406397634,0.383503371066294,0.0453453241070525
419,0.469894680058662,-0.127849577325687,-0.0865297941679954,0.86911798390751,0.140954250659273,0.383913454735163,0.0449127549484875
420,0.471138909891099,-0.127495633805386,-0.0865268225406362,0.868496459364234,0.141165001230697,0.384705405183157,0.0444534346263527
421,0.473097563272665,-0.126053007719812,-0.0864360802579849,0.867650931481025,0.141277075196705,0.385866433927344,0.0435204635414102
422,0.475196131637444,-0.128037605124168,-0.0881160120281153,0.866043056998402,0.141086295499298,0.386260698603929,0.0432555895047182
423,0.478102058396797,-0.127958812897319,-0.0891936172766097,0.864343370770996,0.14094673285682,0.38708097161164,0.0425264255015211
424,0.480717037476831,-0.126152706243025,-0.0895467762312605,0.863121080413199,0.140778945934069,0.388166805194781,0.0415592768527175
425,0.483870831618471,-0.126491216089788,-0.0899384717575904,0.86126654518731,0.14075512168399,0.389090262937187,0.0410615475350283
426,0.487010173627598,-0.126997114308655,-0.0909382615594119,0.859315457980969,0.140682836394546,0.390022817600444,0.040428542067354
427,0.489563866188812,-0.126231933294958,-0.0917304458062973,0.857891744482402,0.140524636495647,0.391133593809379,0.0395647444758488
428,0.492798824571581,-0.126759227481138,-0.0930291889314644,0.855819482575623,0.140310914992658,0.392033680777525,0.0388725400045155
429,0.495526099889134,-0.127746354042535,-0.094438502616809,0.853941521757197,0.14012301930436,0.392712291589556,0.038378984308536
430,0.4985234788726,-0.126122981616698,-0.0945446749561606,0.852425151528454,0.140126320847276,0.3938858736975,0.037463100145613
431,0.501545598656839,-0.125456872026327,-0.0949302378791217,0.850706080656261,0.140021799612584,0.394764193935025,0.036837380940797
432,0.502950589140067,-0.123142119309436,-0.0935785073447366,0.850364502021793,0.140033757253671,0.39604616977499,0.0362263396650412
433,0.504511899092043,-0.118412784472754,-0.0923171007181011,0.850249204094278,0.140050394407555,0.39787150084822,0.0348471556461697
434,0.507219602964041,-0.121823797837223,-0.0943290583141081,0.84793234718761,0.139909685783181,0.398091841056267,0.0348553789529188
435,0.509865419218987,-0.123572820484438,-0.0961103454392851,0.845889953730217,0.139763112207965,0.398696612787968,0.0344072781356899
436,0.51213321288939,-0.120367637546245,-0.0952128353257629,0.845083262215242,0.139817591946388,0.400582235309487,0.0332486565039929
437,0.515071468465692,-0.122479380430021,-0.0975266937258476,0.842726959194364,0.139541161297243,0.401131957297522,0.032862963830526
438,0.517625750730464,-0.123677358572392,-0.0983865295575669,0.840885000436384,0.139534426462612,0.402149415708002,0.0323955950414143
439,0.51960652582192,-0.122209439709283,-0.0984619995456049,0.839868528886932,0.139628477516778,0.403673064563705,0.0314172780880614
440,0.522024090653421,-0.125638505541108,-0.101145696542801,0.837541260341087,0.139275263615719,0.403978017637015,0.0312432582108211
441,0.524450131742615,-0.126419312481149,-0.102661189658821,0.835721781985358,0.139054833909868,0.404765689542486,0.0307281634183034
442,0.526458540570985,-0.124192299858789,-0.101586433694911,0.834923873299119,0.139096088855696,0.406232769291116,0.029974556803837
443,0.528363035498658,-0.123190879226442,-0.10185539643351,0.833835708165243,0.139005397323936,0.406980138576867,0.0294168884797669
444,0.531209651517688,-0.121043323434182,-0.101192634303491,0.832421089803222,0.139178742617733,0.408078493273101,0.0287843837977895
445,0.533038184217404,-0.118667844625736,-0.1005271156746,0.83167453720325,0.139152751698189,0.409110757731095,0.0281766912730273
446,0.535161702494978,-0.118063069861899,-0.100628737616032,0.830383598635754,0.139128963954608,0.409940906409226,0.0277401204570328
447,0.537770926022316,-0.118995768402371,-0.101922200669093,0.828404673597511,0.139121604416519,0.410637727411968,0.0273094262828892
448,0.539349166197892,-0.120081749206119,-0.10293990669012,0.827095052602702,0.138937840108076,0.411332913252552,0.0270037551433111
449,0.541729712642549,-0.119506790312791,-0.10325354732421,0.825582067679721,0.138966845963643,0.412496964502215,0.0264200523504199
450,0.543147391523392,-0.119846350005848,-0.104128492500094,0.82449076436384,0.138872188704243,0.413209655984467,0.0260658858280059
451,0.545213823017439,-0.119961867830164,-0.1046038427108,0.823048645918053,0.13882475728367,0.413934817262142,0.0257291639948884
452,0.548086929603714,-0.118629006722977,-0.104034325566154,0.821404124329485,0.13893411119978,0.415129074242156,0.0251975956144602
453,0.549859369649813,-0.118848815257262,-0.104729076653406,0.820098441178607,0.13876193503682,0.415678244300561,0.0248790844829902
454,0.552242795382732,-0.11750510230118,-0.104754906973181,0.818686054202767,0.138739467681051,0.41672868111028,0.0242931843503785
455,0.554507986160872,-0.116136599782946,-0.104802831972336,0.817342981792374,0.13874386939774,0.417758701840164,0.0236966477411061
456,0.55675966903307,-0.117209168560718,-0.105313635096407,0.815591638018851,0.138761679478257,0.418386460590448,0.023520281670769
457,0.558942246441892,-0.117250172454848,-0.105914530362763,0.814013559137583,0.138738448677049,0.41924745025315,0.0231128170496564
458,0.560847791773561,-0.115851664175513,-0.106067327546315,0.812882444390126,0.138776633846013,0.420516350995631,0.0224501681905828
459,0.56285119201238,-0.117335742450134,-0.107452589501681,0.811100980275145,0.138609908981938,0.421164718606879,0.0222208584224241
460,0.564463818334567,-0.117748989081619,-0.10847020539506,0.809783914327132,0.138437471613901,0.421912247023474,0.0217976349459104
461,0.566577238371777,-0.117736806178357,-0.109326780491786,0.80819300448422,0.13832176599153,0.422794338794465,0.0213613008860187
462,0.568773933306951,-0.118940040645115,-0.110245914882828,0.806346896672596,0.138278607090978,0.423379848012698,0.0212087592960999
463,0.570819667201612,-0.118348053869795,-0.110485553083746,0.804954401342617,0.138239159602839,0.424305646773989,0.0207279319077962
464,0.573194401925881,-0.116902666633941,-0.110734191263476,0.803442520047284,0.138119111010895,0.425420505446642,0.0201205868039189
465,0.574462644692793,-0.115148043564187,-0.109874792108754,0.8029079199852,0.138149139866234,0.426585905470462,0.0198094975254382
466,0.576814729514399,-0.112572637143174,-0.108625948018754,0.801755930816161,0.138255104880797,0.428139351100345,0.0190668021258394
467,0.579471034238981,-0.114374909788526,-0.109780391181051,0.799424772071148,0.138266474021571,0.428554078259028,0.0189596308305136
468,0.582645074063617,-0.114175986194296,-0.110770489980271,0.797005934981348,0.138153770490123,0.429715918294918,0.0184517941671876
469,0.585415844412297,-0.111817965101221,-0.110511342816402,0.795344123572039,0.138085210769328,0.431612831920084,0.0176361846053656
470,0.587978748083025,-0.11439323992005,-0.112562208389396,0.792795640569381,0.137963760524939,0.432319849968059,0.0175304619480409
471,0.591437750525827,-0.115171616984912,-0.113745578652894,0.78993596527247,0.138039158132494,0.433504260734495,0.0170392081751053
472,0.59319981773859,-0.113938872532929,-0.113316869340567,0.788854357079735,0.1380403624834,0.43494300360456,0.0164997066914941
473,0.5957615819047,-0.111969574501758,-0.113716676197897,0.787146409168465,0.137992649999852,0.436357748250985,0.015886081991629
474,0.598953212361398,-0.109320368808052,-0.112858835600968,0.785217797552009,0.138075674578958,0.43823455406229,0.0151687162555122
475,0.60148752711353,-0.109744206714361,-0.113691811838898,0.783098420213114,0.137972522549265,0.439122475656411,0.0147689726438138
476,0.605539105300866,-0.111584579398247,-0.115270170522346,0.779476786940889,0.137928892577542,0.440190514651063,0.0144729185295269
477,0.608013520861172,-0.111507296736865,-0.115926394255243,0.777461736897332,0.137904172832565,0.441614488225744,0.0140064220506138
478,0.610599874327399,-0.110831715502184,-0.116750752101161,0.775405304466007,0.137711953895982,0.443183902773436,0.013497298496706
479,0.613654430982222,-0.110699986619701,-0.11825445679758,0.772780457662972,0.137424614413343,0.444613399128869,0.0129665305055354
480,0.616099351663381,-0.111766739228686,-0.11939548316387,0.770502760204151,0.137355483473065,0.445668132447162,0.0126839650373032
481,0.619561393399849,-0.111895266222323,-0.11982075307254,0.767636708566365,0.137475143592654,0.44692389945474,0.0122887127859566
482,0.622214645446365,-0.109936525997241,-0.119414135240315,0.765834942757589,0.137494132715301,0.448333030913628,0.0117284291398841
483,0.625274414394269,-0.108601387752954,-0.11914060187104,0.763572630643506,0.137511765267383,0.449721604819419,0.011293298761201
484,0.627908293271295,-0.108913336266796,-0.120152880918848,0.761204536002819,0.137488878814807,0.450614462469229,0.011022326434992
485,0.629855911868534,-0.109186925391707,-0.120691865204846,0.759469037736983,0.13747616003598,0.451448210705998,0.0107801201622959
486,0.632122895327806,-0.108320584562312,-0.120025864362979,0.757813359638368,0.137666571087639,0.452562357039396,0.0105273173743072
487,0.633607340258947,-0.107906035582547,-0.11990001779116,0.756651843048386,0.137694068193181,0.453188322025172,0.0103926576048406
488,0.63444966515012,-0.105843791897153,-0.119209815043624,0.756346305672869,0.137572826494312,0.454040848962298,0.0100992399875798
489,0.635675424954326,-0.10520159174523,-0.11924837244479,0.755400029701268,0.137521559870422,0.45461659124484,0.00989835569031443
490,0.636773377636149,-0.107119300684558,-0.119921020929253,0.754098183059731,0.137663102673744,0.45471740192687,0.0100520352376983
491,0.637523718570771,-0.10706567242516,-0.120205622653027,0.753426212930266,0.137666603047083,0.45525669094568,0.00987023396529534
492,0.638417554847656,-0.106707205153909,-0.120673575937505,0.752644993407275,0.137562486538989,0.455725376413959,0.00967129496826191
493,0.6394492346386,-0.106939332911129,-0.120979877536268,0.751686453667978,0.137613497701316,0.45609706419559,0.00963807333005025
494,0.640249219233893,-0.106171320816522,-0.120818908420557,0.751140053035737,0.13765301284201,0.456659024279377,0.0094440529212499
495,0.640519519935713,-0.104814169743305,-0.120160728753759,0.751205786497756,0.13768070991235,0.45736963767424,0.00924674850160315
496,0.640513805998892,-0.105274014021405,-0.12015032411593,0.751148018643111,0.137688258449332,0.457643953147981,0.00932892868895616
497,0.641356369003507,-0.1057525475985,-0.120496217468633,0.750305983043462,0.137738542634285,0.458079661172684,0.00933132550214143
498,0.642347929123428,-0.105580837708178,-0.121339741429755,0.749345375517486,0.137628621206619,0.458587303325411,0.00910422288312764
499,0.643144309171555,-0.105668683409453,-0.121767406971379,0.748580139681933,0.13760497639828,0.459005274487564,0.00894414571584395
500,0.644540959906725,-0.105729120148844,-0.122166363148117,0.74730427796864,0.137628887041712,0.459473434682126,0.00876974112602746
501,0.64595285157318,-0.105180822368737,-0.121754077470697,0.74622908866485,0.137747142045384,0.460199617079358,0.00865479113082728
502,0.646949776257433,-0.105027769183399,-0.121646351024837,0.745404131986909,0.137745181426183,0.460673459348949,0.00865135394759806
503,0.648273778606486,-0.103933492773957,-0.121324718944741,0.7444590315283,0.137737237003731,0.461564590984584,0.00841230789549622
504,0.649561473756973,-0.104343121717211,-0.121585888004912,0.74323568038613,0.137774915925092,0.462088496403408,0.00836021979512817
505,0.651248715656565,-0.105349775376632,-0.122125687613583,0.741526703233725,0.137783110629927,0.462624147083419,0.00836539094565245
506,0.652770719274337,-0.104426787659861,-0.121517201530652,0.740418127688177,0.13787993024596,0.463646833117687,0.00817032419399261
507,0.654424850665789,-0.104212921927641,-0.12241407973516,0.738838666297965,0.137737189309847,0.46424800028491,0.00792236722896953
508,0.656195322456375,-0.103926896209199,-0.122680468883482,0.73726277648151,0.137744348664615,0.464954438185926,0.00776405169992353
509,0.657222183256554,-0.102579571060592,-0.121689423929917,0.736700833133857,0.137891236485806,0.46598645085202,0.00759120941421245
510,0.659076046496374,-0.102472236997676,-0.122468915807833,0.734928275575417,0.137852990761909,0.466651061147612,0.00737434288998596
511,0.660724048394246,-0.102646185673239,-0.123273451292787,0.733287902973053,0.13783776131614,0.467335608590381,0.00719658582795924
512,0.662105559432746,-0.102530877878792,-0.123231011829933,0.732064044311033,0.137874053292666,0.4680864967353,0.00710119800857688
513,0.664283573973567,-0.102141663997824,-0.122998046928537,0.730182096655639,0.137992175177923,0.468997562583983,0.00700422382081466
514,0.665362241201886,-0.10208360400823,-0.123735923382548,0.729082606458392,0.137911705925382,0.469554176668663,0.00679892686044802
515,0.667034768042945,-0.101741398572239,-0.123714180706087,0.727604361951384,0.138011607674924,0.470362191464343,0.0066994488292499
516,0.668843493724167,-0.101790391173802,-0.123759669672305,0.72592743530613,0.138006680156249,0.471086543312793,0.00666276653652747
517,0.669999252546722,-0.101575439440804,-0.123782240319016,0.724887155818647,0.138013886511193,0.471684540475328,0.00655787043302052
518,0.67164876518161,-0.101488583975653,-0.123951856157467,0.723342201801992,0.138092496837684,0.472328985526415,0.00647346266612103
519,0.67167062029635,-0.0998173524639555,-0.123256941670259,0.723673130845617,0.138056922112387,0.473156250520942,0.00629339773868538
520,0.672003036779387,-0.0987196566792196,-0.122393099714296,0.723661714537079,0.138128312350065,0.474141994504019,0.00621691929568621
521,0.672892551830412,-0.101051386474876,-0.124403605080246,0.722168937317094,0.138017098986701,0.474130613997334,0.00630990852640159
522,0.673623361911785,-0.101658790401179,-0.125381930777478,0.721232575564461,0.137938435356381,0.474542528259782,0.00621652815271129
523,0.67475394861117,-0.100189842656432,-0.124304895794429,0.720567413323452,0.138073218284623,0.475554579012433,0.00606903876490218
524,0.675714836031531,-0.100524120186033,-0.125091794521616,0.719483428976003,0.138023081408533,0.475817687911571,0.00600123109646075
525,0.676622549078017,-0.100742600046771,-0.125977187593452,0.718444571850207,0.137917498670576,0.476141135467808,0.00589696805116956
526,0.67746074642335,-0.100557158140952,-0.126057689155512,0.717666115966823,0.137903003161758,0.47654958719606,0.00584316672237893
527,0.678336887810331,-0.100365666151888,-0.125795708384684,0.716910900632483,0.138011655352564,0.476954323432382,0.00581318806826499
528,0.678958559129576,-0.100483198951554,-0.126014820911063,0.716267175447755,0.138020352732854,0.477241445152502,0.0057742115203053
529,0.679379334621102,-0.100597537355136,-0.126675781167451,0.715735357260969,0.137911219288681,0.4773983677166,0.0057027518514301
530,0.679750879338906,-0.100349584862967,-0.126727398236968,0.715408183760784,0.137896805324477,0.477651486341357,0.0056414424473735
531,0.679963992414225,-0.100450065291542,-0.126657599178087,0.715203891190111,0.137952774139378,0.477748818933398,0.00567005178620072
532,0.680289962809895,-0.100462867527586,-0.12668817394348,0.714886624109805,0.137989819324893,0.477891621568056,0.00565888050016101
533,0.680280087140972,-0.100678638769121,-0.126800497900926,0.714845751520666,0.137997616156863,0.477885754956825,0.0056695944670405
534,0.680353625396076,-0.100602347354485,-0.126694052105682,0.714805378601915,0.138024846500426,0.477969357941757,0.00568925713640428
535,0.680550812946008,-0.100489387929736,-0.126622821689418,0.714646160655359,0.138052375373753,0.478052449238945,0.00569491785123181
536,0.680470076040376,-0.100495855226084,-0.126544805673103,0.714735944844765,0.13809593406581,0.478058120712049,0.00569354217778164
537,0.680601889950705,-0.100643705994579,-0.126657272069843,0.714569693781531,0.138114922201362,0.478076230001509,0.00569946950037214
538,0.680796082952867,-0.100538020485443,-0.126546045745874,0.714419273381524,0.138160625328718,0.478204182604729,0.00570629416148508
539,0.680953603646267,-0.100325925250696,-0.126397927786198,0.714325179631174,0.138186315089489,0.478340362705237,0.00568460952664068
540,0.681382161694635,-0.100069549378456,-0.126344075022029,0.713961910551513,0.138212002236922,0.478561852308382,0.00563082951525959
541,0.681712783447044,-0.10007828590568,-0.126650787044963,0.713590635950302,0.138195229193236,0.478715118858386,0.00555060108683993
542,0.682167852415405,-0.100039816649837,-0.126875815549642,0.713121016128563,0.138174247863843,0.478912422205293,0.00548112781424108
543,0.6827550057502,-0.0999039738960889,-0.12691198306504,0.71257150285239,0.138125754153088,0.479201022469315,0.00545607040002376
544,0.683307006367734,-0.100190174923074,-0.127544437969038,0.711888952183423,0.138003780073094,0.479315343934629,0.00539397520817711
545,0.683992836051489,-0.100513621976012,-0.127752885897272,0.711146969460197,0.138000751440514,0.479537406316635,0.00539418024659237
546,0.684739889459721,-0.100364475667878,-0.127593119508397,0.710477481459276,0.138042014359639,0.479931983883955,0.00538615074028506
547,0.685667848165126,-0.0997950805119243,-0.127313074446199,0.709712565038326,0.138076979121516,0.480481178907837,0.00532593735987297
548,0.686493061820569,-0.0999088178361818,-0.127512502711384,0.708862515473259,0.138053447007941,0.480823932145432,0.00530141762519715
549,0.687339704527724,-0.100058656050485,-0.127690495016694,0.707988370957817,0.138066381271864,0.48117725498366,0.00527547195576751
550,0.688241512654721,-0.0997958261167205,-0.127600616648705,0.707165112246986,0.138122003094913,0.481651695077038,0.0052275097566266
551,0.689014066476971,-0.0995364680873514,-0.127874386215759,0.706399496791657,0.138122066512885,0.482058592158396,0.00510415698118805
552,0.689767136277058,-0.100092703029396,-0.128653078683573,0.705443926799043,0.138012330802595,0.482203063249549,0.00506656593184643
553,0.689901496519684,-0.0985401781398718,-0.12761358186492,0.70571986801823,0.137989556219507,0.482989917799407,0.00497560363737506
554,0.69027230847346,-0.0978649542754837,-0.127527576627585,0.705466730667629,0.13792116771618,0.483612366581304,0.00486336077532099
555,0.69105861177896,-0.100164267445081,-0.129200497882572,0.704068424203373,0.137907319220967,0.483555898001079,0.00501358647855633
556,0.691418523658583,-0.100480520545226,-0.129803819879665,0.703558852177552,0.137911377283862,0.48395259642509,0.00494692789623134
557,0.692170035990763,-0.0998182415293522,-0.129375383808147,0.702992866250454,0.137961991254785,0.484670004004533,0.00488789460105518
558,0.69315253640398,-0.100504475842263,-0.130324245784173,0.701750669806013,0.137902219253391,0.484914806276928,0.00487687371418292
559,0.693923198674459,-0.100730444134584,-0.130743591851998,0.700878081520242,0.137875010434232,0.485276469963748,0.0048500537903232
560,0.694926429890267,-0.0999623846285093,-0.1304699672108,0.700044545979299,0.137905926595955,0.485885855492312,0.00473143615289885
561,0.695977234302339,-0.100007978409421,-0.130776337245402,0.698936079483671,0.13791376541317,0.486306634971071,0.00466420481378144
562,0.69703274101506,-0.100346544377547,-0.131053037263096,0.697782939321847,0.137945395816854,0.486748448575289,0.00468237251828628
563,0.697997699482974,-0.0998609919270067,-0.131184602482419,0.696862679356098,0.137909699897962,0.487248484411421,0.00458995995817832
564,0.698879889688661,-0.0990414838986549,-0.130740579798276,0.696178558309524,0.137916948921305,0.487830994404746,0.00452950725132667
565,0.699580233143525,-0.0993701449693313,-0.131102180161678,0.695359827744227,0.137926390030653,0.488069993196903,0.00452356418281792
566,0.700172875870822,-0.0997955201745704,-0.131509901971259,0.694625038226653,0.137955197103391,0.488287083637543,0.0045388961672153
567,0.700709991809465,-0.0994051695882803,-0.131175606901606,0.694202477517546,0.137991288355635,0.488625161926925,0.0045494235866357
568,0.701169198783846,-0.0988216552041062,-0.130648439061783,0.693921480075563,0.138031554500566,0.488961597112537,0.0045535631757193
569,0.701322369396668,-0.0993243962776958,-0.131049983107944,0.693619132100119,0.138013758654164,0.488937245234536,0.00458567940580347
570,0.70134057947184,-0.0997418556863823,-0.131559299081415,0.69344437746336,0.13797882172088,0.488860139961181,0.0045607522969686
571,0.701432665952833,-0.0992316233868227,-0.131097689364511,0.693511857070666,0.138028434460401,0.489036881411755,0.00455463602843154
572,0.701554390947345,-0.0990469277492065,-0.131033712365629,0.693427219590941,0.138015557859595,0.489049777006461,0.00454837672293201
573,0.701317865322137,-0.0991192483075931,-0.130821998065299,0.693696065447356,0.137993061575876,0.488919775096027,0.00461225272020466
574,0.700697561653072,-0.0968225842403838,-0.1286255396048,0.695056677426975,0.138167589682259,0.489641436515366,0.0045620399954628
575,0.700547327405312,-0.0979336287956286,-0.129506453621635,0.694888857938118,0.138098186778576,0.489425695582258,0.00462113403369048
576,0.700749545404884,-0.100220450780393,-0.131521550958968,0.693979839399943,0.137956432843094,0.488977757978375,0.00470627612445237
577,0.700979277234018,-0.0988822937403025,-0.130704870964021,0.694094072571873,0.137981104358377,0.489660315342147,0.00459414662980984
578,0.701703742522792,-0.098493554616788,-0.130566505838001,0.693443051001098,0.138022498463799,0.490085682903465,0.00456757000293508
579,0.702326508523686,-0.0996846598455515,-0.131679366737197,0.692431215639573,0.138035591940687,0.490113613238858,0.00458563463597068
580,0.702837019913069,-0.0993181671705874,-0.131583855702383,0.691983897231783,0.138052626260013,0.490688985562481,0.00454835744500851
581,0.703897012735175,-0.0987697430286894,-0.131511527224904,0.690998011235572,0.138060430120054,0.491331386452216,0.00451014010197809
582,0.704630205778427,-0.0993398837069927,-0.132169291935735,0.690042852929395,0.137993937324241,0.491538332801543,0.00451068237056154
583,0.705312104362736,-0.098947248908384,-0.131897743899643,0.689454322291952,0.138034534155998,0.492030842349316,0.00448727428936571
584,0.705955985187404,-0.0987420736135292,-0.13183127599219,0.688837182900904,0.138045298843994,0.492341005122784,0.00448692778909388
585,0.705866610808105,-0.0975807725055768,-0.130806678878245,0.689289440905878,0.138118530210526,0.492824687332414,0.00443583294330439
586,0.706267160150739,-0.0973145563438876,-0.130808231867685,0.688916382510863,0.13806964518628,0.492997578123671,0.00441212458726559
587,0.706896934600257,-0.0978411558847262,-0.131503984955661,0.688062885213758,0.138005767593825,0.493073292593717,0.004427252865326
588,0.706801758662004,-0.0984295373635306,-0.131670272445016,0.688044940015516,0.137994131555096,0.493075232305982,0.00449228785572496
589,0.70745745869754,-0.0979951914988155,-0.13170340591466,0.687426432025135,0.137991527302442,0.493413680572098,0.00443498936230102
590,0.707846474834808,-0.0977318782728315,-0.131674589631433,0.687068883357843,0.138029539711071,0.493636731946511,0.00441151344237856
591,0.707937955480097,-0.097865983292315,-0.131632925351288,0.686963516839395,0.138057099016826,0.493756302877071,0.00443404263899316
592,0.70849554416768,-0.0980057019088855,-0.132088671214853,0.686280940449744,0.138008068118555,0.493856022387448,0.00440577659382267
593,0.70857507881918,-0.0976257803455257,-0.131899544503912,0.686289352130704,0.138043198035974,0.494056052687945,0.00437327583560887
594,0.708820354679208,-0.0976696804147944,-0.131957836353377,0.686018562245257,0.138063315331683,0.49415178935097,0.00435850665406194
595,0.709114915106746,-0.0978153835338837,-0.132108518431823,0.685664296339703,0.138073737281246,0.49423843216799,0.00438121984783398
596,0.709217983909283,-0.0976291072414128,-0.132027492706456,0.685599846768174,0.138098571150806,0.49438609536599,0.00437111299846897
597,0.709493419430636,-0.0974243859690787,-0.132077350061723,0.685334334762125,0.138094462909349,0.49450772209265,0.00433435645674538
598,0.709649278022908,-0.0971350478497043,-0.13197494239361,0.685233755196725,0.138115410582585,0.494686188500407,0.0043089311660951
599,0.709776808424561,-0.0973173674572363,-0.132176150694871,0.685036989805166,0.138106217502225,0.494705157225517,0.00430769231274558
600,0.709993228856373,-0.0972979976982762,-0.132230763012386,0.684804891874445,0.138096797020728,0.494803829023559,0.00429996569225172
601,0.710192296365298,-0.0971045310362272,-0.132208427949202,0.684630224146452,0.138082350965179,0.49492198761858,0.0042818597149604
602,0.710527265625057,-0.0970562019561049,-0.132177006527785,0.68429550445008,0.138090419301882,0.49507586722059,0.00427699174372401
603,0.710821167098796,-0.0971807246061532,-0.132322716892024,0.683944349902565,0.138099437826092,0.49518874862016,0.00427383927463215
604,0.711292606880958,-0.0970333525935577,-0.132456803739638,0.683449011283229,0.138079825029303,0.495417966831727,0.0042347983782393
605,0.711751158672878,-0.0967044857029577,-0.132451798038426,0.683019071307039,0.138072716628121,0.495687603748537,0.00419360614063964
606,0.712182520031729,-0.0969549585606298,-0.13253690455168,0.682517225499563,0.138042919895479,0.495800403612313,0.00423660428034882
607,0.712518108519968,-0.0960761646779626,-0.131625054524813,0.682467699333265,0.138126398629384,0.496238963256809,0.00424887807676126
608,0.712673858383424,-0.0949891699073844,-0.130431618456007,0.68268632774074,0.13824505816373,0.496659099261296,0.00426370366484932
609,0.713111126474935,-0.0942399356998384,-0.129435972416298,0.682523028814111,0.138453084542696,0.49715758060916,0.00427951360521109
610,0.713457310596177,-0.0948746989229725,-0.129707160163167,0.682021634600803,0.138522030569546,0.497285294999126,0.00432512506123484
611,0.714549625778843,-0.0950431809720602,-0.130052070229238,0.680787841459523,0.13851914049834,0.497700092161346,0.00438229408167917
612,0.715652609581678,-0.093926628458595,-0.129759498969813,0.679839395219517,0.138453042745885,0.498433617478013,0.00429844987348592
613,0.716777119919049,-0.093183049333701,-0.12967392531037,0.678772533896317,0.138428750671853,0.499082605017012,0.00421718954843252
614,0.718245712568453,-0.0935930981731197,-0.13019790193513,0.6770612488417,0.138497430760555,0.499646551236785,0.00424329915842309
615,0.718982205902942,-0.0942088498352336,-0.131222672789347,0.675995481015725,0.138410194298533,0.499945191863854,0.00422050505823854
616,0.720569576612285,-0.0929107119620219,-0.131018853597734,0.674522901661195,0.138342426708445,0.500879398313657,0.00410822417261272
617,0.722135971353829,-0.0917661583874254,-0.130722331556579,0.673060385912057,0.138300655416067,0.501775209157423,0.00401624526026198
618,0.723218712193085,-0.0923459439951076,-0.131369278336525,0.671691174328478,0.138341283019498,0.502259826459488,0.00401708022149184
619,0.724511109474603,-0.0927070750922963,-0.132438377809716,0.670036660608091,0.138288123096024,0.502850016200263,0.00393906898120508
620,0.725491766172567,-0.092598742643612,-0.132256088523883,0.66902578210783,0.138356223139067,0.503640332820897,0.00404556906039898
621,0.726581577952068,-0.0930401224467535,-0.132968510843062,0.667639214935697,0.138242992549832,0.50422384502224,0.004101533221072
622,0.727692320736095,-0.093412733664845,-0.13311030160251,0.666347953503473,0.138302770804502,0.504928137022576,0.00424614916241138
623,0.728915837792934,-0.0932132532256866,-0.133397498584085,0.664979772782013,0.138294764560934,0.505614216388723,0.00423067846711236
624,0.730405023715092,-0.0925246173296181,-0.133206003797355,0.663478603326515,0.138361170699211,0.506414058258771,0.00421248968377219
625,0.731560823069078,-0.0922419576846762,-0.133230245160704,0.662238540986109,0.138378614121433,0.507088286796686,0.00425005270983106
626,0.732871381844138,-0.0921864209130263,-0.133940117115832,0.660652137285657,0.138320811572175,0.507673872956639,0.00420078982503162
627,0.733669533887909,-0.0921826656236742,-0.134618457684437,0.659628108902187,0.138199668435752,0.508165915896927,0.00412017032441021
628,0.734287275192152,-0.0910008738311898,-0.134142880484755,0.659201582270626,0.1381654431551,0.508978102756687,0.00405086942220075
629,0.735060221855549,-0.0909773251235493,-0.133989871509851,0.658373990139198,0.138200175029782,0.509569896798862,0.00412242702819365
630,0.735754294419512,-0.0930190143551783,-0.135756444100432,0.656949974577094,0.138095936461563,0.509481579059462,0.00424168416798121
631,0.73669505126319,-0.0928160243068879,-0.13616745428181,0.655838403473448,0.137973598781918,0.510191929961589,0.00421898759428989
632,0.73734249108891,-0.0926919470982602,-0.136305835626412,0.65509920848076,0.137871929730792,0.510636198324959,0.00424372714688546
633,0.738937772393628,-0.0924990342212657,-0.13585550928843,0.65342036836485,0.137982298861216,0.511287748491684,0.00440134310535534
634,0.739886419872009,-0.0916193511244933,-0.135332122774921,0.652578881617955,0.138018547117686,0.512033396980884,0.00439124951000931
635,0.740643911155665,-0.0918275304957655,-0.13624683236439,0.651499119095152,0.137943763747802,0.512274544919671,0.00432496453819017
636,0.7419474403522,-0.0915073376812037,-0.136470349165735,0.650012497344396,0.137992952932614,0.512924197273992,0.00430897295590756
637,0.742363782383761,-0.0912168923787849,-0.136124380867973,0.649650402972971,0.138054554374451,0.513321234947949,0.00434496005712494
638,0.743430468223269,-0.0906383097234878,-0.136304503185913,0.648472758208887,0.138030817315882,0.513845835575061,0.0042675144006155
639,0.743672783337094,-0.0913604448678468,-0.137166179448238,0.647911644943029,0.137945198303038,0.513806810870305,0.00426837335438804
640,0.743897250835535,-0.0914661508890173,-0.137214486933207,0.647628757867143,0.137921329397841,0.514004240685665,0.00430046446498521
641,0.744495022068803,-0.0908671480737846,-0.136682638490337,0.647138454931424,0.137983307373482,0.514487856705195,0.00436289833384414
642,0.744477850325603,-0.0912391674990865,-0.13708255046725,0.647021266301222,0.137924467032767,0.514413722760497,0.00437144351601985
643,0.744882654390989,-0.0909381441083617,-0.136949661295412,0.646625761476167,0.137969922362037,0.514674181282545,0.00436439542772925
644,0.744821605956309,-0.0910999944908968,-0.13699203176537,0.646664325239316,0.137980988615188,0.514630559640679,0.004378334112954
645,0.744964500070829,-0.0912075569844124,-0.136918957046388,0.646500018858842,0.138025182400625,0.514712910255739,0.00440853292430671
646,0.745005238529405,-0.0914062403269828,-0.137200989514934,0.646365208120884,0.138008122939542,0.514638973770395,0.00441292875313541
647,0.745031596556793,-0.091003775384486,-0.137024767164402,0.646428995467675,0.138016186610271,0.514776799517688,0.00439208152938284
648,0.745162701748726,-0.0911176741356732,-0.1369926730497,0.646268616686083,0.138061590143359,0.514797190804874,0.00440502488186344
649,0.745175851088493,-0.0914710515314859,-0.137253978278111,0.646148081428008,0.138066185989638,0.51476729204064,0.00441979135250244
650,0.74551647261644,-0.0913633475494167,-0.13735515674269,0.645748781414487,0.138051583123786,0.5149377185396,0.00441552075908469
651,0.745671866802516,-0.0911399291942657,-0.137398134514974,0.64559176961724,0.138030357362678,0.515087960703624,0.00438476038773895
652,0.74597007378241,-0.0911581147558047,-0.137594548809079,0.645202748965982,0.138030237645866,0.515215465673312,0.00435305958164273
653,0.746321429603049,-0.0912399974214312,-0.137618316236451,0.644779641134894,0.138082023225248,0.515360749669579,0.00436155431609696
654,0.746530672034275,-0.0911455263503189,-0.137755959408385,0.644521329659346,0.13806194584614,0.515510777065546,0.00433099685253845
655,0.74710407810166,-0.0906247025387985,-0.137527711087783,0.643978872678738,0.138095182750702,0.515869927966248,0.0043292350919281
656,0.747461403375484,-0.0906210480165651,-0.137165967774681,0.643641805202836,0.138113151089053,0.516128564820872,0.00441172269889974
657,0.747948206826504,-0.090706770506315,-0.137246550534687,0.643046768171384,0.138051630704518,0.516420677289682,0.00444856302647711
658,0.74845257370425,-0.0913638261048304,-0.138274095763102,0.642146144297283,0.137906092685828,0.516496023460179,0.00443345743334454
659,0.74864112020983,-0.0913205841152813,-0.138131871246341,0.641963090990284,0.137869222937828,0.51677056733764,0.0045166140827075
660,0.748465219994783,-0.0888889179010873,-0.135304217265457,0.643110677506381,0.138086554918332,0.518002593595198,0.00472190721922172
661,0.747678347628258,-0.0892446937951299,-0.135352845757349,0.643965899922254,0.138099803811855,0.518384141112833,0.00484813947789295
662,0.748165501251474,-0.0917483369690745,-0.137807526271858,0.642526039241501,0.138228392489104,0.518509354151239,0.00487352118757609
663,0.748978647334425,-0.0926440276957243,-0.139385786138891,0.641108159823172,0.138276911302364,0.519088547976104,0.00485656027623574
664,0.750733226273628,-0.0915665507525655,-0.139264086335743,0.63923446716298,0.138154474505255,0.520250155610188,0.00491237551048058
665,0.75298510289364,-0.0904615875595119,-0.139141389533154,0.636765113456485,0.138067900709937,0.521439680610811,0.00497039359054552
666,0.754412899710102,-0.0906391641396583,-0.139995297479873,0.634859854896009,0.138037491552122,0.522271232992621,0.00500802573892001
667,0.756203070837236,-0.0909672926947631,-0.140739984615326,0.632514129523284,0.138122904054949,0.523424167785788,0.00514550030040442
668,0.757732072371035,-0.0922837010560526,-0.142132446905918,0.630177905480849,0.138095936121057,0.524037174067397,0.00530248702581089
669,0.759650647180704,-0.0913530514178254,-0.142145610608435,0.627996926441002,0.137977239856601,0.525130927887308,0.00533037350044956
670,0.761816362209255,-0.0893290659492698,-0.140949722055564,0.625930766218874,0.138045572139731,0.526577180173651,0.00540115448879246
671,0.763022573581138,-0.0906090194088383,-0.14176257557192,0.624091283366946,0.138024049546867,0.526795042891948,0.00550148262738856
672,0.76453869946499,-0.0884802105589298,-0.140148064058341,0.622904767601379,0.138178449420169,0.528303686249581,0.00554293046567937
673,0.765985676425875,-0.0882094342610537,-0.140849362684889,0.621004425305489,0.138133062698711,0.529096233296813,0.00561663788908499
674,0.767207029609823,-0.0895434114729301,-0.142228047024459,0.618988314767468,0.13816330640856,0.529461246764848,0.00577481636897308
675,0.768324321376405,-0.0888320095907355,-0.141460333045566,0.61787991181798,0.138254693279213,0.530462861417997,0.00592307321092719
676,0.76986797542018,-0.0882330887594349,-0.141089431184685,0.616126606208809,0.138361106173132,0.53135535126704,0.00606203419424178
677,0.771027466505436,-0.0890959162883862,-0.142070239001448,0.614324515858689,0.138364261247926,0.531714760262546,0.00614534744664333
678,0.771692673266594,-0.0889474947449792,-0.142271149362705,0.613463675586636,0.138328476697759,0.532291625662977,0.0061999286769409
679,0.7729891565245,-0.0883634454614082,-0.142098371555217,0.611954016412252,0.138317640936818,0.533112084243467,0.00630750629916656
680,0.773165211813378,-0.0885473664570947,-0.14263167636445,0.611580840145074,0.138218760939527,0.533443253163598,0.00630846829459408
681,0.773765708586389,-0.0885765204144026,-0.143597220091917,0.610590424612894,0.138077643470691,0.53379875984457,0.00626447144142331
682,0.774911468236274,-0.0879762570554236,-0.143404260990958,0.60926809576742,0.138152583213695,0.534426077892896,0.00634862380739276
683,0.774889721146875,-0.0881880910597188,-0.143278415975275,0.609294736701194,0.138203794388177,0.534536534142553,0.00638435907646927
684,0.775630590204004,-0.0879529315066123,-0.143611924907208,0.608306735458048,0.138198369722251,0.534840741012827,0.00636071783870946
685,0.775952307491894,-0.0878877018611956,-0.143869785997588,0.607844760639236,0.138176344839125,0.535006423607229,0.00637365821263114
686,0.775927227304222,-0.0879419295765264,-0.143561366419932,0.607941846743569,0.138218685044831,0.535090548079953,0.00644322504707398
687,0.776367981790362,-0.0876683541439316,-0.143845272470673,0.607351260902859,0.13817759561688,0.535227742763704,0.00638916482241512
688,0.776140664622912,-0.0879050412119195,-0.143821108966592,0.60761324957892,0.138185629036352,0.535158804076083,0.00640623734828895
689,0.77613133314755,-0.0880481375098163,-0.143812623642554,0.607606458547558,0.138196614197007,0.535109379915199,0.00640853605167588
690,0.776261661199938,-0.0876299089500129,-0.143693518937579,0.60752860428449,0.138183619923234,0.535227346170397,0.00640306878705105
691,0.776118937084845,-0.0876714693399238,-0.143581792470937,0.607731336885718,0.138179941267484,0.535191706122672,0.0064233344395809
692,0.77618397082763,-0.08786136616411,-0.143797969745495,0.607569722470683,0.138175762526243,0.53514228241997,0.00639644402105415
693,0.776170054809782,-0.0878683582219053,-0.143851425139132,0.607573835122454,0.138179227196824,0.535169864396223,0.00639202706220364
694,0.776255145051342,-0.0880223952591434,-0.143977506204532,0.607412944726474,0.138176376465094,0.535162256198378,0.00639674203838611
695,0.776351499791515,-0.0878548520297779,-0.143995208908872,0.607309849712304,0.138172549997359,0.535242674779575,0.00639214665629614
696,0.776549022471932,-0.0877514048997609,-0.144036432954932,0.607062445402138,0.138171007095833,0.535348055217838,0.00639214129315151
697,0.776742114287816,-0.0879687461819121,-0.143968693758795,0.606799969350907,0.138230766954676,0.535420626406885,0.00642722985448423
698,0.776934660560698,-0.088119007915552,-0.144037723695411,0.606515216475281,0.138268390526364,0.535505885713453,0.00645585910273759
699,0.777431563894616,-0.0877625822621782,-0.143886282598961,0.605965865618599,0.138309891108115,0.535793676483006,0.0064923970210039
700,0.777599417202746,-0.0876354052048965,-0.143598366693562,0.605837182090589,0.138336421147845,0.535948256018841,0.00653655623417554
701,0.777889399970273,-0.0876443203454163,-0.143676000321764,0.605445093676231,0.138343222511345,0.536080350199451,0.00655504277339979
702,0.778125099889801,-0.0877180872826022,-0.143925523440348,0.605072152546612,0.138330886562026,0.53615974577981,0.00654097860270013
703,0.778082569368509,-0.0877211541052252,-0.143903315057875,0.605131680118221,0.138314462695675,0.536179695914693,0.00654476278834941
704,0.778387042809958,-0.0870864911332971,-0.143582872591013,0.604907855252494,0.138341829736609,0.536423861105125,0.00654463621303913
705,0.778321065750935,-0.0873412646548049,-0.143642234998161,0.604941923180698,0.13835159339487,0.536370338269905,0.00657554234432001
706,0.778242119948405,-0.0878053070897611,-0.143989833787322,0.604893675409973,0.138341755172371,0.536241104835247,0.00657068543483037
707,0.778352861965184,-0.087650901490706,-0.143938454504701,0.604785799315155,0.138356643822517,0.536300324730259,0.00656797858532096
708,0.778280101656881,-0.08742801421333,-0.143668608503581,0.60497583143983,0.138367680545131,0.536353861671283,0.00658618898867865
709,0.778394948968834,-0.0875394850533359,-0.143694104382164,0.604805874923691,0.138385222690005,0.536349209300761,0.00660759515468706
710,0.778365142241794,-0.0876027087744724,-0.143887806508717,0.604789029246064,0.1383634249585,0.536333692694819,0.00658845504844713
711,0.778392529211216,-0.087526878783995,-0.143799923517882,0.604785662821755,0.138372251320078,0.536375342320087,0.00658318385186747
712,0.778547029778084,-0.0874103332833988,-0.143682021782102,0.604631650408425,0.138394882983066,0.536467806336652,0.00660001998548192
713,0.778642839204025,-0.0873973056004354,-0.143703045736155,0.604505148510938,0.13839030541774,0.53654727474518,0.00662610333492489
714,0.77883371829712,-0.0873447559011586,-0.143676161559349,0.604273194391097,0.138416001255406,0.536661444465378,0.00664038363647912
715,0.77899642148338,-0.0872449597807605,-0.143582135703258,0.604100209084415,0.138447512891552,0.536793086206378,0.00665595845036886
716,0.779284986682072,-0.0872079282316915,-0.143668919977759,0.603712620555412,0.138449510957572,0.53694249863941,0.0066690063497386
717,0.779563677678802,-0.0873831909223421,-0.143926625416013,0.60326592551253,0.138414035436336,0.537037109017147,0.00668837059895711
718,0.779896759992786,-0.0873006117922401,-0.143722452319793,0.602895931013504,0.138451880869372,0.537252119244246,0.00676593124107532
719,0.780401889141228,-0.087031603088048,-0.143531448002841,0.602326418914972,0.138483038501462,0.537557169056364,0.00680890250887241
720,0.780787477487816,-0.0870578248519204,-0.14329842680455,0.601878236029188,0.138572184457468,0.537811791182963,0.0069035298501718
721,0.781340738142722,-0.0869529053299888,-0.143257144552808,0.601184858182437,0.138617196611013,0.538115288635404,0.00696063757036022
722,0.781886932426061,-0.0868245836143803,-0.143180552381132,0.600511153935869,0.138640162246707,0.538406476886642,0.00702115914948845
723,0.782295177310434,-0.0868233801870052,-0.143057387090064,0.600008783442962,0.138692309319505,0.538649608242649,0.00709555493638778
724,0.782772932509401,-0.0869676035110397,-0.143256155332059,0.599316982931116,0.13870944334452,0.538860965269008,0.00712817315537131
725,0.783159464375423,-0.0870317111285342,-0.143416996213608,0.598763976717292,0.138715149110002,0.539066883841695,0.007146612895994
726,0.783616819784579,-0.0869113799382824,-0.143547748008898,0.598151432188789,0.138717197202541,0.539318649895256,0.00714918220437026
727,0.784139235999149,-0.0865830575256623,-0.143658666350896,0.597487422711526,0.138709220207391,0.539639167373529,0.00714504080816285
728,0.784602353439126,-0.0865817582543784,-0.143638677007404,0.596884139999487,0.138747588489268,0.539906133838547,0.00721006007010441
729,0.78509577044133,-0.0866730125137604,-0.143694686535709,0.596208233084992,0.138779633825464,0.540129463907167,0.00726506643755169
730,0.78553011652428,-0.0865187771717336,-0.143704621899999,0.595655872861703,0.138799041336036,0.540387607496767,0.00729876442675831
731,0.786043387101904,-0.0864187555999844,-0.143794038305733,0.594971315965439,0.138809266320107,0.54064872310439,0.00732116386159434
732,0.786495134197255,-0.0864401332268453,-0.144165560053447,0.594280908784931,0.138767674324604,0.540859875650183,0.00730440736651684
733,0.78700134260648,-0.0862312501556491,-0.144134701169095,0.593648251198541,0.138804432690464,0.541193814829751,0.00733629989090574
734,0.787503212108495,-0.0861544736485819,-0.144224291136244,0.592971712171319,0.138815456714885,0.541480344173151,0.00736336081290813
735,0.787815096617931,-0.0862649791704121,-0.144331463273608,0.592515110034257,0.138807056417871,0.541718194794723,0.00742721971099218
736,0.787223115057178,-0.0851366943049275,-0.143502019251361,0.59366546208558,0.1387977130271,0.542191810650296,0.00755637669525717
737,0.786900836204702,-0.0843116219450262,-0.14234712673633,0.594487947645073,0.138963727405087,0.543158721514856,0.00779185723341032
738,0.78673510037516,-0.0886482751397097,-0.147840538037272,0.592733110653768,0.138575951370261,0.54230193891856,0.00768156765292489
739,0.786981254348484,-0.0895660069743398,-0.149611412856779,0.591823335837442,0.138501057689773,0.542609786194941,0.00768121738621719
740,0.787363342534508,-0.0874697640725545,-0.147420158103892,0.592178439484757,0.138679160866391,0.543700320771022,0.0078517555162021
741,0.788717193702914,-0.0877488921832565,-0.148129042386707,0.59015515509026,0.138693089455718,0.544003886522733,0.00791239700207898
742,0.788494268720927,-0.0892563675707187,-0.149310775533954,0.589929132482691,0.138710434390888,0.543861094893325,0.00796916021569348
743,0.788635471290245,-0.0890186525758214,-0.14947702953578,0.589734169399704,0.138757938067785,0.544282268804933,0.00802842621611408
744,0.789720085687376,-0.0887300614272075,-0.149486375471698,0.588322178750199,0.138812821079409,0.544859817559126,0.00815476538774153
745,0.789079671997737,-0.0897672230005279,-0.150362308091092,0.588800724541196,0.138723226477236,0.544612857714077,0.00809933799378605
746,0.789836714317618,-0.0894396333382226,-0.150367887706524,0.587833322508134,0.138782641214921,0.545024887773213,0.00817307172943109
747,0.78993678251056,-0.0894826706878883,-0.150518452131464,0.587653747415411,0.138801417266031,0.545066360311612,0.00817883065188456
748,0.789481488283464,-0.0896784328229449,-0.150476175291551,0.588246274118055,0.138804265069757,0.544962438914709,0.00816829955915593
749,0.790243491612324,-0.0893906278628012,-0.15015861492494,0.587347367388738,0.138849185338617,0.545205634018932,0.00828714358507605
750,0.789715219174352,-0.0894804734345301,-0.150161302914962,0.588043111162115,0.138825623316913,0.545064732558395,0.00825784557680892
751,0.789703580386879,-0.0895302756035684,-0.150360165363849,0.588000344852151,0.138814350115367,0.545035552599831,0.00820372746742569
752,0.789990276521177,-0.0896078995768512,-0.150499803499135,0.587567525040434,0.138818979487472,0.545058925116061,0.00823444241577918
753,0.789681524797242,-0.0895965014880903,-0.150193124894941,0.588062566015973,0.138834526920247,0.545051107431106,0.00825522511530144
754,0.789939896432577,-0.0894646624977757,-0.150274086264632,0.587714840024971,0.138823138853959,0.545100637410431,0.00823563250659262
755,0.789950141404792,-0.0893484733357518,-0.150214793459125,0.587733902572544,0.138834412994482,0.545198008812958,0.00825681029245362
756,0.789918928773427,-0.0897841612153679,-0.150335820082013,0.587678510378389,0.13886680905915,0.54510663057113,0.00827155359677709
757,0.790074934040538,-0.0896037046279946,-0.150174250522591,0.587537632154534,0.138886180574082,0.545223276924586,0.00830456682511718
758,0.790126393488471,-0.0893066083341747,-0.150147091262679,0.587520606452323,0.138850990779072,0.54531467858479,0.00829292623654218
759,0.790144815817036,-0.0895184199017739,-0.150225664924357,0.587443505482686,0.138855006485731,0.545279558879541,0.00830342904431311
760,0.79016141579263,-0.0895802954156748,-0.150160827242196,0.58742832211919,0.138879944115404,0.545305937564719,0.00834007940071052
761,0.790341387935023,-0.0893947248128248,-0.150126978023906,0.58722309573278,0.138889969914235,0.545421643410849,0.00833483091059854
762,0.790212887225112,-0.0894004276117522,-0.150114513818258,0.587398322390605,0.13890022236783,0.545412903905736,0.00832309345893814
763,0.790399555459129,-0.0893822052835851,-0.150121338073615,0.587148148224655,0.13888759892241,0.545479517850836,0.00834934623775201
764,0.790537014753153,-0.0894181539101958,-0.150034486084379,0.586979790999539,0.138893878433475,0.545529065918393,0.00837144033184078
765,0.790269386430049,-0.0895312758740251,-0.1501097555677,0.587303591675761,0.138897752315918,0.545438261334132,0.00833987458916984
766,0.790549325574466,-0.0893955393695124,-0.150198388302213,0.586924735827353,0.138888190717137,0.545537986569338,0.0083394753767964
767,0.790416674750965,-0.0894687687484469,-0.150193294804612,0.58709351375228,0.13888119479337,0.545489595193679,0.00834154476111765
768,0.790412828529568,-0.0894822796447374,-0.150049326856936,0.587133444487068,0.138893958131819,0.545497820272555,0.00836556435619566
769,0.790587576511565,-0.0893484404610615,-0.150085077174367,0.586909370910289,0.138903000729106,0.545564116350074,0.00836745265933804
770,0.790317796814401,-0.0896500542977444,-0.15024119434575,0.58718670908358,0.138898575604041,0.545443053506422,0.00836025017921697
771,0.790521509258336,-0.0895701200701906,-0.150073893658702,0.586967429618247,0.138936963939438,0.545521031239506,0.00839145130057578
772,0.790557581183065,-0.0894071847839139,-0.150018324992541,0.586957893131551,0.138927505681369,0.545576872759832,0.00838705743067104
773,0.790479828257825,-0.0894557355914037,-0.150118522262426,0.587029591895524,0.138932814752213,0.545562264145073,0.00836391473828901
774,0.790643617902802,-0.0895133770555421,-0.150281453541977,0.586758476307748,0.138948640963422,0.545595961632839,0.00835328707658108
775,0.790634456594434,-0.0894711018742208,-0.150101162536679,0.586823413796838,0.138977880404565,0.545670766962211,0.00839804108937581
776,0.790754014967935,-0.0896437587369006,-0.15027513791767,0.586591397188397,0.138964952529746,0.545672179188999,0.00840821000484256
777,0.790825810552487,-0.0896802324891814,-0.150449243298765,0.586444386498427,0.138946424632066,0.545705818486788,0.00840391091197148
778,0.790948081992778,-0.0895986118610119,-0.150381440272936,0.586309340507178,0.138963719504888,0.545807593423081,0.00843356753751424
779,0.791083546027056,-0.0897798308850676,-0.150373954425761,0.586100741342192,0.138987298582779,0.545832984377752,0.00847114797712617
780,0.791129532591434,-0.0897140397761998,-0.150392182600496,0.586044064163568,0.138983290142394,0.545902641440964,0.0084765788069975
781,0.791334806718803,-0.089617107933864,-0.150379599870025,0.585784920925605,0.138989824022676,0.546009059929714,0.00848871365469482
782,0.791354640552126,-0.0896352601828816,-0.150383622716252,0.585754316268603,0.139002575319207,0.546049273353641,0.00849924294286589
783,0.791493656228875,-0.0896480616534717,-0.150481500080256,0.585539354206717,0.138996987851413,0.546119706175771,0.00851172816631748
784,0.791625215463005,-0.0897063199148555,-0.150547424769441,0.58533560228793,0.138996545563686,0.546178394461677,0.00853316884156392
785,0.791615498001452,-0.0896965629390582,-0.150688941753133,0.585313824161154,0.138965338409034,0.546209351636428,0.00851305559988622
786,0.791806732726983,-0.0895900895287259,-0.15081787139073,0.58503818980954,0.13895227084266,0.546298225928039,0.00850227622790181
787,0.79181618389566,-0.0896218927237853,-0.150843769527595,0.58501384980206,0.138942845361462,0.546321935201649,0.00850493416438049
788,0.791882371470864,-0.0896280789149763,-0.150789564770633,0.58493728243289,0.138953198554628,0.546364095318563,0.00851904515001869
789,0.791970508960547,-0.0896147628523847,-0.150836386557313,0.584807910091865,0.138952260142915,0.54640108938814,0.0085221461504357
790,0.791939748880181,-0.0896910338932476,-0.150839592497337,0.584837045610138,0.138962926052873,0.546412881018642,0.00854223974184237
791,0.792128190234602,-0.0898161849168388,-0.150978065606855,0.584526823052844,0.138985003683104,0.54647784739775,0.00855626853069498
792,0.792195293933969,-0.0898226580354169,-0.151279779116467,0.584356855699322,0.138968046842862,0.546532106446579,0.00851966769408606
793,0.792325445506457,-0.0897666265454258,-0.151393085848851,0.584159631195798,0.138959445294486,0.546632743899621,0.00852220024725676
794,0.792521293082727,-0.0897226971092411,-0.151569780072274,0.583854810207785,0.138959047280742,0.546754080683344,0.00853403687606538
795,0.79270762159494,-0.0898412041213903,-0.151791919287669,0.583525833143896,0.138960348069744,0.546878021543176,0.00856902702665541
796,0.793056650242863,-0.0898687649304554,-0.151920833568727,0.583013563241224,0.138988679396234,0.547099842340964,0.00860762835322552
797,0.79347444884109,-0.0899284700058874,-0.152039791708985,0.582404559611115,0.139034595019085,0.547368867942741,0.0086740459189022
798,0.794040454969781,-0.0899171412502437,-0.15215333015775,0.581604700550704,0.139093768898988,0.547733774150515,0.00876220607744005
799,0.794590973969415,-0.0903550922060286,-0.152608623285573,0.580664920154179,0.139122066757743,0.547979044773495,0.00883757827764364
800,0.795221238878378,-0.0904735335698785,-0.15273281296413,0.579750298666746,0.139207067179674,0.548349482324998,0.00893369072397517
801,0.79600739459522,-0.0901242849483277,-0.152685284970763,0.578737457545025,0.139288979937858,0.54886998546982,0.00899674889152452
802,0.796709485826128,-0.0899266123459527,-0.152858452166926,0.577755565259028,0.139319653819525,0.549320483842859,0.00903289226728368
803,0.797497925587941,-0.0900824882201495,-0.153213836406767,0.576548111030223,0.139360962378353,0.549705525864551,0.0091176042922223
804,0.798240555756919,-0.0901769133645954,-0.1535268075516,0.57542128810458,0.139416124962475,0.550120051766675,0.00922206364779633
805,0.799039524277479,-0.089808860785153,-0.153843193518664,0.574284318935205,0.13945290333384,0.550672454576531,0.00925446863679316
806,0.799996666408838,-0.0894178087958612,-0.153680192219523,0.57305513497766,0.13960970571952,0.551337428651454,0.00939783984638824
807,0.800807642771524,-0.0895165972374111,-0.154001743900788,0.571819342951309,0.139698594362991,0.551819445016969,0.00952135404641007
808,0.80164508093743,-0.0895281624808319,-0.154255097379234,0.570574480032319,0.139765561310577,0.552380260055272,0.00965171663703145
809,0.802384863101792,-0.0899133943071813,-0.154553822656292,0.569391981759146,0.139857857126779,0.552875820784726,0.0098527542915301
810,0.802978930178642,-0.090423727249298,-0.155233544594637,0.568287721028787,0.139870582030993,0.55332023004936,0.0100311960139793
811,0.803506265753857,-0.090743875755226,-0.156322549377756,0.56719175810589,0.139784141893202,0.553857699312335,0.0101720115259896
812,0.803869545307964,-0.0913802292957318,-0.157915860342655,0.566132483498753,0.13967760933066,0.554280216610754,0.0102902846762301
813,0.804383522364114,-0.0920257689992907,-0.158949146835261,0.565007588895523,0.139646098436176,0.554722455576788,0.0104655436513384
814,0.805188350140753,-0.0913788482823355,-0.158353440460412,0.56413279888565,0.139734118765007,0.55533335733663,0.0106326660003138
815,0.806336443051346,-0.0891787604635017,-0.155384503979169,0.563670422510037,0.140088256375154,0.55626661527978,0.0109050141714465
816,0.80718823242276,-0.0880019219600417,-0.153127264591834,0.563253814907793,0.140470423735655,0.557171911308916,0.0111303938415014
817,0.807977926150724,-0.0900055492573265,-0.155700474203144,0.561095387869993,0.140501876074429,0.557065058999319,0.011098759376463
818,0.809026325925809,-0.0897807527223756,-0.156760770792567,0.559322698574008,0.140545448110988,0.557871267101458,0.0112229401457662
819,0.809883347458775,-0.0883915983719896,-0.155676310169724,0.558606100305174,0.140690077515934,0.559009851535262,0.0115348087244394
820,0.811535309129755,-0.0888484768749524,-0.156250713980645,0.555969517665503,0.140802588114646,0.559613346873631,0.0117743593312626
821,0.811861687335706,-0.0897061089956596,-0.156785663114,0.555204170091673,0.140946910923513,0.559902967845636,0.011836288943593
822,0.81200883434747,-0.0900570865866375,-0.157235137277808,0.554804907785087,0.141046681233764,0.560140487968152,0.0117941926519586
823,0.812892103661857,-0.090221919838534,-0.157531129498636,0.553398930450479,0.141054594885427,0.560429939859165,0.011881585827693
824,0.812333047387354,-0.0901769845039865,-0.157332112116938,0.554283084790584,0.140990794508504,0.560345895242685,0.011896541714552
825,0.812173100785721,-0.0899615057502201,-0.157621934503628,0.554470114259186,0.140840085748021,0.560175190562776,0.0118281882029676
826,0.811509395607588,-0.0899516467878498,-0.157673142357608,0.555428107192856,0.140752600740618,0.559768813292961,0.0117481303187999
827,0.810145424035784,-0.0902384554711401,-0.157448861816127,0.557432748392907,0.140687420758317,0.5591298308634,0.0116478164213178
828,0.809515803538151,-0.0903669296176495,-0.157535408641775,0.558301510724743,0.140523125039482,0.558530277861679,0.0115381736756276
829,0.808244730201722,-0.0899917316827458,-0.157173331733687,0.560302140029483,0.14031215468458,0.557856377365338,0.0113334131124377
830,0.807378438378239,-0.0896533314399429,-0.156601038346783,0.561763697823511,0.14021986861365,0.557299520452128,0.0111093433882814
831,0.806558795155996,-0.0902529196757014,-0.156212251761979,0.562952087522528,0.140207690167608,0.556521049321289,0.0110140105369866
832,0.80569841826566,-0.0899438726276089,-0.155089859874248,0.56454166714703,0.140257049244884,0.556140411218143,0.0109970141580702
833,0.805320447863595,-0.0894126299868307,-0.154863192293887,0.565227166300562,0.140191231237706,0.55593638919422,0.0108747019197217
834,0.804646792448705,-0.0897201746593823,-0.155410992650305,0.5659869724866,0.140074761397204,0.555536129737516,0.0107389862521823
835,0.804539417986038,-0.0897985250744068,-0.155141110534524,0.566201188291991,0.140154376588686,0.55555999607078,0.0107710644560539
836,0.804618127813583,-0.0901981748144707,-0.155469464986385,0.565935688140225,0.140191991417195,0.555507614052767,0.0107630599114994
837,0.804831749115385,-0.0901443877333732,-0.155743284434107,0.565565092920101,0.140180751076976,0.555696997826837,0.0107902587841756
838,0.805346766819374,-0.0902511224097198,-0.156140078953417,0.564704874976113,0.140153546968784,0.555985570495674,0.0108733054858654
839,0.805788171718313,-0.0905582189689065,-0.15686504840369,0.563824430018198,0.140136884862277,0.556216267251997,0.0109009138803022
840,0.806501516189871,-0.0903176128520546,-0.156850475625199,0.562846303610759,0.140250100774451,0.556734302000845,0.0109818317249629
841,0.807065951221422,-0.0902879611289927,-0.157036601311458,0.561989448568901,0.140315335499195,0.5570899931022,0.0110482731555623
842,0.807758984423535,-0.090402589003401,-0.157307491158176,0.560898518637786,0.140359244831563,0.557429653430015,0.0111800581176397
843,0.808379929797541,-0.0902202633786415,-0.157126994266646,0.560083298134431,0.140472164697795,0.557878046508916,0.0113671339435713
844,0.808841618912972,-0.0900061729385618,-0.157115907822028,0.559453944356868,0.140581367287825,0.558313303107297,0.0114758584782193
845,0.809501897732345,-0.0900075162040744,-0.157170927098027,0.558482429687499,0.140701153743571,0.558755827744073,0.0116054557589197
846,0.809912138005697,-0.090290692088168,-0.15764032829747,0.557709105652353,0.140699084720078,0.558988442240328,0.0116609102065064
847,0.810530605815823,-0.0901802367386689,-0.157775248048708,0.55678957698646,0.140691184500383,0.5593487927071,0.0117422111183729
848,0.811020220408796,-0.090091538007041,-0.157891363988027,0.556057581591686,0.140673546292349,0.559636532066605,0.0117861747906168
849,0.811197595220028,-0.0901466711551519,-0.158008655535905,0.555756514999711,0.140706593179954,0.559788072813401,0.0117819745045591
850,0.811392705423319,-0.0902633682074348,-0.158085718393474,0.555430740584004,0.140760094137469,0.559871353321568,0.0117833037240162
851,0.811320036874997,-0.090196473096304,-0.158012876819751,0.555568469916434,0.140778261511514,0.559861860067724,0.0117747807396267
852,0.811285600323612,-0.0900142682061793,-0.157870393482504,0.555688802378222,0.140768006351412,0.559853139974023,0.0117857954096849
853,0.811129327603219,-0.0900370649375696,-0.157855830360703,0.555917329879642,0.140764800691318,0.559726186116554,0.0117885004055145
854,0.810861882790111,-0.0900904197983776,-0.157754789583282,0.556327376337137,0.140794085432291,0.559584478039526,0.0117741627444486
855,0.81074484752184,-0.0900997015601257,-0.157749208140975,0.556497999391247,0.140797766914598,0.559484261634106,0.0117319028274843
856,0.810613582625195,-0.0900694569582853,-0.157652539382334,0.556721464839543,0.140810927674917,0.559439806067282,0.0117292755790852
857,0.81068719525147,-0.0901136745713875,-0.157721426026666,0.55658759318068,0.140791624543238,0.559447183412741,0.0117431441772831
858,0.810816583163548,-0.090065561292539,-0.157718911234068,0.556407591766313,0.140789828584649,0.55952045998919,0.0117637702608734
859,0.810878862659964,-0.0899452307077045,-0.157754882111065,0.556326093882307,0.140806897431469,0.559620035920721,0.0117471659123212
860,0.811071696407143,-0.0900895668471527,-0.15795037209917,0.555966053987351,0.140844002329497,0.559697837731271,0.0117298720410937
861,0.811158786777264,-0.0903205631380657,-0.157994248058547,0.555789021202178,0.140897913125538,0.559761213059522,0.0117647093884279
862,0.811325613556876,-0.0902524077230648,-0.158072285275934,0.555534341255689,0.140900196607638,0.559865803505394,0.0117766054111209
863,0.811497073199586,-0.0900292308536139,-0.157963152180476,0.555351132468118,0.1409048612571,0.560000074090362,0.0118039559066669
864,0.81151768586577,-0.0899927692781572,-0.157891055981492,0.55534742409213,0.140934969119912,0.560062905711642,0.0118261034953349
865,0.811629310155263,-0.0902964391107976,-0.158126447786859,0.555067962047091,0.140935928286183,0.560036913323935,0.0118300840563399
866,0.811642226372285,-0.090337377663576,-0.158123047983192,0.555043382325035,0.140947928878731,0.560062558393767,0.0118302181587345
867,0.811766865975786,-0.090176665148164,-0.157980354334672,0.554927861988293,0.140966449662497,0.560163171226839,0.011848032589536
868,0.811910648344166,-0.0900735880186869,-0.157972222414584,0.554736536377579,0.140974175877063,0.560254614773739,0.0118627767039612
869,0.81191918537807,-0.090186261798619,-0.158032861394708,0.554688461496364,0.140987647668857,0.560268250818711,0.0118719065640817
870,0.812033536939314,-0.0902979154485545,-0.158032585476585,0.554502951551261,0.141029075342739,0.560295680271042,0.0118929936645301
871,0.812038214943866,-0.0903244865337067,-0.158010978200474,0.554497930899053,0.141057415610819,0.560312350468307,0.0118930527845046
872,0.812074721322796,-0.0903151113628296,-0.157992366642149,0.55445129608545,0.141082669003022,0.560348946733862,0.011908615397258
873,0.812141954323569,-0.0903157468985438,-0.158074905607103,0.554329176669385,0.141075489884648,0.560374331991674,0.0119165535612763
874,0.812117296997894,-0.0903286034940989,-0.15807066476419,0.554364414666605,0.141053582642836,0.560380983185301,0.0119265746920897
875,0.812236877343045,-0.0902835527979906,-0.157837780315794,0.554262907186811,0.141089932220922,0.560450198583526,0.0119715768679988
876,0.812225007185401,-0.0903297435043888,-0.157906931612015,0.554253079459181,0.141088531810131,0.560446452285135,0.0119551668038971
877,0.812275010385907,-0.0904359397685873,-0.157913698237191,0.554160547323428,0.141098591196653,0.560457919919546,0.0119768759329387
878,0.812377196235451,-0.0903954489350235,-0.15789189224205,0.554023559257807,0.141096535303911,0.56050751452363,0.0119959134015248
879,0.81239579396286,-0.0903494386734976,-0.157878198726118,0.554007696020403,0.141100765529307,0.560546096255897,0.0120056568392965
880,0.812519033557977,-0.0904093030293188,-0.157973303584627,0.553790044499107,0.141107898954763,0.560587661688107,0.0120142308235362
881,0.81259051463945,-0.090455769508541,-0.158078225755158,0.553647617011682,0.141118162572132,0.560634571131645,0.0120121934239801
882,0.81272772207575,-0.0905333155987627,-0.158130985323333,0.553418431222642,0.141138268865878,0.560704387043207,0.0120361519011173
883,0.812991678617442,-0.0905842699859261,-0.158099344318751,0.553031299164787,0.141178834452905,0.560832072777144,0.0120882289499368
884,0.813218569947976,-0.0906985344859917,-0.157950165483817,0.552721519897224,0.141245408375168,0.560984186219236,0.0121731036709409
885,0.81356222569829,-0.0908449470721087,-0.157990416500176,0.55217997863234,0.141314856282077,0.56119301080238,0.0122356457654646
886,0.813878848404213,-0.0910562394563267,-0.158234194801667,0.551608485224595,0.141373841194089,0.561412023518345,0.0122712664162637
887,0.81420882237179,-0.0911821445445844,-0.15844130746679,0.551040980487302,0.141440419984027,0.561668970261143,0.0123231855648363
888,0.814645355937309,-0.0911865799606831,-0.158351502798446,0.550420524005349,0.141546928482039,0.561988279269559,0.012455283254668
889,0.815071513629131,-0.0913426914074855,-0.158497311846413,0.549721331707453,0.141597120040204,0.562253109680647,0.0125533862511601
890,0.815607486451929,-0.0915268128625855,-0.158895307959371,0.548780057654502,0.141620040597019,0.562545687048207,0.0126173988257115
891,0.81618807361,-0.0917515194852191,-0.159168537045243,0.547799291697085,0.141706704679114,0.562905280226738,0.0127322386789416
892,0.816932433281551,-0.0918747424590341,-0.15944639434669,0.546586935885419,0.141791762231712,0.563385834169317,0.0128721772864907
893,0.817888888848995,-0.0920537965614848,-0.159812846468772,0.545017172334526,0.141867884411489,0.563936926531493,0.0130514751975819
894,0.81889838393725,-0.0920751460376117,-0.160469068347872,0.543302201698722,0.141880658496119,0.564526892411138,0.0131937806258336
895,0.820312762960455,-0.0916256628332654,-0.160471745210219,0.541239806207688,0.142009837999727,0.565425565562257,0.0134386122290872
896,0.821530219456585,-0.0916744901035466,-0.160346905126707,0.539418906231658,0.142184138995565,0.566209206166638,0.0136691890795222
897,0.822675665331247,-0.0919823973797027,-0.159949062675726,0.537736260255183,0.142497551222234,0.56689922805311,0.0138826116639002
898,0.823985172317377,-0.0920560184533881,-0.159561319972224,0.535830486661906,0.142817685869887,0.567626513380943,0.014069357321922
899,0.825009966708944,-0.092166661119447,-0.159602614727423,0.53421986745269,0.142978521405513,0.568187142080626,0.0142085840987137
900,0.826103317077487,-0.0918340177596451,-0.159385930769899,0.532649929849153,0.143131618414316,0.568836512264978,0.0144271167942993
901,0.827249766013775,-0.0909295433275149,-0.158766164787933,0.531208949189426,0.14332527053264,0.569706178410537,0.0146957123946171
902,0.827849932598437,-0.0913045903608451,-0.159436126028013,0.530007625032869,0.143388237586948,0.570080035866475,0.014813128771918
903,0.828429356758613,-0.0918854486493198,-0.160369404225849,0.528718752623047,0.143455675961103,0.57040887189671,0.0149100777530889
904,0.828967079515628,-0.0918354892532962,-0.16092654837169,0.527714382997197,0.143463460652836,0.570895375664668,0.0150321412737107
905,0.829294936433039,-0.0922749232597585,-0.161932755475542,0.526814037064339,0.143294144997077,0.571081742654933,0.0151185121292939
906,0.829444587999782,-0.0928945388078382,-0.162785223035923,0.526206472079824,0.143177228470915,0.571062542455256,0.0151627500456685
907,0.829373061074471,-0.0928975332033415,-0.162550601129935,0.526391181500026,0.143244769891953,0.571089282868052,0.0151880663394622
908,0.829292430980394,-0.0925805887450055,-0.162000912891486,0.52674339362595,0.143369705268013,0.571121194035993,0.0151583707164636
909,0.829063899378081,-0.0925193706919734,-0.161929508966136,0.527135704464,0.143393133529578,0.571016292811863,0.0150976986786811
910,0.828822459532247,-0.0925292255854685,-0.162313457687897,0.527395500967603,0.143280682892409,0.570841489932106,0.0150420188701446
911,0.828791121519573,-0.092222614922884,-0.16198683179214,0.527598836724513,0.143211878177704,0.570847330257862,0.0151205119861011
912,0.828670661672227,-0.0919841934072888,-0.161544172462966,0.527965266840707,0.14320026365792,0.570834782815184,0.0151534354887675
913,0.82855815145669,-0.0920300920523474,-0.161742088954247,0.528073241579447,0.143194266386258,0.570746149543563,0.0150518661662914
914,0.828478905747171,-0.0921369432266622,-0.161773694396275,0.528169251496334,0.14323654713892,0.570721903079367,0.0150001018062566
915,0.828504382238217,-0.092067550381757,-0.161786305863239,0.528137525663439,0.143239081835455,0.57075346496514,0.0149892052761603
916,0.828721032340211,-0.0920001355659801,-0.161744351377355,0.527822120046456,0.143215276314082,0.5708577718248,0.0150646514792613
917,0.828780318557997,-0.0921525936281378,-0.161883411073005,0.527659780803768,0.143209584612565,0.570871971943576,0.0150972650723239
918,0.828833613134976,-0.0923538258761189,-0.162142583052674,0.527461273786684,0.143241637805432,0.570881813795501,0.0150650678444645
919,0.828846572521374,-0.0925034369325054,-0.16218398027832,0.527401962374361,0.143312948060074,0.570895630193861,0.0150446367152762
920,0.828864855402397,-0.0924822944396095,-0.162059006979515,0.527415353351381,0.143358144894233,0.570930600621916,0.01506801235342
921,0.828902399996041,-0.0923442884330429,-0.162173297831893,0.527345394542255,0.14328785461699,0.570931905264908,0.015059157522607
922,0.828809112080027,-0.0921986495263376,-0.162096326590544,0.527541131727648,0.143228659499726,0.570892175373682,0.0150687655689773
923,0.828767592542471,-0.0920865533965421,-0.161801071080036,0.527716550462704,0.143256540231337,0.570883062694078,0.0150961217451342
924,0.828634813842102,-0.0920786209708051,-0.161764714179987,0.527937543744756,0.143281548084147,0.570822479891022,0.0150361315877811
925,0.828569102682151,-0.0920757360192835,-0.161728643519881,0.528052219749355,0.143305948737754,0.570808722047359,0.015014124866497
926,0.828626915537349,-0.0920487040825084,-0.161891504385409,0.527916292352888,0.143268154311991,0.570810405579246,0.0150117718393349
927,0.828677321859643,-0.0920981049992279,-0.161866980004896,0.527836069319988,0.143230601267862,0.57083237632942,0.0150688452423928
928,0.828810048044631,-0.0921591856785227,-0.161818291391243,0.527631907039886,0.143236505074539,0.570890219478994,0.0151160059083414
929,0.828837794300738,-0.0923521885249478,-0.162073738497071,0.527476148563064,0.143237557885163,0.570880731074891,0.0150844065637374
930,0.828816507418918,-0.0924795904124829,-0.16225478303834,0.527431614304857,0.143236882180807,0.570876773910322,0.0150530170549799
931,0.828918665818935,-0.0924905079042963,-0.162242135405049,0.527273023113996,0.143227180088294,0.57090627523236,0.015080578783888
932,0.828949284889431,-0.0923894407860588,-0.162103399173819,0.527285276002311,0.143210168169999,0.570938785724583,0.0151190822115034
933,0.828926003095279,-0.0923297972570043,-0.162045797388482,0.527350025580445,0.143215958603314,0.57093394171826,0.0151277313612724
934,0.828886322668481,-0.0922977060587832,-0.162112157405649,0.527397616576616,0.143234499638704,0.570919662765157,0.0150888656942671
935,0.828800823812701,-0.0922728773588307,-0.162124296686681,0.527532580012988,0.143264251907004,0.570897664999391,0.0150506243579821
936,0.828786329165908,-0.0923034473822636,-0.16221226700805,0.527522961226484,0.143255269974613,0.570874246577797,0.0150325718490676
937,0.828792745337048,-0.0922211896369047,-0.162193669202407,0.52753298582107,0.143244364257314,0.570889594329093,0.0150450377296376
938,0.828853613452723,-0.0922272363272895,-0.162113950274454,0.52746079614717,0.143243903701927,0.57090570027446,0.015085305396628
939,0.828896842307375,-0.0923112778871086,-0.162042029853283,0.527400259147394,0.143258815003261,0.570920085229637,0.0151136972759989
940,0.828907701920567,-0.0924107361034465,-0.162172279799442,0.527325733502771,0.143275168295107,0.570928957150643,0.0150920817513105
941,0.829036397411106,-0.0926997728962541,-0.162288400625013,0.527036885706468,0.143294379293366,0.570949052984576,0.0151326122313601
942,0.829134036136799,-0.0928159516704126,-0.162419939715221,0.526822277829934,0.143273978237038,0.570991844727386,0.01515321050637
943,0.829266562846074,-0.0928154912018172,-0.162470580102524,0.52659810381312,0.143260303660971,0.571057497759831,0.0151773262561256
944,0.829319573806854,-0.0929063181431067,-0.1625292405087,0.526480490169936,0.143255189840215,0.571063310022235,0.0151905860544884
945,0.829260564451927,-0.0929139989950176,-0.162456386882555,0.526594556937964,0.143284353745099,0.571052134493846,0.0151846007431862
946,0.829211025764613,-0.09279294839718,-0.162327990873074,0.526733487503185,0.14330035957837,0.571040059761374,0.0151736100445424
947,0.82907929604112,-0.0926242197168066,-0.162196289480098,0.527011042082328,0.143284215114129,0.570989007020246,0.0151568249876201
948,0.828957960905897,-0.0924234934664436,-0.162087433451822,0.52727057648156,0.14325206808891,0.570939896818639,0.0151340900909642
949,0.828859475436632,-0.0923171953135658,-0.162062953976076,0.527451518508476,0.143232346565087,0.570882097347061,0.0151083652553141
950,0.828776305614826,-0.0921344963474863,-0.161981077268293,0.527639271132503,0.143247509418754,0.57089126344807,0.0150784944599622
951,0.828792837249549,-0.0921476992541386,-0.162130476470819,0.527565107873289,0.143243851305256,0.570892419863118,0.0150421929188776
952,0.828858775199235,-0.092322977297104,-0.162269686946309,0.527388042466426,0.143248432735711,0.570900212059865,0.0150509739388649
953,0.828989781416356,-0.0924930881845709,-0.162246536246079,0.527159399443369,0.143268631087892,0.570948392383246,0.015110066407662
954,0.829096613288105,-0.0925987771506064,-0.162341448939894,0.526943570281014,0.143264736023333,0.570984678699918,0.0151334992178358
955,0.82915771626813,-0.0926143639694531,-0.162351567001143,0.526841560463699,0.143281307447782,0.571033227039158,0.0151450061863924
956,0.829202155948415,-0.0927425936657485,-0.16243187160664,0.526724295032054,0.14328613171076,0.57103076373919,0.0151514304664527
957,0.829200699673738,-0.0928393521108503,-0.162431531578414,0.526709646683362,0.143284602227792,0.571016617925368,0.0151671303648655
958,0.829210014690903,-0.0927479027788014,-0.162324779788835,0.526744002275253,0.143288902029174,0.571036585093723,0.0151862585652352
959,0.82920260634529,-0.0926874292048857,-0.162407714474161,0.526740744937058,0.143260285432328,0.571025414235438,0.0151656862573883
960,0.829140919655092,-0.0926908682405765,-0.162359051663425,0.52685223416179,0.143267130552658,0.570998839450341,0.0151623212051766
961,0.82909300840046,-0.0926219225228997,-0.162340194165502,0.526945560990833,0.143284353579273,0.570985233059508,0.0151352155374723
962,0.829058852999261,-0.0925647566335861,-0.162170107138975,0.527061704588228,0.143308542558996,0.570982724455245,0.0151425758586029
963,0.829004910815776,-0.0925020203286333,-0.162191421875648,0.527150999950112,0.14328779115805,0.57095657352091,0.0151175433296014
964,0.829012083432004,-0.0924960733914048,-0.162184441195854,0.527142911329451,0.143268334835974,0.570944472674508,0.0151185427419612
965,0.829009753404141,-0.0924490243848385,-0.162142090216156,0.527167856788929,0.14328129456888,0.57096420890065,0.0151225639941792
966,0.829065161807382,-0.0926078303681627,-0.162273312613365,0.5270124469548,0.143271698112606,0.570965583255129,0.0151234478810824
967,0.829162269519432,-0.0927813882601076,-0.162325729593498,0.526812967104883,0.143277268083834,0.570991514034185,0.0151481709953339
968,0.829258818111613,-0.0928495252833693,-0.162275771686428,0.526664363862182,0.143289954524254,0.571042867875597,0.0151874558979915
969,0.829301763211739,-0.092911587379075,-0.162410718223606,0.526544187196757,0.143253140633151,0.57103863673563,0.0151818086689846
970,0.829234804924677,-0.0928627240343436,-0.162470850884085,0.526639701693155,0.143226829393978,0.571009749891886,0.0151545551779233
971,0.829167889101646,-0.0927523795559658,-0.162293444928191,0.526819177235194,0.143248769566999,0.570991168328926,0.015153640412582
972,0.829055148015336,-0.0926212237570064,-0.162074086207258,0.527087147480477,0.14326932831917,0.570954798875167,0.0151492871944458
973,0.828950231598851,-0.092462048705155,-0.161989916918046,0.527305935770062,0.14325465771539,0.570918384510566,0.0151234674772377
974,0.828942148147706,-0.092392504021397,-0.161946388407433,0.52734420211728,0.143242010706108,0.570909284949672,0.0151214478979687
975,0.828982008836643,-0.0924788627883937,-0.161881561477994,0.527286306493896,0.143246166038464,0.570921521518657,0.0151576425443937
976,0.829111302887803,-0.092616093069154,-0.161962499973003,0.527034017242522,0.143248569413194,0.570970292386255,0.0151853711396418
977,0.829240919551439,-0.0927918643871189,-0.162220831289989,0.526719630487255,0.143228261394081,0.571021051732605,0.0151811111003612
978,0.829367600886468,-0.0930317280769883,-0.162384698971678,0.52642728815166,0.143229931522855,0.571059579278831,0.015206275756156
979,0.829498072812759,-0.0931218295552985,-0.162438426250484,0.526189157753616,0.143247598719977,0.571114478854234,0.0152307804844529
980,0.829505916113948,-0.0931169641996904,-0.162453182347079,0.526173098566907,0.143260118257577,0.571129152068814,0.0152310819572983
981,0.829456891242767,-0.0930792700662968,-0.16242053417541,0.526267123362256,0.143267674892058,0.571102626011619,0.0152176975197111
982,0.829362852498628,-0.0929678567214054,-0.162284630524073,0.526476908522712,0.143276900476438,0.571068646656222,0.0152046132877569
983,0.829229604912571,-0.0928012496941203,-0.162275030962533,0.526719094696461,0.143252209442557,0.571016490530109,0.0151583098263226
984,0.829179367028834,-0.0926302703416965,-0.162158664725591,0.526864098002985,0.143239565193128,0.571003002819121,0.0151516128340016
985,0.829158672583297,-0.0925563826112217,-0.162085321294865,0.526932216075815,0.14322560420928,0.571000045534412,0.0151558570510923
986,0.829199008741977,-0.0925696565563826,-0.162058530550233,0.526874648528714,0.143220507257474,0.571016999606766,0.0151700154844645
987,0.829249346750343,-0.0926222253882465,-0.162192364106521,0.526744986975478,0.143205508013764,0.571034115096664,0.0151572825190244
988,0.829279936746659,-0.0926798523771357,-0.162355944806662,0.526636286879993,0.143202550718888,0.57104827477798,0.0151388056586908
989,0.829361704760987,-0.0927449194097687,-0.162380856619161,0.52648836644626,0.143230304562819,0.571088012022536,0.015157546056479
990,0.829437333280497,-0.0928253094215944,-0.162420271522358,0.526342880155063,0.143257929195335,0.571126445550495,0.0151752698744939
991,0.829515154853283,-0.0929771811948956,-0.162557235824519,0.526151115865848,0.143266692993258,0.571146069191265,0.01518492870992
992,0.829601090536279,-0.0929929657476998,-0.162581830695459,0.526005215972404,0.143287405571603,0.571202264639275,0.0151993759772297
993,0.829665724493611,-0.0930116809841412,-0.162555181829623,0.525908191285641,0.143298364271364,0.571243196093257,0.0152198944546163
994,0.829704503282037,-0.0929985186643829,-0.162636553173261,0.525824176252538,0.143282153408738,0.571260797372932,0.0152137340504755
995,0.829694356235678,-0.0929708139792715,-0.162757537873665,0.52580765194508,0.143253226030289,0.571257349761535,0.0151879083477948
996,0.829704914671893,-0.0929422388590033,-0.16265025356985,0.525829240171033,0.143271281056475,0.571266817113728,0.0152027653834542
997,0.829660720759158,-0.0928920468497411,-0.162610488691853,0.525920131796509,0.143275991910252,0.571247435508073,0.0151890443223637
998,0.829550259263825,-0.0928253912726154,-0.162623611148214,0.526102057767806,0.143273295112948,0.571199416726684,0.0151516785662301
999,0.829457087386594,-0.0928091176279303,-0.162629474938892,0.526249999287765,0.143268357023695,0.571138019613118,0.0151245607172107
1000,0.829368293193953,-0.0926905793965503,-0.162576886121131,0.5264270574684,0.143257298186207,0.571109429716618,0.0151037052125784
1001,0.829329807252857,-0.0926206398587257,-0.16261455747859,0.526488360336808,0.143232548465141,0.57109323848009,0.0150800379481404
1002,0.829348978768002,-0.0926618467418384,-0.162652120212161,0.526439304540754,0.14322562753845,0.571093624829688,0.0150860242386116
1003,0.829427616375561,-0.0927549582844789,-0.162633224758365,0.526304836679177,0.143247559491392,0.571131836102531,0.0151184220985872
1004,0.829515567626741,-0.092864297241305,-0.162710191166886,0.526123121572508,0.143250479384507,0.57116610685749,0.0151357587907858
1005,0.82960171203933,-0.092878255020593,-0.162639771044695,0.526006591213713,0.143265166893288,0.571225649823997,0.0151713623773412
1006,0.829647833066365,-0.0928750054799517,-0.162580168582209,0.525952845062335,0.143270630716128,0.571257913255304,0.0151979441915931
1007,0.829633260236258,-0.0928595700738977,-0.162635787096036,0.52596136218462,0.14326452428873,0.571251146622819,0.0151871185467432
1008,0.829575326658499,-0.0928891777685997,-0.162700879543331,0.526027377470741,0.143263361736303,0.571214792740965,0.0151692397524621
1009,0.829551120783031,-0.0928480547588303,-0.162643406096066,0.526090580782994,0.143285069463015,0.571212589659341,0.0151676264452402
1010,0.829531352321252,-0.0928192367502185,-0.162628289795879,0.526131508430401,0.143300669121224,0.571209645469131,0.0151589486035386
1011,0.82950509801956,-0.0928361682089968,-0.162715673582304,0.526142896751906,0.143298628019628,0.571189542396493,0.0151413856936087
1012,0.8294964351118,-0.0928446890036329,-0.162725689490893,0.526151953184958,0.143302862197914,0.571183109012876,0.0151415697844408
1013,0.829467269500741,-0.0928414035366836,-0.162702637593279,0.526205638830024,0.143305746557005,0.571169691431504,0.0151395351183441
1014,0.829471568113662,-0.0927238713975279,-0.162621633904866,0.526244625198423,0.143320652149547,0.571196593805566,0.0151324752490981
1015,0.829471610555176,-0.0927368733930638,-0.16271224623027,0.52621425724032,0.143308660813044,0.571189910741032,0.015112315984522
1016,0.829492024408862,-0.0927758202352754,-0.162750993450232,0.526163228240746,0.143305238461874,0.57119532945664,0.0151124691601947
1017,0.829524886860887,-0.0928352620529755,-0.162668855972505,0.526126334158046,0.143319824219059,0.571210919759662,0.0151424599898687
1018,0.829508691838489,-0.0929340448756612,-0.162770005430968,0.526103144639385,0.143306704521934,0.571184556587026,0.0151359110223442
1019,0.829518545744496,-0.0929307881484578,-0.162758159912279,0.52609184774335,0.143304748899946,0.571191825266833,0.0151420497605527
1020,0.829556676856474,-0.0928183670508691,-0.162588253304453,0.526104106150352,0.143316902183229,0.571241726792187,0.0151732642815568
1021,0.829585506867739,-0.0928343572903013,-0.162655709055217,0.526034969572592,0.143283233407988,0.571244926539455,0.015176004046012
1022,0.829637611153635,-0.0928599693684748,-0.162714803624951,0.525929988619654,0.143261400806611,0.571268695903575,0.0151893637723846
1023,0.829734012580591,-0.0929955174929109,-0.16267759711596,0.525765443415326,0.143280393230353,0.571308818934175,0.0152367272530924
1024,0.829861472052055,-0.092997629458855,-0.162644567457624,0.525574088778311,0.143305977308978,0.571387879989146,0.0152572706627584
1025,0.829972834507037,-0.0929493753297453,-0.162613559134826,0.525416347282486,0.143326873214045,0.571463668848988,0.0152671988732358
1026,0.830080444538024,-0.0928915763338203,-0.162464371626686,0.525302711390033,0.143364983832653,0.571544051502003,0.0152974258013606
1027,0.83015404133266,-0.0928618238950692,-0.162384236829055,0.525216440100059,0.143394455100439,0.57159426723161,0.015317042724015
1028,0.83018581283017,-0.0928623857458837,-0.162394672116709,0.525162892783944,0.143408876645719,0.571617475072184,0.0153209089741362
1029,0.830193150444055,-0.0928632501377234,-0.162437853296446,0.525137785296465,0.143410604850167,0.571621702736216,0.0153088830021841
1030,0.830175861580854,-0.0928763491324536,-0.16247598132667,0.525151005056878,0.143407465798624,0.571606121979549,0.0152975124310176
1031,0.830157766793374,-0.0928856185589024,-0.162431775374819,0.525191643541814,0.14340694207444,0.571592610194827,0.0153021301069468
1032,0.830118462541937,-0.0929096873663834,-0.162371266336034,0.525268217208051,0.143405698527332,0.571558889287105,0.0153077852698195
1033,0.830024899493908,-0.0928807678140159,-0.162407407090048,0.525409995444219,0.143371464078757,0.571496376029885,0.0152857738535135
1034,0.829913056532798,-0.0928166982281551,-0.162423585992273,0.525592958324047,0.143342586155453,0.571425923400736,0.0152620355342412
1035,0.829791930499199,-0.0928230398988469,-0.162547190832554,0.525744848852364,0.14329733178933,0.571342418289081,0.0152202062929454
1036,0.829729057815317,-0.0929054758276673,-0.162657266752994,0.525795470454612,0.143273785316231,0.571283586590459,0.0152028488852437
1037,0.829775872036732,-0.0929551513838177,-0.16259875837453,0.525730906255239,0.143303839653697,0.571302939524351,0.0152307989796527
1038,0.829874384605268,-0.0928936181248381,-0.162539247164182,0.525604675225597,0.143322280595383,0.571389357330975,0.0152494814033533
1039,0.830063826035088,-0.0928525679456774,-0.162340650583518,0.52537411289671,0.143375082539308,0.571529466674192,0.0153170073474
1040,0.830239151904793,-0.0928673079889114,-0.162226671449009,0.525129622875988,0.143418222124132,0.571648461660722,0.0153746519485143
1041,0.830326662125518,-0.0928455658259261,-0.162310605223278,0.524969144333277,0.143420166742467,0.571709973856863,0.01536908689531
1042,0.830402434199512,-0.0927718818095963,-0.162245171066763,0.524882538942331,0.143431748283884,0.57175860991091,0.0153695840484796
1043,0.830413011725238,-0.0927504850586632,-0.162109708869506,0.524911439929677,0.143459520536508,0.571772423770919,0.0153834568128765
1044,0.830302285409553,-0.0928462885253765,-0.162375150504258,0.5249876113295,0.143430264234893,0.571682686919096,0.015323475174564
1045,0.830194433617104,-0.0929156898187614,-0.162527364428111,0.525098783838557,0.143401900461779,0.571591838653443,0.0152853365179074
1046,0.830085734211935,-0.0928986955591768,-0.162483683868253,0.52528712024743,0.143382743260897,0.571511956158738,0.0152674919791074
1047,0.830010192232654,-0.0927890478699956,-0.162383283589472,0.525456889379132,0.143371777517883,0.571475491772995,0.0152536885843597
1048,0.8299390862744,-0.0928428506241506,-0.162489649529188,0.525526813738251,0.14334553461202,0.571418559271319,0.0152283428791739
1049,0.829944034238403,-0.0928871890821184,-0.162433501424961,0.525528522300489,0.143341779568723,0.571412087516223,0.0152480713393725
1050,0.830032828413524,-0.0926792509079818,-0.162188927541358,0.52550053471901,0.143342415036212,0.571503126473367,0.015280911139758
1051,0.830077533070448,-0.0925539155191703,-0.162191927608186,0.525451082815984,0.143319154421151,0.571551804097556,0.0152721864232034
1052,0.830078527226144,-0.0926984087918867,-0.162363612014196,0.525371012846381,0.143317136882585,0.571528971299522,0.015263680535121
1053,0.830063128094512,-0.092874411403782,-0.162476024700836,0.525329504674702,0.143332901045347,0.571491949397214,0.0152599001822658
1054,0.830074300397179,-0.0928196613595115,-0.162370497557894,0.525354154650025,0.143356995175824,0.571516729215598,0.015267113173569
1055,0.830102996705632,-0.0927887771425026,-0.162216578985569,0.525361817416291,0.143388900224091,0.571545412207589,0.015298548778693
1056,0.830095354495717,-0.0928376825831873,-0.162335153882856,0.525328625672581,0.143381362610516,0.57153282406002,0.0152887737400764
1057,0.83011649217614,-0.0928079504492788,-0.162399222555602,0.525280673796325,0.143360029998963,0.571546136253589,0.0152813325093905
1058,0.830176229211637,-0.0926829251192234,-0.162177675727957,0.525276789263308,0.143376114802832,0.571609470558885,0.0153178909162823
1059,0.830204257744328,-0.0926884306321495,-0.162162135196711,0.525236315536713,0.143366454984511,0.571628713836749,0.0153286660070389
1060,0.830228140506504,-0.0927889717673236,-0.162209094534918,0.525166308020267,0.143369982880259,0.571627832210354,0.0153512403868545
1061,0.83024928309125,-0.092776811907101,-0.162265059250254,0.525117740745189,0.143362875563763,0.571642662967815,0.0153478294944386
1062,0.830280876937908,-0.0927452781519974,-0.162181433544832,0.525099191948598,0.143384524222351,0.571667097718225,0.0153576698146835
1063,0.830258746985156,-0.0928142508017224,-0.162206089835201,0.52511438022885,0.143411885059868,0.571647366035298,0.0153533550173073
1064,0.83018420747955,-0.0928829157793722,-0.162411438687005,0.525156614917388,0.143413426021684,0.571598175523257,0.0153068699996359
1065,0.830163060359821,-0.0928873265547375,-0.162375070885519,0.525200508505516,0.143429578260848,0.571578968984547,0.0153024498923842
1066,0.83010962285576,-0.0928376085026882,-0.162352795009561,0.525300640055152,0.143401211711017,0.5715436346407,0.0152883929655875
1067,0.830050737825587,-0.0927672933834248,-0.162346268101897,0.525408118653395,0.143375677607848,0.571511317620102,0.015271565480725
1068,0.829980218532585,-0.0928404315217094,-0.162443967825173,0.525476401407979,0.143350753856678,0.571446621930168,0.0152536004126345
1069,0.829927906288215,-0.0928493077815123,-0.162469080471278,0.525549687754994,0.143328920604031,0.571407310526726,0.0152365812742853
1070,0.829932542305801,-0.092655162772334,-0.162287640178094,0.525632683419598,0.143339326585207,0.571446672831092,0.0152392651773549
1071,0.829898227390368,-0.0926996439739741,-0.162320347285364,0.525668919604899,0.143327489774417,0.571415415258722,0.0152316073515947
1072,0.829831062865941,-0.0928016739593381,-0.16251300014701,0.525697423615852,0.143296603765919,0.571351079852149,0.0152002032694639
1073,0.829802392044058,-0.0927621898707983,-0.162472554371971,0.52576214713897,0.143289658311606,0.571340391579633,0.015193219355325
1074,0.829766445835426,-0.0926658957476613,-0.162382599345182,0.525863640653004,0.143281702004987,0.57133463437868,0.0151851967730266
1075,0.82969347683626,-0.0926916213138239,-0.162464474526948,0.525948944623198,0.143248920862389,0.57127638258035,0.0151596253095794
1076,0.829590903090283,-0.0927269930800285,-0.162505950021185,0.526091678770819,0.143225049975833,0.571228175959788,0.0151535776832623
1077,0.829454683047846,-0.0927809536536819,-0.162662157953449,0.526248653945109,0.143191072847744,0.571167662750784,0.0151376311738677
1078,0.829272369499088,-0.0928415853189349,-0.162954776266155,0.526434723506042,0.143136029056472,0.571066467695891,0.0150866900710949
1079,0.829111203688541,-0.0928101829259577,-0.162960848748874,0.526692171613017,0.143119892914008,0.570991169863906,0.0150626148810855
1080,0.828986520925502,-0.0926578938694274,-0.162833028567481,0.526954711180245,0.143122381615141,0.570948932511675,0.0150407048069858
1081,0.828876803340083,-0.0925311487725292,-0.162713917807988,0.527186316536324,0.14313842002029,0.570917142366193,0.0150225327820362
1082,0.828793942843153,-0.0925107022914851,-0.162685278699677,0.527328996322452,0.143153161919871,0.570890726021365,0.0150157869560355
1083,0.828723949141744,-0.0925709727714046,-0.162845467106614,0.527378976602117,0.143126778659098,0.570842440916984,0.0149903398397244
1084,0.828705422223429,-0.0925973103705064,-0.16285272053578,0.5274012255425,0.143110848357976,0.570821997832659,0.0149920559020848
1085,0.828746530999232,-0.0924942148719181,-0.162668774897694,0.527411487593178,0.143135221912887,0.570870441498004,0.0150211067275591
1086,0.82875206906534,-0.0925266508575701,-0.162791455336856,0.527359240907284,0.14311932638007,0.570870862181061,0.0150014320644404
1087,0.828752311723132,-0.0926861249214714,-0.162990035390058,0.52726951023566,0.143101897817423,0.570837364645825,0.0149857843535155
1088,0.82876270133582,-0.0926842623265543,-0.163010792252202,0.527247090082862,0.143108713396769,0.570841587147891,0.0149855330224465
1089,0.828774123152878,-0.0925835977770822,-0.162918101586367,0.527275471068324,0.143123922073376,0.570870027429197,0.014991978649472
1090,0.828772409504488,-0.0925940159398084,-0.162843095994156,0.527299504592316,0.143153786537649,0.570868709628192,0.0150095017627365
1091,0.828717803564326,-0.0926058720732714,-0.162871988371061,0.527374316702213,0.14316581281121,0.570840183885818,0.0149931432784882
1092,0.82861970752456,-0.0924468495798777,-0.162968798026586,0.527526426991518,0.143137077182903,0.570815006981734,0.0149297264175341
1093,0.828510739418973,-0.0923322423653777,-0.162959510463472,0.527720484382323,0.143118011495208,0.570786450061512,0.0149024131512161
1094,0.828338093127498,-0.0924193127144261,-0.163075382254473,0.527940426387156,0.143092667826657,0.570704481758946,0.014891244261291
1095,0.828120038161757,-0.0926132446569177,-0.16340681900827,0.528146003308447,0.143033854553871,0.570583997952666,0.0148560776359102
1096,0.827908629503065,-0.0927459129252157,-0.16364748389472,0.528379596355644,0.142992857398119,0.570499900499372,0.0148300020569567
1097,0.827688226645649,-0.0928717186807091,-0.163882200790186,0.52862999120901,0.142960435570614,0.570406870090915,0.0147989703576022
1098,0.82751682850188,-0.0929325571430204,-0.164052834567496,0.528834667773794,0.142920744431977,0.570314028162586,0.0147616910676544
1099,0.827394747882644,-0.0928141109657292,-0.163894513938292,0.529095511493709,0.14291044599601,0.570277454450015,0.0147592071941254
1100,0.827252151172017,-0.0926914409412337,-0.163745241902984,0.529386126482025,0.14289363192952,0.570225319380198,0.0147479129015363
1101,0.827080784121297,-0.0927064276013754,-0.163815237158859,0.529629552511261,0.142851472400069,0.57011851802382,0.0147111652959829
1102,0.82688962375956,-0.0927284211638057,-0.163897668579217,0.529898616965111,0.142809537523782,0.570002540725772,0.0146728282279167
1103,0.826714742668364,-0.0927515714585797,-0.163904141380794,0.530165363528182,0.14278062082466,0.56988483004549,0.0146546108164359
1104,0.82655936093727,-0.0928149641834662,-0.163942027954871,0.530384781777002,0.142735037556225,0.569760970896952,0.0146320332462909
1105,0.826397703216799,-0.0928428028734238,-0.163987126959484,0.530617821284002,0.142694733423558,0.569653651317341,0.0146030599625924
1106,0.82621963532325,-0.092882700255564,-0.164175546646616,0.530829829684463,0.14264191241722,0.56954704570719,0.0145563719575084
1107,0.826037998205671,-0.0930144485155749,-0.164410240791866,0.531016770554822,0.14258194932395,0.569431877860825,0.0145197427642953
1108,0.825870832786243,-0.0931078638560229,-0.164555649521802,0.531215334352825,0.142538164883402,0.569339646319446,0.0145076660819706
1109,0.825678963619569,-0.0931631453859862,-0.164811815639751,0.53142444693807,0.142471380931052,0.5692446737822,0.0144771359506499
1110,0.825448692540975,-0.0932958086962551,-0.165117454859077,0.531663967335542,0.142412168828227,0.569129634825441,0.0144516468107724
1111,0.825183659532306,-0.0935550444284705,-0.165496736368017,0.53191184603691,0.142360273106958,0.568977495868033,0.0144283452887952
1112,0.824837567477725,-0.0938551956086381,-0.166036935970783,0.53222732495441,0.142278727542223,0.568761466532413,0.0143640654647945
1113,0.824470267433973,-0.0939850531226484,-0.166521134956971,0.532622098226808,0.142179870018801,0.568556473354268,0.0142815709974113
1114,0.824132590355256,-0.0940838230107519,-0.166830796573856,0.533030199028675,0.142100950611088,0.568375281198994,0.014232288849828
1115,0.823743429036434,-0.0941829977998106,-0.167303418288899,0.533465924191591,0.141986059920441,0.56816957885468,0.0141522204005639
1116,0.823371358876796,-0.0942475907037434,-0.167754125346577,0.533887207617042,0.141862358786422,0.567973256006882,0.0140776052798743
1117,0.823035127645019,-0.0942678245817301,-0.167945651817075,0.534341664056541,0.141771078868762,0.567806635761058,0.0140433303890341
1118,0.822711955253673,-0.0942269320323761,-0.167954262348054,0.534843612396713,0.141698812459446,0.567663991106956,0.014028498196386
1119,0.822336216876423,-0.0942008616670292,-0.168113229860701,0.535375836231301,0.141606778990617,0.567483478794974,0.0139761161490835
1120,0.821864776353581,-0.0943036358115808,-0.168579629985572,0.535934718054282,0.141479645546382,0.567209478035511,0.0138681945144424
1121,0.821427350688663,-0.0943165666697113,-0.16877481076238,0.536541290157957,0.141404067454041,0.566973186115638,0.0138022638056207
1122,0.821018790791049,-0.0943046557208425,-0.168676101741698,0.537199357574635,0.141377159698755,0.566760328307367,0.0137699371270347
1123,0.820559089600723,-0.094437303413519,-0.168745761756997,0.537856155571977,0.141317397399764,0.566458956127131,0.0136973034227497
1124,0.820119584636922,-0.0945242972166803,-0.168913133038615,0.538458334151988,0.141225685320635,0.566144172935418,0.0135892720380155
1125,0.819715472047466,-0.0944838809163184,-0.168867507847111,0.539094709607224,0.141156876182962,0.565887090244471,0.0135073262231614
1126,0.819378945891666,-0.0943098595568728,-0.1686276226086,0.539711513971303,0.141117799352573,0.565710888056789,0.0134596862000153
1127,0.819110884317793,-0.0941651777168794,-0.168442556586868,0.540201243638101,0.141089367968814,0.565573053220224,0.0134138022667194
1128,0.818894048576714,-0.0941558289922637,-0.168278211021806,0.54058270483592,0.141095911487503,0.565462743542772,0.013390852092225
1129,0.818759700067277,-0.0942001166123067,-0.168336221161966,0.540760398162513,0.141088438572635,0.565372538650209,0.0133484775645548
1130,0.818701150506778,-0.0941386884960156,-0.168348214327051,0.540855999522998,0.141078698759508,0.565337194985909,0.013322736536277
1131,0.818708007997343,-0.0939539694937941,-0.168117301547105,0.540949556038177,0.141100088291788,0.565377945444091,0.0133417296885875
1132,0.818736529732738,-0.0939527883515892,-0.168089154294884,0.540915339633279,0.141107604938778,0.565390813711869,0.0133476549207788
1133,0.818733737645791,-0.094127780332644,-0.168252217297529,0.540838440927295,0.141103913116057,0.565366602570306,0.0133461008470208
1134,0.818773609173702,-0.0941650347477003,-0.168293965329892,0.540758600842535,0.141096217166948,0.565381925659712,0.013351844614513
1135,0.818827451583539,-0.0939810371136091,-0.168180452453828,0.540744398592055,0.14108055141756,0.565435362686515,0.0133546339791727
1136,0.81879575788832,-0.093889112249494,-0.168142560135876,0.540820137324829,0.141061981130011,0.565431706267362,0.0133445113370528
1137,0.818688258980512,-0.0940153908414657,-0.1682313863459,0.5409333060004,0.141051114721573,0.565350288914616,0.0133252421833083
1138,0.818555416781627,-0.094085717899282,-0.168306900283098,0.541098599759719,0.14103122821031,0.565262432442017,0.0132928049910122
1139,0.818473386549967,-0.0940134160030458,-0.168110796183525,0.541296178932946,0.14104633572724,0.565227194638995,0.0132991961080089
1140,0.818372393450067,-0.0940095482885479,-0.167997539372507,0.541484678669835,0.141062037401158,0.565170160376363,0.0133059188828596
1141,0.81821870701477,-0.0940791478054138,-0.168166492684921,0.541652372077643,0.14103274847595,0.565066713270522,0.0132638101360562
1142,0.818112790489488,-0.0942241286649191,-0.167963087958058,0.541850234565266,0.141069183532679,0.564983395264429,0.0132936270495246
1143,0.817961823307692,-0.0943059805438788,-0.167786485295222,0.542118559908337,0.141082065406941,0.56487550888456,0.0132994820427663
1144,0.817734560349703,-0.0943726791786201,-0.167937325556816,0.542403024437687,0.141015905535387,0.564708385504091,0.0132379784486707
1145,0.817462415351107,-0.0944574031345921,-0.16805185939471,0.542762904992028,0.140942729569369,0.564520947965583,0.0131830161779867
1146,0.817144289993802,-0.0946042045473544,-0.168079257013058,0.543207710893748,0.140881990406169,0.564305044582866,0.0131439439459318
1147,0.816724500179171,-0.0947668034244869,-0.168302472557485,0.543741318557663,0.140786674181944,0.564030813143729,0.0130484820639779
1148,0.816179953072123,-0.0949062159769279,-0.168498266442573,0.544473533404496,0.140688032401145,0.563705300394503,0.0129344385389629
1149,0.81562864608011,-0.0949183584423933,-0.168342405739624,0.545345075483334,0.140638369066383,0.563395723396762,0.0128607558565017
1150,0.815058424599064,-0.0947432474883398,-0.167860353044619,0.546375679749008,0.14064017606705,0.563114283064544,0.0128094493268643
1151,0.814386568041376,-0.0947612741737687,-0.167564021973089,0.547464261163187,0.140601874295205,0.562733481938812,0.0127068742434339
1152,0.81367320334452,-0.0948464474316412,-0.167301743467444,0.548589278241398,0.140542741973108,0.562311222027536,0.0125962848945859
1153,0.813064173048056,-0.0948802740048629,-0.166909041405241,0.549605090958615,0.140504811341991,0.561938205464574,0.0125261021440504
1154,0.812322074753835,-0.0951944550178968,-0.166947397171858,0.550635477588406,0.140399175509646,0.56146382087105,0.0124043481471798
1155,0.811487948380216,-0.0955296079253308,-0.167270890430029,0.551708122885685,0.140260672113311,0.560957644789382,0.012217900954157
1156,0.810822633646792,-0.0955698004780136,-0.16715097129815,0.552714775265468,0.140203138012778,0.560585553681025,0.0120867711532241
1157,0.810196031315118,-0.0954978123961533,-0.166715840332871,0.553776477697353,0.140195860415091,0.560267574965931,0.0120044474786317
1158,0.809507260406163,-0.0954145470368931,-0.166438085345287,0.554880548685974,0.140159305302123,0.559933440784984,0.0118879483028932
1159,0.808762721266447,-0.0952569056798561,-0.166367448288518,0.55601335843661,0.140101940346045,0.559578805953907,0.0117225499403669
1160,0.808141202012922,-0.0951628433764178,-0.166075429512861,0.557019553123356,0.140096223835733,0.559241978950173,0.0116224500915626
1161,0.807551722822536,-0.095216897957296,-0.165817729522739,0.557941249492873,0.140051611120829,0.558864461044724,0.0115336965120442
1162,0.80694343816235,-0.0953301148266077,-0.165427460259673,0.558916999388912,0.140016946046006,0.558485988609839,0.011465178619545
1163,0.80648176799558,-0.0954549561134471,-0.164984054769832,0.559692568215631,0.140027825921163,0.55817890092406,0.0114321021935795
1164,0.80600544739661,-0.0954975928043772,-0.164608504792998,0.560481461500176,0.140047669341311,0.557925931072911,0.0113917648504539
1165,0.805459024136715,-0.0957024002077462,-0.16430839629588,0.561319482948778,0.140050131463219,0.557630853922947,0.0113508147023895
1166,0.804942165868345,-0.0957697395148284,-0.163945469165102,0.56215491614027,0.14006008042429,0.557344771452769,0.011306515265935
1167,0.80438488138388,-0.0957570774457907,-0.163903401065157,0.562966446459605,0.139993969789815,0.557002840203313,0.0111954742918876
1168,0.803882251563056,-0.0959492013475294,-0.164288002708543,0.563539287493535,0.139854911084105,0.556624715248555,0.0110527155260197
1169,0.803448857205573,-0.0960715383818429,-0.164398265807926,0.564104071574875,0.139780545226351,0.556359111912808,0.0109722919493314
1170,0.803108415855921,-0.0961206805670348,-0.164337975592532,0.564597836452525,0.139736400845091,0.55616756026905,0.0109253615625836
1171,0.802900528489196,-0.0960966381985327,-0.164168107575182,0.564946908951534,0.139717720026275,0.556053714441182,0.0109051287587353
1172,0.802710877506977,-0.096111099412026,-0.164158933469886,0.565216549884927,0.13969395442762,0.555966327745319,0.0108733579271668
1173,0.80265760154303,-0.0962445980405318,-0.16428275914212,0.565233515533058,0.139667851640011,0.555900218675934,0.0108652090596631
1174,0.80265527889204,-0.09618558012081,-0.164213226567461,0.565267064018299,0.139656830744046,0.555900827220973,0.0108706609925384
1175,0.802629067636807,-0.0960194350661852,-0.164072882131789,0.565373272469621,0.13965947065518,0.555931158422999,0.0108633455812896
1176,0.802606880517536,-0.0961356591653803,-0.164162375914735,0.565359040536876,0.139665187758192,0.555894705254525,0.0108581232067017
1177,0.802522153360736,-0.0962927595173409,-0.164339956281485,0.565400987440934,0.139652577847932,0.55582748885379,0.0108396906856489
1178,0.802508479321777,-0.0961621966393604,-0.16422579864206,0.565475781633943,0.139658730580352,0.555844437220402,0.010841463011318
1179,0.802501239735261,-0.0960120195249508,-0.164055981254461,0.56556086086711,0.139668133629505,0.555865255799754,0.0108511143693085
1180,0.802384686990789,-0.0961676276098977,-0.164206923627279,0.565655980005023,0.139649140147202,0.555778803218714,0.0108267446044593
1181,0.802304630765758,-0.0963344539420616,-0.164343172612416,0.565701576850543,0.139644495852118,0.555701060815827,0.0108052377552043
1182,0.802241422900286,-0.0962453217562348,-0.164194372052153,0.565849578606685,0.139658915639413,0.555692923625294,0.0108052282190537
1183,0.802104490051091,-0.096147231634624,-0.164148696260437,0.566073583913678,0.139642956075907,0.555641894949457,0.0107756425044013
1184,0.801910507983506,-0.0962273417941517,-0.164277536814849,0.566297383690683,0.139611192849755,0.555524404476016,0.0107278079302374
1185,0.801674949453903,-0.0964576912518371,-0.164373189561463,0.566563892045583,0.13959277085323,0.555365054726574,0.0106973473568326
1186,0.801438780106563,-0.0965312456197018,-0.164292189883963,0.566908878660005,0.139590286105038,0.555231937022217,0.0106753382574469
1187,0.80120603139111,-0.0964519153785456,-0.164129721642614,0.567298296979495,0.139587359217414,0.555130766739061,0.0106578590993942
1188,0.800921825572864,-0.0964664584838428,-0.164183266396351,0.567681518762097,0.139552713329694,0.554981877876862,0.0106135804342638
1189,0.800533630646455,-0.0966376987676695,-0.164325257587316,0.568158667187043,0.139518817061671,0.554760279047509,0.0105613794487132
1190,0.800102639917036,-0.0968748178093025,-0.164279061275087,0.568738450694851,0.13952593749343,0.554504123666699,0.0105403473607582
1191,0.799740014031687,-0.0969156639326538,-0.164009814317447,0.569318930695833,0.139556128136097,0.55430842484835,0.0105258259799683
1192,0.79933060873237,-0.0969557887615112,-0.163975516196431,0.569896642433772,0.139536038403854,0.554085800781673,0.010463326928079
1193,0.798798691777308,-0.0971454233972878,-0.16419999258837,0.570545159616487,0.139495100118044,0.553779617606259,0.0103681440219164
1194,0.79821559091781,-0.0971814379587847,-0.164285402584284,0.571329979109896,0.139476257327743,0.553482955671466,0.0102518114295247
1195,0.797532534810345,-0.0970646460882536,-0.164113228857341,0.572352302793276,0.13946939210543,0.553170937238205,0.0101461228502862
1196,0.79672504139075,-0.0972270112934333,-0.163971510407139,0.57348884947369,0.139448978616215,0.552735418934808,0.0100697883833055
1197,0.795971356596324,-0.0975290229470673,-0.164150094522768,0.574432272447644,0.139381336495282,0.552263871122419,0.00995139406607427
1198,0.795366009422815,-0.0976457096536902,-0.164227832228304,0.575228168262513,0.139318580536812,0.551885420532858,0.00982651572173857
1199,0.794801680797706,-0.0979398339447683,-0.164180568618528,0.575971195474313,0.139267626019697,0.551459976464323,0.00972402056200244
1200,0.794344954958962,-0.0981656102448393,-0.163988491182158,0.576617186924134,0.139227890928948,0.551031284475932,0.00964518462366518
1201,0.794069693532015,-0.0977836447084464,-0.163262577530261,0.577266845938409,0.139245324083931,0.550794482853022,0.00961534562007066
1202,0.793882418760131,-0.0970929618259738,-0.16221429303066,0.577936142738959,0.139286146387722,0.550662027450284,0.00961309276218492
1203,0.793727687846908,-0.0966719577998675,-0.161624521107234,0.578384305023225,0.139224107491499,0.550374339553881,0.00955058419529943
1204,0.793611980810656,-0.0961637664004822,-0.16080103687993,0.578857133050807,0.139195828392226,0.550053223366706,0.00949830743948667
1205,0.793391178698051,-0.0951556430427252,-0.159622369843668,0.579652085484677,0.139191134643109,0.54980615985802,0.00940881273808523
1206,0.79294329436227,-0.0942317082577205,-0.158830703135858,0.580632521330067,0.139129580424615,0.549571180551762,0.00927193670939291
1207,0.792203577012918,-0.0945046679944575,-0.158959001834637,0.581562031111842,0.139083490238056,0.549132875191548,0.00917923469590411
1208,0.791406647742632,-0.0955634615010327,-0.159736737654492,0.582260523630282,0.139035722056342,0.548514618053422,0.00907779304293922
1209,0.790980920108481,-0.0953873676273564,-0.159174388700622,0.583021395922351,0.139082942670453,0.548326131456619,0.00904063241290538
1210,0.790790021011555,-0.0947389470490662,-0.157814160382686,0.583755398573141,0.1391993742565,0.548226337332192,0.00907613575884154
1211,0.790491807976593,-0.0945136576494055,-0.157233959814558,0.584352078733927,0.139184545715111,0.547770968142397,0.00900770161795518
1212,0.790304428567148,-0.0932922448349013,-0.15567532574522,0.585218472192171,0.139222543945904,0.547598987997485,0.008964271064638
1213,0.790133053853811,-0.0921920909265764,-0.154155776883033,0.586025914129934,0.139257854028903,0.547443009030533,0.00892502462336152
1214,0.789657496682156,-0.0924495243216859,-0.154380527724166,0.586566940805543,0.139162530266447,0.546848419172087,0.00876269601457785
1215,0.789161250237922,-0.0921644957574838,-0.154218362528078,0.587321822771679,0.139139112356085,0.546525341734503,0.00863753090437769
1216,0.788698552222323,-0.0915045975501334,-0.153499535392432,0.588234132793998,0.139168708455523,0.546435215547315,0.00859054758619691
1217,0.788024264859442,-0.0921780345413144,-0.153914167782658,0.588923931332908,0.139114813904382,0.545903317726388,0.00850823911708382
1218,0.787462552502943,-0.0925388066443177,-0.15402468944921,0.589589427237692,0.139076711279498,0.545476725889906,0.00844894146080639
1219,0.787022459234424,-0.0919425510457061,-0.152997150741019,0.590537118082291,0.13910729628733,0.545377577082146,0.00846209824085666
1220,0.786389735960397,-0.0923104278074941,-0.152830451172255,0.591365218193139,0.139060858369187,0.544875325668495,0.00842728428920837
1221,0.785842130059551,-0.0925558384360433,-0.152698273744602,0.592088507395885,0.139044202934998,0.544382773368048,0.00836620364528516
1222,0.785269236542875,-0.0918341499357948,-0.15187571453453,0.593171545490481,0.139047755121213,0.544187676004245,0.00827700433823469
1223,0.784600010820329,-0.0919672702261197,-0.15204067731484,0.593993667196495,0.138941404139191,0.543691335801195,0.00812376462802825
1224,0.783996111315141,-0.0923173596958106,-0.152402167709291,0.594643743613804,0.138859574155094,0.543161847294757,0.00799546782993033
1225,0.783365561201938,-0.0919545818959607,-0.151712818948836,0.595706280777456,0.138898357139734,0.542934614259662,0.00797202422099892
1226,0.78269379613514,-0.0920705044849775,-0.151354102813072,0.596661863417712,0.138944664593691,0.542577369034858,0.00794528454400212
1227,0.781995667365826,-0.092439610665668,-0.151379675958505,0.597513086306697,0.138980961727939,0.542138494503836,0.00788327417575374
1228,0.781428880338342,-0.0922574107562752,-0.150647554495761,0.598467032891671,0.139081395365763,0.541929615695898,0.00788882010033928
1229,0.780896400202205,-0.0922018649070446,-0.150043757162572,0.599321699252947,0.13915047181751,0.541643358423838,0.00788955380393425
1230,0.780294851993601,-0.09251987751887,-0.150189349130788,0.600019312709056,0.139107682147281,0.541166467618002,0.0078016960684365
1231,0.779681741096636,-0.0925150251065272,-0.150339627845527,0.600778951886071,0.139020444711607,0.540778647650132,0.0076546442540445
1232,0.779070414597347,-0.0923049442111228,-0.150331893446917,0.601605691616996,0.138961519155805,0.540460807893939,0.00750777574265957
1233,0.778517721121199,-0.0922720846815698,-0.150319077941157,0.602328975806156,0.138933597548634,0.540096323091872,0.00740874830006491
1234,0.777956737463948,-0.0920774509883752,-0.149931356656494,0.603179613336754,0.138932671447111,0.539768298691033,0.00735127136921294
1235,0.777350904248788,-0.091927383307597,-0.149575958641481,0.60407115512851,0.138896962280293,0.539367979343967,0.00727652999504769
1236,0.776860996198824,-0.0918464187934811,-0.148944758352829,0.604869148575954,0.138914595441477,0.538989629087706,0.00726916110459906
1237,0.776432541034594,-0.0914842994963145,-0.147951865209366,0.605717242407133,0.138977102812396,0.538759911277176,0.00728552692433891
1238,0.7758854609237,-0.0914424579355408,-0.14790969344214,0.6064344572992,0.138908849562865,0.538374595550449,0.00718251576221692
1239,0.775263573053022,-0.0919483072537201,-0.148399743100055,0.607033291787258,0.138801161673014,0.537849079810948,0.00707112118279148
1240,0.774710065672539,-0.0921032202875862,-0.147972500331517,0.607820244894776,0.138850566123962,0.537559165919953,0.00708161324531752
1241,0.774185513843389,-0.0919177835843905,-0.14739893264329,0.608655457440086,0.138927580527271,0.537363897061609,0.00708043874655225
1242,0.773577373262732,-0.0920667652699926,-0.147475724758541,0.609387125656258,0.138899607468906,0.537008029154312,0.00700843195996925
1243,0.773074075186162,-0.0922461344582266,-0.147349038090681,0.610029004168102,0.138892707417416,0.536709051382356,0.00697595451142999
1244,0.772625892238545,-0.092251239701427,-0.147188990040746,0.610634375569315,0.138898510101757,0.536465121406854,0.00692203329036972
1245,0.77211293639595,-0.0925326119709661,-0.147299231194872,0.611213764293029,0.138896176184795,0.536115577047906,0.00685928426587264
1246,0.771704778259718,-0.0925534696378533,-0.147115849492893,0.611769987247739,0.138923935434352,0.535863012424643,0.00682578779385709
1247,0.771455461642235,-0.0920814325171653,-0.146422348110995,0.612321791594596,0.138987991356657,0.535787875169693,0.00682470038202242
1248,0.771158258297326,-0.0920219283458931,-0.146028150257087,0.612799057355534,0.13899125708505,0.535544010977236,0.00682337433432538
1249,0.770869771623042,-0.0920366981587078,-0.145902792341634,0.613189543760162,0.138924608679434,0.535202241378792,0.00677267920854925
1250,0.770767664547029,-0.091376164612779,-0.14503241511989,0.613623013253145,0.138949999251971,0.535072920922175,0.00675326150434256
1251,0.770659977916778,-0.0907206813826823,-0.144082669891705,0.614079099663594,0.138981256933474,0.534864314338921,0.00674938542320987
1252,0.770590206000437,-0.0899960313396459,-0.143141797065484,0.61449318522843,0.138946606848606,0.534587713723352,0.00672984343692959
1253,0.770582567929091,-0.0887717682401932,-0.141591363706217,0.615039807566251,0.13898934338698,0.53451691937858,0.00673676023921592
1254,0.770224609372112,-0.0886303436411341,-0.141200037494674,0.615598296549897,0.138958398386698,0.534043940389318,0.00666646874026389
1255,0.769808758379476,-0.0886046276951003,-0.140944087014485,0.616180541569526,0.138926378828756,0.533503932992912,0.00658915122726683
1256,0.769506276468763,-0.0875809322071599,-0.139425154861812,0.617049671404713,0.139009256502445,0.533375394859563,0.00660271074033325
1257,0.768849157030594,-0.0872940423530223,-0.139036926411211,0.617996324420411,0.138944389709424,0.532932093170258,0.00651626247780092
1258,0.76803081319558,-0.0876510783818602,-0.139545513244574,0.618848130136904,0.138852390279077,0.532294787467789,0.00636431548950106
1259,0.767232151439305,-0.0877673410000088,-0.139118789741861,0.619917479986138,0.138922131025734,0.531899344909152,0.00633748998321795
1260,0.766475863614138,-0.0880344765394858,-0.138625355615686,0.620924868416304,0.138975209343861,0.53146726850018,0.0063520089084089
1261,0.765780775333212,-0.0881319031400826,-0.138480547489293,0.621800377730697,0.138933489319906,0.530964967524353,0.00629053735665319
1262,0.765137407206717,-0.0875300124597137,-0.137694126914482,0.622851163942915,0.138953513294757,0.530694660041582,0.00623269161222589
1263,0.76443376262623,-0.0875695545215298,-0.137379670211109,0.623778343556982,0.138952315947272,0.530281480253389,0.00616685784607088
1264,0.763543405051245,-0.0885620338346491,-0.137739339928755,0.624648788521848,0.138925970906109,0.529617476866531,0.00612656123022395
1265,0.762749579896226,-0.0889341478239928,-0.137152134458499,0.625694084782994,0.139050193750136,0.52924083865218,0.00619914482021366
1266,0.762106288610443,-0.0885130603675215,-0.136281491527294,0.62672705228982,0.139146006793357,0.529046119900069,0.00620486611395368
1267,0.761350697962426,-0.088328781261487,-0.136030649346529,0.627725101896801,0.139134281709534,0.52870442428829,0.00611768563782711
1268,0.760505393275457,-0.088814264449288,-0.136460578451013,0.628587371618369,0.139096881891989,0.528157447910685,0.00600984232904504
1269,0.759653742097724,-0.089290916417589,-0.137033581231794,0.62942443706693,0.139028206724122,0.527603033558601,0.00587321594913887
1270,0.758909673694134,-0.0890867283642187,-0.136773464386311,0.630406758722167,0.139021061963278,0.527297875104519,0.0057910659880253
1271,0.758380372820064,-0.0889935020793173,-0.136248566048693,0.631170099861071,0.139064542533446,0.527009574567073,0.0057914376623603
1272,0.757870854474497,-0.0890447339276556,-0.13615785722839,0.631794144649048,0.139019361239495,0.526569563179275,0.00571927849947189
1273,0.757514877366775,-0.0884762042257822,-0.135792483668446,0.632379295386046,0.138953182190937,0.526247945755814,0.00559052136276635
1274,0.757341779578603,-0.0877092305031098,-0.134883530351929,0.632887788655357,0.138951743357979,0.525999251578877,0.00556532223764676
1275,0.757246501664286,-0.0865298863285296,-0.133706362871768,0.633413706053773,0.138931655694448,0.525827642576294,0.00554353934201204
1276,0.757163425450573,-0.0851751542775564,-0.132259100866599,0.6340002133215,0.138947551765108,0.525862077799116,0.00553003710464429
1277,0.756726942732181,-0.0854251842198135,-0.132073290258713,0.63452621541151,0.138973027255184,0.525561792572646,0.00552529388395953
1278,0.756175197243724,-0.0865662281453424,-0.132956993206876,0.634844703195586,0.138945421848065,0.525049407759149,0.0054837600633532
1279,0.755744535691313,-0.0866574437109726,-0.132877670746664,0.635361478875721,0.138949226029021,0.524834869017897,0.00547288012560479
1280,0.755491672657733,-0.0858293767240066,-0.132012761193398,0.635954622216149,0.138972373764539,0.524876668269346,0.00547876686257459
1281,0.75520013943065,-0.0858286018573287,-0.131954353078241,0.636313011976689,0.138968726180385,0.524720651497087,0.0054671409455103
1282,0.754662194065426,-0.0868738118911148,-0.132617121592196,0.636671510840924,0.138963224495223,0.524268421792984,0.00546184640336921
1283,0.754309689929251,-0.0869752364134018,-0.132498132795101,0.637100027260619,0.138989839753108,0.524092666189511,0.00545057759501218
1284,0.754011133781483,-0.0861534777289884,-0.131833730828624,0.637702639029015,0.138995370398126,0.524115434524528,0.00541197689581792
1285,0.753650229087613,-0.0860042647973698,-0.13167809207974,0.638181383855007,0.13898451416295,0.523982163173836,0.00539748060510845
1286,0.753217829896778,-0.0866478817390743,-0.131988905623563,0.6385405031069,0.139007487246406,0.523639325529627,0.00539493886631412
1287,0.752720127654843,-0.0869463807838373,-0.131771520886812,0.639131443894796,0.139070805951952,0.523379274961289,0.00539608758085859
1288,0.752291614970374,-0.0868688488367085,-0.131408293815241,0.639721024715945,0.139096198853378,0.523180888773151,0.00539564385937198
1289,0.751799148139483,-0.0868993283413865,-0.131258084751921,0.640326372077412,0.139104861672935,0.522930372437726,0.00540906817248232
1290,0.75125684440779,-0.0870027919608412,-0.130986600219923,0.641004039366598,0.139157408788954,0.522673136188985,0.00541622317107765
1291,0.750664198487809,-0.0870437850136481,-0.13061680614814,0.641767785535245,0.139213846601165,0.522400500288894,0.00538658797315433
1292,0.749962350598048,-0.0872021847265537,-0.130484204054881,0.642593280509944,0.139223064804699,0.522052667850317,0.00534793707472665
1293,0.749313311850086,-0.0874308069088379,-0.130642466449908,0.643286841655734,0.139185442597577,0.521653996951001,0.00529503297094144
1294,0.748597645270546,-0.0873631418792853,-0.130476470652329,0.644162353403617,0.13917188942357,0.521314365399949,0.00524217776204092
1295,0.747751832222706,-0.0873278720337734,-0.130569968480337,0.645129850111342,0.13914549258093,0.520879135321393,0.00511611599819359
1296,0.746832953044415,-0.0877395931688184,-0.131057879588895,0.646038803970157,0.139095259947739,0.52031194359024,0.0049896283423019
1297,0.745922974613087,-0.0881288220873955,-0.131094956195536,0.647028854937662,0.139084411584534,0.519807069132879,0.00497566564016726
1298,0.745171556742083,-0.0878132421246243,-0.13038983795702,0.648079220225186,0.139132352048378,0.51953080962651,0.00498686319803303
1299,0.744245530331747,-0.087886217592262,-0.129950545709532,0.649220655099895,0.139133224849493,0.519086858855841,0.00498604772644753
1300,0.74326777803503,-0.0886868443921342,-0.130164811465395,0.650188261677195,0.139099293823248,0.518448910268534,0.00497954515653458
1301,0.742371226802595,-0.08921910602374,-0.130255994303557,0.651120794234009,0.139092432553772,0.517933469053857,0.00496145881952555
1302,0.741461343994718,-0.089282851784041,-0.130037929524429,0.65219152449557,0.139089253970317,0.517530894744277,0.00494132317956943
1303,0.740561622474955,-0.0892840356615837,-0.129914389353404,0.653237396152559,0.139119024571288,0.517163462165553,0.00491254248716204
1304,0.740162748053557,-0.09122661038383,-0.132266001434775,0.652949092055529,0.138985549209597,0.516168727564695,0.00485845999894219
1305,0.740575946932857,-0.093718238477032,-0.136404496688451,0.651274114244099,0.138543858503008,0.514689338182856,0.00479290361612919
1306,0.740578969039799,-0.0905662337432542,-0.134945168685954,0.652020206258848,0.138329536675629,0.514791706583524,0.0046895060750248
1307,0.739592061181253,-0.0873059030420703,-0.13146325504001,0.654292499503058,0.13838100252278,0.51501167531214,0.00462397704757886
1308,0.738530640738081,-0.0903110352113611,-0.133472192403823,0.654676701483235,0.138273997774282,0.513295032319746,0.00459906238558314
1309,0.7370663824394,-0.0916159717986982,-0.134200425584724,0.655995356204566,0.138348519047665,0.512324129639257,0.00451052863105801
1310,0.735072282743251,-0.0909055938808935,-0.133125194582476,0.658545818232237,0.138508142884112,0.511946057088528,0.00442987607527921
1311,0.733714356108049,-0.0920290747430259,-0.133758878145562,0.659774549039393,0.138476085793513,0.510932654823009,0.00443982879563619
1312,0.732072138872783,-0.0922617847801275,-0.132879150206944,0.661741095894531,0.138575763564655,0.510178879579736,0.00449882328706307
1313,0.730412471509598,-0.0918116400948728,-0.131699563195869,0.66387006956207,0.138681469011131,0.509458605199158,0.00447487543578474
1314,0.729288563987455,-0.0920638395447633,-0.131864687848721,0.665036949337366,0.138604271069747,0.508431215516349,0.00440117735491244
1315,0.727596669869271,-0.0916780525611024,-0.131021994262092,0.667106781327649,0.138565193542288,0.507585339253619,0.00438236151579771
1316,0.726499963180817,-0.0909357663552581,-0.130017748056735,0.668598440834189,0.138539293857179,0.507004666622398,0.00437949992867297
1317,0.725466672327433,-0.0912345363637254,-0.129815243649705,0.669718126701693,0.138525614280273,0.506193206366665,0.00439729622678914
1318,0.723825609665566,-0.0914305795447121,-0.129314698821478,0.671561348340642,0.138579652352138,0.505479512013797,0.0043702630149917
1319,0.722883187504988,-0.0916379026835411,-0.1295360070357,0.672504880945586,0.138533382071012,0.504878140126512,0.00429634166549031
1320,0.721945891089155,-0.0921878635074379,-0.129781818201881,0.673388600902654,0.138538183352195,0.5041661448261,0.00433266773100341
1321,0.721074765166675,-0.0924058304952126,-0.129883418091492,0.674271935672237,0.138517195100927,0.503549393762906,0.00432369519203425
1322,0.720306953627088,-0.0923634261367791,-0.129781388604096,0.675117531427479,0.13848318165528,0.503015935483154,0.00430219013231604
1323,0.719027328671217,-0.0922587192981534,-0.128941411192614,0.676655112902471,0.138559532121332,0.502518304063468,0.00434272865277617
1324,0.71818246037812,-0.0925821718079909,-0.12865877824593,0.677561372754387,0.138638473393142,0.501954162433877,0.00436577823689814
1325,0.717411695945328,-0.0926428571018686,-0.128454274173484,0.678407885416594,0.138660187770432,0.501424013988512,0.00437908699828839
1326,0.716478805142232,-0.0920423127769643,-0.127641370508411,0.679627850352942,0.138637996790583,0.501121235624098,0.00436152363553854
1327,0.71578339358489,-0.0923656882243474,-0.127510943009596,0.680340850250626,0.138647224757413,0.500629341676801,0.00437833577675371
1328,0.715032704919958,-0.0932552685913155,-0.127819813641247,0.680950645065799,0.138663583380037,0.499973740561952,0.00443401303276296
1329,0.714460242002613,-0.0927680806146346,-0.127180448024047,0.681737324383114,0.138691320072853,0.499793044697983,0.00443153192303204
1330,0.714062184344988,-0.0922526979187185,-0.126860422707875,0.682283716473991,0.138662624406989,0.49961622678095,0.00438694312734215
1331,0.713836391295592,-0.0923348168659293,-0.127135780659723,0.682457604054981,0.13862271871624,0.499321711107279,0.00434857661353451
1332,0.713910909616114,-0.0925114901690831,-0.127483223472027,0.682290894744294,0.138611191698985,0.499107869906004,0.0043298350767242
1333,0.71384395343401,-0.0927983063789118,-0.128002384607254,0.682224797272691,0.138546764488312,0.498779122550073,0.00431121558580597
1334,0.713390931205343,-0.0919948894900751,-0.127161218809477,0.682964379753857,0.138582414021044,0.498764344328665,0.00430512143238043
1335,0.712957705858731,-0.0915635996272435,-0.126525937382624,0.683592425389139,0.138628456944295,0.498627609881094,0.00431126075020455
1336,0.712482443936702,-0.0920939038520501,-0.126979217821761,0.683932568457335,0.138602929478647,0.498153380758942,0.00429204635863416
1337,0.711747185107601,-0.0919183339862004,-0.126818652185185,0.684751045144541,0.138593027566078,0.497898311345278,0.00424740910278625
1338,0.711376132728041,-0.0916269881710899,-0.126536989280081,0.685227614130899,0.138584489762334,0.497715665650827,0.00425302545494059
1339,0.711012865854836,-0.0916196401967099,-0.126543100017206,0.685604397562585,0.138577187812023,0.497450608296435,0.0042486380843581
1340,0.710398778776575,-0.0917043984346104,-0.126566589210051,0.686225019156422,0.138573874609836,0.497190392062665,0.00421954709959768
1341,0.710236455900354,-0.0919469874764608,-0.126593527252233,0.68635559811365,0.138594160131104,0.497035270970008,0.00424946364789414
1342,0.709935868663363,-0.0920748412875309,-0.126649901420262,0.686638979710088,0.138578282580102,0.496879890711536,0.00426234341516642
1343,0.709730948405778,-0.0918342979370309,-0.126438064289437,0.686922017769257,0.138559195275112,0.496836314111696,0.00425388772755775
1344,0.70981394376081,-0.0916092262003241,-0.126116376132792,0.686925450532178,0.138589942683242,0.496884222044233,0.00426502773344987
1345,0.709556135662214,-0.0919469014798598,-0.126162151143539,0.68713824611296,0.138602490017545,0.496765093364773,0.00429296738011228
1346,0.709526717742984,-0.0921227758351082,-0.126367331598801,0.687107363143418,0.13857833067926,0.496681798157761,0.0042839028288392
1347,0.709569870470741,-0.0916785342427865,-0.126037508370124,0.687182793558658,0.138579668669303,0.496776686648254,0.00427117980551053
1348,0.709451684179875,-0.0915126365376423,-0.125784528753993,0.687373259222676,0.138597513155029,0.496785749026472,0.00427649566641108
1349,0.709395678279014,-0.0919291042588177,-0.126057336457041,0.687325511933455,0.138598972122865,0.496652546645464,0.00428870542793273
1350,0.70917885594908,-0.0920786262781112,-0.126106199626125,0.687520256627648,0.138607086371638,0.496559679882843,0.00429438641500521
1351,0.70911087630817,-0.0917972717330192,-0.125809697833157,0.687682300146632,0.13861983953572,0.496572387360438,0.00429444109422623
1352,0.708917400050234,-0.0918032876492237,-0.125680952298918,0.687904480659958,0.13860992116218,0.496475083776898,0.0043250001655651
1353,0.708550636798967,-0.0921560910506375,-0.125764320962379,0.688219867155051,0.13860879684997,0.49626887195047,0.00436595583206631
1354,0.708239494917675,-0.0925365618075647,-0.125858652172753,0.68847178754169,0.138603446625839,0.496024815291884,0.00438544891150777
1355,0.70769027688688,-0.0925728390149185,-0.125713950094013,0.6890578671115,0.13858783819511,0.495777379383736,0.00438782286796603
1356,0.707164275936454,-0.0924294793174635,-0.125443441084121,0.689666166548243,0.138601241121762,0.495564031433348,0.00440304687938643
1357,0.706506368093917,-0.092562683254499,-0.125396363972905,0.690330828960901,0.138612368944657,0.495227988366457,0.00441784292285057
1358,0.705656863820678,-0.0927685098679887,-0.125393982591479,0.691172006992098,0.138607593574419,0.494808024204219,0.00441530813724636
1359,0.704828026304867,-0.0930215456498263,-0.125315893093067,0.691997378837803,0.138598474357711,0.49435403683446,0.00443982573358247
1360,0.703819962977166,-0.0933811566163436,-0.125304952496353,0.692976253693949,0.138555518632963,0.493829124692765,0.00448616549214774
1361,0.70274970883084,-0.0935474919085808,-0.125250390979306,0.694049027846963,0.138518323584738,0.493314029443054,0.00450973079227809
1362,0.701586779583486,-0.0934772871526907,-0.125025490949858,0.695274488323132,0.138513475361526,0.492816732788202,0.00449863474127038
1363,0.700484203746522,-0.0937532492469327,-0.125173058173549,0.69632170299706,0.138500505513677,0.492264816029097,0.00446445328954863
1364,0.700136313629475,-0.0963362043935994,-0.127530775591689,0.695891068585699,0.138291320202406,0.491091538888839,0.00449679641447254
1365,0.699961571735707,-0.0990707001102382,-0.130240518836773,0.695180697175974,0.137947106867427,0.4896306716942,0.00461690184676251
1366,0.698996636410937,-0.0962071949260982,-0.128346768865969,0.696903856247269,0.137873722708124,0.489590545682418,0.00453420135023165
1367,0.697284966731998,-0.0943054239147588,-0.126225242756299,0.699262004030626,0.137911818529067,0.489195014764133,0.00450692461183042
1368,0.695273836154169,-0.0976342864624376,-0.127690037895115,0.700540572050456,0.137889539782875,0.487164835130266,0.00477410895294642
1369,0.693141314756805,-0.0974069309101177,-0.127034764474367,0.702800950627432,0.137945285635461,0.486230106564374,0.00479500606714518
1370,0.69090954332627,-0.0956751793536374,-0.12536427423615,0.705531049452523,0.137936705546168,0.485648509705076,0.00478711414182389
1371,0.689377674914349,-0.096905424315638,-0.125956441539878,0.706755074196502,0.137840090562269,0.484244210302875,0.00497973102899466
1372,0.687701961417461,-0.0974386381964949,-0.125728151092601,0.708353129499563,0.137904805583388,0.483256695228155,0.00512016250285802
1373,0.685257561983708,-0.0980378010703969,-0.125248785620842,0.710720342332996,0.137985440194523,0.482187536489436,0.00527545594123911
1374,0.683127010090695,-0.0989720689865924,-0.12555270877283,0.712585808843303,0.137949886032454,0.480986898355678,0.00538979868614702
1375,0.681074710800683,-0.0986228066494494,-0.12514953277822,0.714666617914776,0.137893700818784,0.480187965344367,0.00544759431199205
1376,0.679045117800381,-0.0986655230145637,-0.125122467448684,0.716594174340877,0.137799497335144,0.47923377713369,0.00551318597871825
1377,0.677202063728531,-0.0993546748635721,-0.125036471192001,0.718256148136878,0.137850797305466,0.478234053757126,0.00564412815785985
1378,0.675488542640619,-0.100194851302983,-0.124766698709061,0.719798229663611,0.137931944957105,0.477256052016722,0.00583286825702083
1379,0.673931839942907,-0.100638025118945,-0.124364912723145,0.721263635222719,0.137915409216193,0.476401128080679,0.00603669215388634
1380,0.672063174354146,-0.0999463444721425,-0.1232615658012,0.723289986312489,0.13795071793735,0.47582995972872,0.00618035793547121
1381,0.670520352990541,-0.0999940767938196,-0.123061321049742,0.724747923138165,0.137924725007625,0.475057257928016,0.00629432460365194
1382,0.669023020059824,-0.100280583691337,-0.123019262389402,0.726097971520183,0.137915350776523,0.474303928391879,0.00637191122900514
1383,0.6676749702645,-0.100728247961652,-0.12315248033493,0.727253340131367,0.137929269272238,0.473569217013149,0.00644136048162366
1384,0.666734537254334,-0.101376203607641,-0.123948015356833,0.72789065914013,0.137836019769029,0.472813197834056,0.00647916321699682
1385,0.665213710681352,-0.101472572820789,-0.123778618995357,0.729296160394581,0.137773007943942,0.472182377965183,0.00657695233299155
1386,0.664001320533068,-0.101106999068087,-0.123061889925201,0.73057196244985,0.137829268510343,0.471711071569729,0.00666031595596174
1387,0.662959952764047,-0.101172426773119,-0.123024563548127,0.731514318284832,0.13783125860625,0.471126173112548,0.00670508039703095
1388,0.661572891797928,-0.101284229352822,-0.122766090794381,0.732796902745637,0.137817350492838,0.470628639015546,0.00680351279301068
1389,0.660860261000503,-0.101823768024324,-0.12293683283101,0.733336328589519,0.137781912586907,0.470168828859173,0.0069396371284316
1390,0.659945123869459,-0.102635760058393,-0.123199865240471,0.734002811604214,0.137768062976141,0.469619390626005,0.00708845081325212
1391,0.658830723501408,-0.102832246387926,-0.122972593297688,0.735013842162898,0.137794406666384,0.469180491681794,0.00716057302450269
1392,0.657988639315415,-0.102848029268818,-0.122812805366321,0.735792258892021,0.137777928861416,0.468746901593677,0.00721755331841028
1393,0.656944539201036,-0.103065467028976,-0.122525539246605,0.736742067586999,0.137755902097999,0.46824718025076,0.00737528870337505
1394,0.656108825907376,-0.103089542903073,-0.122157746363267,0.737544059506907,0.137754807681919,0.467883531075701,0.00748235608288729
1395,0.654990661862648,-0.103722699234336,-0.122292414934423,0.738426299494933,0.137738397527226,0.467262988401325,0.00762029549637777
1396,0.653669133097898,-0.104249344192008,-0.12234488127657,0.739513670391563,0.137737353787378,0.466631122433459,0.00775453078169518
1397,0.652558812808826,-0.104022951054084,-0.122103891449836,0.740565230869193,0.137723456891814,0.466181368995161,0.00780037129520258
1398,0.651388088686379,-0.103949979509705,-0.121825892847652,0.741651138682676,0.137708835139623,0.465633400526412,0.00792944688537377
1399,0.650264382452221,-0.103949480615549,-0.121734200802295,0.742651683327261,0.137682532945884,0.465099701265629,0.00801696590017442
1400,0.648951968783875,-0.104109263309499,-0.121853294415304,0.743756934854945,0.137643038917794,0.464476156394132,0.00806354976707356
1401,0.647875851934339,-0.103940926506677,-0.121641306046684,0.744752681727662,0.13767603454187,0.463986067331102,0.00809856644211354
1402,0.647074976567681,-0.104138368292549,-0.121749528909361,0.745403398945597,0.137640738897143,0.463401794308667,0.00819181198382051
1403,0.646042864804619,-0.104401555009103,-0.121999031247706,0.746220589719517,0.137536551997174,0.462750037748623,0.00829741846814021
1404,0.644611550176111,-0.10436904509617,-0.121412002033853,0.747557474424138,0.13757833146228,0.462223039411217,0.00845244106606093
1405,0.642927579699858,-0.105196348567715,-0.121018418488619,0.748954202802693,0.137636094887386,0.461398178394572,0.00872807949415478
1406,0.641473831733775,-0.105730038218567,-0.120649047750352,0.750184170384861,0.137683193731754,0.460586148827985,0.00895631642403947
1407,0.639761801318304,-0.105240786814331,-0.119718049389608,0.751862223425946,0.137743402595763,0.459916189404584,0.00913397481137612
1408,0.638437089174956,-0.104741876508774,-0.119324495550366,0.753119437561454,0.137717247228596,0.459116115904473,0.00925065600468684
1409,0.63781558418035,-0.105160074392159,-0.119662025914889,0.753534099350825,0.137652688766454,0.458074610173864,0.00941682061100964
1410,0.636705959248809,-0.105735624493808,-0.11959405532928,0.754402254172041,0.137577593460144,0.456913854329779,0.00970732264665567
1411,0.635143876354423,-0.104900853561254,-0.118773547806729,0.755963564990404,0.137485502735768,0.456045592150754,0.00985577078352335
1412,0.632821537411372,-0.104287612461388,-0.118113963389935,0.758096357548123,0.137427678240793,0.455039375862423,0.0100181548377866
1413,0.630286991800261,-0.105248511094576,-0.117363867413978,0.760188648629659,0.13757765958568,0.453793822062339,0.0104342105050325
1414,0.627923221607784,-0.105900786705931,-0.116468711427823,0.762189274654996,0.137823921206266,0.45271925211843,0.0108246484678002
1415,0.62548104540243,-0.105775341849437,-0.115961652324158,0.764289169156,0.137916811476212,0.451704296950923,0.01105646183458
1416,0.622858169887287,-0.106138802849559,-0.116080904415204,0.766359888279958,0.137831473076933,0.450437992784245,0.0113129226738391
1417,0.620225378943539,-0.106154336266943,-0.11518719135347,0.768624516362943,0.137996247009354,0.449411575036748,0.0116434986089174
1418,0.617470718158259,-0.106740536822835,-0.11409510154534,0.770920668953204,0.138236922410091,0.448293059750694,0.0120871593896863
1419,0.614890422278861,-0.107828193146143,-0.11374465520132,0.77288097580785,0.138319568207046,0.446956871953861,0.0125744712260222
1420,0.612635443416017,-0.108427006574326,-0.113954722480716,0.774555174884355,0.138258995205256,0.445577338880449,0.0129835329230379
1421,0.610047289795945,-0.107953194261574,-0.113491102464026,0.776729155962904,0.138220125363392,0.444346689187762,0.0132861360367831
1422,0.607321556808478,-0.107609981784881,-0.112222110507931,0.779093586399689,0.138325169680306,0.443166513045403,0.0136782049128853
1423,0.604470469729435,-0.107431663359543,-0.111421800154435,0.78144678090272,0.138453770017622,0.441867181772703,0.0139912082603956
1424,0.6014968758586,-0.107462315323905,-0.110708234185395,0.783834833368052,0.138539165207426,0.440551376590636,0.0143696112043208
1425,0.598713086613838,-0.107265368363661,-0.109591423475376,0.786146615185602,0.138643822675316,0.439465768346945,0.0148120326633628
1426,0.596054164970866,-0.107744200520035,-0.109197910251739,0.788153814982732,0.138705151666638,0.438163670145261,0.0153187770078189
1427,0.593366346992566,-0.108080748408322,-0.108321298200093,0.790254026523397,0.138860531740263,0.436914088787055,0.0158829609861472
1428,0.590599069351728,-0.106829896084113,-0.106073915039657,0.792797853889433,0.139168917773931,0.43615369812501,0.0162915977754022
1429,0.587970059368635,-0.10658862858518,-0.104850187229813,0.794944345083508,0.139327159707256,0.43510033375101,0.0167464367519525
1430,0.585441479800033,-0.107225106894756,-0.104437776226984,0.796777133882316,0.139334730425579,0.433823159458931,0.0172510830499095
1431,0.582726370649826,-0.106818305069998,-0.103797296540554,0.79890296524805,0.139336604444747,0.432821684161445,0.0175367286109236
1432,0.580091633007882,-0.106929541612386,-0.10344601382627,0.80084873270067,0.139405546386155,0.431783756536457,0.0178564901034467
1433,0.577640397001208,-0.107871315850096,-0.1031804968206,0.802526719832374,0.139492762353806,0.430683923993872,0.0183364846216267
1434,0.575457378015049,-0.108087863927914,-0.102926510174853,0.804096980010976,0.139521515612939,0.429772971221872,0.0187222815769736
1435,0.573286675096798,-0.108313557986941,-0.103012589414973,0.805604721767872,0.13945831828955,0.428753771055291,0.0190978542176927
1436,0.570884861667153,-0.10797320606706,-0.102186492211509,0.807459090171374,0.139488977446201,0.427916746303821,0.0194190801936555
1437,0.568722752238658,-0.107998288237438,-0.101232588293827,0.809099971506118,0.139629163869559,0.42711176148097,0.0197912503284832
1438,0.566375210016231,-0.109427825142863,-0.101092669093753,0.810570752506574,0.139724080757431,0.4259529681416,0.0203763060619956
1439,0.563893877487098,-0.109764824587734,-0.101091201044208,0.81225362251407,0.139684117263549,0.425008226204345,0.020714573495629
1440,0.562246026564377,-0.110409956014107,-0.101252434444364,0.813287766872601,0.13966765277349,0.42419366333351,0.0210844105090285
1441,0.561077479122029,-0.113668564549897,-0.102951432824657,0.813432555492209,0.139532332229416,0.422689483291943,0.0218851782375875
1442,0.560326028936779,-0.114369925942232,-0.104011976376872,0.813717254398655,0.139331084710442,0.421605789713217,0.0223182546338173
1443,0.558524838145439,-0.111430777734334,-0.102656270182937,0.815533492347347,0.139285075284733,0.421262962033982,0.0223124271425632
1444,0.555167123320497,-0.111821838146517,-0.102029052184603,0.817848038579227,0.139306548018846,0.420045992687382,0.0227976918447703
1445,0.552299656408713,-0.115461372096025,-0.102733117604988,0.819194523682673,0.139429866511832,0.418199661012715,0.0237178338605745
1446,0.549088741682787,-0.115485851684861,-0.101421116445767,0.821509786281776,0.139656373154941,0.417205078773072,0.0242577076581755
1447,0.545726274658368,-0.114139647154907,-0.100189714636815,0.824085550884037,0.139672623619653,0.416250209002787,0.0246348349771084
1448,0.543099135273504,-0.11515658974482,-0.100352086604436,0.825658372341522,0.139625432621286,0.414752376349998,0.0253515509081955
1449,0.540188243822868,-0.115674377468758,-0.0994358640426038,0.827604137601354,0.139815833719459,0.413503249336525,0.026043005475811
1450,0.537367621862781,-0.116009109363998,-0.0984928906694599,0.829504114520046,0.139938129990706,0.412317870280049,0.026647595837225
1451,0.534105122839891,-0.116700312866649,-0.0979584832304907,0.831574945688116,0.139955366056319,0.411005821111143,0.0273169672002685
1452,0.530851934109532,-0.116842835678343,-0.0970546990163977,0.833741183582561,0.140072883255692,0.409917215473933,0.0279287098371988
1453,0.527994465755783,-0.117605736179506,-0.0967148726859172,0.835486067119188,0.140185626549227,0.40872518856678,0.0285044601503659
1454,0.524739231662893,-0.119816044808459,-0.0968600501006288,0.837204267102597,0.140295531795111,0.407202658332363,0.0293708062450315
1455,0.522047290230807,-0.120580588072222,-0.0967004434511461,0.838794356668654,0.140339624965648,0.405998013390812,0.030004871125713
1456,0.518874644453222,-0.119513564223562,-0.095539825897255,0.841045630734531,0.140375694111035,0.405095440522741,0.0304179718931151
1457,0.515923279229613,-0.120258848792071,-0.0945184755322405,0.842868457719963,0.140502593014042,0.403886547418182,0.0312292876976702
1458,0.513860189476486,-0.121833258129983,-0.0951627476851964,0.843829612147871,0.140529766371862,0.402338552196888,0.0320651840729934
1459,0.511294766457169,-0.121095186700529,-0.094592072125673,0.845556596238504,0.140612313529355,0.4012045649561,0.0327522204817648
1460,0.50830337734418,-0.118748762123116,-0.0928407368948237,0.847883839713645,0.140642259003975,0.40033684362671,0.0332148660575387
1461,0.505011043091993,-0.118386212832258,-0.0916364047437612,0.850030187871001,0.140716910042804,0.398957643042181,0.0340333650897073
1462,0.50199503911441,-0.118923000800868,-0.0903993782392524,0.851872204616981,0.140995230632984,0.397552402601162,0.0350832148394994
1463,0.498841793263628,-0.117636457956613,-0.0889954413366562,0.854048207347948,0.14119200591278,0.396536703144173,0.0358118803418161
1464,0.495708795680982,-0.117908229589251,-0.0885603209374064,0.855878209113366,0.141191853665664,0.395148437747803,0.0368253578259233
1465,0.492512269710438,-0.118330299772532,-0.0876812085735927,0.857753816665067,0.141297799278428,0.393834041154128,0.0378251942720334
1466,0.489046255855945,-0.118246510612346,-0.0867463994314608,0.85984102283327,0.141479083642624,0.39259290503134,0.0386963601873551
1467,0.485797086140726,-0.119363028938692,-0.0865371855697956,0.861548010231246,0.141523013390098,0.391070027132623,0.0397664839961085
1468,0.482052361557565,-0.118681386999936,-0.0852796627686329,0.863867830292699,0.141668322684695,0.390023979786083,0.0405489184795856
1469,0.477870436416186,-0.118802630075415,-0.084544708519265,0.866243599311395,0.141814747566281,0.388749768125455,0.0414217980208557
1470,0.473274952328461,-0.120476182818735,-0.0843778921031288,0.868548605546145,0.14190283254288,0.387101108838281,0.0425285679145925
1471,0.468986245580053,-0.121661066072376,-0.083515598417048,0.870790233799106,0.14204567336716,0.385742768705889,0.0435920924700478
1472,0.465103737062249,-0.123872719365003,-0.0836848931302964,0.872542779369367,0.141963361096047,0.384120308058868,0.0448802379106208
1473,0.461188611620738,-0.125284729831279,-0.0835999811078781,0.874425436581761,0.141886782644064,0.382640291163193,0.0461249521940904
1474,0.45708438401275,-0.124043509651876,-0.0822662011458715,0.876880462636702,0.14206015528125,0.381683534020853,0.046860414523783
1475,0.452602191278977,-0.125018751433574,-0.081281666803456,0.879155764856894,0.142226161742471,0.38025244798301,0.0480593794950874
1476,0.448400976819275,-0.126897644109376,-0.0813276464505184,0.881033124138831,0.142229104683803,0.378550383213828,0.0493392455438224
1477,0.444550018974898,-0.127347527664572,-0.0806545702487116,0.882979460760631,0.142282629899869,0.377274070272026,0.0505213211128837
1478,0.440431386463814,-0.127165461775734,-0.0802543740113459,0.885103595406195,0.14216957006996,0.375922594679696,0.0516196610847683
1479,0.436621060213543,-0.12703711369105,-0.0791747045136925,0.887104834666241,0.142150688871754,0.374691065712368,0.0527091073152392
1480,0.43366242639612,-0.128509770658828,-0.0789310972728393,0.888364801565635,0.142067785633405,0.373213421307665,0.0539753926095167
1481,0.43083219594908,-0.128349556494307,-0.0786923184353424,0.889785102876351,0.142020251429205,0.372041530753909,0.0548384570692104
1482,0.427348424890834,-0.127100155854971,-0.077885916722735,0.891713327309413,0.142013127129882,0.371143513642913,0.0555925449028489
1483,0.423698528431453,-0.127089983918854,-0.0775720352517414,0.893482105215001,0.141910214080246,0.370112783270084,0.0565230848052354
1484,0.420542159927706,-0.128133745535703,-0.0771164990632302,0.894862604286581,0.141903674901363,0.369165002984245,0.0575919279257103
1485,0.417670462646727,-0.128222312919132,-0.077054790386143,0.896199186777518,0.141819952871354,0.368351242780794,0.0582697176997101
1486,0.415597171630917,-0.128387078917383,-0.0770354002129668,0.897140622206726,0.141716981706933,0.367714497551123,0.0588228622694404
1487,0.414390519840579,-0.130498499376727,-0.0775030818914154,0.897353838251115,0.141576361427477,0.366940841653229,0.0595894720216817
1488,0.413209845445684,-0.132753805261295,-0.0779835910941477,0.897525827113326,0.141435925180121,0.366224673716643,0.0602979586654108
1489,0.412029586074549,-0.133685420439043,-0.0780144966923711,0.897927372824277,0.14138538923871,0.365775369089068,0.0607797616075044
1490,0.410448373723028,-0.133840824960922,-0.0782387138375595,0.898608629904558,0.141276305829466,0.365279242244092,0.0611709337307566
1491,0.409252622629688,-0.133160300734269,-0.0781132681556475,0.899265779687588,0.141242076521267,0.364990519354498,0.0613490751267091
1492,0.408307064212761,-0.133244041225566,-0.0777349969583118,0.899715864614895,0.141299709225068,0.364768240503923,0.061658507486495
1493,0.407440339589717,-0.133774766321548,-0.0776875618008913,0.900034068417448,0.141297348797761,0.364523032389001,0.061935840460444
1494,0.406936711404133,-0.133473287457196,-0.0777315994659881,0.900302833990551,0.141294736865877,0.36441610423397,0.0619875706925797
1495,0.406499634007289,-0.132807649535389,-0.0775751418261278,0.900612165778079,0.14128271392679,0.364399144230855,0.0619886043368531
1496,0.406397120173905,-0.132573919187414,-0.0773940326088971,0.900708443605465,0.141281279389408,0.364419456008931,0.0620004901989046
1497,0.406291668176181,-0.133298303427099,-0.0774446779593788,0.900644749348954,0.141278108486866,0.364325459588802,0.0621505879608157
1498,0.406190033189929,-0.133657818270822,-0.0776859297212307,0.900616533756513,0.141248296303327,0.364234435259613,0.0621971277224711
1499,0.406550490100724,-0.132902534318203,-0.0776125818760064,0.900571986298264,0.141251622805597,0.364378876474594,0.0620062910481196
1500,0.406752255280067,-0.13261900153672,-0.0773697970901658,0.900543567937837,0.141289026253466,0.364509252855465,0.0619329435437092
1501,0.406901618788476,-0.133370939380204,-0.0776259409075948,0.900342978233501,0.141273259206152,0.364438264890447,0.0620044106667278
1502,0.407096552056143,-0.133535670488622,-0.0778118318568714,0.900214386040476,0.141278031931883,0.364429474636206,0.0619619195131279
1503,0.40716417237046,-0.132767423994636,-0.0775399481510785,0.900320889630156,0.141323287785812,0.364571771791976,0.0618116306111558
1504,0.407350128458336,-0.132557224917831,-0.077456082918406,0.900274963656103,0.141322697915683,0.364630221949002,0.0617659758327652
1505,0.407234126087043,-0.133182890394787,-0.0776770485073089,0.900216063171173,0.141275102761342,0.36451209691294,0.0619015178207318
1506,0.406968899413443,-0.133461128554533,-0.0778259411420635,0.900281936373552,0.14122615152115,0.36439024283392,0.0619982286653759
1507,0.406744866249651,-0.133016572255865,-0.0775437647534389,0.900473303231538,0.141254301719955,0.3644075706392,0.0620003881667109
1508,0.406315127887822,-0.132906526627809,-0.077182901680018,0.900714533977046,0.141303653759396,0.364403684364734,0.0621304219796968
1509,0.405874302140057,-0.13325660791141,-0.077305650084287,0.90085102196496,0.141269806951487,0.364260901868634,0.0623148468845154
1510,0.405222520751553,-0.133517416127652,-0.077392775909341,0.901098311231022,0.141232802181855,0.364054178277968,0.0625159025084901
1511,0.404491162777801,-0.133139295132054,-0.0769275025632973,0.901522593547037,0.141308870434724,0.363984919067525,0.0626477452502876
1512,0.403781267325736,-0.132914109310156,-0.0767087889332377,0.901892615228391,0.141339324363778,0.36385447621423,0.0627977763910679
1513,0.402749413995912,-0.133522587111549,-0.07717714555349,0.902224094369688,0.141204762509076,0.363414816788296,0.0631264094460144
1514,0.401590784040867,-0.133753404121174,-0.0771881447167113,0.902705300402424,0.141138542641053,0.363047056521821,0.0634768577584933
1515,0.400399322960078,-0.133523426603296,-0.0767746234864849,0.90330367756903,0.141169951685992,0.362808473273072,0.0637750517721053
1516,0.39903739588082,-0.133911642848305,-0.0765552067099002,0.903867318207671,0.141180647491327,0.362475631918533,0.0642168486148098
1517,0.397510061700113,-0.134456399696808,-0.0765751333645992,0.904457559191109,0.141129637149481,0.36205593267624,0.0647110905237076
1518,0.395825668648235,-0.134160813808105,-0.0760025489955271,0.905288091506625,0.141161442467088,0.361791465840769,0.0651488831192488
1519,0.394148551745291,-0.134191099054692,-0.075722171474624,0.906038531652353,0.141117498783364,0.361376327787963,0.0656475539329647
1520,0.392375887395612,-0.134744982997288,-0.075963294137361,0.906705316236409,0.140979893393246,0.360787991065939,0.0661800417606356
1521,0.390532836017024,-0.13480516354332,-0.0756393089421343,0.907518796949857,0.140988581715736,0.360387507535778,0.0666695693751934
1522,0.388797076579808,-0.134535239903806,-0.0751001056179356,0.908348543568599,0.141026069768706,0.360070019405016,0.0671292957691909
1523,0.38689464730251,-0.135036199926875,-0.0750205048439078,0.909092778791549,0.14093318902706,0.359541275479535,0.0677494079525849
1524,0.384860552993725,-0.135554584729601,-0.0748378301685553,0.909893734720606,0.14089417191648,0.359037040423008,0.0683876031703013
1525,0.382833635235155,-0.135860834585555,-0.074780072237598,0.910707517348184,0.140838361988132,0.358495331265544,0.0689782089661958
1526,0.380710748592078,-0.135660693634086,-0.074403204285701,0.911657646982242,0.140842350224828,0.358047661533706,0.0695106209832277
1527,0.378600105382254,-0.135626041655195,-0.0739853034730319,0.91257531848034,0.140856547241459,0.35760577936163,0.0701008132531994
1528,0.376458647426955,-0.135671050027576,-0.0734563189959231,0.913496810153956,0.140905936069446,0.357191132570168,0.0707245304486476
1529,0.374274024425702,-0.135676397047896,-0.0731400400976496,0.914418615546952,0.140913138009719,0.356702165839185,0.0712881038905035
1530,0.372235034326214,-0.135564697885134,-0.0728738882971498,0.915288308846961,0.14092151428256,0.356211389290763,0.0717973326397573
1531,0.370114343569822,-0.135563104527632,-0.0723198050342875,0.916192044919902,0.140949533083943,0.355769717583522,0.0724228896550291
1532,0.368017182156566,-0.135565671666296,-0.0715953709392799,0.917092909777016,0.141010137498101,0.35536088423882,0.0731052885066383
1533,0.366041640399447,-0.135221316495023,-0.0709870662764684,0.917981235908717,0.141065499039606,0.354961372672279,0.0736758894511436
1534,0.364091601095957,-0.134663924157019,-0.0707491618612444,0.918856620827181,0.141072016648929,0.354477072321013,0.0741422792868611
1535,0.362253327957394,-0.134007221384491,-0.0701200505976922,0.919727008141425,0.141134496428585,0.354113091833117,0.0746308321029483
1536,0.360376717598252,-0.133627523531173,-0.0694802925719888,0.920567648417077,0.141190797243482,0.353719773772335,0.0751847654832114
1537,0.358482323388897,-0.13406096575718,-0.0694675239165971,0.921244996946441,0.141120173986013,0.3531086812815,0.075883212928949
1538,0.356805913208766,-0.133659279655109,-0.0690398163328216,0.921986030817206,0.141176038404552,0.352732868749445,0.0763554092306579
1539,0.354914244807969,-0.133013958978686,-0.0684834475964959,0.922850574553922,0.141220673373519,0.352401899032225,0.0767865780860676
1540,0.353227787311061,-0.13290396097527,-0.0679522743245659,0.923552465127204,0.141245463815705,0.352034892559519,0.0773671918982159
1541,0.351525689693662,-0.132450183738896,-0.0674506612999709,0.924303546787052,0.141288786830195,0.351711786466678,0.0778427838286229
1542,0.349783362486805,-0.132598060165166,-0.0672521046034976,0.924957571023806,0.141283239794762,0.351303857956348,0.0783496251176468
1543,0.34795448166516,-0.133663409402415,-0.0674113295212118,0.92548229822522,0.141183071773496,0.350759474903038,0.0790218313111591
1544,0.346200233110809,-0.133540182879276,-0.0667429278616722,0.926206132419259,0.141286077947635,0.350530698331381,0.0795012002076219
1545,0.344673562927045,-0.132457857320611,-0.0657687718677713,0.92700028031291,0.141447545889187,0.350453165761836,0.0798035066849989
1546,0.343315327747886,-0.132194024309645,-0.0656658658335174,0.927549092897253,0.141417705163241,0.350051927156245,0.0802291029201638
1547,0.342025019883984,-0.131676992958071,-0.0652799055935544,0.928126386449915,0.141453462873287,0.349707592432199,0.0806495079698021
1548,0.340886356902115,-0.130484990283677,-0.0643801556555966,0.928776267217479,0.141557578230349,0.349603948364973,0.0809302112039273
1549,0.339529880257968,-0.130282039553039,-0.0638648121318371,0.929337041311319,0.141605302358789,0.349346077174322,0.0813899294346945
1550,0.338153126450491,-0.130732797820173,-0.0637912199289111,0.929780661718585,0.141567010372488,0.348991247299111,0.0818749833598234
1551,0.336974030255813,-0.130758373971577,-0.0639178374501793,0.930196355951342,0.141531642051974,0.348669036720338,0.0821590629913221
1552,0.335878758482617,-0.130507724966028,-0.0636475340128104,0.930646111440034,0.141598636257784,0.348462797534602,0.0824127578844619
1553,0.335760041729775,-0.131044694926315,-0.0636747298641349,0.930611632791047,0.141636343470452,0.348283875689496,0.0825858012198149
1554,0.337318600633421,-0.136750190621955,-0.0655143441037414,0.929098174440261,0.141309556625861,0.347423045251936,0.0834878244817744
1555,0.337996178079337,-0.143482538910011,-0.0671755169750367,0.927716979768526,0.140962994284062,0.346467037562303,0.0847706020771495
1556,0.335650079580302,-0.142039348494402,-0.0665214660364151,0.928837306590012,0.141055236821949,0.346597280200927,0.08463125791593
1557,0.333023661094456,-0.141780138488327,-0.066257887684302,0.929840591607556,0.141057633872994,0.346477199318654,0.084915040372216
1558,0.331040488727594,-0.146245712670685,-0.0672570258770086,0.92978539395853,0.140818378077807,0.345611802319965,0.0862980410078621
1559,0.328654672158712,-0.145791769366106,-0.0667987341639032,0.930735620661125,0.140802348200927,0.345383314805607,0.0866720697008697
1560,0.326160336796036,-0.144358987213624,-0.065988169197616,0.931893491251924,0.140865485247701,0.345164768187916,0.0870008725479099
1561,0.323971875586347,-0.146517670631473,-0.0661887169153463,0.932305663275136,0.140768425159336,0.34434673022954,0.0882232780667372
1562,0.321497440744284,-0.145265397027834,-0.0656905038059128,0.933392799270997,0.14081710960552,0.343931250085174,0.0887055674436869
1563,0.319222066575627,-0.143637419807189,-0.0647804175568018,0.934488663036361,0.140914847160915,0.343559066191324,0.0892281512684069
1564,0.31746727422374,-0.144003833997976,-0.0643120866520848,0.935062233811893,0.140920271039597,0.34295966712077,0.0902313895392004
1565,0.314807971016106,-0.14231296650204,-0.063415822187572,0.936280617361262,0.140978780070168,0.342660503003337,0.0907373634597026
1566,0.312192403282023,-0.142157561758216,-0.0627827561278414,0.937222202309007,0.141022605556007,0.342209767748633,0.0915183756073438
1567,0.310195781550781,-0.143921174580436,-0.0625176300002106,0.937633627039178,0.140955357939011,0.341564114873438,0.0926966305659962
1568,0.307677538053458,-0.141996979827163,-0.0619871301852906,0.93879123663822,0.140994302517882,0.341240987690113,0.0930314300149217
1569,0.305739329349267,-0.14106716632598,-0.0617877891188293,0.93957745087333,0.140982748127649,0.340795716147967,0.0935537661043608
1570,0.304019860433873,-0.141889008371833,-0.0614849411184176,0.94003140148651,0.140986268885684,0.340239019602942,0.0944989415154134
1571,0.301659661354588,-0.141112077299455,-0.0611642277116529,0.940929204350734,0.140944261822948,0.339822164522339,0.0949977433878376
1572,0.299894337192604,-0.140853917541452,-0.0608494434566447,0.941552391353795,0.140962511860913,0.33949466239692,0.0955315184646039
1573,0.297918168603113,-0.142009124056796,-0.0604278204154114,0.942033254201056,0.140967957755994,0.339102482234408,0.0964507733069715
1574,0.295863999670794,-0.141448446240111,-0.0598947157788389,0.942798734501076,0.140962445333082,0.338864193384351,0.0969018990330309
1575,0.29426057135641,-0.141864792609509,-0.0596957761160363,0.943250502823489,0.140923278813676,0.338470208283618,0.0975442731349462
1576,0.292345592703459,-0.14234494859964,-0.0594358417604574,0.943789886971277,0.140941671215326,0.33808788163041,0.0982081778933943
1577,0.290504801003009,-0.141963910184011,-0.0587253342720598,0.944459921814633,0.141002098407236,0.337922947678011,0.0986911102592948
1578,0.288849837381724,-0.141557249222241,-0.0581433735043455,0.945064370693721,0.141069896703715,0.337707890438264,0.0991974309080404
1579,0.287088317095251,-0.141910091594128,-0.0577884793721958,0.945569836523465,0.141067770014312,0.337347056647463,0.0998934199807506
1580,0.285496407154033,-0.142431404363457,-0.0577578287912118,0.945975226824951,0.140975790839556,0.336902215223109,0.100561824975425
1581,0.283870454076992,-0.142313965680014,-0.0574559808033239,0.946500454698506,0.141024406393446,0.336581585737055,0.101118622959964
1582,0.282580127124878,-0.142022093610773,-0.0572220505417943,0.946944472296181,0.141042651792246,0.336272953893831,0.101617125974274
1583,0.281288083326747,-0.140557402547959,-0.0569225466003329,0.947565540981662,0.141066170774377,0.336048898054286,0.101843109072199
1584,0.279983453160803,-0.140025430167212,-0.0562753480660764,0.948069211641577,0.141120884297491,0.335857721274562,0.102369743545922
1585,0.27917040320281,-0.139786983220182,-0.0560553401009802,0.948357150099025,0.141150017117064,0.335611958236971,0.102839239858569
1586,0.278117717073635,-0.138750988025638,-0.0556588069963119,0.948841818205441,0.141273223423068,0.335485859837657,0.103037795313874
1587,0.276526243477582,-0.138925854311246,-0.0549947340317317,0.94931997919608,0.14135009410338,0.335305196729934,0.103544915036423
1588,0.274975250173458,-0.13998649636594,-0.0549065968644925,0.949619744028099,0.14129071098968,0.334974672470568,0.104251839555154
1589,0.273710914792674,-0.13976082263605,-0.0548986453941432,0.950018624192884,0.14125790516931,0.334753207228636,0.104592721502763
1590,0.272253349094104,-0.139621456476713,-0.0545626935307296,0.950477182931309,0.141253491701256,0.334528985877551,0.10502124776382
1591,0.271369141970974,-0.139395873306179,-0.0543156095630828,0.950777257747016,0.141305877626608,0.334319259151433,0.105333266829899
1592,0.270094713151313,-0.138880666285493,-0.0539559345154044,0.951235913740843,0.141419290016716,0.334143698006277,0.105646197217689
1593,0.268690943440858,-0.138532089926029,-0.0537728778750148,0.951694548990708,0.14141432315754,0.333931647630213,0.106037972795636
1594,0.268018231531792,-0.138513522090681,-0.0538670340079593,0.951881596844792,0.141325715853607,0.333691179928321,0.106365867226609
1595,0.26700292963579,-0.138862972478187,-0.0538097605169419,0.952119225787158,0.141261967280731,0.333442801500425,0.106807209912294
1596,0.266109376235965,-0.138186775707141,-0.0535248514319429,0.952483755860518,0.141348182672068,0.333336592137191,0.106964149041856
1597,0.26506521305396,-0.137498879141579,-0.0530288572444402,0.952902110063157,0.141480229694707,0.333267705483102,0.107146559376591
1598,0.264120250566144,-0.137748111982209,-0.0527119814056715,0.953146052765525,0.1415345262997,0.333102698141745,0.107555850937355
1599,0.263447687880382,-0.137681109373578,-0.0529479814661885,0.95332876759846,0.141486248761497,0.332876773289334,0.107790373764617
1600,0.262472960186055,-0.137675917654097,-0.053162457249335,0.953586409303575,0.141440457521653,0.332661209061038,0.108081614207177
1601,0.262356862138492,-0.139227852924997,-0.0535667296045416,0.953370383082154,0.141387400623798,0.332362381247173,0.108547172466387
1602,0.262708214632989,-0.142585254527449,-0.0540108987713909,0.952752151385446,0.141323424973913,0.331956136608068,0.109280638661665
1603,0.262064313610966,-0.146035819893497,-0.0542718973696717,0.952391934024823,0.141213479712798,0.331539168379107,0.110239302984585
1604,0.261082356758407,-0.14553142449837,-0.0541627744239409,0.95274498232195,0.141217379998076,0.331486331894154,0.110319893701229
1605,0.259498088235963,-0.144995592310513,-0.0540917377490034,0.953263397136225,0.141173532949712,0.331350343907475,0.110584265251852
1606,0.257673544788337,-0.146107058575696,-0.0539710540340028,0.953595405335528,0.141156794798089,0.331010241424878,0.111337705030177
1607,0.256273805251045,-0.146150983170413,-0.0536123116168209,0.953986030769619,0.14122110814956,0.330762301287285,0.111821003862707
1608,0.254597437334832,-0.145546602328208,-0.0532854372989227,0.954545438219215,0.141244189852819,0.330499246777205,0.112303066077294
1609,0.252946813565826,-0.145109947187628,-0.0529475701758376,0.955069404570461,0.141258506477281,0.330290548982048,0.112862525018188
1610,0.251102999520078,-0.144731759910049,-0.0526802389948313,0.955627957797807,0.14127954785881,0.330065541454757,0.113364413761678
1611,0.249310816082561,-0.14517797158446,-0.0522113371142219,0.956055149992726,0.14134742224073,0.329853705095611,0.11399191948184
1612,0.247885068888422,-0.145807752704355,-0.0521365971357051,0.956334077146996,0.141313319411714,0.329561068998698,0.114584936328675
1613,0.246231057470803,-0.14532197206825,-0.0520646461595113,0.956839100053551,0.141275596237059,0.329296686239328,0.114980871040915
1614,0.245064607268842,-0.145024864094378,-0.0517015009764208,0.957203260470502,0.141289855973695,0.329114006615905,0.115454348918841
1615,0.243913113845478,-0.145240062790869,-0.050975253429279,0.957503650433004,0.141344616335097,0.328965494721448,0.116068093414452
1616,0.242505711543919,-0.144596443398608,-0.0501877816427315,0.958000018266614,0.141443065375838,0.328883476427379,0.116449546054609
1617,0.241383559835188,-0.144139299031007,-0.0502349036020231,0.958349776426247,0.141435730665328,0.328631683624414,0.116805062163472
1618,0.240125596517285,-0.143746215525085,-0.0500883952140402,0.958732431956026,0.141465541899808,0.32840744561195,0.117210002942341
1619,0.239172289597296,-0.143166067607988,-0.0498120541763686,0.959071870212646,0.141502179861427,0.328261918294794,0.117480409571582
1620,0.238339204088636,-0.14287165872038,-0.04967199576833,0.959330394475894,0.141536866690945,0.32808480370856,0.11775422548197
1621,0.237056726068287,-0.143074972417606,-0.0492714849225103,0.959638464041025,0.141581364565287,0.327942581976452,0.118211071843276
1622,0.236008384373879,-0.143009073907159,-0.0489222040068174,0.959924510178047,0.141599972495769,0.327865769912365,0.118555573171905
1623,0.235032770230812,-0.143019299171943,-0.0486056353111843,0.960178404880048,0.141618278340309,0.327788986084968,0.118883431319196
1624,0.234172560203904,-0.14319874229356,-0.0487234382180496,0.960355850100005,0.141570031631973,0.327603840649508,0.119159120677229
1625,0.233390108568411,-0.143622984833226,-0.0487814509157944,0.960480018270328,0.141524071649338,0.327410222295084,0.119504359069175
1626,0.232473467045391,-0.143523442332312,-0.0486434522958589,0.960724166017343,0.141542604400751,0.327278244511739,0.119740676944516
1627,0.231797858018982,-0.143404968401199,-0.0486627672556369,0.960904107150493,0.141556260691988,0.327127350193795,0.119937747456814
1628,0.230924868606244,-0.14314744494753,-0.048582018886294,0.961156751786676,0.141607930494275,0.327016426101959,0.120125760759287
1629,0.230075744883676,-0.143132406997123,-0.0484246736170872,0.961370540774217,0.141639286170607,0.326926130833639,0.120377282343042
1630,0.229601753894164,-0.143032801388126,-0.0480763850531197,0.961516153549181,0.141716541426671,0.326906140504979,0.120576150259693
1631,0.228856986361297,-0.143344248706207,-0.0479258704763527,0.961654832616965,0.141694044892173,0.326804780266348,0.120878245074543
1632,0.228175152138234,-0.144138516277558,-0.0479315157587045,0.96169785165044,0.141602773687874,0.326654821973927,0.12130005239992
1633,0.227481739164727,-0.144599566336275,-0.0478873703637991,0.961795104750275,0.141540331791199,0.326532183519709,0.121614835654771
1634,0.226882245384133,-0.144452718210248,-0.0476540414301784,0.961970348434137,0.141547988260302,0.326502567914323,0.12175172792016
1635,0.226673055726414,-0.143986117279225,-0.0475217197649394,0.962096154232562,0.141573015164477,0.326500896036548,0.121738645730448
1636,0.226270000171692,-0.143778341541511,-0.0475066950415136,0.962222837731525,0.141577898688957,0.326441943325182,0.121799120047025
1637,0.226109464379068,-0.143530773716037,-0.0474280530513226,0.962301411668115,0.141603748165279,0.326421982255673,0.121829830350221
1638,0.225983910577042,-0.143335031302298,-0.0472258265686291,0.962370023570345,0.141656843726876,0.326435408026298,0.121890075662965
1639,0.225777927143031,-0.143267453470496,-0.0469615079264557,0.962441365052619,0.14171199863573,0.326455342247781,0.121992746857226
1640,0.225852970154485,-0.143018021463333,-0.0470430529979823,0.962456873098083,0.141706816743785,0.326432703716307,0.121962952505825
1641,0.225767457544425,-0.142816312215692,-0.047024188635686,0.962507808675956,0.141700763478398,0.326439925900338,0.121939794388792
1642,0.225831342709955,-0.143050106243355,-0.0470426248294763,0.962457200712186,0.14169275886371,0.326437931233997,0.121977304193997
1643,0.225961836562912,-0.143197229504244,-0.0470689508937158,0.962403405927675,0.141700258843511,0.326438173905054,0.121977461562037
1644,0.22591936718399,-0.143006712374238,-0.0470705371815797,0.962441626425486,0.141710017646396,0.326447269076829,0.121928872916132
1645,0.226081087870383,-0.142828414181868,-0.0470324007899894,0.962431991927516,0.141729965443726,0.326483811266662,0.121865656587763
1646,0.226022036602104,-0.142950873392306,-0.047033023134398,0.962427650008796,0.141729751946064,0.326476772020722,0.121898172641299
1647,0.225945768228396,-0.143127745420762,-0.0470397574978784,0.962418941794575,0.141720969451381,0.326459866531474,0.121959229832732
1648,0.225977578512487,-0.143075828446571,-0.0470804212967778,0.962417204363304,0.141703354615534,0.326453985264639,0.121952828984562
1649,0.225880274622846,-0.143032099081102,-0.0470485643525088,0.962448103931391,0.141709215597289,0.326457342000439,0.121961407384029
1650,0.225991426369988,-0.143018690887988,-0.0470381953576018,0.96242450999621,0.141726689282106,0.326472137012379,0.121936129165908
1651,0.225944261572664,-0.143203493448869,-0.0470941506263029,0.962405367349544,0.141707281743434,0.326441031131477,0.121978646340057
1652,0.225914885849054,-0.143067872685466,-0.0470737210099847,0.962433432995414,0.141714602831293,0.326449834606616,0.121953519038077
1653,0.226003470662719,-0.142954950337409,-0.0470665939702975,0.962429763231826,0.141725183674668,0.326463376677729,0.121916056936955
1654,0.225890478539298,-0.143041596639932,-0.0470130818138521,0.962446031460648,0.141725011927941,0.326460497027237,0.121953507140723
1655,0.225895978148495,-0.143172728613902,-0.0470658644862911,0.962422662470987,0.141701170466722,0.326440828144925,0.121985217916293
1656,0.225879474578562,-0.143069842233251,-0.0471271621861874,0.962438836390003,0.141694735964963,0.326426365439889,0.121961994203921
1657,0.225859554584055,-0.143025968675282,-0.0470227473763957,0.962455139274951,0.141709428725072,0.326448185306625,0.1219614477835
1658,0.225914659527091,-0.143015597773766,-0.0470017858582389,0.962444771158484,0.141717647904463,0.326459621156292,0.121954505092798
1659,0.225812391223907,-0.143135798394242,-0.0471207965801895,0.962445082961845,0.141684854913087,0.326411700982179,0.121988822421438
1660,0.225851654260859,-0.142962931952753,-0.0470294001959478,0.962466033620052,0.141705999732885,0.326444008609481,0.121951297676279
1661,0.225829446404768,-0.14280105658336,-0.0470256276390368,0.962495459584276,0.141707398304965,0.326449120331642,0.121915350404446
1662,0.225707556879462,-0.142963639246083,-0.0470687935011216,0.96249780534782,0.141687935112726,0.326411722354781,0.12197276450238
1663,0.225700851524483,-0.14302111811108,-0.0470817317074751,0.962490205630585,0.141689484899935,0.326398838095295,0.121996097104774
1664,0.225561768306436,-0.142922212196345,-0.0469744320471891,0.962542743296744,0.141712422250274,0.326411214671338,0.122010880074595
1665,0.225503392056661,-0.142843885236913,-0.04687652233339,0.962572821284338,0.141731770049064,0.326426619996908,0.122024389942354
1666,0.225474727155438,-0.142859466086945,-0.0468588361133975,0.962578085062002,0.141732571724627,0.32642493982028,0.122046680381514
1667,0.225406708193799,-0.142921453033153,-0.046947667788492,0.962580485285957,0.141707094127477,0.326387440885429,0.122073042198827
1668,0.225477073589293,-0.142867672301951,-0.0469588294228527,0.962571444535867,0.141703656146564,0.326388955970627,0.122053091858372
1669,0.225453000221089,-0.142840621313125,-0.0468102647657907,0.962588333976029,0.141712892276713,0.326432629790435,0.122050784724753
1670,0.2254943626907,-0.142872637431385,-0.0468749846821256,0.96257074424645,0.141704510401788,0.326427972950413,0.122035921293852
1671,0.225565131981225,-0.142939813511858,-0.0469450553263461,0.962540774579391,0.141697786542363,0.326417882194827,0.122034416005771
1672,0.225523158818526,-0.142895150003077,-0.0469636093461719,0.962556336189884,0.141703681956386,0.32641207121414,0.12202272280997
1673,0.225592533204976,-0.142818827833373,-0.0469338156221675,0.962552860018403,0.141734763524979,0.32643295869879,0.121993917047665
1674,0.22554085056883,-0.142976806259964,-0.0469342657867341,0.962541496399739,0.141733102284403,0.32642505404726,0.122042913755957
1675,0.225529389936172,-0.14301805519984,-0.0470772328343704,0.962531071867569,0.141707128421582,0.326384143342485,0.122054183549362
1676,0.225589194058981,-0.142874567689274,-0.0471061714196353,0.962536951002717,0.141717348547903,0.326386313078415,0.122018154378847
1677,0.225505629796335,-0.142782413030812,-0.046894985865512,0.962580518065855,0.14176342341619,0.326446103258473,0.122018831464184
1678,0.225551602421981,-0.142884412404615,-0.0469196771745736,0.962553407988616,0.141766681672223,0.326441650639788,0.122029437577513
1679,0.225576278730366,-0.142886077047492,-0.0470001457845792,0.962543452399094,0.141755186873366,0.326422443234988,0.122014317875469
1680,0.225593589364124,-0.142947065619747,-0.0470297396890835,0.962528894347225,0.141734809009508,0.326417333372091,0.122020709633061
1681,0.225651149276481,-0.143086713876868,-0.0470543614598454,0.962493448398341,0.141721989381719,0.326419443914038,0.122039876889442
1682,0.225608418550059,-0.143165202894469,-0.0470490043656109,0.96249205573227,0.141722552704921,0.32641667121732,0.12206028993619
1683,0.225629212589159,-0.143189788905741,-0.0470586518467963,0.962483052352553,0.141715757418961,0.326413667795553,0.122067864475643
1684,0.225625071531213,-0.143109301385165,-0.0470245960282685,0.962497658346223,0.141718466229222,0.32642312730859,0.122059440009509
1685,0.225586046827587,-0.143165069161918,-0.047107575686688,0.962494454405576,0.141695839862151,0.326394175920067,0.122074870508617
1686,0.225627882858511,-0.143042887732689,-0.0471158302265178,0.962502410016695,0.141710646953136,0.32640676055818,0.122040305786933
1687,0.225580208271993,-0.142962988697072,-0.0470443819704172,0.962528950018537,0.141729319327208,0.326420229514366,0.122033099154286
1688,0.225626758158552,-0.143001178744097,-0.0470494174356085,0.962512120027395,0.141725699026389,0.326415866444821,0.12203356862934
1689,0.225645640596121,-0.143159082992179,-0.0470219508273263,0.962485562477275,0.141729424864314,0.326420459506337,0.122065583156233
1690,0.225641952141521,-0.14306573312857,-0.0470251773705557,0.962500149678646,0.141746203573858,0.326424304312736,0.122032308414173
1691,0.225678080058844,-0.143072321821774,-0.0470292098643449,0.962490502981206,0.141745496098682,0.32642335635559,0.122033494157334
1692,0.225626794286154,-0.142989972066963,-0.0470019991473342,0.962516093197717,0.141750996736077,0.326428644421095,0.122023931014744
1693,0.225595869813724,-0.142985766734193,-0.0470137277232919,0.962523393710503,0.141747170386332,0.326425448891476,0.122034262105669
1694,0.225597804763643,-0.142909956308031,-0.0470278963765128,0.962533506864183,0.141727568973357,0.326427668790028,0.122022155674882
1695,0.225522578418965,-0.14285220604993,-0.0469739685453743,0.962562340905267,0.141728859538044,0.326428114897998,0.122034704927309
1696,0.225558008914392,-0.142771187026394,-0.0469057273065171,0.962569387377085,0.141743884391189,0.326455535895248,0.122015659020705
1697,0.225556701470042,-0.142797834319385,-0.0469024736941138,0.962565899508714,0.141754557833547,0.326454478976635,0.122015437687828
1698,0.225576706359004,-0.142875353191646,-0.0469714154575417,0.962546346483379,0.141742131115955,0.326433159301703,0.122019944329863
1699,0.225605391626109,-0.142898335558367,-0.0470068303756149,0.962534482946931,0.141735997955134,0.326429147070282,0.122019431613604
1700,0.225578315752305,-0.142930497863309,-0.0469796080730749,0.962537382478312,0.141750938676886,0.326434639576537,0.122027719000448
1701,0.225596223582314,-0.143180607345296,-0.0470508810242819,0.962492530973861,0.141731380380674,0.326409912400665,0.122084621933744
1702,0.225577850271921,-0.142938871206127,-0.047004847575623,0.962535015918595,0.141769453150669,0.326433068480284,0.122034714504037
1703,0.225573481152355,-0.142749876955531,-0.0469743346759731,0.962565576525433,0.141784171582051,0.326451928068501,0.121991330950578
1704,0.225609768352383,-0.142985570570198,-0.0470845844427585,0.962516701642393,0.141748958370649,0.326418585421606,0.122040627566264
1705,0.225560248246682,-0.143074480975326,-0.0471428998409673,0.962512241116507,0.14173471665799,0.326400023028607,0.122065395208158
1706,0.225585136713286,-0.142903926154914,-0.0470724532077509,0.962535193191689,0.141757116407485,0.326431697356267,0.122025481494757
1707,0.225598496953149,-0.142992792552026,-0.0470303537147453,0.962520921996046,0.141757048287436,0.326433506508577,0.122052705092689
1708,0.225596547257671,-0.143108377697462,-0.0470831140900569,0.96250162101983,0.141728264104015,0.326410296321102,0.122070403778744
1709,0.225645371083212,-0.143170081846149,-0.0470914419776809,0.962480592149966,0.141720039389996,0.32640812794881,0.122074924234355
1710,0.225631367401299,-0.143026334129857,-0.0470261504320255,0.962508438906142,0.141739467360802,0.326429260181477,0.122045114163599
1711,0.225660335685061,-0.143042045022947,-0.0470247812912782,0.962499379843263,0.141737282638017,0.326431976750785,0.122050451043884
1712,0.225690918207335,-0.143029560753331,-0.0470052667341521,0.962495017695515,0.14175240987883,0.326441822285692,0.122050205828642
1713,0.225694477715467,-0.142837609328592,-0.0468851514590746,0.96252854641444,0.141793960701072,0.326483316842467,0.122009099084172
1714,0.22570861759825,-0.143135295332972,-0.0470579555839544,0.962472574148525,0.141742441413343,0.326424629234785,0.122073677249907
1715,0.225696763400969,-0.142972251184027,-0.0471156767306776,0.962496763312952,0.141747093460127,0.326421088271291,0.122025679248239
1716,0.225704188738372,-0.142987302225549,-0.0470287169306495,0.962497039149768,0.141763511838816,0.326449474745612,0.122029554703799
1717,0.225736463909192,-0.14314356797103,-0.0469963636079785,0.962467822640281,0.141769183714856,0.326450463060687,0.122060011524773
1718,0.225708166379067,-0.143203646869417,-0.0471012037313217,0.962460396982733,0.141747118953192,0.326419814359648,0.122060571804389
1719,0.225748366802733,-0.143040587616767,-0.0470823164944352,0.962476140303575,0.141769216967211,0.326439674507406,0.122012761806592
1720,0.225684617711966,-0.143162826447781,-0.047101765481745,0.962471964339839,0.141754591399532,0.32642240764162,0.122055404045538
1721,0.225650329781001,-0.143220878344256,-0.0470370696997583,0.962474530961773,0.141758833478251,0.32642807485856,0.12208742356364
1722,0.225640303322745,-0.143163013047944,-0.0470058282616599,0.962487016702505,0.141763013118347,0.326435423486863,0.122083465083139
1723,0.225576301141906,-0.143011600705535,-0.0469566750901818,0.962526926943476,0.14178112019575,0.326449354872409,0.122068636155843
1724,0.225617340616713,-0.142916662472522,-0.0469262499791882,0.962532893081399,0.141791618948337,0.326464986362291,0.122041003553876
1725,0.225610013742691,-0.143326527317682,-0.0470876593108611,0.962465781525089,0.141736122092294,0.32639891005224,0.122128860448713
1726,0.225656060092908,-0.14327474666351,-0.047008136719893,0.962466583624583,0.141756623147412,0.326426113645838,0.122104833450542
1727,0.225729215425069,-0.143252742498403,-0.047010597935707,0.962452584157784,0.141756767513661,0.326429757200696,0.122081246707458
1728,0.225717189664552,-0.143174225743413,-0.0470036662755226,0.962467426321208,0.141752076569942,0.326434544219592,0.122060089602554
1729,0.225736513831816,-0.143188579371735,-0.0469883228546295,0.962461508100907,0.141732943464717,0.326439509326954,0.122061522654805
1730,0.225693381773066,-0.143221030826566,-0.0470221930404437,0.962465140726915,0.141716623786032,0.326425222232652,0.122076421033898
1731,0.225675476945599,-0.142938081318978,-0.0469485762706813,0.962514994792487,0.14174064769005,0.326457494919822,0.122015653331611
1732,0.225660042027802,-0.143076964747995,-0.0470814314640436,0.962491489002271,0.141700550948043,0.326415104651484,0.122048920570422
1733,0.225622774442745,-0.143081634851741,-0.0470759336509747,0.962499800463252,0.14170504583486,0.326419452799736,0.122055017229537
1734,0.225649007791864,-0.143086832213326,-0.0471001578187358,0.962491692880075,0.141709300812682,0.326418355371319,0.122052056087379
1735,0.225641694486553,-0.143110665404644,-0.0471087500711315,0.962489443486739,0.141715945748258,0.326414872141465,0.122057811222849
1736,0.225631169063139,-0.14327534106312,-0.0471055539079623,0.962467567755648,0.141706095825734,0.326400992877144,0.122097779438665
1737,0.225669623306202,-0.143209134385315,-0.0470431695731049,0.962471456793375,0.141723479475763,0.326423951274815,0.122077361279072
1738,0.225664932354073,-0.143134344289267,-0.0469559722824991,0.962487939902376,0.141738672870836,0.326447902060062,0.122065003461627
1739,0.225688358950948,-0.14302204409796,-0.0470131446848922,0.962496349999784,0.14171766214584,0.326437071085427,0.122029836095321
1740,0.225717481891963,-0.143031633078983,-0.0470529349080804,0.962486151393176,0.141693183688395,0.326426984263788,0.12202630120329
1741,0.225713506840635,-0.143058698565825,-0.0471018414945646,0.962480668960253,0.141669669111381,0.326413507374348,0.122027567000608
1742,0.225687905888888,-0.143158773843198,-0.0470887576129736,0.962472432599328,0.14166449229198,0.32640670896235,0.122059807023639
1743,0.225665937559269,-0.14308350687763,-0.047022882965121,0.962491996414902,0.141685407393204,0.326422760620052,0.122051241421871
1744,0.225673265509117,-0.142915280844796,-0.0469869113430035,0.962517028367784,0.141709912221678,0.326444237993293,0.122013491027433
1745,0.225657039088748,-0.142978116759167,-0.0470042393012738,0.962510654655526,0.141706395037656,0.326435921340104,0.122034094365183
1746,0.225617561264084,-0.143068165489687,-0.0470502177861762,0.962504282109402,0.141687128596936,0.326417046044024,0.122057839826579
1747,0.225652513044292,-0.14307656261351,-0.047004693054935,0.962497064628412,0.141698689790289,0.326428629445524,0.122056002413936
1748,0.225666851815367,-0.142953727474523,-0.0469688937870984,0.962513702141064,0.141706142963432,0.326445933215184,0.122022044137648
1749,0.225664103072483,-0.143074414135966,-0.0470238482249664,0.962493731045692,0.141679564640362,0.326417841211585,0.122051117491361
1750,0.225675905509273,-0.143057963670791,-0.0470244526757142,0.962493379485535,0.141674863003928,0.326414060221784,0.122048875704255
1751,0.225629453929528,-0.143040049706125,-0.0469738318092902,0.962509404018831,0.141691041676161,0.326420526861301,0.122061313886608
1752,0.225637396182034,-0.143042953125765,-0.0469657822192025,0.962507503506228,0.141697749392686,0.326420974985438,0.122060968779313
1753,0.225653237075674,-0.143045541142788,-0.0469211766921225,0.962505580728893,0.141704978120823,0.326433331946528,0.122059477830601
1754,0.225649431815506,-0.142986205243959,-0.0469185372550231,0.962515418002808,0.141712194263259,0.32644371678057,0.122046395469809
1755,0.225706603370533,-0.143003801388225,-0.046987371733218,0.962496040969031,0.141693797422299,0.326432216473329,0.122037616565427
1756,0.225690545522482,-0.143023937660376,-0.0469787302363085,0.96249723626786,0.14169310490339,0.326431425213114,0.122046204256434
1757,0.225663201796193,-0.143122787774001,-0.0470274701572813,0.962486573426089,0.141675065776365,0.326410006980461,0.122073095087566
