;;Tibia;Tibia;Tibia;Tibia;Tibia;Tibia;Tibia;Femur;Femur;Femur;Femur;Femur;Femur;Femur;MP;MP;MP;MP;MP;MP;MP
;;Rotation;Rotation;Rotation;Rotation;Position;Position;Position;Rotation;Rotation;Rotation;Rotation;Position;Position;Position;Rotation;Rotation;Rotation;Rotation;Position;Position;Position
Frame;Time (Seconds);X;Y;Z;W;X;Y;Z;X;Y;Z;W;X;Y;Z;X;Y;Z;W;X;Y;Z
0;0;-0,032305;-0,113657;0,074252;-0,990215;29,134056;388,373566;34,620159;0,153655;-0,133364;0,03039;-0,978612;-28,026802;416,820129;-488,700745;;;;;;;
1;0,01;-0,032124;-0,113445;0,074245;-0,990246;29,118534;388,421143;34,627857;0,153676;-0,133352;0,030587;-0,978604;-28,029083;416,815308;-488,7164;;;;;;;
2;0,02;;;;;;;;;;;;;;;;;;;;;
3;0,03;;;;;;;;;;;;;;;;;;;;;
4;0,04;-0,031681;-0,113708;0,074464;-0,990213;29,1476;388,55603;34,735909;0,153557;-0,13348;0,030424;-0,97861;-28,028196;416,95462;-488,766693;;;;;;;
5;0,05;-0,031517;-0,113549;0,074372;-0,990243;29,175228;388,579254;34,779869;0,153572;-0,133525;0,030452;-0,978601;-28,053747;416,942017;-488,752808;;;;;;;
6;0,06;-0,031188;-0,113833;0,074203;-0,990234;29,21607;388,592529;34,83292;0,153575;-0,133353;0,030663;-0,978617;-27,999376;416,89505;-488,727356;;;;;;;
7;0,07;-0,030974;-0,113819;0,073945;-0,990262;29,265669;388,595459;34,882908;0,153583;-0,13339;0,030529;-0,978615;-28,039841;416,869049;-488,709717;;;;;;;
8;0,08;-0,030832;-0,113768;0,073748;-0,990287;29,277458;388,59436;34,921234;0,153578;-0,133344;0,030378;-0,978627;-28,014278;416,848907;-488,703705;;;;;;;
9;0,09;-0,03057;-0,113752;0,073556;-0,990311;29,298109;388,601776;34,972351;0,153563;-0,133306;0,030373;-0,978634;-28,03404;416,829315;-488,699158;;;;;;;
10;0,1;-0,030325;-0,113732;0,073451;-0,990328;29,320869;388,616516;35,020149;0,153567;-0,133327;0,030242;-0,978635;-28,068714;416,812012;-488,698303;;;;;;;
11;0,11;-0,030106;-0,113661;0,073325;-0,990353;29,345154;388,647827;35,082569;0,153565;-0,133286;0,030123;-0,978645;-28,054325;416,807556;-488,701691;;;;;;;
12;0,12;-0,029867;-0,113536;0,073199;-0,990384;29,383095;388,686401;35,166107;0,153616;-0,133334;0,03009;-0,978631;-28,101437;416,763855;-488,690094;;;;;;;
13;0,13;-0,029706;-0,113561;0,072981;-0,990402;29,442951;388,720886;35,265892;0,153606;-0,133322;0,030131;-0,978633;-28,12591;416,757355;-488,684784;;;;;;;
14;0,14;-0,029389;-0,114199;0,073043;-0,990333;29,496401;388,748291;35,37883;0,153627;-0,133298;0,030077;-0,978635;-28,128807;416,738831;-488,678802;;;;;;;
15;0,15;-0,029211;-0,114325;0,072978;-0,990329;29,559889;388,772125;35,492943;0,153613;-0,133267;0,030046;-0,978642;-28,132;416,733124;-488,675964;;;;;;;
16;0,16;-0,028985;-0,115138;0,073008;-0,990239;29,657696;388,787354;35,60622;0,153586;-0,13315;0,030225;-0,978657;-28,111126;416,722473;-488,672241;;;;;;;
17;0,17;-0,028732;-0,115394;0,072965;-0,99022;29,732447;388,818573;35,703621;0,153608;-0,133074;0,030371;-0,978659;-28,108826;416,682556;-488,659241;;;;;;;
18;0,18;-0,028674;-0,115567;0,072876;-0,990208;29,784248;388,853119;35,78437;0,153603;-0,133031;0,030368;-0,978666;-28,092844;416,685272;-488,654388;;;;;;;
19;0,19;-0,028513;-0,11601;0,072956;-0,990155;29,837685;388,885681;35,839733;0,153611;-0,133115;0,030212;-0,978658;-28,106184;416,697784;-488,657745;;;;;;;
20;0,2;-0,028472;-0,115949;0,073101;-0,990152;29,840609;388,922363;35,868195;0,15366;-0,133099;0,030386;-0,978647;-28,125813;416,664307;-488,640564;;;;;;;
21;0,21;-0,028417;-0,115419;0,072906;-0,99023;29,807178;388,949402;35,874924;0,153659;-0,133175;0,030256;-0,978641;-28,141663;416,687469;-488,655121;;;;;;;
22;0,22;-0,028213;-0,116132;0,073479;-0,99011;29,77923;388,973328;35,902073;0,153654;-0,133155;0,030282;-0,978644;-28,119946;416,697205;-488,653351;;;;;;;
23;0,23;-0,02836;-0,11565;0,073115;-0,990189;29,831501;388,991547;35,897232;0,153661;-0,133151;0,030347;-0,978641;-28,116659;416,697632;-488,651428;;;;;;;
24;0,24;-0,028161;-0,116237;0,073526;-0,990096;29,797377;389,014038;35,922699;0,153639;-0,133203;0,030336;-0,978638;-28,126678;416,731842;-488,66333;;;;;;;
25;0,25;-0,028193;-0,116172;0,073611;-0,990096;29,766216;389,029816;35,922943;0,153659;-0,133235;0,030427;-0,978627;-28,157751;416,721893;-488,659943;;;;;;;
26;0,26;-0,028093;-0,116099;0,073593;-0,990109;29,745325;389,040344;35,928062;0,153665;-0,133231;0,030243;-0,978633;-28,107285;416,746765;-488,668121;;;;;;;
27;0,27;-0,028134;-0,116407;0,073694;-0,990064;29,766462;389,047302;35,92812;0,153688;-0,133281;0,030321;-0,97862;-28,166716;416,728333;-488,654449;;;;;;;
28;0,28;-0,028217;-0,116344;0,073716;-0,990068;29,742249;389,022766;35,916393;0,153669;-0,133204;0,030334;-0,978633;-28,124058;416,733246;-488,660187;;;;;;;
29;0,29;-0,02834;-0,116114;0,07354;-0,990104;29,714336;388,978333;35,874912;0,153697;-0,133218;0,030301;-0,978628;-28,147133;416,708466;-488,644836;;;;;;;
30;0,3;-0,028611;-0,116142;0,073677;-0,990083;29,696981;388,919952;35,828716;0,153676;-0,133219;0,030319;-0,97863;-28,160599;416,709045;-488,652374;;;;;;;
31;0,31;-0,029003;-0,115857;0,073269;-0,990135;29,741646;388,866699;35,767124;0,153675;-0,133186;0,030209;-0,978638;-28,119062;416,708893;-488,654114;;;;;;;
32;0,32;-0,029327;-0,115741;0,073325;-0,990135;29,721445;388,803314;35,703613;0,153688;-0,13316;0,030297;-0,978637;-28,124722;416,686005;-488,649567;;;;;;;
33;0,33;-0,029603;-0,115772;0,073454;-0,990114;29,679665;388,742889;35,635628;0,153687;-0,133097;0,030275;-0,978646;-28,081583;416,68396;-488,659363;;;;;;;
34;0,34;-0,029938;-0,115781;0,073532;-0,990097;29,67223;388,694153;35,574825;0,153714;-0,133028;0,030434;-0,978647;-28,059114;416,653503;-488,650696;;;;;;;
35;0,35;-0,030312;-0,115903;0,07358;-0,990068;29,656952;388,631439;35,497608;0,153724;-0,133144;0,030166;-0,978638;-28,087236;416,674744;-488,663818;;;;;;;
36;0,36;-0,030798;-0,115539;0,073622;-0,990092;29,619993;388,563354;35,413067;0,153749;-0,133181;0,030355;-0,978623;-28,163088;416,642792;-488,652954;;;;;;;
37;0,37;-0,031357;-0,115386;0,073761;-0,990082;29,574347;388,496979;35,308285;0,153729;-0,133133;0,030263;-0,978635;-28,107706;416,666168;-488,669006;;;;;;;
38;0,38;-0,031716;-0,115464;0,073857;-0,990054;29,563345;388,431122;35,239235;0,153753;-0,133117;0,030469;-0,978627;-28,128374;416,640259;-488,662842;;;;;;;
39;0,39;-0,032097;-0,115901;0,074106;-0,989972;29,552067;388,370697;35,164368;0,153757;-0,133143;0,03036;-0,978627;-28,101166;416,651154;-488,671997;;;;;;;
40;0,4;-0,032514;-0,115768;0,074317;-0,989958;29,527361;388,305664;35,086899;0,153732;-0,133047;0,03049;-0,97864;-28,04435;416,660706;-488,685242;;;;;;;
41;0,41;-0,032962;-0,11565;0,07436;-0,989954;29,50865;388,245941;35,003242;0,153735;-0,133106;0,030392;-0,978634;-28,046995;416,672333;-488,696472;;;;;;;
42;0,42;-0,033242;-0,115872;0,074484;-0,98991;29,506184;388,182098;34,933689;0,153713;-0,133196;0,030212;-0,978631;-28,045042;416,712585;-488,723694;;;;;;;
43;0,43;-0,03363;-0,116197;0,074613;-0,989849;29,497921;388,105927;34,856678;0,153747;-0,133122;0,030194;-0,978636;-27,97529;416,687988;-488,722839;;;;;;;
44;0,44;-0,033938;-0,11629;0,07473;-0,989818;29,474289;388,022156;34,782173;0,153699;-0,133202;0,030113;-0,978635;-28,014524;416,715576;-488,746765;;;;;;;
45;0,45;-0,034399;-0,116271;0,074748;-0,989803;29,49041;387,944092;34,703396;0,153727;-0,133122;0,030118;-0,978642;-27,953381;416,68338;-488,735809;;;;;;;
46;0,46;-0,034819;-0,116234;0,074667;-0,989799;29,515627;387,865326;34,62505;0,153694;-0,133142;0,030116;-0,978644;-27,951649;416,693481;-488,745667;;;;;;;
47;0,47;-0,03517;-0,116261;0,074711;-0,98978;29,512409;387,796722;34,549324;0,153699;-0,133243;0,030024;-0,978633;-28,002739;416,687622;-488,747406;;;;;;;
48;0,48;-0,035421;-0,116389;0,074722;-0,989755;29,509722;387,740448;34,488674;0,153641;-0,133224;0,029909;-0,978648;-27,947432;416,735352;-488,770599;;;;;;;
49;0,49;-0,035725;-0,116356;0,074771;-0,989745;29,492735;387,693726;34,420788;0,153631;-0,133228;0,030032;-0,978645;-27,96414;416,734161;-488,755981;;;;;;;
50;0,5;-0,036137;-0,116134;0,074775;-0,989755;29,450201;387,665466;34,339111;0,153657;-0,133286;0,029912;-0,978637;-27,968409;416,73056;-488,755585;;;;;;;
51;0,51;-0,036284;-0,11595;0,074784;-0,989771;29,415104;387,645508;34,282047;0,153617;-0,133314;0,029926;-0,978639;-27,990763;416,757446;-488,775909;;;;;;;
52;0,52;-0,036421;-0,115802;0,074738;-0,989787;29,372355;387,623077;34,230164;0,15369;-0,133212;0,03006;-0,978637;-27,946018;416,700256;-488,742432;;;;;;;
53;0,53;-0,036536;-0,115594;0,074783;-0,989803;29,330154;387,605774;34,180412;0,153656;-0,133268;0,030006;-0,978636;-27,96932;416,731293;-488,757172;;;;;;;
54;0,54;-0,036551;-0,115401;0,074813;-0,989823;29,284235;387,596436;34,139595;0,153686;-0,13321;0,030064;-0,978638;-27,943623;416,707489;-488,743317;;;;;;;
55;0,55;-0,036538;-0,115304;0,074784;-0,989837;29,25009;387,586975;34,107101;0,153663;-0,13325;0,030016;-0,978638;-27,9645;416,727844;-488,750519;;;;;;;
56;0,56;-0,036587;-0,115317;0,074763;-0,989835;29,210909;387,584045;34,074028;0,153674;-0,133227;0,030044;-0,978638;-27,964962;416,717224;-488,746155;;;;;;;
57;0,57;-0,036561;-0,115077;0,074738;-0,989866;29,177259;387,579529;34,051022;0,153724;-0,133152;0,030087;-0,978639;-27,932142;416,677307;-488,725525;;;;;;;
58;0,58;-0,036597;-0,115164;0,074811;-0,989849;29,153433;387,574921;34,051346;0,153656;-0,133306;0,02986;-0,978636;-28,003052;416,740112;-488,743073;;;;;;;
59;0,59;-0,036593;-0,115029;0,074691;-0,989874;29,160681;387,580383;34,064075;0,153677;-0,133161;0,030154;-0,978643;-27,969883;416,698914;-488,719574;;;;;;;
60;0,6;-0,036525;-0,11525;0,074808;-0,989842;29,164297;387,591644;34,08099;0,153697;-0,13325;0,030053;-0,978631;-27,998772;416,700531;-488,70929;;;;;;;
61;0,61;-0,036466;-0,1152;0,074736;-0,989855;29,176836;387,614471;34,100204;0,153667;-0,13329;0,030042;-0,97863;-28,011606;416,729767;-488,71759;;;;;;;
62;0,62;-0,036421;-0,114992;0,074702;-0,989884;29,18478;387,639221;34,127029;0,153654;-0,13321;0,030084;-0,978642;-27,95252;416,748993;-488,718536;;;;;;;
63;0,63;-0,036257;-0,114817;0,07469;-0,989911;29,185486;387,672882;34,14761;0,153668;-0,133277;0,030102;-0,97863;-27,980545;416,74765;-488,717133;;;;;;;
64;0,64;-0,036221;-0,114561;0,07474;-0,989938;29,196793;387,694763;34,177792;0,153656;-0,133272;0,030121;-0,978632;-27,972322;416,759155;-488,720306;;;;;;;
65;0,65;-0,036128;-0,114556;0,074644;-0,989949;29,217604;387,699982;34,198299;0,153647;-0,133239;0,030175;-0,978637;-27,968426;416,753021;-488,711792;;;;;;;
66;0,66;-0,036047;-0,114643;0,074595;-0,989946;29,239141;387,705994;34,214928;0,15361;-0,133308;0,030003;-0,978638;-27,980333;416,783752;-488,720551;;;;;;;
67;0,67;-0,035951;-0,114648;0,074531;-0,989954;29,257708;387,703949;34,244225;0,153608;-0,133269;0,030158;-0,978639;-27,995218;416,765961;-488,702087;;;;;;;
68;0,68;-0,035908;-0,114548;0,07445;-0,989973;29,264654;387,698853;34,262863;0,153594;-0,133277;0,030126;-0,978641;-28,004124;416,765656;-488,697479;;;;;;;
69;0,69;-0,035883;-0,114654;0,074388;-0,989966;29,275131;387,699493;34,27317;0,153582;-0,133273;0,030056;-0,978646;-27,993399;416,772461;-488,689484;;;;;;;
70;0,7;-0,035817;-0,114586;0,074471;-0,98997;29,285707;387,703979;34,295109;0,153576;-0,133289;0,030131;-0,978642;-28,023983;416,766083;-488,680359;;;;;;;
71;0,71;-0,035795;-0,114664;0,074437;-0,989965;29,29463;387,709534;34,314186;0,153533;-0,133269;0,030121;-0,978652;-28,000677;416,799042;-488,679138;;;;;;;
72;0,72;-0,035698;-0,114605;0,074461;-0,989973;29,289555;387,717041;34,337322;0,153562;-0,13325;0,030185;-0,978648;-28,005161;416,775665;-488,661255;;;;;;;
73;0,73;-0,035647;-0,114614;0,074491;-0,989972;29,279928;387,725891;34,349064;0,153563;-0,133361;0,030087;-0,978636;-28,061165;416,789764;-488,661194;;;;;;;
74;0,74;-0,035636;-0,114621;0,074515;-0,989969;29,278349;387,737793;34,355122;0,153575;-0,133315;0,030207;-0,978636;-28,055866;416,774017;-488,650482;;;;;;;
75;0,75;-0,035576;-0,114544;0,074505;-0,989981;29,285753;387,743347;34,36549;0,153576;-0,133281;0,030182;-0,978642;-28,020584;416,776672;-488,652008;;;;;;;
76;0,76;-0,035543;-0,114563;0,0745;-0,989981;29,277712;387,749512;34,368443;0,153586;-0,133286;0,030191;-0,978639;-28,03418;416,768097;-488,64563;;;;;;;
77;0,77;-0,035526;-0,114567;0,074509;-0,98998;29,275803;387,751343;34,375813;0,153586;-0,133315;0,030133;-0,978637;-28,040909;416,772736;-488,645325;;;;;;;
78;0,78;-0,035436;-0,114679;0,074516;-0,98997;29,275267;387,756134;34,386856;0,153555;-0,133313;0,030104;-0,978643;-28,035164;416,795898;-488,65506;;;;;;;
79;0,79;-0,03541;-0,114657;0,074548;-0,989971;29,282051;387,765717;34,390263;0,153563;-0,133356;0,030157;-0,978634;-28,08312;416,787994;-488,64856;;;;;;;
80;0,8;-0,035334;-0,114641;0,074499;-0,989979;29,276283;387,781403;34,409843;0,153569;-0,133352;0,030102;-0,978636;-28,063457;416,794342;-488,650269;-0,287942;-0,226735;0,553615;-0,74779;302,081543;727,072876;24,05965
81;0,81;-0,035255;-0,114733;0,074572;-0,989966;29,278519;387,796173;34,423004;0,153587;-0,133282;0,030226;-0,978639;-28,028131;416,774017;-488,639557;-0,288074;-0,226686;0,553611;-0,747758;302,011505;727,088196;23,933182
82;0,82;-0,035192;-0,114744;0,074573;-0,989967;29,291079;387,80954;34,438492;0,153573;-0,133377;0,03018;-0,978629;-28,07725;416,794556;-488,640747;-0,288098;-0,226477;0,55371;-0,747739;302,022583;727,150024;23,850296
83;0,83;-0,035099;-0,114765;0,074597;-0,989966;29,299294;387,825745;34,453838;0,153567;-0,133303;0,030275;-0,978637;-28,033768;416,795349;-488,637634;;;;;;;
84;0,84;-0,035065;-0,114866;0,07464;-0,989952;29,30336;387,843018;34,459019;0,153539;-0,133337;0,03026;-0,978638;-28,033493;416,822327;-488,649078;;;;;;;
85;0,85;-0,03496;-0,114762;0,07466;-0,989966;29,316875;387,856842;34,477535;0,153568;-0,133369;0,030273;-0,978628;-28,048468;416,80957;-488,63855;;;;;;;
86;0,86;-0,034897;-0,114788;0,074541;-0,989975;29,328491;387,868988;34,496136;0,153544;-0,133371;0,030256;-0,978632;-28,034298;416,831177;-488,646576;;;;;;;
87;0,87;-0,034779;-0,114776;0,074523;-0,989981;29,335665;387,88089;34,514782;0,153547;-0,133397;0,030207;-0,97863;-28,046892;416,835236;-488,644043;;;;;;;
88;0,88;-0,034728;-0,114766;0,074562;-0,989981;29,321297;387,896362;34,521099;0,153562;-0,13334;0,030245;-0,978634;-28,017317;416,820435;-488,640472;;;;;;;
89;0,89;-0,034607;-0,114829;0,074473;-0,989985;29,321518;387,908691;34,536503;0,153583;-0,133296;0,03034;-0,978634;-28,019308;416,795013;-488,631195;;;;;;;
90;0,9;-0,034551;-0,11484;0,074551;-0,98998;29,322302;387,921631;34,545254;0,153575;-0,133282;0,03029;-0,978638;-28,013916;416,799286;-488,633636;;;;;;;
91;0,91;-0,034447;-0,114876;0,074531;-0,989981;29,313091;387,93808;34,562286;0,153579;-0,133327;0,03026;-0,978633;-28,045052;416,802124;-488,631958;;;;;;;
92;0,92;-0,034386;-0,114865;0,074499;-0,989987;29,304987;387,949585;34,56913;0,153595;-0,133282;0,030303;-0,978635;-28,019156;416,787689;-488,634613;;;;;;;
93;0,93;-0,034385;-0,114911;0,074554;-0,989977;29,310387;387,956543;34,576336;0,153597;-0,133339;0,030274;-0,978628;-28,053991;416,792664;-488,629944;;;;;;;
94;0,94;-0,034285;-0,115098;0,074562;-0,989958;29,3235;387,955566;34,583809;0,153577;-0,133316;0,03029;-0,978634;-28,03964;416,800385;-488,632813;;;;;;;
95;0,95;-0,034326;-0,115132;0,074572;-0,989952;29,335463;387,957642;34,583996;0,153574;-0,133424;0,03012;-0,978624;-28,073141;416,81839;-488,642029;;;;;;;
96;0,96;-0,034328;-0,115073;0,07451;-0,989964;29,349894;387,946869;34,575222;0,15358;-0,13333;0,030297;-0,978631;-28,035677;416,799957;-488,63269;;;;;;;
97;0,97;-0,034389;-0,114978;0,074484;-0,989974;29,355974;387,944;34,571175;0,153585;-0,133312;0,030293;-0,978633;-28,01586;416,796387;-488,634705;;;;;;;
98;0,98;-0,034363;-0,115019;0,074492;-0,98997;29,360939;387,943817;34,565815;0,153579;-0,133432;0,030161;-0,978621;-28,069317;416,813538;-488,644836;;;;;;;
99;0,99;-0,034415;-0,114875;0,07444;-0,989989;29,356218;387,944153;34,558857;0,153594;-0,133397;0,030205;-0,978623;-28,045071;416,802551;-488,643951;;;;;;;
100;1;-0,034449;-0,114853;0,074494;-0,989986;29,352856;387,940521;34,554829;0,153579;-0,133335;0,030299;-0,97863;-28,01931;416,806702;-488,646881;;;;;;;
101;1,01;-0,034466;-0,114865;0,074485;-0,989985;29,349234;387,945343;34,544403;0,153621;-0,133339;0,030273;-0,978624;-28,013432;416,782043;-488,638733;;;;;;;
102;1,02;-0,034506;-0,114799;0,074537;-0,989987;29,346329;387,937653;34,538914;0,15358;-0,133327;0,030307;-0,978631;-28,008326;416,80896;-488,645569;;;;;;;
103;1,03;-0,034544;-0,11492;0,07453;-0,989973;29,338127;387,93512;34,531425;0,153617;-0,133391;0,030251;-0,978618;-28,038593;416,793549;-488,634308;;;;;;;
104;1,04;-0,034603;-0,114805;0,074511;-0,989985;29,332981;387,930695;34,520214;0,153607;-0,133353;0,030349;-0,978622;-28,029764;416,792938;-488,633331;;;;;;;
105;1,05;-0,034699;-0,114773;0,074565;-0,989981;29,323786;387,920532;34,511608;0,153591;-0,133347;0,030259;-0,978628;-28,005707;416,812622;-488,643433;;;;;;;
106;1,06;-0,034819;-0,114932;0,074645;-0,989953;29,320007;387,903839;34,494129;0,1536;-0,133359;0,030272;-0,978625;-28,01833;416,806244;-488,641113;;;;;;;
107;1,07;-0,034915;-0,114712;0,07458;-0,98998;29,323315;387,89035;34,47934;0,153605;-0,133355;0,030305;-0,978623;-28,028873;416,798279;-488,637878;;;;;;;
108;1,08;-0,035028;-0,114607;0,074569;-0,989989;29,307781;387,867584;34,458939;0,153604;-0,133309;0,030372;-0,978628;-28,015253;416,785278;-488,638062;;;;;;;
109;1,09;-0,035081;-0,114797;0,074619;-0,989961;29,31563;387,850128;34,445904;0,153596;-0,133336;0,030295;-0,978628;-28,031424;416,787323;-488,642517;;;;;;;
110;1,1;-0,035095;-0,114794;0,074599;-0,989962;29,318655;387,842224;34,437931;0,153586;-0,133353;0,030181;-0,97863;-28,026131;416,800476;-488,65329;;;;;;;
111;1,11;-0,035126;-0,114809;0,074567;-0,989962;29,316793;387,832825;34,427887;0,153579;-0,133355;0,030186;-0,978631;-28,025068;416,800873;-488,657654;;;;;;;
112;1,12;-0,03514;-0,114805;0,074575;-0,989961;29,319559;387,827911;34,426014;0,153587;-0,133376;0,030215;-0,978626;-28,054783;416,792725;-488,651703;;;;;;;
113;1,13;-0,035175;-0,114831;0,074561;-0,989958;29,314478;387,821472;34,419937;0,153571;-0,133356;0,030156;-0,978633;-28,031713;416,807312;-488,658356;;;;;;;
114;1,14;-0,035248;-0,114783;0,074593;-0,989959;29,315123;387,813293;34,416374;0,153579;-0,133363;0,030216;-0,978629;-28,045815;416,793823;-488,65329;;;;;;;
115;1,15;-0,035263;-0,114745;0,074561;-0,989965;29,307632;387,808136;34,406368;0,153583;-0,133377;0,030187;-0,978628;-28,054659;416,795074;-488,655487;;;;;;;
116;1,16;-0,035326;-0,114738;0,074642;-0,989958;29,295092;387,801697;34,397461;0,153582;-0,13339;0,030118;-0,978628;-28,057081;416,801422;-488,657135;;;;;;;
117;1,17;-0,035314;-0,114663;0,074642;-0,989967;29,297182;387,801208;34,396511;0,153595;-0,133384;0,030143;-0,978626;-28,057508;416,790161;-488,655884;;;;;;;
118;1,18;-0,03534;-0,114698;0,074588;-0,989966;29,303705;387,797211;34,391037;0,153597;-0,133342;0,030225;-0,978629;-28,038752;416,782928;-488,657501;;;;;;;
119;1,19;-0,03537;-0,114704;0,074561;-0,989966;29,296368;387,799377;34,374626;0,153589;-0,133397;0,030169;-0,978624;-28,06398;416,794647;-488,669281;;;;;;;
120;1,2;-0,035383;-0,114564;0,074493;-0,989987;29,292854;387,800873;34,367973;0,153609;-0,133357;0,030208;-0,978625;-28,044588;416,778168;-488,665283;;;;;;;
121;1,21;-0,035389;-0,114672;0,074589;-0,989967;29,29093;387,800629;34,364738;0,15364;-0,133352;0,030236;-0,97862;-28,048452;416,755951;-488,658051;;;;;;;
122;1,22;-0,0354;-0,114684;0,07458;-0,989966;29,286493;387,797089;34,36198;0,153636;-0,133365;0,030176;-0,978621;-28,049416;416,760315;-488,659912;;;;;;;
123;1,23;-0,035461;-0,114708;0,074534;-0,989964;29,285616;387,790192;34,35854;0,153615;-0,133362;0,030143;-0,978626;-28,056719;416,770996;-488,66568;;;;;;;
124;1,24;-0,035523;-0,114691;0,074534;-0,989964;29,278854;387,780396;34,351284;0,153623;-0,133355;0,030121;-0,978626;-28,059439;416,762451;-488,660828;;;;;;;
125;1,25;-0,035478;-0,11464;0,07452;-0,989973;29,285347;387,773132;34,35722;0,153622;-0,133352;0,030156;-0,978626;-28,068571;416,754395;-488,658661;;;;;;;
126;1,26;-0,035492;-0,114725;0,074528;-0,989962;29,288628;387,772461;34,357643;0,153634;-0,133365;0,030075;-0,978624;-28,064415;416,750732;-488,65448;;;;;;;
127;1,27;-0,03553;-0,114706;0,074557;-0,98996;29,285625;387,77655;34,35537;0,153625;-0,133325;0,030158;-0,978629;-28,052483;416,750427;-488,655731;;;;;;;
128;1,28;-0,035438;-0,114605;0,074539;-0,989977;29,280062;387,785217;34,364204;0,153594;-0,133394;0,030093;-0,978626;-28,069317;416,788849;-488,673218;;;;;;;
129;1,29;-0,03538;-0,114626;0,074583;-0,989973;29,272936;387,805328;34,365067;0,153595;-0,133333;0,03016;-0,978632;-28,024452;416,793518;-488,673004;;;;;;;
130;1,3;-0,035335;-0,114718;0,074566;-0,989965;29,283688;387,823029;34,375095;0,153626;-0,133375;0,030195;-0,978621;-28,055229;416,777222;-488,668976;;;;;;;
131;1,31;-0,035169;-0,114825;0,074622;-0,989955;29,288624;387,845062;34,392731;0,153629;-0,133398;0,030128;-0,978619;-28,047167;416,787262;-488,67511;;;;;;;
132;1,32;-0,035115;-0,114778;0,074614;-0,989963;29,293745;387,861298;34,404991;0,153653;-0,133346;0,030254;-0,978619;-28,022738;416,765503;-488,665436;;;;;;;
133;1,33;-0,034993;-0,11474;0,074594;-0,989973;29,308289;387,88266;34,426094;0,153656;-0,133379;0,030255;-0,978614;-28,044376;416,761627;-488,661011;;;;;;;
134;1,34;-0,034808;-0,114908;0,074547;-0,989963;29,329794;387,896393;34,453865;0,153615;-0,133372;0,030225;-0,978622;-28,03746;416,786774;-488,668304;;;;;;;
135;1,35;-0,034636;-0,114926;0,074466;-0,989973;29,360044;387,910034;34,491741;0,153604;-0,133432;0,030134;-0,978618;-28,060503;416,795258;-488,669708;;;;;;;
136;1,36;-0,034402;-0,114889;0,074377;-0,989993;29,382895;387,936615;34,536339;0,153603;-0,133398;0,03021;-0,978621;-28,049641;416,787903;-488,662994;;;;;;;
137;1,37;-0,034136;-0,115064;0,074352;-0,989983;29,395943;387,96463;34,581421;0,153561;-0,133372;0,030178;-0,978632;-28,024759;416,817261;-488,667786;;;;;;;
138;1,38;-0,033827;-0,115172;0,074402;-0,989978;29,398922;388,006592;34,636578;0,15355;-0,133404;0,030202;-0,978628;-28,0497;416,824799;-488,66629;;;;;;;
139;1,39;-0,033499;-0,115107;0,074354;-0,99;29,413679;388,072357;34,697514;0,153555;-0,133352;0,030221;-0,978634;-28,015129;416,826233;-488,664063;;;;;;;
140;1,4;-0,033187;-0,11507;0,074258;-0,990022;29,44212;388,138458;34,76923;0,153551;-0,133379;0,030259;-0,97863;-28,036777;416,832092;-488,665741;;;;;;;
141;1,41;-0,032736;-0,114841;0,074114;-0,990074;29,471966;388,215576;34,83371;0,153574;-0,133383;0,030229;-0,978627;-28,03513;416,820953;-488,661652;;;;;;;
142;1,42;-0,03244;-0,114681;0,073979;-0,990113;29,493933;388,287018;34,902237;0,153574;-0,133375;0,030247;-0,978627;-28,036625;416,819366;-488,663208;;;;;;;
143;1,43;-0,032064;-0,114535;0,073867;-0,99015;29,499889;388,353546;34,972267;0,153588;-0,133286;0,030369;-0,978633;-28,010366;416,796814;-488,652954;;;;;;;
144;1,44;-0,031667;-0,114679;0,073891;-0,990144;29,513605;388,429718;35,052486;0,153598;-0,133307;0,030366;-0,978629;-28,025574;416,793152;-488,646851;;;;;;;
145;1,45;-0,031273;-0,114688;0,07388;-0,990157;29,530867;388,503052;35,125153;0,153585;-0,133391;0,03021;-0,978625;-28,056097;416,816681;-488,653137;;;;;;;
146;1,46;-0,030885;-0,11441;0,07371;-0,990214;29,539433;388,574066;35,202633;0,153598;-0,133356;0,030281;-0,978625;-28,048237;416,806824;-488,644196;;;;;;;
147;1,47;-0,030397;-0,114336;0,073533;-0,990251;29,541306;388,656097;35,287155;0,153597;-0,13333;0,03037;-0,978626;-28,050804;416,804596;-488,63797;;;;;;;
148;1,48;-0,029952;-0,114278;0,07339;-0,990281;29,555687;388,733795;35,383881;0,153578;-0,133366;0,030309;-0,978626;-28,056295;416,828949;-488,643188;;;;;;;
149;1,49;-0,029499;-0,1144;0,073366;-0,990283;29,574873;388,816589;35,465229;0,153543;-0,133355;0,030338;-0,978632;-28,050913;416,85553;-488,645447;;;;;;;
150;1,5;-0,029088;-0,114388;0,073402;-0,990294;29,596487;388,884613;35,552624;0,153553;-0,133383;0,030339;-0,978627;-28,062212;416,8508;-488,643219;;;;;;;
151;1,51;-0,028657;-0,114189;0,073134;-0,990349;29,61434;388,960754;35,631233;0,153574;-0,133357;0,030368;-0,978626;-28,047726;416,83725;-488,63443;;;;;;;
152;1,52;-0,028294;-0,114135;0,07298;-0,990377;29,633854;389,03537;35,700768;0,153589;-0,133351;0,030346;-0,978625;-28,044582;416,82959;-488,637085;;;;;;;
153;1,53;-0,027802;-0,114087;0,072901;-0,990402;29,658751;389,108307;35,780521;0,153583;-0,133375;0,030342;-0,978623;-28,065472;416,837708;-488,639648;;;;;;;
154;1,54;-0,027301;-0,114714;0,073143;-0,990326;29,649321;389,184814;35,863148;0,153594;-0,133344;0,030432;-0,978623;-28,061684;416,827911;-488,639618;;;;;;;
155;1,55;-0,026911;-0,114696;0,073165;-0,990337;29,655954;389,266174;35,929268;0,153615;-0,133315;0,030465;-0,978622;-28,046507;416,816711;-488,633636;;;;;;;
156;1,56;-0,02658;-0,114501;0,073043;-0,990378;29,674683;389,336395;36,001839;0,1536;-0,133328;0,030458;-0,978623;-28,049715;416,834961;-488,641998;;;;;;;
157;1,57;-0,026216;-0,114476;0,07295;-0,990397;29,704399;389,405457;36,075764;0,153619;-0,133324;0,030452;-0,978621;-28,043556;416,826385;-488,635437;;;;;;;
158;1,58;-0,025865;-0,1144;0,072891;-0,990419;29,722412;389,460114;36,135429;0,153613;-0,133354;0,030449;-0,978618;-28,064123;416,831329;-488,634003;;;;;;;
159;1,59;-0,025581;-0,114098;0,072719;-0,990474;29,743929;389,503174;36,191719;0,153608;-0,133305;0,030443;-0,978625;-28,034479;416,828674;-488,6315;;;;;;;
160;1,6;-0,025384;-0,114135;0,072637;-0,990481;29,768467;389,545471;36,245121;0,153582;-0,13332;0,030402;-0,978629;-28,045132;416,844391;-488,633606;;;;;;;
161;1,61;-0,025114;-0,113967;0,072514;-0,990516;29,791433;389,575317;36,289848;0,153585;-0,133335;0,030397;-0,978626;-28,057505;416,83493;-488,634094;;;;;;;
162;1,62;-0,024843;-0,113903;0,072412;-0,990538;29,830744;389,607819;36,345066;0,153579;-0,133285;0,030465;-0,978632;-28,04574;416,822052;-488,629028;;;;;;;
163;1,63;-0,024526;-0,114157;0,072403;-0,990517;29,8624;389,649719;36,392139;0,153581;-0,133259;0,030391;-0,978638;-28,017653;416,823303;-488,633423;;;;;;;
164;1,64;-0,024183;-0,113981;0,072331;-0,990551;29,871538;389,705933;36,446198;0,153584;-0,133331;0,030378;-0,978628;-28,055515;416,831268;-488,63916;;;;;;;
165;1,65;-0,023937;-0,113673;0,072245;-0,990599;29,870251;389,775482;36,49881;0,153597;-0,133295;0,030485;-0,978627;-28,036526;416,827637;-488,644775;;;;;;;
166;1,66;-0,023606;-0,113649;0,072248;-0,990609;29,877758;389,852142;36,556679;0,153609;-0,133313;0,030494;-0,978622;-28,039526;416,830811;-488,648041;;;;;;;
167;1,67;-0,023181;-0,113689;0,072135;-0,990623;29,896364;389,928162;36,630051;0,15362;-0,133314;0,030543;-0,978619;-28,04044;416,830566;-488,651215;;;;;;;
168;1,68;-0,022895;-0,113537;0,072033;-0,990655;29,912001;389,982361;36,686493;0,153632;-0,133303;0,030533;-0,978619;-28,020315;416,830231;-488,653198;;;;;;;
169;1,69;-0,022632;-0,113802;0,071951;-0,990636;29,936108;390,020508;36,742172;0,153578;-0,133285;0,030507;-0,978631;-28,001965;416,868073;-488,666504;;;;;;;
170;1,7;-0,02234;-0,113955;0,07192;-0,990627;29,978321;390,054535;36,806381;0,15358;-0,133298;0,030531;-0,978628;-28,023329;416,855499;-488,659058;;;;;;;
171;1,71;-0,022082;-0,114239;0,071887;-0,990603;30,02434;390,092194;36,878468;0,153582;-0,133322;0,030455;-0,978627;-28,027662;416,852661;-488,658813;;;;;;;
172;1,72;-0,02183;-0,114291;0,071744;-0,990613;30,064493;390,119629;36,956154;0,153604;-0,133298;0,030471;-0,978626;-28,024767;416,827911;-488,652679;;;;;;;
173;1,73;-0,021596;-0,114187;0,071697;-0,990633;30,118486;390,16806;37,039558;0,153572;-0,133321;0,030459;-0,978628;-28,053007;416,84491;-488,661591;;;;;;;
174;1,74;-0,021398;-0,11417;0,071576;-0,990648;30,176027;390,23938;37,145725;0,15358;-0,133337;0,030356;-0,978628;-28,04608;416,851501;-488,665649;;;;;;;
175;1,75;-0,021075;-0,114458;0,071669;-0,990615;30,228243;390,328369;37,262253;0,153595;-0,133331;0,030441;-0,978624;-28,051407;416,84491;-488,665131;;;;;;;
176;1,76;-0,02075;-0,114483;0,071594;-0,990625;30,27294;390,410339;37,355042;0,153636;-0,133278;0,030537;-0,978622;-28,030636;416,818024;-488,656525;;;;;;;
177;1,77;-0,020401;-0,114336;0,071458;-0,990659;30,289825;390,48288;37,42226;0,153629;-0,1333;0,030515;-0,978621;-28,045181;416,830872;-488,665649;;;;;;;
178;1,78;-0,019994;-0,114163;0,071403;-0,990691;30,277967;390,541473;37,486755;0,15362;-0,133256;0,030501;-0,978628;-28,018314;416,836884;-488,667358;;;;;;;
179;1,79;-0,019636;-0,114294;0,071409;-0,990683;30,3106;390,588837;37,543495;0,153623;-0,133293;0,030499;-0,978623;-28,044403;416,833252;-488,663452;;;;;;;
180;1,8;-0,019285;-0,114619;0,071386;-0,990654;30,35434;390,635895;37,606037;0,153618;-0,133257;0,030556;-0,978627;-28,042158;416,825195;-488,654694;;;;;;;
181;1,81;-0,019002;-0,114493;0,071197;-0,990687;30,37429;390,678192;37,655537;0,153592;-0,13336;0,030423;-0,978621;-28,105371;416,844971;-488,664795;;;;;;;
182;1,82;-0,01859;-0,114564;0,071122;-0,990692;30,381477;390,723083;37,715416;0,1536;-0,133289;0,030441;-0,978629;-28,062864;416,834045;-488,663879;;;;;;;
183;1,83;-0,018211;-0,114376;0,070983;-0,990731;30,408781;390,77652;37,7733;0,15361;-0,133293;0,030501;-0,978625;-28,07213;416,822235;-488,662201;;;;;;;
184;1,84;-0,017806;-0,114654;0,070942;-0,990709;30,447495;390,846313;37,831825;0,153599;-0,133293;0,030488;-0,978627;-28,070427;416,830872;-488,667633;;;;;;;
185;1,85;-0,017378;-0,114533;0,070861;-0,990737;30,455126;390,914032;37,902473;0,153598;-0,133311;0,030386;-0,978628;-28,069695;416,837646;-488,674927;;;;;;;
186;1,86;-0,016781;-0,11525;0,071266;-0,990635;30,428867;390,985077;37,988991;0,153617;-0,133319;0,030458;-0,978622;-28,089642;416,824982;-488,670898;;;;;;;
187;1,87;-0,016296;-0,115258;0,071191;-0,990647;30,455889;391,068604;38,081875;0,153649;-0,13325;0,030616;-0,978621;-28,072617;416,799683;-488,658783;;;;;;;
188;1,88;-0,015847;-0,115205;0,07114;-0,990664;30,469217;391,161499;38,159542;0,153582;-0,13331;0,030498;-0,978627;-28,105932;416,862152;-488,685944;;;;;;;
189;1,89;-0,015443;-0,114603;0,070973;-0,990752;30,46487;391,260284;38,243885;0,153635;-0,13331;0,030495;-0,978619;-28,115664;416,828247;-488,66861;;;;;;;
190;1,9;-0,014987;-0,114375;0,070779;-0,9908;30,470335;391,356873;38,33762;0,153673;-0,133307;0,03047;-0,978614;-28,115313;416,810181;-488,666016;;;;;;;
191;1,91;-0,014484;-0,114312;0,070699;-0,99082;30,511806;391,455566;38,43364;0,153698;-0,133182;0,030653;-0,978621;-28,082876;416,77829;-488,657715;;;;;;;
192;1,92;-0,013945;-0,113882;0,070554;-0,990888;30,538536;391,550781;38,529198;0,153683;-0,133267;0,03045;-0,978619;-28,112713;416,797211;-488,67215;;;;;;;
193;1,93;-0,013507;-0,113734;0,070369;-0,990924;30,560749;391,621582;38,612774;0,153668;-0,133167;0,030525;-0,978632;-28,064844;416,792816;-488,673096;;;;;;;
194;1,94;-0,013051;-0,113847;0,070243;-0,990926;30,59767;391,700409;38,692841;0,153673;-0,133178;0,030562;-0,978629;-28,081533;416,779694;-488,670715;;;;;;;
195;1,95;-0,012512;-0,114255;0,070104;-0,990896;30,661839;391,779633;38,787945;0,153682;-0,133256;0,030371;-0,978623;-28,100977;416,782166;-488,669342;;;;;;;
196;1,96;-0,011851;-0,114038;0,069997;-0,990937;30,694847;391,884491;38,888653;0,153689;-0,133297;0,030323;-0,978617;-28,11787;416,778168;-488,66571;;;;;;;
197;1,97;-0,011118;-0,114109;0,069917;-0,990943;30,726597;392,003815;39,002277;0,153675;-0,133241;0,030492;-0,978622;-28,093315;416,786835;-488,668457;;;;;;;
198;1,98;-0,010588;-0,114196;0,069862;-0,990942;30,730274;392,111694;39,085716;0,153664;-0,133268;0,030555;-0,978618;-28,098875;416,810455;-488,674774;;;;;;;
199;1,99;-0,01117;-0,11254;0,069516;-0,99115;30,559669;392,03775;39,253975;0,153653;-0,133185;0,030811;-0,978623;-28,055164;416,866119;-488,716125;;;;;;;
200;2;-0,010687;-0,111536;0,0692;-0,991291;30,564825;392,136292;39,386124;0,153698;-0,133267;0,030939;-0,978601;-28,092909;416,779297;-488,677795;;;;;;;
201;2,01;-0,009538;-0,113791;0,069103;-0,991053;30,8941;392,287903;39,500061;0,153468;-0,133364;0,030341;-0,978642;-28,084066;416,984985;-488,724609;;;;;;;
202;2,02;-0,009707;-0,113302;0,069119;-0,991106;30,993256;392,32547;39,77597;0,153679;-0,133265;0,03042;-0,97862;-28,005856;416,83548;-488,692993;;;;;;;
203;2,03;-0,008693;-0,113096;0,069172;-0,991135;31,123686;392,516357;40,058456;0,153615;-0,133381;0,030917;-0,978599;-28,138641;416,80069;-488,682434;;;;;;;
204;2,04;-0,00832;-0,115923;0,06935;-0,990799;31,43882;392,59021;40,208576;0,153578;-0,133318;0,030309;-0,978633;-28,034733;416,907043;-488,703247;;;;;;;
205;2,05;-0,007196;-0,115299;0,069408;-0,990877;31,45286;392,768921;40,505199;0,153588;-0,133292;0,030523;-0,978628;-28,029371;416,842377;-488,69809;;;;;;;
206;2,06;-0,007051;-0,114524;0,06916;-0,990985;31,456903;392,843079;40,751228;0,153635;-0,13333;0,030676;-0,978611;-28,071648;416,833862;-488,699768;;;;;;;
207;2,07;-0,006907;-0,115386;0,069105;-0,99089;31,5931;392,887177;40,946472;0,153681;-0,133342;0,030504;-0,978607;-28,054754;416,834595;-488,692352;;;;;;;
208;2,08;-0,005944;-0,115264;0,068766;-0,990934;31,69898;393,063385;41,166885;0,153566;-0,13326;0,030619;-0,978633;-28,032497;416,858795;-488,709869;;;;;;;
209;2,09;-0,005946;-0,116433;0,069013;-0,99078;31,87076;393,101685;41,375538;0,15362;-0,133351;0,030262;-0,978623;-28,061014;416,856323;-488,701721;;;;;;;
210;2,1;-0,004926;-0,117026;0,069042;-0,990714;32,026833;393,269684;41,592262;0,153581;-0,133342;0,030548;-0,978621;-28,09267;416,838318;-488,688477;;;;;;;
211;2,11;-0,004511;-0,116919;0,068606;-0,990759;32,177223;393,374664;41,840244;0,153575;-0,133262;0,030393;-0,978638;-28,022182;416,852844;-488,705933;;;;;;;
212;2,12;-0,003764;-0,117327;0,068585;-0,990715;32,303532;393,517731;42,069462;0,153554;-0,133321;0,030265;-0,978637;-28,06319;416,866974;-488,706177;;;;;;;
213;2,13;-0,002683;-0,117948;0,068474;-0,990653;32,446239;393,722626;42,296669;0,15361;-0,13341;0,030336;-0,978614;-28,130268;416,82077;-488,68576;;;;;;;
214;2,14;-0,002323;-0,118053;0,068592;-0,990633;32,531166;393,836395;42,508598;0,153589;-0,133219;0,030444;-0,97864;-28,01297;416,849915;-488,702942;;;;;;;
215;2,15;-0,001172;-0,117867;0,068242;-0,990681;32,596977;394,050293;42,678139;0,153589;-0,133236;0,030552;-0,978634;-28,036558;416,828613;-488,694824;;;;;;;
216;2,16;-0,000764;-0,118027;0,068199;-0,990665;32,642548;394,159393;42,809063;0,153605;-0,133387;0,030337;-0,978618;-28,111511;416,857849;-488,697021;;;;;;;
217;2,17;0,000046;-0,117367;0,067878;-0,990766;32,666325;394,321045;42,947605;0,153614;-0,133296;0,030564;-0,978622;-28,060186;416,833862;-488,69339;;;;;;;
218;2,18;0,000907;-0,118104;0,068376;-0,990644;32,702995;394,463379;43,092758;0,153609;-0,133231;0,030598;-0,97863;-28,011732;416,835297;-488,697998;;;;;;;
219;2,19;0,00149;-0,118316;0,06832;-0,990622;32,79517;394,577942;43,250542;0,153572;-0,133395;0,030344;-0,978622;-28,088213;416,879333;-488,701782;;;;;;;
220;2,2;0,002566;-0,118141;0,067931;-0,990667;32,881592;394,736115;43,388397;0,153592;-0,133369;0,030477;-0,978618;-28,082087;416,837708;-488,682587;;;;;;;
221;2,21;0,002989;-0,117913;0,067868;-0,990698;32,906021;394,824188;43,513409;0,153572;-0,133305;0,030436;-0,978631;-28,014668;416,864288;-488,695923;;;;;;;
222;2,22;0,004062;-0,117824;0,067656;-0,990719;32,95525;395,002869;43,631313;0,153559;-0,133335;0,030474;-0,978628;-28,042118;416,856476;-488,687439;;;;;;;
223;2,23;0,004691;-0,117969;0,067648;-0,990699;33,026852;395,127289;43,7766;0,153569;-0,133437;0,030324;-0,978617;-28,096912;416,867615;-488,684906;;;;;;;
224;2,24;0,005606;-0,11787;0,067442;-0,99072;33,080215;395,272369;43,929001;0,153597;-0,133283;0,030523;-0,978628;-28,02166;416,8284;-488,674469;;;;;;;
225;2,25;0,006458;-0,117713;0,067167;-0,990753;33,111931;395,430511;44,072205;0,153559;-0,133327;0,030425;-0,978631;-28,037052;416,858673;-488,686584;;;;;;;
226;2,26;0,007236;-0,117704;0,066878;-0,990768;33,176102;395,581543;44,236534;0,153589;-0,133377;0,030379;-0,978621;-28,084745;416,844025;-488,675537;;;;;;;
227;2,27;0,00842;-0,117571;0,066623;-0,990791;33,221867;395,805725;44,408573;0,153577;-0,133309;0,030524;-0,978627;-28,060183;416,838287;-488,673218;;;;;;;
228;2,28;0,009124;-0,116979;0,066342;-0,990874;33,253292;395,977966;44,58601;0,153597;-0,133227;0,03053;-0,978635;-27,994211;416,840698;-488,672607;;;;;;;
229;2,29;0,009799;-0,117233;0,065964;-0,990863;33,263126;396,128693;44,737801;0,153554;-0,133355;0,030467;-0,978626;-28,075617;416,897552;-488,689178;;;;;;;
230;2,3;0,008314;-0,114223;0,06515;-0,991282;32,894917;395,977448;44,965515;0,153564;-0,133386;0,030556;-0,978618;-28,094467;417,044281;-488,77359;;;;;;;
231;2,31;0,008888;-0,112065;0,064953;-0,991536;32,67054;396,034882;45,146069;0,153738;-0,133349;0,031665;-0,97856;-28,1476;416,773224;-488,689117;;;;;;;
232;2,32;0,011272;-0,116225;0,06502;-0,991028;33,049709;396,271576;45,131302;0,153392;-0,133308;0,030168;-0,978667;-28,006138;417,092926;-488,75824;;;;;;;
233;2,33;0,011044;-0,114374;0,064453;-0,991283;33,109421;396,267303;45,441261;0,153514;-0,133457;0,02972;-0,978642;-28,098438;416,938721;-488,704041;;;;;;;
234;2,34;0,012887;-0,112772;0,063528;-0,991504;33,158291;396,568298;45,724312;0,153691;-0,133295;0,030961;-0,978597;-28,099499;416,730743;-488,63974;;;;;;;
235;2,35;0,013572;-0,115996;0,064118;-0,991085;33,519749;396,694153;45,884983;0,153467;-0,133272;0,030641;-0,978646;-28,0425;416,92807;-488,689606;;;;;;;
236;2,36;0,015178;-0,114961;0,063593;-0,991216;33,59341;397,016968;46,255428;0,15349;-0,133425;0,029814;-0,978647;-28,083094;416,894531;-488,688599;;;;;;;
237;2,37;0,016181;-0,114064;0,063233;-0,991327;33,578861;397,275024;46,543674;0,153545;-0,13349;0,030051;-0,978622;-28,135052;416,912811;-488,683319;;;;;;;
238;2,38;0,01753;-0,115433;0,063142;-0,991151;33,754734;397,523865;46,704449;0,15357;-0,133273;0,031285;-0,978609;-28,106693;416,813141;-488,654846;;;;;;;
239;2,39;0,01922;-0,113539;0,062365;-0,991388;33,717033;397,906616;46,981522;0,153466;-0,133316;0,030448;-0,978646;-28,054832;416,963348;-488,713623;;;;;;;
240;2,4;0,019885;-0,113168;0,062254;-0,991424;33,71196;398,094727;47,179413;0,153655;-0,133457;0,029875;-0,978615;-28,106981;416,850525;-488,676819;;;;;;;
241;2,41;0,022052;-0,114602;0,062578;-0,991193;33,831932;398,437103;47,41584;0,153522;-0,133381;0,030913;-0,978614;-28,150583;416,895111;-488,692139;;;;;;;
242;2,42;0,023005;-0,11463;0,062456;-0,991176;33,947479;398,652466;47,709229;0,153629;-0,133141;0,031064;-0,978625;-28,00528;416,841278;-488,687225;;;;;;;
243;2,43;0,024462;-0,114264;0,06197;-0,991214;34,041138;398,94165;47,969528;0,153556;-0,133358;0,030235;-0,978633;-28,080683;416,892761;-488,690338;;;;;;;
244;2,44;0,025766;-0,114434;0,061674;-0,99118;34,132401;399,180695;48,185303;0,153532;-0,133414;0,030321;-0,978626;-28,136457;416,931;-488,701477;;;;;;;
245;2,45;0,026894;-0,114113;0,061355;-0,991207;34,185577;399,419739;48,415596;0,153592;-0,133168;0,031173;-0,978624;-28,046295;416,840485;-488,687683;;;;;;;
246;2,46;0,028533;-0,113448;0,060692;-0,991278;34,21624;399,740662;48,655613;0,153552;-0,133256;0,030717;-0,978632;-28,067465;416,896149;-488,693176;;;;;;;
247;2,47;0,028986;-0,112398;0,060433;-0,9914;34,183903;399,879944;48,94495;0,153663;-0,133331;0,030285;-0,978618;-28,106905;416,879974;-488,68634;;;;;;;
248;2,48;0,030745;-0,111609;0,059708;-0,99148;34,223152;400,207062;49,162487;0,153485;-0,133329;0,031016;-0,978623;-28,147593;416,942719;-488,711212;;;;;;;
249;2,49;0,032065;-0,113533;0,060429;-0,991176;34,390442;400,473694;49,44257;0,153689;-0,133144;0,031021;-0,978617;-28,040857;416,804565;-488,666901;;;;;;;
250;2,5;0,033423;-0,113233;0,060138;-0,991183;34,526176;400,747681;49,777294;0,153584;-0,133275;0,030364;-0,978636;-28,092125;416,886017;-488,681732;;;;;;;
251;2,51;0,035074;-0,113257;0,059554;-0,991159;34,726307;401,044464;50,082474;0,15358;-0,133321;0,030454;-0,978627;-28,123791;416,856934;-488,674225;;;;;;;
252;2,52;0,036071;-0,114166;0,059567;-0,991018;34,901306;401,269989;50,347176;0,153568;-0,133313;0,03076;-0,978621;-28,138447;416,877991;-488,688995;;;;;;;
253;2,53;0,038138;-0,113823;0,059017;-0,991013;34,957409;401,645874;50,634804;0,153581;-0,133343;0,030543;-0,978621;-28,140184;416,850494;-488,670319;;;;;;;
254;2,54;0,0392;-0,113092;0,058588;-0,991081;35,000858;401,886871;50,871452;0,15363;-0,133299;0,030133;-0,978632;-28,090923;416,858368;-488,66507;;;;;;;
255;2,55;0,040879;-0,112916;0,058025;-0,991066;35,122128;402,214691;51,119846;0,153613;-0,133276;0,030695;-0,978621;-28,129892;416,835358;-488,667755;;;;;;;
256;2,56;0,042036;-0,11197;0,057608;-0,991149;35,178661;402,509705;51,370506;0,153695;-0,133214;0,030846;-0,978611;-28,101252;416,776947;-488,648407;;;;;;;
257;2,57;0,043613;-0,112657;0,05789;-0,990987;35,202316;402,816956;51,63438;0,153607;-0,133268;0,030377;-0,978633;-28,127459;416,855194;-488,661407;;;;;;;
258;2,58;0,045276;-0,113117;0,057519;-0,990882;35,292633;403,133514;51,881863;0,153638;-0,133199;0,030397;-0,978637;-28,08395;416,806793;-488,651978;;;;;;;
259;2,59;0,046379;-0,113109;0,057141;-0,990853;35,393776;403,382965;52,132305;0,153564;-0,133168;0,030913;-0,978636;-28,128447;416,84967;-488,678131;;;;;;;
260;2,6;0,048203;-0,112585;0,056343;-0,990872;35,474342;403,726898;52,374008;0,15366;-0,133229;0,030708;-0,978619;-28,142889;416,769165;-488,650238;;;;;;;
261;2,61;0,049518;-0,112566;0,056141;-0,99082;35,562767;404,003387;52,630661;0,153603;-0,133285;0,030222;-0,978636;-28,142088;416,843231;-488,670319;;;;;;;
262;2,62;0,051251;-0,11226;0,055707;-0,990792;35,668873;404,345062;52,898983;0,153654;-0,133234;0,03044;-0,978628;-28,094479;416,809906;-488,668793;;;;;;;
263;2,63;0,052864;-0,111551;0,055206;-0,990815;35,779064;404,703308;53,178967;0,153689;-0,133232;0,030853;-0,97861;-28,138453;416,774292;-488,656677;;;;;;;
264;2,64;0,054299;-0,111318;0,054994;-0,990775;35,860035;405,052063;53,448563;0,153666;-0,133208;0,030539;-0,978626;-28,103535;416,817657;-488,665314;;;;;;;
265;2,65;0,056266;-0,112365;0,055313;-0,990529;35,935394;405,42627;53,733891;0,153637;-0,133202;0,030441;-0,978635;-28,074703;416,833862;-488,677094;;;;;;;
266;2,66;0,057879;-0,11259;0,055121;-0,990422;36,058559;405,721375;54,009521;0,153648;-0,133234;0,030783;-0,978618;-28,118753;416,834137;-488,674255;;;;;;;
267;2,67;0,059602;-0,111962;0,054532;-0,990423;36,141193;406,06015;54,24831;0,153683;-0,133266;0,030838;-0,978606;-28,150698;416,796326;-488,664856;;;;;;;
268;2,68;0,060957;-0,111992;0,054295;-0,99035;36,200138;406,343384;54,471146;0,153579;-0,133258;0,030386;-0,978638;-28,097382;416,888306;-488,698181;;;;;;;
269;2,69;0,062512;-0,111769;0,053774;-0,990307;36,285934;406,670898;54,711643;0,153665;-0,133238;0,030469;-0,978625;-28,078049;416,823303;-488,67688;;;;;;;
270;2,7;0,064058;-0,111579;0,053213;-0,99026;36,372181;406,987671;54,972733;0,153609;-0,13327;0,030874;-0,978616;-28,159426;416,834991;-488,67749;;;;;;;
271;2,71;0,065432;-0,110979;0,052386;-0,990282;36,489861;407,276184;55,213837;0,153661;-0,133266;0,030485;-0,978621;-28,119709;416,813416;-488,669373;;;;;;;
272;2,72;0,067049;-0,110292;0,051943;-0,990274;36,54237;407,605957;55,436588;0,153599;-0,133299;0,03017;-0,978636;-28,113819;416,854858;-488,682831;;;;;;;
273;2,73;0,068665;-0,111253;0,052279;-0,990038;36,576344;407,895691;55,678143;0,153679;-0,133268;0,030541;-0,978616;-28,145178;416,775574;-488,646729;;;;;;;
274;2,74;0,068957;-0,110881;0,051616;-0,990094;36,452633;408,022156;55,854572;0,153575;-0,13323;0,030599;-0,978636;-28,134012;416,896393;-488,691315;;;;;;;
275;2,75;0,067135;-0,10456;0,049557;-0,991012;35,837135;407,776794;56,25037;0,153711;-0,133226;0,030763;-0,97861;-28,130507;416,933411;-488,747986;;;;;;;
276;2,76;0,067756;-0,102345;0,048247;-0,991265;35,59164;407,76947;56,427563;0,153792;-0,133142;0,031875;-0,978573;-28,224539;416,687775;-488,68219;;;;;;;
277;2,77;0,070299;-0,106768;0,048123;-0,990627;35,958401;408,031982;56,353569;0,153258;-0,13323;0,030087;-0,978702;-28,137007;417,095184;-488,753845;;;;;;;
278;2,78;0,070783;-0,10376;0,047079;-0,990963;35,832077;408,182892;56,58704;0,153659;-0,133256;0,029612;-0,97865;-28,11199;416,817078;-488,658264;;;;;;;
279;2,79;0,07267;-0,100938;0,045866;-0,991175;35,679287;408,498352;56,749588;0,153724;-0,13316;0,031265;-0,978601;-28,190556;416,655945;-488,628448;;;;;;;
280;2,8;0,074221;-0,103933;0,046181;-0,990735;35,917843;408,741821;56,803349;0,153532;-0,133292;0,030425;-0,97864;-28,202345;416,86734;-488,671844;;;;;;;
281;2,81;0,075793;-0,10205;0,045295;-0,990853;35,887638;409,093933;57,114429;0,153545;-0,133123;0,029739;-0,978682;-28,084496;416,820435;-488,661316;;;;;;;
282;2,82;0,077015;-0,10158;0,04503;-0,990819;35,910271;409,389771;57,399902;0,153713;-0,133153;0,030315;-0,978634;-28,128609;416,710175;-488,632813;;;;;;;
283;2,83;0,078531;-0,104539;0,045693;-0,990362;36,242847;409,703674;57,628555;0,153643;-0,133218;0,031016;-0,978614;-28,22426;416,730988;-488,630676;;;;;;;
284;2,84;0,080221;-0,103865;0,045374;-0,990312;36,368153;410,121704;58,032543;0,153515;-0,133098;0,030334;-0,978672;-28,12669;416,841705;-488,667755;;;;;;;
285;2,85;0,080941;-0,103371;0,045222;-0,990312;36,469009;410,403625;58,368752;0,153792;-0,133085;0,030036;-0,978639;-28,100595;416,664795;-488,615906;;;;;;;
286;2,86;0,082985;-0,104581;0,044765;-0,990037;36,692291;410,790039;58,570469;0,153512;-0,133178;0,031034;-0,978639;-28,21426;416,836914;-488,661102;;;;;;;
287;2,87;0,083988;-0,103745;0,044347;-0,990059;36,736019;411,058472;58,828541;0,153705;-0,133077;0,031216;-0,978617;-28,189957;416,709106;-488,640472;;;;;;;
288;2,88;0,085446;-0,102874;0,043893;-0,990045;36,753853;411,385223;59,074142;0,153586;-0,133106;0,03019;-0,978664;-28,106649;416,807526;-488,65918;;;;;;;
289;2,89;0,087254;-0,10388;0,043722;-0,98979;36,944374;411,722351;59,295769;0,153574;-0,133164;0,030117;-0,97866;-28,092663;416,847046;-488,66861;;;;;;;
290;2,9;0,08865;-0,104625;0,043769;-0,989585;37,082275;412,037537;59,591702;0,153657;-0,133158;0,031097;-0,978617;-28,177427;416,745819;-488,644409;;;;;;;
291;2,91;0,090374;-0,104446;0,043461;-0,989462;37,16803;412,416473;59,832043;0,153689;-0,133321;0,03048;-0,978609;-28,229635;416,741058;-488,631439;;;;;;;
292;2,92;0,091606;-0,104441;0,04304;-0,989368;37,260281;412,692444;60,046772;0,153564;-0,133088;0,02988;-0,978679;-28,043125;416,85733;-488,672791;;;;;;;
293;2,93;0,093386;-0,103784;0,04265;-0,989287;37,274406;413,054779;60,269459;0,153588;-0,133073;0,030838;-0,978648;-28,118227;416,79776;-488,660339;;;;;;;
294;2,94;0,094846;-0,103358;0,042214;-0,989211;37,283325;413,361847;60,434784;0,153762;-0,133155;0,031124;-0,9786;-28,214743;416,692078;-488,627747;;;;;;;
295;2,95;0,095845;-0,101942;0,041589;-0,989289;37,194016;413,606598;60,589306;0,153561;-0,133154;0,030275;-0,978659;-28,137468;416,902496;-488,69162;;;;;;;
296;2,96;0,097504;-0,100994;0,040835;-0,989255;37,171143;413,918274;60,780827;0,153711;-0,133043;0,030482;-0,978644;-28,080679;416,750488;-488,650787;;;;;;;
297;2,97;0,098805;-0,101945;0,040399;-0,989046;37,422821;414,208466;61,040005;0,153637;-0,13321;0,030873;-0,97862;-28,221123;416,801575;-488,659454;;;;;;;
298;2,98;0,10027;-0,10222;0,040191;-0,988879;37,619987;414,576233;61,341019;0,153725;-0,13313;0,030695;-0,978623;-28,163662;416,729797;-488,631561;;;;;;;
299;2,99;0,101611;-0,102443;0,040423;-0,98871;37,755901;414,941681;61,694458;0,153597;-0,133145;0,030165;-0,978658;-28,110626;416,81897;-488,659454;;;;;;;
300;3;0,103223;-0,103989;0,040463;-0,98838;37,969452;415,282532;61,944153;0,153691;-0,133091;0,030584;-0,978637;-28,105776;416,751984;-488,635223;;;;;;;
301;3,01;0,10488;-0,10331;0,039664;-0,988309;38,040058;415,626678;62,167152;0,153703;-0,133138;0,031159;-0,978611;-28,207977;416,719879;-488,628998;;;;;;;
302;3,02;0,10622;-0,102028;0,039016;-0,988325;38,007732;415,915833;62,362534;0,153654;-0,133078;0,030559;-0,978645;-28,096056;416,792206;-488,65741;;;;;;;
303;3,03;0,107651;-0,101345;0,038491;-0,988261;37,963963;416,204712;62,446159;0,153736;-0,133038;0,030519;-0,978639;-28,089096;416,746521;-488,646088;;;;;;;
304;3,04;0,108783;-0,100201;0,037779;-0,988281;37,878197;416,456329;62,607162;0,153649;-0,133197;0,030995;-0,978616;-28,221581;416,795258;-488,663513;;;;;;;
305;3,05;0,110417;-0,099868;0,037138;-0,988158;37,948044;416,767914;62,783672;0,153772;-0,13309;0,030897;-0,978615;-28,146015;416,715912;-488,64325;;;;;;;
306;3,06;0,111884;-0,100768;0,036791;-0,987914;38,147129;417,057983;63,00296;0,153618;-0,133131;0,03032;-0,978651;-28,126518;416,840668;-488,670563;;;;;;;
307;3,07;0,113187;-0,100276;0,036408;-0,98783;38,228611;417,339142;63,246338;0,153745;-0,133175;0,030537;-0,978619;-28,170736;416,732239;-488,635193;;;;;;;
308;3,08;0,114461;-0,100017;0,035871;-0,987729;38,304306;417,619934;63,464687;0,153665;-0,133117;0,031032;-0,978624;-28,193218;416,758362;-488,646484;;;;;;;
309;3,09;0,115913;-0,100953;0,036096;-0,987456;38,426487;417,914856;63,684799;0,153721;-0,133177;0,030358;-0,978628;-28,162706;416,742767;-488,635651;;;;;;;
310;3,1;0,117169;-0,101468;0,035806;-0,987266;38,629803;418,225311;63,977779;0,153652;-0,133155;0,030145;-0,978648;-28,14024;416,787872;-488,646759;;;;;;;
311;3,11;0,1181;-0,101686;0,0355;-0,987144;38,8549;418,543213;64,31662;0,153654;-0,13314;0,03067;-0,978634;-28,19492;416,737915;-488,636383;;;;;;;
312;3,12;0,119428;-0,10222;0,035299;-0,986936;39,112637;418,929077;64,681831;0,15369;-0,133249;0,030471;-0,978619;-28,23876;416,71759;-488,626862;;;;;;;
313;3,13;0,120632;-0,103403;0,03544;-0,986661;39,360054;419,309052;65,056488;0,153571;-0,133161;0,030095;-0,978662;-28,161848;416,819458;-488,658813;;;;;;;
314;3,14;0,122084;-0,10366;0,035373;-0,986458;39,53846;419,706177;65,370934;0,15368;-0,133052;0,030492;-0,978647;-28,124367;416,734222;-488,638672;;;;;;;
315;3,15;0,123657;-0,104165;0,03548;-0,986205;39,676151;420,080444;65,616249;0,153676;-0,133164;0,030942;-0,978618;-28,234035;416,74762;-488,633636;;;;;;;
316;3,16;0,124863;-0,103872;0,03489;-0,986105;39,767338;420,390381;65,813446;0,153759;-0,133095;0,030712;-0,978622;-28,174084;416,70697;-488,627411;;;;;;;
317;3,17;0,126258;-0,103123;0,034278;-0,986027;39,774586;420,685364;65,976891;0,153651;-0,133085;0,030373;-0,978651;-28,109365;416,803619;-488,662659;;;;;;;
318;3,18;0,127609;-0,103873;0,034728;-0,985759;39,826996;420,970215;66,166389;0,15376;-0,133049;0,030854;-0,978624;-28,151642;416,704773;-488,636597;;;;;;;
319;3,19;0,128974;-0,104164;0,034461;-0,98556;39,958351;421,269104;66,328308;0,153711;-0,133178;0,030832;-0,978614;-28,230555;416,734985;-488,63974;;;;;;;
320;3,2;0,130366;-0,103586;0,033762;-0,985462;40,03196;421,547913;66,508438;0,153685;-0,133163;0,030405;-0,978634;-28,185762;416,759491;-488,65094;;;;;;;
321;3,21;0,131804;-0,102657;0,032926;-0,985396;40,05315;421,811859;66,67334;0,153689;-0,132987;0,030564;-0,978652;-28,104603;416,72522;-488,646454;;;;;;;
322;3,22;0,133195;-0,102471;0,032378;-0,985247;40,142963;422,103394;66,857307;0,153693;-0,133104;0,030806;-0,978628;-28,213707;416,709656;-488,635529;;;;;;;
323;3,23;0,134544;-0,103334;0,032192;-0,984979;40,29406;422,408234;67,062881;0,153717;-0,13313;0,030578;-0,978628;-28,19875;416,713074;-488,632141;;;;;;;
324;3,24;0,135913;-0,102763;0,03166;-0,984868;40,352356;422,735046;67,249573;0,15363;-0,133079;0,030432;-0,978653;-28,146936;416,770233;-488,647034;;;;;;;
325;3,25;0,137357;-0,102442;0,031273;-0,984713;40,409431;423,057465;67,456741;0,153722;-0,133096;0,030557;-0,978633;-28,167835;416,70224;-488,625092;;;;;;;
326;3,26;0,138914;-0,102519;0,03084;-0,984501;40,533627;423,411957;67,659973;0,153661;-0,133232;0,030491;-0,978625;-28,222612;416,761292;-488,638;;;;;;;
327;3,27;0,140732;-0,102332;0,030331;-0,984278;40,640568;423,78717;67,882271;0,153743;-0,133166;0,030251;-0,978629;-28,139256;416,713623;-488,626801;;;;;;;
328;3,28;0,142144;-0,102334;0,029879;-0,984088;40,744202;424,152161;68,117844;0,15367;-0,133123;0,030427;-0,978641;-28,152985;416,752075;-488,638824;;;;;;;
329;3,29;0,143982;-0,102521;0,029484;-0,983814;40,850346;424,559723;68,344681;0,153711;-0,133136;0,030595;-0,978627;-28,152134;416,727844;-488,638519;;;;;;;
330;3,3;0,145721;-0,102269;0,029042;-0,983597;40,939541;424,968323;68,565071;0,153696;-0,13319;0,030576;-0,978623;-28,158762;416,76712;-488,656891;;;;;;;
331;3,31;0,147452;-0,102134;0,028744;-0,983362;40,974415;425,374329;68,770744;0,15368;-0,133116;0,03068;-0,978632;-28,12903;416,784576;-488,67099;;;;;;;
332;3,32;0,149026;-0,101836;0,02837;-0,983166;40,98299;425,726074;68,93766;0,153647;-0,133135;0,030838;-0,97863;-28,157688;416,821075;-488,685303;;;;;;;
333;3,33;0,147753;-0,099007;0,027264;-0,983679;40,574997;425,780151;69,149261;0,153616;-0,133176;0,030832;-0,978629;-28,15893;416,99884;-488,770081;;;;;;;
334;3,34;0,146117;-0,092639;0,025357;-0,984594;39,868607;425,747375;69,569046;0,153964;-0,133129;0,031787;-0,978551;-28,207411;416,728668;-488,709076;;;;;;;
335;3,35;0,147128;-0,093362;0,023916;-0,984411;39,694527;425,720734;69,556831;0,15371;-0,133164;0,031137;-0,978607;-28,16346;417,022797;-488,779663;;;;;;;
336;3,36;0,148502;-0,091148;0,02229;-0,98445;39,411716;425,7323;69,500282;0,153547;-0,133219;0,031421;-0,978616;-28,266768;417,039764;-488,755219;;;;;;;
337;3,37;0,150328;-0,086947;0,020703;-0,984588;39,098167;426,057739;69,632591;0,153868;-0,133144;0,031206;-0,978582;-28,211353;416,81958;-488,698364;;;;;;;
338;3,38;0,152471;-0,089835;0,02062;-0,984001;39,552979;426,462341;69,848007;0,153623;-0,133034;0,031218;-0,978635;-28,183872;416,907379;-488,703552;;;;;;;
339;3,39;0,154956;-0,091563;0,02018;-0,983462;39,902981;427,050232;70,255463;0,153646;-0,133162;0,030929;-0,978624;-28,234297;416,936523;-488,694489;;;;;;;
340;3,4;0,156827;-0,089727;0,019241;-0,983354;39,915874;427,637207;70,71109;0,153747;-0,133214;0,031416;-0,978585;-28,324074;416,840118;-488,667297;;;;;;;
341;3,41;0,159518;-0,08976;0,018715;-0,982928;40,050014;428,266113;70,940262;0,153808;-0,13308;0,031202;-0,978601;-28,195072;416,824066;-488,692993;;;;;;;
342;3,42;0,16259;-0,089291;0,018075;-0,982479;40,111652;428,982208;71,265129;0,153646;-0,133047;0,031017;-0,978637;-28,145771;417,017487;-488,750854;;;;;;;
343;3,43;0,164633;-0,089297;0,017328;-0,982152;40,134781;429,474213;71,512222;0,153935;-0,133166;0,031595;-0,978557;-28,281309;416,771088;-488,686523;;;;;;;
344;3,44;0,166929;-0,088304;0,016324;-0,981871;40,107685;429,955566;71,719482;0,153788;-0,133234;0,031294;-0,97858;-28,271851;416,948364;-488,730255;;;;;;;
345;3,45;0,168487;-0,08779;0,015858;-0,981659;40,161938;430,354828;71,95047;0,153566;-0,133045;0,031253;-0,978642;-28,152365;417,06485;-488,755798;;;;;;;
346;3,46;0,170795;-0,088468;0,015557;-0,981204;40,28746;430,837708;72,136292;0,153757;-0,13314;0,031345;-0,978596;-28,230541;416,943756;-488,713745;;;;;;;
347;3,47;0,172673;-0,088088;0,014511;-0,980925;40,363525;431,261414;72,375816;0,153794;-0,133274;0,031621;-0,978563;-28,344658;416,902527;-488,683929;;;;;;;
348;3,48;0,174413;-0,087606;0,013685;-0,980672;40,44413;431,637817;72,591835;0,153663;-0,133149;0,031331;-0,97861;-28,227671;416,984741;-488,720703;;;;;;;
349;3,49;0,176247;-0,087351;0,013201;-0,980374;40,539021;432,058502;72,789978;0,153653;-0,133096;0,03109;-0,978626;-28,165422;417,015778;-488,718201;;;;;;;
350;3,5;0,177586;-0,087233;0,012661;-0,98015;40,638489;432,4245;73,023087;0,153719;-0,133261;0,031469;-0,978582;-28,32482;416,920776;-488,67865;;;;;;;
351;3,51;0,17946;-0,087581;0,012121;-0,979784;40,86385;432,877167;73,338791;0,153615;-0,133133;0,031449;-0,978616;-28,246967;416,997314;-488,700043;;;;;;;
352;3,52;0,180891;-0,088983;0,012593;-0,979389;41,196289;433,351288;73,674667;0,153745;-0,133038;0,031115;-0,978619;-28,159327;416,886749;-488,664795;;;;;;;
353;3,53;0,18253;-0,089445;0,012631;-0,979042;41,45018;433,863678;74,032501;0,15364;-0,133164;0,031218;-0,978615;-28,248775;416,96286;-488,670746;;;;;;;
354;3,54;0,184007;-0,089884;0,012361;-0,978729;41,672974;434,355682;74,39579;0,153713;-0,133201;0,031479;-0,97859;-28,282146;416,912018;-488,663971;;;;;;;
355;3,55;0,185707;-0,091304;0,01268;-0,978272;41,885429;434,812317;74,617851;0,153638;-0,133109;0,031458;-0,978615;-28,212233;416,972565;-488,668488;;;;;;;
356;3,56;0,187059;-0,090906;0,012223;-0,978057;41,911163;435,167053;74,754967;0,153701;-0,133144;0,031288;-0,978606;-28,202076;416,97049;-488,667114;;;;;;;
357;3,57;0,18798;-0,089882;0,01174;-0,977981;41,835144;435,418732;74,876617;0,153688;-0,133258;0,031528;-0,978585;-28,270594;416,973755;-488,68103;;;;;;;
358;3,58;0,189498;-0,08992;0,011409;-0,977688;41,897678;435,763763;75,000137;0,153687;-0,133241;0,031422;-0,978591;-28,228231;417,010864;-488,688049;;;;;;;
359;3,59;0,190574;-0,090656;0,011051;-0,977415;42,092598;436,063293;75,158714;0,153725;-0,133241;0,031281;-0,978589;-28,212673;416,99704;-488,681213;;;;;;;
360;3,6;0,191746;-0,090098;0,010525;-0,977244;42,101696;436,313049;75,267632;0,153627;-0,133181;0,031628;-0,978602;-28,212667;417,041687;-488,691345;;;;;;;
361;3,61;0,192885;-0,089324;0,010118;-0,977095;42,0257;436,552521;75,368797;0,153726;-0,133218;0,031568;-0,978583;-28,23377;416,973633;-488,699677;;;;;;;
362;3,62;0,194165;-0,089978;0,010023;-0,976782;42,131863;436,855804;75,49556;0,153622;-0,133223;0,031277;-0,978608;-28,198584;417,062103;-488,7164;;;;;;;
363;3,63;0,195626;-0,090398;0,009765;-0,976454;42,2682;437,218628;75,63591;0,153727;-0,13315;0,031524;-0,978594;-28,186834;416,99826;-488,684418;;;;;;;
364;3,64;0,196979;-0,089691;0,00938;-0,976251;42,214947;437,575897;75,794937;0,153695;-0,133163;0,031927;-0,978584;-28,233942;417,023438;-488,693176;;;;;;;
365;3,65;0,198797;-0,088684;0,008679;-0,975981;42,148853;438,031128;75,945602;0,153739;-0,133029;0,031915;-0,978596;-28,141708;417,01297;-488,710388;;;;;;;
366;3,66;0,200551;-0,089364;0,008893;-0,975558;42,237774;438,507629;76,126823;0,153709;-0,133113;0,031756;-0,978594;-28,180185;417,086731;-488,737305;;;;;;;
367;3,67;0,202454;-0,089631;0,008545;-0,975144;42,34893;438,979492;76,29763;0,153821;-0,133256;0,032146;-0,978544;-28,299763;417,038208;-488,720306;;;;;;;
368;3,68;0,203814;-0,088632;0,007887;-0,974958;42,340675;439,334595;76,427002;0,153887;-0,133291;0,032366;-0,978522;-28,331635;417,024078;-488,704742;;;;;;;
369;3,69;0,20501;-0,08818;0,007562;-0,97475;42,356937;439,656677;76,56945;0,153766;-0,133322;0,032207;-0,978542;-28,330647;417,143341;-488,729309;;;;;;;
370;3,7;0,206436;-0,089006;0,007401;-0,974375;42,475864;439,992645;76,679245;0,15389;-0,133371;0,032414;-0,978509;-28,38442;417,064484;-488,702545;;;;;;;
371;3,71;0,207213;-0,088989;0,007214;-0,974213;42,546635;440,242096;76,802734;0,153907;-0,133391;0,032702;-0,978494;-28,417454;417,061615;-488,694977;;;;;;;
372;3,72;0,208406;-0,088215;0,006548;-0,974034;42,518253;440,483765;76,886444;0,153906;-0,133324;0,032601;-0,978506;-28,365234;417,054779;-488,704071;;;;;;;
373;3,73;0,209265;-0,088027;0,006314;-0,973868;42,555824;440,694;76,99752;0,153822;-0,133415;0,032284;-0,978518;-28,397446;417,124664;-488,726959;;;;;;;
374;3,74;0,210375;-0,088181;0,005959;-0,973617;42,674782;440,931976;77,09079;0,153896;-0,133492;0,032363;-0,978493;-28,465452;417,050507;-488,695862;;;;;;;
375;3,75;0,211317;-0,088343;0,0056;-0,973401;42,75629;441,118927;77,186279;0,153846;-0,133349;0,032375;-0,97852;-28,372456;417,067596;-488,69696;;;;;;;
376;3,76;0,212033;-0,087958;0,005141;-0,973283;42,770256;441,254028;77,270836;0,153838;-0,133279;0,032089;-0,97854;-28,319176;417,040619;-488,695374;;;;;;;
377;3,77;0,212912;-0,08784;0,004701;-0,973104;42,825531;441,421967;77,346939;0,153795;-0,133286;0,031952;-0,97855;-28,319151;417,055084;-488,700317;;;;;;;
378;3,78;0,213513;-0,088079;0,004572;-0,972951;42,921783;441,601868;77,423859;0,153785;-0,133317;0,032231;-0,978539;-28,359344;417,061279;-488,69989;;;;;;;
379;3,79;0,214469;-0,08812;0,004424;-0,972737;42,962521;441,81076;77,493729;0,153879;-0,133392;0,032322;-0,978511;-28,40814;417,001556;-488,684204;;;;;;;
380;3,8;0,215208;-0,087642;0,004074;-0,972619;42,9286;441,998993;77,552559;0,153812;-0,13342;0,032073;-0,978526;-28,394911;417,07547;-488,722443;;;;;;;
381;3,81;0,216161;-0,087719;0,004055;-0,972401;42,942848;442,211121;77,624809;0,15389;-0,133473;0,032149;-0,978504;-28,42395;417,03241;-488,715515;;;;;;;
382;3,82;0,217076;-0,088223;0,004118;-0,972151;43,012344;442,457123;77,718811;0,153856;-0,133449;0,032394;-0,978504;-28,413363;417,070618;-488,72644;;;;;;;
383;3,83;0,217992;-0,088107;0,0038;-0,971958;43,054626;442,698364;77,811317;0,153955;-0,133424;0,032335;-0,978494;-28,394712;417,005768;-488,711548;;;;;;;
384;3,84;0,219107;-0,087864;0,003436;-0,971731;43,057968;442,954681;77,894264;0,153873;-0,133444;0,032173;-0,978509;-28,398924;417,066223;-488,736755;;;;;;;
385;3,85;0,220219;-0,087787;0,003022;-0,971488;43,104568;443,210968;78,002136;0,153935;-0,133411;0,032235;-0,978502;-28,377867;417,026764;-488,731873;;;;;;;
386;3,86;0,221498;-0,087973;0,002627;-0,971181;43,206459;443,501648;78,1073;0,153958;-0,133462;0,032389;-0,978487;-28,43045;417,007538;-488,725403;;;;;;;
387;3,87;0,222552;-0,087937;0,002329;-0,970944;43,247437;443,763855;78,203674;0,153907;-0,133457;0,032245;-0,9785;-28,41654;417,047058;-488,738708;;;;;;;
388;3,88;0,223708;-0,087491;0,001912;-0,97072;43,251587;444,027313;78,310539;0,153959;-0,133474;0,032133;-0,978493;-28,417986;417,010223;-488,732819;;;;;;;
389;3,89;0,224928;-0,087466;0,001361;-0,970441;43,290085;444,26062;78,36953;0,153941;-0,133445;0,032267;-0,978496;-28,407589;417,034332;-488,736664;;;;;;;
390;3,9;0,226029;-0,086613;0,000695;-0,970262;43,258892;444,50946;78,504845;0,154046;-0,133392;0,032524;-0,978478;-28,418041;416,912384;-488,704102;;;;;;;
391;3,91;0,227541;-0,086232;0,000001;-0,969943;43,302654;444,827637;78,611015;0,153992;-0,133369;0,031972;-0,978507;-28,343903;416,97644;-488,727142;;;;;;;
392;3,92;0,228757;-0,086936;-0,000407;-0,969594;43,415108;445,088318;78,687958;0,153989;-0,13344;0,031935;-0,9785;-28,397182;416,973694;-488,723114;;;;;;;
393;3,93;0,228677;-0,084582;-0,001789;-0,969819;43,202293;445,24942;78,903122;0,154032;-0,133501;0,032393;-0,978469;-28,473421;416,970886;-488,723785;;;;;;;
394;3,94;0,229715;-0,083052;-0,002719;-0,969704;43,094379;445,541931;79,046272;0,154103;-0,133342;0,032486;-0,978477;-28,384804;416,874298;-488,708344;;;;;;;
395;3,95;0,231788;-0,085217;-0,002498;-0,969023;43,341621;445,914398;79,065079;0,153902;-0,133358;0,031541;-0,978537;-28,311901;417,076538;-488,76889;;;;;;;
396;3,96;0,23241;-0,083442;-0,003266;-0,969027;43,260685;446,208862;79,348587;0,154097;-0,133396;0,032158;-0,978481;-28,403793;416,930908;-488,724304;;;;;;;
397;3,97;0,234073;-0,081918;-0,004488;-0,968751;43,177807;446,605682;79,465218;0,154287;-0,133406;0,032665;-0,978433;-28,449398;416,759705;-488,676208;;;;;;;
398;3,98;0,235246;-0,083123;-0,004833;-0,968363;43,280544;446,812439;79,500717;0,154063;-0,133357;0,031876;-0,978501;-28,3557;416,998596;-488,748047;;;;;;;
399;3,99;0,236394;-0,08055;-0,006399;-0,968292;43,108494;447,084412;79,65583;0,154146;-0,133308;0,032083;-0,978488;-28,377539;416,839355;-488,718079;;;;;;;
400;4;0,238077;-0,080185;-0,007212;-0,967904;43,087833;447,345703;79,63858;0,154;-0,133371;0,032104;-0,978502;-28,420437;416,945129;-488,73761;;;;;;;
401;4,01;0,238899;-0,080011;-0,007833;-0,967711;43,100277;447,478821;79,687164;0,154169;-0,133351;0,031995;-0,978481;-28,400208;416,84549;-488,708771;;;;;;;
402;4,02;0,240155;-0,077792;-0,009152;-0,967569;42,963116;447,77597;79,795029;0,153916;-0,133201;0,032181;-0,978536;-28,383907;416,921387;-488,722687;;;;;;;
403;4,03;0,241215;-0,079195;-0,009059;-0,967193;43,135132;448,030334;79,897415;0,153984;-0,133174;0,031913;-0,978537;-28,373104;416,855621;-488,708282;;;;;;;
404;4,04;0,242702;-0,07996;-0,00922;-0,966756;43,352207;448,403931;80,105965;0,153954;-0,133243;0,031661;-0,978541;-28,339165;416,890717;-488,710754;;;;;;;
405;4,05;0,243861;-0,079225;-0,009394;-0,966523;43,433426;448,79425;80,350891;0,153827;-0,133392;0,031681;-0,97854;-28,435059;416,96048;-488,714355;;;;;;;
406;4,06;0,24492;-0,080148;-0,009166;-0,966181;43,604748;449,127716;80,501862;0,154069;-0,133377;0,031328;-0,978515;-28,392117;416,795563;-488,66861;;;;;;;
407;4,07;0,24636;-0,080298;-0,009598;-0,965799;43,662354;449,465942;80,581245;0,153808;-0,133339;0,031362;-0,97856;-28,359066;416,984711;-488,715302;;;;;;;
408;4,08;0,246978;-0,079227;-0,010086;-0,965724;43,536255;449,71106;80,668297;0,154068;-0,13338;0,03175;-0,978501;-28,425783;416,796692;-488,671417;;;;;;;
409;4,09;0,248183;-0,078971;-0,010139;-0,965436;43,50386;450,007629;80,717346;0,153975;-0,133338;0,031695;-0,978523;-28,384064;416,870758;-488,69931;;;;;;;
410;4,1;0,249314;-0,079638;-0,009997;-0,965091;43,61462;450,310852;80,818321;0,153964;-0,133314;0,031323;-0,97854;-28,316956;416,91098;-488,709381;;;;;;;
411;4,11;0,250457;-0,079672;-0,010333;-0,964788;43,639606;450,577301;80,89621;0,153963;-0,133247;0,031848;-0,978533;-28,317549;416,90683;-488,696808;;;;;;;
412;4,12;0,251442;-0,078956;-0,010706;-0,964587;43,558224;450,81546;80,95993;0,154125;-0,133284;0,032218;-0,97849;-28,389589;416,749237;-488,659393;;;;;;;
413;4,13;0,252482;-0,0789;-0,010747;-0,964319;43,573864;451,070343;81,043053;0,153933;-0,133323;0,031418;-0,978541;-28,320972;416,93042;-488,715668;;;;;;;
414;4,14;0,253934;-0,079292;-0,010941;-0,963904;43,676933;451,407318;81,118965;0,153897;-0,133286;0,031435;-0,978551;-28,292891;416,944916;-488,716919;;;;;;;
415;4,15;0,254851;-0,078947;-0,011478;-0,963684;43,694191;451,697083;81,222153;0,154053;-0,133426;0,031927;-0,978492;-28,431931;416,815552;-488,668152;;;;;;;
416;4,16;0,255983;-0,078458;-0,011974;-0,963418;43,648827;451,98291;81,286919;0,153884;-0,133414;0,031716;-0,978527;-28,406555;416,937256;-488,703278;;;;;;;
417;4,17;0,257145;-0,078557;-0,012094;-0,963099;43,655045;452,232941;81,326721;0,153926;-0,133298;0,031208;-0,978552;-28,262638;416,930298;-488,720795;;;;;;;
418;4,18;0,25743;-0,077217;-0,012915;-0,96312;43,496349;452,366516;81,360725;0,153836;-0,133446;0,03182;-0,978527;-28,401888;417,096283;-488,761902;;;;;;;
419;4,19;0,257694;-0,07418;-0,014714;-0,963263;43,1973;452,452515;81,429176;0,154135;-0,13343;0,033208;-0,978435;-28,523241;416,821228;-488,680298;;;;;;;
420;4,2;0,258845;-0,074014;-0,015517;-0,962954;43,139278;452,532104;81,327736;0,153922;-0,13337;0,032034;-0,978516;-28,375111;417,038544;-488,753632;;;;;;;
421;4,21;0,259857;-0,072626;-0,016732;-0,962767;43,030548;452,633972;81,320778;0,153869;-0,133336;0,031311;-0,978553;-28,297207;417,044586;-488,759888;;;;;;;
422;4,22;0,260605;-0,070257;-0,018026;-0,962717;42,849632;452,790222;81,413948;0,154062;-0,133395;0,0323;-0,978482;-28,418098;416,87207;-488,699768;;;;;;;
423;4,23;0,262571;-0,07102;-0,018424;-0,962119;42,946957;453,102936;81,419365;0,153915;-0,133404;0,032454;-0,978499;-28,442326;416,965698;-488,721313;;;;;;;
424;4,24;0,263627;-0,071239;-0,018845;-0,961806;43,016106;453,426971;81,553291;0,153898;-0,133414;0,031387;-0,978535;-28,359362;416,973846;-488,728729;;;;;;;
425;4,25;0,265023;-0,070003;-0,01963;-0,961497;42,937939;453,801575;81,667419;0,15389;-0,133268;0,031485;-0,978553;-28,268696;416,998688;-488,733276;;;;;;;
426;4,26;0,266519;-0,070416;-0,019649;-0,961053;43,010887;454,170593;81,760529;0,154019;-0,133299;0,032582;-0,978493;-28,406191;416,820618;-488,68335;;;;;;;
427;4,27;0,268075;-0,071072;-0,019558;-0,960574;43,110058;454,605286;81,885681;0,153846;-0,133414;0,031874;-0,978528;-28,400906;417,023041;-488,728638;;;;;;;
428;4,28;0,269705;-0,070245;-0,020198;-0,960165;43,056015;455,006012;81,981262;0,153903;-0,133281;0,031532;-0,978548;-28,294287;416,951965;-488,710754;;;;;;;
429;4,29;0,270889;-0,069623;-0,020632;-0,959868;43,013714;455,334839;82,107063;0,153896;-0,13331;0,03194;-0,978532;-28,33077;416,946228;-488,713562;;;;;;;
430;4,3;0,272903;-0,070015;-0,020755;-0,959266;43,08667;455,818298;82,198196;0,153896;-0,133416;0,032178;-0,97851;-28,424557;416,954926;-488,701263;;;;;;;
431;4,31;0,274424;-0,070021;-0,021203;-0,958822;43,176662;456,281281;82,322403;0,153874;-0,13347;0,031716;-0,978521;-28,407782;416,978302;-488,706207;;;;;;;
432;4,32;0,276008;-0,069477;-0,02175;-0,958394;43,151035;456,729767;82,447571;0,153911;-0,133219;0,031712;-0,978549;-28,234207;416,951904;-488,708832;;;;;;;
433;4,33;0,277888;-0,069197;-0,022137;-0,957862;43,144337;457,18338;82,545418;0,153926;-0,133369;0,032155;-0,978512;-28,379166;416,915009;-488,696198;;;;;;;
434;4,34;0,279702;-0,06957;-0,022208;-0,957305;43,209236;457,657349;82,684029;0,15395;-0,133482;0,031985;-0,978498;-28,437378;416,926575;-488,695648;;;;;;;
435;4,35;0,281529;-0,069353;-0,022569;-0,956777;43,260811;458,202087;82,864059;0,153937;-0,133313;0,031708;-0,978532;-28,305895;416,914154;-488,704742;;;;;;;
436;4,36;0,28228;-0,069126;-0,023235;-0,956556;43,291405;458,640594;83,075859;0,153783;-0,133336;0,031631;-0,978556;-28,294697;417,12796;-488,768097;;;;;;;
437;4,37;0,282748;-0,0678;-0,02401;-0,956494;43,211147;459,03183;83,371567;0,154075;-0,133513;0,032775;-0,978448;-28,527409;416,895844;-488,699188;;;;;;;
438;4,38;0,284115;-0,067418;-0,024624;-0,9561;43,214108;459,436127;83,548218;0,154021;-0,133469;0,032468;-0,978473;-28,467798;416,984863;-488,731689;;;;;;;
439;4,39;0,285623;-0,067035;-0,025169;-0,955663;43,287766;459,832489;83,73539;0,153963;-0,133394;0,03173;-0,978517;-28,359764;416,996368;-488,746002;;;;;;;
440;4,4;0,287829;-0,066755;-0,025925;-0,955001;43,337166;460,308075;83,824455;0,154071;-0,133402;0,031787;-0,978497;-28,384317;416,916534;-488,709747;;;;;;;
441;4,41;0,289319;-0,067084;-0,026241;-0,954519;43,406322;460,744141;83,970604;0,153945;-0,133477;0,032331;-0,978488;-28,500441;416,930145;-488,699646;;;;;;;
442;4,42;0,290988;-0,067059;-0,026871;-0,953995;43,439011;461,181122;84,059128;0,153981;-0,133313;0,031801;-0,978523;-28,343111;416,90863;-488,697754;;;;;;;
443;4,43;0,292851;-0,06668;-0,027412;-0,953436;43,426071;461,643097;84,132996;0,153777;-0,133339;0,031346;-0,978566;-28,31245;417,05838;-488,745026;;;;;;;
444;4,44;0,294351;-0,066168;-0,027715;-0,953001;43,444633;462,05307;84,259689;0,153993;-0,133445;0,031808;-0,978502;-28,439072;416,849121;-488,683105;;;;;;;
445;4,45;0,296489;-0,066167;-0,02822;-0,952323;43,500374;462,534485;84,342422;0,15382;-0,133292;0,031934;-0,978546;-28,359892;416,975983;-488,7052;;;;;;;
446;4,46;0,298014;-0,065937;-0,028827;-0,951845;43,522381;462,974762;84,460587;0,153916;-0,133251;0,03148;-0,978552;-28,288208;416,88269;-488,683716;;;;;;;
447;4,47;0,299934;-0,065629;-0,029239;-0,951251;43,525536;463,510712;84,59552;0,153877;-0,13339;0,031358;-0,978543;-28,368383;416,923798;-488,690521;;;;;;;
448;4,48;0,301741;-0,066004;-0,02906;-0,950658;43,603996;464,077606;84,754875;0,153832;-0,133349;0,031762;-0,978542;-28,377539;416,924591;-488,67984;;;;;;;
449;4,49;0,303487;-0,066186;-0,029094;-0,950089;43,757957;464,731079;84,998421;0,153917;-0,133281;0,031617;-0,978543;-28,325018;416,868988;-488,65976;;;;;;;
450;4,5;0,304884;-0,066339;-0,029306;-0,949624;43,898006;465,360687;85,241692;0,153793;-0,133403;0,031261;-0,978557;-28,362192;417,020721;-488,708496;;;;;;;
451;4,51;0,305424;-0,065696;-0,029853;-0,949478;43,932808;465,928864;85,543259;0,153943;-0,133363;0,032088;-0,978512;-28,421034;416,974426;-488,700073;;;;;;;
452;4,52;0,306671;-0,064728;-0,030799;-0,949113;43,967525;466,527405;85,814499;0,154081;-0,133321;0,033113;-0,978462;-28,48151;416,881744;-488,668213;;;;;;;
453;4,53;0,309317;-0,065447;-0,031189;-0,948191;44,117378;467,122864;85,867386;0,154113;-0,133234;0,032099;-0,978503;-28,35079;416,815552;-488,669464;;;;;;;
454;4,54;0,311423;-0,065037;-0,032133;-0,947499;44,164223;467,687378;86,006676;0,153802;-0,133339;0,030791;-0,978579;-28,32633;417,02597;-488,736206;;;;;;;
455;4,55;0,313481;-0,064031;-0,033198;-0,946852;44,082916;468,209412;86,093468;0,154106;-0,133246;0,031769;-0,978513;-28,368511;416,76004;-488,649017;;;;;;;
456;4,56;0,315597;-0,06377;-0,033778;-0,946145;44,02343;468,682434;86,104507;0,153875;-0,133192;0,032522;-0,978532;-28,402937;416,892303;-488,672729;;;;;;;
457;4,57;0,317149;-0,062119;-0,035011;-0,945691;43,839306;469,060394;86,155098;0,153912;-0,133321;0,031294;-0,978549;-28,37808;416,954285;-488,70105;;;;;;;
458;4,58;0,319359;-0,060186;-0,036589;-0,945013;43,659447;469,523682;86,177216;0,153892;-0,13324;0,031364;-0,978561;-28,35479;416,867859;-488,672211;;;;;;;
459;4,59;0,321627;-0,060876;-0,036776;-0,944192;43,77792;470,100586;86,283699;0,153934;-0,133193;0,031654;-0,978551;-28,337271;416,821014;-488,65097;;;;;;;
460;4,6;0,324155;-0,061211;-0,037122;-0,943292;43,951271;470,780792;86,402344;0,153944;-0,133243;0,031549;-0,978546;-28,365656;416,807129;-488,61795;;;;;;;
461;4,61;0,326508;-0,060649;-0,037761;-0,942491;43,912792;471,45282;86,50927;0,153838;-0,133362;0,031248;-0,978556;-28,415253;416,865173;-488,62207;;;;;;;
462;4,62;0,328559;-0,060075;-0,038319;-0,941792;43,866287;472,026123;86,600471;0,154007;-0,133185;0,031316;-0,978551;-28,278643;416,733246;-488,601868;;;;;;;
463;4,63;0,3312;-0,059979;-0,038886;-0,940849;43,880814;472,7211;86,640984;0,153712;-0,133256;0,031537;-0,978581;-28,327051;416,937073;-488,647888;;;;;;;
464;4,64;0,333494;-0,059454;-0,039763;-0,940035;43,889343;473,388214;86,751968;0,153955;-0,133425;0,03129;-0,978528;-28,398911;416,793304;-488,610046;;;;;;;
465;4,65;0,335587;-0,058827;-0,040277;-0,939308;43,850986;474,028595;86,836349;0,153711;-0,133307;0,031265;-0,978583;-28,314922;416,957458;-488,670532;;;;;;;
466;4,66;0,336505;-0,057108;-0,041671;-0,939024;43,699341;474,543549;87,020447;0,153766;-0,13322;0,031538;-0,978577;-28,250151;417,092224;-488,728271;;;;;;;
467;4,67;0,338432;-0,055818;-0,04278;-0,938359;43,580276;475,128052;87,167397;0,154097;-0,133272;0,033126;-0,978466;-28,454498;416,722595;-488,622375;;;;;;;
468;4,68;0,341882;-0,056842;-0,04301;-0,937036;43,741753;475,867218;87,170303;0,153856;-0,133338;0,031441;-0,97855;-28,351433;416,899933;-488,680725;;;;;;;
469;4,69;0,343931;-0,056916;-0,043665;-0,936251;43,893055;476,631348;87,382751;0,15382;-0,133192;0,030284;-0,978612;-28,169542;416,91507;-488,675903;;;;;;;
470;4,7;0,346809;-0,056337;-0,044532;-0,935183;43,926723;477,531799;87,533173;0,153955;-0,13328;0,031813;-0,978531;-28,353645;416,750854;-488,604614;;;;;;;
471;4,71;0,349624;-0,057602;-0,04442;-0,934062;44,082928;478,303925;87,637367;0,153958;-0,133442;0,032094;-0,978499;-28,460756;416,761383;-488,602814;;;;;;;
472;4,72;0,352188;-0,056988;-0,045292;-0,933094;44,05854;479,068909;87,726196;0,153724;-0,133322;0,030743;-0,978596;-28,305964;416,927307;-488,653229;;;;;;;
473;4,73;0,353932;-0,055144;-0,046577;-0,932482;43,914753;479,763153;87,877342;0,153696;-0,13322;0,030476;-0,978622;-28,203245;417,01413;-488,691559;;;;;;;
474;4,74;0,355198;-0,054744;-0,047268;-0,931989;43,910473;480,379059;88,157028;0,153937;-0,13331;0,032837;-0,978496;-28,480577;416,77182;-488,60791;;;;;;;
475;4,75;0,358422;-0,055303;-0,047663;-0,930701;44,025772;481,240509;88,204811;0,153899;-0,133375;0,032171;-0,978515;-28,446907;416,83139;-488,619202;;;;;;;
476;4,76;0,360561;-0,055471;-0,047781;-0,929858;44,174461;482,023651;88,342369;0,153755;-0,133295;0,030096;-0,978614;-28,220285;416,940094;-488,667816;;;;;;;
477;4,77;0,36291;-0,054736;-0,04867;-0,928941;44,189316;482,82959;88,517944;0,153904;-0,133243;0,030944;-0,978571;-28,254707;416,817413;-488,622955;;;;;;;
478;4,78;0,365738;-0,055473;-0,048967;-0,927772;44,305882;483,656403;88,576508;0,153832;-0,133335;0,03284;-0,978509;-28,472277;416,833862;-488,609161;;;;;;;
479;4,79;0,367324;-0,055453;-0,048875;-0,927151;44,388577;484,412262;88,786186;0,1539;-0,133235;0,031675;-0,97855;-28,294189;416,848633;-488,641785;;;;;;;
480;4,8;0,369938;-0,054887;-0,049614;-0,926106;44,459805;485,316742;88,904442;0,153735;-0,133229;0,030525;-0,978613;-28,208258;416,939423;-488,670959;;;;;;;
481;4,81;0,372183;-0,056484;-0,049533;-0,925114;44,748833;486,141846;89,031845;0,153788;-0,133405;0,031249;-0,978558;-28,341635;416,9086;-488,659668;;;;;;;
482;4,82;0,374749;-0,05675;-0,049982;-0,924037;44,864895;487,006317;89,197372;0,153941;-0,133408;0,03231;-0,978499;-28,429272;416,751892;-488,613251;;;;;;;
483;4,83;0,3771;-0,056758;-0,050265;-0,923064;44,935619;487,856689;89,348068;0,153797;-0,133353;0,030961;-0,978573;-28,303452;416,868439;-488,634094;;;;;;;
484;4,84;0,379511;-0,057789;-0,049762;-0,922039;45,127087;488,579926;89,39167;0,153821;-0,133281;0,030384;-0,978597;-28,19873;416,881409;-488,634918;;;;;;;
485;4,85;0,382099;-0,05706;-0,050823;-0,920957;45,075363;489,267731;89,413452;0,153822;-0,133401;0,032047;-0,978527;-28,392843;416,8125;-488,610168;;;;;;;
486;4,86;0,383922;-0,056045;-0,051903;-0,920201;44,944927;489,850403;89,465378;0,153878;-0,133377;0,031801;-0,97853;-28,351217;416,810303;-488,618622;;;;;;;
487;4,87;0,386317;-0,056493;-0,052065;-0,919161;44,939678;490,429688;89,415611;0,153657;-0,133211;0,030566;-0,978627;-28,172276;416,990387;-488,676239;;;;;;;
488;4,88;0,387446;-0,054379;-0,053331;-0,918741;44,809265;490,997955;89,584229;0,153823;-0,13332;0,031184;-0,978566;-28,279343;416,910858;-488,654358;;;;;;;
489;4,89;0,390226;-0,05393;-0,054216;-0,917538;44,743912;491,65683;89,521797;0,154044;-0,133288;0,032706;-0,978486;-28,394993;416,694946;-488,597992;;;;;;;
490;4,9;0,392513;-0,055039;-0,054546;-0,916477;44,866146;492,357422;89,532036;0,153712;-0,133336;0,031339;-0,978577;-28,309658;416,946808;-488,672058;;;;;;;
491;4,91;0,394381;-0,05439;-0,05555;-0,915653;44,890823;493,020996;89,613792;0,15377;-0,133302;0,030272;-0,978606;-28,172709;416,970001;-488,671783;;;;;;;
492;4,92;0,396991;-0,053827;-0,056119;-0,914523;44,843369;493,665619;89,58165;0,153864;-0,133254;0,032292;-0,978533;-28,309244;416,813751;-488,618805;;;;;;;
493;4,93;0,398738;-0,05382;-0,056318;-0,91375;44,869568;494,22699;89,618835;0,153944;-0,133292;0,032248;-0,978516;-28,298061;416,790771;-488,622437;;;;;;;
494;4,94;0,401352;-0,053594;-0,056998;-0,912576;44,822838;494,863861;89,565247;0,153736;-0,133341;0,030728;-0,978592;-28,225031;416,963562;-488,662933;;;;;;;
495;4,95;0,403026;-0,053317;-0,057605;-0,911816;44,750187;495,351501;89,598488;0,153855;-0,133244;0,030836;-0,978583;-28,15093;416,880615;-488,660706;;;;;;;
496;4,96;0,4051;-0,052792;-0,058385;-0,910878;44,704773;495,897247;89,595947;0,153867;-0,13324;0,032477;-0,978528;-28,307434;416,800568;-488,625885;;;;;;;
497;4,97;0,407414;-0,052473;-0,058771;-0,909839;44,73119;496,540192;89,560852;0,153736;-0,133396;0,031551;-0,978558;-28,324148;416,936035;-488,663239;;;;;;;
498;4,98;0,408808;-0,052894;-0,059037;-0,909172;44,796463;497,141663;89,665619;0,153767;-0,133197;0,030674;-0,978608;-28,130535;416,901886;-488,666626;;;;;;;
499;4,99;0,410868;-0,052253;-0,060092;-0,90821;44,788097;497,828125;89,71833;0,153723;-0,133247;0,031487;-0,978582;-28,201315;416,926178;-488,666626;;;;;;;
500;5;0,413298;-0,052805;-0,060147;-0,907071;44,894234;498,524597;89,698318;0,153934;-0,133375;0,032179;-0,978509;-28,334957;416,78775;-488,621796;;;;;;;
501;5,01;0,415393;-0,052661;-0,060343;-0,90611;44,924156;499,230682;89,754189;0,15374;-0,133425;0,031186;-0,978565;-28,273615;416,920227;-488,664978;;;;;;;
502;5,02;0,417588;-0,052156;-0,061195;-0,905072;44,958824;500,074982;89,8256;0,153774;-0,133393;0,030392;-0,978589;-28,18158;416,921021;-488,657654;;;;;;;
503;5,03;0,419864;-0,053993;-0,060746;-0,90394;45,232071;500,91748;89,88414;0,153724;-0,133405;0,031478;-0,978561;-28,271954;416,931458;-488,649048;;;;;;;
504;5,04;0,422037;-0,054384;-0,060744;-0,902905;45,375935;501,812927;89,982971;0,153811;-0,133431;0,031784;-0,978534;-28,314371;416,840973;-488,625641;;;;;;;
505;5,05;0,423991;-0,05422;-0,060773;-0,901997;45,466328;502,733337;90,099869;0,153695;-0,133461;0,030466;-0,97859;-28,243889;416,931213;-488,636841;;;;;;;
506;5,06;0,426354;-0,0559;-0,060104;-0,900825;45,682697;503,557159;90,132095;0,153642;-0,133403;0,030445;-0,978607;-28,197407;416,999603;-488,660461;;;;;;;
507;5,07;0,428016;-0,055073;-0,060923;-0,900032;45,691128;504,359009;90,259361;0,153832;-0,133446;0,032217;-0,978514;-28,377995;416,826019;-488,604553;;;;;;;
508;5,08;0,430349;-0,054582;-0,061426;-0,898914;45,660099;505,089874;90,216698;0,153785;-0,133456;0,031807;-0,978534;-28,34865;416,897034;-488,627411;;;;;;;
509;5,09;0,432598;-0,055385;-0,061253;-0,897797;45,736179;505,721741;90,143059;0,153708;-0,133297;0,030649;-0,978604;-28,163233;416,926636;-488,639709;;;;;;;
510;5,1;0,43437;-0,05471;-0,062449;-0,8969;45,666298;506,305206;90,134201;0,153612;-0,133438;0,0309;-0,978592;-28,23325;417,004456;-488,669922;;;;;;;
511;5,11;0,436549;-0,05418;-0,063412;-0,895806;45,621517;506,913666;90,08445;0,153857;-0,133513;0,031858;-0,978513;-28,356489;416,809784;-488,610138;;;;;;;
512;5,12;0,438391;-0,054666;-0,06311;-0,894898;45,694595;507,481384;90,067955;0,153645;-0,133468;0,031051;-0,978578;-28,267723;416,958984;-488,65155;;;;;;;
513;5,13;0,438369;-0,052851;-0,064533;-0,894916;45,474621;507,895538;90,273941;0,153542;-0,133288;0,030346;-0,978641;-28,104101;417,101105;-488,706818;;;;;;;
514;5,14;0,436541;-0,048747;-0,068605;-0,895739;45,042641;508,108612;90,711472;0,153889;-0,133317;0,031959;-0,978531;-28,272022;416,913513;-488,66748;;;;;;;
515;5,15;0,437465;-0,048076;-0,07068;-0,895163;44,942657;508,323425;90,779182;0,154057;-0,133365;0,033226;-0,978456;-28,435438;416,67276;-488,603546;;;;;;;
516;5,16;0,440233;-0,048462;-0,071406;-0,893727;44,99942;508,721466;90,614754;0,153721;-0,133398;0,030538;-0,978592;-28,221201;416,920532;-488,64859;;;;;;;
517;5,17;0,441707;-0,046788;-0,072848;-0,892972;44,861229;509,209503;90,638924;0,153656;-0,133438;0,029585;-0,978626;-28,168499;416,939606;-488,621124;;;;;;;
518;5,18;0,44426;-0,046473;-0,073578;-0,891661;44,815639;509,825287;90,550079;0,153895;-0,133623;0,031868;-0,978492;-28,469191;416,718536;-488,538391;;;;;;;
519;5,19;0,446809;-0,047597;-0,073489;-0,890335;44,968281;510,546936;90,465378;0,153544;-0,13366;0,032062;-0,978535;-28,500118;416,951599;-488,592865;;;;;;;
520;5,2;0,448829;-0,047333;-0,074044;-0,889286;44,943092;511,251343;90,437798;0,153776;-0,133568;0,029761;-0,978584;-28,254984;416,847076;-488,555603;;;;;;;
521;5,21;0,450818;-0,046475;-0,075025;-0,888242;44,873413;511,921692;90,404953;0,153726;-0,133536;0,030355;-0,978578;-28,289986;416,849701;-488,55423;;;;;;;
522;5,22;0,452963;-0,047192;-0,074991;-0,887115;44,983875;512,550354;90,339195;0,153775;-0,133567;0,032282;-0,978505;-28,460495;416,775177;-488,540894;;;;;;;
523;5,23;0,455037;-0,047177;-0,075475;-0,886013;44,992847;513,264038;90,281143;0,153738;-0,133653;0,031232;-0,978533;-28,403404;416,864716;-488,56897;;;;;;;
524;5,24;0,456489;-0,046751;-0,075837;-0,885257;45,003174;514,02655;90,334969;0,153783;-0,133558;0,029805;-0,978583;-28,230633;416,83078;-488,572906;;;;;;;
525;5,25;0,4587;-0,048077;-0,07517;-0,8841;45,215336;514,856018;90,305878;0,153739;-0,133531;0,030883;-0,97856;-28,291889;416,8703;-488,590057;;;;;;;
526;5,26;0,460659;-0,048636;-0,074948;-0,883069;45,333466;515,710022;90,305176;0,153746;-0,133597;0,032347;-0,978503;-28,463982;416,84433;-488,577972;;;;;;;
527;5,27;0,462189;-0,048611;-0,074961;-0,882269;45,393936;516,590027;90,395706;0,153934;-0,133446;0,031101;-0,978534;-28,272226;416,723419;-488,545044;;;;;;;
528;5,28;0,464543;-0,049997;-0,074351;-0,881006;45,644516;517,490479;90,377968;0,153597;-0,133557;0,029964;-0,978607;-28,257093;416,972168;-488,60907;;;;;;;
529;5,29;0,466347;-0,050859;-0,07383;-0,880047;45,86282;518,349426;90,41642;0,153823;-0,133696;0,031114;-0,978517;-28,409622;416,822021;-488,566132;;;;;;;
530;5,3;0,468037;-0,050851;-0,074121;-0,879125;45,890957;519,134521;90,432312;0,15379;-0,133604;0,032043;-0,978505;-28,434715;416,817963;-488,567657;;;;;;;
531;5,31;0,469982;-0,051486;-0,074039;-0,878057;45,969299;519,809082;90,381042;0,153808;-0,133549;0,030505;-0,978559;-28,308432;416,821136;-488,56189;;;;;;;
532;5,32;0,471801;-0,051872;-0,073986;-0,877063;46,038097;520,363464;90,318665;0,153664;-0,133566;0,030185;-0,978589;-28,289791;416,929596;-488,582733;;;;;;;
533;5,33;0,473272;-0,050888;-0,074964;-0,876245;45,931526;520,818359;90,259956;0,153938;-0,133558;0,031889;-0,978493;-28,40062;416,703339;-488,524963;;;;;;;
534;5,34;0,474671;-0,050824;-0,075611;-0,875436;45,883884;521,172974;90,165565;0,153736;-0,133537;0,031759;-0,978532;-28,377487;416,874054;-488,580292;;;;;;;
535;5,35;0,47459;-0,049123;-0,077376;-0,875422;45,694515;521,417725;90,248444;0,153652;-0,133531;0,030306;-0,978592;-28,260944;416,993805;-488,622711;;;;;;;
536;5,36;0,475483;-0,047442;-0,079217;-0,874865;45,474068;521,758484;90,217857;0,153874;-0,133549;0,030926;-0,978535;-28,300476;416,778229;-488,562164;;;;;;;
537;5,37;0,478122;-0,049254;-0,078731;-0,87337;45,651371;522,252014;90,02784;0,15369;-0,133519;0,031681;-0,978544;-28,333372;416,895905;-488,590698;;;;;;;
538;5,38;0,479542;-0,048921;-0,079228;-0,872565;45,72401;522,846741;90,060768;0,153806;-0,133452;0,030856;-0,978561;-28,23728;416,845337;-488,566467;;;;;;;
539;5,39;0,48172;-0,04773;-0,080231;-0,871338;45,615391;523,48053;89,962692;0,153766;-0,133565;0,030533;-0,978562;-28,287075;416,882843;-488,56543;;;;;;;
540;5,4;0,483345;-0,048494;-0,080224;-0,870397;45,69833;524,000366;89,8937;0,153829;-0,133546;0,03138;-0,978528;-28,33556;416,809021;-488,565735;;;;;;;
541;5,41;0,485432;-0,048882;-0,080692;-0,869169;45,692883;524,597168;89,790764;0,15364;-0,13354;0,031452;-0,978556;-28,351669;416,958252;-488,604248;;;;;;;
542;5,42;0,487161;-0,048113;-0,081859;-0,868135;45,619999;525,128174;89,714882;0,153866;-0,133423;0,030957;-0,978553;-28,27739;416,799133;-488,545166;;;;;;;
543;5,43;0,488738;-0,047974;-0,082166;-0,867227;45,641491;525,578979;89,658539;0,153823;-0,133487;0,031159;-0,978544;-28,342369;416,784424;-488,546234;;;;;;;
544;5,44;0,49085;-0,04788;-0,082665;-0,865991;45,614029;526,088562;89,501686;0,153687;-0,13353;0,031388;-0,978552;-28,377573;416,894623;-488,574921;;;;;;;
545;5,45;0,49192;-0,04763;-0,083549;-0,865313;45,597862;526,570129;89,503021;0,153957;-0,133357;0,031317;-0,978536;-28,288282;416,683136;-488,516022;;;;;;;
546;5,46;0,493806;-0,047747;-0,084052;-0,864182;45,610279;527,111694;89,388359;0,153727;-0,133477;0,030913;-0,978569;-28,338354;416,831848;-488,555084;;;;;;;
547;5,47;0,49565;-0,047821;-0,084065;-0,863121;45,61404;527,632385;89,272858;0,153725;-0,133437;0,03104;-0,97857;-28,322872;416,853058;-488,567444;;;;;;;
548;5,48;0,496946;-0,047261;-0,084638;-0,86235;45,527161;528,146362;89,225609;0,153863;-0,133359;0,031411;-0,978547;-28,279047;416,767181;-488,554657;;;;;;;
549;5,49;0,498972;-0,047479;-0,085091;-0,861123;45,481216;528,736511;89,094124;0,153815;-0,133391;0,031262;-0,978555;-28,3183;416,798462;-488,564667;;;;;;;
550;5,5;0,499775;-0,047628;-0,085421;-0,860616;45,442806;529,216797;89,111168;0,153658;-0,133392;0,030991;-0,978588;-28,317827;416,970001;-488,616638;;;;;;;
551;5,51;0,499034;-0,044855;-0,088062;-0,860929;45,095772;529,596619;89,357719;0,153884;-0,133191;0,031779;-0,978555;-28,237711;416,81842;-488,589691;;;;;;;
552;5,52;0,498167;-0,043083;-0,090317;-0,861288;44,761261;529,932007;89,659218;0,153766;-0,133154;0,032061;-0,97857;-28,242647;416,895844;-488,629761;;;;;;;
553;5,53;0,500059;-0,043915;-0,090465;-0,860133;44,823223;530,530945;89,583717;0,153746;-0,133272;0,03125;-0,978583;-28,298733;416,895569;-488,63092;;;;;;;
554;5,54;0,502731;-0,044729;-0,090224;-0,858557;44,960342;531,247925;89,387482;0,153781;-0,133119;0,030983;-0,978607;-28,173399;416,900818;-488,622559;;;;;;;
555;5,55;0,504004;-0,043405;-0,091129;-0,857783;44,830612;531,928162;89,414154;0,15387;-0,132979;0,032134;-0,978574;-28,173443;416,82016;-488,603088;;;;;;;
556;5,56;0,506721;-0,043534;-0,091456;-0,856139;44,793175;532,699646;89,202446;0,153935;-0,13325;0,032075;-0,978529;-28,367796;416,783752;-488,589539;;;;;;;
557;5,57;0,508709;-0,04525;-0,090874;-0,854932;44,967583;533,391785;89,0858;0,15368;-0,133256;0,031012;-0,978603;-28,288893;416,99823;-488,661499;;;;;;;
558;5,58;0,510535;-0,044142;-0,092079;-0,853773;44,850712;534,118042;88,994682;0,153824;-0,133005;0,031356;-0,978603;-28,126822;416,878571;-488,65683;;;;;;;
559;5,59;0,512267;-0,043798;-0,092312;-0,852727;44,831543;534,804565;88,856827;0,153768;-0,13309;0,032387;-0,978567;-28,299028;416,903748;-488,640472;;;;;;;
560;5,6;0,514053;-0,045089;-0,091832;-0,851636;45,007278;535,547729;88,75631;0,15394;-0,133206;0,031828;-0,978543;-28,341877;416,79187;-488,602478;;;;;;;
561;5,61;0,516648;-0,045363;-0,092232;-0,850006;45,009182;536,244141;88,57029;0,153774;-0,133003;0,031148;-0,978618;-28,120497;416,94577;-488,643005;;;;;;;
562;5,62;0,51793;-0,044212;-0,093494;-0,849148;44,884109;536,706665;88,500008;0,153871;-0,133028;0,031786;-0,978579;-28,166748;416,843018;-488,622253;;;;;;;
563;5,63;0,520178;-0,043507;-0,094071;-0,847746;44,776516;537,242981;88,306992;0,153843;-0,133303;0,032029;-0,978538;-28,394024;416,832031;-488,60022;;;;;;;
564;5,64;0,522301;-0,044047;-0,094183;-0,846399;44,811489;537,870056;88,137436;0,153734;-0,133215;0,031053;-0,978599;-28,262686;416,945984;-488,626312;;;;;;;
565;5,65;0,524264;-0,044359;-0,094749;-0,845105;44,803501;538,533203;88,011101;0,153831;-0,132967;0,031286;-0,97861;-28,103989;416,855042;-488,619171;;;;;;;
566;5,66;0,526561;-0,043594;-0,095553;-0,843625;44,691608;539,225647;87,791557;0,153787;-0,133224;0,031986;-0,978559;-28,332214;416,893097;-488,620819;;;;;;;
567;5,67;0,528443;-0,043494;-0,095688;-0,842437;44,657696;539,85675;87,625832;0,153891;-0,1333;0,031635;-0,978544;-28,369308;416,823792;-488,609955;;;;;;;
568;5,68;0,530874;-0,043253;-0,096437;-0,840834;44,566475;540,505615;87,40625;0,153725;-0,133019;0,031095;-0,978625;-28,135061;416,940674;-488,658356;;;;;;;
569;5,69;0,53279;-0,042948;-0,097323;-0,839535;44,476162;541,107178;87,242989;0,153864;-0,133069;0,031559;-0,978582;-28,212082;416,836456;-488,623993;;;;;;;
570;5,7;0,535074;-0,043015;-0,097543;-0,838052;44,416809;541,766907;87,033867;0,153902;-0,133305;0,032084;-0,978527;-28,414469;416,814026;-488,603668;;;;;;;
571;5,71;0,537405;-0,042722;-0,097966;-0,836524;44,349895;542,448608;86,807228;0,153807;-0,133068;0,031666;-0,978588;-28,218742;416,878937;-488,630432;;;;;;;
572;5,72;0,539281;-0,042729;-0,098391;-0,835266;44,308109;543,113892;86,654861;0,153769;-0,132915;0,031307;-0,978626;-28,085009;416,91095;-488,642578;;;;;;;
573;5,73;0,541499;-0,042937;-0,098916;-0,833757;44,287029;543,804077;86,442703;0,153828;-0,133185;0,031833;-0,978563;-28,313786;416,865051;-488,61203;;;;;;;
574;5,74;0,543527;-0,043128;-0,098999;-0,832417;44,280773;544,436707;86,260109;0,15385;-0,133203;0,032036;-0,97855;-28,324553;416,857178;-488,608459;;;;;;;
575;5,75;0,545164;-0,042632;-0,099658;-0,831293;44,172913;545,019714;86,142365;0,153599;-0,132955;0,031631;-0,978637;-28,117363;417,016449;-488,677429;;;;;;;
576;5,76;0,544818;-0,04105;-0,101798;-0,83134;43,980625;545,616272;86,374763;0,153816;-0,133045;0,031243;-0,978603;-28,129875;416,927887;-488,66272;;;;;;;
577;5,77;0,545711;-0,040906;-0,103236;-0,830584;43,927711;546,296692;86,440674;0,153804;-0,132999;0,032349;-0,978575;-28,224812;416,879517;-488,6409;;;;;;;
578;5,78;0,548669;-0,042284;-0,10257;-0,828646;44,103065;547,122131;86,166466;0,153784;-0,133038;0,032075;-0,978582;-28,217571;416,868256;-488,623932;;;;;;;
579;5,79;0,550635;-0,042605;-0,10253;-0,827329;44,181122;547,912476;86,00576;0,153672;-0,133068;0,031008;-0,97863;-28,133451;416,979065;-488,647797;;;;;;;
580;5,8;0,552702;-0,041621;-0,103798;-0,825841;44,060005;548,645264;85,817932;0,153815;-0,133108;0,031482;-0,978587;-28,19891;416,853088;-488,610321;;;;;;;
581;5,81;0,554793;-0,042059;-0,103941;-0,824398;44,093632;549,303589;85,607666;0,153668;-0,133277;0,032113;-0,978566;-28,350723;416,933411;-488,626434;;;;;;;
582;5,82;0,556758;-0,042386;-0,103775;-0,823076;44,124599;550,070984;85,39621;0,153699;-0,133311;0,031306;-0,978583;-28,282537;416,925842;-488,619202;;;;;;;
583;5,83;0,558554;-0,042322;-0,103618;-0,821881;44,152512;550,987793;85,252274;0,153679;-0,133126;0,030873;-0,978625;-28,128956;416,937164;-488,629211;;;;;;;
584;5,84;0,560622;-0,043913;-0,102558;-0,820522;44,351227;551,911621;85,045143;0,153686;-0,133256;0,03153;-0,978585;-28,257298;416,92627;-488,624084;;;;;;;
585;5,85;0,562759;-0,044614;-0,102147;-0,819071;44,447392;552,794495;84,801094;0,153685;-0,13333;0,031983;-0,978561;-28,35606;416,932068;-488,616943;;;;;;;
586;5,86;0,564137;-0,044107;-0,102283;-0,818133;44,407528;553,572327;84,683281;0,153734;-0,133163;0,031332;-0,978597;-28,183369;416,886017;-488,607452;;;;;;;
587;5,87;0,565988;-0,044794;-0,102009;-0,816851;44,466171;554,245667;84,484123;0,153658;-0,133181;0,030947;-0,978619;-28,159037;416,934204;-488,620148;;;;;;;
588;5,88;0,567104;-0,044901;-0,102439;-0,816017;44,429554;554,717468;84,389839;0,153659;-0,133297;0,031777;-0,978576;-28,315243;416,964233;-488,614685;;;;;;;
589;5,89;0,56819;-0,043306;-0,104097;-0,815137;44,202579;555,053284;84,256371;0,153821;-0,133298;0,032251;-0,978535;-28,334263;416,814148;-488,572479;;;;;;;
590;5,9;0,570073;-0,043142;-0,104443;-0,813786;44,153645;555,42688;84,026985;0,153548;-0,133316;0,031028;-0,978615;-28,232519;416,985046;-488,619934;;;;;;;
591;5,91;0,57153;-0,043622;-0,104279;-0,812759;44,191132;555,955139;83,890114;0,153618;-0,13339;0,030345;-0,978615;-28,224384;416,966125;-488,60437;;;;;;;
592;5,92;0,573215;-0,043496;-0,104756;-0,811517;44,170128;556,632202;83,701469;0,153659;-0,133471;0,031689;-0,978555;-28,384701;416,912262;-488,57962;;;;;;;
593;5,93;0,574724;-0,04445;-0,104071;-0,810485;44,282875;557,362671;83,529495;0,153705;-0,133372;0,031962;-0,978553;-28,336201;416,879883;-488,576782;;;;;;;
594;5,94;0,576525;-0,045092;-0,103542;-0,809237;44,36694;558,115723;83,303658;0,153596;-0,13344;0,030618;-0,978603;-28,272871;416,982361;-488,600494;;;;;;;
595;5,95;0,577904;-0,045107;-0,103536;-0,808253;44,384365;558,901428;83,157204;0,153661;-0,133523;0,030646;-0,978581;-28,326267;416,933716;-488,586548;;;;;;;
596;5,96;0,579364;-0,04613;-0,102853;-0,807236;44,490364;559,648682;82,967857;0,153753;-0,133383;0,032023;-0,978542;-28,352413;416,854675;-488,572906;;;;;;;
597;5,97;0,581334;-0,0468;-0,102467;-0,80583;44,548134;560,33252;82,702881;0,153634;-0,133361;0,031778;-0,978571;-28,290266;416,983917;-488,619751;;;;;;;
598;5,98;0,58226;-0,046323;-0,102572;-0,805175;44,479546;560,915955;82,602669;0,153767;-0,133324;0,030947;-0,978582;-28,204515;416,866974;-488,590668;;;;;;;
599;5,99;0,583806;-0,046695;-0,102221;-0,804078;44,49852;561,478271;82,39698;0,153669;-0,133379;0,031041;-0,978587;-28,25317;416,944611;-488,60788;;;;;;;
600;6;0,585343;-0,047325;-0,101942;-0,802958;44,555393;562,023254;82,194206;0,153706;-0,133361;0,031859;-0,978557;-28,291397;416,928497;-488,601501;;;;;;;
601;6,01;0,586417;-0,046828;-0,102499;-0,802132;44,505806;562,573059;82,074837;0,153697;-0,133364;0,031768;-0,978561;-28,276203;416,929291;-488,603241;;;;;;;
602;6,02;0,58806;-0,047077;-0,10234;-0,800934;44,532822;563,124634;81,863152;0,153654;-0,133487;0,030717;-0,978585;-28,256216;416,984009;-488,608826;;;;;;;
603;6,03;0,589268;-0,047794;-0,101745;-0,800079;44,639126;563,715942;81,712585;0,153616;-0,133459;0,03108;-0,978583;-28,268169;416,993866;-488,603302;;;;;;;
604;6,04;0,590512;-0,047862;-0,101788;-0,799152;44,660522;564,37738;81,54422;0,153661;-0,133469;0,031939;-0,978547;-28,341572;416,938141;-488,574036;;;;;;;
605;6,05;0,591298;-0,048187;-0,101412;-0,798599;44,720787;564,923889;81,407623;0,153685;-0,133418;0,031405;-0,978567;-28,24645;416,99176;-488,597931;;;;;;;
606;6,06;0,591174;-0,047227;-0,102493;-0,79861;44,640236;565,308105;81,351761;0,153645;-0,133315;0,031199;-0,978594;-28,166637;417,032593;-488,640656;;;;;;;
607;6,07;0,591361;-0,045855;-0,104223;-0,798328;44,48703;565,588135;81,280243;0,153749;-0,13326;0,031875;-0,978564;-28,222397;416,937225;-488,617157;;;;;;;
608;6,08;0,592157;-0,04593;-0,104461;-0,797702;44,546932;565,865234;81,182571;0,153698;-0,133367;0,031944;-0,978555;-28,310593;416,934723;-488,606323;;;;;;;
609;6,09;0,593982;-0,045973;-0,104795;-0,796298;44,558289;566,269775;80,944519;0,153601;-0,133405;0,031059;-0,978593;-28,250381;416,998138;-488,60083;;;;;;;
610;6,1;0,59507;-0,045151;-0,105931;-0,795381;44,439091;566,685791;80,794167;0,153546;-0,133487;0,030998;-0,978593;-28,296881;417,029846;-488,598541;;;;;;;
611;6,11;0,596578;-0,045181;-0,105992;-0,794242;44,371479;567,150879;80,591049;0,153772;-0,133497;0,031761;-0,978532;-28,36031;416,871979;-488,555969;;;;;;;
612;6,12;0,598377;-0,045789;-0,105494;-0,792919;44,371204;567,703247;80,328423;0,153567;-0,133506;0,031738;-0,978563;-28,35079;417,029388;-488,603241;;;;;;;
613;6,13;0,599515;-0,045718;-0,105561;-0,792054;44,328438;568,227173;80,14949;0,153697;-0,133469;0,030981;-0,978572;-28,255844;416,957977;-488,590271;;;;;;;
614;6,14;0,601071;-0,045291;-0,105947;-0,790846;44,221004;568,665649;79,918015;0,15366;-0,133499;0,031229;-0,978566;-28,316717;416,962158;-488,582672;;;;;;;
615;6,15;0,60223;-0,044872;-0,106672;-0,78989;44,110329;568,987549;79,744896;0,15367;-0,133416;0,031859;-0,978556;-28,333601;416,941528;-488,578369;;;;;;;
616;6,16;0,603535;-0,04424;-0,10742;-0,788828;43,940968;569,309082;79,552185;0,153693;-0,133392;0,031544;-0,978565;-28,284422;416,914581;-488,578186;;;;;;;
617;6,17;0,605035;-0,043749;-0,108113;-0,78761;43,815716;569,701782;79,321686;0,153617;-0,133455;0,030893;-0,978589;-28,29245;416,965973;-488,588989;;;;;;;
618;6,18;0,606277;-0,043731;-0,108311;-0,786629;43,785698;570,236023;79,12027;0,153664;-0,133386;0,031275;-0,978579;-28,304222;416,904388;-488,580688;;;;;;;
619;6,19;0,607763;-0,044142;-0,108422;-0,785442;43,812424;570,887085;78,835762;0,153645;-0,133309;0,031742;-0,978578;-28,291002;416,943237;-488,597382;;;;;;;
620;6,2;0,609096;-0,044603;-0,108124;-0,784425;43,861626;571,486023;78,619553;0,153661;-0,133292;0,031592;-0,978583;-28,271254;416,940369;-488,615448;;;;;;;
621;6,21;0,610157;-0,043674;-0,109311;-0,783487;43,79649;572,040833;78,441353;0,153674;-0,133358;0,03129;-0,978581;-28,318722;416,939423;-488,620453;;;;;;;
622;6,22;0,611646;-0,043139;-0,11003;-0,782254;43,775154;572,521545;78,157829;0,153731;-0,133305;0,031444;-0,978575;-28,292368;416,872955;-488,593933;;;;;;;
623;6,23;0,613227;-0,04371;-0,109808;-0,781015;43,861271;573,0177;77,868652;0,153688;-0,133284;0,031587;-0,978579;-28,29137;416,871429;-488,593231;;;;;;;
624;6,24;0,614687;-0,043586;-0,110522;-0,779773;43,85099;573,579163;77,58535;0,15368;-0,133466;0,031109;-0,978571;-28,358307;416,8974;-488,58606;;;;;;;
625;6,25;0,616146;-0,043651;-0,110683;-0,778594;43,863632;574,189941;77,320992;0,153787;-0,133373;0,031248;-0,978563;-28,330311;416,798645;-488,556915;;;;;;;
626;6,26;0,617778;-0,044043;-0,110035;-0,777369;43,963009;574,896301;77,038589;0,15371;-0,133388;0,031437;-0,978567;-28,333563;416,837341;-488,56366;;;;;;;
627;6,27;0,61929;-0,044394;-0,109523;-0,776218;44,055538;575,733093;76,760429;0,153732;-0,133501;0,031113;-0,978558;-28,353867;416,849579;-488,55661;;;;;;;
628;6,28;0,620839;-0,04551;-0,108633;-0,77504;44,204639;576,576355;76,494583;0,15376;-0,133544;0,031044;-0,97855;-28,392248;416,825409;-488,544708;;;;;;;
629;6,29;0,622519;-0,046272;-0,107735;-0,773771;44,339966;577,308655;76,160614;0,153725;-0,133519;0,031171;-0,978555;-28,367931;416,844482;-488,555664;;;;;;;
630;6,3;0,623534;-0,045905;-0,108001;-0,772938;44,30101;577,793457;75,918671;0,153589;-0,133467;0,031276;-0,97858;-28,327335;416,989624;-488,608368;;;;;;;
631;6,31;0,623344;-0,044444;-0,110108;-0,772879;44,067986;577,906372;75,922432;0,153804;-0,133339;0,031543;-0,978555;-28,280107;416,866333;-488,614899;;;;;;;
632;6,32;0,6235;-0,042429;-0,113066;-0,77244;43,783733;577,783813;75,89637;0,153617;-0,133352;0,031525;-0,978583;-28,286449;416,974854;-488,666534;;;;;;;
633;6,33;0,624462;-0,041578;-0,114603;-0,771482;43,686329;577,745117;75,741112;0,153656;-0,133373;0,031159;-0,978586;-28,289518;416,9039;-488,623505;;;;;;;
634;6,34;0,62514;-0,041441;-0,115492;-0,770808;43,683903;577,908997;75,628006;0,153634;-0,133308;0,030946;-0,978605;-28,234686;416,940643;-488,630646;;;;;;;
635;6,35;0,625653;-0,040403;-0,117234;-0,770183;43,605259;578,336731;75,548386;0,153666;-0,133346;0,031573;-0,978575;-28,324688;416,911133;-488,618195;;;;;;;
636;6,36;0,627057;-0,041244;-0,116687;-0,769079;43,757195;578,985168;75,300667;0,153758;-0,133323;0,031796;-0,978556;-28,36112;416,792267;-488,564484;;;;;;;
637;6,37;0,628949;-0,043088;-0,115091;-0,767672;44,068657;579,846252;74,961922;0,153563;-0,133449;0,030776;-0,978602;-28,350548;416,939453;-488,580414;;;;;;;
638;6,38;0,630093;-0,043541;-0,11503;-0,766717;44,215256;580,805298;74,716377;0,153705;-0,133451;0,030856;-0,978577;-28,340494;416,8526;-488,542206;;;;;;;
639;6,39;0,631805;-0,044638;-0,113804;-0,765427;44,343464;581,660645;74,395828;0,153683;-0,133514;0,031742;-0,978544;-28,42392;416,871552;-488,552917;;;;;;;
640;6,4;0,633357;-0,045748;-0,112383;-0,764288;44,509811;582,457092;74,067993;0,153764;-0,133479;0,031435;-0,978546;-28,363979;416,81958;-488,547333;;;;;;;
641;6,41;0,634535;-0,045891;-0,111889;-0,763374;44,576088;583,195984;73,809464;0,153661;-0,133401;0,030688;-0,978596;-28,246809;416,910522;-488,57663;;;;;;;
642;6,42;0,635869;-0,046327;-0,111555;-0,762286;44,639767;583,841919;73,52565;0,153717;-0,133404;0,031088;-0,978575;-28,240347;416,886139;-488,586639;;;;;;;
643;6,43;0,637139;-0,046883;-0,111074;-0,761261;44,719704;584,436096;73,237907;0,153702;-0,133471;0,03178;-0,978546;-28,329384;416,903076;-488,603699;;;;;;;
644;6,44;0,63837;-0,047063;-0,110585;-0,760289;44,781319;585,027649;72,9785;0,15365;-0,133434;0,031238;-0,978576;-28,264647;416,957001;-488,620209;;;;;;;
645;6,45;0,639523;-0,047466;-0,110007;-0,759379;44,876919;585,612793;72,743294;0,153731;-0,133365;0,030814;-0,978586;-28,189436;416,873566;-488,593811;;;;;;;
646;6,46;0,640773;-0,048125;-0,109608;-0,75834;44,972771;586,222961;72,468002;0,153632;-0,133455;0,03126;-0,978575;-28,278198;416,950714;-488,614502;;;;;;;
647;6,47;0,642089;-0,048592;-0,109218;-0,757253;45,064869;586,844177;72,193665;0,153699;-0,133484;0,031584;-0,97855;-28,31749;416,920807;-488,606079;;;;;;;
648;6,48;0,643352;-0,048928;-0,108776;-0,756222;45,159832;587,420105;71,933182;0,15362;-0,133501;0,031065;-0,978577;-28,284216;416,976288;-488,615509;;;;;;;
649;6,49;0,644423;-0,049198;-0,108791;-0,75529;45,18959;587,980896;71,680244;0,153705;-0,13344;0,030804;-0,97858;-28,26577;416,888367;-488,575348;;;;;;;
650;6,5;0,645506;-0,049776;-0,108566;-0,754359;45,235195;588,528687;71,42952;0,15369;-0,133436;0,031285;-0,978568;-28,326578;416,895996;-488,573303;;;;;;;
651;6,51;0,646693;-0,050293;-0,108034;-0,753384;45,304996;589,080688;71,146515;0,153729;-0,133368;0,03162;-0,978561;-28,301178;416,869873;-488,573242;;;;;;;
652;6,52;0,647782;-0,050522;-0,107629;-0,752491;45,356934;589,619141;70,88018;0,153725;-0,133369;0,031172;-0,978575;-28,280613;416,868378;-488,561981;;;;;;;
653;6,53;0,648918;-0,050756;-0,107133;-0,751566;45,430073;590,156921;70,632721;0,153743;-0,133398;0,030808;-0,97858;-28,283131;416,84729;-488,548584;;;;;;;
654;6,54;0,650146;-0,051129;-0,106561;-0,75056;45,503235;590,698486;70,362938;0,153788;-0,133367;0,0313;-0,978562;-28,315788;416,806396;-488,541595;;;;;;;
655;6,55;0,651282;-0,051565;-0,105975;-0,749628;45,576698;591,237;70,104469;0,153773;-0,133381;0,031442;-0,978557;-28,311808;416,839294;-488,566589;;;;;;;
656;6,56;0,652262;-0,051747;-0,105729;-0,748797;45,627743;591,720642;69,868057;0,153828;-0,133328;0,031215;-0,978563;-28,274794;416,801392;-488,563568;;;;;;;
657;6,57;0,653092;-0,05197;-0,105666;-0,748067;45,64999;592,133972;69,666611;0,1538;-0,133338;0,031174;-0,978568;-28,298334;416,810822;-488,572754;;;;;;;
658;6,58;0,653986;-0,052404;-0,10543;-0,747289;45,666862;592,524719;69,462753;0,153851;-0,133267;0,031411;-0,978562;-28,255411;416,771088;-488,576599;;;;;;;
659;6,59;0,654747;-0,052623;-0,105547;-0,74659;45,692852;592,89093;69,255028;0,153789;-0,133261;0,031523;-0,978569;-28,271151;416,812592;-488,58551;;;;;;;
660;6,6;0,655395;-0,052693;-0,105777;-0,745984;45,716476;593,224304;69,073166;0,153842;-0,133256;0,031331;-0,978567;-28,283644;416,753418;-488,554962;;;;;;;
661;6,61;0,6561;-0,052599;-0,105949;-0,745346;45,706341;593,516052;68,893379;0,153806;-0,133229;0,031234;-0,97858;-28,27511;416,764709;-488,550354;;;;;;;
662;6,62;0,656835;-0,052557;-0,105934;-0,744703;45,674248;593,74707;68,722328;0,153828;-0,133232;0,031376;-0,978571;-28,290812;416,757019;-488,545349;;;;;;;
663;6,63;0,657471;-0,052406;-0,10611;-0,744127;45,608269;593,823547;68,57988;0,153783;-0,133261;0,031471;-0,978571;-28,317711;416,809998;-488,564911;;;;;;;
664;6,64;0,657412;-0,051442;-0,107506;-0,744047;45,372025;593,591309;68,583473;0,153626;-0,13312;0,031471;-0,978615;-28,233982;416,945984;-488,640594;;;;;;;
665;6,65;0,656363;-0,048505;-0,110836;-0,744681;44,915943;592,984314;68,824692;0,153895;-0,132921;0,031497;-0,978599;-28,101711;416,788391;-488,644287;;;;;;;
666;6,66;0,656204;-0,045816;-0,114256;-0,744475;44,512775;592,574951;68,896324;0,153835;-0,132955;0,031606;-0,9786;-28,164204;416,686035;-488,60614;;;;;;;
667;6,67;0,656971;-0,046783;-0,113702;-0,743823;44,652355;592,727966;68,746887;0,153754;-0,133065;0,030346;-0,978638;-28,182339;416,751801;-488,61026;;;;;;;
668;6,68;0,658047;-0,048367;-0,112075;-0,743017;44,925777;593,300537;68,503159;0,153776;-0,133008;0,03071;-0,978631;-28,189209;416,774872;-488,621918;;;;;;;
669;6,69;0,659152;-0,048667;-0,111772;-0,742063;44,987343;593,890259;68,23333;0,153924;-0,132978;0,032178;-0,978565;-28,257076;416,680817;-488,613434;;;;;;;
670;6,7;0,659661;-0,049327;-0,111326;-0,741634;45,059963;594,188782;68,099442;0,153918;-0,132986;0,031776;-0,978578;-28,229362;416,684753;-488,621521;;;;;;;
671;6,71;0,660239;-0,048955;-0,111914;-0,741056;45,021774;594,321716;67,960144;0,153884;-0,133141;0,030127;-0,978614;-28,187153;416,715729;-488,607391;;;;;;;
672;6,72;0,660477;-0,048367;-0,112561;-0,740784;44,968117;594,402039;67,889389;0,15378;-0,133046;0,030839;-0,978621;-28,179192;416,751373;-488,615082;;;;;;;
673;6,73;0,661072;-0,048462;-0,112548;-0,740249;44,996124;594,526672;67,749329;0,153954;-0,132966;0,032215;-0,97856;-28,228529;416,616333;-488,582611;;;;;;;
674;6,74;0,66176;-0,048469;-0,112516;-0,739638;44,991581;594,71936;67,599045;0,153836;-0,133134;0,031367;-0,978584;-28,252947;416,763611;-488,622803;;;;;;;
675;6,75;0,661976;-0,048493;-0,11248;-0,739449;44,979076;594,805481;67,551674;0,153902;-0,133066;0,030426;-0,978612;-28,118368;416,70282;-488,610077;;;;;;;
676;6,76;0,662446;-0,04798;-0,113063;-0,738972;44,8908;594,781128;67,456512;0,153766;-0,132993;0,031228;-0,978618;-28,15465;416,758392;-488,620758;;;;;;;
677;6,77;0,662278;-0,047279;-0,11385;-0,739047;44,791782;594,702454;67,461571;0,153807;-0,132993;0,031955;-0,978588;-28,228157;416,730774;-488,617157;;;;;;;
678;6,78;0,662321;-0,046719;-0,114642;-0,738922;44,653069;594,529846;67,432808;0,153839;-0,132917;0,031325;-0,978614;-28,117376;416,724884;-488,628326;;;;;;;
679;6,79;0,662208;-0,045484;-0,116232;-0,738852;44,385178;594,175781;67,475182;0,153669;-0,132766;0,030814;-0,978677;-27,987019;416,872986;-488,716675;;;;;;;
680;6,8;0,661388;-0,043604;-0,118548;-0,739332;44,049244;593,74176;67,664742;0,153909;-0,13256;0,031766;-0,978637;-27,99061;416,644043;-488,707489;;;;;;;
681;6,81;0,661334;-0,042678;-0,1202;-0,739167;43,799747;593,423828;67,726982;0,153887;-0,132423;0,031846;-0,978657;-27,951374;416,629364;-488,747375;;;;;;;
682;6,82;0,661436;-0,042718;-0,120551;-0,739016;43,733761;593,42157;67,723343;0,153855;-0,132221;0,030876;-0,97872;-27,815708;416,574432;-488,763275;;;;;;;
683;6,83;0,662095;-0,043069;-0,11991;-0,73851;43,764339;593,640625;67,579895;0,153715;-0,13225;0,030836;-0,978739;-27,900949;416,664063;-488,786804;;;;;;;
684;6,84;0,662589;-0,043288;-0,119249;-0,738161;43,814754;593,919373;67,433762;0,15391;-0,13216;0,032233;-0,978676;-27,963253;416,510834;-488,758911;;;;;;;
685;6,85;0,662987;-0,043503;-0,11896;-0,737837;43,831161;594,138306;67,319168;0,153852;-0,132003;0,032243;-0,978706;-27,848759;416,559448;-488,792786;;;;;;;
686;6,86;0,663462;-0,043427;-0,119256;-0,737367;43,780052;594,276184;67,212135;0,153748;-0,132079;0,03098;-0,978753;-27,830538;416,635803;-488,81012;;;;;;;
687;6,87;0,663586;-0,043211;-0,119518;-0,737226;43,71439;594,353638;67,188965;0,153835;-0,132087;0,031224;-0,97873;-27,898733;416,528351;-488,789307;;;;;;;
688;6,88;0,664046;-0,043008;-0,119719;-0,736791;43,659599;594,475403;67,089096;0,1538;-0,131945;0,032123;-0,978726;-27,864634;416,55722;-488,825439;;;;;;;
689;6,89;0,664434;-0,043373;-0,119393;-0,736473;43,674637;594,668213;66,983231;0,153881;-0,131805;0,031826;-0,978742;-27,742151;416,52597;-488,837585;;;;;;;
690;6,9;0,664847;-0,043745;-0,119105;-0,736124;43,694542;594,81488;66,885162;0,153748;-0,131965;0,031103;-0,978764;-27,807604;416,635681;-488,870514;;;;;;;
691;6,91;0,665012;-0,043406;-0,119527;-0,735927;43,632408;594,879028;66,837074;0,153903;-0,131959;0,031499;-0,978728;-27,837479;416,503723;-488,838928;;;;;;;
692;6,92;0,665029;-0,043181;-0,119679;-0,7359;43,610378;594,926208;66,82505;0,153831;-0,131767;0,032027;-0,978748;-27,745766;416,552246;-488,856018;;;;;;;
693;6,93;0,665473;-0,043624;-0,119228;-0,735546;43,667427;595,016479;66,731987;0,153854;-0,131831;0,031515;-0,978752;-27,740936;416,549866;-488,859772;;;;;;;
694;6,94;0,665603;-0,043776;-0,119146;-0,735432;43,690399;595,087158;66,691261;0,153816;-0,131995;0,031182;-0,978747;-27,823996;416,591644;-488,87204;;;;;;;
695;6,95;0,66561;-0,043391;-0,119667;-0,735364;43,636105;595,114685;66,677406;0,15389;-0,131848;0,031786;-0,978736;-27,770527;416,522186;-488,862366;;;;;;;
696;6,96;0,665754;-0,043441;-0,119593;-0,735243;43,649769;595,142822;66,655128;0,153862;-0,131757;0,031957;-0,978747;-27,715471;416,52713;-488,868164;;;;;;;
697;6,97;0,665891;-0,043721;-0,119299;-0,73515;43,70974;595,189392;66,63517;0,153775;-0,131956;0,031236;-0,978757;-27,790468;416,610779;-488,877533;;;;;;;
698;6,98;0,665956;-0,043641;-0,119534;-0,735057;43,695301;595,204163;66,622345;0,153822;-0,131927;0,031309;-0,978751;-27,777449;416,572144;-488,862518;;;;;;;
699;6,99;0,665847;-0,043423;-0,11976;-0,735133;43,668709;595,199463;66,645325;0,153803;-0,131732;0,032056;-0,978756;-27,710974;416,555359;-488,860199;;;;;;;
700;7;0,665945;-0,043507;-0,119641;-0,735058;43,685505;595,231384;66,618385;0,153878;-0,131803;0,031721;-0,978746;-27,72596;416,518799;-488,847961;;;;;;;
701;7,01;0,666016;-0,043698;-0,11947;-0,735011;43,712379;595,257385;66,596504;0,153746;-0,131916;0,031209;-0,978768;-27,75927;416,633911;-488,885345;;;;;;;
702;7,02;0,665983;-0,043587;-0,119724;-0,735006;43,675446;595,241638;66,601341;0,153862;-0,13175;0,031626;-0,978759;-27,675665;416,532043;-488,868652;;;;;;;
703;7,03;0,665992;-0,04345;-0,119889;-0,734978;43,643818;595,224731;66,596497;0,153811;-0,131768;0,031917;-0,978755;-27,713346;416,557983;-488,877563;;;;;;;
704;7,04;0,665998;-0,043602;-0,11964;-0,735005;43,683331;595,24408;66,587921;0,153814;-0,131914;0,031358;-0,978752;-27,767435;416,57132;-488,882538;;;;;;;
705;7,05;0,666082;-0,043702;-0,119552;-0,734937;43,706158;595,2453;66,57505;0,153751;-0,131889;0,031267;-0,978769;-27,737093;416,610413;-488,897614;;;;;;;
706;7,06;0,665971;-0,043452;-0,119885;-0,734998;43,67765;595,233032;66,594429;0,153794;-0,13179;0,031769;-0,978759;-27,700991;416,568207;-488,88504;;;;;;;
707;7,07;0,665992;-0,043456;-0,119836;-0,734987;43,698505;595,251038;66,593712;0,153803;-0,131872;0,031732;-0,978748;-27,739466;416,569946;-488,881897;;;;;;;
708;7,08;0,666199;-0,043689;-0,119531;-0,734836;43,755241;595,291199;66,562775;0,153723;-0,131942;0,031294;-0,978765;-27,740393;416,641113;-488,895203;;;;;;;
709;7,09;0,666213;-0,043589;-0,119692;-0,734802;43,750763;595,331055;66,546219;0,153795;-0,131797;0,031542;-0,978766;-27,659021;416,576935;-488,877441;;;;;;;
710;7,1;0,6663;-0,043455;-0,11995;-0,734689;43,748936;595,381409;66,5186;0,153771;-0,131801;0,03192;-0,978756;-27,683773;416,600464;-488,885132;;;;;;;
711;7,11;0,666469;-0,043736;-0,119714;-0,734558;43,804165;595,452515;66,489265;0,153797;-0,13192;0,03171;-0,978743;-27,741125;416,592407;-488,884735;;;;;;;
712;7,12;0,666627;-0,043839;-0,119548;-0,734435;43,823944;595,506409;66,457909;0,153703;-0,13186;0,031509;-0,978772;-27,686401;416,661621;-488,904144;;;;;;;
713;7,13;0,666706;-0,043635;-0,119801;-0,734334;43,799728;595,538452;66,440727;0,153777;-0,13177;0,031769;-0,978765;-27,636339;416,598969;-488,889893;;;;;;;
714;7,14;0,666813;-0,043778;-0,119847;-0,734221;43,819271;595,589478;66,422501;0,15379;-0,131838;0,031949;-0,978747;-27,698704;416,588257;-488,882721;;;;;;;
715;7,15;0,667009;-0,044016;-0,119713;-0,734051;43,869816;595,660095;66,381355;0,153765;-0,131896;0,031675;-0,978752;-27,712797;416,614777;-488,882843;;;;;;;
716;7,16;0,667143;-0,044028;-0,119666;-0,733936;43,896378;595,723572;66,357437;0,153731;-0,131865;0,03157;-0,978765;-27,674883;416,637299;-488,888733;;;;;;;
717;7,17;0,667256;-0,043998;-0,119766;-0,733819;43,901638;595,769531;66,341202;0,153771;-0,131887;0,031798;-0,978749;-27,705908;416,609253;-488,871307;;;;;;;
718;7,18;0,667419;-0,044033;-0,119718;-0,733676;43,906559;595,823303;66,317116;0,153794;-0,131957;0,031754;-0,978737;-27,746759;416,594086;-488,864075;;;;;;;
719;7,19;0,667652;-0,044099;-0,119525;-0,733491;43,918961;595,899597;66,268219;0,153702;-0,13187;0,031577;-0,978769;-27,675026;416,645599;-488,883331;;;;;;;
720;7,2;0,667931;-0,044146;-0,119284;-0,733274;43,937229;595,993042;66,209755;0,15374;-0,13186;0,031616;-0,978763;-27,671434;416,623718;-488,883881;;;;;;;
721;7,21;0,668084;-0,044149;-0,119135;-0,733159;43,951645;596,084595;66,166298;0,15377;-0,131977;0,031705;-0,97874;-27,720186;416,636444;-488,888031;;;;;;;
722;7,22;0,668217;-0,044143;-0,119028;-0,733055;43,953388;596,172485;66,109909;0,153818;-0,131981;0,031654;-0,978734;-27,701344;416,603271;-488,88266;;;;;;;
723;7,23;0,668345;-0,044294;-0,118772;-0,732971;43,978737;596,278259;66,057266;0,153711;-0,131881;0,031458;-0,97877;-27,63768;416,661865;-488,903931;;;;;;;
724;7,24;0,668517;-0,044527;-0,11845;-0,732852;44,024628;596,411255;66,005295;0,153733;-0,131878;0,031531;-0,978765;-27,6497;416,640686;-488,895599;;;;;;;
725;7,25;0,668696;-0,044685;-0,118332;-0,732698;44,066521;596,563843;65,943764;0,153752;-0,131935;0,031834;-0,978744;-27,71026;416,635498;-488,888031;;;;;;;
726;7,26;0,66883;-0,044943;-0,118164;-0,732587;44,110352;596,659058;65,90538;0,153752;-0,131934;0,031741;-0,978747;-27,695993;416,649628;-488,89447;;;;;;;
727;7,27;0,668843;-0,044825;-0,11831;-0,732559;44,099815;596,64978;65,903275;0,153728;-0,131916;0,031575;-0,978759;-27,669109;416,65332;-488,90036;;;;;;;
728;7,28;0,66876;-0,044487;-0,118691;-0,732593;44,056564;596,612854;65,924377;0,153697;-0,131926;0,031641;-0,97876;-27,677786;416,659515;-488,896759;;;;;;;
729;7,29;0,668814;-0,044592;-0,118639;-0,732546;44,07114;596,641541;65,914497;0,153753;-0,131918;0,031636;-0,978753;-27,655878;416,638123;-488,888947;;;;;;;
730;7,3;0,669004;-0,045009;-0,118185;-0,732421;44,126972;596,710327;65,885284;0,15373;-0,131924;0,031627;-0,978756;-27,656813;416,676941;-488,896088;;;;;;;
731;7,31;0,669023;-0,045033;-0,118154;-0,732407;44,130085;596,71936;65,889763;0,15378;-0,131968;0,031769;-0,978737;-27,714663;416,632874;-488,876648;;;;;;;
732;7,32;0,668879;-0,044698;-0,118575;-0,732491;44,081963;596,666992;65,914925;0,153736;-0,131955;0,03181;-0,978745;-27,722176;416,644592;-488,873047;;;;;;;
733;7,33;0,668815;-0,044696;-0,118658;-0,732536;44,081882;596,634766;65,932556;0,153722;-0,131888;0,031647;-0,978761;-27,672132;416,642731;-488,873016;;;;;;;
734;7,34;0,668857;-0,044864;-0,118381;-0,732532;44,115402;596,641052;65,927902;0,153705;-0,131904;0,031614;-0,978763;-27,683285;416,65863;-488,875977;;;;;;;
735;7,35;0,668823;-0,044846;-0,118365;-0,732567;44,115143;596,640015;65,926987;0,153735;-0,131966;0,03178;-0,978744;-27,73625;416,647095;-488,875732;;;;;;;
736;7,36;0,668704;-0,044705;-0,118508;-0,732662;44,100685;596,603516;65,943436;0,153736;-0,131952;0,031744;-0,978747;-27,712814;416,641388;-488,88028;;;;;;;
737;7,37;0,668617;-0,04469;-0,118547;-0,732735;44,09906;596,564392;65,958633;0,153659;-0,131895;0,031506;-0,978775;-27,652277;416,687439;-488,891754;;;;;;;
738;7,38;0,66851;-0,04479;-0,118464;-0,73284;44,119278;596,535828;65,981583;0,153681;-0,131911;0,031574;-0,978767;-27,670597;416,668488;-488,87616;;;;;;;
739;7,39;0,668401;-0,044851;-0,118329;-0,732957;44,142464;596,513977;66,006821;0,153679;-0,131961;0,031772;-0,978754;-27,700758;416,679077;-488,871765;;;;;;;
740;7,4;0,668355;-0,044863;-0,118159;-0,733026;44,155952;596,492004;66,024017;0,153674;-0,13198;0,031608;-0,978758;-27,677137;416,700073;-488,880219;;;;;;;
741;7,41;0,66828;-0,044908;-0,118108;-0,7331;44,159645;596,472168;66,03894;0,15363;-0,131972;0,031451;-0,978771;-27,66654;416,730103;-488,890228;;;;;;;
742;7,42;0,668208;-0,044886;-0,118161;-0,733159;44,148727;596,451843;66,050438;0,153631;-0,13199;0,031623;-0,978763;-27,709141;416,722046;-488,889069;;;;;;;
743;7,43;0,668137;-0,044874;-0,118066;-0,733239;44,148079;596,433289;66,064133;0,153636;-0,131956;0,031857;-0,978759;-27,713717;416,718964;-488,883148;;;;;;;
744;7,44;0,66809;-0,04493;-0,117928;-0,733301;44,154556;596,414063;66,073608;0,15362;-0,131928;0,0318;-0,978767;-27,703827;416,7211;-488,88504;;;;;;;
745;7,45;0,668028;-0,04494;-0,117952;-0,733353;44,147255;596,378113;66,090721;0,153595;-0,131938;0,031683;-0,978773;-27,709898;416,729706;-488,888275;;;;;;;
746;7,46;0,667944;-0,044871;-0,118058;-0,733416;44,134647;596,353577;66,108543;0,153604;-0,131875;0,031855;-0,978775;-27,683399;416,713867;-488,883789;;;;;;;
747;7,47;0,667926;-0,044919;-0,117931;-0,73345;44,153824;596,361755;66,110031;0,153606;-0,131886;0,031859;-0,978773;-27,674183;416,729919;-488,890594;;;;;;;
748;7,48;0,667936;-0,045103;-0,117714;-0,733465;44,184113;596,371521;66,11087;0,153604;-0,131948;0,031725;-0,978769;-27,700714;416,744446;-488,89151;;;;;;;
749;7,49;0,667913;-0,045072;-0,117809;-0,733472;44,179405;596,345886;66,12178;0,153597;-0,131979;0,031722;-0,978766;-27,729221;416,740173;-488,887177;;;;;;;
750;7,5;0,667806;-0,044884;-0,118017;-0,733548;44,155174;596,310242;66,145035;0,153593;-0,131906;0,03183;-0,978773;-27,697496;416,726135;-488,875916;;;;;;;
751;7,51;0,667788;-0,04496;-0,117986;-0,733565;44,160789;596,298584;66,153885;0,153618;-0,131952;0,031636;-0,978769;-27,699024;416,716309;-488,871399;;;;;;;
752;7,52;0,667811;-0,045099;-0,117842;-0,733558;44,173592;596,301636;66,152397;0,153596;-0,131993;0,031576;-0,978769;-27,729319;416,73761;-488,875977;;;;;;;
753;7,53;0,667756;-0,044994;-0,117834;-0,733616;44,14872;596,28949;66,162354;0,153627;-0,131907;0,031808;-0,978768;-27,711796;416,701721;-488,866913;;;;;;;
754;7,54;0,667679;-0,044871;-0,117977;-0,733671;44,120979;596,269714;66,16758;0,153604;-0,131927;0,031758;-0,978771;-27,710993;416,721985;-488,88092;;;;;;;
755;7,55;0,667667;-0,044925;-0,117913;-0,733688;44,124584;596,268066;66,162216;0,153579;-0,131956;0,031605;-0,978776;-27,714066;416,745026;-488,891785;;;;;;;
756;7,56;0,667704;-0,044987;-0,117765;-0,733675;44,131142;596,278442;66,153778;0,153571;-0,131953;0,031674;-0,978775;-27,722946;416,751434;-488,895172;;;;;;;
757;7,57;0,667714;-0,044952;-0,117753;-0,73367;44,126846;596,289063;66,15184;0,153607;-0,131902;0,03187;-0,97877;-27,705677;416,730591;-488,887726;;;;;;;
758;7,58;0,667718;-0,045005;-0,117767;-0,73366;44,134399;596,298645;66,15303;0,153626;-0,131904;0,031883;-0,978767;-27,716398;416,719666;-488,878937;;;;;;;
759;7,59;0,667745;-0,045062;-0,117788;-0,733629;44,153126;596,307251;66,154877;0,15359;-0,131977;0,031674;-0,978769;-27,7481;416,754303;-488,88208;;;;;;;
760;7,6;0,667746;-0,045049;-0,117859;-0,733618;44,165844;596,307739;66,162453;0,153617;-0,131957;0,031761;-0,978765;-27,744879;416,727844;-488,863739;;;;;;;
761;7,61;0,667747;-0,044985;-0,117969;-0,733604;44,176975;596,306946;66,173431;0,153637;-0,132026;0,031599;-0,978758;-27,728214;416,732361;-488,855682;;;;;;;
762;7,62;0,667765;-0,045026;-0,117958;-0,733586;44,203304;596,314636;66,174461;0,153634;-0,132025;0,031561;-0,978759;-27,723562;416,731476;-488,852844;;;;;;;
763;7,63;0,667746;-0,045073;-0,117909;-0,733608;44,23175;596,31665;66,172333;0,153618;-0,131962;0,03168;-0,978767;-27,704504;416,726593;-488,850586;;;;;;;
764;7,64;0,667735;-0,045008;-0,117935;-0,733618;44,23547;596,312378;66,177528;0,153632;-0,13198;0,031726;-0,97876;-27,69306;416,722046;-488,848694;;;;;;;
765;7,65;0,667736;-0,04494;-0,117896;-0,733628;44,238522;596,313354;66,177193;0,15361;-0,131967;0,031851;-0,978762;-27,691732;416,736969;-488,85614;;;;;;;
766;7,66;0,667781;-0,045013;-0,117706;-0,733613;44,253025;596,320618;66,164627;0,153584;-0,131992;0,031654;-0,978769;-27,668535;416,770996;-488,873291;;;;;;;
767;7,67;0,667768;-0,045012;-0,117684;-0,733628;44,244431;596,317078;66,16275;0,153601;-0,131992;0,031597;-0,978768;-27,651016;416,763794;-488,873657;;;;;;;
768;7,68;0,667679;-0,044897;-0,117842;-0,733691;44,222893;596,304199;66,174416;0,153606;-0,131973;0,031742;-0,978765;-27,652882;416,757416;-488,872772;;;;;;;
769;7,69;0,667672;-0,044913;-0,117784;-0,733706;44,226578;596,301819;66,174606;0,153606;-0,132024;0,031606;-0,978763;-27,654675;416,77298;-488,878937;;;;;;;
770;7,7;0,667699;-0,044982;-0,117608;-0,733705;44,246643;596,309265;66,172531;0,153605;-0,132108;0,031224;-0,978764;-27,627457;416,808472;-488,886597;;;;;;;
771;7,71;0,667671;-0,044954;-0,117668;-0,733723;44,252708;596,307434;66,179237;0,153638;-0,13211;0,031226;-0,978758;-27,603853;416,795258;-488,876892;;;;;;;
772;7,72;0,667618;-0,044941;-0,117734;-0,733761;44,268742;596,297852;66,196022;0,153638;-0,13216;0,031267;-0,97875;-27,62174;416,797821;-488,87146;;;;;;;
773;7,73;0,667609;-0,04499;-0,11767;-0,733776;44,30167;596,294434;66,212517;0,153615;-0,132183;0,031175;-0,978753;-27,623829;416,818604;-488,867523;;;;;;;
774;7,74;0,667616;-0,045028;-0,117638;-0,733773;44,325901;596,294067;66,224625;0,153589;-0,132171;0,031169;-0,978759;-27,614481;416,838593;-488,862946;;;;;;;
775;7,75;0,6676;-0,045013;-0,117632;-0,733789;44,336914;596,292358;66,238586;0,153598;-0,132218;0,03126;-0,978749;-27,643818;416,834717;-488,854523;;;;;;;
776;7,76;0,667598;-0,045023;-0,117608;-0,733795;44,344452;596,292969;66,24205;0,153604;-0,132214;0,031327;-0,978746;-27,645571;416,830841;-488,843994;;;;;;;
777;7,77;0,667594;-0,04508;-0,117556;-0,733803;44,355381;596,291809;66,243652;0,153589;-0,132192;0,031257;-0,978754;-27,625811;416,840454;-488,843567;;;;;;;
778;7,78;0,667557;-0,045044;-0,117558;-0,733838;44,355625;596,279236;66,252739;0,153595;-0,132197;0,031271;-0,978752;-27,627726;416,836792;-488,844727;;;;;;;
779;7,79;0,667476;-0,044983;-0,117606;-0,733908;44,351147;596,256226;66,267517;0,153583;-0,132144;0,031521;-0,978753;-27,630402;416,830841;-488,845825;;;;;;;
780;7,8;0,667389;-0,045015;-0,117557;-0,733993;44,363369;596,230103;66,280159;0,153582;-0,132132;0,0314;-0,978758;-27,597748;416,834808;-488,847198;;;;;;;
781;7,81;0,667346;-0,045032;-0,11754;-0,734034;44,36747;596,205566;66,294495;0,153569;-0,13214;0,031283;-0,978763;-27,594305;416,837585;-488,843109;;;;;;;
782;7,82;0,667289;-0,044989;-0,11763;-0,734074;44,350483;596,185791;66,310738;0,153565;-0,132151;0,031316;-0,978761;-27,613317;416,836792;-488,841614;;;;;;;
783;7,83;0,667269;-0,045032;-0,117644;-0,734088;44,346371;596,177002;66,320732;0,153552;-0,132146;0,03135;-0,978763;-27,61224;416,847168;-488,842194;;;;;;;
784;7,84;0,667288;-0,04509;-0,11757;-0,734078;44,359875;596,177002;66,327751;0,153553;-0,132168;0,031247;-0,978763;-27,621134;416,849091;-488,831879;;;;;;;
785;7,85;0,667271;-0,045075;-0,117624;-0,734086;44,3545;596,169739;66,339317;0,153546;-0,132197;0,031127;-0,978764;-27,630133;416,855225;-488,824066;;;;;;;
786;7,86;0,667254;-0,045022;-0,117762;-0,734082;44,331696;596,15979;66,34726;0,153554;-0,132202;0,03118;-0,97876;-27,640421;416,842987;-488,81662;;;;;;;
787;7,87;0,667284;-0,04501;-0,117728;-0,734061;44,324085;596,173035;66,339561;0,153568;-0,132098;0,031414;-0,978765;-27,630585;416,813782;-488,805786;;;;;;;
788;7,88;0,667346;-0,04507;-0,117606;-0,734021;44,328777;596,202698;66,322105;0,153592;-0,132091;0,031341;-0,978764;-27,626787;416,804779;-488,803345;;;;;;;
789;7,89;0,667363;-0,045062;-0,117653;-0,733999;44,318508;596,213013;66,315277;0,153613;-0,132159;0,031254;-0,978755;-27,657988;416,802216;-488,805267;;;;;;;
790;7,9;0,667351;-0,045043;-0,117781;-0,73399;44,301502;596,204163;66,320953;0,1536;-0,132168;0,031418;-0,97875;-27,708452;416,795013;-488,804047;;;;;;;
791;7,91;0,667357;-0,045082;-0,117809;-0,733978;44,307076;596,202026;66,321732;0,153608;-0,132158;0,031364;-0,978752;-27,719198;416,779449;-488,793671;;;;;;;
792;7,92;0,667378;-0,045157;-0,117795;-0,733956;44,318436;596,211548;66,317307;0,153585;-0,132103;0,031439;-0,978761;-27,720356;416,783051;-488,795807;;;;;;;
793;7,93;0,66741;-0,045188;-0,117799;-0,733924;44,315292;596,220581;66,315277;0,153591;-0,132049;0,03171;-0,978758;-27,736958;416,761627;-488,792175;;;;;;;
794;7,94;0,667428;-0,045136;-0,117882;-0,733898;44,309681;596,220642;66,31385;0,153598;-0,132044;0,03179;-0,978755;-27,752991;416,746552;-488,784912;;;;;;;
795;7,95;0,66744;-0,045154;-0,117905;-0,733883;44,307022;596,218018;66,313904;0,153589;-0,13201;0,031707;-0,978764;-27,736324;416,742096;-488,779114;;;;;;;
796;7,96;0,667443;-0,045119;-0,117902;-0,733882;44,298767;596,215515;66,318665;0,153579;-0,131982;0,031694;-0,978769;-27,718748;416,744171;-488,779633;;;;;;;
797;7,97;0,667437;-0,045056;-0,117941;-0,733885;44,28627;596,220093;66,316772;0,153616;-0,132143;0,031408;-0,978751;-27,740995;416,752502;-488,783295;;;;;;;
798;7,98;0,667473;-0,045093;-0,117872;-0,733861;44,285393;596,232483;66,306122;0,153629;-0,132126;0,031376;-0,978753;-27,717251;416,749908;-488,781097;;;;;;;
799;7,99;0,667491;-0,045153;-0,117809;-0,733851;44,291286;596,235413;66,30043;0,153612;-0,131999;0,031599;-0,978765;-27,692293;416,738098;-488,778534;;;;;;;
800;8;0,667449;-0,045098;-0,117889;-0,73388;44,288818;596,22644;66,303741;0,153612;-0,131988;0,031709;-0,978763;-27,702379;416,729523;-488,782776;;;;;;;
801;8,01;0,667419;-0,045036;-0,117909;-0,733908;44,293777;596,22229;66,305954;0,153648;-0,132045;0,031505;-0,978756;-27,673428;416,730896;-488,784302;;;;;;;
802;8,02;0,667428;-0,04517;-0,117812;-0,733907;44,317825;596,226257;66,301598;0,153643;-0,132138;0,031285;-0,978752;-27,679976;416,752991;-488,797882;;;;;;;
803;8,03;0,66741;-0,045232;-0,117784;-0,733924;44,335423;596,220337;66,304581;0,153617;-0,132168;0,031314;-0,978751;-27,707462;416,767822;-488,804199;;;;;;;
804;8,04;0,66734;-0,045169;-0,117868;-0,733979;44,337475;596,198181;66,31871;0,153615;-0,132202;0,031296;-0,978747;-27,720901;416,773743;-488,802429;;;;;;;
805;8,05;0,667311;-0,045123;-0,11789;-0,734004;44,340851;596,182495;66,328575;0,153597;-0,132222;0,0313;-0,978747;-27,739952;416,780823;-488,80011;;;;;;;
806;8,06;0,667334;-0,045155;-0,117797;-0,733996;44,352203;596,180481;66,328766;0,153592;-0,132243;0,03122;-0,978748;-27,756254;416,782593;-488,797241;;;;;;;
807;8,07;0,667337;-0,045173;-0,11777;-0,733996;44,343575;596,179138;66,331985;0,153591;-0,132318;0,031103;-0,978741;-27,78841;416,791809;-488,803436;;;;;;;
808;8,08;0,667293;-0,045114;-0,117907;-0,734019;44,312031;596,171143;66,338188;0,153598;-0,132265;0,031142;-0,978746;-27,765604;416,780212;-488,799805;;;;;;;
809;8,09;0,667267;-0,045131;-0,117929;-0,734037;44,292057;596,163574;66,337151;0,153601;-0,132103;0,031392;-0,97876;-27,735645;416,748077;-488,787476;;;;;;;
810;8,1;0,667269;-0,045189;-0,117824;-0,734049;44,281452;596,164124;66,330742;0,153585;-0,132041;0,031576;-0,978764;-27,749094;416,740265;-488,790833;;;;;;;
811;8,11;0,667254;-0,04514;-0,117823;-0,734066;44,263638;596,159912;66,324478;0,153599;-0,131959;0,031697;-0,978769;-27,706512;416,725525;-488,798798;;;;;;;
812;8,12;0,66724;-0,04505;-0,117784;-0,73409;44,248909;596,151184;66,321327;0,15361;-0,131909;0,031784;-0,978772;-27,684965;416,712219;-488,804413;;;;;;;
813;8,13;0,667244;-0,045045;-0,117737;-0,734094;44,246307;596,146729;66,315125;0,153611;-0,132083;0,031378;-0,978761;-27,722878;416,741302;-488,818115;;;;;;;
814;8,14;0,667229;-0,045059;-0,117745;-0,734106;44,250408;596,149414;66,311264;0,153595;-0,132049;0,031446;-0,978766;-27,712982;416,749115;-488,825684;;;;;;;
815;8,15;0,667218;-0,045085;-0,117781;-0,734109;44,257061;596,1604;66,310242;0,153575;-0,131984;0,031756;-0,978768;-27,723166;416,75;-488,832367;;;;;;;
816;8,16;0,667222;-0,045167;-0,117773;-0,734101;44,272377;596,167236;66,310913;0,153599;-0,132117;0,031431;-0,978757;-27,737423;416,765686;-488,833771;;;;;;;
817;8,17;0,667225;-0,04518;-0,117747;-0,734101;44,282307;596,164673;66,316269;0,153603;-0,132103;0,031342;-0,978761;-27,725416;416,762665;-488,82489;;;;;;;
818;8,18;0,667203;-0,045135;-0,117835;-0,734111;44,279079;596,156921;66,321976;0,153593;-0,13207;0,031548;-0,97876;-27,756311;416,749084;-488,815948;;;;;;;
819;8,19;0,66718;-0,04512;-0,117852;-0,73413;44,275471;596,152161;66,327049;0,153591;-0,132058;0,031676;-0,978758;-27,765873;416,744324;-488,813812;;;;;;;
820;8,2;0,667195;-0,045154;-0,117763;-0,734128;44,273308;596,151733;66,328056;0,153567;-0,13204;0,031639;-0,978765;-27,752724;416,765747;-488,820984;;;;;;;
821;8,21;0,667174;-0,045139;-0,11776;-0,734149;44,266888;596,14447;66,330566;0,153585;-0,132098;0,031379;-0,978763;-27,741861;416,770294;-488,819305;;;;;;;
822;8,22;0,667134;-0,04505;-0,117843;-0,734177;44,249378;596,125916;66,335831;0,153588;-0,132024;0,031525;-0,978768;-27,722221;416,751556;-488,81424;;;;;;;
823;8,23;0,667117;-0,045008;-0,11788;-0,734189;44,244022;596,111694;66,34082;0,153565;-0,131962;0,031763;-0,978772;-27,738705;416,741913;-488,813416;;;;;;;
824;8,24;0,66711;-0,04508;-0,117805;-0,734203;44,255604;596,111755;66,343292;0,153565;-0,132009;0,031605;-0,978771;-27,739473;416,751556;-488,815704;;;;;;;
825;8,25;0,667132;-0,045056;-0,117763;-0,734191;44,26437;596,114136;66,337677;0,153581;-0,132086;0,031305;-0,978768;-27,71258;416,768616;-488,820343;;;;;;;
826;8,26;0,667128;-0,045;-0,117852;-0,734184;44,271713;596,118713;66,337151;0,153586;-0,132046;0,031446;-0,978768;-27,695179;416,755676;-488,816559;;;;;;;
827;8,27;0,667176;-0,04501;-0,117824;-0,734144;44,287453;596,132263;66,334518;0,153562;-0,131924;0,031763;-0,978778;-27,676107;416,747772;-488,809418;;;;;;;
828;8,28;0,667245;-0,045042;-0,117726;-0,734095;44,313889;596,152283;66,326141;0,15358;-0,132094;0,031452;-0,978762;-27,717888;416,770294;-488,811096;;;;;;;
829;8,29;0,667252;-0,045081;-0,11772;-0,734087;44,326656;596,169678;66,321922;0,153588;-0,132163;0,031477;-0,978751;-27,759693;416,773224;-488,813171;;;;;;;
830;8,3;0,667258;-0,045112;-0,117742;-0,734076;44,320286;596,178711;66,317505;0,153583;-0,132157;0,031526;-0,978751;-27,764933;416,777588;-488,820648;;;;;;;
831;8,31;0,667268;-0,045137;-0,11774;-0,734066;44,312492;596,177856;66,315979;0,153593;-0,132106;0,031492;-0,978757;-27,738787;416,761658;-488,820374;;;;;;;
832;8,32;0,667263;-0,04509;-0,117803;-0,734064;44,299358;596,164307;66,318375;0,153571;-0,131986;0,031732;-0,978769;-27,730812;416,741821;-488,816284;;;;;;;
833;8,33;0,667226;-0,045035;-0,117909;-0,734084;44,27877;596,14801;66,32386;0,153562;-0,131979;0,031812;-0,978769;-27,756788;416,734528;-488,815765;;;;;;;
834;8,34;0,667221;-0,045008;-0,117906;-0,734091;44,266567;596,136841;66,325394;0,153581;-0,131983;0,031801;-0,978766;-27,771738;416,716522;-488,80481;;;;;;;
835;8,35;0,667222;-0,045024;-0,11788;-0,734093;44,255806;596,128723;66,321671;0,153598;-0,131968;0,031762;-0,978766;-27,767271;416,701843;-488,793915;;;;;;;
836;8,36;0,667174;-0,045037;-0,117917;-0,73413;44,237953;596,119751;66,327133;0,1536;-0,131978;0,031754;-0,978765;-27,776859;416,70166;-488,797852;;;;;;;
837;8,37;0,667156;-0,045035;-0,11788;-0,734152;44,220917;596,111511;66,331863;0,153583;-0,131969;0,031779;-0,978768;-27,780338;416,717285;-488,813293;;;;;;;
838;8,38;0,667139;-0,045068;-0,117789;-0,73418;44,216045;596,106628;66,332184;0,153599;-0,131959;0,031815;-0,978766;-27,795284;416,703369;-488,809967;;;;;;;
839;8,39;0,667103;-0,045062;-0,117779;-0,734215;44,21571;596,101074;66,336243;0,153607;-0,131987;0,031805;-0,978761;-27,825754;416,697845;-488,808258;;;;;;;
840;8,4;0,667081;-0,045049;-0,117792;-0,734234;44,207336;596,093628;66,338524;0,153598;-0,131955;0,031817;-0,978766;-27,806206;416,706146;-488,816376;;;;;;;
841;8,41;0,667057;-0,04508;-0,117777;-0,734256;44,202171;596,087219;66,339966;0,153601;-0,131931;0,031826;-0,978769;-27,78706;416,701904;-488,817383;;;;;;;
842;8,42;0,667043;-0,045087;-0,117778;-0,734267;44,213257;596,079346;66,340614;0,153597;-0,131961;0,031778;-0,978767;-27,800367;416,704468;-488,821228;;;;;;;
843;8,43;0,667022;-0,045062;-0,117766;-0,734291;44,231327;596,063477;66,347214;0,153578;-0,13199;0,031733;-0,978767;-27,805742;416,720154;-488,830048;;;;;;;
844;8,44;0,666945;-0,045052;-0,11778;-0,734358;44,243015;596,037842;66,360306;0,153558;-0,132021;0,031707;-0,978767;-27,811777;416,734741;-488,837738;;;;;;;
845;8,45;0,66688;-0,04505;-0,117776;-0,734418;44,24609;596,012817;66,373627;0,153563;-0,132006;0,031722;-0,978768;-27,810232;416,721558;-488,829498;;;;;;;
846;8,46;0,666863;-0,045045;-0,117733;-0,734441;44,242313;595,999939;66,382797;0,153584;-0,131975;0,031717;-0,978769;-27,799557;416,700256;-488,814941;;;;;;;
847;8,47;0,666845;-0,045059;-0,117764;-0,734452;44,237202;595,999023;66,382217;0,153588;-0,132022;0,03162;-0,978765;-27,808546;416,706451;-488,817871;;;;;;;
848;8,48;0,666834;-0,045055;-0,117796;-0,734457;44,225048;596,006531;66,379372;0,153573;-0,132005;0,031692;-0,978768;-27,808306;416,717987;-488,825592;;;;;;;
849;8,49;0,666855;-0,045058;-0,117749;-0,734445;44,209824;596,014282;66,373978;0,153571;-0,131938;0,031856;-0,978772;-27,803629;416,707916;-488,823853;;;;;;;
850;8,5;0,666879;-0,045036;-0,117722;-0,734429;44,196495;596,014648;66,367325;0,15358;-0,131949;0,031802;-0,97877;-27,805584;416,70578;-488,824951;;;;;;;
851;8,51;0,666881;-0,04496;-0,117756;-0,734426;44,182735;596,012817;66,364464;0,153581;-0,131933;0,031789;-0,978773;-27,79565;416,706268;-488,828949;;;;;;;
852;8,52;0,666904;-0,044983;-0,117804;-0,734396;44,174873;596,01825;66,360741;0,153565;-0,131896;0,031868;-0,978778;-27,794174;416,707397;-488,831635;;;;;;;
853;8,53;0,666955;-0,045001;-0,117818;-0,734346;44,174828;596,026489;66,35598;0,153553;-0,13194;0,031754;-0,978777;-27,811968;416,716675;-488,832642;;;;;;;
854;8,54;0,667021;-0,044981;-0,117845;-0,734283;44,174118;596,03595;66,350533;0,153574;-0,131974;0,031698;-0,978771;-27,833483;416,700043;-488,819946;;;;;;;
855;8,55;0,667073;-0,045033;-0,117889;-0,734226;44,176342;596,052124;66,34359;0,153588;-0,132002;0,031752;-0,978764;-27,864475;416,684662;-488,80957;;;;;;;
856;8,56;0,667125;-0,045055;-0,117903;-0,734176;44,194557;596,072998;66,335945;0,153593;-0,132027;0,031717;-0,978761;-27,868536;416,685638;-488,807312;;;;;;;
857;8,57;0,667176;-0,045033;-0,117939;-0,734124;44,211788;596,09491;66,328224;0,15361;-0,131974;0,031781;-0,978763;-27,8361;416,669586;-488,797394;;;;;;;
858;8,58;0,667199;-0,045004;-0,118029;-0,734091;44,217922;596,115906;66,320923;0,153606;-0,132018;0,031726;-0,978759;-27,844299;416,679504;-488,800446;;;;;;;
859;8,59;0,667247;-0,044995;-0,118053;-0,734044;44,222572;596,137512;66,309227;0,153601;-0,132047;0,03167;-0,978758;-27,840801;416,690918;-488,803711;;;;;;;
860;8,6;0,66731;-0,045017;-0,117986;-0,733997;44,22646;596,15979;66,296143;0,153617;-0,131947;0,031796;-0,978765;-27,788185;416,674255;-488,798187;;;;;;;
861;8,61;0,667363;-0,04501;-0,117969;-0,733951;44,221416;596,18042;66,281525;0,153609;-0,131943;0,031796;-0,978767;-27,787033;416,686401;-488,805939;;;;;;;
862;8,62;0,667387;-0,044985;-0,118012;-0,733924;44,207111;596,192261;66,271408;0,1536;-0,131988;0,031731;-0,978764;-27,808804;416,702881;-488,818054;;;;;;;
863;8,63;0,667371;-0,044988;-0,118023;-0,733937;44,191246;596,194397;66,272942;0,153621;-0,131979;0,031792;-0,97876;-27,825449;416,683075;-488,812073;;;;;;;
864;8,64;0,667374;-0,044969;-0,117951;-0,733946;44,181446;596,185547;66,269867;0,15363;-0,132006;0,031805;-0,978755;-27,863323;416,672455;-488,806732;;;;;;;
865;8,65;0,667331;-0,044923;-0,117962;-0,733987;44,16766;596,171387;66,27404;0,153613;-0,132029;0,031795;-0,978755;-27,889095;416,682007;-488,810638;;;;;;;
866;8,66;0,667283;-0,044921;-0,11804;-0,734018;44,143295;596,156372;66,285568;0,153607;-0,132058;0,031739;-0,978754;-27,907602;416,687958;-488,812683;;;;;;;
867;8,67;0,66726;-0,044961;-0,118043;-0,734036;44,127785;596,145142;66,292747;0,153609;-0,132082;0,031605;-0,978754;-27,90896;416,691162;-488,811554;;;;;;;
868;8,68;0,667233;-0,045016;-0,118018;-0,734061;44,122234;596,141602;66,302208;0,153613;-0,132043;0,031669;-0,978757;-27,908152;416,678131;-488,800354;;;;;;;
869;8,69;0,667257;-0,045051;-0,117987;-0,734042;44,116863;596,135254;66,309555;0,153614;-0,131993;0,031763;-0,97876;-27,900076;416,665222;-488,791046;;;;;;;
870;8,7;0,667248;-0,045005;-0,11802;-0,734047;44,1185;596,122864;66,318993;0,153593;-0,13199;0,031732;-0,978765;-27,89255;416,675995;-488,791534;;;;;;;
871;8,71;0,667208;-0,04497;-0,118072;-0,734077;44,12701;596,109497;66,329361;0,153588;-0,131983;0,031706;-0,978768;-27,882788;416,675507;-488,786163;;;;;;;
872;8,72;0,667156;-0,045051;-0,118077;-0,734119;44,14127;596,103577;66,338661;0,153582;-0,131995;0,031717;-0,978767;-27,8867;416,677948;-488,781586;;;;;;;
873;8,73;0,667141;-0,045107;-0,118023;-0,734138;44,160828;596,10022;66,344307;0,153596;-0,132042;0,031711;-0,978758;-27,898628;416,675873;-488,775391;;;;;;;
874;8,74;0,66713;-0,045039;-0,118012;-0,734155;44,170925;596,099487;66,345589;0,153611;-0,131981;0,031791;-0,978761;-27,856815;416,66687;-488,769165;;;;;;;
875;8,75;0,667102;-0,045035;-0,117983;-0,734185;44,175224;596,100037;66,347481;0,153579;-0,131985;0,031793;-0,978766;-27,854784;416,691528;-488,782227;;;;;;;
876;8,76;0,667092;-0,045066;-0,117939;-0,734199;44,178646;596,09436;66,350075;0,153589;-0,132043;0,031685;-0,97876;-27,866636;416,694885;-488,784149;;;;;;;
877;8,77;0,667066;-0,045048;-0,117962;-0,73422;44,176971;596,082825;66,354591;0,153584;-0,132065;0,031581;-0,978761;-27,856972;416,706085;-488,787994;;;;;;;
878;8,78;0,667059;-0,04503;-0,117965;-0,734227;44,174492;596,074036;66,355042;0,153578;-0,132099;0,031526;-0,978759;-27,872589;416,711639;-488,792664;;;;;;;
879;8,79;0,667074;-0,045001;-0,117967;-0,734214;44,171257;596,077454;66,351097;0,15358;-0,13203;0,031673;-0,978763;-27,858507;416,695831;-488,787415;;;;;;;
880;8,8;0,667114;-0,044995;-0,117934;-0,734184;44,168808;596,089844;66,34478;0,153595;-0,131946;0,031785;-0,978769;-27,819164;416,677216;-488,781525;;;;;;;
881;8,81;0,66715;-0,044992;-0,117949;-0,734149;44,169487;596,107483;66,336845;0,153606;-0,131951;0,031747;-0,978768;-27,813826;416,675537;-488,782318;;;;;;;
882;8,82;0,667179;-0,044965;-0,118013;-0,734114;44,169098;596,117859;66,330574;0,153576;-0,132014;0,031692;-0,978766;-27,854033;416,697998;-488,791077;;;;;;;
883;8,83;0,667218;-0,044953;-0,11805;-0,734073;44,167027;596,119934;66,32856;0,153584;-0,131999;0,031738;-0,978765;-27,858633;416,685547;-488,781158;;;;;;;
884;8,84;0,667223;-0,044986;-0,118093;-0,73406;44,16716;596,12384;66,33313;0,153571;-0,131955;0,03179;-0,978771;-27,839821;416,690674;-488,77652;;;;;;;
885;8,85;0,667238;-0,045002;-0,118089;-0,734046;44,169037;596,130249;66,330406;0,153571;-0,131986;0,031747;-0,978768;-27,850864;416,694427;-488,777008;;;;;;;
886;8,86;0,667275;-0,044952;-0,118066;-0,734019;44,16716;596,140503;66,319527;0,153598;-0,132;0,031711;-0,978764;-27,844376;416,682251;-488,774841;;;;;;;
887;8,87;0,667283;-0,044925;-0,118086;-0,73401;44,162704;596,152527;66,308586;0,153601;-0,131986;0,031659;-0,978767;-27,80975;416,690094;-488,783966;;;;;;;
888;8,88;0,667304;-0,044922;-0,118061;-0,733995;44,160069;596,166565;66,293495;0,153593;-0,131959;0,031685;-0,978771;-27,788248;416,695343;-488,79541;;;;;;;
889;8,89;0,667361;-0,044894;-0,117975;-0,733959;44,1591;596,177612;66,281158;0,153594;-0,13192;0,031759;-0,978773;-27,77347;416,688019;-488,798889;;;;;;;
890;8,9;0,667419;-0,044889;-0,117956;-0,73391;44,15696;596,184021;66,273766;0,1536;-0,131949;0,031718;-0,97877;-27,790358;416,684814;-488,797791;;;;;;;
891;8,91;0,667446;-0,044857;-0,117997;-0,73388;44,152676;596,185913;66,26989;0,153602;-0,131993;0,03169;-0,978765;-27,823486;416,680664;-488,795776;;;;;;;
892;8,92;0,667444;-0,044831;-0,118048;-0,733876;44,147774;596,182922;66,271545;0,153606;-0,131958;0,031746;-0,978767;-27,822573;416,667145;-488,790009;;;;;;;
893;8,93;0,66743;-0,044831;-0,118111;-0,733878;44,141178;596,178406;66,275703;0,153579;-0,13199;0,031716;-0,978768;-27,85021;416,684143;-488,793457;;;;;;;
894;8,94;0,66743;-0,044879;-0,118141;-0,733871;44,131351;596,177917;66,281555;0,153558;-0,131998;0,031682;-0,978771;-27,851328;416,701599;-488,793304;;;;;;;
895;8,95;0,667448;-0,044911;-0,118135;-0,733853;44,12376;596,188171;66,281166;0,153575;-0,13196;0,031707;-0,978773;-27,832695;416,692078;-488,782227;;;;;;;
896;8,96;0,667478;-0,044913;-0,118078;-0,733835;44,120274;596,207336;66,268127;0,153587;-0,131965;0,03173;-0,978769;-27,841799;416,68869;-488,784088;;;;;;;
897;8,97;0,667513;-0,044961;-0,118037;-0,733806;44,116482;596,222168;66,256226;0,153587;-0,131963;0,031738;-0,978769;-27,840548;416,69458;-488,794098;;;;;;;
898;8,98;0,667499;-0,044948;-0,118067;-0,733816;44,108311;596,217896;66,257225;0,153598;-0,13194;0,031783;-0,978769;-27,835995;416,682587;-488,791443;;;;;;;
899;8,99;0,667466;-0,044871;-0,118112;-0,733843;44,102947;596,195435;66,265373;0,153593;-0,13196;0,031763;-0,978768;-27,858973;416,675018;-488,78891;;;;;;;
900;9;0,667444;-0,044823;-0,118147;-0,73386;44,095493;596,175964;66,269936;0,153579;-0,131993;0,031659;-0,978769;-27,871782;416,679932;-488,793854;;;;;;;
901;9,01;0,667399;-0,044806;-0,118193;-0,733895;44,088802;596,174866;66,268761;0,153586;-0,131943;0,031695;-0,978774;-27,840427;416,676453;-488,795959;;;;;;;
902;9,02;0,667408;-0,044833;-0,118146;-0,733893;44,100628;596,183044;66,261482;0,153587;-0,131937;0,031765;-0,978772;-27,836657;416,680206;-488,800995;;;;;;;
903;9,03;0,667447;-0,044865;-0,118025;-0,733874;44,111996;596,187195;66,257439;0,153575;-0,131975;0,031734;-0,97877;-27,846638;416,690338;-488,807983;;;;;;;
904;9,04;0,667429;-0,044845;-0,118094;-0,733881;44,116745;596,184204;66,262962;0,153561;-0,131993;0,031643;-0,978773;-27,840935;416,703461;-488,810394;;;;;;;
905;9,05;0,66743;-0,044819;-0,118165;-0,73387;44,123837;596,1828;66,264702;0,153568;-0,131968;0,031707;-0,978773;-27,836464;416,692505;-488,799713;;;;;;;
906;9,06;0,667471;-0,044859;-0,118089;-0,733843;44,132366;596,190186;66,260727;0,153579;-0,131939;0,031804;-0,978772;-27,83069;416,678528;-488,793365;;;;;;;
907;9,07;0,667485;-0,04493;-0,118073;-0,733828;44,133091;596,199707;66,255463;0,15359;-0,131972;0,031757;-0,978767;-27,847668;416,675385;-488,79422;;;;;;;
908;9,08;0,667487;-0,044881;-0,11811;-0,733823;44,11599;596,199646;66,250336;0,153602;-0,131999;0,031663;-0,978765;-27,857073;416,671051;-488,794556;;;;;;;
909;9,09;0,667499;-0,044802;-0,118148;-0,733811;44,095596;596,197571;66,24015;0,153594;-0,132012;0,031618;-0,978766;-27,859289;416,679535;-488,807556;;;;;;;
910;9,1;0,667515;-0,044865;-0,11814;-0,733794;44,085777;596,21167;66,225471;0,153591;-0,131954;0,031719;-0,978771;-27,837303;416,678741;-488,818878;;;;;;;
911;9,11;0,667545;-0,044945;-0,118069;-0,733773;44,086571;596,228149;66,213844;0,153587;-0,131932;0,031769;-0,978773;-27,829266;416,682587;-488,825623;;;;;;;
912;9,12;0,667546;-0,044924;-0,118111;-0,733767;44,087322;596,227539;66,21376;0,153587;-0,132003;0,031661;-0,978767;-27,857821;416,687866;-488,826324;;;;;;;
913;9,13;0,667519;-0,044881;-0,118261;-0,73377;44,086075;596,213989;66,23037;0,153584;-0,131999;0,031622;-0,978769;-27,859882;416,680237;-488,81424;;;;;;;
914;9,14;0,667535;-0,044854;-0,118308;-0,73375;44,101006;596,204773;66,243294;0,153566;-0,132008;0,031602;-0,978771;-27,869934;416,683319;-488,805695;;;;;;;
915;9,15;0,667584;-0,044892;-0,118242;-0,733713;44,123974;596,210815;66,24202;0,153579;-0,132033;0,031572;-0,978767;-27,874329;416,675751;-488,796173;;;;;;;
916;9,16;0,667601;-0,044904;-0,11822;-0,733701;44,132931;596,21936;66,239449;0,153589;-0,132048;0,031588;-0,978762;-27,884134;416,671509;-488,79187;;;;;;;
917;9,17;0,667581;-0,044891;-0,118267;-0,733712;44,124462;596,219055;66,238541;0,153572;-0,132019;0,031579;-0,978769;-27,864044;416,682434;-488,798553;;;;;;;
918;9,18;0,667593;-0,044873;-0,118304;-0,733696;44,113167;596,217163;66,230011;0,153573;-0,132023;0,031534;-0,97877;-27,86237;416,682709;-488,804993;;;;;;;
919;9,19;0,667622;-0,044862;-0,118303;-0,733671;44,100487;596,2323;66,211418;0,153573;-0,132049;0,031561;-0,978766;-27,887754;416,68634;-488,817535;;;;;;;
920;9,2;0,667675;-0,04491;-0,118217;-0,733634;44,081383;596,258667;66,187325;0,153587;-0,132029;0,031612;-0,978765;-27,877741;416,682831;-488,828613;;;;;;;
921;9,21;0,667712;-0,044878;-0,118181;-0,733608;44,058804;596,273926;66,169067;0,153617;-0,131983;0,031656;-0,978765;-27,857519;416,662781;-488,831116;;;;;;;
922;9,22;0,667727;-0,044789;-0,118226;-0,733592;44,032654;596,270142;66,163399;0,153617;-0,13196;0,031623;-0,978769;-27,850765;416,658569;-488,833679;;;;;;;
923;9,23;0,667707;-0,044787;-0,118297;-0,733599;44,018082;596,258423;66,170601;0,153599;-0,131975;0,031563;-0,978772;-27,85844;416,664001;-488,833435;;;;;;;
924;9,24;0,667699;-0,044767;-0,118326;-0,733602;44,025013;596,248779;66,179291;0,153592;-0,131976;0,031544;-0,978773;-27,856808;416,661743;-488,825226;;;;;;;
925;9,25;0,667745;-0,044747;-0,118329;-0,733562;44,041649;596,251831;66,182449;0,153584;-0,132018;0,031492;-0,97877;-27,875628;416,668213;-488,818756;;;;;;;
926;9,26;0,667783;-0,044821;-0,11835;-0,733519;44,063538;596,266846;66,18367;0,153585;-0,132031;0,031534;-0,978767;-27,890287;416,662811;-488,807129;;;;;;;
927;9,27;0,667808;-0,04486;-0,118463;-0,733476;44,08823;596,283264;66,181709;0,153611;-0,132033;0,031556;-0,978762;-27,886211;416,644104;-488,792969;;;;;;;
928;9,28;0,667836;-0,044857;-0,118498;-0,733444;44,106186;596,299744;66,179436;0,15361;-0,132038;0,031534;-0,978762;-27,873095;416,651062;-488,793365;;;;;;;
929;9,29;0,667878;-0,044869;-0,11847;-0,733411;44,117245;596,312561;66,172058;0,153592;-0,132037;0,031564;-0,978764;-27,874001;416,664215;-488,798187;;;;;;;
930;9,3;0,667932;-0,044889;-0,118433;-0,733366;44,121407;596,323792;66,160324;0,1536;-0,132078;0,031583;-0,978757;-27,901373;416,663483;-488,800476;;;;;;;
931;9,31;0,667959;-0,044904;-0,118376;-0,733349;44,118202;596,338501;66,150505;0,153622;-0,132006;0,031676;-0,97876;-27,857819;416,647858;-488,799469;;;;;;;
932;9,32;0,667967;-0,044904;-0,11836;-0,733345;44,109467;596,347656;66,141571;0,153631;-0,13195;0,031707;-0,978765;-27,814705;416,64267;-488,804626;;;;;;;
933;9,33;0,667964;-0,04486;-0,118351;-0,733352;44,096634;596,344421;66,140404;0,153618;-0,131989;0,031639;-0,978764;-27,830507;416,654388;-488,811676;;;;;;;
934;9,34;0,667948;-0,044798;-0,118395;-0,733363;44,094688;596,329346;66,151764;0,153602;-0,131996;0,031571;-0,978768;-27,826908;416,663513;-488,809174;;;;;;;
935;9,35;0,667928;-0,044761;-0,118461;-0,733373;44,102871;596,313721;66,164001;0,1536;-0,131976;0,031622;-0,978769;-27,826546;416,653229;-488,796295;;;;;;;
936;9,36;0,667923;-0,04476;-0,118457;-0,733378;44,110046;596,308594;66,168877;0,15359;-0,132;0,031617;-0,978768;-27,849981;416,657135;-488,794128;;;;;;;
937;9,37;0,667923;-0,044813;-0,11843;-0,733379;44,11327;596,311951;66,171631;0,153602;-0,132013;0,031597;-0,978765;-27,863108;416,650757;-488,790039;;;;;;;
938;9,38;0,667909;-0,044869;-0,118451;-0,733385;44,110165;596,318115;66,174149;0,15362;-0,132035;0,031627;-0,978758;-27,885571;416,640533;-488,784149;;;;;;;
939;9,39;0,667885;-0,044864;-0,118457;-0,733407;44,104599;596,320129;66,17495;0,153621;-0,132011;0,031665;-0,97876;-27,872337;416,64093;-488,783966;;;;;;;
940;9,4;0,667865;-0,044874;-0,118423;-0,733429;44,104141;596,317261;66,174767;0,153622;-0,131972;0,031676;-0,978765;-27,847075;416,644287;-488,783936;;;;;;;
941;9,41;0,667835;-0,044895;-0,118389;-0,733461;44,107876;596,309692;66,179016;0,153618;-0,132004;0,031702;-0,97876;-27,868402;416,648804;-488,787384;;;;;;;
942;9,42;0,667785;-0,044868;-0,118381;-0,733509;44,109314;596,293396;66,184502;0,153624;-0,132014;0,031662;-0,978759;-27,857327;416,648224;-488,78775;;;;;;;
943;9,43;0,667733;-0,044855;-0,118365;-0,73356;44,110065;596,271484;66,194534;0,153605;-0,131994;0,031587;-0,978767;-27,832716;416,663818;-488,79068;;;;;;;
944;9,44;0,667692;-0,044859;-0,118352;-0,733599;44,114288;596,245667;66,213142;0,15357;-0,132001;0,031642;-0,97877;-27,859461;416,675079;-488,794403;;;;;;;
945;9,45;0,667661;-0,044824;-0,118366;-0,733627;44,121243;596,216797;66,231056;0,153557;-0,131996;0,031674;-0,978772;-27,869511;416,672455;-488,790802;;;;;;;
946;9,46;0,667629;-0,044788;-0,118383;-0,733656;44,124706;596,198181;66,242447;0,153542;-0,132004;0,031621;-0,978775;-27,874657;416,682037;-488,79071;;;;;;;
947;9,47;0,667635;-0,044808;-0,11837;-0,733651;44,130661;596,198303;66,243187;0,153544;-0,132;0,031636;-0,978774;-27,876251;416,679138;-488,789215;;;;;;;
948;9,48;0,667668;-0,044831;-0,118336;-0,733626;44,14566;596,21228;66,236122;0,153556;-0,132005;0,031674;-0,978771;-27,878523;416,671143;-488,785431;;;;;;;
949;9,49;0,667706;-0,044811;-0,118345;-0,73359;44,158833;596,231323;66,226921;0,15356;-0,132028;0,031694;-0,978766;-27,887884;416,672089;-488,785492;;;;;;;
950;9,5;0,667758;-0,044821;-0,118349;-0,733542;44,174892;596,251221;66,217079;0,153553;-0,132051;0,031676;-0,978765;-27,890432;416,683838;-488,792053;;;;;;;
951;9,51;0,667789;-0,044856;-0,118334;-0,733514;44,19508;596,271423;66,207352;0,153567;-0,13209;0,031625;-0,978759;-27,890108;416,687042;-488,7966;;;;;;;
952;9,52;0,667815;-0,044901;-0,118349;-0,733486;44,208096;596,285828;66,193779;0,153588;-0,132065;0,031704;-0,978757;-27,867176;416,67395;-488,795227;;;;;;;
953;9,53;0,667854;-0,044933;-0,118357;-0,733446;44,213531;596,295227;66,179848;0,153579;-0,132032;0,031723;-0,978762;-27,833179;416,679199;-488,8078;;;;;;;
954;9,54;0,667867;-0,044877;-0,118341;-0,733441;44,217403;596,299622;66,169662;0,153576;-0,132075;0,031592;-0,978761;-27,82502;416,690155;-488,822052;;;;;;;
955;9,55;0,667865;-0,044843;-0,118331;-0,733446;44,221451;596,303833;66,164299;0,153569;-0,132064;0,03154;-0,978765;-27,793842;416,701324;-488,830231;;;;;;;
956;9,56;0,667898;-0,04482;-0,118311;-0,733421;44,233963;596,311584;66,161293;0,153571;-0,132058;0,03157;-0,978765;-27,777605;416,706268;-488,83139;;;;;;;
957;9,57;0,667933;-0,044833;-0,118266;-0,733395;44,258751;596,320923;66,155548;0,153573;-0,132072;0,031605;-0,978761;-27,774496;416,70874;-488,827942;;;;;;;
958;9,58;0,667942;-0,044869;-0,118228;-0,733391;44,283279;596,325012;66,159233;0,153579;-0,13212;0,031416;-0,97876;-27,74568;416,723785;-488,825195;;;;;;;
959;9,59;0,667949;-0,044839;-0,118226;-0,733387;44,302967;596,326111;66,165779;0,15357;-0,132202;0,031326;-0,978753;-27,770266;416,74115;-488,825928;;;;;;;
960;9,6;0,667954;-0,04485;-0,118203;-0,733385;44,314217;596,336487;66,167305;0,153557;-0,132131;0,031595;-0,978756;-27,776867;416,731842;-488,820374;;;;;;;
961;9,61;0,667978;-0,044909;-0,11818;-0,733364;44,318501;596,350342;66,162605;0,153544;-0,132076;0,031681;-0,978763;-27,757372;416,741608;-488,825562;;;;;;;
962;9,62;0,667997;-0,044898;-0,118169;-0,733349;44,310966;596,354736;66,155357;0,153553;-0,132045;0,031719;-0,978764;-27,747585;416,735962;-488,825439;;;;;;;
963;9,63;0,667978;-0,04486;-0,118173;-0,733368;44,29142;596,342834;66,15799;0,153573;-0,132154;0,031381;-0,978757;-27,756186;416,746185;-488,829193;;;;;;;
964;9,64;0,667931;-0,044849;-0,118247;-0,733399;44,266376;596,325806;66,162682;0,15357;-0,132145;0,031347;-0,97876;-27,760645;416,742188;-488,8302;;;;;;;
965;9,65;0,667914;-0,044855;-0,118224;-0,733419;44,248276;596,311951;66,165108;0,153534;-0,131975;0,031698;-0,978778;-27,738251;416,73291;-488,831573;;;;;;;
966;9,66;0,667874;-0,044838;-0,118219;-0,733456;44,238647;596,299072;66,17321;0,153525;-0,132004;0,031698;-0,978775;-27,765322;416,736267;-488,834625;;;;;;;
967;9,67;0,667841;-0,0448;-0,118243;-0,733485;44,226013;596,284607;66,184029;0,153554;-0,132011;0,031663;-0,97877;-27,771711;416,714447;-488,819946;;;;;;;
968;9,68;0,667792;-0,044811;-0,118284;-0,733522;44,215031;596,274109;66,196434;0,153546;-0,132032;0,031563;-0,978772;-27,776836;416,722015;-488,817261;;;;;;;
969;9,69;0,667765;-0,044835;-0,118313;-0,733541;44,22084;596,268677;66,204201;0,15355;-0,132088;0,031528;-0,978765;-27,814108;416,717621;-488,80896;;;;;;;
970;9,7;0,667789;-0,044834;-0,118292;-0,733522;44,231525;596,265564;66,208916;0,153541;-0,132106;0,031537;-0,978764;-27,820959;416,723969;-488,809692;;;;;;;
971;9,71;0,66779;-0,044835;-0,118274;-0,733524;44,241032;596,268066;66,206375;0,153527;-0,132066;0,031522;-0,978772;-27,778257;416,739471;-488,817902;;;;;;;
972;9,72;0,667785;-0,04485;-0,118231;-0,733534;44,254223;596,27356;66,199783;0,15353;-0,132019;0,031644;-0,978774;-27,76359;416,733765;-488,818665;;;;;;;
973;9,73;0,667773;-0,044893;-0,118162;-0,733554;44,264832;596,2771;66,196327;0,153545;-0,132046;0,031646;-0,978768;-27,771637;416,730774;-488,824677;;;;;;;
974;9,74;0,667745;-0,044869;-0,118155;-0,733582;44,269188;596,272583;66,197365;0,153542;-0,132058;0,031674;-0,978766;-27,778374;416,734894;-488,828888;;;;;;;
975;9,75;0,667721;-0,044839;-0,11815;-0,733607;44,266975;596,259583;66,203125;0,153545;-0,132017;0,031715;-0,978769;-27,758875;416,725464;-488,825806;;;;;;;
976;9,76;0,667685;-0,04484;-0,118188;-0,733633;44,259541;596,246094;66,209991;0,153523;-0,132047;0,031574;-0,978773;-27,754389;416,746246;-488,836578;;;;;;;
977;9,77;0,667665;-0,04482;-0,118181;-0,733654;44,243305;596,23584;66,214264;0,153508;-0,132076;0,031499;-0,978774;-27,762575;416,760986;-488,841553;;;;;;;
978;9,78;0,667654;-0,044828;-0,118158;-0,733667;44,229561;596,231506;66,21701;0,153526;-0,13203;0,031584;-0,978775;-27,751938;416,739716;-488,830994;;;;;;;
979;9,79;0,667663;-0,044786;-0,118156;-0,733662;44,231876;596,233459;66,216652;0,153523;-0,132015;0,031621;-0,978776;-27,750935;416,737732;-488,830566;;;;;;;
980;9,8;0,667658;-0,044779;-0,118168;-0,733665;44,239895;596,233582;66,220535;0,153499;-0,131995;0,031661;-0,978781;-27,743729;416,754028;-488,840515;;;;;;;
981;9,81;0,667637;-0,044793;-0,118206;-0,733677;44,249126;596,233032;66,223747;0,153485;-0,132004;0,031714;-0,978781;-27,75321;416,762299;-488,844055;;;;;;;
982;9,82;0,667654;-0,044779;-0,118165;-0,733669;44,261059;596,238953;66,219437;0,15351;-0,132002;0,031646;-0,978779;-27,729441;416,752625;-488,83963;;;;;;;
983;9,83;0,66769;-0,044806;-0,118101;-0,733644;44,27293;596,246094;66,210182;0,153516;-0,132003;0,031622;-0,978779;-27,718983;416,750854;-488,841553;;;;;;;
984;9,84;0,667705;-0,044816;-0,118122;-0,733627;44,271507;596,251831;66,202751;0,153535;-0,132015;0,031683;-0,978772;-27,738153;416,733429;-488,83551;;;;;;;
985;9,85;0,667699;-0,044808;-0,118175;-0,733624;44,26046;596,256226;66,196899;0,153517;-0,132028;0,031612;-0,978776;-27,734041;416,753296;-488,847137;;;;;;;
986;9,86;0,667693;-0,044777;-0,118202;-0,733628;44,257866;596,258789;66,19339;0,153525;-0,132078;0,031443;-0,978773;-27,734241;416,760864;-488,854065;;;;;;;
987;9,87;0,667683;-0,04479;-0,118161;-0,733643;44,250683;596,252686;66,196564;0,153524;-0,132064;0,03148;-0,978774;-27,736065;416,75827;-488,852325;;;;;;;
988;9,88;0,667647;-0,044833;-0,118182;-0,73367;44,242477;596,238464;66,206848;0,153506;-0,132017;0,031617;-0,978779;-27,734064;416,75705;-488,847382;;;;;;;
989;9,89;0,667627;-0,044803;-0,118181;-0,733689;44,241352;596,219055;66,218559;0,153498;-0,132012;0,031581;-0,978782;-27,721169;416,759247;-488,845337;;;;;;;
990;9,9;0,667597;-0,044794;-0,118131;-0,733726;44,240067;596,19928;66,232719;0,153485;-0,132026;0,03147;-0,978786;-27,709286;416,77066;-488,844208;;;;;;;
991;9,91;0,667565;-0,044769;-0,118129;-0,733756;44,240379;596,183777;66,242111;0,153472;-0,132024;0,031508;-0,978787;-27,7206;416,771057;-488,841766;;;;;;;
992;9,92;0,667549;-0,044765;-0,118141;-0,733769;44,24176;596,177246;66,242393;0,153471;-0,132017;0,031575;-0,978786;-27,729347;416,763397;-488,841827;;;;;;;
993;9,93;0,667578;-0,044797;-0,1181;-0,733748;44,237427;596,184082;66,235123;0,153479;-0,131991;0,031617;-0,978787;-27,725466;416,753418;-488,843079;;;;;;;
994;9,94;0,667608;-0,044806;-0,11814;-0,733713;44,238216;596,195679;66,226318;0,153463;-0,13197;0,031627;-0,978791;-27,71936;416,76355;-488,850189;;;;;;;
995;9,95;0,667609;-0,04481;-0,118215;-0,7337;44,244915;596,204712;66,221596;0,153492;-0,132071;0,031411;-0,97878;-27,733751;416,766357;-488,851074;;;;;;;
996;9,96;0,667625;-0,044824;-0,11819;-0,733688;44,251568;596,212585;66,217049;0,153509;-0,132093;0,031323;-0,978777;-27,722269;416,767731;-488,852631;;;;;;;
997;9,97;0,667646;-0,044811;-0,118149;-0,733677;44,255913;596,221802;66,209625;0,153499;-0,13197;0,031632;-0,978786;-27,711718;416,752838;-488,851837;;;;;;;
998;9,98;0,667652;-0,04484;-0,118138;-0,733672;44,255257;596,229004;66,206352;0,153486;-0,131981;0,031699;-0,978784;-27,732321;416,761322;-488,855835;;;;;;;
999;9,99;0,667657;-0,044858;-0,118123;-0,733668;44,24789;596,225891;66,208076;0,153484;-0,132008;0,031607;-0,978784;-27,726814;416,772003;-488,858276;;;;;;;
1000;10;0,667642;-0,044821;-0,118208;-0,73367;44,239433;596,221191;66,212914;0,153486;-0,131976;0,031618;-0,978787;-27,720896;416,765442;-488,853577;;;;;;;
1001;10,01;0,667642;-0,044803;-0,118242;-0,733666;44,235184;596,21936;66,215218;0,153497;-0,132088;0,03139;-0,978778;-27,758524;416,770386;-488,850647;;;;;;;
1002;10,02;0,667651;-0,044797;-0,118221;-0,733661;44,236923;596,218811;66,214737;0,153513;-0,132114;0,031322;-0,978774;-27,75812;416,761627;-488,846954;;;;;;;
1003;10,03;0,667658;-0,044781;-0,118194;-0,73366;44,241123;596,221069;66,215706;0,153504;-0,132072;0,031529;-0,978775;-27,781208;416,750427;-488,842621;;;;;;;
1004;10,04;0,667678;-0,044828;-0,118141;-0,733648;44,243134;596,222656;66,213608;0,153507;-0,132136;0,031463;-0,978768;-27,824894;416,754364;-488,842896;;;;;;;
1005;10,05;0,667676;-0,044838;-0,118159;-0,733647;44,243687;596,222839;66,21122;0,153489;-0,132137;0,031449;-0,97877;-27,830786;416,768982;-488,851379;;;;;;;
1006;10,06;0,667651;-0,044843;-0,118188;-0,733665;44,236385;596,224792;66,213608;0,153504;-0,132108;0,031499;-0,978771;-27,815971;416,761169;-488,848328;;;;;;;
1007;10,07;0,667626;-0,044877;-0,118155;-0,73369;44,227459;596,223694;66,213379;0,153504;-0,132087;0,031594;-0,97877;-27,826117;416,759552;-488,849609;;;;;;;
1008;10,08;0,667615;-0,044881;-0,118101;-0,733709;44,220158;596,214905;66,214355;0,153499;-0,132042;0,031635;-0,978776;-27,808233;416,760742;-488,85434;;;;;;;
1009;10,09;0,667563;-0,044863;-0,118121;-0,733754;44,206261;596,202515;66,221756;0,153485;-0,132057;0,03161;-0,978777;-27,815042;416,771576;-488,859924;;;;;;;
1010;10,1;0,667503;-0,044867;-0,118105;-0,733811;44,199482;596,186523;66,235374;0,153491;-0,132002;0,031731;-0,978779;-27,805069;416,757263;-488,84552;;;;;;;
1011;10,11;0,667486;-0,044822;-0,118048;-0,733838;44,203335;596,168884;66,248734;0,15348;-0,131989;0,031711;-0,978784;-27,796284;416,76355;-488,839325;;;;;;;
1012;10,12;0,667436;-0,044852;-0,118034;-0,733884;44,209091;596,145996;66,266754;0,153448;-0,132008;0,031652;-0,978788;-27,805105;416,783722;-488,840759;;;;;;;
1013;10,13;0,667334;-0,044882;-0,118099;-0,733964;44,207989;596,114075;66,289307;0,153463;-0,132006;0,031725;-0,978783;-27,834995;416,757751;-488,820862;;;;;;;
1014;10,14;0,667283;-0,044911;-0,118095;-0,73401;44,200153;596,090942;66,306114;0,153461;-0,132033;0,031708;-0,978781;-27,865303;416,753021;-488,813751;;;;;;;
1015;10,15;0,667258;-0,044952;-0,118064;-0,734035;44,19553;596,081787;66,312569;0,153439;-0,132081;0,031656;-0,978779;-27,895868;416,772949;-488,827026;;;;;;;
1016;10,16;0,667233;-0,044972;-0,117991;-0,734068;44,197762;596,079468;66,311531;0,153439;-0,132094;0,031602;-0,978779;-27,890043;416,784882;-488,837646;;;;;;;
1017;10,17;0,667201;-0,044965;-0,117946;-0,734105;44,195621;596,07196;66,313751;0,15345;-0,132095;0,03157;-0,978778;-27,87196;416,787079;-488,838898;;;;;;;
1018;10,18;0,667175;-0,044989;-0,117957;-0,734125;44,195599;596,056641;66,323837;0,153431;-0,132104;0,031576;-0,97878;-27,873322;416,798279;-488,841675;;;;;;;
1019;10,19;0,667116;-0,044999;-0,118013;-0,734169;44,208652;596,0401;66,33387;0,153426;-0,13205;0,031594;-0,978788;-27,829855;416,799255;-488,83194;;;;;;;
1020;10,2;0,667073;-0,045003;-0,118017;-0,734208;44,233551;596,032654;66,345093;0,153412;-0,131994;0,031716;-0,978793;-27,801857;416,803955;-488,822968;;;;;;;
1021;10,21;0,667053;-0,045068;-0,118006;-0,734223;44,259579;596,034668;66,35434;0,153389;-0,132067;0,031773;-0,978785;-27,848974;416,82489;-488,824829;;;;;;;
1022;10,22;0,667039;-0,045083;-0,11802;-0,734233;44,276314;596,033752;66,360634;0,153416;-0,132141;0,031541;-0,978779;-27,835787;416,827026;-488,817566;;;;;;;
1023;10,23;0,667053;-0,044998;-0,118069;-0,734218;44,273659;596,031067;66,362602;0,153403;-0,132111;0,031412;-0,978789;-27,78927;416,838379;-488,821106;;;;;;;
1024;10,24;0,667089;-0,044973;-0,118087;-0,734184;44,26664;596,042969;66,353882;0,153385;-0,132022;0,031699;-0,978795;-27,79723;416,827942;-488,822998;;;;;;;
1025;10,25;0,667158;-0,044983;-0,118011;-0,734133;44,276241;596,069824;66,337326;0,153407;-0,132096;0,031511;-0,978787;-27,789518;416,841034;-488,832245;;;;;;;
1026;10,26;0,667229;-0,044961;-0,117934;-0,734081;44,28651;596,097351;66,3181;0,153426;-0,132155;0,031352;-0,978781;-27,781906;416,852264;-488,841003;;;;;;;
1027;10,27;0,667244;-0,044933;-0,117983;-0,734062;44,287075;596,110107;66,306831;0,153401;-0,132093;0,031571;-0,978786;-27,785805;416,853882;-488,850281;;;;;;;
1028;10,28;0,667255;-0,044918;-0,118036;-0,734044;44,289341;596,119568;66,299919;0,153405;-0,132064;0,031655;-0,978787;-27,777723;416,843018;-488,851074;;;;;;;
1029;10,29;0,667302;-0,044951;-0,117999;-0,734005;44,294678;596,131836;66,286949;0,153412;-0,132085;0,031667;-0,978783;-27,789579;416,83847;-488,851776;;;;;;;
1030;10,3;0,667356;-0,044964;-0,117944;-0,733964;44,287815;596,148621;66,277115;0,153416;-0,132153;0,031472;-0,978779;-27,798746;416,854218;-488,85614;;;;;;;
1031;10,31;0,667414;-0,044935;-0,117975;-0,733908;44,26939;596,164856;66,267921;0,153443;-0,132168;0,031365;-0,978776;-27,795284;416,844666;-488,851715;;;;;;;
1032;10,32;0,667474;-0,044919;-0,117995;-0,733852;44,254288;596,179749;66,258713;0,15344;-0,13206;0,031677;-0,978781;-27,802488;416,819427;-488,846649;;;;;;;
1033;10,33;0,667523;-0,044914;-0,11799;-0,733808;44,240303;596,191711;66,24704;0,153451;-0,132024;0,031706;-0,978784;-27,799007;416,809784;-488,841705;;;;;;;
1034;10,34;0,667541;-0,044912;-0,118003;-0,73379;44,229343;596,19989;66,241104;0,153477;-0,132059;0,031638;-0,978777;-27,819912;416,797638;-488,835754;;;;;;;
1035;10,35;0,667538;-0,044936;-0,117974;-0,733795;44,224186;596,202148;66,243011;0,153471;-0,132056;0,03175;-0,978775;-27,848888;416,793182;-488,837524;;;;;;;
1036;10,36;0,667521;-0,044967;-0,117968;-0,73381;44,221706;596,197083;66,246063;0,153483;-0,132031;0,031761;-0,978776;-27,837774;416,781738;-488,831116;;;;;;;
1037;10,37;0,667477;-0,04497;-0,117939;-0,733854;44,219166;596,182312;66,259018;0,153498;-0,132013;0,031777;-0,978775;-27,841881;416,765991;-488,818176;;;;;;;
1038;10,38;0,667396;-0,044935;-0,117961;-0,733927;44,209763;596,150757;66,278183;0,153504;-0,132015;0,031832;-0,978772;-27,870104;416,751251;-488,807312;;;;;;;
1039;10,39;0,667274;-0,044962;-0,118047;-0,734023;44,194767;596,111816;66,302597;0,153484;-0,132069;0,03172;-0,978772;-27,896135;416,767822;-488,816376;;;;;;;
1040;10,4;0,667164;-0,044995;-0,118023;-0,734124;44,177635;596,07312;66,330223;0,153464;-0,131997;0,031752;-0,978784;-27,872046;416,773315;-488,816559;;;;;;;
1041;10,41;0,667032;-0,045009;-0,117994;-0,734248;44,169643;596,035034;66,352509;0,153434;-0,132039;0,031701;-0,978784;-27,901829;416,800049;-488,824982;;;;;;;
1042;10,42;0,666859;-0,045061;-0,117937;-0,734411;44,173702;595,992371;66,383286;0,153446;-0,132069;0,031708;-0,978778;-27,923431;416,797729;-488,818878;;;;;;;
1043;10,43;0,666623;-0,04508;-0,117962;-0,73462;44,172207;595,93866;66,429611;0,153465;-0,132082;0,031664;-0,978775;-27,923597;416,791565;-488,808228;;;;;;;
1044;10,44;0,666348;-0,045036;-0,118079;-0,734853;44,180107;595,872253;66,477303;0,153465;-0,132078;0,031607;-0,978777;-27,913139;416,793182;-488,805481;;;;;;;
1045;10,45;0,666118;-0,044951;-0,118054;-0,735072;44,189884;595,80249;66,524048;0,153443;-0,132043;0,031694;-0,978783;-27,912003;416,796448;-488,805603;;;;;;;
1046;10,46;0,665877;-0,044969;-0,117948;-0,735305;44,18531;595,735352;66,572281;0,153442;-0,132032;0,031749;-0,978783;-27,926046;416,78714;-488,800232;;;;;;;
1047;10,47;0,665643;-0,045061;-0,117768;-0,735541;44,182129;595,67926;66,616547;0,153444;-0,132012;0,031735;-0,978785;-27,925053;416,77475;-488,79361;;;;;;;
1048;10,48;0,665454;-0,045134;-0,117575;-0,735738;44,190033;595,624756;66,6548;0,153462;-0,132033;0,031657;-0,978782;-27,943544;416,760101;-488,788727;;;;;;;
1049;10,49;0,665223;-0,045168;-0,117435;-0,735967;44,193344;595,553101;66,702995;0,153484;-0,132008;0,031711;-0,978781;-27,943045;416,74472;-488,784912;;;;;;;
1050;10,5;0,664914;-0,045125;-0,117427;-0,73625;44,184059;595,479858;66,758682;0,153463;-0,131983;0,031792;-0,978784;-27,941263;416,746735;-488,784454;;;;;;;
1051;10,51;0,664696;-0,045219;-0,117131;-0,736488;44,197151;595,407166;66,807869;0,153407;-0,131998;0,031662;-0,978795;-27,929251;416,795532;-488,802429;;;;;;;
1052;10,52;0,664479;-0,045246;-0,116869;-0,736724;44,222237;595,351074;66,851479;0,153408;-0,132017;0,031672;-0,978792;-27,930092;416,803345;-488,803925;;;;;;;
1053;10,53;0,664278;-0,045261;-0,11674;-0,736925;44,242046;595,301758;66,894409;0,153454;-0,131989;0,031799;-0,978785;-27,908348;416,78125;-488,797058;;;;;;;
1054;10,54;0,664089;-0,045357;-0,116641;-0,737105;44,261887;595,244507;66,944962;0,153455;-0,131931;0,031884;-0,97879;-27,871445;416,781372;-488,799103;;;;;;;
1055;10,55;0,663872;-0,045396;-0,116578;-0,737308;44,281849;595,179321;66,994675;0,153421;-0,132;0,03172;-0,978791;-27,892221;416,814209;-488,810059;;;;;;;
1056;10,56;0,663611;-0,04548;-0,116431;-0,737561;44,30957;595,108093;67,049179;0,153408;-0,132048;0,031637;-0,978789;-27,905596;416,827301;-488,814667;;;;;;;
1057;10,57;0,663342;-0,045534;-0,116376;-0,737808;44,332657;595,053345;67,102493;0,153416;-0,132008;0,031772;-0,978789;-27,897501;416,813293;-488,815369;;;;;;;
1058;10,58;0,66313;-0,04564;-0,116291;-0,738006;44,362263;595,005676;67,139984;0,153416;-0,131981;0,031822;-0,978791;-27,88822;416,817963;-488,82132;;;;;;;
1059;10,59;0,662832;-0,045668;-0,116242;-0,738279;44,387321;594,944397;67,187012;0,153445;-0,131999;0,03177;-0,978786;-27,885998;416,802094;-488,819824;;;;;;;
1060;10,6;0,662443;-0,045589;-0,116421;-0,738604;44,399582;594,857544;67,252869;0,153458;-0,131981;0,031774;-0,978786;-27,869473;416,793274;-488,815216;;;;;;;
1061;10,61;0,662091;-0,045512;-0,116448;-0,738921;44,418579;594,760681;67,331505;0,153458;-0,13197;0,031858;-0,978785;-27,879358;416,787262;-488,811401;;;;;;;
1062;10,62;0,661768;-0,045565;-0,116339;-0,739224;44,442257;594,652893;67,405823;0,153418;-0,132033;0,031766;-0,978786;-27,910561;416,825684;-488,82843;;;;;;;
1063;10,63;0,661429;-0,045722;-0,11614;-0,739549;44,427494;594,482239;67,495361;0,153431;-0,131987;0,031845;-0,978787;-27,892019;416,819824;-488,826843;;;;;;;
1064;10,64;0,661053;-0,045439;-0,116364;-0,739867;44,325523;594,190186;67,629333;0,153454;-0,131922;0,031991;-0,978788;-27,859266;416,807892;-488,825745;;;;;;;
1065;10,65;0,660628;-0,044688;-0,117208;-0,74016;44,153542;593,730835;67,804634;0,153446;-0,13198;0,031927;-0,978783;-27,87492;416,834686;-488,835449;;;;;;;
1066;10,66;0,659912;-0,043761;-0,118246;-0,740689;43,921261;593,127441;68,031433;0,15342;-0,13198;0,031933;-0,978787;-27,869564;416,836395;-488,839081;;;;;;;
1067;10,67;0,658993;-0,042487;-0,119386;-0,741397;43,67852;592,598999;68,270836;0,153419;-0,131981;0,031728;-0,978794;-27,844946;416,816589;-488,837952;;;;;;;
1068;10,68;0,658355;-0,042288;-0,11935;-0,741981;43,626205;592,288086;68,406281;0,153415;-0,131897;0,031664;-0,978808;-27,803635;416,811523;-488,836823;;;;;;;
1069;10,69;0,658041;-0,043047;-0,11848;-0,742356;43,710743;592,160339;68,474632;0,153384;-0,131936;0,031812;-0,978802;-27,839849;416,857666;-488,857147;;;;;;;
1070;10,7;0,6575;-0,043208;-0,118121;-0,742882;43,727734;592,05835;68,566811;0,153398;-0,13189;0,032163;-0,978795;-27,845715;416,858246;-488,869263;;;;;;;
1071;10,71;0,656983;-0,042814;-0,118395;-0,743319;43,683899;591,881836;68,662392;0,153399;-0,131847;0,032009;-0,978806;-27,805178;416,850555;-488,863708;;;;;;;
1072;10,72;0,656452;-0,042708;-0,118383;-0,743796;43,693104;591,704956;68,770638;0,153321;-0,131908;0,031647;-0,978822;-27,823643;416,885254;-488,863159;;;;;;;
1073;10,73;0,656081;-0,042911;-0,118093;-0,744157;43,751896;591,59137;68,86338;0,153316;-0,131963;0,031698;-0,978813;-27,867052;416,895569;-488,858887;;;;;;;
1074;10,74;0,655675;-0,043112;-0,117813;-0,744548;43,822014;591,505554;68,958923;0,153393;-0,131866;0,032205;-0,978798;-27,843073;416,843018;-488,83902;;;;;;;
1075;10,75;0,655237;-0,04323;-0,117621;-0,744957;43,881073;591,379578;69,060646;0,153369;-0,131914;0,032124;-0,978798;-27,856665;416,864288;-488,84256;;;;;;;
1076;10,76;0,6547;-0,043149;-0,117583;-0,74544;43,910263;591,199951;69,181259;0,153338;-0,132009;0,031696;-0,978804;-27,87431;416,885773;-488,835999;;;;;;;
1077;10,77;0,654059;-0,043114;-0,117464;-0,746023;43,938255;591,034424;69,314804;0,15335;-0,131977;0,031737;-0,978805;-27,841242;416,872437;-488,829254;;;;;;;
1078;10,78;0,6536;-0,043295;-0,117178;-0,74646;43,994957;590,917969;69,392845;0,153343;-0,131851;0,032168;-0,978809;-27,787682;416,876801;-488,842926;;;;;;;
1079;10,79;0,653077;-0,043602;-0,116677;-0,746978;44,05138;590,81189;69,478928;0,15336;-0,13188;0,032068;-0,978805;-27,780405;416,893677;-488,863312;;;;;;;
1080;10,8;0,652499;-0,043789;-0,116403;-0,747514;44,064022;590,658569;69,59024;0,153359;-0,131939;0,031853;-0,978805;-27,787567;416,91214;-488,877197;;;;;;;
1081;10,81;0,651903;-0,043737;-0,116423;-0,748034;44,065365;590,460571;69,709732;0,153327;-0,131914;0,031976;-0,978809;-27,778929;416,921051;-488,881836;;;;;;;
1082;10,82;0,651193;-0,043772;-0,116342;-0,748663;44,115051;590,269958;69,850296;0,153307;-0,131884;0,031976;-0,978816;-27,74703;416,937775;-488,88916;;;;;;;
1083;10,83;0,650551;-0,04398;-0,115923;-0,749274;44,195251;590,091064;69,978592;0,153331;-0,131889;0,031895;-0,978814;-27,741949;416,929413;-488,879272;;;;;;;
1084;10,84;0,649775;-0,044068;-0,11561;-0,74999;44,242249;589,869995;70,138443;0,153342;-0,131933;0,031925;-0,978806;-27,771364;416,920837;-488,86676;;;;;;;
1085;10,85;0,649172;-0,044524;-0,11554;-0,750495;44,252911;589,636292;70,345886;0,153402;-0,132073;0,031716;-0,978784;-27,809456;416,895813;-488,839569;;;;;;;
1086;10,86;0,648805;-0,044984;-0,114996;-0,750869;44,226551;589,286316;70,558044;0,153402;-0,132181;0,031551;-0,978775;-27,8477;416,917023;-488,820435;;;;;;;
1087;10,87;0,647819;-0,043841;-0,115478;-0,751714;44,008301;588,66626;70,779846;0,153323;-0,131944;0,032035;-0,978804;-27,779995;416,956116;-488,848724;;;;;;;
1088;10,88;0,64658;-0,042559;-0,117121;-0,752599;43,677807;587,886597;71,080658;0,153375;-0,131988;0,032079;-0,978788;-27,79702;416,932892;-488,856323;;;;;;;
1089;10,89;0,645254;-0,041754;-0,118097;-0,753629;43,434361;587,003174;71,397888;0,153378;-0,132055;0,032029;-0,97878;-27,845074;416,914124;-488,861847;;;;;;;
1090;10,9;0,643954;-0,040262;-0,119307;-0,754631;43,16798;586,3255;71,684593;0,15333;-0,13184;0,031949;-0,978819;-27,735994;416,89621;-488,871796;;;;;;;
1091;10,91;0,642976;-0,040055;-0,119266;-0,755482;43,112221;585,916504;71,88665;0,153296;-0,131768;0,031757;-0,978841;-27,681335;416,952362;-488,894989;;;;;;;
1092;10,92;0,64238;-0,041055;-0,118093;-0,756119;43,203571;585,647278;72,012428;0,153426;-0,131919;0,032236;-0,978784;-27,8204;416,859741;-488,870239;;;;;;;
1093;10,93;0,6413;-0,040884;-0,11814;-0,757038;43,174656;585,400696;72,172195;0,153356;-0,131983;0,032214;-0,978787;-27,857805;416,925018;-488,895844;;;;;;;
1094;10,94;0,640331;-0,040677;-0,118104;-0,757874;43,168079;585,118835;72,343933;0,153322;-0,131823;0,031799;-0,978828;-27,730633;416,940735;-488,902527;;;;;;;
1095;10,95;0,639636;-0,040875;-0,117797;-0,758498;43,236652;584,867493;72,489563;0,153288;-0,131846;0,031836;-0,978829;-27,76474;416,939392;-488,890656;;;;;;;
1096;10,96;0,638916;-0,040883;-0,11779;-0,759105;43,281765;584,662781;72,626335;0,153237;-0,131984;0,0321;-0,97881;-27,865503;416,992126;-488,89743;;;;;;;
1097;10,97;0,638226;-0,041034;-0,117723;-0,759687;43,340443;584,478455;72,768715;0,153399;-0,131891;0,032189;-0,978794;-27,800854;416,889557;-488,865784;;;;;;;
1098;10,98;0,637658;-0,041079;-0,117564;-0,760187;43,420235;584,296875;72,876518;0,153275;-0,131867;0,031965;-0,978824;-27,768141;416,964111;-488,884613;;;;;;;
1099;10,99;0,637061;-0,041089;-0,117367;-0,760717;43,465145;584,111389;72,997887;0,153275;-0,132012;0,031821;-0,978809;-27,862476;416,970734;-488,887848;;;;;;;
1100;11;0,636277;-0,041334;-0,116926;-0,761427;43,505371;583,925232;73,14666;0,153351;-0,131946;0,032188;-0,978794;-27,846859;416,916229;-488,874023;;;;;;;
1101;11,01;0,635703;-0,041606;-0,116629;-0,761937;43,557022;583,723083;73,245926;0,153336;-0,13188;0,03225;-0,978803;-27,802851;416,919037;-488,885864;;;;;;;
1102;11,02;0,635002;-0,041531;-0,116421;-0,762557;43,565216;583,499084;73,373764;0,153298;-0,131979;0,031832;-0,97881;-27,841221;416,963135;-488,905731;;;;;;;
1103;11,03;0,634289;-0,041264;-0,116339;-0,763178;43,524765;583,25647;73,517166;0,1534;-0,131987;0,031924;-0,978789;-27,870821;416,893677;-488,883545;;;;;;;
1104;11,04;0,634089;-0,04138;-0,116159;-0,763365;43,492207;582,998474;73,597923;0,153421;-0,131949;0,032258;-0,97878;-27,854216;416,87207;-488,873352;;;;;;;
1105;11,05;0,634175;-0,041972;-0,115623;-0,763343;43,479004;582,721741;73,653107;0,153323;-0,132072;0,032095;-0,978784;-27,921329;416,922394;-488,869965;;;;;;;
1106;11,06;0,633671;-0,042292;-0,115174;-0,763811;43,420338;582,390259;73,813438;0,15323;-0,132195;0,031634;-0,978797;-27,981077;416,996826;-488,877777;;;;;;;
1107;11,07;0,632409;-0,041222;-0,115696;-0,764836;43,29594;582,074463;74,039635;0,153383;-0,131962;0,031959;-0,978794;-27,843515;416,88913;-488,857574;;;;;;;
1108;11,08;0,63214;-0,041526;-0,115074;-0,765136;43,326111;581,803162;74,108986;0,153421;-0,13184;0,032369;-0,978791;-27,779739;416,868042;-488,871826;;;;;;;
1109;11,09;0,631296;-0,042411;-0,114128;-0,765925;43,41267;581,546448;74,285065;0,153314;-0,132012;0,032009;-0,978797;-27,875189;416,964233;-488,906586;;;;;;;
1110;11,1;0,63042;-0,041664;-0,114738;-0,766596;43,294853;581,263367;74,437401;0,153361;-0,13199;0,031766;-0,9788;-27,865637;416,928101;-488,897339;;;;;;;
1111;11,11;0,629595;-0,041633;-0,114721;-0,767278;43,271183;580,916077;74,572556;0,153325;-0,131826;0,032076;-0,978818;-27,775898;416,934021;-488,901917;;;;;;;
1112;11,12;0,629482;-0,042155;-0,114187;-0,767422;43,333599;580,608032;74,613174;0,153436;-0,131999;0,032181;-0,978774;-27,901833;416,851288;-488,859222;;;;;;;
1113;11,13;0,629561;-0,041917;-0,114131;-0,767379;43,333828;580,356567;74,624855;0,153355;-0,132188;0,03187;-0,978771;-28,024157;416,905884;-488,854279;;;;;;;
1114;11,14;0,628375;-0,041835;-0,114062;-0,768365;43,365673;580,106934;74,822685;0,153354;-0,132039;0,031768;-0,978795;-27,914913;416,904907;-488,87796;;;;;;;
1115;11,15;0,627835;-0,0417;-0,113828;-0,768848;43,378258;579,91272;74,916222;0,153423;-0,131953;0,032198;-0,978781;-27,879581;416,857666;-488,861908;;;;;;;
1116;11,16;0,627152;-0,042365;-0,113168;-0,769466;43,494068;579,717163;75,036705;0,153449;-0,132088;0,032235;-0,978758;-27,969036;416,860596;-488,857361;;;;;;;
1117;11,17;0,626117;-0,042646;-0,113086;-0,770305;43,568089;579,47998;75,213089;0,153402;-0,132085;0,031916;-0,978776;-27,94689;416,89444;-488,872894;;;;;;;
1118;11,18;0,625536;-0,042029;-0,113528;-0,770746;43,542744;579,237183;75,31768;0,153332;-0,132017;0,031862;-0,978798;-27,889805;416,938538;-488,88327;;;;;;;
1119;11,19;0,62443;-0,042083;-0,113061;-0,771708;43,634125;579,014343;75,509445;0,153438;-0,131958;0,032192;-0,978779;-27,876463;416,847534;-488,868134;;;;;;;
1120;11,2;0,624082;-0,042589;-0,11234;-0,772067;43,729633;578,869751;75,573456;0,153366;-0,132072;0,032101;-0,978778;-27,938808;416,922211;-488,887024;;;;;;;
1121;11,21;0,623435;-0,043002;-0,111689;-0,772661;43,82877;578,720886;75,682152;0,153395;-0,132059;0,031943;-0,97878;-27,912022;416,914398;-488,883209;;;;;;;
1122;11,22;0,62312;-0,043496;-0,110923;-0,772998;43,90144;578,447205;75,74929;0,153377;-0,132054;0,032159;-0,978776;-27,934816;416,909058;-488,861237;;;;;;;
1123;11,23;0,622207;-0,04274;-0,111645;-0,773671;43,79425;577,987488;75,898186;0,153355;-0,132086;0,032246;-0,978773;-27,955032;416,931366;-488,857086;;;;;;;
1124;11,24;0,620685;-0,041486;-0,113005;-0,774764;43,632797;577,450928;76,166397;0,153385;-0,131953;0,032201;-0,978787;-27,860083;416,879181;-488,854706;;;;;;;
1125;11,25;0,620382;-0,041829;-0,112933;-0,774998;43,639473;577,060852;76,253105;0,153282;-0,132034;0,031974;-0,9788;-27,921045;416,922089;-488,856232;;;;;;;
1126;11,26;0,619457;-0,042579;-0,111917;-0,775844;43,759888;576,900269;76,422447;0,15334;-0,132123;0,031733;-0,978787;-27,950796;416,926636;-488,862091;;;;;;;
1127;11,27;0,618845;-0,042763;-0,111464;-0,776388;43,807583;576,746338;76,517807;0,153395;-0,132034;0,032227;-0,978774;-27,908524;416,923279;-488,873505;;;;;;;
1128;11,28;0,618014;-0,042754;-0,111436;-0,777054;43,810097;576,498352;76,641754;0,153385;-0,132012;0,032542;-0,978768;-27,935207;416,887817;-488,86795;;;;;;;
1129;11,29;0,616977;-0,042728;-0,111373;-0,777888;43,829201;576,226929;76,817215;0,153281;-0,13209;0,031731;-0,978801;-27,938869;416,969299;-488,884216;;;;;;;
1130;11,3;0,61649;-0,042734;-0,111236;-0,778293;43,883598;576,022766;76,918678;0,153297;-0,132041;0,031699;-0,978806;-27,905933;416,9422;-488,860321;;;;;;;
1131;11,31;0,615659;-0,043165;-0,110804;-0,778989;44,009968;575,863159;77,08313;0,153366;-0,131919;0,032469;-0,978786;-27,877644;416,887817;-488,84317;;;;;;;
1132;11,32;0,615232;-0,043242;-0,110738;-0,779331;44,066242;575,701294;77,158592;0,153362;-0,132078;0,032412;-0,978767;-27,979265;416,904419;-488,838013;;;;;;;
1133;11,33;0,61433;-0,04303;-0,110876;-0,780035;44,096165;575,495605;77,301147;0,153312;-0,13209;0,03171;-0,978796;-27,921144;416,952148;-488,859222;;;;;;;
1134;11,34;0,613747;-0,042966;-0,110645;-0,78053;44,137558;575,285828;77,414253;0,153241;-0,131918;0,031991;-0,978821;-27,825777;416,972351;-488,864349;;;;;;;
1135;11,35;0,613358;-0,043065;-0,11028;-0,780882;44,188923;575,155518;77,481087;0,153326;-0,131993;0,032395;-0,978785;-27,884821;416,924408;-488,840363;;;;;;;
1136;11,36;0,612626;-0,043717;-0,109588;-0,781517;44,299961;575,043457;77,605545;0,153357;-0,132076;0,032172;-0,978776;-27,900461;416,944275;-488,849518;;;;;;;
1137;11,37;0,612356;-0,043886;-0,109352;-0,781752;44,331333;574,886475;77,641129;0,153307;-0,131967;0,032019;-0,978804;-27,806063;416,965363;-488,871918;;;;;;;
1138;11,38;0,611395;-0,043333;-0,109732;-0,782481;44,318615;574,694519;77,781158;0,153285;-0,132007;0,03206;-0,9788;-27,820181;416,990997;-488,886627;;;;;;;
1139;11,39;0,610796;-0,043296;-0,109559;-0,782976;44,360687;574,538208;77,870934;0,153413;-0,132118;0,032102;-0,978764;-27,876749;416,917023;-488,865021;;;;;;;
1140;11,4;0,610472;-0,043855;-0,108835;-0,783298;44,461803;574,448364;77,933609;0,153332;-0,132093;0,03201;-0,978783;-27,849651;416,972412;-488,872528;;;;;;;
1141;11,41;0,610109;-0,044368;-0,108198;-0,78364;44,587448;574,450989;78,023041;0,153404;-0,132032;0,031879;-0,978784;-27,803946;416,907623;-488,839844;;;;;;;
1142;11,42;0,610719;-0,045786;-0,106484;-0,783318;44,788635;574,47937;77,966026;0,15346;-0,132195;0,031694;-0,978759;-27,871092;416,885254;-488,80304;;;;;;;
1143;11,43;0,610542;-0,046572;-0,105418;-0,783554;44,852974;574,178345;77,944717;0,15329;-0,13231;0,031954;-0,978762;-27,944637;417,01889;-488,833679;;;;;;;
1144;11,44;0,609699;-0,045202;-0,107087;-0,784064;44,5494;573,60376;78,059578;0,153351;-0,132155;0,032329;-0,978761;-27,905874;416,963593;-488,837189;;;;;;;
1145;11,45;0,608171;-0,043602;-0,108674;-0,785122;44,303867;572,833557;78,28363;0,153382;-0,132147;0,032071;-0,978766;-27,901825;416,953156;-488,843445;;;;;;;
1146;11,46;0,607732;-0,043123;-0,109249;-0,785409;44,147312;571,971924;78,380974;0,153365;-0,132052;0,031912;-0,978787;-27,809231;416,962524;-488,854462;;;;;;;
1147;11,47;0,606234;-0,041215;-0,110819;-0,786448;43,834213;571,136719;78,615295;0,153254;-0,132187;0,031942;-0,978785;-27,895617;417,03479;-488,878662;;;;;;;
1148;11,48;0,604898;-0,040063;-0,111929;-0,787379;43,626465;570,385315;78,793388;0,153501;-0,132182;0,032055;-0,978743;-27,969975;416,861328;-488,836517;;;;;;;
1149;11,49;0,604364;-0,040087;-0,112116;-0,787761;43,594975;569,806458;78,867302;0,153308;-0,132029;0,032077;-0,978793;-27,856016;416,969543;-488,881958;;;;;;;
1150;11,5;0,602951;-0,039617;-0,111886;-0,788899;43,557262;569,51355;79,081787;0,153325;-0,132046;0,031943;-0,978793;-27,860819;416,971863;-488,901917;;;;;;;
1151;11,51;0,602413;-0,040462;-0,110735;-0,78943;43,670826;569,336914;79,163757;0,153456;-0,132229;0,031977;-0,978746;-27,995445;416,921906;-488,883606;;;;;;;
1152;11,52;0,601567;-0,041493;-0,109617;-0,790177;43,839699;569,129639;79,316216;0,15339;-0,132107;0,032419;-0,978759;-27,959316;416,936707;-488,886108;;;;;;;
1153;11,53;0,60041;-0,041008;-0,110014;-0,791026;43,804955;568,765991;79,492393;0,153298;-0,131945;0,032294;-0,978799;-27,848227;416,986664;-488,89389;;;;;;;
1154;11,54;0,599188;-0,040318;-0,110621;-0,791904;43,77121;568,403625;79,689789;0,153353;-0,132075;0,031873;-0,978787;-27,923594;416,923767;-488,856201;;;;;;;
1155;11,55;0,598337;-0,04093;-0,109654;-0,79265;43,923866;568,15332;79,852478;0,153286;-0,132173;0,031798;-0,978786;-28,000109;416,954712;-488,853027;;;;;;;
1156;11,56;0,597936;-0,041576;-0,109062;-0,793001;44,022518;567,979187;79,920319;0,153247;-0,132064;0,032148;-0,978796;-27,953562;416,997559;-488,859894;;;;;;;
1157;11,57;0,596676;-0,041506;-0,109184;-0,793936;44,019917;567,752747;80,112274;0,153473;-0,132017;0,032334;-0,97876;-27,944181;416,846161;-488,830688;;;;;;;
1158;11,58;0,596199;-0,04159;-0,108865;-0,794333;44,02187;567,460571;80,170677;0,153233;-0,132118;0,032093;-0,978792;-28,000788;417,000366;-488,882629;;;;;;;
1159;11,59;0,595372;-0,04159;-0,108449;-0,79501;44,059776;567,256958;80,278648;0,153278;-0,132048;0,031767;-0,978805;-27,921169;416,984924;-488,889374;;;;;;;
1160;11,6;0,594399;-0,041909;-0,108117;-0,795766;44,128487;567,078064;80,417297;0,153355;-0,131995;0,032099;-0,97879;-27,882904;416,964905;-488,899872;;;;;;;
1161;11,61;0,593984;-0,042214;-0,107871;-0,796094;44,186203;566,900879;80,472084;0,15342;-0,132082;0,032494;-0,978755;-27,969706;416,904327;-488,884796;;;;;;;
1162;11,62;0,592949;-0,04221;-0,107733;-0,796884;44,231033;566,670593;80,62133;0,153255;-0,132092;0,031927;-0,978798;-27,932434;417,038208;-488,929565;;;;;;;
1163;11,63;0,59221;-0,041986;-0,107778;-0,797439;44,247478;566,44165;80,729935;0,153365;-0,131955;0,031791;-0,978803;-27,824209;416,944885;-488,899017;;;;;;;
1164;11,64;0,591372;-0,042164;-0,107486;-0,79809;44,324554;566,248535;80,847794;0,153293;-0,131999;0,032261;-0,978794;-27,872425;416,989258;-488,899841;;;;;;;
1165;11,65;0,590751;-0,042787;-0,106735;-0,798618;44,430904;566,105347;80,94001;0,153348;-0,132071;0,032248;-0,978776;-27,894329;416,982483;-488,894409;;;;;;;
1166;11,66;0,59013;-0,042857;-0,106523;-0,799101;44,48785;565,956543;81,02935;0,153382;-0,132055;0,031916;-0,978783;-27,84432;416,975769;-488,893555;;;;;;;
1167;11,67;0,589245;-0,042913;-0,106487;-0,799756;44,539383;565,733521;81,155823;0,153284;-0,131994;0,032044;-0,978803;-27,814892;417,036774;-488,914429;;;;;;;
1168;11,68;0,58865;-0,042844;-0,106577;-0,800185;44,561508;565,523804;81,245888;0,153375;-0,132062;0,032272;-0,978772;-27,871023;416,968658;-488,892578;;;;;;;
1169;11,69;0,587696;-0,042936;-0,106453;-0,800898;44,638763;565,337158;81,387863;0,153329;-0,132085;0,032066;-0,978783;-27,867189;417,027954;-488,906097;;;;;;;
1170;11,7;0,587042;-0,043209;-0,105979;-0,801425;44,714645;565,117859;81,469833;0,15337;-0,13205;0,031969;-0,978784;-27,842964;416,990479;-488,905548;;;;;;;
1171;11,71;0,586223;-0,043018;-0,105771;-0,802063;44,714211;564,847351;81,581383;0,153276;-0,132076;0,032164;-0,978789;-27,894691;417,046722;-488,920349;;;;;;;
1172;11,72;0,585112;-0,04306;-0,105776;-0,802871;44,744289;564,56842;81,74147;0,153447;-0,132043;0,032256;-0,978764;-27,901348;416,912659;-488,880157;;;;;;;
1173;11,73;0,584436;-0,043737;-0,105222;-0,803399;44,853336;564,304321;81,852455;0,153262;-0,131989;0,032037;-0,978807;-27,849096;417,037628;-488,909912;;;;;;;
1174;11,74;0,583232;-0,043606;-0,105092;-0,804298;44,923859;564,031067;82,02063;0,153312;-0,131997;0,031993;-0,9788;-27,868639;417,003876;-488,894867;;;;;;;
1175;11,75;0,582283;-0,0436;-0,105031;-0,804993;44,946545;563,729004;82,151329;0,153407;-0,132047;0,032201;-0,978771;-27,918308;416,935974;-488,868561;;;;;;;
1176;11,76;0,581445;-0,043795;-0,104759;-0,805624;44,966736;563,338501;82,266243;0,153323;-0,13207;0,032092;-0,978785;-27,903296;417,023315;-488,888275;;;;;;;
1177;11,77;0,580308;-0,043379;-0,105048;-0,806428;44,889523;562,734131;82,39431;0,153347;-0,13195;0,032226;-0,978793;-27,854097;416,989136;-488,873962;;;;;;;
1178;11,78;0,579043;-0,041906;-0,106465;-0,807229;44,668846;562,012207;82,5392;0,153353;-0,131986;0,032292;-0,978785;-27,897812;416,974091;-488,861847;;;;;;;
1179;11,79;0,577767;-0,041264;-0,106996;-0,808106;44,510334;561,280884;82,67186;0,153348;-0,132064;0,032141;-0,97878;-27,930593;416,989197;-488,879089;;;;;;;
1180;11,8;0,576665;-0,040851;-0,10739;-0,808861;44,437218;560,644592;82,78392;0,153235;-0,131965;0,032231;-0,978808;-27,867933;417,058838;-488,907471;;;;;;;
1181;11,81;0,575146;-0,03994;-0,108079;-0,809896;44,364464;560,209045;82,989532;0,153338;-0,131965;0,032255;-0,978791;-27,896784;416,963562;-488,892029;;;;;;;
1182;11,82;0,574289;-0,040666;-0,106977;-0,810614;44,506668;559,95166;83,108208;0,153273;-0,132007;0,032003;-0,978804;-27,902197;417,029266;-488,911011;;;;;;;
1183;11,83;0,573695;-0,041795;-0,105631;-0,811153;44,706459;559,838318;83,206116;0,153349;-0,131938;0,032252;-0,978793;-27,888689;416,939026;-488,874908;;;;;;;
1184;11,84;0,573362;-0,042636;-0,104611;-0,811477;44,853252;559,750122;83,253632;0,153302;-0,132018;0,032313;-0,978788;-27,957705;416,933624;-488,847961;;;;;;;
1185;11,85;0,573351;-0,04397;-0,103492;-0,811557;44,995361;559,472656;83,203537;0,153159;-0,132069;0,031938;-0,978816;-27,953636;417,062347;-488,855652;;;;;;;
1186;11,86;0,571454;-0,042414;-0,104648;-0,812829;44,850639;559,091919;83,45752;0,153344;-0,131931;0,032183;-0,978797;-27,863283;416,930847;-488,820343;;;;;;;
1187;11,87;0,570681;-0,041644;-0,104936;-0,813374;44,733589;558,71051;83,541;0,153365;-0,131855;0,032477;-0,978795;-27,828001;416,93103;-488,827942;;;;;;;
1188;11,88;0,570676;-0,043476;-0,10309;-0,813518;44,947826;558,357605;83,518188;0,1534;-0,132035;0,032216;-0,978773;-27,935341;416,902435;-488,799683;;;;;;;
1189;11,89;0,570943;-0,043678;-0,10254;-0,813389;44,994122;557,967163;83,424858;0,153329;-0,132195;0,03169;-0,97878;-27,963196;416,950531;-488,787323;;;;;;;
1190;11,9;0,570046;-0,042915;-0,103267;-0,813967;44,825439;557,28125;83,448769;0,153112;-0,132057;0,031687;-0,978833;-27,832609;417,131104;-488,865082;;;;;;;
1191;11,91;0,567337;-0,040538;-0,105032;-0,815753;44,531296;556,515442;83,773125;0,153474;-0,132048;0,032541;-0,978749;-27,95886;416,832214;-488,789368;;;;;;;
1192;11,92;0,567468;-0,040577;-0,104951;-0,815671;44,443821;555,880676;83,678879;0,153326;-0,132125;0,031985;-0,97878;-27,926231;416,979675;-488,840942;;;;;;;
1193;11,93;0,565686;-0,040945;-0,104676;-0,816925;44,490417;555,212524;83,891739;0,153234;-0,131818;0,031866;-0,97884;-27,718126;417,030762;-488,884674;;;;;;;
1194;11,94;0,564393;-0,039142;-0,106205;-0,817709;44,267574;554,784668;84,048126;0,153369;-0,131959;0,032256;-0,978787;-27,877453;416,902985;-488,846161;;;;;;;
1195;11,95;0,563694;-0,03997;-0,105455;-0,818248;44,378693;554,501038;84,125534;0,153249;-0,132079;0,032124;-0,978794;-27,954208;417,017975;-488,861511;;;;;;;
1196;11,96;0,562759;-0,041601;-0,103975;-0,819;44,643677;554,30658;84,284927;0,15335;-0,13181;0,032004;-0,978818;-27,763546;416,944275;-488,849762;;;;;;;
1197;11,97;0,562266;-0,040458;-0,104835;-0,819286;44,547634;554,065247;84,33564;0,153197;-0,131975;0,032032;-0,978819;-27,870632;417,077057;-488,868103;;;;;;;
1198;11,98;0,560559;-0,040422;-0,104923;-0,820445;44,581089;553,650513;84,578949;0,153401;-0,13204;0,032461;-0,978764;-27,985119;416,862213;-488,802856;;;;;;;
1199;11,99;0,560317;-0,041002;-0,104419;-0,820646;44,684044;553,408508;84,605652;0,153143;-0,132032;0,031751;-0,978829;-27,889898;417,065674;-488,8573;;;;;;;
1200;12;0,559358;-0,041206;-0,10393;-0,821352;44,786549;553,204102;84,731255;0,153142;-0,131988;0,031714;-0,978837;-27,843897;417,105438;-488,86203;;;;;;;
1201;12,01;0,558228;-0,041138;-0,103789;-0,822142;44,824619;552,960205;84,875298;0,153498;-0,132038;0,032686;-0,978742;-27,959904;416,824402;-488,790283;;;;;;;
1202;12,02;0,557934;-0,041165;-0,103842;-0,822333;44,821815;552,705383;84,86219;0,153122;-0,1321;0,032253;-0,978807;-27,933847;417,119446;-488,880524;;;;;;;
1203;12,03;0,556332;-0,041198;-0,103508;-0,823458;44,890141;552,414307;85,065742;0,153309;-0,131833;0,031614;-0,978835;-27,715261;417,003693;-488,87796;;;;;;;
1204;12,04;0,555821;-0,041237;-0,103238;-0,823835;44,899612;552,160889;85,10627;0,153194;-0,131857;0,03232;-0,978826;-27,788435;417,056915;-488,885986;;;;;;;
1205;12,05;0,554733;-0,041621;-0,102905;-0,82459;44,954174;551,875366;85,236084;0,153434;-0,132121;0,032528;-0,978746;-27,943947;416,930237;-488,86145;;;;;;;
1206;12,06;0,553784;-0,041987;-0,102646;-0,825242;45,015373;551,626404;85,354225;0,153276;-0,131909;0,03213;-0,978813;-27,757956;417,044495;-488,90686;;;;;;;
1207;12,07;0,553539;-0,042254;-0,102145;-0,825455;45,087704;551,444397;85,396027;0,153336;-0,131855;0,031731;-0,978824;-27,679596;416,989319;-488,868439;;;;;;;
1208;12,08;0,553017;-0,043216;-0,101002;-0,825895;45,258236;551,252502;85,502724;0,153338;-0,132048;0,0321;-0,978785;-27,821566;416,972321;-488,834015;;;;;;;
1209;12,09;0,552413;-0,043594;-0,100534;-0,826337;45,288342;550,965454;85,58197;0,153321;-0,132116;0,032076;-0,978779;-27,806118;417,036011;-488,85437;;;;;;;
1210;12,1;0,550704;-0,04303;-0,100998;-0,827449;45,224628;550,559326;85,795326;0,153345;-0,131998;0,032032;-0,978793;-27,747177;416,996948;-488,851074;;;;;;;
1211;12,11;0,549986;-0,043526;-0,100586;-0,827951;45,317669;550,094543;85,851791;0,153212;-0,132165;0,031578;-0,978806;-27,799864;417,101257;-488,872681;;;;;;;
1212;12,12;0,548607;-0,043246;-0,100565;-0,828883;45,33316;549,601685;85,998062;0,153277;-0,132093;0,031933;-0,978794;-27,812302;417,029907;-488,845703;;;;;;;
1213;12,13;0,547163;-0,042179;-0,10149;-0,829779;45,22121;549,130188;86,165245;0,153261;-0,132104;0,031921;-0,978796;-27,782295;417,050842;-488,844391;;;;;;;
1214;12,14;0,546561;-0,042787;-0,101201;-0,83018;45,278862;548,723572;86,215195;0,153309;-0,132146;0,031642;-0,978791;-27,797358;417,009766;-488,830902;;;;;;;
1215;12,15;0,545452;-0,043255;-0,100694;-0,830947;45,351318;548,40448;86,350632;0,153158;-0,132147;0,03152;-0,978819;-27,801197;417,13559;-488,862946;;;;;;;
1216;12,16;0,544413;-0,042899;-0,100737;-0,831641;45,325638;548,124329;86,47168;0,153347;-0,131975;0,032242;-0,978789;-27,769037;416,987396;-488,825195;;;;;;;
1217;12,17;0,543311;-0,043606;-0,100075;-0,832404;45,42334;547,766052;86,594788;0,15318;-0,132134;0,032077;-0,978799;-27,806919;417,115479;-488,859009;;;;;;;
1218;12,18;0,542145;-0,044073;-0,099607;-0,833196;45,494316;547,437866;86,724365;0,153173;-0,132214;0,031343;-0,978813;-27,800909;417,142578;-488,855591;;;;;;;
1219;12,19;0,540894;-0,043883;-0,099678;-0,83401;45,496658;547,078979;86,848099;0,153204;-0,132127;0,031423;-0,978818;-27,753662;417,110199;-488,842651;;;;;;;
1220;12,2;0,53989;-0,043872;-0,099507;-0,834681;45,486385;546,605652;86,939682;0,153229;-0,132007;0,03229;-0,978802;-27,773588;417,080597;-488,838135;;;;;;;
1221;12,21;0,53908;-0,0431;-0,099974;-0,835189;45,343071;545,959106;86,968567;0,153241;-0,132122;0,032228;-0,978786;-27,834044;417,089691;-488,833832;;;;;;;
1222;12,22;0,537538;-0,041275;-0,10143;-0,836099;45,048557;545,210266;87,077538;0,153231;-0,132015;0,031946;-0,978811;-27,787462;417,093628;-488,841858;;;;;;;
1223;12,23;0,536416;-0,040215;-0,102263;-0,836769;44,839062;544,477173;87,135933;0,153232;-0,1319;0,032094;-0,978822;-27,724598;417,068115;-488,844513;;;;;;;
1224;12,24;0,535488;-0,039866;-0,10256;-0,837344;44,715317;543,80072;87,152802;0,153234;-0,131994;0,032505;-0,978795;-27,837553;417,076782;-488,831329;;;;;;;
1225;12,25;0,534622;-0,039069;-0,102634;-0,837925;44,575439;543,259705;87,188156;0,153356;-0,132119;0,032266;-0,978767;-27,898901;416,942657;-488,783356;;;;;;;
1226;12,26;0,535254;-0,039708;-0,101476;-0,837633;44,652855;542,875;86,914604;0,153256;-0,132194;0,031189;-0,978808;-27,840759;417,005615;-488,780579;;;;;;;
1227;12,27;0,536404;-0,041396;-0,099158;-0,837093;44,875633;542,457581;86,441444;0,153069;-0,132223;0,031344;-0,978828;-27,8908;417,139313;-488,818207;;;;;;;
1228;12,28;0,535116;-0,039742;-0,099828;-0,837918;44,803143;542,016479;86,396164;0,153287;-0,132133;0,03243;-0,978771;-27,914383;416,961182;-488,794678;;;;;;;
1229;12,29;0,533495;-0,039154;-0,100239;-0,838929;44,715794;541,611145;86,526505;0,153369;-0,132102;0,032001;-0,978776;-27,834154;416,933105;-488,787537;;;;;;;
1230;12,3;0,532666;-0,040929;-0,098516;-0,839575;44,881447;541,324402;86,608963;0,153186;-0,132062;0,031222;-0,978835;-27,772726;417,078094;-488,83194;;;;;;;
1231;12,31;0,531708;-0,041275;-0,097613;-0,840271;44,946316;541,070557;86,695595;0,153268;-0,132221;0,031394;-0,978796;-27,825315;417,080414;-488,831146;;;;;;;
1232;12,32;0,530275;-0,0403;-0,097922;-0,841187;44,887058;540,73407;86,827103;0,153421;-0,132168;0,032424;-0,978745;-27,867596;416,946533;-488,806183;;;;;;;
1233;12,33;0,529369;-0,040511;-0,097797;-0,841762;44,919735;540,40564;86,891541;0,153321;-0,132147;0,03153;-0,978793;-27,77877;417,040222;-488,840515;;;;;;;
1234;12,34;0,528202;-0,041167;-0,097077;-0,842546;45,024754;540,101318;86,996605;0,15322;-0,132235;0,030882;-0,978818;-27,807228;417,114563;-488,84903;;;;;;;
1235;12,35;0,527044;-0,041305;-0,096593;-0,84332;45,076782;539,77655;87,114777;0,153358;-0,132227;0,031936;-0,978763;-27,876194;416,998535;-488,809082;;;;;;;
1236;12,36;0,525829;-0,040931;-0,096505;-0,844106;45,075607;539,426697;87,208092;0,153331;-0,132154;0,032445;-0,978761;-27,863527;416,997925;-488,810211;;;;;;;
1237;12,37;0,524678;-0,041188;-0,096118;-0,844854;45,129414;539,08313;87,302429;0,153234;-0,132197;0,031216;-0,97881;-27,801819;417,091675;-488,839935;;;;;;;
1238;12,38;0,52369;-0,041357;-0,095758;-0,845499;45,146671;538,773254;87,386566;0,153276;-0,132282;0,03101;-0,978798;-27,851234;417,069122;-488,823547;;;;;;;
1239;12,39;0,522569;-0,041285;-0,095337;-0,846244;45,138947;538,472961;87,494164;0,153389;-0,132174;0,0322;-0,978757;-27,866732;416,985168;-488,806274;;;;;;;
1240;12,4;0,521583;-0,04161;-0,094772;-0,846899;45,167309;538,195496;87,560013;0,153385;-0,132081;0,032329;-0,978766;-27,837214;416,996246;-488,817688;;;;;;;
1241;12,41;0,520374;-0,042054;-0,094296;-0,847674;45,184841;537,856201;87,650681;0,153289;-0,132016;0,031639;-0,978812;-27,801929;417,065094;-488,846436;;;;;;;
1242;12,42;0,518955;-0,041856;-0,094236;-0,848559;45,160568;537,424927;87,761536;0,153296;-0,132024;0,031895;-0,978802;-27,823828;417,041962;-488,846161;;;;;;;
1243;12,43;0,517589;-0,041524;-0,09397;-0,849439;45,134018;536,957275;87,84832;0,153432;-0,132018;0,032532;-0,97876;-27,843695;416,947327;-488,814819;;;;;;;
1244;12,44;0,516202;-0,041507;-0,093676;-0,850316;45,144012;536,454224;87,936752;0,15341;-0,132134;0,031909;-0,978769;-27,857702;416,98114;-488,824677;;;;;;;
1245;12,45;0,514849;-0,041239;-0,093787;-0,851137;45,103134;535,927734;88,035332;0,153264;-0,132067;0,03155;-0,978812;-27,846121;417,045898;-488,848755;;;;;;;
1246;12,46;0,513545;-0,041002;-0,093851;-0,851929;45,05518;535,370178;88,108589;0,153323;-0,132024;0,031892;-0,978797;-27,827488;417,003387;-488,832489;;;;;;;
1247;12,47;0,512188;-0,040618;-0,093815;-0,852767;44,987137;534,815796;88,163193;0,15342;-0,132105;0,032185;-0,978762;-27,864988;416,953125;-488,812927;;;;;;;
1248;12,48;0,510773;-0,039914;-0,093807;-0,85365;44,883457;534,31012;88,247093;0,153309;-0,13199;0,032057;-0,978799;-27,852156;416,992188;-488,82724;;;;;;;
1249;12,49;0,509456;-0,03999;-0,093391;-0,854478;44,876629;533,896057;88,345734;0,153278;-0,132037;0,031524;-0,978815;-27,863825;417,025208;-488,83902;;;;;;;
1250;12,5;0,508348;-0,040626;-0,09266;-0,855188;44,949139;533,574524;88,427696;0,15333;-0,13191;0,032222;-0,978801;-27,828157;416,980103;-488,825958;;;;;;;
1251;12,51;0,507055;-0,040609;-0,092303;-0,855995;44,985016;533,2453;88,522064;0,153403;-0,131979;0,032625;-0,978767;-27,915911;416,936493;-488,809174;;;;;;;
1252;12,52;0,505782;-0,040545;-0,092014;-0,856781;44,950481;532,859192;88,59845;0,153352;-0,13202;0,031949;-0,978792;-27,902029;416,983093;-488,826447;;;;;;;
1253;12,53;0,504482;-0,0406;-0,091746;-0,857573;44,933407;532,455444;88,689194;0,153296;-0,132016;0,031687;-0,97881;-27,896418;417,015625;-488,843445;;;;;;;
1254;12,54;0,503752;-0,041132;-0,091142;-0,858042;44,991226;532,108521;88,741173;0,153336;-0,131959;0,032387;-0,978788;-27,911097;416,954926;-488,817932;;;;;;;
1255;12,55;0,504074;-0,042318;-0,08997;-0,857918;45,091011;531,811218;88,680328;0,153402;-0,132062;0,032248;-0,978768;-27,945501;416,890198;-488,786591;;;;;;;
1256;12,56;0,504028;-0,043352;-0,088825;-0,858013;45,113018;531,418274;88,634605;0,153253;-0,13219;0,0312;-0,978808;-27,924597;417,023254;-488,822449;;;;;;;
1257;12,57;0,502182;-0,04241;-0,089236;-0,859099;44,97184;530,851196;88,731445;0,153232;-0,132097;0,031786;-0,978805;-27,961124;417,010864;-488,828369;;;;;;;
1258;12,58;0,500682;-0,041242;-0,090089;-0,859942;44,820808;530,331665;88,81369;0,153439;-0,131968;0,032581;-0,978764;-27,920782;416,84967;-488,784668;;;;;;;
1259;12,59;0,499688;-0,042231;-0,088919;-0,860594;44,90527;529,944092;88,863609;0,153252;-0,131947;0,032112;-0,978812;-27,88146;416,971039;-488,830017;;;;;;;
1260;12,6;0,498473;-0,042621;-0,088132;-0,86136;44,978775;529,661194;88,952072;0,153262;-0,132016;0,031366;-0,978825;-27,870584;417,011932;-488,832031;;;;;;;
1261;12,61;0,497434;-0,042283;-0,088058;-0,861985;44,918819;529,339905;89,00383;0,153384;-0,131879;0,03248;-0,978788;-27,869366;416,899689;-488,798096;;;;;;;
1262;12,62;0,496121;-0,042375;-0,087877;-0,862755;44,920975;528,989746;89,082344;0,153398;-0,131945;0,032752;-0,978768;-27,905155;416,881042;-488,804688;;;;;;;
1263;12,63;0,495433;-0,042796;-0,087175;-0,863201;44,966904;528,757629;89,105591;0,153243;-0,131962;0,031571;-0,978829;-27,818129;417,041687;-488,851227;;;;;;;
1264;12,64;0,494363;-0,04295;-0,086627;-0,863861;45,005592;528,488098;89,176628;0,153336;-0,132074;0,031624;-0,978797;-27,896757;416,975037;-488,838959;;;;;;;
1265;12,65;0,493452;-0,042611;-0,086675;-0,864394;44,981827;528,199463;89,221718;0,153355;-0,132006;0,032699;-0,978768;-27,920065;416,934326;-488,830078;;;;;;;
1266;12,66;0,49268;-0,042608;-0,086653;-0,864837;44,975964;527,944092;89,245316;0,153321;-0,131972;0,032296;-0,978792;-27,87394;416,978729;-488,84494;;;;;;;
1267;12,67;0,491645;-0,042863;-0,086268;-0,865451;44,99699;527,686401;89,303902;0,153304;-0,131988;0,03149;-0,978819;-27,830959;416,999908;-488,860352;;;;;;;
1268;12,68;0,491073;-0,042951;-0,085737;-0,865825;44,974888;527,443115;89,320068;0,153267;-0,131947;0,032099;-0,97881;-27,849127;417,016571;-488,857635;;;;;;;
1269;12,69;0,49007;-0,042916;-0,08556;-0,866412;44,947666;527,181946;89,393867;0,153406;-0,131968;0,032727;-0,978764;-27,90773;416,907623;-488,82312;;;;;;;
1270;12,7;0,489227;-0,043001;-0,085347;-0,866904;44,960793;526,938477;89,428513;0,153323;-0,131927;0,031991;-0,978807;-27,816797;416,997528;-488,846527;;;;;;;
1271;12,71;0,488362;-0,043012;-0,085064;-0,86742;44,966721;526,673584;89,462242;0,153229;-0,132025;0,03158;-0,978822;-27,863287;417,061829;-488,864014;;;;;;;
1272;12,72;0,487257;-0,042777;-0,08485;-0,868073;44,945908;526,379822;89,535957;0,153333;-0,131986;0,032317;-0,978787;-27,878448;416,987061;-488,841461;;;;;;;
1273;12,73;0,486507;-0,04303;-0,084324;-0,868533;44,950516;526,092224;89,549667;0,153403;-0,131944;0,032506;-0,978776;-27,829935;416,952911;-488,832703;;;;;;;
1274;12,74;0,485434;-0,043234;-0,083867;-0,869167;44,961872;525,737;89,596733;0,15324;-0,131946;0,03176;-0,978825;-27,771559;417,08316;-488,874786;;;;;;;
1275;12,75;0,484384;-0,043007;-0,083758;-0,869774;44,918926;525,35144;89,637787;0,153297;-0,131995;0,031707;-0,978812;-27,808804;417,037262;-488,858887;;;;;;;
1276;12,76;0,483349;-0,042914;-0,083655;-0,870364;44,880695;524,926086;89,663551;0,153388;-0,132026;0,032341;-0,978772;-27,85487;416,977997;-488,837952;;;;;;;
1277;12,77;0,482143;-0,042759;-0,083605;-0,871045;44,825863;524,468872;89,681526;0,153334;-0,132033;0,032321;-0,978781;-27,846634;417,031219;-488,860992;;;;;;;
1278;12,78;0,48104;-0,042331;-0,08376;-0,871661;44,706543;524,011169;89,713112;0,153334;-0,13204;0,031734;-0,978799;-27,80747;417,036652;-488,85675;;;;;;;
1279;12,79;0,48033;-0,042568;-0,083368;-0,872078;44,649048;523,602966;89,811714;0,153373;-0,132006;0,031939;-0,978791;-27,807699;416,986328;-488,825317;;;;;;;
1280;12,8;0,480076;-0,043839;-0,082477;-0,87224;44,690075;523,277588;89,858955;0,153323;-0,131899;0,03256;-0,978792;-27,797743;416,989258;-488,816803;;;;;;;
1281;12,81;0,478584;-0,043393;-0,082215;-0,873107;44,603756;522,905823;89,947723;0,153243;-0,131963;0,032196;-0,978808;-27,793022;417,09613;-488,843445;;;;;;;
1282;12,82;0,477158;-0,043056;-0,081925;-0,873931;44,514328;522,482971;90,011665;0,153364;-0,131993;0,032112;-0,978788;-27,820398;417,023712;-488,828247;;;;;;;
1283;12,83;0,475823;-0,044005;-0,081026;-0,874695;44,600285;522,014282;90,063637;0,153261;-0,131929;0,032459;-0,978801;-27,799681;417,077026;-488,846436;;;;;;;
1284;12,84;0,474597;-0,043834;-0,080807;-0,875389;44,564587;521,522461;90,10791;0,153336;-0,131925;0,032481;-0,978789;-27,80937;417,034943;-488,825684;;;;;;;
1285;12,85;0,473982;-0,043397;-0,080886;-0,875737;44,465858;520,960083;90,076736;0,153351;-0,131972;0,032145;-0,978792;-27,802288;417,005615;-488,81012;;;;;;;
1286;12,86;0,472879;-0,043869;-0,080428;-0,876352;44,419014;520,387695;90,08326;0,153186;-0,132002;0,031892;-0,978822;-27,801418;417,127258;-488,852966;;;;;;;
1287;12,87;0,471659;-0,043832;-0,080284;-0,877024;44,340759;519,827515;90,079666;0,15321;-0,132109;0,032215;-0,978793;-27,898294;417,105927;-488,837646;;;;;;;
1288;12,88;0,470105;-0,043059;-0,080622;-0,877865;44,202427;519,215271;90,108994;0,153348;-0,132048;0,032292;-0,978777;-27,846043;417,02774;-488,814117;;;;;;;
1289;12,89;0,468836;-0,042537;-0,080651;-0,878567;44,105526;518,645996;90,119003;0,153271;-0,132061;0,031875;-0,978801;-27,808031;417,078491;-488,835663;;;;;;;
1290;12,9;0,467699;-0,042827;-0,080135;-0,879205;44,076122;518,1297;90,098152;0,15321;-0,132042;0,031988;-0,97881;-27,869526;417,132294;-488,842346;;;;;;;
1291;12,91;0,465934;-0,042002;-0,080753;-0,880125;43,967064;517,64447;90,186157;0,153349;-0,132004;0,032538;-0,978775;-27,877583;416,992432;-488,802979;;;;;;;
1292;12,92;0,464891;-0,042113;-0,080366;-0,880706;43,952911;517,277832;90,2174;0,153241;-0,131997;0,032172;-0,978805;-27,832207;417,100891;-488,837219;;;;;;;
1293;12,93;0,463995;-0,042792;-0,079491;-0,881225;44,05125;516,957214;90,250938;0,153174;-0,132026;0,031733;-0,978826;-27,828875;417,168243;-488,855774;;;;;;;
1294;12,94;0,462777;-0,042472;-0,07947;-0,881884;44,034332;516,645325;90,331787;0,153356;-0,131933;0,032368;-0,978789;-27,84713;417,008026;-488,809692;;;;;;;
1295;12,95;0,461782;-0,04247;-0,079446;-0,882407;44,002892;516,279419;90,343575;0,153263;-0,131955;0,032728;-0,978789;-27,893728;417,075623;-488,831299;;;;;;;
1296;12,96;0,460613;-0,042884;-0,078983;-0,883039;44,05978;515,962341;90,405212;0,153355;-0,131929;0,032205;-0,978795;-27,822233;417,026337;-488,827515;;;;;;;
1297;12,97;0,459523;-0,043168;-0,078604;-0,883627;44,116859;515,677734;90,441032;0,153222;-0,132003;0,032014;-0,978812;-27,840019;417,130463;-488,859009;;;;;;;
1298;12,98;0,458381;-0,043315;-0,07835;-0,884235;44,142975;515,359436;90,493141;0,153358;-0,132032;0,032448;-0,978773;-27,876839;417,039215;-488,835266;;;;;;;
1299;12,99;0,45713;-0,043332;-0,078238;-0,884892;44,179405;515,021484;90,557648;0,153277;-0,132028;0,0325;-0,978784;-27,877024;417,087799;-488,856232;;;;;;;
1300;13;0,456132;-0,043687;-0,077793;-0,885428;44,235191;514,677856;90,609558;0,153278;-0,132013;0,032032;-0,978802;-27,841776;417,094391;-488,855133;;;;;;;
1301;13,01;0,45484;-0,043702;-0,077535;-0,886114;44,258446;514,307251;90,666534;0,153269;-0,132016;0,032178;-0,978798;-27,855974;417,096436;-488,847687;;;;;;;
1302;13,02;0,453789;-0,043728;-0,077435;-0,886661;44,247486;513,886963;90,660255;0,153368;-0,13208;0,032498;-0,978763;-27,892559;417,043579;-488,832001;;;;;;;
1303;13,03;0,452706;-0,043415;-0,077453;-0,887228;44,165745;513,356201;90,60363;0,153354;-0,132138;0,032357;-0,978762;-27,905289;417,048615;-488,830933;;;;;;;
1304;13,04;0,452586;-0,043089;-0,07723;-0,887324;44,054844;512,821411;90,395653;0,15331;-0,132295;0,031537;-0,978774;-27,892857;417,05304;-488,810059;;;;;;;
1305;13,05;0,452986;-0,043269;-0,076753;-0,887153;43,994339;512,153137;90,072266;0,15324;-0,132281;0,031218;-0,978798;-27,829193;417,109314;-488,798615;;;;;;;
1306;13,06;0,450498;-0,040917;-0,077987;-0,888423;43,597771;511,256805;90,099922;0,153164;-0,132103;0,03191;-0,978811;-27,757406;417,169983;-488,841064;;;;;;;
1307;13,07;0,448682;-0,038924;-0,079087;-0,889334;43,206444;510,510864;90,036263;0,153352;-0,132216;0,032251;-0,978755;-27,857159;417,027893;-488,81543;;;;;;;
1308;13,08;0,448157;-0,041034;-0,077809;-0,889616;43,306797;509,810699;89,794312;0,153109;-0,132272;0,031659;-0,978805;-27,85264;417,264771;-488,873016;;;;;;;
1309;13,09;0,445782;-0,039227;-0,078438;-0,890835;43,083992;509,149536;89,893616;0,153204;-0,131949;0,032186;-0,978817;-27,715885;417,131317;-488,862122;;;;;;;
1310;13,1;0,444662;-0,037526;-0,079324;-0,891389;42,814407;508,610901;89,81311;0,153267;-0,132207;0,032186;-0,978772;-27,835299;417,158478;-488,867401;;;;;;;
1311;13,11;0,443458;-0,039387;-0,078015;-0,892024;42,960999;508,035645;89,75267;0,153188;-0,132332;0,03215;-0,978769;-27,909472;417,204193;-488,881653;;;;;;;
1312;13,12;0,44199;-0,038355;-0,078506;-0,892754;42,846741;507,664551;89,804871;0,153211;-0,132122;0,031746;-0,978806;-27,736692;417,189392;-488,895844;;;;;;;
1313;13,13;0,440857;-0,037722;-0,07848;-0,893344;42,784954;507,312531;89,795807;0,153191;-0,132089;0,031925;-0,978808;-27,747076;417,229309;-488,920807;;;;;;;
1314;13,14;0,439711;-0,039086;-0,077037;-0,893975;42,981079;507,01947;89,875557;0,153322;-0,132348;0,032291;-0,978741;-27,934019;417,111115;-488,886993;;;;;;;
1315;13,15;0,438996;-0,039275;-0,076734;-0,894344;42,985565;506,755463;89,863289;0,153039;-0,132209;0,032172;-0,978808;-27,892344;417,31601;-488,933929;;;;;;;
1316;13,16;0,437364;-0,038855;-0,076895;-0,895148;42,887417;506,355988;89,93898;0,153332;-0,131935;0,031924;-0,978807;-27,704544;417,089661;-488,877472;;;;;;;
1317;13,17;0,436389;-0,039033;-0,076499;-0,89565;42,894871;506,022217;89,960243;0,153139;-0,13205;0,032438;-0,978805;-27,849977;417,189056;-488,897125;;;;;;;
1318;13,18;0,4355;-0,039305;-0,075925;-0,896119;42,93203;505,798584;89,968979;0,153194;-0,132158;0,032349;-0,978785;-27,923302;417,192047;-488,888123;;;;;;;
1319;13,19;0,4344;-0,039717;-0,075282;-0,896689;42,970901;505,615601;90,049454;0,153238;-0,131949;0,032234;-0,97881;-27,770649;417,161346;-488,893768;;;;;;;
1320;13,2;0,434556;-0,041337;-0,074046;-0,896644;43,110241;505,491272;89,983498;0,153124;-0,131977;0,032283;-0,978822;-27,816225;417,191132;-488,890503;;;;;;;
1321;13,21;0,433486;-0,042171;-0,072895;-0,897217;43,184093;505,21344;90,007385;0,153079;-0,132072;0,032172;-0,97882;-27,87981;417,241943;-488,903046;;;;;;;
1322;13,22;0,431659;-0,040755;-0,073279;-0,898131;43,045086;504,808136;90,06633;0,153277;-0,132037;0,032343;-0,978788;-27,844606;417,14798;-488,89682;;;;;;;
1323;13,23;0,430578;-0,040815;-0,073068;-0,898665;43,007683;504,376068;90,02684;0,153176;-0,131967;0,032676;-0,978802;-27,842434;417,158813;-488,913422;;;;;;;
1324;13,24;0,428999;-0,041833;-0,072399;-0,899427;43,125801;503,97403;90,089088;0,153083;-0,132006;0,032101;-0,978831;-27,861349;417,26062;-488,942688;;;;;;;
1325;13,25;0,428098;-0,041922;-0,072178;-0,899869;43,141582;503,663361;90,102554;0,153263;-0,132069;0,032135;-0,978793;-27,890503;417,138428;-488,909088;;;;;;;
1326;13,26;0,426716;-0,041651;-0,071838;-0,900566;43,120274;503,297333;90,16774;0,153028;-0,132016;0,032699;-0,978818;-27,891169;417,301208;-488,956573;;;;;;;
1327;13,27;0,425627;-0,041963;-0,071465;-0,901096;43,148754;502,949402;90,163811;0,153167;-0,132066;0,032374;-0,978801;-27,905321;417,19986;-488,926331;;;;;;;
1328;13,28;0,424525;-0,042183;-0,071218;-0,901625;43,168499;502,672089;90,203766;0,153109;-0,132049;0,031871;-0,978828;-27,856003;417,271057;-488,92691;;;;;;;
1329;13,29;0,42325;-0,042601;-0,070768;-0,90224;43,205929;502,33905;90,24572;0,153159;-0,132013;0,032384;-0,978809;-27,844963;417,240387;-488,928925;;;;;;;
1330;13,3;0,422346;-0,042384;-0,070527;-0,902692;43,197224;502,062073;90,241447;0,153124;-0,131973;0,032972;-0,9788;-27,903221;417,225494;-488,926575;;;;;;;
1331;13,31;0,420934;-0,042456;-0,070103;-0,903381;43,248539;501,794983;90,315979;0,153139;-0,132065;0,032145;-0,978813;-27,903994;417,237946;-488,928131;;;;;;;
1332;13,32;0,420561;-0,043909;-0,06911;-0,903562;43,460449;501,668091;90,328796;0,153246;-0,131993;0,032009;-0,97881;-27,840317;417,123779;-488,897217;;;;;;;
1333;13,33;0,420731;-0,045802;-0,067755;-0,903491;43,695423;501,54715;90,22937;0,153186;-0,131989;0,032601;-0,9788;-27,893749;417,121948;-488,859711;;;;;;;
1334;13,34;0,42081;-0,046255;-0,066899;-0,903495;43,708866;501,257172;89,997566;0,153293;-0,132118;0,032173;-0,97878;-27,922058;417,023773;-488,83786;;;;;;;
1335;13,35;0,420297;-0,046096;-0,066459;-0,903775;43,573635;500,758698;89,805687;0,152936;-0,132043;0,031685;-0,978862;-27,827274;417,3078;-488,929138;;;;;;;
1336;13,36;0,417713;-0,044912;-0,066879;-0,905001;43,433353;500,265137;89,935608;0,153273;-0,132022;0,032129;-0,978798;-27,820309;417,102692;-488,880157;;;;;;;
1337;13,37;0,416997;-0,045742;-0,066184;-0,90534;43,502136;499,974182;89,872391;0,153194;-0,132187;0,032415;-0,978779;-27,911972;417,185181;-488,89209;;;;;;;
1338;13,38;0,415365;-0,047062;-0,064759;-0,906125;43,667217;499,61496;89,929268;0,153141;-0,132047;0,032225;-0,978812;-27,891872;417,211121;-488,895996;;;;;;;
1339;13,39;0,413774;-0,046339;-0,064658;-0,906898;43,543217;499,149292;89,940887;0,153168;-0,131923;0,032054;-0,97883;-27,788195;417,210144;-488,910492;;;;;;;
1340;13,4;0,412385;-0,045692;-0,064901;-0,907546;43,429615;498,664124;89,920692;0,153209;-0,131883;0,032897;-0,978801;-27,844988;417,134338;-488,903107;;;;;;;
1341;13,41;0,410449;-0,046733;-0,063585;-0,908463;43,560371;498,2323;89,991974;0,15323;-0,132094;0,032503;-0,978783;-27,957443;417,168304;-488,91684;;;;;;;
1342;13,42;0,409652;-0,04735;-0,062792;-0,908846;43,642551;497,942139;89,924812;0,153087;-0,132009;0,032161;-0,978828;-27,870394;417,292725;-488,94989;;;;;;;
1343;13,43;0,407418;-0,04695;-0,062563;-0,909886;43,592407;497,504517;90,023346;0,153357;-0,131924;0,032488;-0,978786;-27,80829;417,10257;-488,93045;;;;;;;
1344;13,44;0,406209;-0,047671;-0,061835;-0,910439;43,605827;497,123871;89,972572;0,153049;-0,13209;0,032746;-0,978803;-27,94133;417,333038;-488,9823;;;;;;;
1345;13,45;0,40465;-0,048348;-0,06097;-0,911155;43,704945;496,711609;89,990524;0,15324;-0,132162;0,032147;-0,978784;-27,92144;417,246735;-488,949524;;;;;;;
1346;13,46;0,40266;-0,047894;-0,060667;-0,912081;43,691299;496,184814;90,047325;0,153155;-0,132025;0,032299;-0,97881;-27,813334;417,307983;-488,962158;;;;;;;
1347;13,47;0,401448;-0,047748;-0,060524;-0,912632;43,628136;495,616394;89,950874;0,153214;-0,131983;0,032795;-0,97879;-27,828711;417,246002;-488,929474;;;;;;;
1348;13,48;0,399148;-0,047996;-0,06022;-0,913647;43,592747;494,903015;89,945091;0,153186;-0,132204;0,032446;-0,978777;-27,938955;417,309296;-488,935486;;;;;;;
1349;13,49;0,397649;-0,047312;-0,060145;-0,914341;43,437607;494,221497;89,840874;0,153119;-0,132034;0,032529;-0,978807;-27,840216;417,310944;-488,933075;;;;;;;
1350;13,5;0,395567;-0,046911;-0,059987;-0,915275;43,333866;493,471832;89,770592;0,153141;-0,131974;0,032511;-0,978812;-27,781981;417,314636;-488,941345;;;;;;;
1351;13,51;0,394082;-0,047115;-0,059565;-0,915932;43,289413;492,807129;89,651573;0,153175;-0,132195;0,032633;-0,978773;-27,947939;417,258728;-488,914795;;;;;;;
1352;13,52;0,393315;-0,047351;-0,059387;-0,916261;43,236927;492,239105;89,477135;0,153248;-0,132094;0,032364;-0,978784;-27,876923;417,1474;-488,878601;;;;;;;
1353;13,53;0,392;-0,047681;-0,058782;-0,916846;43,227818;491,640564;89,386765;0,153051;-0,13207;0,031651;-0,978842;-27,740322;417,331451;-488,938141;;;;;;;
1354;13,54;0,391151;-0,048328;-0,058215;-0,917211;43,281189;491,224579;89,295029;0,153216;-0,132236;0,032175;-0,978776;-27,904346;417,195404;-488,896851;;;;;;;
1355;13,55;0,389223;-0,049406;-0,056917;-0,918055;43,376637;490,775116;89,325928;0,153089;-0,132346;0,032178;-0,978781;-27,948744;417,329071;-488,909698;;;;;;;
1356;13,56;0,387107;-0,04942;-0,056617;-0,918967;43,369965;490,248596;89,340744;0,153126;-0,132073;0,032208;-0,978811;-27,798407;417,281464;-488,911316;;;;;;;
1357;13,57;0,385604;-0,049475;-0,05625;-0,919618;43,324257;489,760681;89,274353;0,153131;-0,13208;0,032126;-0,978812;-27,803526;417,292084;-488,915436;;;;;;;
1358;13,58;0,383198;-0,04988;-0,0553;-0,920659;43,374046;489,200165;89,326653;0,153169;-0,132266;0,032363;-0,978773;-27,95615;417,248779;-488,892944;;;;;;;
1359;13,59;0,38189;-0,050362;-0,054599;-0,921218;43,410694;488,741455;89,24691;0,153186;-0,132113;0,032362;-0,978792;-27,836964;417,25354;-488,897369;;;;;;;
1360;13,6;0,379498;-0,050621;-0,054336;-0,922207;43,447845;488,243225;89,316322;0,153086;-0,132052;0,032265;-0,978819;-27,805849;417,300537;-488,927185;;;;;;;
1361;13,61;0,378032;-0,051557;-0,05336;-0,922814;43,545784;487,822235;89,285728;0,153239;-0,132119;0,032434;-0,97878;-27,923819;417,153778;-488,871277;;;;;;;
1362;13,62;0,376419;-0,051902;-0,052523;-0,923502;43,633541;487,448456;89,295258;0,153075;-0,132136;0,032375;-0,978805;-27,893541;417,301086;-488,923157;;;;;;;
1363;13,63;0,37456;-0,052354;-0,05163;-0,924283;43,721294;487,049408;89,361435;0,153271;-0,131965;0,032414;-0,978797;-27,758528;417,165588;-488,899872;;;;;;;
1364;13,64;0,373507;-0,053475;-0,050805;-0,92469;43,775768;486,623291;89,252403;0,153045;-0,132178;0,032369;-0,978805;-27,92498;417,348175;-488,922485;;;;;;;
1365;13,65;0,37168;-0,053275;-0,05038;-0,925461;43,658062;485,996246;89,144829;0,153231;-0,132216;0,032514;-0,978766;-27,958944;417,220032;-488,887085;;;;;;;
1366;13,66;0,369674;-0,051931;-0,050627;-0,926327;43,454609;485,341949;89,010101;0,153168;-0,131892;0,032723;-0,978812;-27,735741;417,288757;-488,916626;;;;;;;
1367;13,67;0,36779;-0,051852;-0,050146;-0,927107;43,298809;484,557373;88,793091;0,153125;-0,131943;0,032741;-0,978811;-27,737677;417,356506;-488,925568;;;;;;;
1368;13,68;0,366123;-0,050739;-0,050617;-0,927803;43,052628;483,774597;88,560829;0,15331;-0,13222;0,032635;-0,978749;-27,89522;417,268311;-488,895447;;;;;;;
1369;13,69;0,36412;-0,04943;-0,050609;-0,928661;42,827717;483,051758;88,40258;0,153138;-0,132122;0,032458;-0,978795;-27,766378;417,372162;-488,948944;;;;;;;
1370;13,7;0,36282;-0,050403;-0,049856;-0,929158;42,872688;482,47876;88,220093;0,153321;-0,131994;0,032424;-0,978784;-27,715364;417,266968;-488,922699;;;;;;;
1371;13,71;0,361636;-0,05143;-0,048662;-0,929627;42,954281;482,076141;88,154716;0,153136;-0,132222;0,032673;-0,978774;-27,899342;417,360199;-488,945892;;;;;;;
1372;13,72;0,359682;-0,052445;-0,047749;-0,930376;43,087891;481,716278;88,198753;0,153316;-0,132221;0,032485;-0,978753;-27,856009;417,282471;-488,929565;;;;;;;
1373;13,73;0,357961;-0,053547;-0,046863;-0,931021;43,187862;481,198883;88,12635;0,153107;-0,132071;0,032467;-0,978806;-27,679111;417,496704;-488,988281;;;;;;;
1374;13,74;0,355387;-0,052625;-0,046367;-0,932084;43,04496;480,560181;88,111763;0,153297;-0,132142;0,033047;-0,978747;-27,820169;417,338104;-488,9422;;;;;;;
1375;13,75;0,353293;-0,052691;-0,045686;-0,93291;42,939018;479,845062;87,936676;0,153122;-0,132402;0,032856;-0,978746;-27,966074;417,526917;-488,963379;;;;;;;
1376;13,76;0,351426;-0,052659;-0,045641;-0,933619;42,88641;479,113892;87,756119;0,153278;-0,132184;0,033052;-0,978745;-27,822649;417,409393;-488,9198;;;;;;;
1377;13,77;0,350544;-0,0527;-0,045175;-0,93397;42,871758;478,531097;87,543922;0,153206;-0,132201;0,033026;-0,978755;-27,817022;417,39328;-488,911591;;;;;;;
1378;13,78;0,34877;-0,054426;-0,043917;-0,934596;42,957054;477,972168;87,364311;0,153097;-0,13245;0,032;-0,978772;-27,863897;417,54364;-488,955597;;;;;;;
1379;13,79;0,345607;-0,053914;-0,043576;-0,935815;42,902546;477,336639;87,438271;0,153267;-0,132233;0,032832;-0,978747;-27,813227;417,413025;-488,925934;;;;;;;
1380;13,8;0,344481;-0,053977;-0,043291;-0,93624;42,822269;476,770569;87,215752;0,153278;-0,132318;0,033468;-0,978712;-27,883583;417,417084;-488,930328;;;;;;;
1381;13,81;0,341748;-0,054435;-0,042654;-0,937244;42,863735;476,057892;87,170227;0,153271;-0,132398;0,0329;-0,978722;-27,954712;417,416321;-488,968445;;;;;;;
1382;13,82;0,339766;-0,053994;-0,042526;-0,937995;42,823078;475,503967;87,073166;0,153277;-0,132367;0,032256;-0,978747;-27,869265;417,447754;-488,983521;;;;;;;
1383;13,83;0,337926;-0,055039;-0,041738;-0,938634;42,863857;474,892975;86,953796;0,153407;-0,132194;0,033409;-0,978711;-27,86224;417,314514;-488,937561;;;;;;;
1384;13,84;0,335889;-0,055613;-0,040789;-0,939373;42,901844;474,240295;86,802696;0,153414;-0,13233;0,033549;-0,978687;-27,968067;417,286865;-488,91806;;;;;;;
1385;13,85;0,334775;-0,055657;-0,040282;-0,93979;42,855034;473,660858;86,549072;0,153255;-0,13246;0,03194;-0,978748;-27,880919;417,45462;-488,957733;;;;;;;
1386;13,86;0,331834;-0,05558;-0,040094;-0,940845;42,838856;472,955017;86,518723;0,153262;-0,13217;0,032487;-0,978768;-27,770308;417,399994;-488,939606;;;;;;;
1387;13,87;0,330258;-0,055833;-0,039596;-0,941406;42,821548;472,445953;86,41143;0,153271;-0,132177;0,033686;-0,978725;-27,8757;417,408508;-488,910187;;;;;;;
1388;13,88;0,327754;-0,056752;-0,038616;-0,942266;42,891567;471,882813;86,388161;0,153246;-0,132316;0,033483;-0,978717;-27,958675;417,45517;-488,917389;;;;;;;
1389;13,89;0,325699;-0,057148;-0,037816;-0,942987;42,880745;471,309601;86,288078;0,153277;-0,132326;0,032668;-0,978738;-27,894484;417,489532;-488,94162;;;;;;;
1390;13,9;0,323456;-0,056961;-0,037457;-0,943784;42,833363;470,670868;86,184273;0,153218;-0,132128;0,033549;-0,978745;-27,856998;417,501678;-488,943207;;;;;;;
1391;13,91;0,3209;-0,057268;-0,036904;-0,94466;42,844154;470,037262;86,100578;0,153519;-0,132234;0,034245;-0,978659;-28,001734;417,30545;-488,873657;;;;;;;
1392;13,92;0,319177;-0,05786;-0,036302;-0,94523;42,862572;469,477081;85,971016;0,15338;-0,132351;0,033854;-0,978679;-28,044468;417,457642;-488,902679;;;;;;;
1393;13,93;0,316387;-0,057875;-0,035728;-0,946189;42,843487;468,848572;85,907295;0,153387;-0,132287;0,033791;-0,978688;-27,98732;417,481903;-488,919922;;;;;;;
1394;13,94;0,314546;-0,057867;-0,035256;-0,94682;42,815277;468,301117;85,751762;0,153589;-0,132378;0,034553;-0,978618;-28,103765;417,352722;-488,872894;;;;;;;
1395;13,95;0,312384;-0,058097;-0,034671;-0,947544;42,782154;467,667572;85,618889;0,153586;-0,132456;0,034537;-0,978608;-28,150101;417,385162;-488,874634;;;;;;;
1396;13,96;0,310195;-0,057473;-0,034629;-0,948302;42,67469;467,041107;85,462669;0,153564;-0,132417;0,034127;-0,978631;-28,096098;417,433014;-488,888672;;;;;;;
1397;13,97;0,308583;-0,057235;-0,034458;-0,948849;42,564434;466,43222;85,230164;0,153627;-0,132337;0,03469;-0,978612;-28,11891;417,349915;-488,85733;;;;;;;
1398;13,98;0,30738;-0,05786;-0,033699;-0,949228;42,509899;465,841583;84,965569;0,153647;-0,13255;0,034497;-0,978587;-28,20648;417,31308;-488,839081;;;;;;;
1399;13,99;0,30642;-0,058664;-0,033019;-0,949513;42,444794;465,304016;84,702042;0,153463;-0,132578;0,0335;-0,978647;-28,105471;417,469971;-488,88678;;;;;;;
1400;14;0,303608;-0,057878;-0,032608;-0,950478;42,334877;464,761505;84,718681;0,153631;-0,132447;0,033752;-0,97863;-28,075144;417,39624;-488,87793;;;;;;;
1401;14,01;0,302329;-0,059085;-0,031649;-0,950844;42,411125;464,333527;84,562096;0,153584;-0,132497;0,034923;-0,978589;-28,168242;417,395477;-488,864532;;;;;;;
1402;14,02;0,300243;-0,05981;-0,030828;-0,951487;42,477337;463,917023;84,522385;0,153672;-0,132396;0,034807;-0,978593;-28,146572;417,358459;-488,86264;;;;;;;
1403;14,03;0,298393;-0,059729;-0,03034;-0,952089;42,450077;463,493591;84,444084;0,153546;-0,132353;0,033999;-0,978647;-28,044157;417,457916;-488,90033;;;;;;;
1404;14,04;0,29688;-0,059792;-0,029964;-0,95257;42,426765;463,045959;84,336174;0,153649;-0,132302;0,034771;-0,978611;-28,069965;417,397125;-488,877289;;;;;;;
1405;14,05;0,294617;-0,059951;-0,029273;-0,953284;42,386757;462,525604;84,274651;0,153683;-0,132316;0,035571;-0,978575;-28,160004;417,367981;-488,860931;;;;;;;
1406;14,06;0,293483;-0,05975;-0,029203;-0,953648;42,331131;462,14444;84,131714;0,153607;-0,132319;0,034869;-0,978612;-28,102365;417,458862;-488,878906;;;;;;;
1407;14,07;0,291244;-0,059967;-0,028733;-0,954335;42,328869;461,648773;84,085915;0,153625;-0,132294;0,034731;-0,978617;-28,085924;417,487122;-488,885132;;;;;;;
1408;14,08;0,289843;-0,060354;-0,028152;-0,954754;42,31461;461,229462;83,929604;0,153677;-0,132262;0,035922;-0,97857;-28,173431;417,40094;-488,841034;;;;;;;
1409;14,09;0,288847;-0,060621;-0,027641;-0,955054;42,229881;460,772827;83,676239;0,153775;-0,132432;0,035669;-0,978541;-28,261131;417,372833;-488,818787;;;;;;;
1410;14,1;0,287614;-0,060415;-0,027823;-0,955434;42,011131;460,145386;83,325752;0,153566;-0,132381;0,034753;-0,978614;-28,12224;417,499817;-488,872131;;;;;;;
1411;14,11;0,285627;-0,058215;-0,028236;-0,956154;41,652767;459,511414;83,106468;0,153706;-0,132367;0,034911;-0,978588;-28,125431;417,470154;-488,867859;;;;;;;
1412;14,12;0,284077;-0,058215;-0,027488;-0,956638;41,505276;458,985443;82,873047;0,153839;-0,132435;0,035958;-0,97852;-28,230957;417,355072;-488,816956;;;;;;;
1413;14,13;0,28311;-0,059125;-0,026974;-0,956883;41,50021;458,528992;82,631622;0,153682;-0,132362;0,03567;-0,978565;-28,153658;417,518158;-488,8526;;;;;;;
1414;14,14;0,28084;-0,057891;-0,027005;-0,957626;41,322899;458,047028;82,575943;0,153749;-0,132348;0,035316;-0,978569;-28,138191;417,505493;-488,858124;;;;;;;
1415;14,15;0,279598;-0,058229;-0,026501;-0,957983;41,277584;457,701538;82,422348;0,153733;-0,132223;0,03647;-0,978547;-28,181892;417,455841;-488,84137;;;;;;;
1416;14,16;0,277854;-0,059328;-0,025352;-0,958454;41,409504;457,335175;82,361046;0,153814;-0,132167;0,0368;-0,978529;-28,151609;417,463348;-488,819794;;;;;;;
1417;14,17;0,276228;-0,059216;-0,025046;-0,958939;41,384823;456,998932;82,28743;0,153657;-0,132366;0,03635;-0,978544;-28,209852;417,615906;-488,840515;;;;;;;
1418;14,18;0,274828;-0,059713;-0,024601;-0,959322;41,342415;456,620789;82,166702;0,153766;-0,132575;0,036119;-0,978507;-28,275021;417,609222;-488,819611;;;;;;;
1419;14,19;0,27277;-0,059568;-0,024216;-0,959928;41,313309;456,112427;82,055;0,153778;-0,132583;0,036584;-0,978487;-28,297686;417,59137;-488,828888;;;;;;;
1420;14,2;0,271486;-0,059024;-0,023979;-0,960331;41,195705;455,736267;81,889626;0,153698;-0,132616;0,036228;-0,978508;-28,265381;417,706665;-488,86441;;;;;;;
1421;14,21;0,269768;-0,059466;-0,023446;-0,960802;41,097343;455,233398;81,699982;0,153911;-0,132621;0,036105;-0,978478;-28,270151;417,548584;-488,817444;;;;;;;
1422;14,22;0,269091;-0,06016;-0,023172;-0,960955;40,910522;454,649567;81,39373;0,15383;-0,132616;0,036303;-0,978484;-28,279106;417,570099;-488,822357;;;;;;;
1423;14,23;0,268488;-0,058969;-0,023863;-0,96118;40,479832;453,952118;80,934357;0,153876;-0,132445;0,036228;-0,978503;-28,186308;417,48642;-488,800232;;;;;;;
1424;14,24;0,267149;-0,05678;-0,024213;-0,961676;39,8876;453,05072;80,354614;0,153756;-0,132586;0,035677;-0,978523;-28,212896;417,601471;-488,837067;;;;;;;
1425;14,25;0,265271;-0,053351;-0,02543;-0,962361;39,248997;452,160461;79,758232;0,153807;-0,132544;0,036084;-0,978506;-28,213511;417,596771;-488,843201;;;;;;;
1426;14,26;0,26323;-0,051669;-0,026176;-0,962993;38,854897;451,417633;79,339172;0,153718;-0,132507;0,036835;-0,978497;-28,259348;417,625061;-488,871796;;;;;;;
1427;14,27;0,262026;-0,052116;-0,02574;-0,963309;38,824993;451,012177;79,179199;0,153878;-0,132464;0,036092;-0,978505;-28,169607;417,568848;-488,859955;;;;;;;
1428;14,28;0,260583;-0,053627;-0,024633;-0,963646;38,963001;450,689301;79,108093;0,153775;-0,132346;0,035874;-0,978545;-28,110332;417,584991;-488,875671;;;;;;;
1429;14,29;0,259167;-0,0536;-0,02405;-0,964044;38,912746;450,370697;79,027283;0,15388;-0,132196;0,03623;-0,978536;-28,026094;417,516266;-488,869293;;;;;;;
1430;14,3;0,257616;-0,053455;-0,023692;-0,964477;38,799885;450,035522;78,948021;0,153817;-0,13228;0,036599;-0,978521;-28,106117;417,551331;-488,890442;;;;;;;
1431;14,31;0,25604;-0,054578;-0,022684;-0,964858;38,844006;449,711884;78,831375;0,153829;-0,132223;0,036248;-0,97854;-28,075232;417,574402;-488,901367;;;;;;;
1432;14,32;0,254588;-0,054799;-0,021965;-0,965246;38,868656;449,479889;78,814499;0,15376;-0,131924;0,036601;-0,978578;-27,961277;417,565155;-488,927917;;;;;;;
1433;14,33;0,253116;-0,055654;-0,021069;-0,965604;38,952061;449,325165;78,882217;0,153762;-0,131668;0,036893;-0,978601;-27,834099;417,551086;-488,963257;;;;;;;
1434;14,34;0,252226;-0,058071;-0,019894;-0,96572;39,133587;449,176666;78,849434;0,153823;-0,131686;0,036674;-0,978597;-27,848434;417,527405;-488,984314;;;;;;;
1435;14,35;0,250585;-0,058132;-0,019231;-0,966156;39,086273;448,956482;78,850609;0,153866;-0,131591;0,036545;-0,978608;-27,79196;417,511414;-489,002838;;;;;;;
1436;14,36;0,249311;-0,05815;-0,018302;-0,966503;38,914352;448,616302;78,664627;0,153953;-0,131229;0,037052;-0,978624;-27,595764;417,447876;-489,0224;;;;;;;
1437;14,37;0,247917;-0,058026;-0,017753;-0,966879;38,748608;448,25177;78,545914;0,154075;-0,131001;0,037505;-0,978618;-27,541824;417,339569;-489,026123;;;;;;;
1438;14,38;0,246636;-0,058102;-0,017359;-0,967209;38,611454;447,900604;78,388115;0,154028;-0,130874;0,037113;-0,978657;-27,449213;417,38385;-489,084534;;;;;;;
1439;14,39;0,245162;-0,057755;-0,017023;-0,967611;38,467712;447,597565;78,257355;0,15406;-0,130572;0,037208;-0,978689;-27,268911;417,381653;-489,118866;;;;;;;
1440;14,4;0,243614;-0,057853;-0,016326;-0,968008;38,350647;447,278503;78,105042;0,154114;-0,130409;0,038039;-0,97867;-27,249712;417,330109;-489,123535;;;;;;;
1441;14,41;0,242171;-0,057985;-0,015634;-0,968373;38,240013;446,986664;77,966042;0,154199;-0,130544;0,038001;-0,97864;-27,342148;417,317078;-489,127289;;;;;;;
1442;14,42;0,240518;-0,058325;-0,015023;-0,968774;38,153851;446,612122;77,824486;0,154124;-0,130482;0,037845;-0,978667;-27,28759;417,389587;-489,155975;;;;;;;
1443;14,43;0,238767;-0,05836;-0,014459;-0,969214;38,05946;446,197388;77,662048;0,154151;-0,130285;0,038197;-0,978675;-27,188759;417,36734;-489,160065;;;;;;;
1444;14,44;0,2368;-0,058212;-0,01368;-0,969717;37,949345;445,753235;77,498611;0,154147;-0,130371;0,038353;-0,978658;-27,251579;417,383179;-489,163239;;;;;;;
1445;14,45;0,235228;-0,058899;-0,012734;-0,970071;37,914303;445,400543;77,362358;0,154137;-0,130397;0,038041;-0,978668;-27,231873;417,39093;-489,164368;;;;;;;
1446;14,46;0,234889;-0,061307;-0,011539;-0,970018;38,106419;445,213959;77,279747;0,154123;-0,130317;0,037751;-0,978692;-27,143921;417,374786;-489,162842;;;;;;;
1447;14,47;0,233415;-0,064057;-0,009683;-0,970217;38,319054;444,937073;77,133652;0,154033;-0,130389;0,037675;-0,9787;-27,174324;417,460602;-489,183502;;;;;;;
1448;14,48;0,230666;-0,06289;-0,008884;-0,970958;38,113289;444,493896;77,060165;0,154125;-0,130411;0,038341;-0,978656;-27,256933;417,399139;-489,158112;;;;;;;
1449;14,49;0,2288;-0,063031;-0,008206;-0,971396;37,997616;444,095703;76,865707;0,154144;-0,130269;0,038417;-0,978669;-27,171501;417,381073;-489,15976;;;;;;;
1450;14,5;0,226758;-0,065004;-0,006747;-0,971756;38,028111;443,585907;76,649757;0,153998;-0,130153;0,038029;-0,978723;-27,049839;417,494873;-489,2099;;;;;;;
1451;14,51;0,224767;-0,064134;-0,006018;-0,972281;37,819096;443,155426;76,442902;0,154253;-0,13042;0,038;-0,978649;-27,20318;417,379883;-489,177429;;;;;;;
1452;14,52;0,222712;-0,063584;-0,005495;-0,972793;37,645866;442,646576;76,200935;0,154174;-0,130251;0,03876;-0,978654;-27,170076;417,330231;-489,166168;;;;;;;
1453;14,53;0,22063;-0,064291;-0,00506;-0,973223;37,631855;442,162598;76,030884;0,154152;-0,130235;0,037819;-0,978696;-27,058582;417,437012;-489,214691;;;;;;;
1454;14,54;0,218788;-0,06481;-0,004467;-0,973608;37,587784;441,702759;75,827759;0,154076;-0,130278;0,038033;-0,978694;-27,143049;417,417053;-489,186615;;;;;;;
1455;14,55;0,216404;-0,064324;-0,00371;-0,974176;37,445721;441,16095;75,649429;0,1542;-0,130353;0,038322;-0,978653;-27,231649;417,325104;-489,15509;;;;;;;
1456;14,56;0,214772;-0,064229;-0,003266;-0,974545;37,313248;440,718994;75,418434;0,154083;-0,130185;0,038133;-0,978701;-27,093376;417,43045;-489,195496;;;;;;;
1457;14,57;0,212585;-0,064866;-0,002304;-0,974985;37,205002;440,258148;75,216522;0,154057;-0,130258;0,037927;-0,978704;-27,14477;417,436432;-489,19989;;;;;;;
1458;14,58;0,210428;-0,065;-0,001647;-0,975445;37,082581;439,770477;74,993256;0,154174;-0,130431;0,038079;-0,978656;-27,291948;417,384918;-489,174866;;;;;;;
1459;14,59;0,208335;-0,064399;-0,001119;-0,975935;36,951534;439,288727;74,777145;0,15406;-0,130227;0,038389;-0,978689;-27,187038;417,412659;-489,184906;;;;;;;
1460;14,6;0,206219;-0,065016;-0,000265;-0,976344;36,87846;438,825043;74,608261;0,154113;-0,130137;0,037891;-0,978712;-27,093847;417,395172;-489,188843;;;;;;;
1461;14,61;0,205032;-0,066156;0,000547;-0,976517;36,912537;438,502869;74,505249;0,154069;-0,13036;0,037794;-0,978693;-27,24613;417,393921;-489,175018;;;;;;;
1462;14,62;0,204985;-0,069016;0,001657;-0,976327;37,169994;438,306824;74,404465;0,154113;-0,130392;0,037903;-0,978678;-27,290012;417,284515;-489,121338;;;;;;;
1463;14,63;0,204923;-0,07212;0,00362;-0,976111;37,403629;438,10141;74,104454;0,15385;-0,130436;0,03689;-0,978752;-27,196686;417,519073;-489,197662;;;;;;;
1464;14,64;0,203149;-0,070784;0,004017;-0,976578;37,197033;437,723633;73,888168;0,153946;-0,130518;0,037187;-0,978715;-27,288803;417,454407;-489,168488;;;;;;;
1465;14,65;0,20129;-0,070756;0,004332;-0,976963;36,985718;437,21994;73,530472;0,154022;-0,130384;0,038152;-0,978684;-27,288759;417,38913;-489,145264;;;;;;;
1466;14,66;0,198648;-0,07129;0,005429;-0,97746;36,863747;436,667297;73,32653;0,154002;-0,13032;0,03788;-0,978706;-27,219744;417,404144;-489,164917;;;;;;;
1467;14,67;0,196816;-0,071624;0,006287;-0,977801;36,786442;436,214569;73,031761;0,153954;-0,130545;0,036927;-0,97872;-27,255795;417,532135;-489,20224;;;;;;;
1468;14,68;0,194131;-0,071476;0,007263;-0,978341;36,667862;435,654724;72,801834;0,154032;-0,130322;0,038068;-0,978694;-27,240765;417,384857;-489,156891;;;;;;;
1469;14,69;0,191712;-0,071932;0,008005;-0,978779;36,517223;435,077393;72,517899;0,154086;-0,130299;0,038221;-0,978682;-27,227051;417,360565;-489,152557;;;;;;;
1470;14,7;0,189659;-0,0717;0,008551;-0,979191;36,398697;434,585846;72,245277;0,153927;-0,130482;0,037372;-0,978716;-27,25898;417,519592;-489,197083;;;;;;;
1471;14,71;0,186871;-0,072178;0,009668;-0,979682;36,352783;433,99469;72,005013;0,153998;-0,130314;0,037626;-0,978717;-27,171764;417,43576;-489,172668;;;;;;;
1472;14,72;0,184603;-0,072347;0,010263;-0,980093;36,219582;433,434174;71,693123;0,154002;-0,130322;0,038253;-0,978691;-27,23797;417,413696;-489,152191;;;;;;;
1473;14,73;0,181281;-0,072239;0,010705;-0,980716;36,112858;432,655518;71,362747;0,15394;-0,130326;0,037939;-0,978713;-27,208626;417,421112;-489,14801;;;;;;;
1474;14,74;0,178408;-0,073127;0,011605;-0,981167;36,019146;431,880524;70,95784;0,153785;-0,130554;0,036851;-0,978748;-27,234278;417,567932;-489,181152;;;;;;;
1475;14,75;0,175656;-0,072535;0,012272;-0,981699;35,802338;431,179688;70,549385;0,153756;-0,130389;0,037387;-0,978755;-27,163853;417,531891;-489,156128;;;;;;;
1476;14,76;0,172926;-0,071553;0,012666;-0,982251;35,487404;430,459656;70,073639;0,15393;-0,130313;0,037967;-0,978715;-27,164228;417,39798;-489,115204;;;;;;;
1477;14,77;0,170902;-0,070968;0,012554;-0,982649;35,180828;429,800171;69,552467;0,153812;-0,130559;0,037221;-0,978729;-27,231537;417,513458;-489,145752;;;;;;;
1478;14,78;0,168062;-0,069565;0,012791;-0,983236;34,783432;429,054321;69,020531;0,15379;-0,130488;0,037036;-0,978749;-27,171415;417,524292;-489,157654;;;;;;;
1479;14,79;0,1659;-0,068569;0,013015;-0,98367;34,507515;428,450836;68,608002;0,153945;-0,130288;0,037674;-0,978727;-27,104389;417,391571;-489,117798;;;;;;;
1480;14,8;0,163635;-0,069629;0,014213;-0,983958;34,406372;427,833344;68,164604;0,153843;-0,130545;0,037556;-0,978713;-27,25741;417,452667;-489,135437;;;;;;;
1481;14,81;0,160946;-0,068962;0,014416;-0,984445;34,239651;427,190155;67,808556;0,153816;-0,130603;0,036808;-0,978738;-27,204182;417,505463;-489,156189;;;;;;;
1482;14,82;0,158085;-0,068538;0,015056;-0,984929;34,016594;426,552734;67,469536;0,153797;-0,130443;0,037003;-0,978755;-27,130985;417,471832;-489,145752;;;;;;;
1483;14,83;0,155767;-0,068942;0,01583;-0,985258;33,923279;426,012573;67,102051;0,153731;-0,130554;0,037228;-0,978742;-27,210005;417,535187;-489,147491;;;;;;;
1484;14,84;0,153236;-0,068955;0,016397;-0,985645;33,817692;425,477966;66,833961;0,153816;-0,130483;0,03737;-0,978733;-27,192244;417,462006;-489,124939;;;;;;;
1485;14,85;0,150846;-0,069071;0,017231;-0,985991;33,622749;424,951538;66,517952;0,153769;-0,130547;0,036963;-0,978747;-27,190027;417,509216;-489,125122;;;;;;;
1486;14,86;0,148552;-0,068919;0,017727;-0,986341;33,480278;424,42392;66,181;0,153765;-0,130542;0,036991;-0,978748;-27,193617;417,519897;-489,120148;;;;;;;
1487;14,87;0,146342;-0,068983;0,018287;-0,986656;33,370823;423,892029;65,85144;0,153813;-0,130492;0,037363;-0,978733;-27,203424;417,447174;-489,096893;;;;;;;
1488;14,88;0,144607;-0,06864;0,018969;-0,986923;33,128113;423,404602;65,416367;0,153776;-0,130485;0,037106;-0,978749;-27,185692;417,487915;-489,11203;;;;;;;
1489;14,89;0,142557;-0,067348;0,018984;-0,98731;32,770027;422,828857;64,895905;0,153823;-0,130584;0,036801;-0,97874;-27,214708;417,469238;-489,117859;;;;;;;
1490;14,9;0,140921;-0,066147;0,01884;-0,987629;32,331429;422,249359;64,305092;0,153822;-0,130389;0,037241;-0,97875;-27,138624;417,455475;-489,123962;;;;;;;
1491;14,91;0,138927;-0,064086;0,018809;-0,988048;31,846359;421,662445;63,718876;0,153835;-0,130375;0,03733;-0,978746;-27,13485;417,43045;-489,12851;;;;;;;
1492;14,92;0,137754;-0,063284;0,018734;-0,988265;31,490337;421,112;63,093037;0,153816;-0,130657;0,03682;-0,978731;-27,284304;417,4617;-489,137238;;;;;;;
1493;14,93;0,135809;-0,062393;0,018895;-0,988588;31,15732;420,561188;62,546612;0,153751;-0,130762;0,036488;-0,978739;-27,324684;417,546234;-489,174194;;;;;;;
1494;14,94;0,133506;-0,060983;0,018552;-0,988996;30,798882;419,981232;62,093819;0,15378;-0,130325;0,037543;-0,978753;-27,166334;417,407928;-489,128754;;;;;;;
1495;14,95;0,132033;-0,06053;0,018753;-0,989218;30,585304;419,531464;61,667854;0,153813;-0,130558;0,036937;-0,97874;-27,276459;417,444;-489,13205;;;;;;;
1496;14,96;0,130354;-0,06102;0,019361;-0,989399;30,496435;419,051514;61,311356;0,15362;-0,130738;0,036536;-0,978761;-27,389364;417,539307;-489,148438;;;;;;;
1497;14,97;0,128925;-0,060449;0,019937;-0,989609;30,326532;418,699493;61,087814;0,153767;-0,130541;0,036751;-0,978757;-27,283209;417,43103;-489,11261;;;;;;;
1498;14,98;0,127006;-0,061527;0,020677;-0,989776;30,24115;418,277802;60,707531;0,153661;-0,130607;0,036923;-0,978758;-27,335659;417,508423;-489,136169;;;;;;;
1499;14,99;0,124871;-0,060559;0,020981;-0,990101;30,037455;417,910706;60,453541;0,15367;-0,130771;0,036728;-0,978742;-27,43856;417,506104;-489,144379;;;;;;;
1500;15;0,123482;-0,060224;0,021499;-0,990284;29,903755;417,621124;60,221729;0,153705;-0,130629;0,03658;-0,978761;-27,325485;417,515442;-489,153809;;;;;;;
1501;15,01;0,121757;-0,061986;0,022467;-0,990368;29,958237;417,311859;60,047596;0,153725;-0,130509;0,036983;-0,978759;-27,277275;417,457611;-489,142548;;;;;;;
1502;15,02;0,122273;-0,063749;0,022978;-0,990181;30,182964;417,274017;60,015148;0,153744;-0,130715;0,036804;-0,978735;-27,408703;417,408478;-489,115601;;;;;;;
1503;15,03;0,124089;-0,070049;0,024237;-0,989499;30,773331;417,277008;59,791328;0,153327;-0,130934;0,035837;-0,978807;-27,46785;417,659241;-489,193909;;;;;;;
1504;15,04;0,122605;-0,071626;0,025616;-0,989536;30,826292;416,963898;59,537987;0,153399;-0,13078;0,035856;-0,978816;-27,350863;417,633759;-489,18634;;;;;;;
1505;15,05;0,120369;-0,066634;0,02524;-0,990169;30,216038;416,576843;59,216881;0,153803;-0,130698;0,036725;-0,978731;-27,363039;417,398438;-489,096466;;;;;;;
1506;15,06;0,118541;-0,067968;0,02622;-0,990273;30,031464;416,044586;58,703594;0,153551;-0,130765;0,036951;-0,978753;-27,471077;417,509735;-489,127869;;;;;;;
1507;15,07;0,116392;-0,06927;0,027258;-0,99041;29,990845;415,653412;58,384701;0,153507;-0,130664;0,035999;-0,978809;-27,291126;417,646515;-489,179382;;;;;;;
1508;15,08;0,114191;-0,068434;0,02756;-0,990716;29,82682;415,298279;58,119766;0,153656;-0,130586;0,03687;-0,978763;-27,286676;417,480957;-489,120819;;;;;;;
1509;15,09;0,111974;-0,068939;0,028433;-0,990909;29,762068;414,862274;57,80595;0,153775;-0,130604;0,037394;-0,978722;-27,364943;417,384369;-489,089661;;;;;;;
1510;15,1;0,110108;-0,069177;0,029117;-0,991082;29,669727;414,478943;57,517059;0,15356;-0,130743;0,036311;-0,978778;-27,341972;417,606628;-489,169586;;;;;;;
1511;15,11;0,107706;-0,069017;0,029653;-0,991341;29,539438;414,065277;57,228504;0,153607;-0,130528;0,036583;-0,97879;-27,236176;417,506409;-489,151703;;;;;;;
1512;15,12;0,105448;-0,069689;0,030237;-0,991519;29,479429;413,612183;56,941166;0,153708;-0,130647;0,036892;-0,978746;-27,329166;417,457123;-489,130188;;;;;;;
1513;15,13;0,103611;-0,070886;0,031358;-0,991593;29,456257;413,201721;56,661674;0,153476;-0,130909;0,036595;-0,978759;-27,503159;417,593567;-489,156036;;;;;;;
1514;15,14;0,102381;-0,071628;0,031816;-0,991653;29,458441;412,88678;56,398033;0,153557;-0,130666;0,036049;-0,978799;-27,294094;417,55011;-489,154022;;;;;;;
1515;15,15;0,100362;-0,072246;0,032492;-0,991793;29,325018;412,50354;55,96386;0,153495;-0,130615;0,036573;-0,978796;-27,315598;417,591156;-489,162994;;;;;;;
1516;15,16;0,098075;-0,070031;0,032749;-0,992172;28,922922;412,120117;55,677391;0,153634;-0,130732;0,037234;-0,978734;-27,461451;417,462921;-489,124207;;;;;;;
1517;15,17;0,097023;-0,070653;0,033258;-0,992214;28,792727;411,841431;55,308582;0,15372;-0,130661;0,036487;-0,978758;-27,318279;417,497772;-489,144958;;;;;;;
1518;15,18;0,094841;-0,071586;0,034415;-0,992319;28,814075;411,48114;55,082047;0,15355;-0,130622;0,036541;-0,978788;-27,305635;417,579712;-489,16687;;;;;;;
1519;15,19;0,093394;-0,071216;0,034575;-0,992477;28,650146;411,178314;54,799179;0,153728;-0,130708;0,037065;-0,978728;-27,414774;417,463989;-489,123993;;;;;;;
1520;15,2;0,09143;-0,07074;0,034761;-0,992687;28,425915;410,772278;54,475613;0,153733;-0,130596;0,036993;-0,978745;-27,34198;417,42807;-489,128448;;;;;;;
1521;15,21;0,089688;-0,071311;0,035321;-0,992786;28,352528;410,393036;54,15897;0,153486;-0,130641;0,036278;-0,978805;-27,296526;417,619019;-489,185852;;;;;;;
1522;15,22;0,088203;-0,071112;0,035765;-0,992917;28,26116;410,085571;53,81852;0,153616;-0,130735;0,036501;-0,978764;-27,370632;417,544678;-489,142548;;;;;;;
1523;15,23;0,086043;-0,070503;0,036189;-0,993135;28,054592;409,666718;53,547634;0,153645;-0,130552;0,037318;-0,978753;-27,350231;417,41983;-489,11322;;;;;;;
1524;15,24;0,084966;-0,070636;0,036444;-0,993209;27,970081;409,410614;53,291553;0,153476;-0,130723;0,036267;-0,978796;-27,343979;417,633728;-489,16507;;;;;;;
1525;15,25;0,083196;-0,07083;0,036662;-0,993337;27,947836;409,117462;53,064255;0,153525;-0,130695;0,036321;-0,97879;-27,350691;417,559174;-489,143188;;;;;;;
1526;15,26;0,082248;-0,070602;0,037293;-0,993408;27,883095;408,916534;52,932365;0,153605;-0,130734;0,036825;-0,978753;-27,407944;417,490845;-489,108795;;;;;;;
1527;15,27;0,080965;-0,072149;0,038223;-0,993367;27,816402;408,658905;52,63195;0,153484;-0,1307;0,036683;-0,978782;-27,393284;417,6008;-489,151825;;;;;;;
1528;15,28;0,079609;-0,071585;0,038496;-0,993507;27,621637;408,385162;52,411572;0,153547;-0,130661;0,036436;-0,978787;-27,3542;417,536682;-489,152039;;;;;;;
1529;15,29;0,078926;-0,071264;0,038559;-0,993582;27,466755;408,16864;52,126781;0,153647;-0,130761;0,03658;-0,978752;-27,429861;417,512848;-489,126343;;;;;;;
1530;15,3;0,077557;-0,070935;0,038717;-0,993707;27,330532;407,851166;51,758778;0,153607;-0,130683;0,036919;-0,978756;-27,400564;417,516846;-489,127472;;;;;;;
1531;15,31;0,07656;-0,069332;0,038483;-0,993907;26,982578;407,576752;51,365662;0,153626;-0,130612;0,036637;-0,978773;-27,348475;417,519012;-489,135742;;;;;;;
1532;15,32;0,075078;-0,067826;0,03828;-0,994132;26,632992;407,214478;50,92458;0,153574;-0,130712;0,036452;-0,978775;-27,420916;417,561554;-489,13324;;;;;;;
1533;15,33;0,074268;-0,067765;0,038263;-0,994197;26,406057;406,878357;50,463413;0,153559;-0,130724;0,036856;-0,978761;-27,467747;417,551147;-489,120667;;;;;;;
1534;15,34;0,073235;-0,066628;0,038333;-0,994348;26,173754;406,549561;50,117851;0,153613;-0,130693;0,036744;-0,978761;-27,436138;417,521881;-489,107758;;;;;;;
1535;15,35;0,071537;-0,065458;0,038271;-0,994552;25,999517;406,23349;49,80719;0,153429;-0,130874;0,036222;-0,978785;-27,527763;417,623138;-489,138;;;;;;;
1536;15,36;0,070446;-0,066378;0,038548;-0,994558;26,049751;405,990845;49,643684;0,153473;-0,130899;0,03613;-0,978778;-27,530993;417,599762;-489,128296;;;;;;;
1537;15,37;0,068941;-0,067919;0,039136;-0,994536;26,110161;405,697083;49,448353;0,153469;-0,13075;0,036635;-0,97878;-27,469564;417,550323;-489,108582;;;;;;;
1538;15,38;0,067696;-0,067432;0,039474;-0,994642;25,995613;405,439575;49,206825;0,153406;-0,130855;0,03627;-0,978789;-27,51572;417,586975;-489,129669;;;;;;;
1539;15,39;0,066226;-0,067239;0,039697;-0,994745;25,860291;405,143311;48,855259;0,153365;-0,130998;0,035698;-0,978797;-27,552816;417,649994;-489,146179;;;;;;;
1540;15,4;0,064599;-0,067011;0,03982;-0,994862;25,691208;404,81311;48,470661;0,153444;-0,130853;0,036396;-0,978779;-27,521708;417,569733;-489,114258;;;;;;;
1541;15,41;0,063292;-0,066381;0,040243;-0,994972;25,417545;404,488251;48,058754;0,153566;-0,13074;0,036607;-0,978767;-27,4352;417,494751;-489,097565;;;;;;;
1542;15,42;0,061744;-0,065179;0,040588;-0,995134;25,137871;404,127136;47,586948;0,15336;-0,130856;0,036108;-0,978802;-27,480448;417,653473;-489,14975;;;;;;;
1543;15,43;0,059957;-0,065043;0,041086;-0,995232;24,928324;403,794769;47,220779;0,153425;-0,130887;0,036046;-0,97879;-27,490463;417,624451;-489,143372;;;;;;;
1544;15,44;0,058383;-0,065367;0,04141;-0,995291;24,913113;403,516815;47,005199;0,153526;-0,130763;0,036609;-0,97877;-27,436346;417,526184;-489,106567;;;;;;;
1545;15,45;0,057131;-0,066504;0,042078;-0,99526;25,039999;403,286835;46,879066;0,153423;-0,130858;0,036413;-0,978781;-27,497353;417,588074;-489,124023;;;;;;;
1546;15,46;0,056195;-0,068416;0,043013;-0,995144;25,227768;403,118774;46,892498;0,153364;-0,130941;0,035708;-0,978805;-27,481167;417,625336;-489,136292;;;;;;;
1547;15,47;0,054799;-0,071079;0,044171;-0,994984;25,505169;402,93045;46,900749;0,153304;-0,13106;0,035737;-0,978797;-27,551214;417,657898;-489,144623;;;;;;;
1548;15,48;0,053541;-0,07225;0,045092;-0,994927;25,608652;402,761322;46,821766;0,153442;-0,130929;0,036212;-0,978776;-27,498291;417,547424;-489,10025;;;;;;;
1549;15,49;0,051887;-0,072403;0,045703;-0,994976;25,489624;402,509308;46,55714;0,153336;-0,13097;0,035866;-0,9788;-27,494453;417,64328;-489,139862;;;;;;;
1550;15,5;0,050088;-0,071572;0,045951;-0,995117;25,194344;402,2005;46,170807;0,153438;-0,131043;0,035713;-0,978779;-27,535582;417,60144;-489,137024;;;;;;;
1551;15,51;0,048513;-0,070982;0,046054;-0,995232;25,003702;401,875183;45,791946;0,153446;-0,13082;0,036562;-0,978777;-27,483952;417,558655;-489,124634;;;;;;;
1552;15,52;0,046698;-0,070833;0,046421;-0,995313;24,866632;401,533081;45,382099;0,153489;-0,130729;0,036549;-0,978783;-27,403875;417,544159;-489,114258;;;;;;;
1553;15,53;0,045116;-0,07042;0,046776;-0,995398;24,665022;401,205109;45,011204;0,153441;-0,130886;0,036034;-0,978788;-27,459585;417,589081;-489,129944;;;;;;;
1554;15,54;0,04357;-0,070156;0,0468;-0,995485;24,500845;400,826508;44,629005;0,153398;-0,130892;0,036002;-0,978795;-27,439194;417,609711;-489,149323;;;;;;;
1555;15,55;0,041972;-0,070025;0,047204;-0,995543;24,384577;400,518372;44,248478;0,153507;-0,1308;0,036305;-0,978779;-27,376749;417,530182;-489,112457;;;;;;;
1556;15,56;0,04027;-0,069729;0,047375;-0,995626;24,251749;400,195343;43,920326;0,153367;-0,130888;0,036212;-0,978793;-27,453167;417,604218;-489,149475;;;;;;;
1557;15,57;0,038759;-0,069656;0,047538;-0,995684;24,142513;399,854675;43,592484;0,153309;-0,131047;0,035713;-0,978799;-27,507227;417,659363;-489,172028;;;;;;;
1558;15,58;0,037177;-0,069855;0,047936;-0,995711;24,047367;399,540253;43,265633;0,153287;-0,130849;0,036122;-0,978814;-27,409836;417,64212;-489,155853;;;;;;;
1559;15,59;0,035403;-0,069915;0,048514;-0,995743;23,941544;399,222992;42,985077;0,153369;-0,130824;0,036309;-0,978798;-27,416578;417,568451;-489,132507;;;;;;;
1560;15,6;0,033897;-0,070247;0,048887;-0,995754;23,885792;398,954773;42,709042;0,153246;-0,131089;0,035477;-0,978812;-27,482552;417,699432;-489,173035;;;;;;;
1561;15,61;0,0325;-0,070172;0,049277;-0,995787;23,77257;398,685425;42,402882;0,153286;-0,131047;0,035529;-0,978809;-27,465275;417,662262;-489,162842;;;;;;;
1562;15,62;0,030927;-0,069542;0,049696;-0,99586;23,600245;398,4245;42,084587;0,153409;-0,130908;0,036019;-0,978791;-27,409752;417,571533;-489,12619;;;;;;;
1563;15,63;0,029686;-0,069738;0,049927;-0,995873;23,485336;398,154053;41,736889;0,153347;-0,130981;0,035948;-0,978793;-27,441399;417,61731;-489,143524;;;;;;;
1564;15,64;0,028225;-0,069427;0,050121;-0,995927;23,304226;397,854645;41,371628;0,153288;-0,130933;0,035765;-0,978816;-27,405994;417,665009;-489,159515;;;;;;;
1565;15,65;0,026887;-0,068439;0,050214;-0,996028;23,096453;397,580292;40,982738;0,1533;-0,130922;0,035905;-0,97881;-27,391993;417,645874;-489,159485;;;;;;;
1566;15,66;0,025335;-0,068492;0,05064;-0,996044;22,931656;397,266632;40,579826;0,15337;-0,130917;0,036111;-0,978792;-27,418764;417,591431;-489,143036;;;;;;;
1567;15,67;0,023854;-0,067977;0,050944;-0,9961;22,747677;396,969788;40,211426;0,153256;-0,131043;0,035686;-0,978809;-27,460093;417,689941;-489,180634;;;;;;;
1568;15,68;0,022585;-0,067912;0,051166;-0,996123;22,61603;396,707886;39,892128;0,153239;-0,130901;0,035886;-0,978823;-27,435686;417,65921;-489,173065;;;;;;;
1569;15,69;0,022283;-0,069487;0,051729;-0,995992;22,704721;396,55957;39,667538;0,153188;-0,130837;0,036114;-0,978831;-27,41782;417,642975;-489,153625;;;;;;;
1570;15,7;0,02259;-0,072474;0,052256;-0,995744;22,999441;396,518951;39,427151;0,153111;-0,131035;0,035383;-0,978844;-27,467567;417,756531;-489,195862;;;;;;;
1571;15,71;0,022397;-0,074062;0,053074;-0,995588;23,187328;396,471649;39,209164;0,153181;-0,131015;0,035571;-0,978829;-27,470919;417,683075;-489,17865;;;;;;;
1572;15,72;0,021094;-0,075034;0,053567;-0,995518;23,215176;396,248291;39,00058;0,153477;-0,131015;0,035895;-0,97877;-27,507111;417,515259;-489,128693;;;;;;;
1573;15,73;0,018943;-0,074186;0,05389;-0,995607;23,07197;395,88974;38,711849;0,153277;-0,130872;0,035909;-0,97882;-27,439312;417,581604;-489,150085;;;;;;;
1574;15,74;0,017364;-0,073592;0,054289;-0,995658;22,880732;395,612762;38,330471;0,153142;-0,130893;0,035286;-0,978861;-27,405109;417,709595;-489,184174;;;;;;;
1575;15,75;0,015257;-0,074823;0,055038;-0,99556;22,798206;395,23645;37,983646;0,153146;-0,130924;0,035702;-0,978841;-27,464052;417,680115;-489,181427;;;;;;;
1576;15,76;0,01387;-0,074707;0,055476;-0,995565;22,730652;394,960388;37,667267;0,15333;-0,130872;0,036008;-0,978808;-27,467825;417,505066;-489,135651;;;;;;;
1577;15,77;0,011937;-0,074413;0,056162;-0,995573;22,582031;394,670471;37,329136;0,153135;-0,130999;0,035079;-0,978856;-27,470026;417,705322;-489,203186;;;;;;;
1578;15,78;0,01011;-0,074986;0,056735;-0,995518;22,484667;394,393707;37,01276;0,153146;-0,130904;0,035406;-0,978855;-27,439232;417,650726;-489,17981;;;;;;;
1579;15,79;0,008528;-0,074922;0,057044;-0,99552;22,379204;394,183167;36,731319;0,153338;-0,130917;0,036089;-0,978798;-27,511368;417,541351;-489,12265;;;;;;;
1580;15,8;0,006738;-0,074734;0,057633;-0,995514;22,240883;393,9328;36,443218;0,153234;-0,131047;0,035787;-0,978808;-27,555937;417,633484;-489,153198;;;;;;;
1581;15,81;0,005404;-0,074904;0,057978;-0,995489;22,067024;393,73468;36,140614;0,153217;-0,130944;0,03532;-0,978842;-27,452169;417,662537;-489,188019;;;;;;;
1582;15,82;0,003592;-0,075332;0,058595;-0,995429;21,946678;393,432983;35,843311;0,153226;-0,131026;0,035622;-0,978818;-27,527323;417,674896;-489,177704;;;;;;;
1583;15,83;0,00209;-0,075602;0,059012;-0,995388;21,862898;393,176544;35,557529;0,153283;-0,130881;0,03625;-0,978806;-27,509441;417,571564;-489,145142;;;;;;;
1584;15,84;0,000339;-0,075359;0,059269;-0,995394;21,78347;392,880676;35,244926;0,153176;-0,131005;0,035391;-0,978837;-27,488615;417,699585;-489,183197;;;;;;;
1585;15,85;-0,001446;-0,076141;0,059727;-0,995306;21,706289;392,59436;34,919498;0,153104;-0,130905;0,035315;-0,978865;-27,401979;417,718475;-489,18631;;;;;;;
1586;15,86;-0,003033;-0,075899;0,059858;-0,995313;21,646795;392,332031;34,604366;0,153195;-0,13102;0,035824;-0,978816;-27,505823;417,647797;-489,147003;;;;;;;
1587;15,87;-0,00489;-0,075531;0,060343;-0,995304;21,536068;392,051392;34,262272;0,153221;-0,131057;0,035637;-0,978814;-27,484558;417,639069;-489,130096;;;;;;;
1588;15,88;-0,006126;-0,075813;0,061101;-0,995229;21,369268;391,826447;33,907185;0,153073;-0,131021;0,035059;-0,978863;-27,384348;417,750946;-489,171631;;;;;;;
1589;15,89;-0,00781;-0,075411;0,06138;-0,995231;21,218582;391,514313;33,541832;0,153186;-0,131054;0,035236;-0,978835;-27,409409;417,685577;-489,149017;;;;;;;
1590;15,9;-0,009231;-0,074683;0,061322;-0,995277;21,028999;391,277985;33,134148;0,153179;-0,13102;0,035892;-0,978817;-27,478245;417,645935;-489,137848;;;;;;;
1591;15,91;-0,010784;-0,074694;0,061787;-0,995232;20,844431;390,997284;32,720291;0,153067;-0,131017;0,03533;-0,978855;-27,405212;417,750458;-489,174896;;;;;;;
1592;15,92;-0,01231;-0,07414;0,061738;-0,995259;20,663403;390,716492;32,27058;0,15311;-0,130991;0,034994;-0,978864;-27,342438;417,722717;-489,183105;;;;;;;
1593;15,93;-0,013765;-0,073723;0,062087;-0,995249;20,466438;390,473877;31,828131;0,15314;-0,13114;0,035361;-0,978826;-27,448669;417,702759;-489,156769;;;;;;;
1594;15,94;-0,015549;-0,073318;0,06264;-0,995218;20,235779;390,176788;31,360876;0,153205;-0,13107;0,035518;-0,978819;-27,422291;417,65329;-489,14624;;;;;;;
1595;15,95;-0,016841;-0,07251;0,062596;-0,995259;20,012381;389,944366;30,955608;0,153072;-0,131078;0,035052;-0,978856;-27,363457;417,765991;-489,175781;;;;;;;
1596;15,96;-0,018626;-0,072434;0,063106;-0,995201;19,857658;389,663605;30,547735;0,153133;-0,13108;0,035311;-0,978837;-27,405241;417,715179;-489,155457;;;;;;;
1597;15,97;-0,019935;-0,072114;0,063464;-0,995176;19,745144;389,457489;30,191599;0,153163;-0,13106;0,035744;-0,978819;-27,443367;417,675232;-489,144104;;;;;;;
1598;15,98;-0,019662;-0,073199;0,063984;-0,995069;19,879662;389,409851;29,913214;0,153156;-0,131136;0,035226;-0,978829;-27,416325;417,729492;-489,142456;;;;;;;
1599;15,99;-0,021093;-0,076093;0,064185;-0,994809;19,999792;389,163605;29,512915;0,153065;-0,131059;0,035337;-0,978849;-27,39422;417,78653;-489,167297;;;;;;;
1600;16;-0,023778;-0,072883;0,06441;-0,994974;19,633011;388,818176;29,353189;0,153341;-0,131001;0,035664;-0,978802;-27,406096;417,536713;-489,119568;;;;;;;
1601;16,01;-0,024611;-0,074051;0,065214;-0,994816;19,63611;388,663483;29,008722;0,152965;-0,131211;0,035099;-0,978853;-27,483027;417,823212;-489,17157;;;;;;;
1602;16,02;-0,026779;-0,076392;0,06599;-0,994531;19,705172;388,330475;28,614868;0,152994;-0,131003;0,034965;-0,978881;-27,333475;417,786469;-489,162231;;;;;;;
1603;16,03;-0,028011;-0,07319;0,065598;-0,994764;19,303761;388,160522;28,410419;0,153074;-0,130998;0,035307;-0,978857;-27,358654;417,723785;-489,168701;;;;;;;
1604;16,04;-0,030176;-0,074653;0,066305;-0,994545;19,260786;387,866425;28,00481;0,153128;-0,131204;0,035332;-0,97882;-27,509195;417,692841;-489,140259;;;;;;;
1605;16,05;-0,03091;-0,076284;0,066849;-0,994362;19,305267;387,729126;27,597567;0,15301;-0,131088;0,034932;-0,978869;-27,380903;417,784851;-489,173248;;;;;;;
1606;16,06;-0,032001;-0,074008;0,067215;-0,994475;18,969252;387,609589;27,369356;0,152987;-0,131006;0,034956;-0,978882;-27,309547;417,770508;-489,18222;;;;;;;
1607;16,07;-0,034003;-0,075146;0,067854;-0,99428;18,881363;387,365875;27,019741;0,153167;-0,131196;0,035154;-0,978822;-27,450485;417,711243;-489,139679;;;;;;;
1608;16,08;-0,034651;-0,075956;0,06831;-0,994165;18,881815;387,279785;26,751654;0,153095;-0,130965;0,036097;-0,97883;-27,433107;417,704895;-489,138428;;;;;;;
1609;16,09;-0,037054;-0,074675;0,068988;-0,994128;18,679327;386,988373;26,546724;0,153222;-0,130813;0,035618;-0,978847;-27,247791;417,633636;-489,138306;;;;;;;
1610;16,1;-0,038186;-0,075617;0,069462;-0,993981;18,695024;386,810059;26,289301;0,153011;-0,1311;0,035097;-0,978861;-27,374201;417,817139;-489,175995;;;;;;;
1611;16,11;-0,039888;-0,077083;0,069818;-0,993777;18,760246;386,538025;25,989752;0,153142;-0,131241;0,035348;-0,978813;-27,481943;417,691406;-489,131378;;;;;;;
1612;16,12;-0,041871;-0,076114;0,070041;-0,993754;18,616079;386,225098;25,759315;0,153045;-0,131012;0,035308;-0,97886;-27,325649;417,763275;-489,168854;;;;;;;
1613;16,13;-0,043194;-0,077077;0,070404;-0,993598;18,663517;385,94043;25,448078;0,153034;-0,131023;0,035183;-0,978864;-27,345198;417,763306;-489,171356;;;;;;;
1614;16,14;-0,044194;-0,079019;0,070849;-0,99337;18,811157;385,692322;25,135893;0,153051;-0,131254;0,035086;-0,978835;-27,484798;417,748016;-489,141693;;;;;;;
1615;16,15;-0,045322;-0,078413;0,070755;-0,993374;18,681627;385,48465;24,83555;0,153021;-0,131049;0,035125;-0,978865;-27,343235;417,75412;-489,149933;;;;;;;
1616;16,16;-0,047714;-0,077021;0,070868;-0,993362;18,401741;385,134338;24,485607;0,153103;-0,130985;0,034896;-0,978869;-27,261982;417,722137;-489,156128;;;;;;;
1617;16,17;-0,048328;-0,078578;0,071029;-0,993199;18,389612;384,973114;24,022032;0,152911;-0,131272;0,035255;-0,978848;-27,496506;417,841278;-489,166748;;;;;;;
1618;16,18;-0,050148;-0,077548;0,071223;-0,993176;18,229355;384,665985;23,615032;0,153096;-0,131185;0,03524;-0,978831;-27,435053;417,697052;-489,136047;;;;;;;
1619;16,19;-0,051674;-0,075542;0,07127;-0,993249;17,909124;384,405029;23,175583;0,152929;-0,130928;0,034951;-0,978902;-27,219017;417,838684;-489,189209;;;;;;;
1620;16,2;-0,052982;-0,076703;0,071134;-0,993101;17,838247;384,140717;22,654388;0,153029;-0,131068;0,035232;-0,978858;-27,343979;417,736633;-489,157501;;;;;;;
1621;16,21;-0,054748;-0,075197;0,070768;-0,993147;17,629545;383,829681;22,1707;0,153016;-0,131301;0,035249;-0,978828;-27,509701;417,774139;-489,164185;;;;;;;
1622;16,22;-0,056031;-0,074007;0,071231;-0,993131;17,293619;383,576813;21,699333;0,153042;-0,130893;0,035303;-0,978876;-27,250645;417,73999;-489,174042;;;;;;;
1623;16,23;-0,05783;-0,07409;0,07118;-0,993026;17,239117;383,237061;21,179811;0,152911;-0,131031;0,035091;-0,978886;-27,293634;417,834381;-489,192535;;;;;;;
1624;16,24;-0,058886;-0,073876;0,071137;-0,992983;17,028969;383,033936;20,679686;0,152992;-0,131264;0,035054;-0,978843;-27,447113;417,782501;-489,162476;;;;;;;
1625;16,25;-0,060205;-0,072366;0,071065;-0,99302;16,828356;382,763306;20,260368;0,153128;-0,131062;0,035081;-0,978848;-27,31144;417,667725;-489,12442;;;;;;;
1626;16,26;-0,061418;-0,072956;0,070948;-0,992911;16,817078;382,494476;19,721575;0,152793;-0,130985;0,035026;-0,978913;-27,242878;417,90271;-489,195587;;;;;;;
1627;16,27;-0,063518;-0,072438;0,071099;-0,992806;16,554886;382,139496;19,243113;0,153056;-0,13117;0,034955;-0,97885;-27,358845;417,716003;-489,143188;;;;;;;
1628;16,28;-0,06487;-0,070778;0,070626;-0,992872;16,320362;381,802704;18,786026;0,152917;-0,131312;0,035087;-0,978847;-27,475525;417,838715;-489,159637;;;;;;;
1629;16,29;-0,066197;-0,071764;0,070686;-0,992709;16,285404;381,519867;18,261675;0,152954;-0,131029;0,035243;-0,978874;-27,29277;417,780243;-489,168488;;;;;;;
1630;16,3;-0,067494;-0,070413;0,070895;-0,992704;16,060396;381,287201;17,835854;0,152961;-0,131015;0,035018;-0,978883;-27,276333;417,804901;-489,174591;;;;;;;
1631;16,31;-0,067589;-0,069327;0,070818;-0,992779;15,934408;381,22226;17,473289;0,153004;-0,1313;0,035036;-0,978837;-27,480331;417,780243;-489,147919;;;;;;;
1632;16,32;-0,066594;-0,072153;0,070859;-0,992642;16,236259;381,299133;17,056377;0,152869;-0,131115;0,03531;-0,978873;-27,369768;417,855225;-489,159271;;;;;;;
1633;16,33;-0,065589;-0,073845;0,070979;-0,992576;16,284046;381,443665;16,645767;0,152847;-0,130962;0,03506;-0,978906;-27,24151;417,829315;-489,163452;;;;;;;
1634;16,34;-0,068162;-0,0698;0,071924;-0,992627;15,716043;381,222809;16,333174;0,153118;-0,131313;0,034184;-0,978848;-27,386187;417,682556;-489,144104;;;;;;;
1635;16,35;-0,068794;-0,069503;0,071893;-0,992607;15,489552;381,156494;15,926212;0,152797;-0,131254;0,035053;-0,978875;-27,443716;417,899323;-489,179169;;;;;;;
1636;16,36;-0,069649;-0,071623;0,071906;-0,992396;15,486124;381,072968;15,419265;0,152951;-0,130977;0,0357;-0,978865;-27,289429;417,743439;-489,11734;;;;;;;
1637;16,37;-0,07114;-0,067971;0,07257;-0,992498;14,966123;380,970612;15,149162;0,152823;-0,131088;0,034595;-0,97891;-27,277935;417,901794;-489,189758;;;;;;;
1638;16,38;-0,071391;-0,067383;0,072991;-0,992489;14,71904;380,999573;14,796142;0,152977;-0,131315;0,034434;-0,978861;-27,420023;417,798889;-489,16571;;;;;;;
1639;16,39;-0,072331;-0,069511;0,073743;-0,992219;14,639752;381,019409;14,354948;0,152939;-0,131116;0,035644;-0,97885;-27,400993;417,799866;-489,143799;;;;;;;
1640;16,4;-0,072557;-0,065598;0,07394;-0,992454;14,039331;381,187317;14,133473;0,153112;-0,130892;0,035574;-0,978856;-27,223003;417,701416;-489,132202;;;;;;;
1641;16,41;-0,073643;-0,064369;0,074804;-0,99239;13,676387;381,269226;13,783033;0,152928;-0,131248;0,034793;-0,978865;-27,388475;417,8573;-489,177155;;;;;;;
1642;16,42;-0,073263;-0,065919;0,075576;-0,992258;13,530458;381,501312;13,401301;0,152908;-0,131208;0,035253;-0,978857;-27,394753;417,898193;-489,159515;;;;;;;
1643;16,43;-0,074286;-0,063299;0,07637;-0,992292;13,056682;381,511322;13,253433;0,15341;-0,130635;0,036729;-0,978801;-27,162357;417,588257;-489,088409;;;;;;;
1644;16,44;-0,074824;-0,063082;0,076503;-0,992255;12,908794;381,475555;13,046014;0,153224;-0,130918;0,036869;-0,978787;-27,366701;417,736237;-489,12677;;;;;;;
1645;16,45;-0,07506;-0,06515;0,076778;-0,992082;13,058148;381,458344;12,977307;0,153159;-0,131065;0,035847;-0,978815;-27,397593;417,821228;-489,143311;;;;;;;
1646;16,46;-0,076644;-0,06488;0,07734;-0,991935;13,055851;381,279419;13,069721;0,153227;-0,130879;0,035888;-0,978828;-27,28808;417,743134;-489,134369;;;;;;;
1647;16,47;-0,076832;-0,066299;0,077554;-0,99181;13,204098;381,24823;13,101217;0,153159;-0,130854;0,036403;-0,978823;-27,352575;417,702759;-489,109589;;;;;;;
1648;16,48;-0,077913;-0,067965;0,077641;-0,991606;13,354596;381,102539;13,096307;0,153104;-0,131167;0,035334;-0,978829;-27,48245;417,795929;-489,146545;;;;;;;
1649;16,49;-0,078279;-0,067055;0,077842;-0,991623;13,261134;381,063477;13,092736;0,153016;-0,131005;0,035133;-0,978871;-27,362722;417,799133;-489,157928;;;;;;;
1650;16,5;-0,078975;-0,067314;0,078192;-0,991523;13,217877;380,992706;12,948237;0,153054;-0,130938;0,035604;-0,978857;-27,358835;417,78421;-489,142487;;;;;;;
1651;16,51;-0,07965;-0,067617;0,078343;-0,991436;13,173766;380,937347;12,77833;0,15313;-0,131033;0,035766;-0,978827;-27,432964;417,733551;-489,126129;;;;;;;
1652;16,52;-0,079846;-0,066604;0,078624;-0,991467;13,018193;380,946625;12,682134;0,153077;-0,131149;0,03526;-0,978838;-27,451485;417,792572;-489,141174;;;;;;;
1653;16,53;-0,080796;-0,067451;0,079053;-0,991299;12,975479;380,863281;12,539281;0,153131;-0,130994;0,035367;-0,978847;-27,35849;417,778992;-489,146393;;;;;;;
1654;16,54;-0,080682;-0,068369;0,079421;-0,991216;12,983491;380,899536;12,466455;0,153227;-0,130889;0,036208;-0,978815;-27,365131;417,67218;-489,114777;;;;;;;
1655;16,55;-0,081366;-0,068105;0,079669;-0,991158;12,939241;380,836243;12,436425;0,153193;-0,131049;0,035897;-0,97881;-27,452847;417,730896;-489,130951;;;;;;;
1656;16,56;-0,081604;-0,068554;0,079704;-0,991105;12,942069;380,817627;12,307011;0,153098;-0,130958;0,035375;-0,978856;-27,316988;417,809174;-489,180054;;;;;;;
1657;16,57;-0,082159;-0,067886;0,079867;-0,991092;12,887511;380,761383;12,214929;0,153193;-0,130922;0,035897;-0,978827;-27,344028;417,717834;-489,146118;;;;;;;
1658;16,58;-0,082776;-0,067835;0,079967;-0,991036;12,85056;380,656433;12,060494;0,1532;-0,13086;0,036272;-0,978821;-27,343252;417,685913;-489,125824;;;;;;;
1659;16,59;-0,083192;-0,067568;0,08001;-0,991016;12,803214;380,594879;11,900943;0,153117;-0,131024;0,035452;-0,978842;-27,352917;417,756927;-489,153412;;;;;;;
1660;16,6;-0,084096;-0,067177;0,079937;-0,990972;12,75955;380,459564;11,754917;0,153089;-0,131046;0,035236;-0,978851;-27,351244;417,765503;-489,163483;;;;;;;
1661;16,61;-0,084577;-0,067517;0,079852;-0,990915;12,763499;380,362518;11,571822;0,153106;-0,1312;0,035136;-0,978831;-27,373671;417,752411;-489,144012;;;;;;;
1662;16,62;-0,0854;-0,067542;0,079715;-0,990853;12,702168;380,246033;11,361019;0,153048;-0,131174;0,035319;-0,978837;-27,443489;417,75647;-489,154968;;;;;;;
1663;16,63;-0,086014;-0,066745;0,079946;-0,990836;12,491583;380,194275;11,079921;0,152962;-0,131085;0,034859;-0,978879;-27,329205;417,82959;-489,188568;;;;;;;
1664;16,64;-0,086508;-0,065385;0,079949;-0,990883;12,29489;380,133026;10,783978;0,153023;-0,131081;0,035251;-0,978856;-27,368164;417,786652;-489,178558;;;;;;;
1665;16,65;-0,08706;-0,065228;0,080203;-0,990825;12,143597;380,044983;10,546721;0,153151;-0,130965;0,035922;-0,978827;-27,383247;417,683838;-489,145325;;;;;;;
1666;16,66;-0,087417;-0,064833;0,08022;-0,990818;12,038567;379,991547;10,331387;0,153084;-0,131087;0,035283;-0,978844;-27,374863;417,751648;-489,172424;;;;;;;
1667;16,67;-0,088237;-0,065401;0,080468;-0,990688;11,979245;379,859619;10,078178;0,152962;-0,130973;0,035084;-0,978886;-27,308844;417,810974;-489,200775;;;;;;;
1668;16,68;-0,088247;-0,066419;0,080514;-0,990615;12,011426;379,830536;9,859289;0,152974;-0,131091;0,03514;-0,978866;-27,369627;417,786072;-489,178925;;;;;;;
1669;16,69;-0,089219;-0,066432;0,080584;-0,990522;11,966466;379,698303;9,596412;0,152999;-0,131121;0,035155;-0,978858;-27,397461;417,759521;-489,171478;;;;;;;
1670;16,7;-0,090312;-0,064897;0,080658;-0,990518;11,763049;379,553253;9,354694;0,152961;-0,131056;0,034734;-0,978887;-27,312162;417,774933;-489,187683;;;;;;;
1671;16,71;-0,090609;-0,064773;0,080569;-0,990507;11,667113;379,484283;9,00391;0,152812;-0,131077;0,034515;-0,978916;-27,294466;417,881409;-489,208344;;;;;;;
1672;16,72;-0,092021;-0,064142;0,080842;-0,990395;11,429641;379,337036;8,578069;0,152948;-0,131149;0,035016;-0,978867;-27,411312;417,767883;-489,164063;;;;;;;
1673;16,73;-0,092383;-0,061792;0,080609;-0,99053;11,085267;379,336273;8,200115;0,152954;-0,131097;0,034953;-0,978875;-27,364864;417,766083;-489,184875;;;;;;;
1674;16,74;-0,093145;-0,061622;0,080547;-0,990474;10,920626;379,251617;7,818016;0,153026;-0,131108;0,034557;-0,978877;-27,328568;417,739014;-489,184113;;;;;;;
1675;16,75;-0,093677;-0,060904;0,080824;-0,990446;10,731346;379,231018;7,498809;0,153013;-0,131169;0,034823;-0,978861;-27,389309;417,75882;-489,187164;;;;;;;
1676;16,76;-0,094351;-0,060064;0,081162;-0,990406;10,526333;379,184082;7,276036;0,153049;-0,131055;0,035373;-0,978851;-27,352299;417,705231;-489,176483;;;;;;;
1677;16,77;-0,094897;-0,060936;0,081594;-0,990264;10,532404;379,134491;7,146331;0,152959;-0,131154;0,034974;-0,978866;-27,346466;417,81134;-489,195313;;;;;;;
1678;16,78;-0,095005;-0,061263;0,081662;-0,990228;10,56809;379,145721;7,112603;0,153026;-0,131116;0,034821;-0,978866;-27,28936;417,779205;-489,17984;;;;;;;
1679;16,79;-0,095585;-0,061082;0,081814;-0,990171;10,541452;379,089661;7,082923;0,15308;-0,13117;0,035194;-0,978837;-27,331192;417,735046;-489,169586;;;;;;;
1680;16,8;-0,095459;-0,061337;0,081902;-0,99016;10,551682;379,109131;7,043624;0,153069;-0,131099;0,035476;-0,978838;-27,309141;417,740692;-489,149719;;;;;;;
1681;16,81;-0,095757;-0,061424;0,082044;-0,990114;10,542231;379,084106;7,031096;0,153083;-0,131318;0,034717;-0,978834;-27,333811;417,777039;-489,167725;;;;;;;
1682;16,82;-0,095756;-0,061246;0,082058;-0,990124;10,527226;379,101227;7,017419;0,153044;-0,131164;0,035135;-0,978846;-27,302519;417,782013;-489,160156;;;;;;;
1683;16,83;-0,095656;-0,06138;0,082044;-0,990127;10,537989;379,117523;7,019717;0,153203;-0,131236;0,035205;-0,978809;-27,305733;417,691193;-489,139404;;;;;;;
1684;16,84;-0,095693;-0,061361;0,082115;-0,990119;10,53236;379,128906;7,034753;0,153097;-0,131125;0,03537;-0,978834;-27,29393;417,751373;-489,169037;;;;;;;
1685;16,85;-0,095377;-0,061322;0,08216;-0,990148;10,510276;379,2034;7,071878;0,153206;-0,130957;0,035361;-0,97884;-27,205103;417,679138;-489,145813;;;;;;;
1686;16,86;-0,095528;-0,06142;0,08217;-0,990126;10,510859;379,197327;7,109251;0,15319;-0,130979;0,035519;-0,978834;-27,217781;417,707062;-489,152039;;;;;;;
1687;16,87;-0,095198;-0,061194;0,082114;-0,990177;10,504542;379,242401;7,172733;0,153323;-0,13108;0,0356;-0,978797;-27,313877;417,620605;-489,115509;;;;;;;
1688;16,88;-0,09529;-0,061348;0,08207;-0,990162;10,525429;379,224823;7,247097;0,153226;-0,131005;0,035522;-0,978825;-27,345465;417,649384;-489,135223;;;;;;;
1689;16,89;-0,095485;-0,061767;0,082103;-0,990114;10,595756;379,184509;7,346172;0,153161;-0,131072;0,035029;-0,978844;-27,342598;417,697754;-489,148285;;;;;;;
1690;16,9;-0,095456;-0,062177;0,081987;-0,990101;10,693818;379,151917;7,448134;0,153166;-0,13112;0,035122;-0,978833;-27,402166;417,659088;-489,139801;;;;;;;
1691;16,91;-0,095527;-0,062778;0,081793;-0,990072;10,814072;379,105988;7,54433;0,15314;-0,131116;0,03483;-0,978848;-27,383608;417,666107;-489,143433;;;;;;;
1692;16,92;-0,095268;-0,062677;0,081691;-0,990112;10,843204;379,130524;7,584527;0,153157;-0,131077;0,034631;-0,978858;-27,358839;417,647614;-489,146149;;;;;;;
1693;16,93;-0,095422;-0,062293;0,081722;-0,990119;10,787293;379,124908;7,559915;0,15319;-0,131029;0,034993;-0,978846;-27,386229;417,611877;-489,145264;;;;;;;
1694;16,94;-0,09524;-0,061913;0,08177;-0,990156;10,740436;379,175507;7,581857;0,153293;-0,131084;0,035079;-0,97882;-27,412796;417,559326;-489,13562;;;;;;;
1695;16,95;-0,095136;-0,062277;0,081757;-0,990145;10,75993;379,208954;7,60668;0,153214;-0,131071;0,034849;-0,978842;-27,389395;417,634827;-489,15863;;;;;;;
1696;16,96;-0,09502;-0,062295;0,08169;-0,99016;10,748719;379,221039;7,637294;0,153263;-0,131038;0,034922;-0,978836;-27,399971;417,595795;-489,153748;;;;;;;
1697;16,97;-0,095055;-0,061842;0,081683;-0,990186;10,708766;379,226685;7,617666;0,153257;-0,131004;0,035207;-0,978831;-27,427361;417,584686;-489,147156;;;;;;;
1698;16,98;-0,095141;-0,061996;0,081763;-0,990161;10,693631;379,192413;7,611412;0,153282;-0,130981;0,035104;-0,978834;-27,417046;417,559631;-489,132172;;;;;;;
1699;16,99;-0,095115;-0,062376;0,081741;-0,990142;10,733736;379,185059;7,61056;0,153219;-0,130924;0,034886;-0,97886;-27,365408;417,605804;-489,136414;;;;;;;
1700;17;-0,095317;-0,062511;0,081752;-0,990113;10,721267;379,1539;7,595023;0,153195;-0,131005;0,035003;-0,978848;-27,437466;417,613129;-489,140228;;;;;;;
1701;17,01;-0,095361;-0,062427;0,081949;-0,990098;10,659994;379,154938;7,551838;0,153272;-0,131098;0,035056;-0,978822;-27,510033;417,555817;-489,127625;;;;;;;
1702;17,02;-0,095471;-0,062449;0,082051;-0,990077;10,635097;379,163574;7,534497;0,153233;-0,130967;0,034902;-0,978851;-27,423502;417,591064;-489,141388;;;;;;;
1703;17,03;-0,095562;-0,062767;0,081999;-0,990053;10,647756;379,158447;7,528169;0,153305;-0,130947;0,035016;-0,978838;-27,450232;417,528961;-489,126556;;;;;;;
1704;17,04;-0,095587;-0,062681;0,082051;-0,990051;10,610821;379,156982;7,510936;0,153232;-0,130988;0,035226;-0,978837;-27,528053;417,575409;-489,153992;;;;;;;
1705;17,05;-0,095775;-0,062439;0,082152;-0,99004;10,549784;379,139862;7,473473;0,153309;-0,130922;0,035189;-0,978835;-27,484825;417,517853;-489,134705;;;;;;;
1706;17,06;-0,095727;-0,062549;0,082182;-0,990035;10,565381;379,147827;7,469748;0,153198;-0,130918;0,034807;-0,978866;-27,420488;417,615295;-489,170746;;;;;;;
1707;17,07;-0,095937;-0,062986;0,082182;-0,989987;10,617208;379,1073;7,45502;0,153257;-0,130954;0,034919;-0,978848;-27,443405;417,565735;-489,147308;;;;;;;
1708;17,08;-0,096045;-0,062897;0,082079;-0,989991;10,619068;379,082703;7,430444;0,153271;-0,130896;0,034983;-0,978852;-27,399555;417,545593;-489,129181;;;;;;;
1709;17,09;-0,096246;-0,062777;0,08207;-0,98998;10,610448;379,056946;7,395011;0,153212;-0,130902;0,034818;-0,978866;-27,39044;417,581268;-489,141571;;;;;;;
1710;17,1;-0,096369;-0,063014;0,082017;-0,989957;10,643321;379,028992;7,382348;0,153213;-0,130941;0,034653;-0,978866;-27,378958;417,589172;-489,139862;;;;;;;
1711;17,11;-0,096347;-0,063133;0,082088;-0,989946;10,657897;379,029114;7,376645;0,153184;-0,130937;0,034871;-0,978864;-27,394835;417,601532;-489,149231;;;;;;;
1712;17,12;-0,096469;-0,063029;0,082062;-0,989943;10,633533;379,012085;7,352121;0,153235;-0,130923;0,034912;-0,978856;-27,394873;417,561096;-489,135254;;;;;;;
1713;17,13;-0,096488;-0,06291;0,082165;-0,98994;10,603568;379,024261;7,327339;0,153206;-0,130984;0,034536;-0,978866;-27,371956;417,606476;-489,144257;;;;;;;
1714;17,14;-0,096618;-0,063168;0,082189;-0,989909;10,641436;379,009186;7,327876;0,153208;-0,130986;0,034781;-0,978857;-27,40901;417,588654;-489,142395;;;;;;;
1715;17,15;-0,096631;-0,063286;0,082246;-0,989896;10,663881;378,993164;7,31187;0,153175;-0,130957;0,034899;-0,978861;-27,386396;417,606567;-489,146362;;;;;;;
1716;17,16;-0,096728;-0,06308;0,082287;-0,989896;10,646008;378,987244;7,279814;0,153196;-0,130962;0,034733;-0,978864;-27,362511;417,595856;-489,140259;;;;;;;
1717;17,17;-0,096892;-0,06294;0,08236;-0,989882;10,630637;378,980865;7,254466;0,153217;-0,131089;0,034595;-0,978848;-27,408438;417,594849;-489,135559;;;;;;;
1718;17,18;-0,096919;-0,063176;0,082364;-0,989865;10,65654;378,978546;7,24536;0,153197;-0,131136;0,034808;-0,978837;-27,452272;417,605316;-489,14505;;;;;;;
1719;17,19;-0,097027;-0,063312;0,082419;-0,989841;10,657548;378,969452;7,231155;0,153203;-0,131084;0,034797;-0,978844;-27,404709;417,612427;-489,138428;;;;;;;
1720;17,2;-0,097056;-0,062959;0,082439;-0,989859;10,613253;378,974915;7,20231;0,153198;-0,131048;0,034718;-0,978852;-27,38517;417,61676;-489,149567;;;;;;;
1721;17,21;-0,097191;-0,062998;0,08254;-0,989834;10,598035;378,979675;7,187316;0,153186;-0,131075;0,034839;-0,978846;-27,416285;417,623291;-489,162964;;;;;;;
1722;17,22;-0,097174;-0,063284;0,082522;-0,989819;10,632065;378,982574;7,187723;0,153183;-0,131032;0,03507;-0,978844;-27,39332;417,626221;-489,16037;;;;;;;
1723;17,23;-0,097212;-0,063315;0,082631;-0,989805;10,630893;378,990479;7,177576;0,153205;-0,131106;0,034966;-0,978834;-27,418444;417,618042;-489,156677;;;;;;;
1724;17,24;-0,097309;-0,063105;0,082644;-0,989807;10,619678;378,977661;7,152948;0,153186;-0,131067;0,034794;-0,978849;-27,357109;417,641876;-489,163971;;;;;;;
1725;17,25;-0,097405;-0,063088;0,082557;-0,989806;10,630337;378,965759;7,134933;0,153222;-0,131096;0,034888;-0,978836;-27,381739;417,606995;-489,162018;;;;;;;
1726;17,26;-0,09747;-0,063468;0,082589;-0,989773;10,659771;378,946594;7,135;0,15323;-0,131047;0,034998;-0,978837;-27,373116;417,591614;-489,145752;;;;;;;
1727;17,27;-0,097478;-0,063298;0,082475;-0,989793;10,644144;378,93869;7,12901;0,153218;-0,131134;0,034736;-0,978837;-27,424501;417,602203;-489,153839;;;;;;;
1728;17,28;-0,097482;-0,063319;0,082516;-0,989788;10,608526;378,921326;7,119925;0,153179;-0,131035;0,034705;-0,978857;-27,378044;417,618042;-489,161346;;;;;;;
1729;17,29;-0,097513;-0,06319;0,082455;-0,989798;10,605117;378,914032;7,122728;0,153205;-0,131035;0,034836;-0,978849;-27,4065;417,586975;-489,153625;;;;;;;
1730;17,3;-0,097479;-0,063432;0,082512;-0,989781;10,621392;378,915161;7,134734;0,153236;-0,131024;0,034796;-0,978847;-27,402155;417,564209;-489,138306;;;;;;;
1731;17,31;-0,097465;-0,063359;0,082404;-0,989796;10,619912;378,916534;7,13838;0,153205;-0,130958;0,034636;-0,978866;-27,35058;417,590027;-489,14389;;;;;;;
1732;17,32;-0,097368;-0,063164;0,08242;-0,989817;10,615767;378,920929;7,145217;0,153199;-0,131058;0,03474;-0,97885;-27,426119;417,587921;-489,163239;;;;;;;
1733;17,33;-0,097363;-0,06324;0,08231;-0,989821;10,634238;378,91861;7,158347;0,153201;-0,131114;0,034663;-0,978845;-27,430574;417,599823;-489,157135;;;;;;;
1734;17,34;-0,09716;-0,06329;0,082325;-0,989837;10,654678;378,931915;7,190979;0,153215;-0,131013;0,034742;-0,978853;-27,39909;417,570801;-489,14917;;;;;;;
1735;17,35;-0,097072;-0,063305;0,082268;-0,989849;10,658372;378,932495;7,221198;0,153144;-0,130976;0,034604;-0,978874;-27,370331;417,627686;-489,169495;;;;;;;
1736;17,36;-0,096943;-0,063241;0,082208;-0,989871;10,653568;378,933228;7,247754;0,153184;-0,13094;0,034686;-0,97887;-27,360806;417,589996;-489,159088;;;;;;;
1737;17,37;-0,09677;-0,063274;0,082193;-0,989887;10,658716;378,948578;7,276408;0,153178;-0,130901;0,034707;-0,978875;-27,355061;417,587738;-489,162109;;;;;;;
1738;17,38;-0,096692;-0,063199;0,082204;-0,989899;10,642874;378,963104;7,305961;0,1532;-0,130902;0,034724;-0,978871;-27,382769;417,567505;-489,153229;;;;;;;
1739;17,39;-0,096595;-0,063163;0,082072;-0,989921;10,63312;378,990601;7,329534;0,153192;-0,130879;0,03484;-0,978871;-27,380886;417,573364;-489,15213;;;;;;;
1740;17,4;-0,096532;-0,063182;0,082218;-0,989914;10,641462;379,011261;7,344265;0,153259;-0,131046;0,034775;-0,978841;-27,457056;417,54541;-489,144501;;;;;;;
1741;17,41;-0,096477;-0,063195;0,082091;-0,989929;10,654417;379,012299;7,355364;0,153204;-0,130935;0,034884;-0,97886;-27,423698;417,566315;-489,146515;;;;;;;
1742;17,42;-0,096499;-0,063274;0,082215;-0,989912;10,662235;378,998383;7,356575;0,153225;-0,130858;0,034852;-0,978869;-27,380415;417,542847;-489,129242;;;;;;;
1743;17,43;-0,096527;-0,063169;0,082094;-0,989926;10,661921;378,988586;7,345101;0,15322;-0,130879;0,034761;-0,97887;-27,37542;417,546875;-489,143768;;;;;;;
1744;17,44;-0,096509;-0,063164;0,082051;-0,989931;10,651908;378,985779;7,347553;0,153203;-0,130844;0,034884;-0,978873;-27,395174;417,548004;-489,140228;;;;;;;
1745;17,45;-0,096525;-0,063138;0,082003;-0,989935;10,643222;378,981201;7,34445;0,153213;-0,13088;0,03479;-0,97887;-27,42634;417,54599;-489,148834;;;;;;;
1746;17,46;-0,096519;-0,063197;0,08208;-0,989926;10,62012;379,002411;7,339649;0,153192;-0,130926;0,034744;-0,978869;-27,44104;417,574493;-489,163635;;;;;;;
1747;17,47;-0,09657;-0,063175;0,08217;-0,989915;10,607571;379,017365;7,329052;0,153232;-0,130913;0,035186;-0,978848;-27,496859;417,52771;-489,164276;;;;;;;
1748;17,48;-0,096612;-0,063149;0,082131;-0,989916;10,614553;379,02005;7,319857;0,153233;-0,130942;0,034957;-0,978852;-27,454773;417,556427;-489,166473;;;;;;;
1749;17,49;-0,096673;-0,063272;0,082315;-0,989887;10,61156;379,023285;7,306847;0,153226;-0,13095;0,034895;-0,978855;-27,445015;417,562531;-489,161621;;;;;;;
1750;17,5;-0,09681;-0,063221;0,082413;-0,989868;10,610407;379,006958;7,290984;0,153198;-0,13093;0,034817;-0,978864;-27,398483;417,588043;-489,160187;;;;;;;
1751;17,51;-0,096812;-0,06318;0,082298;-0,98988;10,624747;378,979553;7,27366;0,153197;-0,130926;0,034894;-0,978862;-27,407078;417,579681;-489,157318;;;;;;;
1752;17,52;-0,09693;-0,063296;0,082349;-0,989857;10,626296;378,953827;7,258768;0,153174;-0,13085;0,034839;-0,978878;-27,355484;417,589813;-489,148224;;;;;;;
1753;17,53;-0,097064;-0,063264;0,082371;-0,989844;10,626629;378,945282;7,238164;0,153174;-0,130927;0,034637;-0,978875;-27,362986;417,605347;-489,149353;;;;;;;
1754;17,54;-0,097102;-0,063231;0,082432;-0,989837;10,626254;378,953308;7,222952;0,153178;-0,130953;0,034744;-0,978867;-27,374304;417,606689;-489,163116;;;;;;;
1755;17,55;-0,097158;-0,063383;0,082443;-0,989821;10,63707;378,962982;7,210858;0,153214;-0,131154;0,034726;-0,978835;-27,472805;417,59848;-489,164886;;;;;;;
1756;17,56;-0,097197;-0,063386;0,082571;-0,989807;10,654035;378,9758;7,199259;0,153215;-0,131094;0,034919;-0,978836;-27,467154;417,591125;-489,172089;;;;;;;
