Frame,Femur_Rotation_X,Femur_Rotation_Y,Femur_Rotation_Z,Femur_Rotation_W,Femur_Position_X,Femur_Position_Y,Femur_Position_Z
0,0.153655,-0.133364,0.03039,-0.978612,-28.026802,416.820129,-488.700745
1,0.153676,-0.133352,0.030587,-0.978604,-28.029083,416.815308,-488.7164
2,0.153676,-0.133352,0.030587,-0.978604,-28.029083,416.815308,-488.7164
3,0.153676,-0.133352,0.030587,-0.978604,-28.029083,416.815308,-488.7164
4,0.153557,-0.13348,0.030424,-0.97861,-28.028196,416.95462,-488.766693
5,0.153572,-0.133525,0.030452,-0.978601,-28.053747,416.942017,-488.752808
6,0.153575,-0.133353,0.030663,-0.978617,-27.999376,416.89505,-488.727356
7,0.153583,-0.13339,0.030529,-0.978615,-28.039841,416.869049,-488.709717
8,0.153578,-0.133344,0.030378,-0.978627,-28.014278,416.848907,-488.703705
9,0.153563,-0.133306,0.030373,-0.978634,-28.03404,416.829315,-488.699158
10,0.153567,-0.133327,0.030242,-0.978635,-28.068714,416.812012,-488.698303
11,0.153565,-0.133286,0.030123,-0.978645,-28.054325,416.807556,-488.701691
12,0.153616,-0.133334,0.03009,-0.978631,-28.101437,416.763855,-488.690094
13,0.153606,-0.133322,0.030131,-0.978633,-28.12591,416.757355,-488.684784
14,0.153627,-0.133298,0.030077,-0.978635,-28.128807,416.738831,-488.678802
15,0.153613,-0.133267,0.030046,-0.978642,-28.132,416.733124,-488.675964
16,0.153586,-0.13315,0.030225,-0.978657,-28.111126,416.722473,-488.672241
17,0.153608,-0.133074,0.030371,-0.978659,-28.108826,416.682556,-488.659241
18,0.153603,-0.133031,0.030368,-0.978666,-28.092844,416.685272,-488.654388
19,0.153611,-0.133115,0.030212,-0.978658,-28.106184,416.697784,-488.657745
20,0.15366,-0.133099,0.030386,-0.978647,-28.125813,416.664307,-488.640564
21,0.153659,-0.133175,0.030256,-0.978641,-28.141663,416.687469,-488.655121
22,0.153654,-0.133155,0.030282,-0.978644,-28.119946,416.697205,-488.653351
23,0.153661,-0.133151,0.030347,-0.978641,-28.116659,416.697632,-488.651428
24,0.153639,-0.133203,0.030336,-0.978638,-28.126678,416.731842,-488.66333
25,0.153659,-0.133235,0.030427,-0.978627,-28.157751,416.721893,-488.659943
26,0.153665,-0.133231,0.030243,-0.978633,-28.107285,416.746765,-488.668121
27,0.153688,-0.133281,0.030321,-0.97862,-28.166716,416.728333,-488.654449
28,0.153669,-0.133204,0.030334,-0.978633,-28.124058,416.733246,-488.660187
29,0.153697,-0.133218,0.030301,-0.978628,-28.147133,416.708466,-488.644836
30,0.153676,-0.133219,0.030319,-0.97863,-28.160599,416.709045,-488.652374
31,0.153675,-0.133186,0.030209,-0.978638,-28.119062,416.708893,-488.654114
32,0.153688,-0.13316,0.030297,-0.978637,-28.124722,416.686005,-488.649567
33,0.153687,-0.133097,0.030275,-0.978646,-28.081583,416.68396,-488.659363
34,0.153714,-0.133028,0.030434,-0.978647,-28.059114,416.653503,-488.650696
35,0.153724,-0.133144,0.030166,-0.978638,-28.087236,416.674744,-488.663818
36,0.153749,-0.133181,0.030355,-0.978623,-28.163088,416.642792,-488.652954
37,0.153729,-0.133133,0.030263,-0.978635,-28.107706,416.666168,-488.669006
38,0.153753,-0.133117,0.030469,-0.978627,-28.128374,416.640259,-488.662842
39,0.153757,-0.133143,0.03036,-0.978627,-28.101166,416.651154,-488.671997
40,0.153732,-0.133047,0.03049,-0.97864,-28.04435,416.660706,-488.685242
41,0.153735,-0.133106,0.030392,-0.978634,-28.046995,416.672333,-488.696472
42,0.153713,-0.133196,0.030212,-0.978631,-28.045042,416.712585,-488.723694
43,0.153747,-0.133122,0.030194,-0.978636,-27.97529,416.687988,-488.722839
44,0.153699,-0.133202,0.030113,-0.978635,-28.014524,416.715576,-488.746765
45,0.153727,-0.133122,0.030118,-0.978642,-27.953381,416.68338,-488.735809
46,0.153694,-0.133142,0.030116,-0.978644,-27.951649,416.693481,-488.745667
47,0.153699,-0.133243,0.030024,-0.978633,-28.002739,416.687622,-488.747406
48,0.153641,-0.133224,0.029909,-0.978648,-27.947432,416.735352,-488.770599
49,0.153631,-0.133228,0.030032,-0.978645,-27.96414,416.734161,-488.755981
50,0.153657,-0.133286,0.029912,-0.978637,-27.968409,416.73056,-488.755585
51,0.153617,-0.133314,0.029926,-0.978639,-27.990763,416.757446,-488.775909
52,0.15369,-0.133212,0.03006,-0.978637,-27.946018,416.700256,-488.742432
53,0.153656,-0.133268,0.030006,-0.978636,-27.96932,416.731293,-488.757172
54,0.153686,-0.13321,0.030064,-0.978638,-27.943623,416.707489,-488.743317
55,0.153663,-0.13325,0.030016,-0.978638,-27.9645,416.727844,-488.750519
56,0.153674,-0.133227,0.030044,-0.978638,-27.964962,416.717224,-488.746155
57,0.153724,-0.133152,0.030087,-0.978639,-27.932142,416.677307,-488.725525
58,0.153656,-0.133306,0.02986,-0.978636,-28.003052,416.740112,-488.743073
59,0.153677,-0.133161,0.030154,-0.978643,-27.969883,416.698914,-488.719574
60,0.153697,-0.13325,0.030053,-0.978631,-27.998772,416.700531,-488.70929
61,0.153667,-0.13329,0.030042,-0.97863,-28.011606,416.729767,-488.71759
62,0.153654,-0.13321,0.030084,-0.978642,-27.95252,416.748993,-488.718536
63,0.153668,-0.133277,0.030102,-0.97863,-27.980545,416.74765,-488.717133
64,0.153656,-0.133272,0.030121,-0.978632,-27.972322,416.759155,-488.720306
65,0.153647,-0.133239,0.030175,-0.978637,-27.968426,416.753021,-488.711792
66,0.15361,-0.133308,0.030003,-0.978638,-27.980333,416.783752,-488.720551
67,0.153608,-0.133269,0.030158,-0.978639,-27.995218,416.765961,-488.702087
68,0.153594,-0.133277,0.030126,-0.978641,-28.004124,416.765656,-488.697479
69,0.153582,-0.133273,0.030056,-0.978646,-27.993399,416.772461,-488.689484
70,0.153576,-0.133289,0.030131,-0.978642,-28.023983,416.766083,-488.680359
71,0.153533,-0.133269,0.030121,-0.978652,-28.000677,416.799042,-488.679138
72,0.153562,-0.13325,0.030185,-0.978648,-28.005161,416.775665,-488.661255
73,0.153563,-0.133361,0.030087,-0.978636,-28.061165,416.789764,-488.661194
74,0.153575,-0.133315,0.030207,-0.978636,-28.055866,416.774017,-488.650482
75,0.153576,-0.133281,0.030182,-0.978642,-28.020584,416.776672,-488.652008
76,0.153586,-0.133286,0.030191,-0.978639,-28.03418,416.768097,-488.64563
77,0.153586,-0.133315,0.030133,-0.978637,-28.040909,416.772736,-488.645325
78,0.153555,-0.133313,0.030104,-0.978643,-28.035164,416.795898,-488.65506
79,0.153563,-0.133356,0.030157,-0.978634,-28.08312,416.787994,-488.64856
80,0.153569,-0.133352,0.030102,-0.978636,-28.063457,416.794342,-488.650269
81,0.153587,-0.133282,0.030226,-0.978639,-28.028131,416.774017,-488.639557
82,0.153573,-0.133377,0.03018,-0.978629,-28.07725,416.794556,-488.640747
83,0.153567,-0.133303,0.030275,-0.978637,-28.033768,416.795349,-488.637634
84,0.153539,-0.133337,0.03026,-0.978638,-28.033493,416.822327,-488.649078
85,0.153568,-0.133369,0.030273,-0.978628,-28.048468,416.80957,-488.63855
86,0.153544,-0.133371,0.030256,-0.978632,-28.034298,416.831177,-488.646576
87,0.153547,-0.133397,0.030207,-0.97863,-28.046892,416.835236,-488.644043
88,0.153562,-0.13334,0.030245,-0.978634,-28.017317,416.820435,-488.640472
89,0.153583,-0.133296,0.03034,-0.978634,-28.019308,416.795013,-488.631195
90,0.153575,-0.133282,0.03029,-0.978638,-28.013916,416.799286,-488.633636
91,0.153579,-0.133327,0.03026,-0.978633,-28.045052,416.802124,-488.631958
92,0.153595,-0.133282,0.030303,-0.978635,-28.019156,416.787689,-488.634613
93,0.153597,-0.133339,0.030274,-0.978628,-28.053991,416.792664,-488.629944
94,0.153577,-0.133316,0.03029,-0.978634,-28.03964,416.800385,-488.632813
95,0.153574,-0.133424,0.03012,-0.978624,-28.073141,416.81839,-488.642029
96,0.15358,-0.13333,0.030297,-0.978631,-28.035677,416.799957,-488.63269
97,0.153585,-0.133312,0.030293,-0.978633,-28.01586,416.796387,-488.634705
98,0.153579,-0.133432,0.030161,-0.978621,-28.069317,416.813538,-488.644836
99,0.153594,-0.133397,0.030205,-0.978623,-28.045071,416.802551,-488.643951
100,0.153579,-0.133335,0.030299,-0.97863,-28.01931,416.806702,-488.646881
101,0.153621,-0.133339,0.030273,-0.978624,-28.013432,416.782043,-488.638733
102,0.15358,-0.133327,0.030307,-0.978631,-28.008326,416.80896,-488.645569
103,0.153617,-0.133391,0.030251,-0.978618,-28.038593,416.793549,-488.634308
104,0.153607,-0.133353,0.030349,-0.978622,-28.029764,416.792938,-488.633331
105,0.153591,-0.133347,0.030259,-0.978628,-28.005707,416.812622,-488.643433
106,0.1536,-0.133359,0.030272,-0.978625,-28.01833,416.806244,-488.641113
107,0.153605,-0.133355,0.030305,-0.978623,-28.028873,416.798279,-488.637878
108,0.153604,-0.133309,0.030372,-0.978628,-28.015253,416.785278,-488.638062
109,0.153596,-0.133336,0.030295,-0.978628,-28.031424,416.787323,-488.642517
110,0.153586,-0.133353,0.030181,-0.97863,-28.026131,416.800476,-488.65329
111,0.153579,-0.133355,0.030186,-0.978631,-28.025068,416.800873,-488.657654
112,0.153587,-0.133376,0.030215,-0.978626,-28.054783,416.792725,-488.651703
113,0.153571,-0.133356,0.030156,-0.978633,-28.031713,416.807312,-488.658356
114,0.153579,-0.133363,0.030216,-0.978629,-28.045815,416.793823,-488.65329
115,0.153583,-0.133377,0.030187,-0.978628,-28.054659,416.795074,-488.655487
116,0.153582,-0.13339,0.030118,-0.978628,-28.057081,416.801422,-488.657135
117,0.153595,-0.133384,0.030143,-0.978626,-28.057508,416.790161,-488.655884
118,0.153597,-0.133342,0.030225,-0.978629,-28.038752,416.782928,-488.657501
119,0.153589,-0.133397,0.030169,-0.978624,-28.06398,416.794647,-488.669281
120,0.153609,-0.133357,0.030208,-0.978625,-28.044588,416.778168,-488.665283
121,0.15364,-0.133352,0.030236,-0.97862,-28.048452,416.755951,-488.658051
122,0.153636,-0.133365,0.030176,-0.978621,-28.049416,416.760315,-488.659912
123,0.153615,-0.133362,0.030143,-0.978626,-28.056719,416.770996,-488.66568
124,0.153623,-0.133355,0.030121,-0.978626,-28.059439,416.762451,-488.660828
125,0.153622,-0.133352,0.030156,-0.978626,-28.068571,416.754395,-488.658661
126,0.153634,-0.133365,0.030075,-0.978624,-28.064415,416.750732,-488.65448
127,0.153625,-0.133325,0.030158,-0.978629,-28.052483,416.750427,-488.655731
128,0.153594,-0.133394,0.030093,-0.978626,-28.069317,416.788849,-488.673218
129,0.153595,-0.133333,0.03016,-0.978632,-28.024452,416.793518,-488.673004
130,0.153626,-0.133375,0.030195,-0.978621,-28.055229,416.777222,-488.668976
131,0.153629,-0.133398,0.030128,-0.978619,-28.047167,416.787262,-488.67511
132,0.153653,-0.133346,0.030254,-0.978619,-28.022738,416.765503,-488.665436
133,0.153656,-0.133379,0.030255,-0.978614,-28.044376,416.761627,-488.661011
134,0.153615,-0.133372,0.030225,-0.978622,-28.03746,416.786774,-488.668304
135,0.153604,-0.133432,0.030134,-0.978618,-28.060503,416.795258,-488.669708
136,0.153603,-0.133398,0.03021,-0.978621,-28.049641,416.787903,-488.662994
137,0.153561,-0.133372,0.030178,-0.978632,-28.024759,416.817261,-488.667786
138,0.15355,-0.133404,0.030202,-0.978628,-28.0497,416.824799,-488.66629
139,0.153555,-0.133352,0.030221,-0.978634,-28.015129,416.826233,-488.664063
140,0.153551,-0.133379,0.030259,-0.97863,-28.036777,416.832092,-488.665741
141,0.153574,-0.133383,0.030229,-0.978627,-28.03513,416.820953,-488.661652
142,0.153574,-0.133375,0.030247,-0.978627,-28.036625,416.819366,-488.663208
143,0.153588,-0.133286,0.030369,-0.978633,-28.010366,416.796814,-488.652954
144,0.153598,-0.133307,0.030366,-0.978629,-28.025574,416.793152,-488.646851
145,0.153585,-0.133391,0.03021,-0.978625,-28.056097,416.816681,-488.653137
146,0.153598,-0.133356,0.030281,-0.978625,-28.048237,416.806824,-488.644196
147,0.153597,-0.13333,0.03037,-0.978626,-28.050804,416.804596,-488.63797
148,0.153578,-0.133366,0.030309,-0.978626,-28.056295,416.828949,-488.643188
149,0.153543,-0.133355,0.030338,-0.978632,-28.050913,416.85553,-488.645447
150,0.153553,-0.133383,0.030339,-0.978627,-28.062212,416.8508,-488.643219
151,0.153574,-0.133357,0.030368,-0.978626,-28.047726,416.83725,-488.63443
152,0.153589,-0.133351,0.030346,-0.978625,-28.044582,416.82959,-488.637085
153,0.153583,-0.133375,0.030342,-0.978623,-28.065472,416.837708,-488.639648
154,0.153594,-0.133344,0.030432,-0.978623,-28.061684,416.827911,-488.639618
155,0.153615,-0.133315,0.030465,-0.978622,-28.046507,416.816711,-488.633636
156,0.1536,-0.133328,0.030458,-0.978623,-28.049715,416.834961,-488.641998
157,0.153619,-0.133324,0.030452,-0.978621,-28.043556,416.826385,-488.635437
158,0.153613,-0.133354,0.030449,-0.978618,-28.064123,416.831329,-488.634003
159,0.153608,-0.133305,0.030443,-0.978625,-28.034479,416.828674,-488.6315
160,0.153582,-0.13332,0.030402,-0.978629,-28.045132,416.844391,-488.633606
161,0.153585,-0.133335,0.030397,-0.978626,-28.057505,416.83493,-488.634094
162,0.153579,-0.133285,0.030465,-0.978632,-28.04574,416.822052,-488.629028
163,0.153581,-0.133259,0.030391,-0.978638,-28.017653,416.823303,-488.633423
164,0.153584,-0.133331,0.030378,-0.978628,-28.055515,416.831268,-488.63916
165,0.153597,-0.133295,0.030485,-0.978627,-28.036526,416.827637,-488.644775
166,0.153609,-0.133313,0.030494,-0.978622,-28.039526,416.830811,-488.648041
167,0.15362,-0.133314,0.030543,-0.978619,-28.04044,416.830566,-488.651215
168,0.153632,-0.133303,0.030533,-0.978619,-28.020315,416.830231,-488.653198
169,0.153578,-0.133285,0.030507,-0.978631,-28.001965,416.868073,-488.666504
170,0.15358,-0.133298,0.030531,-0.978628,-28.023329,416.855499,-488.659058
171,0.153582,-0.133322,0.030455,-0.978627,-28.027662,416.852661,-488.658813
172,0.153604,-0.133298,0.030471,-0.978626,-28.024767,416.827911,-488.652679
173,0.153572,-0.133321,0.030459,-0.978628,-28.053007,416.84491,-488.661591
174,0.15358,-0.133337,0.030356,-0.978628,-28.04608,416.851501,-488.665649
175,0.153595,-0.133331,0.030441,-0.978624,-28.051407,416.84491,-488.665131
176,0.153636,-0.133278,0.030537,-0.978622,-28.030636,416.818024,-488.656525
177,0.153629,-0.1333,0.030515,-0.978621,-28.045181,416.830872,-488.665649
178,0.15362,-0.133256,0.030501,-0.978628,-28.018314,416.836884,-488.667358
179,0.153623,-0.133293,0.030499,-0.978623,-28.044403,416.833252,-488.663452
180,0.153618,-0.133257,0.030556,-0.978627,-28.042158,416.825195,-488.654694
181,0.153592,-0.13336,0.030423,-0.978621,-28.105371,416.844971,-488.664795
182,0.1536,-0.133289,0.030441,-0.978629,-28.062864,416.834045,-488.663879
183,0.15361,-0.133293,0.030501,-0.978625,-28.07213,416.822235,-488.662201
184,0.153599,-0.133293,0.030488,-0.978627,-28.070427,416.830872,-488.667633
185,0.153598,-0.133311,0.030386,-0.978628,-28.069695,416.837646,-488.674927
186,0.153617,-0.133319,0.030458,-0.978622,-28.089642,416.824982,-488.670898
187,0.153649,-0.13325,0.030616,-0.978621,-28.072617,416.799683,-488.658783
188,0.153582,-0.13331,0.030498,-0.978627,-28.105932,416.862152,-488.685944
189,0.153635,-0.13331,0.030495,-0.978619,-28.115664,416.828247,-488.66861
190,0.153673,-0.133307,0.03047,-0.978614,-28.115313,416.810181,-488.666016
191,0.153698,-0.133182,0.030653,-0.978621,-28.082876,416.77829,-488.657715
192,0.153683,-0.133267,0.03045,-0.978619,-28.112713,416.797211,-488.67215
193,0.153668,-0.133167,0.030525,-0.978632,-28.064844,416.792816,-488.673096
194,0.153673,-0.133178,0.030562,-0.978629,-28.081533,416.779694,-488.670715
195,0.153682,-0.133256,0.030371,-0.978623,-28.100977,416.782166,-488.669342
196,0.153689,-0.133297,0.030323,-0.978617,-28.11787,416.778168,-488.66571
197,0.153675,-0.133241,0.030492,-0.978622,-28.093315,416.786835,-488.668457
198,0.153664,-0.133268,0.030555,-0.978618,-28.098875,416.810455,-488.674774
199,0.153653,-0.133185,0.030811,-0.978623,-28.055164,416.866119,-488.716125
200,0.153698,-0.133267,0.030939,-0.978601,-28.092909,416.779297,-488.677795
201,0.153468,-0.133364,0.030341,-0.978642,-28.084066,416.984985,-488.724609
202,0.153679,-0.133265,0.03042,-0.97862,-28.005856,416.83548,-488.692993
203,0.153615,-0.133381,0.030917,-0.978599,-28.138641,416.80069,-488.682434
204,0.153578,-0.133318,0.030309,-0.978633,-28.034733,416.907043,-488.703247
205,0.153588,-0.133292,0.030523,-0.978628,-28.029371,416.842377,-488.69809
206,0.153635,-0.13333,0.030676,-0.978611,-28.071648,416.833862,-488.699768
207,0.153681,-0.133342,0.030504,-0.978607,-28.054754,416.834595,-488.692352
208,0.153566,-0.13326,0.030619,-0.978633,-28.032497,416.858795,-488.709869
209,0.15362,-0.133351,0.030262,-0.978623,-28.061014,416.856323,-488.701721
210,0.153581,-0.133342,0.030548,-0.978621,-28.09267,416.838318,-488.688477
211,0.153575,-0.133262,0.030393,-0.978638,-28.022182,416.852844,-488.705933
212,0.153554,-0.133321,0.030265,-0.978637,-28.06319,416.866974,-488.706177
213,0.15361,-0.13341,0.030336,-0.978614,-28.130268,416.82077,-488.68576
214,0.153589,-0.133219,0.030444,-0.97864,-28.01297,416.849915,-488.702942
215,0.153589,-0.133236,0.030552,-0.978634,-28.036558,416.828613,-488.694824
216,0.153605,-0.133387,0.030337,-0.978618,-28.111511,416.857849,-488.697021
217,0.153614,-0.133296,0.030564,-0.978622,-28.060186,416.833862,-488.69339
218,0.153609,-0.133231,0.030598,-0.97863,-28.011732,416.835297,-488.697998
219,0.153572,-0.133395,0.030344,-0.978622,-28.088213,416.879333,-488.701782
220,0.153592,-0.133369,0.030477,-0.978618,-28.082087,416.837708,-488.682587
221,0.153572,-0.133305,0.030436,-0.978631,-28.014668,416.864288,-488.695923
222,0.153559,-0.133335,0.030474,-0.978628,-28.042118,416.856476,-488.687439
223,0.153569,-0.133437,0.030324,-0.978617,-28.096912,416.867615,-488.684906
224,0.153597,-0.133283,0.030523,-0.978628,-28.02166,416.8284,-488.674469
225,0.153559,-0.133327,0.030425,-0.978631,-28.037052,416.858673,-488.686584
226,0.153589,-0.133377,0.030379,-0.978621,-28.084745,416.844025,-488.675537
227,0.153577,-0.133309,0.030524,-0.978627,-28.060183,416.838287,-488.673218
228,0.153597,-0.133227,0.03053,-0.978635,-27.994211,416.840698,-488.672607
229,0.153554,-0.133355,0.030467,-0.978626,-28.075617,416.897552,-488.689178
230,0.153564,-0.133386,0.030556,-0.978618,-28.094467,417.044281,-488.77359
231,0.153738,-0.133349,0.031665,-0.97856,-28.1476,416.773224,-488.689117
232,0.153392,-0.133308,0.030168,-0.978667,-28.006138,417.092926,-488.75824
233,0.153514,-0.133457,0.02972,-0.978642,-28.098438,416.938721,-488.704041
234,0.153691,-0.133295,0.030961,-0.978597,-28.099499,416.730743,-488.63974
235,0.153467,-0.133272,0.030641,-0.978646,-28.0425,416.92807,-488.689606
236,0.15349,-0.133425,0.029814,-0.978647,-28.083094,416.894531,-488.688599
237,0.153545,-0.13349,0.030051,-0.978622,-28.135052,416.912811,-488.683319
238,0.15357,-0.133273,0.031285,-0.978609,-28.106693,416.813141,-488.654846
239,0.153466,-0.133316,0.030448,-0.978646,-28.054832,416.963348,-488.713623
240,0.153655,-0.133457,0.029875,-0.978615,-28.106981,416.850525,-488.676819
241,0.153522,-0.133381,0.030913,-0.978614,-28.150583,416.895111,-488.692139
242,0.153629,-0.133141,0.031064,-0.978625,-28.00528,416.841278,-488.687225
243,0.153556,-0.133358,0.030235,-0.978633,-28.080683,416.892761,-488.690338
244,0.153532,-0.133414,0.030321,-0.978626,-28.136457,416.931,-488.701477
245,0.153592,-0.133168,0.031173,-0.978624,-28.046295,416.840485,-488.687683
246,0.153552,-0.133256,0.030717,-0.978632,-28.067465,416.896149,-488.693176
247,0.153663,-0.133331,0.030285,-0.978618,-28.106905,416.879974,-488.68634
248,0.153485,-0.133329,0.031016,-0.978623,-28.147593,416.942719,-488.711212
249,0.153689,-0.133144,0.031021,-0.978617,-28.040857,416.804565,-488.666901
250,0.153584,-0.133275,0.030364,-0.978636,-28.092125,416.886017,-488.681732
251,0.15358,-0.133321,0.030454,-0.978627,-28.123791,416.856934,-488.674225
252,0.153568,-0.133313,0.03076,-0.978621,-28.138447,416.877991,-488.688995
253,0.153581,-0.133343,0.030543,-0.978621,-28.140184,416.850494,-488.670319
254,0.15363,-0.133299,0.030133,-0.978632,-28.090923,416.858368,-488.66507
255,0.153613,-0.133276,0.030695,-0.978621,-28.129892,416.835358,-488.667755
256,0.153695,-0.133214,0.030846,-0.978611,-28.101252,416.776947,-488.648407
257,0.153607,-0.133268,0.030377,-0.978633,-28.127459,416.855194,-488.661407
258,0.153638,-0.133199,0.030397,-0.978637,-28.08395,416.806793,-488.651978
259,0.153564,-0.133168,0.030913,-0.978636,-28.128447,416.84967,-488.678131
260,0.15366,-0.133229,0.030708,-0.978619,-28.142889,416.769165,-488.650238
261,0.153603,-0.133285,0.030222,-0.978636,-28.142088,416.843231,-488.670319
262,0.153654,-0.133234,0.03044,-0.978628,-28.094479,416.809906,-488.668793
263,0.153689,-0.133232,0.030853,-0.97861,-28.138453,416.774292,-488.656677
264,0.153666,-0.133208,0.030539,-0.978626,-28.103535,416.817657,-488.665314
265,0.153637,-0.133202,0.030441,-0.978635,-28.074703,416.833862,-488.677094
266,0.153648,-0.133234,0.030783,-0.978618,-28.118753,416.834137,-488.674255
267,0.153683,-0.133266,0.030838,-0.978606,-28.150698,416.796326,-488.664856
268,0.153579,-0.133258,0.030386,-0.978638,-28.097382,416.888306,-488.698181
269,0.153665,-0.133238,0.030469,-0.978625,-28.078049,416.823303,-488.67688
270,0.153609,-0.13327,0.030874,-0.978616,-28.159426,416.834991,-488.67749
271,0.153661,-0.133266,0.030485,-0.978621,-28.119709,416.813416,-488.669373
272,0.153599,-0.133299,0.03017,-0.978636,-28.113819,416.854858,-488.682831
273,0.153679,-0.133268,0.030541,-0.978616,-28.145178,416.775574,-488.646729
274,0.153575,-0.13323,0.030599,-0.978636,-28.134012,416.896393,-488.691315
275,0.153711,-0.133226,0.030763,-0.97861,-28.130507,416.933411,-488.747986
276,0.153792,-0.133142,0.031875,-0.978573,-28.224539,416.687775,-488.68219
277,0.153258,-0.13323,0.030087,-0.978702,-28.137007,417.095184,-488.753845
278,0.153659,-0.133256,0.029612,-0.97865,-28.11199,416.817078,-488.658264
279,0.153724,-0.13316,0.031265,-0.978601,-28.190556,416.655945,-488.628448
280,0.153532,-0.133292,0.030425,-0.97864,-28.202345,416.86734,-488.671844
281,0.153545,-0.133123,0.029739,-0.978682,-28.084496,416.820435,-488.661316
282,0.153713,-0.133153,0.030315,-0.978634,-28.128609,416.710175,-488.632813
283,0.153643,-0.133218,0.031016,-0.978614,-28.22426,416.730988,-488.630676
284,0.153515,-0.133098,0.030334,-0.978672,-28.12669,416.841705,-488.667755
285,0.153792,-0.133085,0.030036,-0.978639,-28.100595,416.664795,-488.615906
286,0.153512,-0.133178,0.031034,-0.978639,-28.21426,416.836914,-488.661102
287,0.153705,-0.133077,0.031216,-0.978617,-28.189957,416.709106,-488.640472
288,0.153586,-0.133106,0.03019,-0.978664,-28.106649,416.807526,-488.65918
289,0.153574,-0.133164,0.030117,-0.97866,-28.092663,416.847046,-488.66861
290,0.153657,-0.133158,0.031097,-0.978617,-28.177427,416.745819,-488.644409
291,0.153689,-0.133321,0.03048,-0.978609,-28.229635,416.741058,-488.631439
292,0.153564,-0.133088,0.02988,-0.978679,-28.043125,416.85733,-488.672791
293,0.153588,-0.133073,0.030838,-0.978648,-28.118227,416.79776,-488.660339
294,0.153762,-0.133155,0.031124,-0.9786,-28.214743,416.692078,-488.627747
295,0.153561,-0.133154,0.030275,-0.978659,-28.137468,416.902496,-488.69162
296,0.153711,-0.133043,0.030482,-0.978644,-28.080679,416.750488,-488.650787
297,0.153637,-0.13321,0.030873,-0.97862,-28.221123,416.801575,-488.659454
298,0.153725,-0.13313,0.030695,-0.978623,-28.163662,416.729797,-488.631561
299,0.153597,-0.133145,0.030165,-0.978658,-28.110626,416.81897,-488.659454
300,0.153691,-0.133091,0.030584,-0.978637,-28.105776,416.751984,-488.635223
301,0.153703,-0.133138,0.031159,-0.978611,-28.207977,416.719879,-488.628998
302,0.153654,-0.133078,0.030559,-0.978645,-28.096056,416.792206,-488.65741
303,0.153736,-0.133038,0.030519,-0.978639,-28.089096,416.746521,-488.646088
304,0.153649,-0.133197,0.030995,-0.978616,-28.221581,416.795258,-488.663513
305,0.153772,-0.13309,0.030897,-0.978615,-28.146015,416.715912,-488.64325
306,0.153618,-0.133131,0.03032,-0.978651,-28.126518,416.840668,-488.670563
307,0.153745,-0.133175,0.030537,-0.978619,-28.170736,416.732239,-488.635193
308,0.153665,-0.133117,0.031032,-0.978624,-28.193218,416.758362,-488.646484
309,0.153721,-0.133177,0.030358,-0.978628,-28.162706,416.742767,-488.635651
310,0.153652,-0.133155,0.030145,-0.978648,-28.14024,416.787872,-488.646759
311,0.153654,-0.13314,0.03067,-0.978634,-28.19492,416.737915,-488.636383
312,0.15369,-0.133249,0.030471,-0.978619,-28.23876,416.71759,-488.626862
313,0.153571,-0.133161,0.030095,-0.978662,-28.161848,416.819458,-488.658813
314,0.15368,-0.133052,0.030492,-0.978647,-28.124367,416.734222,-488.638672
315,0.153676,-0.133164,0.030942,-0.978618,-28.234035,416.74762,-488.633636
316,0.153759,-0.133095,0.030712,-0.978622,-28.174084,416.70697,-488.627411
317,0.153651,-0.133085,0.030373,-0.978651,-28.109365,416.803619,-488.662659
318,0.15376,-0.133049,0.030854,-0.978624,-28.151642,416.704773,-488.636597
319,0.153711,-0.133178,0.030832,-0.978614,-28.230555,416.734985,-488.63974
320,0.153685,-0.133163,0.030405,-0.978634,-28.185762,416.759491,-488.65094
321,0.153689,-0.132987,0.030564,-0.978652,-28.104603,416.72522,-488.646454
322,0.153693,-0.133104,0.030806,-0.978628,-28.213707,416.709656,-488.635529
323,0.153717,-0.13313,0.030578,-0.978628,-28.19875,416.713074,-488.632141
324,0.15363,-0.133079,0.030432,-0.978653,-28.146936,416.770233,-488.647034
325,0.153722,-0.133096,0.030557,-0.978633,-28.167835,416.70224,-488.625092
326,0.153661,-0.133232,0.030491,-0.978625,-28.222612,416.761292,-488.638
327,0.153743,-0.133166,0.030251,-0.978629,-28.139256,416.713623,-488.626801
328,0.15367,-0.133123,0.030427,-0.978641,-28.152985,416.752075,-488.638824
329,0.153711,-0.133136,0.030595,-0.978627,-28.152134,416.727844,-488.638519
330,0.153696,-0.13319,0.030576,-0.978623,-28.158762,416.76712,-488.656891
331,0.15368,-0.133116,0.03068,-0.978632,-28.12903,416.784576,-488.67099
332,0.153647,-0.133135,0.030838,-0.97863,-28.157688,416.821075,-488.685303
333,0.153616,-0.133176,0.030832,-0.978629,-28.15893,416.99884,-488.770081
334,0.153964,-0.133129,0.031787,-0.978551,-28.207411,416.728668,-488.709076
335,0.15371,-0.133164,0.031137,-0.978607,-28.16346,417.022797,-488.779663
336,0.153547,-0.133219,0.031421,-0.978616,-28.266768,417.039764,-488.755219
337,0.153868,-0.133144,0.031206,-0.978582,-28.211353,416.81958,-488.698364
338,0.153623,-0.133034,0.031218,-0.978635,-28.183872,416.907379,-488.703552
339,0.153646,-0.133162,0.030929,-0.978624,-28.234297,416.936523,-488.694489
340,0.153747,-0.133214,0.031416,-0.978585,-28.324074,416.840118,-488.667297
341,0.153808,-0.13308,0.031202,-0.978601,-28.195072,416.824066,-488.692993
342,0.153646,-0.133047,0.031017,-0.978637,-28.145771,417.017487,-488.750854
343,0.153935,-0.133166,0.031595,-0.978557,-28.281309,416.771088,-488.686523
344,0.153788,-0.133234,0.031294,-0.97858,-28.271851,416.948364,-488.730255
345,0.153566,-0.133045,0.031253,-0.978642,-28.152365,417.06485,-488.755798
346,0.153757,-0.13314,0.031345,-0.978596,-28.230541,416.943756,-488.713745
347,0.153794,-0.133274,0.031621,-0.978563,-28.344658,416.902527,-488.683929
348,0.153663,-0.133149,0.031331,-0.97861,-28.227671,416.984741,-488.720703
349,0.153653,-0.133096,0.03109,-0.978626,-28.165422,417.015778,-488.718201
350,0.153719,-0.133261,0.031469,-0.978582,-28.32482,416.920776,-488.67865
351,0.153615,-0.133133,0.031449,-0.978616,-28.246967,416.997314,-488.700043
352,0.153745,-0.133038,0.031115,-0.978619,-28.159327,416.886749,-488.664795
353,0.15364,-0.133164,0.031218,-0.978615,-28.248775,416.96286,-488.670746
354,0.153713,-0.133201,0.031479,-0.97859,-28.282146,416.912018,-488.663971
355,0.153638,-0.133109,0.031458,-0.978615,-28.212233,416.972565,-488.668488
356,0.153701,-0.133144,0.031288,-0.978606,-28.202076,416.97049,-488.667114
357,0.153688,-0.133258,0.031528,-0.978585,-28.270594,416.973755,-488.68103
358,0.153687,-0.133241,0.031422,-0.978591,-28.228231,417.010864,-488.688049
359,0.153725,-0.133241,0.031281,-0.978589,-28.212673,416.99704,-488.681213
360,0.153627,-0.133181,0.031628,-0.978602,-28.212667,417.041687,-488.691345
361,0.153726,-0.133218,0.031568,-0.978583,-28.23377,416.973633,-488.699677
362,0.153622,-0.133223,0.031277,-0.978608,-28.198584,417.062103,-488.7164
363,0.153727,-0.13315,0.031524,-0.978594,-28.186834,416.99826,-488.684418
364,0.153695,-0.133163,0.031927,-0.978584,-28.233942,417.023438,-488.693176
365,0.153739,-0.133029,0.031915,-0.978596,-28.141708,417.01297,-488.710388
366,0.153709,-0.133113,0.031756,-0.978594,-28.180185,417.086731,-488.737305
367,0.153821,-0.133256,0.032146,-0.978544,-28.299763,417.038208,-488.720306
368,0.153887,-0.133291,0.032366,-0.978522,-28.331635,417.024078,-488.704742
369,0.153766,-0.133322,0.032207,-0.978542,-28.330647,417.143341,-488.729309
370,0.15389,-0.133371,0.032414,-0.978509,-28.38442,417.064484,-488.702545
371,0.153907,-0.133391,0.032702,-0.978494,-28.417454,417.061615,-488.694977
372,0.153906,-0.133324,0.032601,-0.978506,-28.365234,417.054779,-488.704071
373,0.153822,-0.133415,0.032284,-0.978518,-28.397446,417.124664,-488.726959
374,0.153896,-0.133492,0.032363,-0.978493,-28.465452,417.050507,-488.695862
375,0.153846,-0.133349,0.032375,-0.97852,-28.372456,417.067596,-488.69696
376,0.153838,-0.133279,0.032089,-0.97854,-28.319176,417.040619,-488.695374
377,0.153795,-0.133286,0.031952,-0.97855,-28.319151,417.055084,-488.700317
378,0.153785,-0.133317,0.032231,-0.978539,-28.359344,417.061279,-488.69989
379,0.153879,-0.133392,0.032322,-0.978511,-28.40814,417.001556,-488.684204
380,0.153812,-0.13342,0.032073,-0.978526,-28.394911,417.07547,-488.722443
381,0.15389,-0.133473,0.032149,-0.978504,-28.42395,417.03241,-488.715515
382,0.153856,-0.133449,0.032394,-0.978504,-28.413363,417.070618,-488.72644
383,0.153955,-0.133424,0.032335,-0.978494,-28.394712,417.005768,-488.711548
384,0.153873,-0.133444,0.032173,-0.978509,-28.398924,417.066223,-488.736755
385,0.153935,-0.133411,0.032235,-0.978502,-28.377867,417.026764,-488.731873
386,0.153958,-0.133462,0.032389,-0.978487,-28.43045,417.007538,-488.725403
387,0.153907,-0.133457,0.032245,-0.9785,-28.41654,417.047058,-488.738708
388,0.153959,-0.133474,0.032133,-0.978493,-28.417986,417.010223,-488.732819
389,0.153941,-0.133445,0.032267,-0.978496,-28.407589,417.034332,-488.736664
390,0.154046,-0.133392,0.032524,-0.978478,-28.418041,416.912384,-488.704102
391,0.153992,-0.133369,0.031972,-0.978507,-28.343903,416.97644,-488.727142
392,0.153989,-0.13344,0.031935,-0.9785,-28.397182,416.973694,-488.723114
393,0.154032,-0.133501,0.032393,-0.978469,-28.473421,416.970886,-488.723785
394,0.154103,-0.133342,0.032486,-0.978477,-28.384804,416.874298,-488.708344
395,0.153902,-0.133358,0.031541,-0.978537,-28.311901,417.076538,-488.76889
396,0.154097,-0.133396,0.032158,-0.978481,-28.403793,416.930908,-488.724304
397,0.154287,-0.133406,0.032665,-0.978433,-28.449398,416.759705,-488.676208
398,0.154063,-0.133357,0.031876,-0.978501,-28.3557,416.998596,-488.748047
399,0.154146,-0.133308,0.032083,-0.978488,-28.377539,416.839355,-488.718079
400,0.154,-0.133371,0.032104,-0.978502,-28.420437,416.945129,-488.73761
401,0.154169,-0.133351,0.031995,-0.978481,-28.400208,416.84549,-488.708771
402,0.153916,-0.133201,0.032181,-0.978536,-28.383907,416.921387,-488.722687
403,0.153984,-0.133174,0.031913,-0.978537,-28.373104,416.855621,-488.708282
404,0.153954,-0.133243,0.031661,-0.978541,-28.339165,416.890717,-488.710754
405,0.153827,-0.133392,0.031681,-0.97854,-28.435059,416.96048,-488.714355
406,0.154069,-0.133377,0.031328,-0.978515,-28.392117,416.795563,-488.66861
407,0.153808,-0.133339,0.031362,-0.97856,-28.359066,416.984711,-488.715302
408,0.154068,-0.13338,0.03175,-0.978501,-28.425783,416.796692,-488.671417
409,0.153975,-0.133338,0.031695,-0.978523,-28.384064,416.870758,-488.69931
410,0.153964,-0.133314,0.031323,-0.97854,-28.316956,416.91098,-488.709381
411,0.153963,-0.133247,0.031848,-0.978533,-28.317549,416.90683,-488.696808
412,0.154125,-0.133284,0.032218,-0.97849,-28.389589,416.749237,-488.659393
413,0.153933,-0.133323,0.031418,-0.978541,-28.320972,416.93042,-488.715668
414,0.153897,-0.133286,0.031435,-0.978551,-28.292891,416.944916,-488.716919
415,0.154053,-0.133426,0.031927,-0.978492,-28.431931,416.815552,-488.668152
416,0.153884,-0.133414,0.031716,-0.978527,-28.406555,416.937256,-488.703278
417,0.153926,-0.133298,0.031208,-0.978552,-28.262638,416.930298,-488.720795
418,0.153836,-0.133446,0.03182,-0.978527,-28.401888,417.096283,-488.761902
419,0.154135,-0.13343,0.033208,-0.978435,-28.523241,416.821228,-488.680298
420,0.153922,-0.13337,0.032034,-0.978516,-28.375111,417.038544,-488.753632
421,0.153869,-0.133336,0.031311,-0.978553,-28.297207,417.044586,-488.759888
422,0.154062,-0.133395,0.0323,-0.978482,-28.418098,416.87207,-488.699768
423,0.153915,-0.133404,0.032454,-0.978499,-28.442326,416.965698,-488.721313
424,0.153898,-0.133414,0.031387,-0.978535,-28.359362,416.973846,-488.728729
425,0.15389,-0.133268,0.031485,-0.978553,-28.268696,416.998688,-488.733276
426,0.154019,-0.133299,0.032582,-0.978493,-28.406191,416.820618,-488.68335
427,0.153846,-0.133414,0.031874,-0.978528,-28.400906,417.023041,-488.728638
428,0.153903,-0.133281,0.031532,-0.978548,-28.294287,416.951965,-488.710754
429,0.153896,-0.13331,0.03194,-0.978532,-28.33077,416.946228,-488.713562
430,0.153896,-0.133416,0.032178,-0.97851,-28.424557,416.954926,-488.701263
431,0.153874,-0.13347,0.031716,-0.978521,-28.407782,416.978302,-488.706207
432,0.153911,-0.133219,0.031712,-0.978549,-28.234207,416.951904,-488.708832
433,0.153926,-0.133369,0.032155,-0.978512,-28.379166,416.915009,-488.696198
434,0.15395,-0.133482,0.031985,-0.978498,-28.437378,416.926575,-488.695648
435,0.153937,-0.133313,0.031708,-0.978532,-28.305895,416.914154,-488.704742
436,0.153783,-0.133336,0.031631,-0.978556,-28.294697,417.12796,-488.768097
437,0.154075,-0.133513,0.032775,-0.978448,-28.527409,416.895844,-488.699188
438,0.154021,-0.133469,0.032468,-0.978473,-28.467798,416.984863,-488.731689
439,0.153963,-0.133394,0.03173,-0.978517,-28.359764,416.996368,-488.746002
440,0.154071,-0.133402,0.031787,-0.978497,-28.384317,416.916534,-488.709747
441,0.153945,-0.133477,0.032331,-0.978488,-28.500441,416.930145,-488.699646
442,0.153981,-0.133313,0.031801,-0.978523,-28.343111,416.90863,-488.697754
443,0.153777,-0.133339,0.031346,-0.978566,-28.31245,417.05838,-488.745026
444,0.153993,-0.133445,0.031808,-0.978502,-28.439072,416.849121,-488.683105
445,0.15382,-0.133292,0.031934,-0.978546,-28.359892,416.975983,-488.7052
446,0.153916,-0.133251,0.03148,-0.978552,-28.288208,416.88269,-488.683716
447,0.153877,-0.13339,0.031358,-0.978543,-28.368383,416.923798,-488.690521
448,0.153832,-0.133349,0.031762,-0.978542,-28.377539,416.924591,-488.67984
449,0.153917,-0.133281,0.031617,-0.978543,-28.325018,416.868988,-488.65976
450,0.153793,-0.133403,0.031261,-0.978557,-28.362192,417.020721,-488.708496
451,0.153943,-0.133363,0.032088,-0.978512,-28.421034,416.974426,-488.700073
452,0.154081,-0.133321,0.033113,-0.978462,-28.48151,416.881744,-488.668213
453,0.154113,-0.133234,0.032099,-0.978503,-28.35079,416.815552,-488.669464
454,0.153802,-0.133339,0.030791,-0.978579,-28.32633,417.02597,-488.736206
455,0.154106,-0.133246,0.031769,-0.978513,-28.368511,416.76004,-488.649017
456,0.153875,-0.133192,0.032522,-0.978532,-28.402937,416.892303,-488.672729
457,0.153912,-0.133321,0.031294,-0.978549,-28.37808,416.954285,-488.70105
458,0.153892,-0.13324,0.031364,-0.978561,-28.35479,416.867859,-488.672211
459,0.153934,-0.133193,0.031654,-0.978551,-28.337271,416.821014,-488.65097
460,0.153944,-0.133243,0.031549,-0.978546,-28.365656,416.807129,-488.61795
461,0.153838,-0.133362,0.031248,-0.978556,-28.415253,416.865173,-488.62207
462,0.154007,-0.133185,0.031316,-0.978551,-28.278643,416.733246,-488.601868
463,0.153712,-0.133256,0.031537,-0.978581,-28.327051,416.937073,-488.647888
464,0.153955,-0.133425,0.03129,-0.978528,-28.398911,416.793304,-488.610046
465,0.153711,-0.133307,0.031265,-0.978583,-28.314922,416.957458,-488.670532
466,0.153766,-0.13322,0.031538,-0.978577,-28.250151,417.092224,-488.728271
467,0.154097,-0.133272,0.033126,-0.978466,-28.454498,416.722595,-488.622375
468,0.153856,-0.133338,0.031441,-0.97855,-28.351433,416.899933,-488.680725
469,0.15382,-0.133192,0.030284,-0.978612,-28.169542,416.91507,-488.675903
470,0.153955,-0.13328,0.031813,-0.978531,-28.353645,416.750854,-488.604614
471,0.153958,-0.133442,0.032094,-0.978499,-28.460756,416.761383,-488.602814
472,0.153724,-0.133322,0.030743,-0.978596,-28.305964,416.927307,-488.653229
473,0.153696,-0.13322,0.030476,-0.978622,-28.203245,417.01413,-488.691559
474,0.153937,-0.13331,0.032837,-0.978496,-28.480577,416.77182,-488.60791
475,0.153899,-0.133375,0.032171,-0.978515,-28.446907,416.83139,-488.619202
476,0.153755,-0.133295,0.030096,-0.978614,-28.220285,416.940094,-488.667816
477,0.153904,-0.133243,0.030944,-0.978571,-28.254707,416.817413,-488.622955
478,0.153832,-0.133335,0.03284,-0.978509,-28.472277,416.833862,-488.609161
479,0.1539,-0.133235,0.031675,-0.97855,-28.294189,416.848633,-488.641785
480,0.153735,-0.133229,0.030525,-0.978613,-28.208258,416.939423,-488.670959
481,0.153788,-0.133405,0.031249,-0.978558,-28.341635,416.9086,-488.659668
482,0.153941,-0.133408,0.03231,-0.978499,-28.429272,416.751892,-488.613251
483,0.153797,-0.133353,0.030961,-0.978573,-28.303452,416.868439,-488.634094
484,0.153821,-0.133281,0.030384,-0.978597,-28.19873,416.881409,-488.634918
485,0.153822,-0.133401,0.032047,-0.978527,-28.392843,416.8125,-488.610168
486,0.153878,-0.133377,0.031801,-0.97853,-28.351217,416.810303,-488.618622
487,0.153657,-0.133211,0.030566,-0.978627,-28.172276,416.990387,-488.676239
488,0.153823,-0.13332,0.031184,-0.978566,-28.279343,416.910858,-488.654358
489,0.154044,-0.133288,0.032706,-0.978486,-28.394993,416.694946,-488.597992
490,0.153712,-0.133336,0.031339,-0.978577,-28.309658,416.946808,-488.672058
491,0.15377,-0.133302,0.030272,-0.978606,-28.172709,416.970001,-488.671783
492,0.153864,-0.133254,0.032292,-0.978533,-28.309244,416.813751,-488.618805
493,0.153944,-0.133292,0.032248,-0.978516,-28.298061,416.790771,-488.622437
494,0.153736,-0.133341,0.030728,-0.978592,-28.225031,416.963562,-488.662933
495,0.153855,-0.133244,0.030836,-0.978583,-28.15093,416.880615,-488.660706
496,0.153867,-0.13324,0.032477,-0.978528,-28.307434,416.800568,-488.625885
497,0.153736,-0.133396,0.031551,-0.978558,-28.324148,416.936035,-488.663239
498,0.153767,-0.133197,0.030674,-0.978608,-28.130535,416.901886,-488.666626
499,0.153723,-0.133247,0.031487,-0.978582,-28.201315,416.926178,-488.666626
500,0.153934,-0.133375,0.032179,-0.978509,-28.334957,416.78775,-488.621796
501,0.15374,-0.133425,0.031186,-0.978565,-28.273615,416.920227,-488.664978
502,0.153774,-0.133393,0.030392,-0.978589,-28.18158,416.921021,-488.657654
503,0.153724,-0.133405,0.031478,-0.978561,-28.271954,416.931458,-488.649048
504,0.153811,-0.133431,0.031784,-0.978534,-28.314371,416.840973,-488.625641
505,0.153695,-0.133461,0.030466,-0.97859,-28.243889,416.931213,-488.636841
506,0.153642,-0.133403,0.030445,-0.978607,-28.197407,416.999603,-488.660461
507,0.153832,-0.133446,0.032217,-0.978514,-28.377995,416.826019,-488.604553
508,0.153785,-0.133456,0.031807,-0.978534,-28.34865,416.897034,-488.627411
509,0.153708,-0.133297,0.030649,-0.978604,-28.163233,416.926636,-488.639709
510,0.153612,-0.133438,0.0309,-0.978592,-28.23325,417.004456,-488.669922
511,0.153857,-0.133513,0.031858,-0.978513,-28.356489,416.809784,-488.610138
512,0.153645,-0.133468,0.031051,-0.978578,-28.267723,416.958984,-488.65155
513,0.153542,-0.133288,0.030346,-0.978641,-28.104101,417.101105,-488.706818
514,0.153889,-0.133317,0.031959,-0.978531,-28.272022,416.913513,-488.66748
515,0.154057,-0.133365,0.033226,-0.978456,-28.435438,416.67276,-488.603546
516,0.153721,-0.133398,0.030538,-0.978592,-28.221201,416.920532,-488.64859
517,0.153656,-0.133438,0.029585,-0.978626,-28.168499,416.939606,-488.621124
518,0.153895,-0.133623,0.031868,-0.978492,-28.469191,416.718536,-488.538391
519,0.153544,-0.13366,0.032062,-0.978535,-28.500118,416.951599,-488.592865
520,0.153776,-0.133568,0.029761,-0.978584,-28.254984,416.847076,-488.555603
521,0.153726,-0.133536,0.030355,-0.978578,-28.289986,416.849701,-488.55423
522,0.153775,-0.133567,0.032282,-0.978505,-28.460495,416.775177,-488.540894
523,0.153738,-0.133653,0.031232,-0.978533,-28.403404,416.864716,-488.56897
524,0.153783,-0.133558,0.029805,-0.978583,-28.230633,416.83078,-488.572906
525,0.153739,-0.133531,0.030883,-0.97856,-28.291889,416.8703,-488.590057
526,0.153746,-0.133597,0.032347,-0.978503,-28.463982,416.84433,-488.577972
527,0.153934,-0.133446,0.031101,-0.978534,-28.272226,416.723419,-488.545044
528,0.153597,-0.133557,0.029964,-0.978607,-28.257093,416.972168,-488.60907
529,0.153823,-0.133696,0.031114,-0.978517,-28.409622,416.822021,-488.566132
530,0.15379,-0.133604,0.032043,-0.978505,-28.434715,416.817963,-488.567657
531,0.153808,-0.133549,0.030505,-0.978559,-28.308432,416.821136,-488.56189
532,0.153664,-0.133566,0.030185,-0.978589,-28.289791,416.929596,-488.582733
533,0.153938,-0.133558,0.031889,-0.978493,-28.40062,416.703339,-488.524963
534,0.153736,-0.133537,0.031759,-0.978532,-28.377487,416.874054,-488.580292
535,0.153652,-0.133531,0.030306,-0.978592,-28.260944,416.993805,-488.622711
536,0.153874,-0.133549,0.030926,-0.978535,-28.300476,416.778229,-488.562164
537,0.15369,-0.133519,0.031681,-0.978544,-28.333372,416.895905,-488.590698
538,0.153806,-0.133452,0.030856,-0.978561,-28.23728,416.845337,-488.566467
539,0.153766,-0.133565,0.030533,-0.978562,-28.287075,416.882843,-488.56543
540,0.153829,-0.133546,0.03138,-0.978528,-28.33556,416.809021,-488.565735
541,0.15364,-0.13354,0.031452,-0.978556,-28.351669,416.958252,-488.604248
542,0.153866,-0.133423,0.030957,-0.978553,-28.27739,416.799133,-488.545166
543,0.153823,-0.133487,0.031159,-0.978544,-28.342369,416.784424,-488.546234
544,0.153687,-0.13353,0.031388,-0.978552,-28.377573,416.894623,-488.574921
545,0.153957,-0.133357,0.031317,-0.978536,-28.288282,416.683136,-488.516022
546,0.153727,-0.133477,0.030913,-0.978569,-28.338354,416.831848,-488.555084
547,0.153725,-0.133437,0.03104,-0.97857,-28.322872,416.853058,-488.567444
548,0.153863,-0.133359,0.031411,-0.978547,-28.279047,416.767181,-488.554657
549,0.153815,-0.133391,0.031262,-0.978555,-28.3183,416.798462,-488.564667
550,0.153658,-0.133392,0.030991,-0.978588,-28.317827,416.970001,-488.616638
551,0.153884,-0.133191,0.031779,-0.978555,-28.237711,416.81842,-488.589691
552,0.153766,-0.133154,0.032061,-0.97857,-28.242647,416.895844,-488.629761
553,0.153746,-0.133272,0.03125,-0.978583,-28.298733,416.895569,-488.63092
554,0.153781,-0.133119,0.030983,-0.978607,-28.173399,416.900818,-488.622559
555,0.15387,-0.132979,0.032134,-0.978574,-28.173443,416.82016,-488.603088
556,0.153935,-0.13325,0.032075,-0.978529,-28.367796,416.783752,-488.589539
557,0.15368,-0.133256,0.031012,-0.978603,-28.288893,416.99823,-488.661499
558,0.153824,-0.133005,0.031356,-0.978603,-28.126822,416.878571,-488.65683
559,0.153768,-0.13309,0.032387,-0.978567,-28.299028,416.903748,-488.640472
560,0.15394,-0.133206,0.031828,-0.978543,-28.341877,416.79187,-488.602478
561,0.153774,-0.133003,0.031148,-0.978618,-28.120497,416.94577,-488.643005
562,0.153871,-0.133028,0.031786,-0.978579,-28.166748,416.843018,-488.622253
563,0.153843,-0.133303,0.032029,-0.978538,-28.394024,416.832031,-488.60022
564,0.153734,-0.133215,0.031053,-0.978599,-28.262686,416.945984,-488.626312
565,0.153831,-0.132967,0.031286,-0.97861,-28.103989,416.855042,-488.619171
566,0.153787,-0.133224,0.031986,-0.978559,-28.332214,416.893097,-488.620819
567,0.153891,-0.1333,0.031635,-0.978544,-28.369308,416.823792,-488.609955
568,0.153725,-0.133019,0.031095,-0.978625,-28.135061,416.940674,-488.658356
569,0.153864,-0.133069,0.031559,-0.978582,-28.212082,416.836456,-488.623993
570,0.153902,-0.133305,0.032084,-0.978527,-28.414469,416.814026,-488.603668
571,0.153807,-0.133068,0.031666,-0.978588,-28.218742,416.878937,-488.630432
572,0.153769,-0.132915,0.031307,-0.978626,-28.085009,416.91095,-488.642578
573,0.153828,-0.133185,0.031833,-0.978563,-28.313786,416.865051,-488.61203
574,0.15385,-0.133203,0.032036,-0.97855,-28.324553,416.857178,-488.608459
575,0.153599,-0.132955,0.031631,-0.978637,-28.117363,417.016449,-488.677429
576,0.153816,-0.133045,0.031243,-0.978603,-28.129875,416.927887,-488.66272
577,0.153804,-0.132999,0.032349,-0.978575,-28.224812,416.879517,-488.6409
578,0.153784,-0.133038,0.032075,-0.978582,-28.217571,416.868256,-488.623932
579,0.153672,-0.133068,0.031008,-0.97863,-28.133451,416.979065,-488.647797
580,0.153815,-0.133108,0.031482,-0.978587,-28.19891,416.853088,-488.610321
581,0.153668,-0.133277,0.032113,-0.978566,-28.350723,416.933411,-488.626434
582,0.153699,-0.133311,0.031306,-0.978583,-28.282537,416.925842,-488.619202
583,0.153679,-0.133126,0.030873,-0.978625,-28.128956,416.937164,-488.629211
584,0.153686,-0.133256,0.03153,-0.978585,-28.257298,416.92627,-488.624084
585,0.153685,-0.13333,0.031983,-0.978561,-28.35606,416.932068,-488.616943
586,0.153734,-0.133163,0.031332,-0.978597,-28.183369,416.886017,-488.607452
587,0.153658,-0.133181,0.030947,-0.978619,-28.159037,416.934204,-488.620148
588,0.153659,-0.133297,0.031777,-0.978576,-28.315243,416.964233,-488.614685
589,0.153821,-0.133298,0.032251,-0.978535,-28.334263,416.814148,-488.572479
590,0.153548,-0.133316,0.031028,-0.978615,-28.232519,416.985046,-488.619934
591,0.153618,-0.13339,0.030345,-0.978615,-28.224384,416.966125,-488.60437
592,0.153659,-0.133471,0.031689,-0.978555,-28.384701,416.912262,-488.57962
593,0.153705,-0.133372,0.031962,-0.978553,-28.336201,416.879883,-488.576782
594,0.153596,-0.13344,0.030618,-0.978603,-28.272871,416.982361,-488.600494
595,0.153661,-0.133523,0.030646,-0.978581,-28.326267,416.933716,-488.586548
596,0.153753,-0.133383,0.032023,-0.978542,-28.352413,416.854675,-488.572906
597,0.153634,-0.133361,0.031778,-0.978571,-28.290266,416.983917,-488.619751
598,0.153767,-0.133324,0.030947,-0.978582,-28.204515,416.866974,-488.590668
599,0.153669,-0.133379,0.031041,-0.978587,-28.25317,416.944611,-488.60788
600,0.153706,-0.133361,0.031859,-0.978557,-28.291397,416.928497,-488.601501
601,0.153697,-0.133364,0.031768,-0.978561,-28.276203,416.929291,-488.603241
602,0.153654,-0.133487,0.030717,-0.978585,-28.256216,416.984009,-488.608826
603,0.153616,-0.133459,0.03108,-0.978583,-28.268169,416.993866,-488.603302
604,0.153661,-0.133469,0.031939,-0.978547,-28.341572,416.938141,-488.574036
605,0.153685,-0.133418,0.031405,-0.978567,-28.24645,416.99176,-488.597931
606,0.153645,-0.133315,0.031199,-0.978594,-28.166637,417.032593,-488.640656
607,0.153749,-0.13326,0.031875,-0.978564,-28.222397,416.937225,-488.617157
608,0.153698,-0.133367,0.031944,-0.978555,-28.310593,416.934723,-488.606323
609,0.153601,-0.133405,0.031059,-0.978593,-28.250381,416.998138,-488.60083
610,0.153546,-0.133487,0.030998,-0.978593,-28.296881,417.029846,-488.598541
611,0.153772,-0.133497,0.031761,-0.978532,-28.36031,416.871979,-488.555969
612,0.153567,-0.133506,0.031738,-0.978563,-28.35079,417.029388,-488.603241
613,0.153697,-0.133469,0.030981,-0.978572,-28.255844,416.957977,-488.590271
614,0.15366,-0.133499,0.031229,-0.978566,-28.316717,416.962158,-488.582672
615,0.15367,-0.133416,0.031859,-0.978556,-28.333601,416.941528,-488.578369
616,0.153693,-0.133392,0.031544,-0.978565,-28.284422,416.914581,-488.578186
617,0.153617,-0.133455,0.030893,-0.978589,-28.29245,416.965973,-488.588989
618,0.153664,-0.133386,0.031275,-0.978579,-28.304222,416.904388,-488.580688
619,0.153645,-0.133309,0.031742,-0.978578,-28.291002,416.943237,-488.597382
620,0.153661,-0.133292,0.031592,-0.978583,-28.271254,416.940369,-488.615448
621,0.153674,-0.133358,0.03129,-0.978581,-28.318722,416.939423,-488.620453
622,0.153731,-0.133305,0.031444,-0.978575,-28.292368,416.872955,-488.593933
623,0.153688,-0.133284,0.031587,-0.978579,-28.29137,416.871429,-488.593231
624,0.15368,-0.133466,0.031109,-0.978571,-28.358307,416.8974,-488.58606
625,0.153787,-0.133373,0.031248,-0.978563,-28.330311,416.798645,-488.556915
626,0.15371,-0.133388,0.031437,-0.978567,-28.333563,416.837341,-488.56366
627,0.153732,-0.133501,0.031113,-0.978558,-28.353867,416.849579,-488.55661
628,0.15376,-0.133544,0.031044,-0.97855,-28.392248,416.825409,-488.544708
629,0.153725,-0.133519,0.031171,-0.978555,-28.367931,416.844482,-488.555664
630,0.153589,-0.133467,0.031276,-0.97858,-28.327335,416.989624,-488.608368
631,0.153804,-0.133339,0.031543,-0.978555,-28.280107,416.866333,-488.614899
632,0.153617,-0.133352,0.031525,-0.978583,-28.286449,416.974854,-488.666534
633,0.153656,-0.133373,0.031159,-0.978586,-28.289518,416.9039,-488.623505
634,0.153634,-0.133308,0.030946,-0.978605,-28.234686,416.940643,-488.630646
635,0.153666,-0.133346,0.031573,-0.978575,-28.324688,416.911133,-488.618195
636,0.153758,-0.133323,0.031796,-0.978556,-28.36112,416.792267,-488.564484
637,0.153563,-0.133449,0.030776,-0.978602,-28.350548,416.939453,-488.580414
638,0.153705,-0.133451,0.030856,-0.978577,-28.340494,416.8526,-488.542206
639,0.153683,-0.133514,0.031742,-0.978544,-28.42392,416.871552,-488.552917
640,0.153764,-0.133479,0.031435,-0.978546,-28.363979,416.81958,-488.547333
641,0.153661,-0.133401,0.030688,-0.978596,-28.246809,416.910522,-488.57663
642,0.153717,-0.133404,0.031088,-0.978575,-28.240347,416.886139,-488.586639
643,0.153702,-0.133471,0.03178,-0.978546,-28.329384,416.903076,-488.603699
644,0.15365,-0.133434,0.031238,-0.978576,-28.264647,416.957001,-488.620209
645,0.153731,-0.133365,0.030814,-0.978586,-28.189436,416.873566,-488.593811
646,0.153632,-0.133455,0.03126,-0.978575,-28.278198,416.950714,-488.614502
647,0.153699,-0.133484,0.031584,-0.97855,-28.31749,416.920807,-488.606079
648,0.15362,-0.133501,0.031065,-0.978577,-28.284216,416.976288,-488.615509
649,0.153705,-0.13344,0.030804,-0.97858,-28.26577,416.888367,-488.575348
650,0.15369,-0.133436,0.031285,-0.978568,-28.326578,416.895996,-488.573303
651,0.153729,-0.133368,0.03162,-0.978561,-28.301178,416.869873,-488.573242
652,0.153725,-0.133369,0.031172,-0.978575,-28.280613,416.868378,-488.561981
653,0.153743,-0.133398,0.030808,-0.97858,-28.283131,416.84729,-488.548584
654,0.153788,-0.133367,0.0313,-0.978562,-28.315788,416.806396,-488.541595
655,0.153773,-0.133381,0.031442,-0.978557,-28.311808,416.839294,-488.566589
656,0.153828,-0.133328,0.031215,-0.978563,-28.274794,416.801392,-488.563568
657,0.1538,-0.133338,0.031174,-0.978568,-28.298334,416.810822,-488.572754
658,0.153851,-0.133267,0.031411,-0.978562,-28.255411,416.771088,-488.576599
659,0.153789,-0.133261,0.031523,-0.978569,-28.271151,416.812592,-488.58551
660,0.153842,-0.133256,0.031331,-0.978567,-28.283644,416.753418,-488.554962
661,0.153806,-0.133229,0.031234,-0.97858,-28.27511,416.764709,-488.550354
662,0.153828,-0.133232,0.031376,-0.978571,-28.290812,416.757019,-488.545349
663,0.153783,-0.133261,0.031471,-0.978571,-28.317711,416.809998,-488.564911
664,0.153626,-0.13312,0.031471,-0.978615,-28.233982,416.945984,-488.640594
665,0.153895,-0.132921,0.031497,-0.978599,-28.101711,416.788391,-488.644287
666,0.153835,-0.132955,0.031606,-0.9786,-28.164204,416.686035,-488.60614
667,0.153754,-0.133065,0.030346,-0.978638,-28.182339,416.751801,-488.61026
668,0.153776,-0.133008,0.03071,-0.978631,-28.189209,416.774872,-488.621918
669,0.153924,-0.132978,0.032178,-0.978565,-28.257076,416.680817,-488.613434
670,0.153918,-0.132986,0.031776,-0.978578,-28.229362,416.684753,-488.621521
671,0.153884,-0.133141,0.030127,-0.978614,-28.187153,416.715729,-488.607391
672,0.15378,-0.133046,0.030839,-0.978621,-28.179192,416.751373,-488.615082
673,0.153954,-0.132966,0.032215,-0.97856,-28.228529,416.616333,-488.582611
674,0.153836,-0.133134,0.031367,-0.978584,-28.252947,416.763611,-488.622803
675,0.153902,-0.133066,0.030426,-0.978612,-28.118368,416.70282,-488.610077
676,0.153766,-0.132993,0.031228,-0.978618,-28.15465,416.758392,-488.620758
677,0.153807,-0.132993,0.031955,-0.978588,-28.228157,416.730774,-488.617157
678,0.153839,-0.132917,0.031325,-0.978614,-28.117376,416.724884,-488.628326
679,0.153669,-0.132766,0.030814,-0.978677,-27.987019,416.872986,-488.716675
680,0.153909,-0.13256,0.031766,-0.978637,-27.99061,416.644043,-488.707489
681,0.153887,-0.132423,0.031846,-0.978657,-27.951374,416.629364,-488.747375
682,0.153855,-0.132221,0.030876,-0.97872,-27.815708,416.574432,-488.763275
683,0.153715,-0.13225,0.030836,-0.978739,-27.900949,416.664063,-488.786804
684,0.15391,-0.13216,0.032233,-0.978676,-27.963253,416.510834,-488.758911
685,0.153852,-0.132003,0.032243,-0.978706,-27.848759,416.559448,-488.792786
686,0.153748,-0.132079,0.03098,-0.978753,-27.830538,416.635803,-488.81012
687,0.153835,-0.132087,0.031224,-0.97873,-27.898733,416.528351,-488.789307
688,0.1538,-0.131945,0.032123,-0.978726,-27.864634,416.55722,-488.825439
689,0.153881,-0.131805,0.031826,-0.978742,-27.742151,416.52597,-488.837585
690,0.153748,-0.131965,0.031103,-0.978764,-27.807604,416.635681,-488.870514
691,0.153903,-0.131959,0.031499,-0.978728,-27.837479,416.503723,-488.838928
692,0.153831,-0.131767,0.032027,-0.978748,-27.745766,416.552246,-488.856018
693,0.153854,-0.131831,0.031515,-0.978752,-27.740936,416.549866,-488.859772
694,0.153816,-0.131995,0.031182,-0.978747,-27.823996,416.591644,-488.87204
695,0.15389,-0.131848,0.031786,-0.978736,-27.770527,416.522186,-488.862366
696,0.153862,-0.131757,0.031957,-0.978747,-27.715471,416.52713,-488.868164
697,0.153775,-0.131956,0.031236,-0.978757,-27.790468,416.610779,-488.877533
698,0.153822,-0.131927,0.031309,-0.978751,-27.777449,416.572144,-488.862518
699,0.153803,-0.131732,0.032056,-0.978756,-27.710974,416.555359,-488.860199
700,0.153878,-0.131803,0.031721,-0.978746,-27.72596,416.518799,-488.847961
701,0.153746,-0.131916,0.031209,-0.978768,-27.75927,416.633911,-488.885345
702,0.153862,-0.13175,0.031626,-0.978759,-27.675665,416.532043,-488.868652
703,0.153811,-0.131768,0.031917,-0.978755,-27.713346,416.557983,-488.877563
704,0.153814,-0.131914,0.031358,-0.978752,-27.767435,416.57132,-488.882538
705,0.153751,-0.131889,0.031267,-0.978769,-27.737093,416.610413,-488.897614
706,0.153794,-0.13179,0.031769,-0.978759,-27.700991,416.568207,-488.88504
707,0.153803,-0.131872,0.031732,-0.978748,-27.739466,416.569946,-488.881897
708,0.153723,-0.131942,0.031294,-0.978765,-27.740393,416.641113,-488.895203
709,0.153795,-0.131797,0.031542,-0.978766,-27.659021,416.576935,-488.877441
710,0.153771,-0.131801,0.03192,-0.978756,-27.683773,416.600464,-488.885132
711,0.153797,-0.13192,0.03171,-0.978743,-27.741125,416.592407,-488.884735
712,0.153703,-0.13186,0.031509,-0.978772,-27.686401,416.661621,-488.904144
713,0.153777,-0.13177,0.031769,-0.978765,-27.636339,416.598969,-488.889893
714,0.15379,-0.131838,0.031949,-0.978747,-27.698704,416.588257,-488.882721
715,0.153765,-0.131896,0.031675,-0.978752,-27.712797,416.614777,-488.882843
716,0.153731,-0.131865,0.03157,-0.978765,-27.674883,416.637299,-488.888733
717,0.153771,-0.131887,0.031798,-0.978749,-27.705908,416.609253,-488.871307
718,0.153794,-0.131957,0.031754,-0.978737,-27.746759,416.594086,-488.864075
719,0.153702,-0.13187,0.031577,-0.978769,-27.675026,416.645599,-488.883331
720,0.15374,-0.13186,0.031616,-0.978763,-27.671434,416.623718,-488.883881
721,0.15377,-0.131977,0.031705,-0.97874,-27.720186,416.636444,-488.888031
722,0.153818,-0.131981,0.031654,-0.978734,-27.701344,416.603271,-488.88266
723,0.153711,-0.131881,0.031458,-0.97877,-27.63768,416.661865,-488.903931
724,0.153733,-0.131878,0.031531,-0.978765,-27.6497,416.640686,-488.895599
725,0.153752,-0.131935,0.031834,-0.978744,-27.71026,416.635498,-488.888031
726,0.153752,-0.131934,0.031741,-0.978747,-27.695993,416.649628,-488.89447
727,0.153728,-0.131916,0.031575,-0.978759,-27.669109,416.65332,-488.90036
728,0.153697,-0.131926,0.031641,-0.97876,-27.677786,416.659515,-488.896759
729,0.153753,-0.131918,0.031636,-0.978753,-27.655878,416.638123,-488.888947
730,0.15373,-0.131924,0.031627,-0.978756,-27.656813,416.676941,-488.896088
731,0.15378,-0.131968,0.031769,-0.978737,-27.714663,416.632874,-488.876648
732,0.153736,-0.131955,0.03181,-0.978745,-27.722176,416.644592,-488.873047
733,0.153722,-0.131888,0.031647,-0.978761,-27.672132,416.642731,-488.873016
734,0.153705,-0.131904,0.031614,-0.978763,-27.683285,416.65863,-488.875977
735,0.153735,-0.131966,0.03178,-0.978744,-27.73625,416.647095,-488.875732
736,0.153736,-0.131952,0.031744,-0.978747,-27.712814,416.641388,-488.88028
737,0.153659,-0.131895,0.031506,-0.978775,-27.652277,416.687439,-488.891754
738,0.153681,-0.131911,0.031574,-0.978767,-27.670597,416.668488,-488.87616
739,0.153679,-0.131961,0.031772,-0.978754,-27.700758,416.679077,-488.871765
740,0.153674,-0.13198,0.031608,-0.978758,-27.677137,416.700073,-488.880219
741,0.15363,-0.131972,0.031451,-0.978771,-27.66654,416.730103,-488.890228
742,0.153631,-0.13199,0.031623,-0.978763,-27.709141,416.722046,-488.889069
743,0.153636,-0.131956,0.031857,-0.978759,-27.713717,416.718964,-488.883148
744,0.15362,-0.131928,0.0318,-0.978767,-27.703827,416.7211,-488.88504
745,0.153595,-0.131938,0.031683,-0.978773,-27.709898,416.729706,-488.888275
746,0.153604,-0.131875,0.031855,-0.978775,-27.683399,416.713867,-488.883789
747,0.153606,-0.131886,0.031859,-0.978773,-27.674183,416.729919,-488.890594
748,0.153604,-0.131948,0.031725,-0.978769,-27.700714,416.744446,-488.89151
749,0.153597,-0.131979,0.031722,-0.978766,-27.729221,416.740173,-488.887177
750,0.153593,-0.131906,0.03183,-0.978773,-27.697496,416.726135,-488.875916
751,0.153618,-0.131952,0.031636,-0.978769,-27.699024,416.716309,-488.871399
752,0.153596,-0.131993,0.031576,-0.978769,-27.729319,416.73761,-488.875977
753,0.153627,-0.131907,0.031808,-0.978768,-27.711796,416.701721,-488.866913
754,0.153604,-0.131927,0.031758,-0.978771,-27.710993,416.721985,-488.88092
755,0.153579,-0.131956,0.031605,-0.978776,-27.714066,416.745026,-488.891785
756,0.153571,-0.131953,0.031674,-0.978775,-27.722946,416.751434,-488.895172
757,0.153607,-0.131902,0.03187,-0.97877,-27.705677,416.730591,-488.887726
758,0.153626,-0.131904,0.031883,-0.978767,-27.716398,416.719666,-488.878937
759,0.15359,-0.131977,0.031674,-0.978769,-27.7481,416.754303,-488.88208
760,0.153617,-0.131957,0.031761,-0.978765,-27.744879,416.727844,-488.863739
761,0.153637,-0.132026,0.031599,-0.978758,-27.728214,416.732361,-488.855682
762,0.153634,-0.132025,0.031561,-0.978759,-27.723562,416.731476,-488.852844
763,0.153618,-0.131962,0.03168,-0.978767,-27.704504,416.726593,-488.850586
764,0.153632,-0.13198,0.031726,-0.97876,-27.69306,416.722046,-488.848694
765,0.15361,-0.131967,0.031851,-0.978762,-27.691732,416.736969,-488.85614
766,0.153584,-0.131992,0.031654,-0.978769,-27.668535,416.770996,-488.873291
767,0.153601,-0.131992,0.031597,-0.978768,-27.651016,416.763794,-488.873657
768,0.153606,-0.131973,0.031742,-0.978765,-27.652882,416.757416,-488.872772
769,0.153606,-0.132024,0.031606,-0.978763,-27.654675,416.77298,-488.878937
770,0.153605,-0.132108,0.031224,-0.978764,-27.627457,416.808472,-488.886597
771,0.153638,-0.13211,0.031226,-0.978758,-27.603853,416.795258,-488.876892
772,0.153638,-0.13216,0.031267,-0.97875,-27.62174,416.797821,-488.87146
773,0.153615,-0.132183,0.031175,-0.978753,-27.623829,416.818604,-488.867523
774,0.153589,-0.132171,0.031169,-0.978759,-27.614481,416.838593,-488.862946
775,0.153598,-0.132218,0.03126,-0.978749,-27.643818,416.834717,-488.854523
776,0.153604,-0.132214,0.031327,-0.978746,-27.645571,416.830841,-488.843994
777,0.153589,-0.132192,0.031257,-0.978754,-27.625811,416.840454,-488.843567
778,0.153595,-0.132197,0.031271,-0.978752,-27.627726,416.836792,-488.844727
779,0.153583,-0.132144,0.031521,-0.978753,-27.630402,416.830841,-488.845825
780,0.153582,-0.132132,0.0314,-0.978758,-27.597748,416.834808,-488.847198
781,0.153569,-0.13214,0.031283,-0.978763,-27.594305,416.837585,-488.843109
782,0.153565,-0.132151,0.031316,-0.978761,-27.613317,416.836792,-488.841614
783,0.153552,-0.132146,0.03135,-0.978763,-27.61224,416.847168,-488.842194
784,0.153553,-0.132168,0.031247,-0.978763,-27.621134,416.849091,-488.831879
785,0.153546,-0.132197,0.031127,-0.978764,-27.630133,416.855225,-488.824066
786,0.153554,-0.132202,0.03118,-0.97876,-27.640421,416.842987,-488.81662
787,0.153568,-0.132098,0.031414,-0.978765,-27.630585,416.813782,-488.805786
788,0.153592,-0.132091,0.031341,-0.978764,-27.626787,416.804779,-488.803345
789,0.153613,-0.132159,0.031254,-0.978755,-27.657988,416.802216,-488.805267
790,0.1536,-0.132168,0.031418,-0.97875,-27.708452,416.795013,-488.804047
791,0.153608,-0.132158,0.031364,-0.978752,-27.719198,416.779449,-488.793671
792,0.153585,-0.132103,0.031439,-0.978761,-27.720356,416.783051,-488.795807
793,0.153591,-0.132049,0.03171,-0.978758,-27.736958,416.761627,-488.792175
794,0.153598,-0.132044,0.03179,-0.978755,-27.752991,416.746552,-488.784912
795,0.153589,-0.13201,0.031707,-0.978764,-27.736324,416.742096,-488.779114
796,0.153579,-0.131982,0.031694,-0.978769,-27.718748,416.744171,-488.779633
797,0.153616,-0.132143,0.031408,-0.978751,-27.740995,416.752502,-488.783295
798,0.153629,-0.132126,0.031376,-0.978753,-27.717251,416.749908,-488.781097
799,0.153612,-0.131999,0.031599,-0.978765,-27.692293,416.738098,-488.778534
800,0.153612,-0.131988,0.031709,-0.978763,-27.702379,416.729523,-488.782776
801,0.153648,-0.132045,0.031505,-0.978756,-27.673428,416.730896,-488.784302
802,0.153643,-0.132138,0.031285,-0.978752,-27.679976,416.752991,-488.797882
803,0.153617,-0.132168,0.031314,-0.978751,-27.707462,416.767822,-488.804199
804,0.153615,-0.132202,0.031296,-0.978747,-27.720901,416.773743,-488.802429
805,0.153597,-0.132222,0.0313,-0.978747,-27.739952,416.780823,-488.80011
806,0.153592,-0.132243,0.03122,-0.978748,-27.756254,416.782593,-488.797241
807,0.153591,-0.132318,0.031103,-0.978741,-27.78841,416.791809,-488.803436
808,0.153598,-0.132265,0.031142,-0.978746,-27.765604,416.780212,-488.799805
809,0.153601,-0.132103,0.031392,-0.97876,-27.735645,416.748077,-488.787476
810,0.153585,-0.132041,0.031576,-0.978764,-27.749094,416.740265,-488.790833
811,0.153599,-0.131959,0.031697,-0.978769,-27.706512,416.725525,-488.798798
812,0.15361,-0.131909,0.031784,-0.978772,-27.684965,416.712219,-488.804413
813,0.153611,-0.132083,0.031378,-0.978761,-27.722878,416.741302,-488.818115
814,0.153595,-0.132049,0.031446,-0.978766,-27.712982,416.749115,-488.825684
815,0.153575,-0.131984,0.031756,-0.978768,-27.723166,416.75,-488.832367
816,0.153599,-0.132117,0.031431,-0.978757,-27.737423,416.765686,-488.833771
817,0.153603,-0.132103,0.031342,-0.978761,-27.725416,416.762665,-488.82489
818,0.153593,-0.13207,0.031548,-0.97876,-27.756311,416.749084,-488.815948
819,0.153591,-0.132058,0.031676,-0.978758,-27.765873,416.744324,-488.813812
820,0.153567,-0.13204,0.031639,-0.978765,-27.752724,416.765747,-488.820984
821,0.153585,-0.132098,0.031379,-0.978763,-27.741861,416.770294,-488.819305
822,0.153588,-0.132024,0.031525,-0.978768,-27.722221,416.751556,-488.81424
823,0.153565,-0.131962,0.031763,-0.978772,-27.738705,416.741913,-488.813416
824,0.153565,-0.132009,0.031605,-0.978771,-27.739473,416.751556,-488.815704
825,0.153581,-0.132086,0.031305,-0.978768,-27.71258,416.768616,-488.820343
826,0.153586,-0.132046,0.031446,-0.978768,-27.695179,416.755676,-488.816559
827,0.153562,-0.131924,0.031763,-0.978778,-27.676107,416.747772,-488.809418
828,0.15358,-0.132094,0.031452,-0.978762,-27.717888,416.770294,-488.811096
829,0.153588,-0.132163,0.031477,-0.978751,-27.759693,416.773224,-488.813171
830,0.153583,-0.132157,0.031526,-0.978751,-27.764933,416.777588,-488.820648
831,0.153593,-0.132106,0.031492,-0.978757,-27.738787,416.761658,-488.820374
832,0.153571,-0.131986,0.031732,-0.978769,-27.730812,416.741821,-488.816284
833,0.153562,-0.131979,0.031812,-0.978769,-27.756788,416.734528,-488.815765
834,0.153581,-0.131983,0.031801,-0.978766,-27.771738,416.716522,-488.80481
835,0.153598,-0.131968,0.031762,-0.978766,-27.767271,416.701843,-488.793915
836,0.1536,-0.131978,0.031754,-0.978765,-27.776859,416.70166,-488.797852
837,0.153583,-0.131969,0.031779,-0.978768,-27.780338,416.717285,-488.813293
838,0.153599,-0.131959,0.031815,-0.978766,-27.795284,416.703369,-488.809967
839,0.153607,-0.131987,0.031805,-0.978761,-27.825754,416.697845,-488.808258
840,0.153598,-0.131955,0.031817,-0.978766,-27.806206,416.706146,-488.816376
841,0.153601,-0.131931,0.031826,-0.978769,-27.78706,416.701904,-488.817383
842,0.153597,-0.131961,0.031778,-0.978767,-27.800367,416.704468,-488.821228
843,0.153578,-0.13199,0.031733,-0.978767,-27.805742,416.720154,-488.830048
844,0.153558,-0.132021,0.031707,-0.978767,-27.811777,416.734741,-488.837738
845,0.153563,-0.132006,0.031722,-0.978768,-27.810232,416.721558,-488.829498
846,0.153584,-0.131975,0.031717,-0.978769,-27.799557,416.700256,-488.814941
847,0.153588,-0.132022,0.03162,-0.978765,-27.808546,416.706451,-488.817871
848,0.153573,-0.132005,0.031692,-0.978768,-27.808306,416.717987,-488.825592
849,0.153571,-0.131938,0.031856,-0.978772,-27.803629,416.707916,-488.823853
850,0.15358,-0.131949,0.031802,-0.97877,-27.805584,416.70578,-488.824951
851,0.153581,-0.131933,0.031789,-0.978773,-27.79565,416.706268,-488.828949
852,0.153565,-0.131896,0.031868,-0.978778,-27.794174,416.707397,-488.831635
853,0.153553,-0.13194,0.031754,-0.978777,-27.811968,416.716675,-488.832642
854,0.153574,-0.131974,0.031698,-0.978771,-27.833483,416.700043,-488.819946
855,0.153588,-0.132002,0.031752,-0.978764,-27.864475,416.684662,-488.80957
856,0.153593,-0.132027,0.031717,-0.978761,-27.868536,416.685638,-488.807312
857,0.15361,-0.131974,0.031781,-0.978763,-27.8361,416.669586,-488.797394
858,0.153606,-0.132018,0.031726,-0.978759,-27.844299,416.679504,-488.800446
859,0.153601,-0.132047,0.03167,-0.978758,-27.840801,416.690918,-488.803711
860,0.153617,-0.131947,0.031796,-0.978765,-27.788185,416.674255,-488.798187
861,0.153609,-0.131943,0.031796,-0.978767,-27.787033,416.686401,-488.805939
862,0.1536,-0.131988,0.031731,-0.978764,-27.808804,416.702881,-488.818054
863,0.153621,-0.131979,0.031792,-0.97876,-27.825449,416.683075,-488.812073
864,0.15363,-0.132006,0.031805,-0.978755,-27.863323,416.672455,-488.806732
865,0.153613,-0.132029,0.031795,-0.978755,-27.889095,416.682007,-488.810638
866,0.153607,-0.132058,0.031739,-0.978754,-27.907602,416.687958,-488.812683
867,0.153609,-0.132082,0.031605,-0.978754,-27.90896,416.691162,-488.811554
868,0.153613,-0.132043,0.031669,-0.978757,-27.908152,416.678131,-488.800354
869,0.153614,-0.131993,0.031763,-0.97876,-27.900076,416.665222,-488.791046
870,0.153593,-0.13199,0.031732,-0.978765,-27.89255,416.675995,-488.791534
871,0.153588,-0.131983,0.031706,-0.978768,-27.882788,416.675507,-488.786163
872,0.153582,-0.131995,0.031717,-0.978767,-27.8867,416.677948,-488.781586
873,0.153596,-0.132042,0.031711,-0.978758,-27.898628,416.675873,-488.775391
874,0.153611,-0.131981,0.031791,-0.978761,-27.856815,416.66687,-488.769165
875,0.153579,-0.131985,0.031793,-0.978766,-27.854784,416.691528,-488.782227
876,0.153589,-0.132043,0.031685,-0.97876,-27.866636,416.694885,-488.784149
877,0.153584,-0.132065,0.031581,-0.978761,-27.856972,416.706085,-488.787994
878,0.153578,-0.132099,0.031526,-0.978759,-27.872589,416.711639,-488.792664
879,0.15358,-0.13203,0.031673,-0.978763,-27.858507,416.695831,-488.787415
880,0.153595,-0.131946,0.031785,-0.978769,-27.819164,416.677216,-488.781525
881,0.153606,-0.131951,0.031747,-0.978768,-27.813826,416.675537,-488.782318
882,0.153576,-0.132014,0.031692,-0.978766,-27.854033,416.697998,-488.791077
883,0.153584,-0.131999,0.031738,-0.978765,-27.858633,416.685547,-488.781158
884,0.153571,-0.131955,0.03179,-0.978771,-27.839821,416.690674,-488.77652
885,0.153571,-0.131986,0.031747,-0.978768,-27.850864,416.694427,-488.777008
886,0.153598,-0.132,0.031711,-0.978764,-27.844376,416.682251,-488.774841
887,0.153601,-0.131986,0.031659,-0.978767,-27.80975,416.690094,-488.783966
888,0.153593,-0.131959,0.031685,-0.978771,-27.788248,416.695343,-488.79541
889,0.153594,-0.13192,0.031759,-0.978773,-27.77347,416.688019,-488.798889
890,0.1536,-0.131949,0.031718,-0.97877,-27.790358,416.684814,-488.797791
891,0.153602,-0.131993,0.03169,-0.978765,-27.823486,416.680664,-488.795776
892,0.153606,-0.131958,0.031746,-0.978767,-27.822573,416.667145,-488.790009
893,0.153579,-0.13199,0.031716,-0.978768,-27.85021,416.684143,-488.793457
894,0.153558,-0.131998,0.031682,-0.978771,-27.851328,416.701599,-488.793304
895,0.153575,-0.13196,0.031707,-0.978773,-27.832695,416.692078,-488.782227
896,0.153587,-0.131965,0.03173,-0.978769,-27.841799,416.68869,-488.784088
897,0.153587,-0.131963,0.031738,-0.978769,-27.840548,416.69458,-488.794098
898,0.153598,-0.13194,0.031783,-0.978769,-27.835995,416.682587,-488.791443
899,0.153593,-0.13196,0.031763,-0.978768,-27.858973,416.675018,-488.78891
900,0.153579,-0.131993,0.031659,-0.978769,-27.871782,416.679932,-488.793854
901,0.153586,-0.131943,0.031695,-0.978774,-27.840427,416.676453,-488.795959
902,0.153587,-0.131937,0.031765,-0.978772,-27.836657,416.680206,-488.800995
903,0.153575,-0.131975,0.031734,-0.97877,-27.846638,416.690338,-488.807983
904,0.153561,-0.131993,0.031643,-0.978773,-27.840935,416.703461,-488.810394
905,0.153568,-0.131968,0.031707,-0.978773,-27.836464,416.692505,-488.799713
906,0.153579,-0.131939,0.031804,-0.978772,-27.83069,416.678528,-488.793365
907,0.15359,-0.131972,0.031757,-0.978767,-27.847668,416.675385,-488.79422
908,0.153602,-0.131999,0.031663,-0.978765,-27.857073,416.671051,-488.794556
909,0.153594,-0.132012,0.031618,-0.978766,-27.859289,416.679535,-488.807556
910,0.153591,-0.131954,0.031719,-0.978771,-27.837303,416.678741,-488.818878
911,0.153587,-0.131932,0.031769,-0.978773,-27.829266,416.682587,-488.825623
912,0.153587,-0.132003,0.031661,-0.978767,-27.857821,416.687866,-488.826324
913,0.153584,-0.131999,0.031622,-0.978769,-27.859882,416.680237,-488.81424
914,0.153566,-0.132008,0.031602,-0.978771,-27.869934,416.683319,-488.805695
915,0.153579,-0.132033,0.031572,-0.978767,-27.874329,416.675751,-488.796173
916,0.153589,-0.132048,0.031588,-0.978762,-27.884134,416.671509,-488.79187
917,0.153572,-0.132019,0.031579,-0.978769,-27.864044,416.682434,-488.798553
918,0.153573,-0.132023,0.031534,-0.97877,-27.86237,416.682709,-488.804993
919,0.153573,-0.132049,0.031561,-0.978766,-27.887754,416.68634,-488.817535
920,0.153587,-0.132029,0.031612,-0.978765,-27.877741,416.682831,-488.828613
921,0.153617,-0.131983,0.031656,-0.978765,-27.857519,416.662781,-488.831116
922,0.153617,-0.13196,0.031623,-0.978769,-27.850765,416.658569,-488.833679
923,0.153599,-0.131975,0.031563,-0.978772,-27.85844,416.664001,-488.833435
924,0.153592,-0.131976,0.031544,-0.978773,-27.856808,416.661743,-488.825226
925,0.153584,-0.132018,0.031492,-0.97877,-27.875628,416.668213,-488.818756
926,0.153585,-0.132031,0.031534,-0.978767,-27.890287,416.662811,-488.807129
927,0.153611,-0.132033,0.031556,-0.978762,-27.886211,416.644104,-488.792969
928,0.15361,-0.132038,0.031534,-0.978762,-27.873095,416.651062,-488.793365
929,0.153592,-0.132037,0.031564,-0.978764,-27.874001,416.664215,-488.798187
930,0.1536,-0.132078,0.031583,-0.978757,-27.901373,416.663483,-488.800476
931,0.153622,-0.132006,0.031676,-0.97876,-27.857819,416.647858,-488.799469
932,0.153631,-0.13195,0.031707,-0.978765,-27.814705,416.64267,-488.804626
933,0.153618,-0.131989,0.031639,-0.978764,-27.830507,416.654388,-488.811676
934,0.153602,-0.131996,0.031571,-0.978768,-27.826908,416.663513,-488.809174
935,0.1536,-0.131976,0.031622,-0.978769,-27.826546,416.653229,-488.796295
936,0.15359,-0.132,0.031617,-0.978768,-27.849981,416.657135,-488.794128
937,0.153602,-0.132013,0.031597,-0.978765,-27.863108,416.650757,-488.790039
938,0.15362,-0.132035,0.031627,-0.978758,-27.885571,416.640533,-488.784149
939,0.153621,-0.132011,0.031665,-0.97876,-27.872337,416.64093,-488.783966
940,0.153622,-0.131972,0.031676,-0.978765,-27.847075,416.644287,-488.783936
941,0.153618,-0.132004,0.031702,-0.97876,-27.868402,416.648804,-488.787384
942,0.153624,-0.132014,0.031662,-0.978759,-27.857327,416.648224,-488.78775
943,0.153605,-0.131994,0.031587,-0.978767,-27.832716,416.663818,-488.79068
944,0.15357,-0.132001,0.031642,-0.97877,-27.859461,416.675079,-488.794403
945,0.153557,-0.131996,0.031674,-0.978772,-27.869511,416.672455,-488.790802
946,0.153542,-0.132004,0.031621,-0.978775,-27.874657,416.682037,-488.79071
947,0.153544,-0.132,0.031636,-0.978774,-27.876251,416.679138,-488.789215
948,0.153556,-0.132005,0.031674,-0.978771,-27.878523,416.671143,-488.785431
949,0.15356,-0.132028,0.031694,-0.978766,-27.887884,416.672089,-488.785492
950,0.153553,-0.132051,0.031676,-0.978765,-27.890432,416.683838,-488.792053
951,0.153567,-0.13209,0.031625,-0.978759,-27.890108,416.687042,-488.7966
952,0.153588,-0.132065,0.031704,-0.978757,-27.867176,416.67395,-488.795227
953,0.153579,-0.132032,0.031723,-0.978762,-27.833179,416.679199,-488.8078
954,0.153576,-0.132075,0.031592,-0.978761,-27.82502,416.690155,-488.822052
955,0.153569,-0.132064,0.03154,-0.978765,-27.793842,416.701324,-488.830231
956,0.153571,-0.132058,0.03157,-0.978765,-27.777605,416.706268,-488.83139
957,0.153573,-0.132072,0.031605,-0.978761,-27.774496,416.70874,-488.827942
958,0.153579,-0.13212,0.031416,-0.97876,-27.74568,416.723785,-488.825195
959,0.15357,-0.132202,0.031326,-0.978753,-27.770266,416.74115,-488.825928
960,0.153557,-0.132131,0.031595,-0.978756,-27.776867,416.731842,-488.820374
961,0.153544,-0.132076,0.031681,-0.978763,-27.757372,416.741608,-488.825562
962,0.153553,-0.132045,0.031719,-0.978764,-27.747585,416.735962,-488.825439
963,0.153573,-0.132154,0.031381,-0.978757,-27.756186,416.746185,-488.829193
964,0.15357,-0.132145,0.031347,-0.97876,-27.760645,416.742188,-488.8302
965,0.153534,-0.131975,0.031698,-0.978778,-27.738251,416.73291,-488.831573
966,0.153525,-0.132004,0.031698,-0.978775,-27.765322,416.736267,-488.834625
967,0.153554,-0.132011,0.031663,-0.97877,-27.771711,416.714447,-488.819946
968,0.153546,-0.132032,0.031563,-0.978772,-27.776836,416.722015,-488.817261
969,0.15355,-0.132088,0.031528,-0.978765,-27.814108,416.717621,-488.80896
970,0.153541,-0.132106,0.031537,-0.978764,-27.820959,416.723969,-488.809692
971,0.153527,-0.132066,0.031522,-0.978772,-27.778257,416.739471,-488.817902
972,0.15353,-0.132019,0.031644,-0.978774,-27.76359,416.733765,-488.818665
973,0.153545,-0.132046,0.031646,-0.978768,-27.771637,416.730774,-488.824677
974,0.153542,-0.132058,0.031674,-0.978766,-27.778374,416.734894,-488.828888
975,0.153545,-0.132017,0.031715,-0.978769,-27.758875,416.725464,-488.825806
976,0.153523,-0.132047,0.031574,-0.978773,-27.754389,416.746246,-488.836578
977,0.153508,-0.132076,0.031499,-0.978774,-27.762575,416.760986,-488.841553
978,0.153526,-0.13203,0.031584,-0.978775,-27.751938,416.739716,-488.830994
979,0.153523,-0.132015,0.031621,-0.978776,-27.750935,416.737732,-488.830566
980,0.153499,-0.131995,0.031661,-0.978781,-27.743729,416.754028,-488.840515
981,0.153485,-0.132004,0.031714,-0.978781,-27.75321,416.762299,-488.844055
982,0.15351,-0.132002,0.031646,-0.978779,-27.729441,416.752625,-488.83963
983,0.153516,-0.132003,0.031622,-0.978779,-27.718983,416.750854,-488.841553
984,0.153535,-0.132015,0.031683,-0.978772,-27.738153,416.733429,-488.83551
985,0.153517,-0.132028,0.031612,-0.978776,-27.734041,416.753296,-488.847137
986,0.153525,-0.132078,0.031443,-0.978773,-27.734241,416.760864,-488.854065
987,0.153524,-0.132064,0.03148,-0.978774,-27.736065,416.75827,-488.852325
988,0.153506,-0.132017,0.031617,-0.978779,-27.734064,416.75705,-488.847382
989,0.153498,-0.132012,0.031581,-0.978782,-27.721169,416.759247,-488.845337
990,0.153485,-0.132026,0.03147,-0.978786,-27.709286,416.77066,-488.844208
991,0.153472,-0.132024,0.031508,-0.978787,-27.7206,416.771057,-488.841766
992,0.153471,-0.132017,0.031575,-0.978786,-27.729347,416.763397,-488.841827
993,0.153479,-0.131991,0.031617,-0.978787,-27.725466,416.753418,-488.843079
994,0.153463,-0.13197,0.031627,-0.978791,-27.71936,416.76355,-488.850189
995,0.153492,-0.132071,0.031411,-0.97878,-27.733751,416.766357,-488.851074
996,0.153509,-0.132093,0.031323,-0.978777,-27.722269,416.767731,-488.852631
997,0.153499,-0.13197,0.031632,-0.978786,-27.711718,416.752838,-488.851837
998,0.153486,-0.131981,0.031699,-0.978784,-27.732321,416.761322,-488.855835
999,0.153484,-0.132008,0.031607,-0.978784,-27.726814,416.772003,-488.858276
1000,0.153486,-0.131976,0.031618,-0.978787,-27.720896,416.765442,-488.853577
1001,0.153497,-0.132088,0.03139,-0.978778,-27.758524,416.770386,-488.850647
1002,0.153513,-0.132114,0.031322,-0.978774,-27.75812,416.761627,-488.846954
1003,0.153504,-0.132072,0.031529,-0.978775,-27.781208,416.750427,-488.842621
1004,0.153507,-0.132136,0.031463,-0.978768,-27.824894,416.754364,-488.842896
1005,0.153489,-0.132137,0.031449,-0.97877,-27.830786,416.768982,-488.851379
1006,0.153504,-0.132108,0.031499,-0.978771,-27.815971,416.761169,-488.848328
1007,0.153504,-0.132087,0.031594,-0.97877,-27.826117,416.759552,-488.849609
1008,0.153499,-0.132042,0.031635,-0.978776,-27.808233,416.760742,-488.85434
1009,0.153485,-0.132057,0.03161,-0.978777,-27.815042,416.771576,-488.859924
1010,0.153491,-0.132002,0.031731,-0.978779,-27.805069,416.757263,-488.84552
1011,0.15348,-0.131989,0.031711,-0.978784,-27.796284,416.76355,-488.839325
1012,0.153448,-0.132008,0.031652,-0.978788,-27.805105,416.783722,-488.840759
1013,0.153463,-0.132006,0.031725,-0.978783,-27.834995,416.757751,-488.820862
1014,0.153461,-0.132033,0.031708,-0.978781,-27.865303,416.753021,-488.813751
1015,0.153439,-0.132081,0.031656,-0.978779,-27.895868,416.772949,-488.827026
1016,0.153439,-0.132094,0.031602,-0.978779,-27.890043,416.784882,-488.837646
1017,0.15345,-0.132095,0.03157,-0.978778,-27.87196,416.787079,-488.838898
1018,0.153431,-0.132104,0.031576,-0.97878,-27.873322,416.798279,-488.841675
1019,0.153426,-0.13205,0.031594,-0.978788,-27.829855,416.799255,-488.83194
1020,0.153412,-0.131994,0.031716,-0.978793,-27.801857,416.803955,-488.822968
1021,0.153389,-0.132067,0.031773,-0.978785,-27.848974,416.82489,-488.824829
1022,0.153416,-0.132141,0.031541,-0.978779,-27.835787,416.827026,-488.817566
1023,0.153403,-0.132111,0.031412,-0.978789,-27.78927,416.838379,-488.821106
1024,0.153385,-0.132022,0.031699,-0.978795,-27.79723,416.827942,-488.822998
1025,0.153407,-0.132096,0.031511,-0.978787,-27.789518,416.841034,-488.832245
1026,0.153426,-0.132155,0.031352,-0.978781,-27.781906,416.852264,-488.841003
1027,0.153401,-0.132093,0.031571,-0.978786,-27.785805,416.853882,-488.850281
1028,0.153405,-0.132064,0.031655,-0.978787,-27.777723,416.843018,-488.851074
1029,0.153412,-0.132085,0.031667,-0.978783,-27.789579,416.83847,-488.851776
1030,0.153416,-0.132153,0.031472,-0.978779,-27.798746,416.854218,-488.85614
1031,0.153443,-0.132168,0.031365,-0.978776,-27.795284,416.844666,-488.851715
1032,0.15344,-0.13206,0.031677,-0.978781,-27.802488,416.819427,-488.846649
1033,0.153451,-0.132024,0.031706,-0.978784,-27.799007,416.809784,-488.841705
1034,0.153477,-0.132059,0.031638,-0.978777,-27.819912,416.797638,-488.835754
1035,0.153471,-0.132056,0.03175,-0.978775,-27.848888,416.793182,-488.837524
1036,0.153483,-0.132031,0.031761,-0.978776,-27.837774,416.781738,-488.831116
1037,0.153498,-0.132013,0.031777,-0.978775,-27.841881,416.765991,-488.818176
1038,0.153504,-0.132015,0.031832,-0.978772,-27.870104,416.751251,-488.807312
1039,0.153484,-0.132069,0.03172,-0.978772,-27.896135,416.767822,-488.816376
1040,0.153464,-0.131997,0.031752,-0.978784,-27.872046,416.773315,-488.816559
1041,0.153434,-0.132039,0.031701,-0.978784,-27.901829,416.800049,-488.824982
1042,0.153446,-0.132069,0.031708,-0.978778,-27.923431,416.797729,-488.818878
1043,0.153465,-0.132082,0.031664,-0.978775,-27.923597,416.791565,-488.808228
1044,0.153465,-0.132078,0.031607,-0.978777,-27.913139,416.793182,-488.805481
1045,0.153443,-0.132043,0.031694,-0.978783,-27.912003,416.796448,-488.805603
1046,0.153442,-0.132032,0.031749,-0.978783,-27.926046,416.78714,-488.800232
1047,0.153444,-0.132012,0.031735,-0.978785,-27.925053,416.77475,-488.79361
1048,0.153462,-0.132033,0.031657,-0.978782,-27.943544,416.760101,-488.788727
1049,0.153484,-0.132008,0.031711,-0.978781,-27.943045,416.74472,-488.784912
1050,0.153463,-0.131983,0.031792,-0.978784,-27.941263,416.746735,-488.784454
1051,0.153407,-0.131998,0.031662,-0.978795,-27.929251,416.795532,-488.802429
1052,0.153408,-0.132017,0.031672,-0.978792,-27.930092,416.803345,-488.803925
1053,0.153454,-0.131989,0.031799,-0.978785,-27.908348,416.78125,-488.797058
1054,0.153455,-0.131931,0.031884,-0.97879,-27.871445,416.781372,-488.799103
1055,0.153421,-0.132,0.03172,-0.978791,-27.892221,416.814209,-488.810059
1056,0.153408,-0.132048,0.031637,-0.978789,-27.905596,416.827301,-488.814667
1057,0.153416,-0.132008,0.031772,-0.978789,-27.897501,416.813293,-488.815369
1058,0.153416,-0.131981,0.031822,-0.978791,-27.88822,416.817963,-488.82132
1059,0.153445,-0.131999,0.03177,-0.978786,-27.885998,416.802094,-488.819824
1060,0.153458,-0.131981,0.031774,-0.978786,-27.869473,416.793274,-488.815216
1061,0.153458,-0.13197,0.031858,-0.978785,-27.879358,416.787262,-488.811401
1062,0.153418,-0.132033,0.031766,-0.978786,-27.910561,416.825684,-488.82843
1063,0.153431,-0.131987,0.031845,-0.978787,-27.892019,416.819824,-488.826843
1064,0.153454,-0.131922,0.031991,-0.978788,-27.859266,416.807892,-488.825745
1065,0.153446,-0.13198,0.031927,-0.978783,-27.87492,416.834686,-488.835449
1066,0.15342,-0.13198,0.031933,-0.978787,-27.869564,416.836395,-488.839081
1067,0.153419,-0.131981,0.031728,-0.978794,-27.844946,416.816589,-488.837952
1068,0.153415,-0.131897,0.031664,-0.978808,-27.803635,416.811523,-488.836823
1069,0.153384,-0.131936,0.031812,-0.978802,-27.839849,416.857666,-488.857147
1070,0.153398,-0.13189,0.032163,-0.978795,-27.845715,416.858246,-488.869263
1071,0.153399,-0.131847,0.032009,-0.978806,-27.805178,416.850555,-488.863708
1072,0.153321,-0.131908,0.031647,-0.978822,-27.823643,416.885254,-488.863159
1073,0.153316,-0.131963,0.031698,-0.978813,-27.867052,416.895569,-488.858887
1074,0.153393,-0.131866,0.032205,-0.978798,-27.843073,416.843018,-488.83902
1075,0.153369,-0.131914,0.032124,-0.978798,-27.856665,416.864288,-488.84256
1076,0.153338,-0.132009,0.031696,-0.978804,-27.87431,416.885773,-488.835999
1077,0.15335,-0.131977,0.031737,-0.978805,-27.841242,416.872437,-488.829254
1078,0.153343,-0.131851,0.032168,-0.978809,-27.787682,416.876801,-488.842926
1079,0.15336,-0.13188,0.032068,-0.978805,-27.780405,416.893677,-488.863312
1080,0.153359,-0.131939,0.031853,-0.978805,-27.787567,416.91214,-488.877197
1081,0.153327,-0.131914,0.031976,-0.978809,-27.778929,416.921051,-488.881836
1082,0.153307,-0.131884,0.031976,-0.978816,-27.74703,416.937775,-488.88916
1083,0.153331,-0.131889,0.031895,-0.978814,-27.741949,416.929413,-488.879272
1084,0.153342,-0.131933,0.031925,-0.978806,-27.771364,416.920837,-488.86676
1085,0.153402,-0.132073,0.031716,-0.978784,-27.809456,416.895813,-488.839569
1086,0.153402,-0.132181,0.031551,-0.978775,-27.8477,416.917023,-488.820435
1087,0.153323,-0.131944,0.032035,-0.978804,-27.779995,416.956116,-488.848724
1088,0.153375,-0.131988,0.032079,-0.978788,-27.79702,416.932892,-488.856323
1089,0.153378,-0.132055,0.032029,-0.97878,-27.845074,416.914124,-488.861847
1090,0.15333,-0.13184,0.031949,-0.978819,-27.735994,416.89621,-488.871796
1091,0.153296,-0.131768,0.031757,-0.978841,-27.681335,416.952362,-488.894989
1092,0.153426,-0.131919,0.032236,-0.978784,-27.8204,416.859741,-488.870239
1093,0.153356,-0.131983,0.032214,-0.978787,-27.857805,416.925018,-488.895844
1094,0.153322,-0.131823,0.031799,-0.978828,-27.730633,416.940735,-488.902527
1095,0.153288,-0.131846,0.031836,-0.978829,-27.76474,416.939392,-488.890656
1096,0.153237,-0.131984,0.0321,-0.97881,-27.865503,416.992126,-488.89743
1097,0.153399,-0.131891,0.032189,-0.978794,-27.800854,416.889557,-488.865784
1098,0.153275,-0.131867,0.031965,-0.978824,-27.768141,416.964111,-488.884613
1099,0.153275,-0.132012,0.031821,-0.978809,-27.862476,416.970734,-488.887848
1100,0.153351,-0.131946,0.032188,-0.978794,-27.846859,416.916229,-488.874023
1101,0.153336,-0.13188,0.03225,-0.978803,-27.802851,416.919037,-488.885864
1102,0.153298,-0.131979,0.031832,-0.97881,-27.841221,416.963135,-488.905731
1103,0.1534,-0.131987,0.031924,-0.978789,-27.870821,416.893677,-488.883545
1104,0.153421,-0.131949,0.032258,-0.97878,-27.854216,416.87207,-488.873352
1105,0.153323,-0.132072,0.032095,-0.978784,-27.921329,416.922394,-488.869965
1106,0.15323,-0.132195,0.031634,-0.978797,-27.981077,416.996826,-488.877777
1107,0.153383,-0.131962,0.031959,-0.978794,-27.843515,416.88913,-488.857574
1108,0.153421,-0.13184,0.032369,-0.978791,-27.779739,416.868042,-488.871826
1109,0.153314,-0.132012,0.032009,-0.978797,-27.875189,416.964233,-488.906586
1110,0.153361,-0.13199,0.031766,-0.9788,-27.865637,416.928101,-488.897339
1111,0.153325,-0.131826,0.032076,-0.978818,-27.775898,416.934021,-488.901917
1112,0.153436,-0.131999,0.032181,-0.978774,-27.901833,416.851288,-488.859222
1113,0.153355,-0.132188,0.03187,-0.978771,-28.024157,416.905884,-488.854279
1114,0.153354,-0.132039,0.031768,-0.978795,-27.914913,416.904907,-488.87796
1115,0.153423,-0.131953,0.032198,-0.978781,-27.879581,416.857666,-488.861908
1116,0.153449,-0.132088,0.032235,-0.978758,-27.969036,416.860596,-488.857361
1117,0.153402,-0.132085,0.031916,-0.978776,-27.94689,416.89444,-488.872894
1118,0.153332,-0.132017,0.031862,-0.978798,-27.889805,416.938538,-488.88327
1119,0.153438,-0.131958,0.032192,-0.978779,-27.876463,416.847534,-488.868134
1120,0.153366,-0.132072,0.032101,-0.978778,-27.938808,416.922211,-488.887024
1121,0.153395,-0.132059,0.031943,-0.97878,-27.912022,416.914398,-488.883209
1122,0.153377,-0.132054,0.032159,-0.978776,-27.934816,416.909058,-488.861237
1123,0.153355,-0.132086,0.032246,-0.978773,-27.955032,416.931366,-488.857086
1124,0.153385,-0.131953,0.032201,-0.978787,-27.860083,416.879181,-488.854706
1125,0.153282,-0.132034,0.031974,-0.9788,-27.921045,416.922089,-488.856232
1126,0.15334,-0.132123,0.031733,-0.978787,-27.950796,416.926636,-488.862091
1127,0.153395,-0.132034,0.032227,-0.978774,-27.908524,416.923279,-488.873505
1128,0.153385,-0.132012,0.032542,-0.978768,-27.935207,416.887817,-488.86795
1129,0.153281,-0.13209,0.031731,-0.978801,-27.938869,416.969299,-488.884216
1130,0.153297,-0.132041,0.031699,-0.978806,-27.905933,416.9422,-488.860321
1131,0.153366,-0.131919,0.032469,-0.978786,-27.877644,416.887817,-488.84317
1132,0.153362,-0.132078,0.032412,-0.978767,-27.979265,416.904419,-488.838013
1133,0.153312,-0.13209,0.03171,-0.978796,-27.921144,416.952148,-488.859222
1134,0.153241,-0.131918,0.031991,-0.978821,-27.825777,416.972351,-488.864349
1135,0.153326,-0.131993,0.032395,-0.978785,-27.884821,416.924408,-488.840363
1136,0.153357,-0.132076,0.032172,-0.978776,-27.900461,416.944275,-488.849518
1137,0.153307,-0.131967,0.032019,-0.978804,-27.806063,416.965363,-488.871918
1138,0.153285,-0.132007,0.03206,-0.9788,-27.820181,416.990997,-488.886627
1139,0.153413,-0.132118,0.032102,-0.978764,-27.876749,416.917023,-488.865021
1140,0.153332,-0.132093,0.03201,-0.978783,-27.849651,416.972412,-488.872528
1141,0.153404,-0.132032,0.031879,-0.978784,-27.803946,416.907623,-488.839844
1142,0.15346,-0.132195,0.031694,-0.978759,-27.871092,416.885254,-488.80304
1143,0.15329,-0.13231,0.031954,-0.978762,-27.944637,417.01889,-488.833679
1144,0.153351,-0.132155,0.032329,-0.978761,-27.905874,416.963593,-488.837189
1145,0.153382,-0.132147,0.032071,-0.978766,-27.901825,416.953156,-488.843445
1146,0.153365,-0.132052,0.031912,-0.978787,-27.809231,416.962524,-488.854462
1147,0.153254,-0.132187,0.031942,-0.978785,-27.895617,417.03479,-488.878662
1148,0.153501,-0.132182,0.032055,-0.978743,-27.969975,416.861328,-488.836517
1149,0.153308,-0.132029,0.032077,-0.978793,-27.856016,416.969543,-488.881958
1150,0.153325,-0.132046,0.031943,-0.978793,-27.860819,416.971863,-488.901917
1151,0.153456,-0.132229,0.031977,-0.978746,-27.995445,416.921906,-488.883606
1152,0.15339,-0.132107,0.032419,-0.978759,-27.959316,416.936707,-488.886108
1153,0.153298,-0.131945,0.032294,-0.978799,-27.848227,416.986664,-488.89389
1154,0.153353,-0.132075,0.031873,-0.978787,-27.923594,416.923767,-488.856201
1155,0.153286,-0.132173,0.031798,-0.978786,-28.000109,416.954712,-488.853027
1156,0.153247,-0.132064,0.032148,-0.978796,-27.953562,416.997559,-488.859894
1157,0.153473,-0.132017,0.032334,-0.97876,-27.944181,416.846161,-488.830688
1158,0.153233,-0.132118,0.032093,-0.978792,-28.000788,417.000366,-488.882629
1159,0.153278,-0.132048,0.031767,-0.978805,-27.921169,416.984924,-488.889374
1160,0.153355,-0.131995,0.032099,-0.97879,-27.882904,416.964905,-488.899872
1161,0.15342,-0.132082,0.032494,-0.978755,-27.969706,416.904327,-488.884796
1162,0.153255,-0.132092,0.031927,-0.978798,-27.932434,417.038208,-488.929565
1163,0.153365,-0.131955,0.031791,-0.978803,-27.824209,416.944885,-488.899017
1164,0.153293,-0.131999,0.032261,-0.978794,-27.872425,416.989258,-488.899841
1165,0.153348,-0.132071,0.032248,-0.978776,-27.894329,416.982483,-488.894409
1166,0.153382,-0.132055,0.031916,-0.978783,-27.84432,416.975769,-488.893555
1167,0.153284,-0.131994,0.032044,-0.978803,-27.814892,417.036774,-488.914429
1168,0.153375,-0.132062,0.032272,-0.978772,-27.871023,416.968658,-488.892578
1169,0.153329,-0.132085,0.032066,-0.978783,-27.867189,417.027954,-488.906097
1170,0.15337,-0.13205,0.031969,-0.978784,-27.842964,416.990479,-488.905548
1171,0.153276,-0.132076,0.032164,-0.978789,-27.894691,417.046722,-488.920349
1172,0.153447,-0.132043,0.032256,-0.978764,-27.901348,416.912659,-488.880157
1173,0.153262,-0.131989,0.032037,-0.978807,-27.849096,417.037628,-488.909912
1174,0.153312,-0.131997,0.031993,-0.9788,-27.868639,417.003876,-488.894867
1175,0.153407,-0.132047,0.032201,-0.978771,-27.918308,416.935974,-488.868561
1176,0.153323,-0.13207,0.032092,-0.978785,-27.903296,417.023315,-488.888275
1177,0.153347,-0.13195,0.032226,-0.978793,-27.854097,416.989136,-488.873962
1178,0.153353,-0.131986,0.032292,-0.978785,-27.897812,416.974091,-488.861847
1179,0.153348,-0.132064,0.032141,-0.97878,-27.930593,416.989197,-488.879089
1180,0.153235,-0.131965,0.032231,-0.978808,-27.867933,417.058838,-488.907471
1181,0.153338,-0.131965,0.032255,-0.978791,-27.896784,416.963562,-488.892029
1182,0.153273,-0.132007,0.032003,-0.978804,-27.902197,417.029266,-488.911011
1183,0.153349,-0.131938,0.032252,-0.978793,-27.888689,416.939026,-488.874908
1184,0.153302,-0.132018,0.032313,-0.978788,-27.957705,416.933624,-488.847961
1185,0.153159,-0.132069,0.031938,-0.978816,-27.953636,417.062347,-488.855652
1186,0.153344,-0.131931,0.032183,-0.978797,-27.863283,416.930847,-488.820343
1187,0.153365,-0.131855,0.032477,-0.978795,-27.828001,416.93103,-488.827942
1188,0.1534,-0.132035,0.032216,-0.978773,-27.935341,416.902435,-488.799683
1189,0.153329,-0.132195,0.03169,-0.97878,-27.963196,416.950531,-488.787323
1190,0.153112,-0.132057,0.031687,-0.978833,-27.832609,417.131104,-488.865082
1191,0.153474,-0.132048,0.032541,-0.978749,-27.95886,416.832214,-488.789368
1192,0.153326,-0.132125,0.031985,-0.97878,-27.926231,416.979675,-488.840942
1193,0.153234,-0.131818,0.031866,-0.97884,-27.718126,417.030762,-488.884674
1194,0.153369,-0.131959,0.032256,-0.978787,-27.877453,416.902985,-488.846161
1195,0.153249,-0.132079,0.032124,-0.978794,-27.954208,417.017975,-488.861511
1196,0.15335,-0.13181,0.032004,-0.978818,-27.763546,416.944275,-488.849762
1197,0.153197,-0.131975,0.032032,-0.978819,-27.870632,417.077057,-488.868103
1198,0.153401,-0.13204,0.032461,-0.978764,-27.985119,416.862213,-488.802856
1199,0.153143,-0.132032,0.031751,-0.978829,-27.889898,417.065674,-488.8573
1200,0.153142,-0.131988,0.031714,-0.978837,-27.843897,417.105438,-488.86203
1201,0.153498,-0.132038,0.032686,-0.978742,-27.959904,416.824402,-488.790283
1202,0.153122,-0.1321,0.032253,-0.978807,-27.933847,417.119446,-488.880524
1203,0.153309,-0.131833,0.031614,-0.978835,-27.715261,417.003693,-488.87796
1204,0.153194,-0.131857,0.03232,-0.978826,-27.788435,417.056915,-488.885986
1205,0.153434,-0.132121,0.032528,-0.978746,-27.943947,416.930237,-488.86145
1206,0.153276,-0.131909,0.03213,-0.978813,-27.757956,417.044495,-488.90686
1207,0.153336,-0.131855,0.031731,-0.978824,-27.679596,416.989319,-488.868439
1208,0.153338,-0.132048,0.0321,-0.978785,-27.821566,416.972321,-488.834015
1209,0.153321,-0.132116,0.032076,-0.978779,-27.806118,417.036011,-488.85437
1210,0.153345,-0.131998,0.032032,-0.978793,-27.747177,416.996948,-488.851074
1211,0.153212,-0.132165,0.031578,-0.978806,-27.799864,417.101257,-488.872681
1212,0.153277,-0.132093,0.031933,-0.978794,-27.812302,417.029907,-488.845703
1213,0.153261,-0.132104,0.031921,-0.978796,-27.782295,417.050842,-488.844391
1214,0.153309,-0.132146,0.031642,-0.978791,-27.797358,417.009766,-488.830902
1215,0.153158,-0.132147,0.03152,-0.978819,-27.801197,417.13559,-488.862946
1216,0.153347,-0.131975,0.032242,-0.978789,-27.769037,416.987396,-488.825195
1217,0.15318,-0.132134,0.032077,-0.978799,-27.806919,417.115479,-488.859009
1218,0.153173,-0.132214,0.031343,-0.978813,-27.800909,417.142578,-488.855591
1219,0.153204,-0.132127,0.031423,-0.978818,-27.753662,417.110199,-488.842651
1220,0.153229,-0.132007,0.03229,-0.978802,-27.773588,417.080597,-488.838135
1221,0.153241,-0.132122,0.032228,-0.978786,-27.834044,417.089691,-488.833832
1222,0.153231,-0.132015,0.031946,-0.978811,-27.787462,417.093628,-488.841858
1223,0.153232,-0.1319,0.032094,-0.978822,-27.724598,417.068115,-488.844513
1224,0.153234,-0.131994,0.032505,-0.978795,-27.837553,417.076782,-488.831329
1225,0.153356,-0.132119,0.032266,-0.978767,-27.898901,416.942657,-488.783356
1226,0.153256,-0.132194,0.031189,-0.978808,-27.840759,417.005615,-488.780579
1227,0.153069,-0.132223,0.031344,-0.978828,-27.8908,417.139313,-488.818207
1228,0.153287,-0.132133,0.03243,-0.978771,-27.914383,416.961182,-488.794678
1229,0.153369,-0.132102,0.032001,-0.978776,-27.834154,416.933105,-488.787537
1230,0.153186,-0.132062,0.031222,-0.978835,-27.772726,417.078094,-488.83194
1231,0.153268,-0.132221,0.031394,-0.978796,-27.825315,417.080414,-488.831146
1232,0.153421,-0.132168,0.032424,-0.978745,-27.867596,416.946533,-488.806183
1233,0.153321,-0.132147,0.03153,-0.978793,-27.77877,417.040222,-488.840515
1234,0.15322,-0.132235,0.030882,-0.978818,-27.807228,417.114563,-488.84903
1235,0.153358,-0.132227,0.031936,-0.978763,-27.876194,416.998535,-488.809082
1236,0.153331,-0.132154,0.032445,-0.978761,-27.863527,416.997925,-488.810211
1237,0.153234,-0.132197,0.031216,-0.97881,-27.801819,417.091675,-488.839935
1238,0.153276,-0.132282,0.03101,-0.978798,-27.851234,417.069122,-488.823547
1239,0.153389,-0.132174,0.0322,-0.978757,-27.866732,416.985168,-488.806274
1240,0.153385,-0.132081,0.032329,-0.978766,-27.837214,416.996246,-488.817688
1241,0.153289,-0.132016,0.031639,-0.978812,-27.801929,417.065094,-488.846436
1242,0.153296,-0.132024,0.031895,-0.978802,-27.823828,417.041962,-488.846161
1243,0.153432,-0.132018,0.032532,-0.97876,-27.843695,416.947327,-488.814819
1244,0.15341,-0.132134,0.031909,-0.978769,-27.857702,416.98114,-488.824677
1245,0.153264,-0.132067,0.03155,-0.978812,-27.846121,417.045898,-488.848755
1246,0.153323,-0.132024,0.031892,-0.978797,-27.827488,417.003387,-488.832489
1247,0.15342,-0.132105,0.032185,-0.978762,-27.864988,416.953125,-488.812927
1248,0.153309,-0.13199,0.032057,-0.978799,-27.852156,416.992188,-488.82724
1249,0.153278,-0.132037,0.031524,-0.978815,-27.863825,417.025208,-488.83902
1250,0.15333,-0.13191,0.032222,-0.978801,-27.828157,416.980103,-488.825958
1251,0.153403,-0.131979,0.032625,-0.978767,-27.915911,416.936493,-488.809174
1252,0.153352,-0.13202,0.031949,-0.978792,-27.902029,416.983093,-488.826447
1253,0.153296,-0.132016,0.031687,-0.97881,-27.896418,417.015625,-488.843445
1254,0.153336,-0.131959,0.032387,-0.978788,-27.911097,416.954926,-488.817932
1255,0.153402,-0.132062,0.032248,-0.978768,-27.945501,416.890198,-488.786591
1256,0.153253,-0.13219,0.0312,-0.978808,-27.924597,417.023254,-488.822449
1257,0.153232,-0.132097,0.031786,-0.978805,-27.961124,417.010864,-488.828369
1258,0.153439,-0.131968,0.032581,-0.978764,-27.920782,416.84967,-488.784668
1259,0.153252,-0.131947,0.032112,-0.978812,-27.88146,416.971039,-488.830017
1260,0.153262,-0.132016,0.031366,-0.978825,-27.870584,417.011932,-488.832031
1261,0.153384,-0.131879,0.03248,-0.978788,-27.869366,416.899689,-488.798096
1262,0.153398,-0.131945,0.032752,-0.978768,-27.905155,416.881042,-488.804688
1263,0.153243,-0.131962,0.031571,-0.978829,-27.818129,417.041687,-488.851227
1264,0.153336,-0.132074,0.031624,-0.978797,-27.896757,416.975037,-488.838959
1265,0.153355,-0.132006,0.032699,-0.978768,-27.920065,416.934326,-488.830078
1266,0.153321,-0.131972,0.032296,-0.978792,-27.87394,416.978729,-488.84494
1267,0.153304,-0.131988,0.03149,-0.978819,-27.830959,416.999908,-488.860352
1268,0.153267,-0.131947,0.032099,-0.97881,-27.849127,417.016571,-488.857635
1269,0.153406,-0.131968,0.032727,-0.978764,-27.90773,416.907623,-488.82312
1270,0.153323,-0.131927,0.031991,-0.978807,-27.816797,416.997528,-488.846527
1271,0.153229,-0.132025,0.03158,-0.978822,-27.863287,417.061829,-488.864014
1272,0.153333,-0.131986,0.032317,-0.978787,-27.878448,416.987061,-488.841461
1273,0.153403,-0.131944,0.032506,-0.978776,-27.829935,416.952911,-488.832703
1274,0.15324,-0.131946,0.03176,-0.978825,-27.771559,417.08316,-488.874786
1275,0.153297,-0.131995,0.031707,-0.978812,-27.808804,417.037262,-488.858887
1276,0.153388,-0.132026,0.032341,-0.978772,-27.85487,416.977997,-488.837952
1277,0.153334,-0.132033,0.032321,-0.978781,-27.846634,417.031219,-488.860992
1278,0.153334,-0.13204,0.031734,-0.978799,-27.80747,417.036652,-488.85675
1279,0.153373,-0.132006,0.031939,-0.978791,-27.807699,416.986328,-488.825317
1280,0.153323,-0.131899,0.03256,-0.978792,-27.797743,416.989258,-488.816803
1281,0.153243,-0.131963,0.032196,-0.978808,-27.793022,417.09613,-488.843445
1282,0.153364,-0.131993,0.032112,-0.978788,-27.820398,417.023712,-488.828247
1283,0.153261,-0.131929,0.032459,-0.978801,-27.799681,417.077026,-488.846436
1284,0.153336,-0.131925,0.032481,-0.978789,-27.80937,417.034943,-488.825684
1285,0.153351,-0.131972,0.032145,-0.978792,-27.802288,417.005615,-488.81012
1286,0.153186,-0.132002,0.031892,-0.978822,-27.801418,417.127258,-488.852966
1287,0.15321,-0.132109,0.032215,-0.978793,-27.898294,417.105927,-488.837646
1288,0.153348,-0.132048,0.032292,-0.978777,-27.846043,417.02774,-488.814117
1289,0.153271,-0.132061,0.031875,-0.978801,-27.808031,417.078491,-488.835663
1290,0.15321,-0.132042,0.031988,-0.97881,-27.869526,417.132294,-488.842346
1291,0.153349,-0.132004,0.032538,-0.978775,-27.877583,416.992432,-488.802979
1292,0.153241,-0.131997,0.032172,-0.978805,-27.832207,417.100891,-488.837219
1293,0.153174,-0.132026,0.031733,-0.978826,-27.828875,417.168243,-488.855774
1294,0.153356,-0.131933,0.032368,-0.978789,-27.84713,417.008026,-488.809692
1295,0.153263,-0.131955,0.032728,-0.978789,-27.893728,417.075623,-488.831299
1296,0.153355,-0.131929,0.032205,-0.978795,-27.822233,417.026337,-488.827515
1297,0.153222,-0.132003,0.032014,-0.978812,-27.840019,417.130463,-488.859009
1298,0.153358,-0.132032,0.032448,-0.978773,-27.876839,417.039215,-488.835266
1299,0.153277,-0.132028,0.0325,-0.978784,-27.877024,417.087799,-488.856232
1300,0.153278,-0.132013,0.032032,-0.978802,-27.841776,417.094391,-488.855133
1301,0.153269,-0.132016,0.032178,-0.978798,-27.855974,417.096436,-488.847687
1302,0.153368,-0.13208,0.032498,-0.978763,-27.892559,417.043579,-488.832001
1303,0.153354,-0.132138,0.032357,-0.978762,-27.905289,417.048615,-488.830933
1304,0.15331,-0.132295,0.031537,-0.978774,-27.892857,417.05304,-488.810059
1305,0.15324,-0.132281,0.031218,-0.978798,-27.829193,417.109314,-488.798615
1306,0.153164,-0.132103,0.03191,-0.978811,-27.757406,417.169983,-488.841064
1307,0.153352,-0.132216,0.032251,-0.978755,-27.857159,417.027893,-488.81543
1308,0.153109,-0.132272,0.031659,-0.978805,-27.85264,417.264771,-488.873016
1309,0.153204,-0.131949,0.032186,-0.978817,-27.715885,417.131317,-488.862122
1310,0.153267,-0.132207,0.032186,-0.978772,-27.835299,417.158478,-488.867401
1311,0.153188,-0.132332,0.03215,-0.978769,-27.909472,417.204193,-488.881653
1312,0.153211,-0.132122,0.031746,-0.978806,-27.736692,417.189392,-488.895844
1313,0.153191,-0.132089,0.031925,-0.978808,-27.747076,417.229309,-488.920807
1314,0.153322,-0.132348,0.032291,-0.978741,-27.934019,417.111115,-488.886993
1315,0.153039,-0.132209,0.032172,-0.978808,-27.892344,417.31601,-488.933929
1316,0.153332,-0.131935,0.031924,-0.978807,-27.704544,417.089661,-488.877472
1317,0.153139,-0.13205,0.032438,-0.978805,-27.849977,417.189056,-488.897125
1318,0.153194,-0.132158,0.032349,-0.978785,-27.923302,417.192047,-488.888123
1319,0.153238,-0.131949,0.032234,-0.97881,-27.770649,417.161346,-488.893768
1320,0.153124,-0.131977,0.032283,-0.978822,-27.816225,417.191132,-488.890503
1321,0.153079,-0.132072,0.032172,-0.97882,-27.87981,417.241943,-488.903046
1322,0.153277,-0.132037,0.032343,-0.978788,-27.844606,417.14798,-488.89682
1323,0.153176,-0.131967,0.032676,-0.978802,-27.842434,417.158813,-488.913422
1324,0.153083,-0.132006,0.032101,-0.978831,-27.861349,417.26062,-488.942688
1325,0.153263,-0.132069,0.032135,-0.978793,-27.890503,417.138428,-488.909088
1326,0.153028,-0.132016,0.032699,-0.978818,-27.891169,417.301208,-488.956573
1327,0.153167,-0.132066,0.032374,-0.978801,-27.905321,417.19986,-488.926331
1328,0.153109,-0.132049,0.031871,-0.978828,-27.856003,417.271057,-488.92691
1329,0.153159,-0.132013,0.032384,-0.978809,-27.844963,417.240387,-488.928925
1330,0.153124,-0.131973,0.032972,-0.9788,-27.903221,417.225494,-488.926575
1331,0.153139,-0.132065,0.032145,-0.978813,-27.903994,417.237946,-488.928131
1332,0.153246,-0.131993,0.032009,-0.97881,-27.840317,417.123779,-488.897217
1333,0.153186,-0.131989,0.032601,-0.9788,-27.893749,417.121948,-488.859711
1334,0.153293,-0.132118,0.032173,-0.97878,-27.922058,417.023773,-488.83786
1335,0.152936,-0.132043,0.031685,-0.978862,-27.827274,417.3078,-488.929138
1336,0.153273,-0.132022,0.032129,-0.978798,-27.820309,417.102692,-488.880157
1337,0.153194,-0.132187,0.032415,-0.978779,-27.911972,417.185181,-488.89209
1338,0.153141,-0.132047,0.032225,-0.978812,-27.891872,417.211121,-488.895996
1339,0.153168,-0.131923,0.032054,-0.97883,-27.788195,417.210144,-488.910492
1340,0.153209,-0.131883,0.032897,-0.978801,-27.844988,417.134338,-488.903107
1341,0.15323,-0.132094,0.032503,-0.978783,-27.957443,417.168304,-488.91684
1342,0.153087,-0.132009,0.032161,-0.978828,-27.870394,417.292725,-488.94989
1343,0.153357,-0.131924,0.032488,-0.978786,-27.80829,417.10257,-488.93045
1344,0.153049,-0.13209,0.032746,-0.978803,-27.94133,417.333038,-488.9823
1345,0.15324,-0.132162,0.032147,-0.978784,-27.92144,417.246735,-488.949524
1346,0.153155,-0.132025,0.032299,-0.97881,-27.813334,417.307983,-488.962158
1347,0.153214,-0.131983,0.032795,-0.97879,-27.828711,417.246002,-488.929474
1348,0.153186,-0.132204,0.032446,-0.978777,-27.938955,417.309296,-488.935486
1349,0.153119,-0.132034,0.032529,-0.978807,-27.840216,417.310944,-488.933075
1350,0.153141,-0.131974,0.032511,-0.978812,-27.781981,417.314636,-488.941345
1351,0.153175,-0.132195,0.032633,-0.978773,-27.947939,417.258728,-488.914795
1352,0.153248,-0.132094,0.032364,-0.978784,-27.876923,417.1474,-488.878601
1353,0.153051,-0.13207,0.031651,-0.978842,-27.740322,417.331451,-488.938141
1354,0.153216,-0.132236,0.032175,-0.978776,-27.904346,417.195404,-488.896851
1355,0.153089,-0.132346,0.032178,-0.978781,-27.948744,417.329071,-488.909698
1356,0.153126,-0.132073,0.032208,-0.978811,-27.798407,417.281464,-488.911316
1357,0.153131,-0.13208,0.032126,-0.978812,-27.803526,417.292084,-488.915436
1358,0.153169,-0.132266,0.032363,-0.978773,-27.95615,417.248779,-488.892944
1359,0.153186,-0.132113,0.032362,-0.978792,-27.836964,417.25354,-488.897369
1360,0.153086,-0.132052,0.032265,-0.978819,-27.805849,417.300537,-488.927185
1361,0.153239,-0.132119,0.032434,-0.97878,-27.923819,417.153778,-488.871277
1362,0.153075,-0.132136,0.032375,-0.978805,-27.893541,417.301086,-488.923157
1363,0.153271,-0.131965,0.032414,-0.978797,-27.758528,417.165588,-488.899872
1364,0.153045,-0.132178,0.032369,-0.978805,-27.92498,417.348175,-488.922485
1365,0.153231,-0.132216,0.032514,-0.978766,-27.958944,417.220032,-488.887085
1366,0.153168,-0.131892,0.032723,-0.978812,-27.735741,417.288757,-488.916626
1367,0.153125,-0.131943,0.032741,-0.978811,-27.737677,417.356506,-488.925568
1368,0.15331,-0.13222,0.032635,-0.978749,-27.89522,417.268311,-488.895447
1369,0.153138,-0.132122,0.032458,-0.978795,-27.766378,417.372162,-488.948944
1370,0.153321,-0.131994,0.032424,-0.978784,-27.715364,417.266968,-488.922699
1371,0.153136,-0.132222,0.032673,-0.978774,-27.899342,417.360199,-488.945892
1372,0.153316,-0.132221,0.032485,-0.978753,-27.856009,417.282471,-488.929565
1373,0.153107,-0.132071,0.032467,-0.978806,-27.679111,417.496704,-488.988281
1374,0.153297,-0.132142,0.033047,-0.978747,-27.820169,417.338104,-488.9422
1375,0.153122,-0.132402,0.032856,-0.978746,-27.966074,417.526917,-488.963379
1376,0.153278,-0.132184,0.033052,-0.978745,-27.822649,417.409393,-488.9198
1377,0.153206,-0.132201,0.033026,-0.978755,-27.817022,417.39328,-488.911591
1378,0.153097,-0.13245,0.032,-0.978772,-27.863897,417.54364,-488.955597
1379,0.153267,-0.132233,0.032832,-0.978747,-27.813227,417.413025,-488.925934
1380,0.153278,-0.132318,0.033468,-0.978712,-27.883583,417.417084,-488.930328
1381,0.153271,-0.132398,0.0329,-0.978722,-27.954712,417.416321,-488.968445
1382,0.153277,-0.132367,0.032256,-0.978747,-27.869265,417.447754,-488.983521
1383,0.153407,-0.132194,0.033409,-0.978711,-27.86224,417.314514,-488.937561
1384,0.153414,-0.13233,0.033549,-0.978687,-27.968067,417.286865,-488.91806
1385,0.153255,-0.13246,0.03194,-0.978748,-27.880919,417.45462,-488.957733
1386,0.153262,-0.13217,0.032487,-0.978768,-27.770308,417.399994,-488.939606
1387,0.153271,-0.132177,0.033686,-0.978725,-27.8757,417.408508,-488.910187
1388,0.153246,-0.132316,0.033483,-0.978717,-27.958675,417.45517,-488.917389
1389,0.153277,-0.132326,0.032668,-0.978738,-27.894484,417.489532,-488.94162
1390,0.153218,-0.132128,0.033549,-0.978745,-27.856998,417.501678,-488.943207
1391,0.153519,-0.132234,0.034245,-0.978659,-28.001734,417.30545,-488.873657
1392,0.15338,-0.132351,0.033854,-0.978679,-28.044468,417.457642,-488.902679
1393,0.153387,-0.132287,0.033791,-0.978688,-27.98732,417.481903,-488.919922
1394,0.153589,-0.132378,0.034553,-0.978618,-28.103765,417.352722,-488.872894
1395,0.153586,-0.132456,0.034537,-0.978608,-28.150101,417.385162,-488.874634
1396,0.153564,-0.132417,0.034127,-0.978631,-28.096098,417.433014,-488.888672
1397,0.153627,-0.132337,0.03469,-0.978612,-28.11891,417.349915,-488.85733
1398,0.153647,-0.13255,0.034497,-0.978587,-28.20648,417.31308,-488.839081
1399,0.153463,-0.132578,0.0335,-0.978647,-28.105471,417.469971,-488.88678
1400,0.153631,-0.132447,0.033752,-0.97863,-28.075144,417.39624,-488.87793
1401,0.153584,-0.132497,0.034923,-0.978589,-28.168242,417.395477,-488.864532
1402,0.153672,-0.132396,0.034807,-0.978593,-28.146572,417.358459,-488.86264
1403,0.153546,-0.132353,0.033999,-0.978647,-28.044157,417.457916,-488.90033
1404,0.153649,-0.132302,0.034771,-0.978611,-28.069965,417.397125,-488.877289
1405,0.153683,-0.132316,0.035571,-0.978575,-28.160004,417.367981,-488.860931
1406,0.153607,-0.132319,0.034869,-0.978612,-28.102365,417.458862,-488.878906
1407,0.153625,-0.132294,0.034731,-0.978617,-28.085924,417.487122,-488.885132
1408,0.153677,-0.132262,0.035922,-0.97857,-28.173431,417.40094,-488.841034
1409,0.153775,-0.132432,0.035669,-0.978541,-28.261131,417.372833,-488.818787
1410,0.153566,-0.132381,0.034753,-0.978614,-28.12224,417.499817,-488.872131
1411,0.153706,-0.132367,0.034911,-0.978588,-28.125431,417.470154,-488.867859
1412,0.153839,-0.132435,0.035958,-0.97852,-28.230957,417.355072,-488.816956
1413,0.153682,-0.132362,0.03567,-0.978565,-28.153658,417.518158,-488.8526
1414,0.153749,-0.132348,0.035316,-0.978569,-28.138191,417.505493,-488.858124
1415,0.153733,-0.132223,0.03647,-0.978547,-28.181892,417.455841,-488.84137
1416,0.153814,-0.132167,0.0368,-0.978529,-28.151609,417.463348,-488.819794
1417,0.153657,-0.132366,0.03635,-0.978544,-28.209852,417.615906,-488.840515
1418,0.153766,-0.132575,0.036119,-0.978507,-28.275021,417.609222,-488.819611
1419,0.153778,-0.132583,0.036584,-0.978487,-28.297686,417.59137,-488.828888
1420,0.153698,-0.132616,0.036228,-0.978508,-28.265381,417.706665,-488.86441
1421,0.153911,-0.132621,0.036105,-0.978478,-28.270151,417.548584,-488.817444
1422,0.15383,-0.132616,0.036303,-0.978484,-28.279106,417.570099,-488.822357
1423,0.153876,-0.132445,0.036228,-0.978503,-28.186308,417.48642,-488.800232
1424,0.153756,-0.132586,0.035677,-0.978523,-28.212896,417.601471,-488.837067
1425,0.153807,-0.132544,0.036084,-0.978506,-28.213511,417.596771,-488.843201
1426,0.153718,-0.132507,0.036835,-0.978497,-28.259348,417.625061,-488.871796
1427,0.153878,-0.132464,0.036092,-0.978505,-28.169607,417.568848,-488.859955
1428,0.153775,-0.132346,0.035874,-0.978545,-28.110332,417.584991,-488.875671
1429,0.15388,-0.132196,0.03623,-0.978536,-28.026094,417.516266,-488.869293
1430,0.153817,-0.13228,0.036599,-0.978521,-28.106117,417.551331,-488.890442
1431,0.153829,-0.132223,0.036248,-0.97854,-28.075232,417.574402,-488.901367
1432,0.15376,-0.131924,0.036601,-0.978578,-27.961277,417.565155,-488.927917
1433,0.153762,-0.131668,0.036893,-0.978601,-27.834099,417.551086,-488.963257
1434,0.153823,-0.131686,0.036674,-0.978597,-27.848434,417.527405,-488.984314
1435,0.153866,-0.131591,0.036545,-0.978608,-27.79196,417.511414,-489.002838
1436,0.153953,-0.131229,0.037052,-0.978624,-27.595764,417.447876,-489.0224
1437,0.154075,-0.131001,0.037505,-0.978618,-27.541824,417.339569,-489.026123
1438,0.154028,-0.130874,0.037113,-0.978657,-27.449213,417.38385,-489.084534
1439,0.15406,-0.130572,0.037208,-0.978689,-27.268911,417.381653,-489.118866
1440,0.154114,-0.130409,0.038039,-0.97867,-27.249712,417.330109,-489.123535
1441,0.154199,-0.130544,0.038001,-0.97864,-27.342148,417.317078,-489.127289
1442,0.154124,-0.130482,0.037845,-0.978667,-27.28759,417.389587,-489.155975
1443,0.154151,-0.130285,0.038197,-0.978675,-27.188759,417.36734,-489.160065
1444,0.154147,-0.130371,0.038353,-0.978658,-27.251579,417.383179,-489.163239
1445,0.154137,-0.130397,0.038041,-0.978668,-27.231873,417.39093,-489.164368
1446,0.154123,-0.130317,0.037751,-0.978692,-27.143921,417.374786,-489.162842
1447,0.154033,-0.130389,0.037675,-0.9787,-27.174324,417.460602,-489.183502
1448,0.154125,-0.130411,0.038341,-0.978656,-27.256933,417.399139,-489.158112
1449,0.154144,-0.130269,0.038417,-0.978669,-27.171501,417.381073,-489.15976
1450,0.153998,-0.130153,0.038029,-0.978723,-27.049839,417.494873,-489.2099
1451,0.154253,-0.13042,0.038,-0.978649,-27.20318,417.379883,-489.177429
1452,0.154174,-0.130251,0.03876,-0.978654,-27.170076,417.330231,-489.166168
1453,0.154152,-0.130235,0.037819,-0.978696,-27.058582,417.437012,-489.214691
1454,0.154076,-0.130278,0.038033,-0.978694,-27.143049,417.417053,-489.186615
1455,0.1542,-0.130353,0.038322,-0.978653,-27.231649,417.325104,-489.15509
1456,0.154083,-0.130185,0.038133,-0.978701,-27.093376,417.43045,-489.195496
1457,0.154057,-0.130258,0.037927,-0.978704,-27.14477,417.436432,-489.19989
1458,0.154174,-0.130431,0.038079,-0.978656,-27.291948,417.384918,-489.174866
1459,0.15406,-0.130227,0.038389,-0.978689,-27.187038,417.412659,-489.184906
1460,0.154113,-0.130137,0.037891,-0.978712,-27.093847,417.395172,-489.188843
1461,0.154069,-0.13036,0.037794,-0.978693,-27.24613,417.393921,-489.175018
1462,0.154113,-0.130392,0.037903,-0.978678,-27.290012,417.284515,-489.121338
1463,0.15385,-0.130436,0.03689,-0.978752,-27.196686,417.519073,-489.197662
1464,0.153946,-0.130518,0.037187,-0.978715,-27.288803,417.454407,-489.168488
1465,0.154022,-0.130384,0.038152,-0.978684,-27.288759,417.38913,-489.145264
1466,0.154002,-0.13032,0.03788,-0.978706,-27.219744,417.404144,-489.164917
1467,0.153954,-0.130545,0.036927,-0.97872,-27.255795,417.532135,-489.20224
1468,0.154032,-0.130322,0.038068,-0.978694,-27.240765,417.384857,-489.156891
1469,0.154086,-0.130299,0.038221,-0.978682,-27.227051,417.360565,-489.152557
1470,0.153927,-0.130482,0.037372,-0.978716,-27.25898,417.519592,-489.197083
1471,0.153998,-0.130314,0.037626,-0.978717,-27.171764,417.43576,-489.172668
1472,0.154002,-0.130322,0.038253,-0.978691,-27.23797,417.413696,-489.152191
1473,0.15394,-0.130326,0.037939,-0.978713,-27.208626,417.421112,-489.14801
1474,0.153785,-0.130554,0.036851,-0.978748,-27.234278,417.567932,-489.181152
1475,0.153756,-0.130389,0.037387,-0.978755,-27.163853,417.531891,-489.156128
1476,0.15393,-0.130313,0.037967,-0.978715,-27.164228,417.39798,-489.115204
1477,0.153812,-0.130559,0.037221,-0.978729,-27.231537,417.513458,-489.145752
1478,0.15379,-0.130488,0.037036,-0.978749,-27.171415,417.524292,-489.157654
1479,0.153945,-0.130288,0.037674,-0.978727,-27.104389,417.391571,-489.117798
1480,0.153843,-0.130545,0.037556,-0.978713,-27.25741,417.452667,-489.135437
1481,0.153816,-0.130603,0.036808,-0.978738,-27.204182,417.505463,-489.156189
1482,0.153797,-0.130443,0.037003,-0.978755,-27.130985,417.471832,-489.145752
1483,0.153731,-0.130554,0.037228,-0.978742,-27.210005,417.535187,-489.147491
1484,0.153816,-0.130483,0.03737,-0.978733,-27.192244,417.462006,-489.124939
1485,0.153769,-0.130547,0.036963,-0.978747,-27.190027,417.509216,-489.125122
1486,0.153765,-0.130542,0.036991,-0.978748,-27.193617,417.519897,-489.120148
1487,0.153813,-0.130492,0.037363,-0.978733,-27.203424,417.447174,-489.096893
1488,0.153776,-0.130485,0.037106,-0.978749,-27.185692,417.487915,-489.11203
1489,0.153823,-0.130584,0.036801,-0.97874,-27.214708,417.469238,-489.117859
1490,0.153822,-0.130389,0.037241,-0.97875,-27.138624,417.455475,-489.123962
1491,0.153835,-0.130375,0.03733,-0.978746,-27.13485,417.43045,-489.12851
1492,0.153816,-0.130657,0.03682,-0.978731,-27.284304,417.4617,-489.137238
1493,0.153751,-0.130762,0.036488,-0.978739,-27.324684,417.546234,-489.174194
1494,0.15378,-0.130325,0.037543,-0.978753,-27.166334,417.407928,-489.128754
1495,0.153813,-0.130558,0.036937,-0.97874,-27.276459,417.444,-489.13205
1496,0.15362,-0.130738,0.036536,-0.978761,-27.389364,417.539307,-489.148438
1497,0.153767,-0.130541,0.036751,-0.978757,-27.283209,417.43103,-489.11261
1498,0.153661,-0.130607,0.036923,-0.978758,-27.335659,417.508423,-489.136169
1499,0.15367,-0.130771,0.036728,-0.978742,-27.43856,417.506104,-489.144379
1500,0.153705,-0.130629,0.03658,-0.978761,-27.325485,417.515442,-489.153809
1501,0.153725,-0.130509,0.036983,-0.978759,-27.277275,417.457611,-489.142548
1502,0.153744,-0.130715,0.036804,-0.978735,-27.408703,417.408478,-489.115601
1503,0.153327,-0.130934,0.035837,-0.978807,-27.46785,417.659241,-489.193909
1504,0.153399,-0.13078,0.035856,-0.978816,-27.350863,417.633759,-489.18634
1505,0.153803,-0.130698,0.036725,-0.978731,-27.363039,417.398438,-489.096466
1506,0.153551,-0.130765,0.036951,-0.978753,-27.471077,417.509735,-489.127869
1507,0.153507,-0.130664,0.035999,-0.978809,-27.291126,417.646515,-489.179382
1508,0.153656,-0.130586,0.03687,-0.978763,-27.286676,417.480957,-489.120819
1509,0.153775,-0.130604,0.037394,-0.978722,-27.364943,417.384369,-489.089661
1510,0.15356,-0.130743,0.036311,-0.978778,-27.341972,417.606628,-489.169586
1511,0.153607,-0.130528,0.036583,-0.97879,-27.236176,417.506409,-489.151703
1512,0.153708,-0.130647,0.036892,-0.978746,-27.329166,417.457123,-489.130188
1513,0.153476,-0.130909,0.036595,-0.978759,-27.503159,417.593567,-489.156036
1514,0.153557,-0.130666,0.036049,-0.978799,-27.294094,417.55011,-489.154022
1515,0.153495,-0.130615,0.036573,-0.978796,-27.315598,417.591156,-489.162994
1516,0.153634,-0.130732,0.037234,-0.978734,-27.461451,417.462921,-489.124207
1517,0.15372,-0.130661,0.036487,-0.978758,-27.318279,417.497772,-489.144958
1518,0.15355,-0.130622,0.036541,-0.978788,-27.305635,417.579712,-489.16687
1519,0.153728,-0.130708,0.037065,-0.978728,-27.414774,417.463989,-489.123993
1520,0.153733,-0.130596,0.036993,-0.978745,-27.34198,417.42807,-489.128448
1521,0.153486,-0.130641,0.036278,-0.978805,-27.296526,417.619019,-489.185852
1522,0.153616,-0.130735,0.036501,-0.978764,-27.370632,417.544678,-489.142548
1523,0.153645,-0.130552,0.037318,-0.978753,-27.350231,417.41983,-489.11322
1524,0.153476,-0.130723,0.036267,-0.978796,-27.343979,417.633728,-489.16507
1525,0.153525,-0.130695,0.036321,-0.97879,-27.350691,417.559174,-489.143188
1526,0.153605,-0.130734,0.036825,-0.978753,-27.407944,417.490845,-489.108795
1527,0.153484,-0.1307,0.036683,-0.978782,-27.393284,417.6008,-489.151825
1528,0.153547,-0.130661,0.036436,-0.978787,-27.3542,417.536682,-489.152039
1529,0.153647,-0.130761,0.03658,-0.978752,-27.429861,417.512848,-489.126343
1530,0.153607,-0.130683,0.036919,-0.978756,-27.400564,417.516846,-489.127472
1531,0.153626,-0.130612,0.036637,-0.978773,-27.348475,417.519012,-489.135742
1532,0.153574,-0.130712,0.036452,-0.978775,-27.420916,417.561554,-489.13324
1533,0.153559,-0.130724,0.036856,-0.978761,-27.467747,417.551147,-489.120667
1534,0.153613,-0.130693,0.036744,-0.978761,-27.436138,417.521881,-489.107758
1535,0.153429,-0.130874,0.036222,-0.978785,-27.527763,417.623138,-489.138
1536,0.153473,-0.130899,0.03613,-0.978778,-27.530993,417.599762,-489.128296
1537,0.153469,-0.13075,0.036635,-0.97878,-27.469564,417.550323,-489.108582
1538,0.153406,-0.130855,0.03627,-0.978789,-27.51572,417.586975,-489.129669
1539,0.153365,-0.130998,0.035698,-0.978797,-27.552816,417.649994,-489.146179
1540,0.153444,-0.130853,0.036396,-0.978779,-27.521708,417.569733,-489.114258
1541,0.153566,-0.13074,0.036607,-0.978767,-27.4352,417.494751,-489.097565
1542,0.15336,-0.130856,0.036108,-0.978802,-27.480448,417.653473,-489.14975
1543,0.153425,-0.130887,0.036046,-0.97879,-27.490463,417.624451,-489.143372
1544,0.153526,-0.130763,0.036609,-0.97877,-27.436346,417.526184,-489.106567
1545,0.153423,-0.130858,0.036413,-0.978781,-27.497353,417.588074,-489.124023
1546,0.153364,-0.130941,0.035708,-0.978805,-27.481167,417.625336,-489.136292
1547,0.153304,-0.13106,0.035737,-0.978797,-27.551214,417.657898,-489.144623
1548,0.153442,-0.130929,0.036212,-0.978776,-27.498291,417.547424,-489.10025
1549,0.153336,-0.13097,0.035866,-0.9788,-27.494453,417.64328,-489.139862
1550,0.153438,-0.131043,0.035713,-0.978779,-27.535582,417.60144,-489.137024
1551,0.153446,-0.13082,0.036562,-0.978777,-27.483952,417.558655,-489.124634
1552,0.153489,-0.130729,0.036549,-0.978783,-27.403875,417.544159,-489.114258
1553,0.153441,-0.130886,0.036034,-0.978788,-27.459585,417.589081,-489.129944
1554,0.153398,-0.130892,0.036002,-0.978795,-27.439194,417.609711,-489.149323
1555,0.153507,-0.1308,0.036305,-0.978779,-27.376749,417.530182,-489.112457
1556,0.153367,-0.130888,0.036212,-0.978793,-27.453167,417.604218,-489.149475
1557,0.153309,-0.131047,0.035713,-0.978799,-27.507227,417.659363,-489.172028
1558,0.153287,-0.130849,0.036122,-0.978814,-27.409836,417.64212,-489.155853
1559,0.153369,-0.130824,0.036309,-0.978798,-27.416578,417.568451,-489.132507
1560,0.153246,-0.131089,0.035477,-0.978812,-27.482552,417.699432,-489.173035
1561,0.153286,-0.131047,0.035529,-0.978809,-27.465275,417.662262,-489.162842
1562,0.153409,-0.130908,0.036019,-0.978791,-27.409752,417.571533,-489.12619
1563,0.153347,-0.130981,0.035948,-0.978793,-27.441399,417.61731,-489.143524
1564,0.153288,-0.130933,0.035765,-0.978816,-27.405994,417.665009,-489.159515
1565,0.1533,-0.130922,0.035905,-0.97881,-27.391993,417.645874,-489.159485
1566,0.15337,-0.130917,0.036111,-0.978792,-27.418764,417.591431,-489.143036
1567,0.153256,-0.131043,0.035686,-0.978809,-27.460093,417.689941,-489.180634
1568,0.153239,-0.130901,0.035886,-0.978823,-27.435686,417.65921,-489.173065
1569,0.153188,-0.130837,0.036114,-0.978831,-27.41782,417.642975,-489.153625
1570,0.153111,-0.131035,0.035383,-0.978844,-27.467567,417.756531,-489.195862
1571,0.153181,-0.131015,0.035571,-0.978829,-27.470919,417.683075,-489.17865
1572,0.153477,-0.131015,0.035895,-0.97877,-27.507111,417.515259,-489.128693
1573,0.153277,-0.130872,0.035909,-0.97882,-27.439312,417.581604,-489.150085
1574,0.153142,-0.130893,0.035286,-0.978861,-27.405109,417.709595,-489.184174
1575,0.153146,-0.130924,0.035702,-0.978841,-27.464052,417.680115,-489.181427
1576,0.15333,-0.130872,0.036008,-0.978808,-27.467825,417.505066,-489.135651
1577,0.153135,-0.130999,0.035079,-0.978856,-27.470026,417.705322,-489.203186
1578,0.153146,-0.130904,0.035406,-0.978855,-27.439232,417.650726,-489.17981
1579,0.153338,-0.130917,0.036089,-0.978798,-27.511368,417.541351,-489.12265
1580,0.153234,-0.131047,0.035787,-0.978808,-27.555937,417.633484,-489.153198
1581,0.153217,-0.130944,0.03532,-0.978842,-27.452169,417.662537,-489.188019
1582,0.153226,-0.131026,0.035622,-0.978818,-27.527323,417.674896,-489.177704
1583,0.153283,-0.130881,0.03625,-0.978806,-27.509441,417.571564,-489.145142
1584,0.153176,-0.131005,0.035391,-0.978837,-27.488615,417.699585,-489.183197
1585,0.153104,-0.130905,0.035315,-0.978865,-27.401979,417.718475,-489.18631
1586,0.153195,-0.13102,0.035824,-0.978816,-27.505823,417.647797,-489.147003
1587,0.153221,-0.131057,0.035637,-0.978814,-27.484558,417.639069,-489.130096
1588,0.153073,-0.131021,0.035059,-0.978863,-27.384348,417.750946,-489.171631
1589,0.153186,-0.131054,0.035236,-0.978835,-27.409409,417.685577,-489.149017
1590,0.153179,-0.13102,0.035892,-0.978817,-27.478245,417.645935,-489.137848
1591,0.153067,-0.131017,0.03533,-0.978855,-27.405212,417.750458,-489.174896
1592,0.15311,-0.130991,0.034994,-0.978864,-27.342438,417.722717,-489.183105
1593,0.15314,-0.13114,0.035361,-0.978826,-27.448669,417.702759,-489.156769
1594,0.153205,-0.13107,0.035518,-0.978819,-27.422291,417.65329,-489.14624
1595,0.153072,-0.131078,0.035052,-0.978856,-27.363457,417.765991,-489.175781
1596,0.153133,-0.13108,0.035311,-0.978837,-27.405241,417.715179,-489.155457
1597,0.153163,-0.13106,0.035744,-0.978819,-27.443367,417.675232,-489.144104
1598,0.153156,-0.131136,0.035226,-0.978829,-27.416325,417.729492,-489.142456
1599,0.153065,-0.131059,0.035337,-0.978849,-27.39422,417.78653,-489.167297
1600,0.153341,-0.131001,0.035664,-0.978802,-27.406096,417.536713,-489.119568
1601,0.152965,-0.131211,0.035099,-0.978853,-27.483027,417.823212,-489.17157
1602,0.152994,-0.131003,0.034965,-0.978881,-27.333475,417.786469,-489.162231
1603,0.153074,-0.130998,0.035307,-0.978857,-27.358654,417.723785,-489.168701
1604,0.153128,-0.131204,0.035332,-0.97882,-27.509195,417.692841,-489.140259
1605,0.15301,-0.131088,0.034932,-0.978869,-27.380903,417.784851,-489.173248
1606,0.152987,-0.131006,0.034956,-0.978882,-27.309547,417.770508,-489.18222
1607,0.153167,-0.131196,0.035154,-0.978822,-27.450485,417.711243,-489.139679
1608,0.153095,-0.130965,0.036097,-0.97883,-27.433107,417.704895,-489.138428
1609,0.153222,-0.130813,0.035618,-0.978847,-27.247791,417.633636,-489.138306
1610,0.153011,-0.1311,0.035097,-0.978861,-27.374201,417.817139,-489.175995
1611,0.153142,-0.131241,0.035348,-0.978813,-27.481943,417.691406,-489.131378
1612,0.153045,-0.131012,0.035308,-0.97886,-27.325649,417.763275,-489.168854
1613,0.153034,-0.131023,0.035183,-0.978864,-27.345198,417.763306,-489.171356
1614,0.153051,-0.131254,0.035086,-0.978835,-27.484798,417.748016,-489.141693
1615,0.153021,-0.131049,0.035125,-0.978865,-27.343235,417.75412,-489.149933
1616,0.153103,-0.130985,0.034896,-0.978869,-27.261982,417.722137,-489.156128
1617,0.152911,-0.131272,0.035255,-0.978848,-27.496506,417.841278,-489.166748
1618,0.153096,-0.131185,0.03524,-0.978831,-27.435053,417.697052,-489.136047
1619,0.152929,-0.130928,0.034951,-0.978902,-27.219017,417.838684,-489.189209
1620,0.153029,-0.131068,0.035232,-0.978858,-27.343979,417.736633,-489.157501
1621,0.153016,-0.131301,0.035249,-0.978828,-27.509701,417.774139,-489.164185
1622,0.153042,-0.130893,0.035303,-0.978876,-27.250645,417.73999,-489.174042
1623,0.152911,-0.131031,0.035091,-0.978886,-27.293634,417.834381,-489.192535
1624,0.152992,-0.131264,0.035054,-0.978843,-27.447113,417.782501,-489.162476
1625,0.153128,-0.131062,0.035081,-0.978848,-27.31144,417.667725,-489.12442
1626,0.152793,-0.130985,0.035026,-0.978913,-27.242878,417.90271,-489.195587
1627,0.153056,-0.13117,0.034955,-0.97885,-27.358845,417.716003,-489.143188
1628,0.152917,-0.131312,0.035087,-0.978847,-27.475525,417.838715,-489.159637
1629,0.152954,-0.131029,0.035243,-0.978874,-27.29277,417.780243,-489.168488
1630,0.152961,-0.131015,0.035018,-0.978883,-27.276333,417.804901,-489.174591
1631,0.153004,-0.1313,0.035036,-0.978837,-27.480331,417.780243,-489.147919
1632,0.152869,-0.131115,0.03531,-0.978873,-27.369768,417.855225,-489.159271
1633,0.152847,-0.130962,0.03506,-0.978906,-27.24151,417.829315,-489.163452
1634,0.153118,-0.131313,0.034184,-0.978848,-27.386187,417.682556,-489.144104
1635,0.152797,-0.131254,0.035053,-0.978875,-27.443716,417.899323,-489.179169
1636,0.152951,-0.130977,0.0357,-0.978865,-27.289429,417.743439,-489.11734
1637,0.152823,-0.131088,0.034595,-0.97891,-27.277935,417.901794,-489.189758
1638,0.152977,-0.131315,0.034434,-0.978861,-27.420023,417.798889,-489.16571
1639,0.152939,-0.131116,0.035644,-0.97885,-27.400993,417.799866,-489.143799
1640,0.153112,-0.130892,0.035574,-0.978856,-27.223003,417.701416,-489.132202
1641,0.152928,-0.131248,0.034793,-0.978865,-27.388475,417.8573,-489.177155
1642,0.152908,-0.131208,0.035253,-0.978857,-27.394753,417.898193,-489.159515
1643,0.15341,-0.130635,0.036729,-0.978801,-27.162357,417.588257,-489.088409
1644,0.153224,-0.130918,0.036869,-0.978787,-27.366701,417.736237,-489.12677
1645,0.153159,-0.131065,0.035847,-0.978815,-27.397593,417.821228,-489.143311
1646,0.153227,-0.130879,0.035888,-0.978828,-27.28808,417.743134,-489.134369
1647,0.153159,-0.130854,0.036403,-0.978823,-27.352575,417.702759,-489.109589
1648,0.153104,-0.131167,0.035334,-0.978829,-27.48245,417.795929,-489.146545
1649,0.153016,-0.131005,0.035133,-0.978871,-27.362722,417.799133,-489.157928
1650,0.153054,-0.130938,0.035604,-0.978857,-27.358835,417.78421,-489.142487
1651,0.15313,-0.131033,0.035766,-0.978827,-27.432964,417.733551,-489.126129
1652,0.153077,-0.131149,0.03526,-0.978838,-27.451485,417.792572,-489.141174
1653,0.153131,-0.130994,0.035367,-0.978847,-27.35849,417.778992,-489.146393
1654,0.153227,-0.130889,0.036208,-0.978815,-27.365131,417.67218,-489.114777
1655,0.153193,-0.131049,0.035897,-0.97881,-27.452847,417.730896,-489.130951
1656,0.153098,-0.130958,0.035375,-0.978856,-27.316988,417.809174,-489.180054
1657,0.153193,-0.130922,0.035897,-0.978827,-27.344028,417.717834,-489.146118
1658,0.1532,-0.13086,0.036272,-0.978821,-27.343252,417.685913,-489.125824
1659,0.153117,-0.131024,0.035452,-0.978842,-27.352917,417.756927,-489.153412
1660,0.153089,-0.131046,0.035236,-0.978851,-27.351244,417.765503,-489.163483
1661,0.153106,-0.1312,0.035136,-0.978831,-27.373671,417.752411,-489.144012
1662,0.153048,-0.131174,0.035319,-0.978837,-27.443489,417.75647,-489.154968
1663,0.152962,-0.131085,0.034859,-0.978879,-27.329205,417.82959,-489.188568
1664,0.153023,-0.131081,0.035251,-0.978856,-27.368164,417.786652,-489.178558
1665,0.153151,-0.130965,0.035922,-0.978827,-27.383247,417.683838,-489.145325
1666,0.153084,-0.131087,0.035283,-0.978844,-27.374863,417.751648,-489.172424
1667,0.152962,-0.130973,0.035084,-0.978886,-27.308844,417.810974,-489.200775
1668,0.152974,-0.131091,0.03514,-0.978866,-27.369627,417.786072,-489.178925
1669,0.152999,-0.131121,0.035155,-0.978858,-27.397461,417.759521,-489.171478
1670,0.152961,-0.131056,0.034734,-0.978887,-27.312162,417.774933,-489.187683
1671,0.152812,-0.131077,0.034515,-0.978916,-27.294466,417.881409,-489.208344
1672,0.152948,-0.131149,0.035016,-0.978867,-27.411312,417.767883,-489.164063
1673,0.152954,-0.131097,0.034953,-0.978875,-27.364864,417.766083,-489.184875
1674,0.153026,-0.131108,0.034557,-0.978877,-27.328568,417.739014,-489.184113
1675,0.153013,-0.131169,0.034823,-0.978861,-27.389309,417.75882,-489.187164
1676,0.153049,-0.131055,0.035373,-0.978851,-27.352299,417.705231,-489.176483
1677,0.152959,-0.131154,0.034974,-0.978866,-27.346466,417.81134,-489.195313
1678,0.153026,-0.131116,0.034821,-0.978866,-27.28936,417.779205,-489.17984
1679,0.15308,-0.13117,0.035194,-0.978837,-27.331192,417.735046,-489.169586
1680,0.153069,-0.131099,0.035476,-0.978838,-27.309141,417.740692,-489.149719
1681,0.153083,-0.131318,0.034717,-0.978834,-27.333811,417.777039,-489.167725
1682,0.153044,-0.131164,0.035135,-0.978846,-27.302519,417.782013,-489.160156
1683,0.153203,-0.131236,0.035205,-0.978809,-27.305733,417.691193,-489.139404
1684,0.153097,-0.131125,0.03537,-0.978834,-27.29393,417.751373,-489.169037
1685,0.153206,-0.130957,0.035361,-0.97884,-27.205103,417.679138,-489.145813
1686,0.15319,-0.130979,0.035519,-0.978834,-27.217781,417.707062,-489.152039
1687,0.153323,-0.13108,0.0356,-0.978797,-27.313877,417.620605,-489.115509
1688,0.153226,-0.131005,0.035522,-0.978825,-27.345465,417.649384,-489.135223
1689,0.153161,-0.131072,0.035029,-0.978844,-27.342598,417.697754,-489.148285
1690,0.153166,-0.13112,0.035122,-0.978833,-27.402166,417.659088,-489.139801
1691,0.15314,-0.131116,0.03483,-0.978848,-27.383608,417.666107,-489.143433
1692,0.153157,-0.131077,0.034631,-0.978858,-27.358839,417.647614,-489.146149
1693,0.15319,-0.131029,0.034993,-0.978846,-27.386229,417.611877,-489.145264
1694,0.153293,-0.131084,0.035079,-0.97882,-27.412796,417.559326,-489.13562
1695,0.153214,-0.131071,0.034849,-0.978842,-27.389395,417.634827,-489.15863
1696,0.153263,-0.131038,0.034922,-0.978836,-27.399971,417.595795,-489.153748
1697,0.153257,-0.131004,0.035207,-0.978831,-27.427361,417.584686,-489.147156
1698,0.153282,-0.130981,0.035104,-0.978834,-27.417046,417.559631,-489.132172
1699,0.153219,-0.130924,0.034886,-0.97886,-27.365408,417.605804,-489.136414
1700,0.153195,-0.131005,0.035003,-0.978848,-27.437466,417.613129,-489.140228
1701,0.153272,-0.131098,0.035056,-0.978822,-27.510033,417.555817,-489.127625
1702,0.153233,-0.130967,0.034902,-0.978851,-27.423502,417.591064,-489.141388
1703,0.153305,-0.130947,0.035016,-0.978838,-27.450232,417.528961,-489.126556
1704,0.153232,-0.130988,0.035226,-0.978837,-27.528053,417.575409,-489.153992
1705,0.153309,-0.130922,0.035189,-0.978835,-27.484825,417.517853,-489.134705
1706,0.153198,-0.130918,0.034807,-0.978866,-27.420488,417.615295,-489.170746
1707,0.153257,-0.130954,0.034919,-0.978848,-27.443405,417.565735,-489.147308
1708,0.153271,-0.130896,0.034983,-0.978852,-27.399555,417.545593,-489.129181
1709,0.153212,-0.130902,0.034818,-0.978866,-27.39044,417.581268,-489.141571
1710,0.153213,-0.130941,0.034653,-0.978866,-27.378958,417.589172,-489.139862
1711,0.153184,-0.130937,0.034871,-0.978864,-27.394835,417.601532,-489.149231
1712,0.153235,-0.130923,0.034912,-0.978856,-27.394873,417.561096,-489.135254
1713,0.153206,-0.130984,0.034536,-0.978866,-27.371956,417.606476,-489.144257
1714,0.153208,-0.130986,0.034781,-0.978857,-27.40901,417.588654,-489.142395
1715,0.153175,-0.130957,0.034899,-0.978861,-27.386396,417.606567,-489.146362
1716,0.153196,-0.130962,0.034733,-0.978864,-27.362511,417.595856,-489.140259
1717,0.153217,-0.131089,0.034595,-0.978848,-27.408438,417.594849,-489.135559
1718,0.153197,-0.131136,0.034808,-0.978837,-27.452272,417.605316,-489.14505
1719,0.153203,-0.131084,0.034797,-0.978844,-27.404709,417.612427,-489.138428
1720,0.153198,-0.131048,0.034718,-0.978852,-27.38517,417.61676,-489.149567
1721,0.153186,-0.131075,0.034839,-0.978846,-27.416285,417.623291,-489.162964
1722,0.153183,-0.131032,0.03507,-0.978844,-27.39332,417.626221,-489.16037
1723,0.153205,-0.131106,0.034966,-0.978834,-27.418444,417.618042,-489.156677
1724,0.153186,-0.131067,0.034794,-0.978849,-27.357109,417.641876,-489.163971
1725,0.153222,-0.131096,0.034888,-0.978836,-27.381739,417.606995,-489.162018
1726,0.15323,-0.131047,0.034998,-0.978837,-27.373116,417.591614,-489.145752
1727,0.153218,-0.131134,0.034736,-0.978837,-27.424501,417.602203,-489.153839
1728,0.153179,-0.131035,0.034705,-0.978857,-27.378044,417.618042,-489.161346
1729,0.153205,-0.131035,0.034836,-0.978849,-27.4065,417.586975,-489.153625
1730,0.153236,-0.131024,0.034796,-0.978847,-27.402155,417.564209,-489.138306
1731,0.153205,-0.130958,0.034636,-0.978866,-27.35058,417.590027,-489.14389
1732,0.153199,-0.131058,0.03474,-0.97885,-27.426119,417.587921,-489.163239
1733,0.153201,-0.131114,0.034663,-0.978845,-27.430574,417.599823,-489.157135
1734,0.153215,-0.131013,0.034742,-0.978853,-27.39909,417.570801,-489.14917
1735,0.153144,-0.130976,0.034604,-0.978874,-27.370331,417.627686,-489.169495
1736,0.153184,-0.13094,0.034686,-0.97887,-27.360806,417.589996,-489.159088
1737,0.153178,-0.130901,0.034707,-0.978875,-27.355061,417.587738,-489.162109
1738,0.1532,-0.130902,0.034724,-0.978871,-27.382769,417.567505,-489.153229
1739,0.153192,-0.130879,0.03484,-0.978871,-27.380886,417.573364,-489.15213
1740,0.153259,-0.131046,0.034775,-0.978841,-27.457056,417.54541,-489.144501
1741,0.153204,-0.130935,0.034884,-0.97886,-27.423698,417.566315,-489.146515
1742,0.153225,-0.130858,0.034852,-0.978869,-27.380415,417.542847,-489.129242
1743,0.15322,-0.130879,0.034761,-0.97887,-27.37542,417.546875,-489.143768
1744,0.153203,-0.130844,0.034884,-0.978873,-27.395174,417.548004,-489.140228
1745,0.153213,-0.13088,0.03479,-0.97887,-27.42634,417.54599,-489.148834
1746,0.153192,-0.130926,0.034744,-0.978869,-27.44104,417.574493,-489.163635
1747,0.153232,-0.130913,0.035186,-0.978848,-27.496859,417.52771,-489.164276
1748,0.153233,-0.130942,0.034957,-0.978852,-27.454773,417.556427,-489.166473
1749,0.153226,-0.13095,0.034895,-0.978855,-27.445015,417.562531,-489.161621
1750,0.153198,-0.13093,0.034817,-0.978864,-27.398483,417.588043,-489.160187
1751,0.153197,-0.130926,0.034894,-0.978862,-27.407078,417.579681,-489.157318
1752,0.153174,-0.13085,0.034839,-0.978878,-27.355484,417.589813,-489.148224
1753,0.153174,-0.130927,0.034637,-0.978875,-27.362986,417.605347,-489.149353
1754,0.153178,-0.130953,0.034744,-0.978867,-27.374304,417.606689,-489.163116
1755,0.153214,-0.131154,0.034726,-0.978835,-27.472805,417.59848,-489.164886
1756,0.153215,-0.131094,0.034919,-0.978836,-27.467154,417.591125,-489.172089
