Frame,Tibia_Rotation_X,Tibia_Rotation_Y,Tibia_Rotation_Z,Tibia_Rotation_W,Tibia_Position_X,Tibia_Position_Y,Tibia_Position_Z
0,-0.032305,-0.113657,0.074252,-0.990215,29.134056,388.373566,34.620159
1,-0.032124,-0.113445,0.074245,-0.990246,29.118534,388.421143,34.627857
2,-0.032124,-0.113445,0.074245,-0.990246,29.118534,388.421143,34.627857
3,-0.032124,-0.113445,0.074245,-0.990246,29.118534,388.421143,34.627857
4,-0.031681,-0.113708,0.074464,-0.990213,29.1476,388.55603,34.735909
5,-0.031517,-0.113549,0.074372,-0.990243,29.175228,388.579254,34.779869
6,-0.031188,-0.113833,0.074203,-0.990234,29.21607,388.592529,34.83292
7,-0.030974,-0.113819,0.073945,-0.990262,29.265669,388.595459,34.882908
8,-0.030832,-0.113768,0.073748,-0.990287,29.277458,388.59436,34.921234
9,-0.03057,-0.113752,0.073556,-0.990311,29.298109,388.601776,34.972351
10,-0.030325,-0.113732,0.073451,-0.990328,29.320869,388.616516,35.020149
11,-0.030106,-0.113661,0.073325,-0.990353,29.345154,388.647827,35.082569
12,-0.029867,-0.113536,0.073199,-0.990384,29.383095,388.686401,35.166107
13,-0.029706,-0.113561,0.072981,-0.990402,29.442951,388.720886,35.265892
14,-0.029389,-0.114199,0.073043,-0.990333,29.496401,388.748291,35.37883
15,-0.029211,-0.114325,0.072978,-0.990329,29.559889,388.772125,35.492943
16,-0.028985,-0.115138,0.073008,-0.990239,29.657696,388.787354,35.60622
17,-0.028732,-0.115394,0.072965,-0.99022,29.732447,388.818573,35.703621
18,-0.028674,-0.115567,0.072876,-0.990208,29.784248,388.853119,35.78437
19,-0.028513,-0.11601,0.072956,-0.990155,29.837685,388.885681,35.839733
20,-0.028472,-0.115949,0.073101,-0.990152,29.840609,388.922363,35.868195
21,-0.028417,-0.115419,0.072906,-0.99023,29.807178,388.949402,35.874924
22,-0.028213,-0.116132,0.073479,-0.99011,29.77923,388.973328,35.902073
23,-0.02836,-0.11565,0.073115,-0.990189,29.831501,388.991547,35.897232
24,-0.028161,-0.116237,0.073526,-0.990096,29.797377,389.014038,35.922699
25,-0.028193,-0.116172,0.073611,-0.990096,29.766216,389.029816,35.922943
26,-0.028093,-0.116099,0.073593,-0.990109,29.745325,389.040344,35.928062
27,-0.028134,-0.116407,0.073694,-0.990064,29.766462,389.047302,35.92812
28,-0.028217,-0.116344,0.073716,-0.990068,29.742249,389.022766,35.916393
29,-0.02834,-0.116114,0.07354,-0.990104,29.714336,388.978333,35.874912
30,-0.028611,-0.116142,0.073677,-0.990083,29.696981,388.919952,35.828716
31,-0.029003,-0.115857,0.073269,-0.990135,29.741646,388.866699,35.767124
32,-0.029327,-0.115741,0.073325,-0.990135,29.721445,388.803314,35.703613
33,-0.029603,-0.115772,0.073454,-0.990114,29.679665,388.742889,35.635628
34,-0.029938,-0.115781,0.073532,-0.990097,29.67223,388.694153,35.574825
35,-0.030312,-0.115903,0.07358,-0.990068,29.656952,388.631439,35.497608
36,-0.030798,-0.115539,0.073622,-0.990092,29.619993,388.563354,35.413067
37,-0.031357,-0.115386,0.073761,-0.990082,29.574347,388.496979,35.308285
38,-0.031716,-0.115464,0.073857,-0.990054,29.563345,388.431122,35.239235
39,-0.032097,-0.115901,0.074106,-0.989972,29.552067,388.370697,35.164368
40,-0.032514,-0.115768,0.074317,-0.989958,29.527361,388.305664,35.086899
41,-0.032962,-0.11565,0.07436,-0.989954,29.50865,388.245941,35.003242
42,-0.033242,-0.115872,0.074484,-0.98991,29.506184,388.182098,34.933689
43,-0.03363,-0.116197,0.074613,-0.989849,29.497921,388.105927,34.856678
44,-0.033938,-0.11629,0.07473,-0.989818,29.474289,388.022156,34.782173
45,-0.034399,-0.116271,0.074748,-0.989803,29.49041,387.944092,34.703396
46,-0.034819,-0.116234,0.074667,-0.989799,29.515627,387.865326,34.62505
47,-0.03517,-0.116261,0.074711,-0.98978,29.512409,387.796722,34.549324
48,-0.035421,-0.116389,0.074722,-0.989755,29.509722,387.740448,34.488674
49,-0.035725,-0.116356,0.074771,-0.989745,29.492735,387.693726,34.420788
50,-0.036137,-0.116134,0.074775,-0.989755,29.450201,387.665466,34.339111
51,-0.036284,-0.11595,0.074784,-0.989771,29.415104,387.645508,34.282047
52,-0.036421,-0.115802,0.074738,-0.989787,29.372355,387.623077,34.230164
53,-0.036536,-0.115594,0.074783,-0.989803,29.330154,387.605774,34.180412
54,-0.036551,-0.115401,0.074813,-0.989823,29.284235,387.596436,34.139595
55,-0.036538,-0.115304,0.074784,-0.989837,29.25009,387.586975,34.107101
56,-0.036587,-0.115317,0.074763,-0.989835,29.210909,387.584045,34.074028
57,-0.036561,-0.115077,0.074738,-0.989866,29.177259,387.579529,34.051022
58,-0.036597,-0.115164,0.074811,-0.989849,29.153433,387.574921,34.051346
59,-0.036593,-0.115029,0.074691,-0.989874,29.160681,387.580383,34.064075
60,-0.036525,-0.11525,0.074808,-0.989842,29.164297,387.591644,34.08099
61,-0.036466,-0.1152,0.074736,-0.989855,29.176836,387.614471,34.100204
62,-0.036421,-0.114992,0.074702,-0.989884,29.18478,387.639221,34.127029
63,-0.036257,-0.114817,0.07469,-0.989911,29.185486,387.672882,34.14761
64,-0.036221,-0.114561,0.07474,-0.989938,29.196793,387.694763,34.177792
65,-0.036128,-0.114556,0.074644,-0.989949,29.217604,387.699982,34.198299
66,-0.036047,-0.114643,0.074595,-0.989946,29.239141,387.705994,34.214928
67,-0.035951,-0.114648,0.074531,-0.989954,29.257708,387.703949,34.244225
68,-0.035908,-0.114548,0.07445,-0.989973,29.264654,387.698853,34.262863
69,-0.035883,-0.114654,0.074388,-0.989966,29.275131,387.699493,34.27317
70,-0.035817,-0.114586,0.074471,-0.98997,29.285707,387.703979,34.295109
71,-0.035795,-0.114664,0.074437,-0.989965,29.29463,387.709534,34.314186
72,-0.035698,-0.114605,0.074461,-0.989973,29.289555,387.717041,34.337322
73,-0.035647,-0.114614,0.074491,-0.989972,29.279928,387.725891,34.349064
74,-0.035636,-0.114621,0.074515,-0.989969,29.278349,387.737793,34.355122
75,-0.035576,-0.114544,0.074505,-0.989981,29.285753,387.743347,34.36549
76,-0.035543,-0.114563,0.0745,-0.989981,29.277712,387.749512,34.368443
77,-0.035526,-0.114567,0.074509,-0.98998,29.275803,387.751343,34.375813
78,-0.035436,-0.114679,0.074516,-0.98997,29.275267,387.756134,34.386856
79,-0.03541,-0.114657,0.074548,-0.989971,29.282051,387.765717,34.390263
80,-0.035334,-0.114641,0.074499,-0.989979,29.276283,387.781403,34.409843
81,-0.035255,-0.114733,0.074572,-0.989966,29.278519,387.796173,34.423004
82,-0.035192,-0.114744,0.074573,-0.989967,29.291079,387.80954,34.438492
83,-0.035099,-0.114765,0.074597,-0.989966,29.299294,387.825745,34.453838
84,-0.035065,-0.114866,0.07464,-0.989952,29.30336,387.843018,34.459019
85,-0.03496,-0.114762,0.07466,-0.989966,29.316875,387.856842,34.477535
86,-0.034897,-0.114788,0.074541,-0.989975,29.328491,387.868988,34.496136
87,-0.034779,-0.114776,0.074523,-0.989981,29.335665,387.88089,34.514782
88,-0.034728,-0.114766,0.074562,-0.989981,29.321297,387.896362,34.521099
89,-0.034607,-0.114829,0.074473,-0.989985,29.321518,387.908691,34.536503
90,-0.034551,-0.11484,0.074551,-0.98998,29.322302,387.921631,34.545254
91,-0.034447,-0.114876,0.074531,-0.989981,29.313091,387.93808,34.562286
92,-0.034386,-0.114865,0.074499,-0.989987,29.304987,387.949585,34.56913
93,-0.034385,-0.114911,0.074554,-0.989977,29.310387,387.956543,34.576336
94,-0.034285,-0.115098,0.074562,-0.989958,29.3235,387.955566,34.583809
95,-0.034326,-0.115132,0.074572,-0.989952,29.335463,387.957642,34.583996
96,-0.034328,-0.115073,0.07451,-0.989964,29.349894,387.946869,34.575222
97,-0.034389,-0.114978,0.074484,-0.989974,29.355974,387.944,34.571175
98,-0.034363,-0.115019,0.074492,-0.98997,29.360939,387.943817,34.565815
99,-0.034415,-0.114875,0.07444,-0.989989,29.356218,387.944153,34.558857
100,-0.034449,-0.114853,0.074494,-0.989986,29.352856,387.940521,34.554829
101,-0.034466,-0.114865,0.074485,-0.989985,29.349234,387.945343,34.544403
102,-0.034506,-0.114799,0.074537,-0.989987,29.346329,387.937653,34.538914
103,-0.034544,-0.11492,0.07453,-0.989973,29.338127,387.93512,34.531425
104,-0.034603,-0.114805,0.074511,-0.989985,29.332981,387.930695,34.520214
105,-0.034699,-0.114773,0.074565,-0.989981,29.323786,387.920532,34.511608
106,-0.034819,-0.114932,0.074645,-0.989953,29.320007,387.903839,34.494129
107,-0.034915,-0.114712,0.07458,-0.98998,29.323315,387.89035,34.47934
108,-0.035028,-0.114607,0.074569,-0.989989,29.307781,387.867584,34.458939
109,-0.035081,-0.114797,0.074619,-0.989961,29.31563,387.850128,34.445904
110,-0.035095,-0.114794,0.074599,-0.989962,29.318655,387.842224,34.437931
111,-0.035126,-0.114809,0.074567,-0.989962,29.316793,387.832825,34.427887
112,-0.03514,-0.114805,0.074575,-0.989961,29.319559,387.827911,34.426014
113,-0.035175,-0.114831,0.074561,-0.989958,29.314478,387.821472,34.419937
114,-0.035248,-0.114783,0.074593,-0.989959,29.315123,387.813293,34.416374
115,-0.035263,-0.114745,0.074561,-0.989965,29.307632,387.808136,34.406368
116,-0.035326,-0.114738,0.074642,-0.989958,29.295092,387.801697,34.397461
117,-0.035314,-0.114663,0.074642,-0.989967,29.297182,387.801208,34.396511
118,-0.03534,-0.114698,0.074588,-0.989966,29.303705,387.797211,34.391037
119,-0.03537,-0.114704,0.074561,-0.989966,29.296368,387.799377,34.374626
120,-0.035383,-0.114564,0.074493,-0.989987,29.292854,387.800873,34.367973
121,-0.035389,-0.114672,0.074589,-0.989967,29.29093,387.800629,34.364738
122,-0.0354,-0.114684,0.07458,-0.989966,29.286493,387.797089,34.36198
123,-0.035461,-0.114708,0.074534,-0.989964,29.285616,387.790192,34.35854
124,-0.035523,-0.114691,0.074534,-0.989964,29.278854,387.780396,34.351284
125,-0.035478,-0.11464,0.07452,-0.989973,29.285347,387.773132,34.35722
126,-0.035492,-0.114725,0.074528,-0.989962,29.288628,387.772461,34.357643
127,-0.03553,-0.114706,0.074557,-0.98996,29.285625,387.77655,34.35537
128,-0.035438,-0.114605,0.074539,-0.989977,29.280062,387.785217,34.364204
129,-0.03538,-0.114626,0.074583,-0.989973,29.272936,387.805328,34.365067
130,-0.035335,-0.114718,0.074566,-0.989965,29.283688,387.823029,34.375095
131,-0.035169,-0.114825,0.074622,-0.989955,29.288624,387.845062,34.392731
132,-0.035115,-0.114778,0.074614,-0.989963,29.293745,387.861298,34.404991
133,-0.034993,-0.11474,0.074594,-0.989973,29.308289,387.88266,34.426094
134,-0.034808,-0.114908,0.074547,-0.989963,29.329794,387.896393,34.453865
135,-0.034636,-0.114926,0.074466,-0.989973,29.360044,387.910034,34.491741
136,-0.034402,-0.114889,0.074377,-0.989993,29.382895,387.936615,34.536339
137,-0.034136,-0.115064,0.074352,-0.989983,29.395943,387.96463,34.581421
138,-0.033827,-0.115172,0.074402,-0.989978,29.398922,388.006592,34.636578
139,-0.033499,-0.115107,0.074354,-0.99,29.413679,388.072357,34.697514
140,-0.033187,-0.11507,0.074258,-0.990022,29.44212,388.138458,34.76923
141,-0.032736,-0.114841,0.074114,-0.990074,29.471966,388.215576,34.83371
142,-0.03244,-0.114681,0.073979,-0.990113,29.493933,388.287018,34.902237
143,-0.032064,-0.114535,0.073867,-0.99015,29.499889,388.353546,34.972267
144,-0.031667,-0.114679,0.073891,-0.990144,29.513605,388.429718,35.052486
145,-0.031273,-0.114688,0.07388,-0.990157,29.530867,388.503052,35.125153
146,-0.030885,-0.11441,0.07371,-0.990214,29.539433,388.574066,35.202633
147,-0.030397,-0.114336,0.073533,-0.990251,29.541306,388.656097,35.287155
148,-0.029952,-0.114278,0.07339,-0.990281,29.555687,388.733795,35.383881
149,-0.029499,-0.1144,0.073366,-0.990283,29.574873,388.816589,35.465229
150,-0.029088,-0.114388,0.073402,-0.990294,29.596487,388.884613,35.552624
151,-0.028657,-0.114189,0.073134,-0.990349,29.61434,388.960754,35.631233
152,-0.028294,-0.114135,0.07298,-0.990377,29.633854,389.03537,35.700768
153,-0.027802,-0.114087,0.072901,-0.990402,29.658751,389.108307,35.780521
154,-0.027301,-0.114714,0.073143,-0.990326,29.649321,389.184814,35.863148
155,-0.026911,-0.114696,0.073165,-0.990337,29.655954,389.266174,35.929268
156,-0.02658,-0.114501,0.073043,-0.990378,29.674683,389.336395,36.001839
157,-0.026216,-0.114476,0.07295,-0.990397,29.704399,389.405457,36.075764
158,-0.025865,-0.1144,0.072891,-0.990419,29.722412,389.460114,36.135429
159,-0.025581,-0.114098,0.072719,-0.990474,29.743929,389.503174,36.191719
160,-0.025384,-0.114135,0.072637,-0.990481,29.768467,389.545471,36.245121
161,-0.025114,-0.113967,0.072514,-0.990516,29.791433,389.575317,36.289848
162,-0.024843,-0.113903,0.072412,-0.990538,29.830744,389.607819,36.345066
163,-0.024526,-0.114157,0.072403,-0.990517,29.8624,389.649719,36.392139
164,-0.024183,-0.113981,0.072331,-0.990551,29.871538,389.705933,36.446198
165,-0.023937,-0.113673,0.072245,-0.990599,29.870251,389.775482,36.49881
166,-0.023606,-0.113649,0.072248,-0.990609,29.877758,389.852142,36.556679
167,-0.023181,-0.113689,0.072135,-0.990623,29.896364,389.928162,36.630051
168,-0.022895,-0.113537,0.072033,-0.990655,29.912001,389.982361,36.686493
169,-0.022632,-0.113802,0.071951,-0.990636,29.936108,390.020508,36.742172
170,-0.02234,-0.113955,0.07192,-0.990627,29.978321,390.054535,36.806381
171,-0.022082,-0.114239,0.071887,-0.990603,30.02434,390.092194,36.878468
172,-0.02183,-0.114291,0.071744,-0.990613,30.064493,390.119629,36.956154
173,-0.021596,-0.114187,0.071697,-0.990633,30.118486,390.16806,37.039558
174,-0.021398,-0.11417,0.071576,-0.990648,30.176027,390.23938,37.145725
175,-0.021075,-0.114458,0.071669,-0.990615,30.228243,390.328369,37.262253
176,-0.02075,-0.114483,0.071594,-0.990625,30.27294,390.410339,37.355042
177,-0.020401,-0.114336,0.071458,-0.990659,30.289825,390.48288,37.42226
178,-0.019994,-0.114163,0.071403,-0.990691,30.277967,390.541473,37.486755
179,-0.019636,-0.114294,0.071409,-0.990683,30.3106,390.588837,37.543495
180,-0.019285,-0.114619,0.071386,-0.990654,30.35434,390.635895,37.606037
181,-0.019002,-0.114493,0.071197,-0.990687,30.37429,390.678192,37.655537
182,-0.01859,-0.114564,0.071122,-0.990692,30.381477,390.723083,37.715416
183,-0.018211,-0.114376,0.070983,-0.990731,30.408781,390.77652,37.7733
184,-0.017806,-0.114654,0.070942,-0.990709,30.447495,390.846313,37.831825
185,-0.017378,-0.114533,0.070861,-0.990737,30.455126,390.914032,37.902473
186,-0.016781,-0.11525,0.071266,-0.990635,30.428867,390.985077,37.988991
187,-0.016296,-0.115258,0.071191,-0.990647,30.455889,391.068604,38.081875
188,-0.015847,-0.115205,0.07114,-0.990664,30.469217,391.161499,38.159542
189,-0.015443,-0.114603,0.070973,-0.990752,30.46487,391.260284,38.243885
190,-0.014987,-0.114375,0.070779,-0.9908,30.470335,391.356873,38.33762
191,-0.014484,-0.114312,0.070699,-0.99082,30.511806,391.455566,38.43364
192,-0.013945,-0.113882,0.070554,-0.990888,30.538536,391.550781,38.529198
193,-0.013507,-0.113734,0.070369,-0.990924,30.560749,391.621582,38.612774
194,-0.013051,-0.113847,0.070243,-0.990926,30.59767,391.700409,38.692841
195,-0.012512,-0.114255,0.070104,-0.990896,30.661839,391.779633,38.787945
196,-0.011851,-0.114038,0.069997,-0.990937,30.694847,391.884491,38.888653
197,-0.011118,-0.114109,0.069917,-0.990943,30.726597,392.003815,39.002277
198,-0.010588,-0.114196,0.069862,-0.990942,30.730274,392.111694,39.085716
199,-0.01117,-0.11254,0.069516,-0.99115,30.559669,392.03775,39.253975
200,-0.010687,-0.111536,0.0692,-0.991291,30.564825,392.136292,39.386124
201,-0.009538,-0.113791,0.069103,-0.991053,30.8941,392.287903,39.500061
202,-0.009707,-0.113302,0.069119,-0.991106,30.993256,392.32547,39.77597
203,-0.008693,-0.113096,0.069172,-0.991135,31.123686,392.516357,40.058456
204,-0.00832,-0.115923,0.06935,-0.990799,31.43882,392.59021,40.208576
205,-0.007196,-0.115299,0.069408,-0.990877,31.45286,392.768921,40.505199
206,-0.007051,-0.114524,0.06916,-0.990985,31.456903,392.843079,40.751228
207,-0.006907,-0.115386,0.069105,-0.99089,31.5931,392.887177,40.946472
208,-0.005944,-0.115264,0.068766,-0.990934,31.69898,393.063385,41.166885
209,-0.005946,-0.116433,0.069013,-0.99078,31.87076,393.101685,41.375538
210,-0.004926,-0.117026,0.069042,-0.990714,32.026833,393.269684,41.592262
211,-0.004511,-0.116919,0.068606,-0.990759,32.177223,393.374664,41.840244
212,-0.003764,-0.117327,0.068585,-0.990715,32.303532,393.517731,42.069462
213,-0.002683,-0.117948,0.068474,-0.990653,32.446239,393.722626,42.296669
214,-0.002323,-0.118053,0.068592,-0.990633,32.531166,393.836395,42.508598
215,-0.001172,-0.117867,0.068242,-0.990681,32.596977,394.050293,42.678139
216,-0.000764,-0.118027,0.068199,-0.990665,32.642548,394.159393,42.809063
217,4.6e-05,-0.117367,0.067878,-0.990766,32.666325,394.321045,42.947605
218,0.000907,-0.118104,0.068376,-0.990644,32.702995,394.463379,43.092758
219,0.00149,-0.118316,0.06832,-0.990622,32.79517,394.577942,43.250542
220,0.002566,-0.118141,0.067931,-0.990667,32.881592,394.736115,43.388397
221,0.002989,-0.117913,0.067868,-0.990698,32.906021,394.824188,43.513409
222,0.004062,-0.117824,0.067656,-0.990719,32.95525,395.002869,43.631313
223,0.004691,-0.117969,0.067648,-0.990699,33.026852,395.127289,43.7766
224,0.005606,-0.11787,0.067442,-0.99072,33.080215,395.272369,43.929001
225,0.006458,-0.117713,0.067167,-0.990753,33.111931,395.430511,44.072205
226,0.007236,-0.117704,0.066878,-0.990768,33.176102,395.581543,44.236534
227,0.00842,-0.117571,0.066623,-0.990791,33.221867,395.805725,44.408573
228,0.009124,-0.116979,0.066342,-0.990874,33.253292,395.977966,44.58601
229,0.009799,-0.117233,0.065964,-0.990863,33.263126,396.128693,44.737801
230,0.008314,-0.114223,0.06515,-0.991282,32.894917,395.977448,44.965515
231,0.008888,-0.112065,0.064953,-0.991536,32.67054,396.034882,45.146069
232,0.011272,-0.116225,0.06502,-0.991028,33.049709,396.271576,45.131302
233,0.011044,-0.114374,0.064453,-0.991283,33.109421,396.267303,45.441261
234,0.012887,-0.112772,0.063528,-0.991504,33.158291,396.568298,45.724312
235,0.013572,-0.115996,0.064118,-0.991085,33.519749,396.694153,45.884983
236,0.015178,-0.114961,0.063593,-0.991216,33.59341,397.016968,46.255428
237,0.016181,-0.114064,0.063233,-0.991327,33.578861,397.275024,46.543674
238,0.01753,-0.115433,0.063142,-0.991151,33.754734,397.523865,46.704449
239,0.01922,-0.113539,0.062365,-0.991388,33.717033,397.906616,46.981522
240,0.019885,-0.113168,0.062254,-0.991424,33.71196,398.094727,47.179413
241,0.022052,-0.114602,0.062578,-0.991193,33.831932,398.437103,47.41584
242,0.023005,-0.11463,0.062456,-0.991176,33.947479,398.652466,47.709229
243,0.024462,-0.114264,0.06197,-0.991214,34.041138,398.94165,47.969528
244,0.025766,-0.114434,0.061674,-0.99118,34.132401,399.180695,48.185303
245,0.026894,-0.114113,0.061355,-0.991207,34.185577,399.419739,48.415596
246,0.028533,-0.113448,0.060692,-0.991278,34.21624,399.740662,48.655613
247,0.028986,-0.112398,0.060433,-0.9914,34.183903,399.879944,48.94495
248,0.030745,-0.111609,0.059708,-0.99148,34.223152,400.207062,49.162487
249,0.032065,-0.113533,0.060429,-0.991176,34.390442,400.473694,49.44257
250,0.033423,-0.113233,0.060138,-0.991183,34.526176,400.747681,49.777294
251,0.035074,-0.113257,0.059554,-0.991159,34.726307,401.044464,50.082474
252,0.036071,-0.114166,0.059567,-0.991018,34.901306,401.269989,50.347176
253,0.038138,-0.113823,0.059017,-0.991013,34.957409,401.645874,50.634804
254,0.0392,-0.113092,0.058588,-0.991081,35.000858,401.886871,50.871452
255,0.040879,-0.112916,0.058025,-0.991066,35.122128,402.214691,51.119846
256,0.042036,-0.11197,0.057608,-0.991149,35.178661,402.509705,51.370506
257,0.043613,-0.112657,0.05789,-0.990987,35.202316,402.816956,51.63438
258,0.045276,-0.113117,0.057519,-0.990882,35.292633,403.133514,51.881863
259,0.046379,-0.113109,0.057141,-0.990853,35.393776,403.382965,52.132305
260,0.048203,-0.112585,0.056343,-0.990872,35.474342,403.726898,52.374008
261,0.049518,-0.112566,0.056141,-0.99082,35.562767,404.003387,52.630661
262,0.051251,-0.11226,0.055707,-0.990792,35.668873,404.345062,52.898983
263,0.052864,-0.111551,0.055206,-0.990815,35.779064,404.703308,53.178967
264,0.054299,-0.111318,0.054994,-0.990775,35.860035,405.052063,53.448563
265,0.056266,-0.112365,0.055313,-0.990529,35.935394,405.42627,53.733891
266,0.057879,-0.11259,0.055121,-0.990422,36.058559,405.721375,54.009521
267,0.059602,-0.111962,0.054532,-0.990423,36.141193,406.06015,54.24831
268,0.060957,-0.111992,0.054295,-0.99035,36.200138,406.343384,54.471146
269,0.062512,-0.111769,0.053774,-0.990307,36.285934,406.670898,54.711643
270,0.064058,-0.111579,0.053213,-0.99026,36.372181,406.987671,54.972733
271,0.065432,-0.110979,0.052386,-0.990282,36.489861,407.276184,55.213837
272,0.067049,-0.110292,0.051943,-0.990274,36.54237,407.605957,55.436588
273,0.068665,-0.111253,0.052279,-0.990038,36.576344,407.895691,55.678143
274,0.068957,-0.110881,0.051616,-0.990094,36.452633,408.022156,55.854572
275,0.067135,-0.10456,0.049557,-0.991012,35.837135,407.776794,56.25037
276,0.067756,-0.102345,0.048247,-0.991265,35.59164,407.76947,56.427563
277,0.070299,-0.106768,0.048123,-0.990627,35.958401,408.031982,56.353569
278,0.070783,-0.10376,0.047079,-0.990963,35.832077,408.182892,56.58704
279,0.07267,-0.100938,0.045866,-0.991175,35.679287,408.498352,56.749588
280,0.074221,-0.103933,0.046181,-0.990735,35.917843,408.741821,56.803349
281,0.075793,-0.10205,0.045295,-0.990853,35.887638,409.093933,57.114429
282,0.077015,-0.10158,0.04503,-0.990819,35.910271,409.389771,57.399902
283,0.078531,-0.104539,0.045693,-0.990362,36.242847,409.703674,57.628555
284,0.080221,-0.103865,0.045374,-0.990312,36.368153,410.121704,58.032543
285,0.080941,-0.103371,0.045222,-0.990312,36.469009,410.403625,58.368752
286,0.082985,-0.104581,0.044765,-0.990037,36.692291,410.790039,58.570469
287,0.083988,-0.103745,0.044347,-0.990059,36.736019,411.058472,58.828541
288,0.085446,-0.102874,0.043893,-0.990045,36.753853,411.385223,59.074142
289,0.087254,-0.10388,0.043722,-0.98979,36.944374,411.722351,59.295769
290,0.08865,-0.104625,0.043769,-0.989585,37.082275,412.037537,59.591702
291,0.090374,-0.104446,0.043461,-0.989462,37.16803,412.416473,59.832043
292,0.091606,-0.104441,0.04304,-0.989368,37.260281,412.692444,60.046772
293,0.093386,-0.103784,0.04265,-0.989287,37.274406,413.054779,60.269459
294,0.094846,-0.103358,0.042214,-0.989211,37.283325,413.361847,60.434784
295,0.095845,-0.101942,0.041589,-0.989289,37.194016,413.606598,60.589306
296,0.097504,-0.100994,0.040835,-0.989255,37.171143,413.918274,60.780827
297,0.098805,-0.101945,0.040399,-0.989046,37.422821,414.208466,61.040005
298,0.10027,-0.10222,0.040191,-0.988879,37.619987,414.576233,61.341019
299,0.101611,-0.102443,0.040423,-0.98871,37.755901,414.941681,61.694458
300,0.103223,-0.103989,0.040463,-0.98838,37.969452,415.282532,61.944153
301,0.10488,-0.10331,0.039664,-0.988309,38.040058,415.626678,62.167152
302,0.10622,-0.102028,0.039016,-0.988325,38.007732,415.915833,62.362534
303,0.107651,-0.101345,0.038491,-0.988261,37.963963,416.204712,62.446159
304,0.108783,-0.100201,0.037779,-0.988281,37.878197,416.456329,62.607162
305,0.110417,-0.099868,0.037138,-0.988158,37.948044,416.767914,62.783672
306,0.111884,-0.100768,0.036791,-0.987914,38.147129,417.057983,63.00296
307,0.113187,-0.100276,0.036408,-0.98783,38.228611,417.339142,63.246338
308,0.114461,-0.100017,0.035871,-0.987729,38.304306,417.619934,63.464687
309,0.115913,-0.100953,0.036096,-0.987456,38.426487,417.914856,63.684799
310,0.117169,-0.101468,0.035806,-0.987266,38.629803,418.225311,63.977779
311,0.1181,-0.101686,0.0355,-0.987144,38.8549,418.543213,64.31662
312,0.119428,-0.10222,0.035299,-0.986936,39.112637,418.929077,64.681831
313,0.120632,-0.103403,0.03544,-0.986661,39.360054,419.309052,65.056488
314,0.122084,-0.10366,0.035373,-0.986458,39.53846,419.706177,65.370934
315,0.123657,-0.104165,0.03548,-0.986205,39.676151,420.080444,65.616249
316,0.124863,-0.103872,0.03489,-0.986105,39.767338,420.390381,65.813446
317,0.126258,-0.103123,0.034278,-0.986027,39.774586,420.685364,65.976891
318,0.127609,-0.103873,0.034728,-0.985759,39.826996,420.970215,66.166389
319,0.128974,-0.104164,0.034461,-0.98556,39.958351,421.269104,66.328308
320,0.130366,-0.103586,0.033762,-0.985462,40.03196,421.547913,66.508438
321,0.131804,-0.102657,0.032926,-0.985396,40.05315,421.811859,66.67334
322,0.133195,-0.102471,0.032378,-0.985247,40.142963,422.103394,66.857307
323,0.134544,-0.103334,0.032192,-0.984979,40.29406,422.408234,67.062881
324,0.135913,-0.102763,0.03166,-0.984868,40.352356,422.735046,67.249573
325,0.137357,-0.102442,0.031273,-0.984713,40.409431,423.057465,67.456741
326,0.138914,-0.102519,0.03084,-0.984501,40.533627,423.411957,67.659973
327,0.140732,-0.102332,0.030331,-0.984278,40.640568,423.78717,67.882271
328,0.142144,-0.102334,0.029879,-0.984088,40.744202,424.152161,68.117844
329,0.143982,-0.102521,0.029484,-0.983814,40.850346,424.559723,68.344681
330,0.145721,-0.102269,0.029042,-0.983597,40.939541,424.968323,68.565071
331,0.147452,-0.102134,0.028744,-0.983362,40.974415,425.374329,68.770744
332,0.149026,-0.101836,0.02837,-0.983166,40.98299,425.726074,68.93766
333,0.147753,-0.099007,0.027264,-0.983679,40.574997,425.780151,69.149261
334,0.146117,-0.092639,0.025357,-0.984594,39.868607,425.747375,69.569046
335,0.147128,-0.093362,0.023916,-0.984411,39.694527,425.720734,69.556831
336,0.148502,-0.091148,0.02229,-0.98445,39.411716,425.7323,69.500282
337,0.150328,-0.086947,0.020703,-0.984588,39.098167,426.057739,69.632591
338,0.152471,-0.089835,0.02062,-0.984001,39.552979,426.462341,69.848007
339,0.154956,-0.091563,0.02018,-0.983462,39.902981,427.050232,70.255463
340,0.156827,-0.089727,0.019241,-0.983354,39.915874,427.637207,70.71109
341,0.159518,-0.08976,0.018715,-0.982928,40.050014,428.266113,70.940262
342,0.16259,-0.089291,0.018075,-0.982479,40.111652,428.982208,71.265129
343,0.164633,-0.089297,0.017328,-0.982152,40.134781,429.474213,71.512222
344,0.166929,-0.088304,0.016324,-0.981871,40.107685,429.955566,71.719482
345,0.168487,-0.08779,0.015858,-0.981659,40.161938,430.354828,71.95047
346,0.170795,-0.088468,0.015557,-0.981204,40.28746,430.837708,72.136292
347,0.172673,-0.088088,0.014511,-0.980925,40.363525,431.261414,72.375816
348,0.174413,-0.087606,0.013685,-0.980672,40.44413,431.637817,72.591835
349,0.176247,-0.087351,0.013201,-0.980374,40.539021,432.058502,72.789978
350,0.177586,-0.087233,0.012661,-0.98015,40.638489,432.4245,73.023087
351,0.17946,-0.087581,0.012121,-0.979784,40.86385,432.877167,73.338791
352,0.180891,-0.088983,0.012593,-0.979389,41.196289,433.351288,73.674667
353,0.18253,-0.089445,0.012631,-0.979042,41.45018,433.863678,74.032501
354,0.184007,-0.089884,0.012361,-0.978729,41.672974,434.355682,74.39579
355,0.185707,-0.091304,0.01268,-0.978272,41.885429,434.812317,74.617851
356,0.187059,-0.090906,0.012223,-0.978057,41.911163,435.167053,74.754967
357,0.18798,-0.089882,0.01174,-0.977981,41.835144,435.418732,74.876617
358,0.189498,-0.08992,0.011409,-0.977688,41.897678,435.763763,75.000137
359,0.190574,-0.090656,0.011051,-0.977415,42.092598,436.063293,75.158714
360,0.191746,-0.090098,0.010525,-0.977244,42.101696,436.313049,75.267632
361,0.192885,-0.089324,0.010118,-0.977095,42.0257,436.552521,75.368797
362,0.194165,-0.089978,0.010023,-0.976782,42.131863,436.855804,75.49556
363,0.195626,-0.090398,0.009765,-0.976454,42.2682,437.218628,75.63591
364,0.196979,-0.089691,0.00938,-0.976251,42.214947,437.575897,75.794937
365,0.198797,-0.088684,0.008679,-0.975981,42.148853,438.031128,75.945602
366,0.200551,-0.089364,0.008893,-0.975558,42.237774,438.507629,76.126823
367,0.202454,-0.089631,0.008545,-0.975144,42.34893,438.979492,76.29763
368,0.203814,-0.088632,0.007887,-0.974958,42.340675,439.334595,76.427002
369,0.20501,-0.08818,0.007562,-0.97475,42.356937,439.656677,76.56945
370,0.206436,-0.089006,0.007401,-0.974375,42.475864,439.992645,76.679245
371,0.207213,-0.088989,0.007214,-0.974213,42.546635,440.242096,76.802734
372,0.208406,-0.088215,0.006548,-0.974034,42.518253,440.483765,76.886444
373,0.209265,-0.088027,0.006314,-0.973868,42.555824,440.694,76.99752
374,0.210375,-0.088181,0.005959,-0.973617,42.674782,440.931976,77.09079
375,0.211317,-0.088343,0.0056,-0.973401,42.75629,441.118927,77.186279
376,0.212033,-0.087958,0.005141,-0.973283,42.770256,441.254028,77.270836
377,0.212912,-0.08784,0.004701,-0.973104,42.825531,441.421967,77.346939
378,0.213513,-0.088079,0.004572,-0.972951,42.921783,441.601868,77.423859
379,0.214469,-0.08812,0.004424,-0.972737,42.962521,441.81076,77.493729
380,0.215208,-0.087642,0.004074,-0.972619,42.9286,441.998993,77.552559
381,0.216161,-0.087719,0.004055,-0.972401,42.942848,442.211121,77.624809
382,0.217076,-0.088223,0.004118,-0.972151,43.012344,442.457123,77.718811
383,0.217992,-0.088107,0.0038,-0.971958,43.054626,442.698364,77.811317
384,0.219107,-0.087864,0.003436,-0.971731,43.057968,442.954681,77.894264
385,0.220219,-0.087787,0.003022,-0.971488,43.104568,443.210968,78.002136
386,0.221498,-0.087973,0.002627,-0.971181,43.206459,443.501648,78.1073
387,0.222552,-0.087937,0.002329,-0.970944,43.247437,443.763855,78.203674
388,0.223708,-0.087491,0.001912,-0.97072,43.251587,444.027313,78.310539
389,0.224928,-0.087466,0.001361,-0.970441,43.290085,444.26062,78.36953
390,0.226029,-0.086613,0.000695,-0.970262,43.258892,444.50946,78.504845
391,0.227541,-0.086232,1e-06,-0.969943,43.302654,444.827637,78.611015
392,0.228757,-0.086936,-0.000407,-0.969594,43.415108,445.088318,78.687958
393,0.228677,-0.084582,-0.001789,-0.969819,43.202293,445.24942,78.903122
394,0.229715,-0.083052,-0.002719,-0.969704,43.094379,445.541931,79.046272
395,0.231788,-0.085217,-0.002498,-0.969023,43.341621,445.914398,79.065079
396,0.23241,-0.083442,-0.003266,-0.969027,43.260685,446.208862,79.348587
397,0.234073,-0.081918,-0.004488,-0.968751,43.177807,446.605682,79.465218
398,0.235246,-0.083123,-0.004833,-0.968363,43.280544,446.812439,79.500717
399,0.236394,-0.08055,-0.006399,-0.968292,43.108494,447.084412,79.65583
400,0.238077,-0.080185,-0.007212,-0.967904,43.087833,447.345703,79.63858
401,0.238899,-0.080011,-0.007833,-0.967711,43.100277,447.478821,79.687164
402,0.240155,-0.077792,-0.009152,-0.967569,42.963116,447.77597,79.795029
403,0.241215,-0.079195,-0.009059,-0.967193,43.135132,448.030334,79.897415
404,0.242702,-0.07996,-0.00922,-0.966756,43.352207,448.403931,80.105965
405,0.243861,-0.079225,-0.009394,-0.966523,43.433426,448.79425,80.350891
406,0.24492,-0.080148,-0.009166,-0.966181,43.604748,449.127716,80.501862
407,0.24636,-0.080298,-0.009598,-0.965799,43.662354,449.465942,80.581245
408,0.246978,-0.079227,-0.010086,-0.965724,43.536255,449.71106,80.668297
409,0.248183,-0.078971,-0.010139,-0.965436,43.50386,450.007629,80.717346
410,0.249314,-0.079638,-0.009997,-0.965091,43.61462,450.310852,80.818321
411,0.250457,-0.079672,-0.010333,-0.964788,43.639606,450.577301,80.89621
412,0.251442,-0.078956,-0.010706,-0.964587,43.558224,450.81546,80.95993
413,0.252482,-0.0789,-0.010747,-0.964319,43.573864,451.070343,81.043053
414,0.253934,-0.079292,-0.010941,-0.963904,43.676933,451.407318,81.118965
415,0.254851,-0.078947,-0.011478,-0.963684,43.694191,451.697083,81.222153
416,0.255983,-0.078458,-0.011974,-0.963418,43.648827,451.98291,81.286919
417,0.257145,-0.078557,-0.012094,-0.963099,43.655045,452.232941,81.326721
418,0.25743,-0.077217,-0.012915,-0.96312,43.496349,452.366516,81.360725
419,0.257694,-0.07418,-0.014714,-0.963263,43.1973,452.452515,81.429176
420,0.258845,-0.074014,-0.015517,-0.962954,43.139278,452.532104,81.327736
421,0.259857,-0.072626,-0.016732,-0.962767,43.030548,452.633972,81.320778
422,0.260605,-0.070257,-0.018026,-0.962717,42.849632,452.790222,81.413948
423,0.262571,-0.07102,-0.018424,-0.962119,42.946957,453.102936,81.419365
424,0.263627,-0.071239,-0.018845,-0.961806,43.016106,453.426971,81.553291
425,0.265023,-0.070003,-0.01963,-0.961497,42.937939,453.801575,81.667419
426,0.266519,-0.070416,-0.019649,-0.961053,43.010887,454.170593,81.760529
427,0.268075,-0.071072,-0.019558,-0.960574,43.110058,454.605286,81.885681
428,0.269705,-0.070245,-0.020198,-0.960165,43.056015,455.006012,81.981262
429,0.270889,-0.069623,-0.020632,-0.959868,43.013714,455.334839,82.107063
430,0.272903,-0.070015,-0.020755,-0.959266,43.08667,455.818298,82.198196
431,0.274424,-0.070021,-0.021203,-0.958822,43.176662,456.281281,82.322403
432,0.276008,-0.069477,-0.02175,-0.958394,43.151035,456.729767,82.447571
433,0.277888,-0.069197,-0.022137,-0.957862,43.144337,457.18338,82.545418
434,0.279702,-0.06957,-0.022208,-0.957305,43.209236,457.657349,82.684029
435,0.281529,-0.069353,-0.022569,-0.956777,43.260811,458.202087,82.864059
436,0.28228,-0.069126,-0.023235,-0.956556,43.291405,458.640594,83.075859
437,0.282748,-0.0678,-0.02401,-0.956494,43.211147,459.03183,83.371567
438,0.284115,-0.067418,-0.024624,-0.9561,43.214108,459.436127,83.548218
439,0.285623,-0.067035,-0.025169,-0.955663,43.287766,459.832489,83.73539
440,0.287829,-0.066755,-0.025925,-0.955001,43.337166,460.308075,83.824455
441,0.289319,-0.067084,-0.026241,-0.954519,43.406322,460.744141,83.970604
442,0.290988,-0.067059,-0.026871,-0.953995,43.439011,461.181122,84.059128
443,0.292851,-0.06668,-0.027412,-0.953436,43.426071,461.643097,84.132996
444,0.294351,-0.066168,-0.027715,-0.953001,43.444633,462.05307,84.259689
445,0.296489,-0.066167,-0.02822,-0.952323,43.500374,462.534485,84.342422
446,0.298014,-0.065937,-0.028827,-0.951845,43.522381,462.974762,84.460587
447,0.299934,-0.065629,-0.029239,-0.951251,43.525536,463.510712,84.59552
448,0.301741,-0.066004,-0.02906,-0.950658,43.603996,464.077606,84.754875
449,0.303487,-0.066186,-0.029094,-0.950089,43.757957,464.731079,84.998421
450,0.304884,-0.066339,-0.029306,-0.949624,43.898006,465.360687,85.241692
451,0.305424,-0.065696,-0.029853,-0.949478,43.932808,465.928864,85.543259
452,0.306671,-0.064728,-0.030799,-0.949113,43.967525,466.527405,85.814499
453,0.309317,-0.065447,-0.031189,-0.948191,44.117378,467.122864,85.867386
454,0.311423,-0.065037,-0.032133,-0.947499,44.164223,467.687378,86.006676
455,0.313481,-0.064031,-0.033198,-0.946852,44.082916,468.209412,86.093468
456,0.315597,-0.06377,-0.033778,-0.946145,44.02343,468.682434,86.104507
457,0.317149,-0.062119,-0.035011,-0.945691,43.839306,469.060394,86.155098
458,0.319359,-0.060186,-0.036589,-0.945013,43.659447,469.523682,86.177216
459,0.321627,-0.060876,-0.036776,-0.944192,43.77792,470.100586,86.283699
460,0.324155,-0.061211,-0.037122,-0.943292,43.951271,470.780792,86.402344
461,0.326508,-0.060649,-0.037761,-0.942491,43.912792,471.45282,86.50927
462,0.328559,-0.060075,-0.038319,-0.941792,43.866287,472.026123,86.600471
463,0.3312,-0.059979,-0.038886,-0.940849,43.880814,472.7211,86.640984
464,0.333494,-0.059454,-0.039763,-0.940035,43.889343,473.388214,86.751968
465,0.335587,-0.058827,-0.040277,-0.939308,43.850986,474.028595,86.836349
466,0.336505,-0.057108,-0.041671,-0.939024,43.699341,474.543549,87.020447
467,0.338432,-0.055818,-0.04278,-0.938359,43.580276,475.128052,87.167397
468,0.341882,-0.056842,-0.04301,-0.937036,43.741753,475.867218,87.170303
469,0.343931,-0.056916,-0.043665,-0.936251,43.893055,476.631348,87.382751
470,0.346809,-0.056337,-0.044532,-0.935183,43.926723,477.531799,87.533173
471,0.349624,-0.057602,-0.04442,-0.934062,44.082928,478.303925,87.637367
472,0.352188,-0.056988,-0.045292,-0.933094,44.05854,479.068909,87.726196
473,0.353932,-0.055144,-0.046577,-0.932482,43.914753,479.763153,87.877342
474,0.355198,-0.054744,-0.047268,-0.931989,43.910473,480.379059,88.157028
475,0.358422,-0.055303,-0.047663,-0.930701,44.025772,481.240509,88.204811
476,0.360561,-0.055471,-0.047781,-0.929858,44.174461,482.023651,88.342369
477,0.36291,-0.054736,-0.04867,-0.928941,44.189316,482.82959,88.517944
478,0.365738,-0.055473,-0.048967,-0.927772,44.305882,483.656403,88.576508
479,0.367324,-0.055453,-0.048875,-0.927151,44.388577,484.412262,88.786186
480,0.369938,-0.054887,-0.049614,-0.926106,44.459805,485.316742,88.904442
481,0.372183,-0.056484,-0.049533,-0.925114,44.748833,486.141846,89.031845
482,0.374749,-0.05675,-0.049982,-0.924037,44.864895,487.006317,89.197372
483,0.3771,-0.056758,-0.050265,-0.923064,44.935619,487.856689,89.348068
484,0.379511,-0.057789,-0.049762,-0.922039,45.127087,488.579926,89.39167
485,0.382099,-0.05706,-0.050823,-0.920957,45.075363,489.267731,89.413452
486,0.383922,-0.056045,-0.051903,-0.920201,44.944927,489.850403,89.465378
487,0.386317,-0.056493,-0.052065,-0.919161,44.939678,490.429688,89.415611
488,0.387446,-0.054379,-0.053331,-0.918741,44.809265,490.997955,89.584229
489,0.390226,-0.05393,-0.054216,-0.917538,44.743912,491.65683,89.521797
490,0.392513,-0.055039,-0.054546,-0.916477,44.866146,492.357422,89.532036
491,0.394381,-0.05439,-0.05555,-0.915653,44.890823,493.020996,89.613792
492,0.396991,-0.053827,-0.056119,-0.914523,44.843369,493.665619,89.58165
493,0.398738,-0.05382,-0.056318,-0.91375,44.869568,494.22699,89.618835
494,0.401352,-0.053594,-0.056998,-0.912576,44.822838,494.863861,89.565247
495,0.403026,-0.053317,-0.057605,-0.911816,44.750187,495.351501,89.598488
496,0.4051,-0.052792,-0.058385,-0.910878,44.704773,495.897247,89.595947
497,0.407414,-0.052473,-0.058771,-0.909839,44.73119,496.540192,89.560852
498,0.408808,-0.052894,-0.059037,-0.909172,44.796463,497.141663,89.665619
499,0.410868,-0.052253,-0.060092,-0.90821,44.788097,497.828125,89.71833
500,0.413298,-0.052805,-0.060147,-0.907071,44.894234,498.524597,89.698318
501,0.415393,-0.052661,-0.060343,-0.90611,44.924156,499.230682,89.754189
502,0.417588,-0.052156,-0.061195,-0.905072,44.958824,500.074982,89.8256
503,0.419864,-0.053993,-0.060746,-0.90394,45.232071,500.91748,89.88414
504,0.422037,-0.054384,-0.060744,-0.902905,45.375935,501.812927,89.982971
505,0.423991,-0.05422,-0.060773,-0.901997,45.466328,502.733337,90.099869
506,0.426354,-0.0559,-0.060104,-0.900825,45.682697,503.557159,90.132095
507,0.428016,-0.055073,-0.060923,-0.900032,45.691128,504.359009,90.259361
508,0.430349,-0.054582,-0.061426,-0.898914,45.660099,505.089874,90.216698
509,0.432598,-0.055385,-0.061253,-0.897797,45.736179,505.721741,90.143059
510,0.43437,-0.05471,-0.062449,-0.8969,45.666298,506.305206,90.134201
511,0.436549,-0.05418,-0.063412,-0.895806,45.621517,506.913666,90.08445
512,0.438391,-0.054666,-0.06311,-0.894898,45.694595,507.481384,90.067955
513,0.438369,-0.052851,-0.064533,-0.894916,45.474621,507.895538,90.273941
514,0.436541,-0.048747,-0.068605,-0.895739,45.042641,508.108612,90.711472
515,0.437465,-0.048076,-0.07068,-0.895163,44.942657,508.323425,90.779182
516,0.440233,-0.048462,-0.071406,-0.893727,44.99942,508.721466,90.614754
517,0.441707,-0.046788,-0.072848,-0.892972,44.861229,509.209503,90.638924
518,0.44426,-0.046473,-0.073578,-0.891661,44.815639,509.825287,90.550079
519,0.446809,-0.047597,-0.073489,-0.890335,44.968281,510.546936,90.465378
520,0.448829,-0.047333,-0.074044,-0.889286,44.943092,511.251343,90.437798
521,0.450818,-0.046475,-0.075025,-0.888242,44.873413,511.921692,90.404953
522,0.452963,-0.047192,-0.074991,-0.887115,44.983875,512.550354,90.339195
523,0.455037,-0.047177,-0.075475,-0.886013,44.992847,513.264038,90.281143
524,0.456489,-0.046751,-0.075837,-0.885257,45.003174,514.02655,90.334969
525,0.4587,-0.048077,-0.07517,-0.8841,45.215336,514.856018,90.305878
526,0.460659,-0.048636,-0.074948,-0.883069,45.333466,515.710022,90.305176
527,0.462189,-0.048611,-0.074961,-0.882269,45.393936,516.590027,90.395706
528,0.464543,-0.049997,-0.074351,-0.881006,45.644516,517.490479,90.377968
529,0.466347,-0.050859,-0.07383,-0.880047,45.86282,518.349426,90.41642
530,0.468037,-0.050851,-0.074121,-0.879125,45.890957,519.134521,90.432312
531,0.469982,-0.051486,-0.074039,-0.878057,45.969299,519.809082,90.381042
532,0.471801,-0.051872,-0.073986,-0.877063,46.038097,520.363464,90.318665
533,0.473272,-0.050888,-0.074964,-0.876245,45.931526,520.818359,90.259956
534,0.474671,-0.050824,-0.075611,-0.875436,45.883884,521.172974,90.165565
535,0.47459,-0.049123,-0.077376,-0.875422,45.694515,521.417725,90.248444
536,0.475483,-0.047442,-0.079217,-0.874865,45.474068,521.758484,90.217857
537,0.478122,-0.049254,-0.078731,-0.87337,45.651371,522.252014,90.02784
538,0.479542,-0.048921,-0.079228,-0.872565,45.72401,522.846741,90.060768
539,0.48172,-0.04773,-0.080231,-0.871338,45.615391,523.48053,89.962692
540,0.483345,-0.048494,-0.080224,-0.870397,45.69833,524.000366,89.8937
541,0.485432,-0.048882,-0.080692,-0.869169,45.692883,524.597168,89.790764
542,0.487161,-0.048113,-0.081859,-0.868135,45.619999,525.128174,89.714882
543,0.488738,-0.047974,-0.082166,-0.867227,45.641491,525.578979,89.658539
544,0.49085,-0.04788,-0.082665,-0.865991,45.614029,526.088562,89.501686
545,0.49192,-0.04763,-0.083549,-0.865313,45.597862,526.570129,89.503021
546,0.493806,-0.047747,-0.084052,-0.864182,45.610279,527.111694,89.388359
547,0.49565,-0.047821,-0.084065,-0.863121,45.61404,527.632385,89.272858
548,0.496946,-0.047261,-0.084638,-0.86235,45.527161,528.146362,89.225609
549,0.498972,-0.047479,-0.085091,-0.861123,45.481216,528.736511,89.094124
550,0.499775,-0.047628,-0.085421,-0.860616,45.442806,529.216797,89.111168
551,0.499034,-0.044855,-0.088062,-0.860929,45.095772,529.596619,89.357719
552,0.498167,-0.043083,-0.090317,-0.861288,44.761261,529.932007,89.659218
553,0.500059,-0.043915,-0.090465,-0.860133,44.823223,530.530945,89.583717
554,0.502731,-0.044729,-0.090224,-0.858557,44.960342,531.247925,89.387482
555,0.504004,-0.043405,-0.091129,-0.857783,44.830612,531.928162,89.414154
556,0.506721,-0.043534,-0.091456,-0.856139,44.793175,532.699646,89.202446
557,0.508709,-0.04525,-0.090874,-0.854932,44.967583,533.391785,89.0858
558,0.510535,-0.044142,-0.092079,-0.853773,44.850712,534.118042,88.994682
559,0.512267,-0.043798,-0.092312,-0.852727,44.831543,534.804565,88.856827
560,0.514053,-0.045089,-0.091832,-0.851636,45.007278,535.547729,88.75631
561,0.516648,-0.045363,-0.092232,-0.850006,45.009182,536.244141,88.57029
562,0.51793,-0.044212,-0.093494,-0.849148,44.884109,536.706665,88.500008
563,0.520178,-0.043507,-0.094071,-0.847746,44.776516,537.242981,88.306992
564,0.522301,-0.044047,-0.094183,-0.846399,44.811489,537.870056,88.137436
565,0.524264,-0.044359,-0.094749,-0.845105,44.803501,538.533203,88.011101
566,0.526561,-0.043594,-0.095553,-0.843625,44.691608,539.225647,87.791557
567,0.528443,-0.043494,-0.095688,-0.842437,44.657696,539.85675,87.625832
568,0.530874,-0.043253,-0.096437,-0.840834,44.566475,540.505615,87.40625
569,0.53279,-0.042948,-0.097323,-0.839535,44.476162,541.107178,87.242989
570,0.535074,-0.043015,-0.097543,-0.838052,44.416809,541.766907,87.033867
571,0.537405,-0.042722,-0.097966,-0.836524,44.349895,542.448608,86.807228
572,0.539281,-0.042729,-0.098391,-0.835266,44.308109,543.113892,86.654861
573,0.541499,-0.042937,-0.098916,-0.833757,44.287029,543.804077,86.442703
574,0.543527,-0.043128,-0.098999,-0.832417,44.280773,544.436707,86.260109
575,0.545164,-0.042632,-0.099658,-0.831293,44.172913,545.019714,86.142365
576,0.544818,-0.04105,-0.101798,-0.83134,43.980625,545.616272,86.374763
577,0.545711,-0.040906,-0.103236,-0.830584,43.927711,546.296692,86.440674
578,0.548669,-0.042284,-0.10257,-0.828646,44.103065,547.122131,86.166466
579,0.550635,-0.042605,-0.10253,-0.827329,44.181122,547.912476,86.00576
580,0.552702,-0.041621,-0.103798,-0.825841,44.060005,548.645264,85.817932
581,0.554793,-0.042059,-0.103941,-0.824398,44.093632,549.303589,85.607666
582,0.556758,-0.042386,-0.103775,-0.823076,44.124599,550.070984,85.39621
583,0.558554,-0.042322,-0.103618,-0.821881,44.152512,550.987793,85.252274
584,0.560622,-0.043913,-0.102558,-0.820522,44.351227,551.911621,85.045143
585,0.562759,-0.044614,-0.102147,-0.819071,44.447392,552.794495,84.801094
586,0.564137,-0.044107,-0.102283,-0.818133,44.407528,553.572327,84.683281
587,0.565988,-0.044794,-0.102009,-0.816851,44.466171,554.245667,84.484123
588,0.567104,-0.044901,-0.102439,-0.816017,44.429554,554.717468,84.389839
589,0.56819,-0.043306,-0.104097,-0.815137,44.202579,555.053284,84.256371
590,0.570073,-0.043142,-0.104443,-0.813786,44.153645,555.42688,84.026985
591,0.57153,-0.043622,-0.104279,-0.812759,44.191132,555.955139,83.890114
592,0.573215,-0.043496,-0.104756,-0.811517,44.170128,556.632202,83.701469
593,0.574724,-0.04445,-0.104071,-0.810485,44.282875,557.362671,83.529495
594,0.576525,-0.045092,-0.103542,-0.809237,44.36694,558.115723,83.303658
595,0.577904,-0.045107,-0.103536,-0.808253,44.384365,558.901428,83.157204
596,0.579364,-0.04613,-0.102853,-0.807236,44.490364,559.648682,82.967857
597,0.581334,-0.0468,-0.102467,-0.80583,44.548134,560.33252,82.702881
598,0.58226,-0.046323,-0.102572,-0.805175,44.479546,560.915955,82.602669
599,0.583806,-0.046695,-0.102221,-0.804078,44.49852,561.478271,82.39698
600,0.585343,-0.047325,-0.101942,-0.802958,44.555393,562.023254,82.194206
601,0.586417,-0.046828,-0.102499,-0.802132,44.505806,562.573059,82.074837
602,0.58806,-0.047077,-0.10234,-0.800934,44.532822,563.124634,81.863152
603,0.589268,-0.047794,-0.101745,-0.800079,44.639126,563.715942,81.712585
604,0.590512,-0.047862,-0.101788,-0.799152,44.660522,564.37738,81.54422
605,0.591298,-0.048187,-0.101412,-0.798599,44.720787,564.923889,81.407623
606,0.591174,-0.047227,-0.102493,-0.79861,44.640236,565.308105,81.351761
607,0.591361,-0.045855,-0.104223,-0.798328,44.48703,565.588135,81.280243
608,0.592157,-0.04593,-0.104461,-0.797702,44.546932,565.865234,81.182571
609,0.593982,-0.045973,-0.104795,-0.796298,44.558289,566.269775,80.944519
610,0.59507,-0.045151,-0.105931,-0.795381,44.439091,566.685791,80.794167
611,0.596578,-0.045181,-0.105992,-0.794242,44.371479,567.150879,80.591049
612,0.598377,-0.045789,-0.105494,-0.792919,44.371204,567.703247,80.328423
613,0.599515,-0.045718,-0.105561,-0.792054,44.328438,568.227173,80.14949
614,0.601071,-0.045291,-0.105947,-0.790846,44.221004,568.665649,79.918015
615,0.60223,-0.044872,-0.106672,-0.78989,44.110329,568.987549,79.744896
616,0.603535,-0.04424,-0.10742,-0.788828,43.940968,569.309082,79.552185
617,0.605035,-0.043749,-0.108113,-0.78761,43.815716,569.701782,79.321686
618,0.606277,-0.043731,-0.108311,-0.786629,43.785698,570.236023,79.12027
619,0.607763,-0.044142,-0.108422,-0.785442,43.812424,570.887085,78.835762
620,0.609096,-0.044603,-0.108124,-0.784425,43.861626,571.486023,78.619553
621,0.610157,-0.043674,-0.109311,-0.783487,43.79649,572.040833,78.441353
622,0.611646,-0.043139,-0.11003,-0.782254,43.775154,572.521545,78.157829
623,0.613227,-0.04371,-0.109808,-0.781015,43.861271,573.0177,77.868652
624,0.614687,-0.043586,-0.110522,-0.779773,43.85099,573.579163,77.58535
625,0.616146,-0.043651,-0.110683,-0.778594,43.863632,574.189941,77.320992
626,0.617778,-0.044043,-0.110035,-0.777369,43.963009,574.896301,77.038589
627,0.61929,-0.044394,-0.109523,-0.776218,44.055538,575.733093,76.760429
628,0.620839,-0.04551,-0.108633,-0.77504,44.204639,576.576355,76.494583
629,0.622519,-0.046272,-0.107735,-0.773771,44.339966,577.308655,76.160614
630,0.623534,-0.045905,-0.108001,-0.772938,44.30101,577.793457,75.918671
631,0.623344,-0.044444,-0.110108,-0.772879,44.067986,577.906372,75.922432
632,0.6235,-0.042429,-0.113066,-0.77244,43.783733,577.783813,75.89637
633,0.624462,-0.041578,-0.114603,-0.771482,43.686329,577.745117,75.741112
634,0.62514,-0.041441,-0.115492,-0.770808,43.683903,577.908997,75.628006
635,0.625653,-0.040403,-0.117234,-0.770183,43.605259,578.336731,75.548386
636,0.627057,-0.041244,-0.116687,-0.769079,43.757195,578.985168,75.300667
637,0.628949,-0.043088,-0.115091,-0.767672,44.068657,579.846252,74.961922
638,0.630093,-0.043541,-0.11503,-0.766717,44.215256,580.805298,74.716377
639,0.631805,-0.044638,-0.113804,-0.765427,44.343464,581.660645,74.395828
640,0.633357,-0.045748,-0.112383,-0.764288,44.509811,582.457092,74.067993
641,0.634535,-0.045891,-0.111889,-0.763374,44.576088,583.195984,73.809464
642,0.635869,-0.046327,-0.111555,-0.762286,44.639767,583.841919,73.52565
643,0.637139,-0.046883,-0.111074,-0.761261,44.719704,584.436096,73.237907
644,0.63837,-0.047063,-0.110585,-0.760289,44.781319,585.027649,72.9785
645,0.639523,-0.047466,-0.110007,-0.759379,44.876919,585.612793,72.743294
646,0.640773,-0.048125,-0.109608,-0.75834,44.972771,586.222961,72.468002
647,0.642089,-0.048592,-0.109218,-0.757253,45.064869,586.844177,72.193665
648,0.643352,-0.048928,-0.108776,-0.756222,45.159832,587.420105,71.933182
649,0.644423,-0.049198,-0.108791,-0.75529,45.18959,587.980896,71.680244
650,0.645506,-0.049776,-0.108566,-0.754359,45.235195,588.528687,71.42952
651,0.646693,-0.050293,-0.108034,-0.753384,45.304996,589.080688,71.146515
652,0.647782,-0.050522,-0.107629,-0.752491,45.356934,589.619141,70.88018
653,0.648918,-0.050756,-0.107133,-0.751566,45.430073,590.156921,70.632721
654,0.650146,-0.051129,-0.106561,-0.75056,45.503235,590.698486,70.362938
655,0.651282,-0.051565,-0.105975,-0.749628,45.576698,591.237,70.104469
656,0.652262,-0.051747,-0.105729,-0.748797,45.627743,591.720642,69.868057
657,0.653092,-0.05197,-0.105666,-0.748067,45.64999,592.133972,69.666611
658,0.653986,-0.052404,-0.10543,-0.747289,45.666862,592.524719,69.462753
659,0.654747,-0.052623,-0.105547,-0.74659,45.692852,592.89093,69.255028
660,0.655395,-0.052693,-0.105777,-0.745984,45.716476,593.224304,69.073166
661,0.6561,-0.052599,-0.105949,-0.745346,45.706341,593.516052,68.893379
662,0.656835,-0.052557,-0.105934,-0.744703,45.674248,593.74707,68.722328
663,0.657471,-0.052406,-0.10611,-0.744127,45.608269,593.823547,68.57988
664,0.657412,-0.051442,-0.107506,-0.744047,45.372025,593.591309,68.583473
665,0.656363,-0.048505,-0.110836,-0.744681,44.915943,592.984314,68.824692
666,0.656204,-0.045816,-0.114256,-0.744475,44.512775,592.574951,68.896324
667,0.656971,-0.046783,-0.113702,-0.743823,44.652355,592.727966,68.746887
668,0.658047,-0.048367,-0.112075,-0.743017,44.925777,593.300537,68.503159
669,0.659152,-0.048667,-0.111772,-0.742063,44.987343,593.890259,68.23333
670,0.659661,-0.049327,-0.111326,-0.741634,45.059963,594.188782,68.099442
671,0.660239,-0.048955,-0.111914,-0.741056,45.021774,594.321716,67.960144
672,0.660477,-0.048367,-0.112561,-0.740784,44.968117,594.402039,67.889389
673,0.661072,-0.048462,-0.112548,-0.740249,44.996124,594.526672,67.749329
674,0.66176,-0.048469,-0.112516,-0.739638,44.991581,594.71936,67.599045
675,0.661976,-0.048493,-0.11248,-0.739449,44.979076,594.805481,67.551674
676,0.662446,-0.04798,-0.113063,-0.738972,44.8908,594.781128,67.456512
677,0.662278,-0.047279,-0.11385,-0.739047,44.791782,594.702454,67.461571
678,0.662321,-0.046719,-0.114642,-0.738922,44.653069,594.529846,67.432808
679,0.662208,-0.045484,-0.116232,-0.738852,44.385178,594.175781,67.475182
680,0.661388,-0.043604,-0.118548,-0.739332,44.049244,593.74176,67.664742
681,0.661334,-0.042678,-0.1202,-0.739167,43.799747,593.423828,67.726982
682,0.661436,-0.042718,-0.120551,-0.739016,43.733761,593.42157,67.723343
683,0.662095,-0.043069,-0.11991,-0.73851,43.764339,593.640625,67.579895
684,0.662589,-0.043288,-0.119249,-0.738161,43.814754,593.919373,67.433762
685,0.662987,-0.043503,-0.11896,-0.737837,43.831161,594.138306,67.319168
686,0.663462,-0.043427,-0.119256,-0.737367,43.780052,594.276184,67.212135
687,0.663586,-0.043211,-0.119518,-0.737226,43.71439,594.353638,67.188965
688,0.664046,-0.043008,-0.119719,-0.736791,43.659599,594.475403,67.089096
689,0.664434,-0.043373,-0.119393,-0.736473,43.674637,594.668213,66.983231
690,0.664847,-0.043745,-0.119105,-0.736124,43.694542,594.81488,66.885162
691,0.665012,-0.043406,-0.119527,-0.735927,43.632408,594.879028,66.837074
692,0.665029,-0.043181,-0.119679,-0.7359,43.610378,594.926208,66.82505
693,0.665473,-0.043624,-0.119228,-0.735546,43.667427,595.016479,66.731987
694,0.665603,-0.043776,-0.119146,-0.735432,43.690399,595.087158,66.691261
695,0.66561,-0.043391,-0.119667,-0.735364,43.636105,595.114685,66.677406
696,0.665754,-0.043441,-0.119593,-0.735243,43.649769,595.142822,66.655128
697,0.665891,-0.043721,-0.119299,-0.73515,43.70974,595.189392,66.63517
698,0.665956,-0.043641,-0.119534,-0.735057,43.695301,595.204163,66.622345
699,0.665847,-0.043423,-0.11976,-0.735133,43.668709,595.199463,66.645325
700,0.665945,-0.043507,-0.119641,-0.735058,43.685505,595.231384,66.618385
701,0.666016,-0.043698,-0.11947,-0.735011,43.712379,595.257385,66.596504
702,0.665983,-0.043587,-0.119724,-0.735006,43.675446,595.241638,66.601341
703,0.665992,-0.04345,-0.119889,-0.734978,43.643818,595.224731,66.596497
704,0.665998,-0.043602,-0.11964,-0.735005,43.683331,595.24408,66.587921
705,0.666082,-0.043702,-0.119552,-0.734937,43.706158,595.2453,66.57505
706,0.665971,-0.043452,-0.119885,-0.734998,43.67765,595.233032,66.594429
707,0.665992,-0.043456,-0.119836,-0.734987,43.698505,595.251038,66.593712
708,0.666199,-0.043689,-0.119531,-0.734836,43.755241,595.291199,66.562775
709,0.666213,-0.043589,-0.119692,-0.734802,43.750763,595.331055,66.546219
710,0.6663,-0.043455,-0.11995,-0.734689,43.748936,595.381409,66.5186
711,0.666469,-0.043736,-0.119714,-0.734558,43.804165,595.452515,66.489265
712,0.666627,-0.043839,-0.119548,-0.734435,43.823944,595.506409,66.457909
713,0.666706,-0.043635,-0.119801,-0.734334,43.799728,595.538452,66.440727
714,0.666813,-0.043778,-0.119847,-0.734221,43.819271,595.589478,66.422501
715,0.667009,-0.044016,-0.119713,-0.734051,43.869816,595.660095,66.381355
716,0.667143,-0.044028,-0.119666,-0.733936,43.896378,595.723572,66.357437
717,0.667256,-0.043998,-0.119766,-0.733819,43.901638,595.769531,66.341202
718,0.667419,-0.044033,-0.119718,-0.733676,43.906559,595.823303,66.317116
719,0.667652,-0.044099,-0.119525,-0.733491,43.918961,595.899597,66.268219
720,0.667931,-0.044146,-0.119284,-0.733274,43.937229,595.993042,66.209755
721,0.668084,-0.044149,-0.119135,-0.733159,43.951645,596.084595,66.166298
722,0.668217,-0.044143,-0.119028,-0.733055,43.953388,596.172485,66.109909
723,0.668345,-0.044294,-0.118772,-0.732971,43.978737,596.278259,66.057266
724,0.668517,-0.044527,-0.11845,-0.732852,44.024628,596.411255,66.005295
725,0.668696,-0.044685,-0.118332,-0.732698,44.066521,596.563843,65.943764
726,0.66883,-0.044943,-0.118164,-0.732587,44.110352,596.659058,65.90538
727,0.668843,-0.044825,-0.11831,-0.732559,44.099815,596.64978,65.903275
728,0.66876,-0.044487,-0.118691,-0.732593,44.056564,596.612854,65.924377
729,0.668814,-0.044592,-0.118639,-0.732546,44.07114,596.641541,65.914497
730,0.669004,-0.045009,-0.118185,-0.732421,44.126972,596.710327,65.885284
731,0.669023,-0.045033,-0.118154,-0.732407,44.130085,596.71936,65.889763
732,0.668879,-0.044698,-0.118575,-0.732491,44.081963,596.666992,65.914925
733,0.668815,-0.044696,-0.118658,-0.732536,44.081882,596.634766,65.932556
734,0.668857,-0.044864,-0.118381,-0.732532,44.115402,596.641052,65.927902
735,0.668823,-0.044846,-0.118365,-0.732567,44.115143,596.640015,65.926987
736,0.668704,-0.044705,-0.118508,-0.732662,44.100685,596.603516,65.943436
737,0.668617,-0.04469,-0.118547,-0.732735,44.09906,596.564392,65.958633
738,0.66851,-0.04479,-0.118464,-0.73284,44.119278,596.535828,65.981583
739,0.668401,-0.044851,-0.118329,-0.732957,44.142464,596.513977,66.006821
740,0.668355,-0.044863,-0.118159,-0.733026,44.155952,596.492004,66.024017
741,0.66828,-0.044908,-0.118108,-0.7331,44.159645,596.472168,66.03894
742,0.668208,-0.044886,-0.118161,-0.733159,44.148727,596.451843,66.050438
743,0.668137,-0.044874,-0.118066,-0.733239,44.148079,596.433289,66.064133
744,0.66809,-0.04493,-0.117928,-0.733301,44.154556,596.414063,66.073608
745,0.668028,-0.04494,-0.117952,-0.733353,44.147255,596.378113,66.090721
746,0.667944,-0.044871,-0.118058,-0.733416,44.134647,596.353577,66.108543
747,0.667926,-0.044919,-0.117931,-0.73345,44.153824,596.361755,66.110031
748,0.667936,-0.045103,-0.117714,-0.733465,44.184113,596.371521,66.11087
749,0.667913,-0.045072,-0.117809,-0.733472,44.179405,596.345886,66.12178
750,0.667806,-0.044884,-0.118017,-0.733548,44.155174,596.310242,66.145035
751,0.667788,-0.04496,-0.117986,-0.733565,44.160789,596.298584,66.153885
752,0.667811,-0.045099,-0.117842,-0.733558,44.173592,596.301636,66.152397
753,0.667756,-0.044994,-0.117834,-0.733616,44.14872,596.28949,66.162354
754,0.667679,-0.044871,-0.117977,-0.733671,44.120979,596.269714,66.16758
755,0.667667,-0.044925,-0.117913,-0.733688,44.124584,596.268066,66.162216
756,0.667704,-0.044987,-0.117765,-0.733675,44.131142,596.278442,66.153778
757,0.667714,-0.044952,-0.117753,-0.73367,44.126846,596.289063,66.15184
758,0.667718,-0.045005,-0.117767,-0.73366,44.134399,596.298645,66.15303
759,0.667745,-0.045062,-0.117788,-0.733629,44.153126,596.307251,66.154877
760,0.667746,-0.045049,-0.117859,-0.733618,44.165844,596.307739,66.162453
761,0.667747,-0.044985,-0.117969,-0.733604,44.176975,596.306946,66.173431
762,0.667765,-0.045026,-0.117958,-0.733586,44.203304,596.314636,66.174461
763,0.667746,-0.045073,-0.117909,-0.733608,44.23175,596.31665,66.172333
764,0.667735,-0.045008,-0.117935,-0.733618,44.23547,596.312378,66.177528
765,0.667736,-0.04494,-0.117896,-0.733628,44.238522,596.313354,66.177193
766,0.667781,-0.045013,-0.117706,-0.733613,44.253025,596.320618,66.164627
767,0.667768,-0.045012,-0.117684,-0.733628,44.244431,596.317078,66.16275
768,0.667679,-0.044897,-0.117842,-0.733691,44.222893,596.304199,66.174416
769,0.667672,-0.044913,-0.117784,-0.733706,44.226578,596.301819,66.174606
770,0.667699,-0.044982,-0.117608,-0.733705,44.246643,596.309265,66.172531
771,0.667671,-0.044954,-0.117668,-0.733723,44.252708,596.307434,66.179237
772,0.667618,-0.044941,-0.117734,-0.733761,44.268742,596.297852,66.196022
773,0.667609,-0.04499,-0.11767,-0.733776,44.30167,596.294434,66.212517
774,0.667616,-0.045028,-0.117638,-0.733773,44.325901,596.294067,66.224625
775,0.6676,-0.045013,-0.117632,-0.733789,44.336914,596.292358,66.238586
776,0.667598,-0.045023,-0.117608,-0.733795,44.344452,596.292969,66.24205
777,0.667594,-0.04508,-0.117556,-0.733803,44.355381,596.291809,66.243652
778,0.667557,-0.045044,-0.117558,-0.733838,44.355625,596.279236,66.252739
779,0.667476,-0.044983,-0.117606,-0.733908,44.351147,596.256226,66.267517
780,0.667389,-0.045015,-0.117557,-0.733993,44.363369,596.230103,66.280159
781,0.667346,-0.045032,-0.11754,-0.734034,44.36747,596.205566,66.294495
782,0.667289,-0.044989,-0.11763,-0.734074,44.350483,596.185791,66.310738
783,0.667269,-0.045032,-0.117644,-0.734088,44.346371,596.177002,66.320732
784,0.667288,-0.04509,-0.11757,-0.734078,44.359875,596.177002,66.327751
785,0.667271,-0.045075,-0.117624,-0.734086,44.3545,596.169739,66.339317
786,0.667254,-0.045022,-0.117762,-0.734082,44.331696,596.15979,66.34726
787,0.667284,-0.04501,-0.117728,-0.734061,44.324085,596.173035,66.339561
788,0.667346,-0.04507,-0.117606,-0.734021,44.328777,596.202698,66.322105
789,0.667363,-0.045062,-0.117653,-0.733999,44.318508,596.213013,66.315277
790,0.667351,-0.045043,-0.117781,-0.73399,44.301502,596.204163,66.320953
791,0.667357,-0.045082,-0.117809,-0.733978,44.307076,596.202026,66.321732
792,0.667378,-0.045157,-0.117795,-0.733956,44.318436,596.211548,66.317307
793,0.66741,-0.045188,-0.117799,-0.733924,44.315292,596.220581,66.315277
794,0.667428,-0.045136,-0.117882,-0.733898,44.309681,596.220642,66.31385
795,0.66744,-0.045154,-0.117905,-0.733883,44.307022,596.218018,66.313904
796,0.667443,-0.045119,-0.117902,-0.733882,44.298767,596.215515,66.318665
797,0.667437,-0.045056,-0.117941,-0.733885,44.28627,596.220093,66.316772
798,0.667473,-0.045093,-0.117872,-0.733861,44.285393,596.232483,66.306122
799,0.667491,-0.045153,-0.117809,-0.733851,44.291286,596.235413,66.30043
800,0.667449,-0.045098,-0.117889,-0.73388,44.288818,596.22644,66.303741
801,0.667419,-0.045036,-0.117909,-0.733908,44.293777,596.22229,66.305954
802,0.667428,-0.04517,-0.117812,-0.733907,44.317825,596.226257,66.301598
803,0.66741,-0.045232,-0.117784,-0.733924,44.335423,596.220337,66.304581
804,0.66734,-0.045169,-0.117868,-0.733979,44.337475,596.198181,66.31871
805,0.667311,-0.045123,-0.11789,-0.734004,44.340851,596.182495,66.328575
806,0.667334,-0.045155,-0.117797,-0.733996,44.352203,596.180481,66.328766
807,0.667337,-0.045173,-0.11777,-0.733996,44.343575,596.179138,66.331985
808,0.667293,-0.045114,-0.117907,-0.734019,44.312031,596.171143,66.338188
809,0.667267,-0.045131,-0.117929,-0.734037,44.292057,596.163574,66.337151
810,0.667269,-0.045189,-0.117824,-0.734049,44.281452,596.164124,66.330742
811,0.667254,-0.04514,-0.117823,-0.734066,44.263638,596.159912,66.324478
812,0.66724,-0.04505,-0.117784,-0.73409,44.248909,596.151184,66.321327
813,0.667244,-0.045045,-0.117737,-0.734094,44.246307,596.146729,66.315125
814,0.667229,-0.045059,-0.117745,-0.734106,44.250408,596.149414,66.311264
815,0.667218,-0.045085,-0.117781,-0.734109,44.257061,596.1604,66.310242
816,0.667222,-0.045167,-0.117773,-0.734101,44.272377,596.167236,66.310913
817,0.667225,-0.04518,-0.117747,-0.734101,44.282307,596.164673,66.316269
818,0.667203,-0.045135,-0.117835,-0.734111,44.279079,596.156921,66.321976
819,0.66718,-0.04512,-0.117852,-0.73413,44.275471,596.152161,66.327049
820,0.667195,-0.045154,-0.117763,-0.734128,44.273308,596.151733,66.328056
821,0.667174,-0.045139,-0.11776,-0.734149,44.266888,596.14447,66.330566
822,0.667134,-0.04505,-0.117843,-0.734177,44.249378,596.125916,66.335831
823,0.667117,-0.045008,-0.11788,-0.734189,44.244022,596.111694,66.34082
824,0.66711,-0.04508,-0.117805,-0.734203,44.255604,596.111755,66.343292
825,0.667132,-0.045056,-0.117763,-0.734191,44.26437,596.114136,66.337677
826,0.667128,-0.045,-0.117852,-0.734184,44.271713,596.118713,66.337151
827,0.667176,-0.04501,-0.117824,-0.734144,44.287453,596.132263,66.334518
828,0.667245,-0.045042,-0.117726,-0.734095,44.313889,596.152283,66.326141
829,0.667252,-0.045081,-0.11772,-0.734087,44.326656,596.169678,66.321922
830,0.667258,-0.045112,-0.117742,-0.734076,44.320286,596.178711,66.317505
831,0.667268,-0.045137,-0.11774,-0.734066,44.312492,596.177856,66.315979
832,0.667263,-0.04509,-0.117803,-0.734064,44.299358,596.164307,66.318375
833,0.667226,-0.045035,-0.117909,-0.734084,44.27877,596.14801,66.32386
834,0.667221,-0.045008,-0.117906,-0.734091,44.266567,596.136841,66.325394
835,0.667222,-0.045024,-0.11788,-0.734093,44.255806,596.128723,66.321671
836,0.667174,-0.045037,-0.117917,-0.73413,44.237953,596.119751,66.327133
837,0.667156,-0.045035,-0.11788,-0.734152,44.220917,596.111511,66.331863
838,0.667139,-0.045068,-0.117789,-0.73418,44.216045,596.106628,66.332184
839,0.667103,-0.045062,-0.117779,-0.734215,44.21571,596.101074,66.336243
840,0.667081,-0.045049,-0.117792,-0.734234,44.207336,596.093628,66.338524
841,0.667057,-0.04508,-0.117777,-0.734256,44.202171,596.087219,66.339966
842,0.667043,-0.045087,-0.117778,-0.734267,44.213257,596.079346,66.340614
843,0.667022,-0.045062,-0.117766,-0.734291,44.231327,596.063477,66.347214
844,0.666945,-0.045052,-0.11778,-0.734358,44.243015,596.037842,66.360306
845,0.66688,-0.04505,-0.117776,-0.734418,44.24609,596.012817,66.373627
846,0.666863,-0.045045,-0.117733,-0.734441,44.242313,595.999939,66.382797
847,0.666845,-0.045059,-0.117764,-0.734452,44.237202,595.999023,66.382217
848,0.666834,-0.045055,-0.117796,-0.734457,44.225048,596.006531,66.379372
849,0.666855,-0.045058,-0.117749,-0.734445,44.209824,596.014282,66.373978
850,0.666879,-0.045036,-0.117722,-0.734429,44.196495,596.014648,66.367325
851,0.666881,-0.04496,-0.117756,-0.734426,44.182735,596.012817,66.364464
852,0.666904,-0.044983,-0.117804,-0.734396,44.174873,596.01825,66.360741
853,0.666955,-0.045001,-0.117818,-0.734346,44.174828,596.026489,66.35598
854,0.667021,-0.044981,-0.117845,-0.734283,44.174118,596.03595,66.350533
855,0.667073,-0.045033,-0.117889,-0.734226,44.176342,596.052124,66.34359
856,0.667125,-0.045055,-0.117903,-0.734176,44.194557,596.072998,66.335945
857,0.667176,-0.045033,-0.117939,-0.734124,44.211788,596.09491,66.328224
858,0.667199,-0.045004,-0.118029,-0.734091,44.217922,596.115906,66.320923
859,0.667247,-0.044995,-0.118053,-0.734044,44.222572,596.137512,66.309227
860,0.66731,-0.045017,-0.117986,-0.733997,44.22646,596.15979,66.296143
861,0.667363,-0.04501,-0.117969,-0.733951,44.221416,596.18042,66.281525
862,0.667387,-0.044985,-0.118012,-0.733924,44.207111,596.192261,66.271408
863,0.667371,-0.044988,-0.118023,-0.733937,44.191246,596.194397,66.272942
864,0.667374,-0.044969,-0.117951,-0.733946,44.181446,596.185547,66.269867
865,0.667331,-0.044923,-0.117962,-0.733987,44.16766,596.171387,66.27404
866,0.667283,-0.044921,-0.11804,-0.734018,44.143295,596.156372,66.285568
867,0.66726,-0.044961,-0.118043,-0.734036,44.127785,596.145142,66.292747
868,0.667233,-0.045016,-0.118018,-0.734061,44.122234,596.141602,66.302208
869,0.667257,-0.045051,-0.117987,-0.734042,44.116863,596.135254,66.309555
870,0.667248,-0.045005,-0.11802,-0.734047,44.1185,596.122864,66.318993
871,0.667208,-0.04497,-0.118072,-0.734077,44.12701,596.109497,66.329361
872,0.667156,-0.045051,-0.118077,-0.734119,44.14127,596.103577,66.338661
873,0.667141,-0.045107,-0.118023,-0.734138,44.160828,596.10022,66.344307
874,0.66713,-0.045039,-0.118012,-0.734155,44.170925,596.099487,66.345589
875,0.667102,-0.045035,-0.117983,-0.734185,44.175224,596.100037,66.347481
876,0.667092,-0.045066,-0.117939,-0.734199,44.178646,596.09436,66.350075
877,0.667066,-0.045048,-0.117962,-0.73422,44.176971,596.082825,66.354591
878,0.667059,-0.04503,-0.117965,-0.734227,44.174492,596.074036,66.355042
879,0.667074,-0.045001,-0.117967,-0.734214,44.171257,596.077454,66.351097
880,0.667114,-0.044995,-0.117934,-0.734184,44.168808,596.089844,66.34478
881,0.66715,-0.044992,-0.117949,-0.734149,44.169487,596.107483,66.336845
882,0.667179,-0.044965,-0.118013,-0.734114,44.169098,596.117859,66.330574
883,0.667218,-0.044953,-0.11805,-0.734073,44.167027,596.119934,66.32856
884,0.667223,-0.044986,-0.118093,-0.73406,44.16716,596.12384,66.33313
885,0.667238,-0.045002,-0.118089,-0.734046,44.169037,596.130249,66.330406
886,0.667275,-0.044952,-0.118066,-0.734019,44.16716,596.140503,66.319527
887,0.667283,-0.044925,-0.118086,-0.73401,44.162704,596.152527,66.308586
888,0.667304,-0.044922,-0.118061,-0.733995,44.160069,596.166565,66.293495
889,0.667361,-0.044894,-0.117975,-0.733959,44.1591,596.177612,66.281158
890,0.667419,-0.044889,-0.117956,-0.73391,44.15696,596.184021,66.273766
891,0.667446,-0.044857,-0.117997,-0.73388,44.152676,596.185913,66.26989
892,0.667444,-0.044831,-0.118048,-0.733876,44.147774,596.182922,66.271545
893,0.66743,-0.044831,-0.118111,-0.733878,44.141178,596.178406,66.275703
894,0.66743,-0.044879,-0.118141,-0.733871,44.131351,596.177917,66.281555
895,0.667448,-0.044911,-0.118135,-0.733853,44.12376,596.188171,66.281166
896,0.667478,-0.044913,-0.118078,-0.733835,44.120274,596.207336,66.268127
897,0.667513,-0.044961,-0.118037,-0.733806,44.116482,596.222168,66.256226
898,0.667499,-0.044948,-0.118067,-0.733816,44.108311,596.217896,66.257225
899,0.667466,-0.044871,-0.118112,-0.733843,44.102947,596.195435,66.265373
900,0.667444,-0.044823,-0.118147,-0.73386,44.095493,596.175964,66.269936
901,0.667399,-0.044806,-0.118193,-0.733895,44.088802,596.174866,66.268761
902,0.667408,-0.044833,-0.118146,-0.733893,44.100628,596.183044,66.261482
903,0.667447,-0.044865,-0.118025,-0.733874,44.111996,596.187195,66.257439
904,0.667429,-0.044845,-0.118094,-0.733881,44.116745,596.184204,66.262962
905,0.66743,-0.044819,-0.118165,-0.73387,44.123837,596.1828,66.264702
906,0.667471,-0.044859,-0.118089,-0.733843,44.132366,596.190186,66.260727
907,0.667485,-0.04493,-0.118073,-0.733828,44.133091,596.199707,66.255463
908,0.667487,-0.044881,-0.11811,-0.733823,44.11599,596.199646,66.250336
909,0.667499,-0.044802,-0.118148,-0.733811,44.095596,596.197571,66.24015
910,0.667515,-0.044865,-0.11814,-0.733794,44.085777,596.21167,66.225471
911,0.667545,-0.044945,-0.118069,-0.733773,44.086571,596.228149,66.213844
912,0.667546,-0.044924,-0.118111,-0.733767,44.087322,596.227539,66.21376
913,0.667519,-0.044881,-0.118261,-0.73377,44.086075,596.213989,66.23037
914,0.667535,-0.044854,-0.118308,-0.73375,44.101006,596.204773,66.243294
915,0.667584,-0.044892,-0.118242,-0.733713,44.123974,596.210815,66.24202
916,0.667601,-0.044904,-0.11822,-0.733701,44.132931,596.21936,66.239449
917,0.667581,-0.044891,-0.118267,-0.733712,44.124462,596.219055,66.238541
918,0.667593,-0.044873,-0.118304,-0.733696,44.113167,596.217163,66.230011
919,0.667622,-0.044862,-0.118303,-0.733671,44.100487,596.2323,66.211418
920,0.667675,-0.04491,-0.118217,-0.733634,44.081383,596.258667,66.187325
921,0.667712,-0.044878,-0.118181,-0.733608,44.058804,596.273926,66.169067
922,0.667727,-0.044789,-0.118226,-0.733592,44.032654,596.270142,66.163399
923,0.667707,-0.044787,-0.118297,-0.733599,44.018082,596.258423,66.170601
924,0.667699,-0.044767,-0.118326,-0.733602,44.025013,596.248779,66.179291
925,0.667745,-0.044747,-0.118329,-0.733562,44.041649,596.251831,66.182449
926,0.667783,-0.044821,-0.11835,-0.733519,44.063538,596.266846,66.18367
927,0.667808,-0.04486,-0.118463,-0.733476,44.08823,596.283264,66.181709
928,0.667836,-0.044857,-0.118498,-0.733444,44.106186,596.299744,66.179436
929,0.667878,-0.044869,-0.11847,-0.733411,44.117245,596.312561,66.172058
930,0.667932,-0.044889,-0.118433,-0.733366,44.121407,596.323792,66.160324
931,0.667959,-0.044904,-0.118376,-0.733349,44.118202,596.338501,66.150505
932,0.667967,-0.044904,-0.11836,-0.733345,44.109467,596.347656,66.141571
933,0.667964,-0.04486,-0.118351,-0.733352,44.096634,596.344421,66.140404
934,0.667948,-0.044798,-0.118395,-0.733363,44.094688,596.329346,66.151764
935,0.667928,-0.044761,-0.118461,-0.733373,44.102871,596.313721,66.164001
936,0.667923,-0.04476,-0.118457,-0.733378,44.110046,596.308594,66.168877
937,0.667923,-0.044813,-0.11843,-0.733379,44.11327,596.311951,66.171631
938,0.667909,-0.044869,-0.118451,-0.733385,44.110165,596.318115,66.174149
939,0.667885,-0.044864,-0.118457,-0.733407,44.104599,596.320129,66.17495
940,0.667865,-0.044874,-0.118423,-0.733429,44.104141,596.317261,66.174767
941,0.667835,-0.044895,-0.118389,-0.733461,44.107876,596.309692,66.179016
942,0.667785,-0.044868,-0.118381,-0.733509,44.109314,596.293396,66.184502
943,0.667733,-0.044855,-0.118365,-0.73356,44.110065,596.271484,66.194534
944,0.667692,-0.044859,-0.118352,-0.733599,44.114288,596.245667,66.213142
945,0.667661,-0.044824,-0.118366,-0.733627,44.121243,596.216797,66.231056
946,0.667629,-0.044788,-0.118383,-0.733656,44.124706,596.198181,66.242447
947,0.667635,-0.044808,-0.11837,-0.733651,44.130661,596.198303,66.243187
948,0.667668,-0.044831,-0.118336,-0.733626,44.14566,596.21228,66.236122
949,0.667706,-0.044811,-0.118345,-0.73359,44.158833,596.231323,66.226921
950,0.667758,-0.044821,-0.118349,-0.733542,44.174892,596.251221,66.217079
951,0.667789,-0.044856,-0.118334,-0.733514,44.19508,596.271423,66.207352
952,0.667815,-0.044901,-0.118349,-0.733486,44.208096,596.285828,66.193779
953,0.667854,-0.044933,-0.118357,-0.733446,44.213531,596.295227,66.179848
954,0.667867,-0.044877,-0.118341,-0.733441,44.217403,596.299622,66.169662
955,0.667865,-0.044843,-0.118331,-0.733446,44.221451,596.303833,66.164299
956,0.667898,-0.04482,-0.118311,-0.733421,44.233963,596.311584,66.161293
957,0.667933,-0.044833,-0.118266,-0.733395,44.258751,596.320923,66.155548
958,0.667942,-0.044869,-0.118228,-0.733391,44.283279,596.325012,66.159233
959,0.667949,-0.044839,-0.118226,-0.733387,44.302967,596.326111,66.165779
960,0.667954,-0.04485,-0.118203,-0.733385,44.314217,596.336487,66.167305
961,0.667978,-0.044909,-0.11818,-0.733364,44.318501,596.350342,66.162605
962,0.667997,-0.044898,-0.118169,-0.733349,44.310966,596.354736,66.155357
963,0.667978,-0.04486,-0.118173,-0.733368,44.29142,596.342834,66.15799
964,0.667931,-0.044849,-0.118247,-0.733399,44.266376,596.325806,66.162682
965,0.667914,-0.044855,-0.118224,-0.733419,44.248276,596.311951,66.165108
966,0.667874,-0.044838,-0.118219,-0.733456,44.238647,596.299072,66.17321
967,0.667841,-0.0448,-0.118243,-0.733485,44.226013,596.284607,66.184029
968,0.667792,-0.044811,-0.118284,-0.733522,44.215031,596.274109,66.196434
969,0.667765,-0.044835,-0.118313,-0.733541,44.22084,596.268677,66.204201
970,0.667789,-0.044834,-0.118292,-0.733522,44.231525,596.265564,66.208916
971,0.66779,-0.044835,-0.118274,-0.733524,44.241032,596.268066,66.206375
972,0.667785,-0.04485,-0.118231,-0.733534,44.254223,596.27356,66.199783
973,0.667773,-0.044893,-0.118162,-0.733554,44.264832,596.2771,66.196327
974,0.667745,-0.044869,-0.118155,-0.733582,44.269188,596.272583,66.197365
975,0.667721,-0.044839,-0.11815,-0.733607,44.266975,596.259583,66.203125
976,0.667685,-0.04484,-0.118188,-0.733633,44.259541,596.246094,66.209991
977,0.667665,-0.04482,-0.118181,-0.733654,44.243305,596.23584,66.214264
978,0.667654,-0.044828,-0.118158,-0.733667,44.229561,596.231506,66.21701
979,0.667663,-0.044786,-0.118156,-0.733662,44.231876,596.233459,66.216652
980,0.667658,-0.044779,-0.118168,-0.733665,44.239895,596.233582,66.220535
981,0.667637,-0.044793,-0.118206,-0.733677,44.249126,596.233032,66.223747
982,0.667654,-0.044779,-0.118165,-0.733669,44.261059,596.238953,66.219437
983,0.66769,-0.044806,-0.118101,-0.733644,44.27293,596.246094,66.210182
984,0.667705,-0.044816,-0.118122,-0.733627,44.271507,596.251831,66.202751
985,0.667699,-0.044808,-0.118175,-0.733624,44.26046,596.256226,66.196899
986,0.667693,-0.044777,-0.118202,-0.733628,44.257866,596.258789,66.19339
987,0.667683,-0.04479,-0.118161,-0.733643,44.250683,596.252686,66.196564
988,0.667647,-0.044833,-0.118182,-0.73367,44.242477,596.238464,66.206848
989,0.667627,-0.044803,-0.118181,-0.733689,44.241352,596.219055,66.218559
990,0.667597,-0.044794,-0.118131,-0.733726,44.240067,596.19928,66.232719
991,0.667565,-0.044769,-0.118129,-0.733756,44.240379,596.183777,66.242111
992,0.667549,-0.044765,-0.118141,-0.733769,44.24176,596.177246,66.242393
993,0.667578,-0.044797,-0.1181,-0.733748,44.237427,596.184082,66.235123
994,0.667608,-0.044806,-0.11814,-0.733713,44.238216,596.195679,66.226318
995,0.667609,-0.04481,-0.118215,-0.7337,44.244915,596.204712,66.221596
996,0.667625,-0.044824,-0.11819,-0.733688,44.251568,596.212585,66.217049
997,0.667646,-0.044811,-0.118149,-0.733677,44.255913,596.221802,66.209625
998,0.667652,-0.04484,-0.118138,-0.733672,44.255257,596.229004,66.206352
999,0.667657,-0.044858,-0.118123,-0.733668,44.24789,596.225891,66.208076
1000,0.667642,-0.044821,-0.118208,-0.73367,44.239433,596.221191,66.212914
1001,0.667642,-0.044803,-0.118242,-0.733666,44.235184,596.21936,66.215218
1002,0.667651,-0.044797,-0.118221,-0.733661,44.236923,596.218811,66.214737
1003,0.667658,-0.044781,-0.118194,-0.73366,44.241123,596.221069,66.215706
1004,0.667678,-0.044828,-0.118141,-0.733648,44.243134,596.222656,66.213608
1005,0.667676,-0.044838,-0.118159,-0.733647,44.243687,596.222839,66.21122
1006,0.667651,-0.044843,-0.118188,-0.733665,44.236385,596.224792,66.213608
1007,0.667626,-0.044877,-0.118155,-0.73369,44.227459,596.223694,66.213379
1008,0.667615,-0.044881,-0.118101,-0.733709,44.220158,596.214905,66.214355
1009,0.667563,-0.044863,-0.118121,-0.733754,44.206261,596.202515,66.221756
1010,0.667503,-0.044867,-0.118105,-0.733811,44.199482,596.186523,66.235374
1011,0.667486,-0.044822,-0.118048,-0.733838,44.203335,596.168884,66.248734
1012,0.667436,-0.044852,-0.118034,-0.733884,44.209091,596.145996,66.266754
1013,0.667334,-0.044882,-0.118099,-0.733964,44.207989,596.114075,66.289307
1014,0.667283,-0.044911,-0.118095,-0.73401,44.200153,596.090942,66.306114
1015,0.667258,-0.044952,-0.118064,-0.734035,44.19553,596.081787,66.312569
1016,0.667233,-0.044972,-0.117991,-0.734068,44.197762,596.079468,66.311531
1017,0.667201,-0.044965,-0.117946,-0.734105,44.195621,596.07196,66.313751
1018,0.667175,-0.044989,-0.117957,-0.734125,44.195599,596.056641,66.323837
1019,0.667116,-0.044999,-0.118013,-0.734169,44.208652,596.0401,66.33387
1020,0.667073,-0.045003,-0.118017,-0.734208,44.233551,596.032654,66.345093
1021,0.667053,-0.045068,-0.118006,-0.734223,44.259579,596.034668,66.35434
1022,0.667039,-0.045083,-0.11802,-0.734233,44.276314,596.033752,66.360634
1023,0.667053,-0.044998,-0.118069,-0.734218,44.273659,596.031067,66.362602
1024,0.667089,-0.044973,-0.118087,-0.734184,44.26664,596.042969,66.353882
1025,0.667158,-0.044983,-0.118011,-0.734133,44.276241,596.069824,66.337326
1026,0.667229,-0.044961,-0.117934,-0.734081,44.28651,596.097351,66.3181
1027,0.667244,-0.044933,-0.117983,-0.734062,44.287075,596.110107,66.306831
1028,0.667255,-0.044918,-0.118036,-0.734044,44.289341,596.119568,66.299919
1029,0.667302,-0.044951,-0.117999,-0.734005,44.294678,596.131836,66.286949
1030,0.667356,-0.044964,-0.117944,-0.733964,44.287815,596.148621,66.277115
1031,0.667414,-0.044935,-0.117975,-0.733908,44.26939,596.164856,66.267921
1032,0.667474,-0.044919,-0.117995,-0.733852,44.254288,596.179749,66.258713
1033,0.667523,-0.044914,-0.11799,-0.733808,44.240303,596.191711,66.24704
1034,0.667541,-0.044912,-0.118003,-0.73379,44.229343,596.19989,66.241104
1035,0.667538,-0.044936,-0.117974,-0.733795,44.224186,596.202148,66.243011
1036,0.667521,-0.044967,-0.117968,-0.73381,44.221706,596.197083,66.246063
1037,0.667477,-0.04497,-0.117939,-0.733854,44.219166,596.182312,66.259018
1038,0.667396,-0.044935,-0.117961,-0.733927,44.209763,596.150757,66.278183
1039,0.667274,-0.044962,-0.118047,-0.734023,44.194767,596.111816,66.302597
1040,0.667164,-0.044995,-0.118023,-0.734124,44.177635,596.07312,66.330223
1041,0.667032,-0.045009,-0.117994,-0.734248,44.169643,596.035034,66.352509
1042,0.666859,-0.045061,-0.117937,-0.734411,44.173702,595.992371,66.383286
1043,0.666623,-0.04508,-0.117962,-0.73462,44.172207,595.93866,66.429611
1044,0.666348,-0.045036,-0.118079,-0.734853,44.180107,595.872253,66.477303
1045,0.666118,-0.044951,-0.118054,-0.735072,44.189884,595.80249,66.524048
1046,0.665877,-0.044969,-0.117948,-0.735305,44.18531,595.735352,66.572281
1047,0.665643,-0.045061,-0.117768,-0.735541,44.182129,595.67926,66.616547
1048,0.665454,-0.045134,-0.117575,-0.735738,44.190033,595.624756,66.6548
1049,0.665223,-0.045168,-0.117435,-0.735967,44.193344,595.553101,66.702995
1050,0.664914,-0.045125,-0.117427,-0.73625,44.184059,595.479858,66.758682
1051,0.664696,-0.045219,-0.117131,-0.736488,44.197151,595.407166,66.807869
1052,0.664479,-0.045246,-0.116869,-0.736724,44.222237,595.351074,66.851479
1053,0.664278,-0.045261,-0.11674,-0.736925,44.242046,595.301758,66.894409
1054,0.664089,-0.045357,-0.116641,-0.737105,44.261887,595.244507,66.944962
1055,0.663872,-0.045396,-0.116578,-0.737308,44.281849,595.179321,66.994675
1056,0.663611,-0.04548,-0.116431,-0.737561,44.30957,595.108093,67.049179
1057,0.663342,-0.045534,-0.116376,-0.737808,44.332657,595.053345,67.102493
1058,0.66313,-0.04564,-0.116291,-0.738006,44.362263,595.005676,67.139984
1059,0.662832,-0.045668,-0.116242,-0.738279,44.387321,594.944397,67.187012
1060,0.662443,-0.045589,-0.116421,-0.738604,44.399582,594.857544,67.252869
1061,0.662091,-0.045512,-0.116448,-0.738921,44.418579,594.760681,67.331505
1062,0.661768,-0.045565,-0.116339,-0.739224,44.442257,594.652893,67.405823
1063,0.661429,-0.045722,-0.11614,-0.739549,44.427494,594.482239,67.495361
1064,0.661053,-0.045439,-0.116364,-0.739867,44.325523,594.190186,67.629333
1065,0.660628,-0.044688,-0.117208,-0.74016,44.153542,593.730835,67.804634
1066,0.659912,-0.043761,-0.118246,-0.740689,43.921261,593.127441,68.031433
1067,0.658993,-0.042487,-0.119386,-0.741397,43.67852,592.598999,68.270836
1068,0.658355,-0.042288,-0.11935,-0.741981,43.626205,592.288086,68.406281
1069,0.658041,-0.043047,-0.11848,-0.742356,43.710743,592.160339,68.474632
1070,0.6575,-0.043208,-0.118121,-0.742882,43.727734,592.05835,68.566811
1071,0.656983,-0.042814,-0.118395,-0.743319,43.683899,591.881836,68.662392
1072,0.656452,-0.042708,-0.118383,-0.743796,43.693104,591.704956,68.770638
1073,0.656081,-0.042911,-0.118093,-0.744157,43.751896,591.59137,68.86338
1074,0.655675,-0.043112,-0.117813,-0.744548,43.822014,591.505554,68.958923
1075,0.655237,-0.04323,-0.117621,-0.744957,43.881073,591.379578,69.060646
1076,0.6547,-0.043149,-0.117583,-0.74544,43.910263,591.199951,69.181259
1077,0.654059,-0.043114,-0.117464,-0.746023,43.938255,591.034424,69.314804
1078,0.6536,-0.043295,-0.117178,-0.74646,43.994957,590.917969,69.392845
1079,0.653077,-0.043602,-0.116677,-0.746978,44.05138,590.81189,69.478928
1080,0.652499,-0.043789,-0.116403,-0.747514,44.064022,590.658569,69.59024
1081,0.651903,-0.043737,-0.116423,-0.748034,44.065365,590.460571,69.709732
1082,0.651193,-0.043772,-0.116342,-0.748663,44.115051,590.269958,69.850296
1083,0.650551,-0.04398,-0.115923,-0.749274,44.195251,590.091064,69.978592
1084,0.649775,-0.044068,-0.11561,-0.74999,44.242249,589.869995,70.138443
1085,0.649172,-0.044524,-0.11554,-0.750495,44.252911,589.636292,70.345886
1086,0.648805,-0.044984,-0.114996,-0.750869,44.226551,589.286316,70.558044
1087,0.647819,-0.043841,-0.115478,-0.751714,44.008301,588.66626,70.779846
1088,0.64658,-0.042559,-0.117121,-0.752599,43.677807,587.886597,71.080658
1089,0.645254,-0.041754,-0.118097,-0.753629,43.434361,587.003174,71.397888
1090,0.643954,-0.040262,-0.119307,-0.754631,43.16798,586.3255,71.684593
1091,0.642976,-0.040055,-0.119266,-0.755482,43.112221,585.916504,71.88665
1092,0.64238,-0.041055,-0.118093,-0.756119,43.203571,585.647278,72.012428
1093,0.6413,-0.040884,-0.11814,-0.757038,43.174656,585.400696,72.172195
1094,0.640331,-0.040677,-0.118104,-0.757874,43.168079,585.118835,72.343933
1095,0.639636,-0.040875,-0.117797,-0.758498,43.236652,584.867493,72.489563
1096,0.638916,-0.040883,-0.11779,-0.759105,43.281765,584.662781,72.626335
1097,0.638226,-0.041034,-0.117723,-0.759687,43.340443,584.478455,72.768715
1098,0.637658,-0.041079,-0.117564,-0.760187,43.420235,584.296875,72.876518
1099,0.637061,-0.041089,-0.117367,-0.760717,43.465145,584.111389,72.997887
1100,0.636277,-0.041334,-0.116926,-0.761427,43.505371,583.925232,73.14666
1101,0.635703,-0.041606,-0.116629,-0.761937,43.557022,583.723083,73.245926
1102,0.635002,-0.041531,-0.116421,-0.762557,43.565216,583.499084,73.373764
1103,0.634289,-0.041264,-0.116339,-0.763178,43.524765,583.25647,73.517166
1104,0.634089,-0.04138,-0.116159,-0.763365,43.492207,582.998474,73.597923
1105,0.634175,-0.041972,-0.115623,-0.763343,43.479004,582.721741,73.653107
1106,0.633671,-0.042292,-0.115174,-0.763811,43.420338,582.390259,73.813438
1107,0.632409,-0.041222,-0.115696,-0.764836,43.29594,582.074463,74.039635
1108,0.63214,-0.041526,-0.115074,-0.765136,43.326111,581.803162,74.108986
1109,0.631296,-0.042411,-0.114128,-0.765925,43.41267,581.546448,74.285065
1110,0.63042,-0.041664,-0.114738,-0.766596,43.294853,581.263367,74.437401
1111,0.629595,-0.041633,-0.114721,-0.767278,43.271183,580.916077,74.572556
1112,0.629482,-0.042155,-0.114187,-0.767422,43.333599,580.608032,74.613174
1113,0.629561,-0.041917,-0.114131,-0.767379,43.333828,580.356567,74.624855
1114,0.628375,-0.041835,-0.114062,-0.768365,43.365673,580.106934,74.822685
1115,0.627835,-0.0417,-0.113828,-0.768848,43.378258,579.91272,74.916222
1116,0.627152,-0.042365,-0.113168,-0.769466,43.494068,579.717163,75.036705
1117,0.626117,-0.042646,-0.113086,-0.770305,43.568089,579.47998,75.213089
1118,0.625536,-0.042029,-0.113528,-0.770746,43.542744,579.237183,75.31768
1119,0.62443,-0.042083,-0.113061,-0.771708,43.634125,579.014343,75.509445
1120,0.624082,-0.042589,-0.11234,-0.772067,43.729633,578.869751,75.573456
1121,0.623435,-0.043002,-0.111689,-0.772661,43.82877,578.720886,75.682152
1122,0.62312,-0.043496,-0.110923,-0.772998,43.90144,578.447205,75.74929
1123,0.622207,-0.04274,-0.111645,-0.773671,43.79425,577.987488,75.898186
1124,0.620685,-0.041486,-0.113005,-0.774764,43.632797,577.450928,76.166397
1125,0.620382,-0.041829,-0.112933,-0.774998,43.639473,577.060852,76.253105
1126,0.619457,-0.042579,-0.111917,-0.775844,43.759888,576.900269,76.422447
1127,0.618845,-0.042763,-0.111464,-0.776388,43.807583,576.746338,76.517807
1128,0.618014,-0.042754,-0.111436,-0.777054,43.810097,576.498352,76.641754
1129,0.616977,-0.042728,-0.111373,-0.777888,43.829201,576.226929,76.817215
1130,0.61649,-0.042734,-0.111236,-0.778293,43.883598,576.022766,76.918678
1131,0.615659,-0.043165,-0.110804,-0.778989,44.009968,575.863159,77.08313
1132,0.615232,-0.043242,-0.110738,-0.779331,44.066242,575.701294,77.158592
1133,0.61433,-0.04303,-0.110876,-0.780035,44.096165,575.495605,77.301147
1134,0.613747,-0.042966,-0.110645,-0.78053,44.137558,575.285828,77.414253
1135,0.613358,-0.043065,-0.11028,-0.780882,44.188923,575.155518,77.481087
1136,0.612626,-0.043717,-0.109588,-0.781517,44.299961,575.043457,77.605545
1137,0.612356,-0.043886,-0.109352,-0.781752,44.331333,574.886475,77.641129
1138,0.611395,-0.043333,-0.109732,-0.782481,44.318615,574.694519,77.781158
1139,0.610796,-0.043296,-0.109559,-0.782976,44.360687,574.538208,77.870934
1140,0.610472,-0.043855,-0.108835,-0.783298,44.461803,574.448364,77.933609
1141,0.610109,-0.044368,-0.108198,-0.78364,44.587448,574.450989,78.023041
1142,0.610719,-0.045786,-0.106484,-0.783318,44.788635,574.47937,77.966026
1143,0.610542,-0.046572,-0.105418,-0.783554,44.852974,574.178345,77.944717
1144,0.609699,-0.045202,-0.107087,-0.784064,44.5494,573.60376,78.059578
1145,0.608171,-0.043602,-0.108674,-0.785122,44.303867,572.833557,78.28363
1146,0.607732,-0.043123,-0.109249,-0.785409,44.147312,571.971924,78.380974
1147,0.606234,-0.041215,-0.110819,-0.786448,43.834213,571.136719,78.615295
1148,0.604898,-0.040063,-0.111929,-0.787379,43.626465,570.385315,78.793388
1149,0.604364,-0.040087,-0.112116,-0.787761,43.594975,569.806458,78.867302
1150,0.602951,-0.039617,-0.111886,-0.788899,43.557262,569.51355,79.081787
1151,0.602413,-0.040462,-0.110735,-0.78943,43.670826,569.336914,79.163757
1152,0.601567,-0.041493,-0.109617,-0.790177,43.839699,569.129639,79.316216
1153,0.60041,-0.041008,-0.110014,-0.791026,43.804955,568.765991,79.492393
1154,0.599188,-0.040318,-0.110621,-0.791904,43.77121,568.403625,79.689789
1155,0.598337,-0.04093,-0.109654,-0.79265,43.923866,568.15332,79.852478
1156,0.597936,-0.041576,-0.109062,-0.793001,44.022518,567.979187,79.920319
1157,0.596676,-0.041506,-0.109184,-0.793936,44.019917,567.752747,80.112274
1158,0.596199,-0.04159,-0.108865,-0.794333,44.02187,567.460571,80.170677
1159,0.595372,-0.04159,-0.108449,-0.79501,44.059776,567.256958,80.278648
1160,0.594399,-0.041909,-0.108117,-0.795766,44.128487,567.078064,80.417297
1161,0.593984,-0.042214,-0.107871,-0.796094,44.186203,566.900879,80.472084
1162,0.592949,-0.04221,-0.107733,-0.796884,44.231033,566.670593,80.62133
1163,0.59221,-0.041986,-0.107778,-0.797439,44.247478,566.44165,80.729935
1164,0.591372,-0.042164,-0.107486,-0.79809,44.324554,566.248535,80.847794
1165,0.590751,-0.042787,-0.106735,-0.798618,44.430904,566.105347,80.94001
1166,0.59013,-0.042857,-0.106523,-0.799101,44.48785,565.956543,81.02935
1167,0.589245,-0.042913,-0.106487,-0.799756,44.539383,565.733521,81.155823
1168,0.58865,-0.042844,-0.106577,-0.800185,44.561508,565.523804,81.245888
1169,0.587696,-0.042936,-0.106453,-0.800898,44.638763,565.337158,81.387863
1170,0.587042,-0.043209,-0.105979,-0.801425,44.714645,565.117859,81.469833
1171,0.586223,-0.043018,-0.105771,-0.802063,44.714211,564.847351,81.581383
1172,0.585112,-0.04306,-0.105776,-0.802871,44.744289,564.56842,81.74147
1173,0.584436,-0.043737,-0.105222,-0.803399,44.853336,564.304321,81.852455
1174,0.583232,-0.043606,-0.105092,-0.804298,44.923859,564.031067,82.02063
1175,0.582283,-0.0436,-0.105031,-0.804993,44.946545,563.729004,82.151329
1176,0.581445,-0.043795,-0.104759,-0.805624,44.966736,563.338501,82.266243
1177,0.580308,-0.043379,-0.105048,-0.806428,44.889523,562.734131,82.39431
1178,0.579043,-0.041906,-0.106465,-0.807229,44.668846,562.012207,82.5392
1179,0.577767,-0.041264,-0.106996,-0.808106,44.510334,561.280884,82.67186
1180,0.576665,-0.040851,-0.10739,-0.808861,44.437218,560.644592,82.78392
1181,0.575146,-0.03994,-0.108079,-0.809896,44.364464,560.209045,82.989532
1182,0.574289,-0.040666,-0.106977,-0.810614,44.506668,559.95166,83.108208
1183,0.573695,-0.041795,-0.105631,-0.811153,44.706459,559.838318,83.206116
1184,0.573362,-0.042636,-0.104611,-0.811477,44.853252,559.750122,83.253632
1185,0.573351,-0.04397,-0.103492,-0.811557,44.995361,559.472656,83.203537
1186,0.571454,-0.042414,-0.104648,-0.812829,44.850639,559.091919,83.45752
1187,0.570681,-0.041644,-0.104936,-0.813374,44.733589,558.71051,83.541
1188,0.570676,-0.043476,-0.10309,-0.813518,44.947826,558.357605,83.518188
1189,0.570943,-0.043678,-0.10254,-0.813389,44.994122,557.967163,83.424858
1190,0.570046,-0.042915,-0.103267,-0.813967,44.825439,557.28125,83.448769
1191,0.567337,-0.040538,-0.105032,-0.815753,44.531296,556.515442,83.773125
1192,0.567468,-0.040577,-0.104951,-0.815671,44.443821,555.880676,83.678879
1193,0.565686,-0.040945,-0.104676,-0.816925,44.490417,555.212524,83.891739
1194,0.564393,-0.039142,-0.106205,-0.817709,44.267574,554.784668,84.048126
1195,0.563694,-0.03997,-0.105455,-0.818248,44.378693,554.501038,84.125534
1196,0.562759,-0.041601,-0.103975,-0.819,44.643677,554.30658,84.284927
1197,0.562266,-0.040458,-0.104835,-0.819286,44.547634,554.065247,84.33564
1198,0.560559,-0.040422,-0.104923,-0.820445,44.581089,553.650513,84.578949
1199,0.560317,-0.041002,-0.104419,-0.820646,44.684044,553.408508,84.605652
1200,0.559358,-0.041206,-0.10393,-0.821352,44.786549,553.204102,84.731255
1201,0.558228,-0.041138,-0.103789,-0.822142,44.824619,552.960205,84.875298
1202,0.557934,-0.041165,-0.103842,-0.822333,44.821815,552.705383,84.86219
1203,0.556332,-0.041198,-0.103508,-0.823458,44.890141,552.414307,85.065742
1204,0.555821,-0.041237,-0.103238,-0.823835,44.899612,552.160889,85.10627
1205,0.554733,-0.041621,-0.102905,-0.82459,44.954174,551.875366,85.236084
1206,0.553784,-0.041987,-0.102646,-0.825242,45.015373,551.626404,85.354225
1207,0.553539,-0.042254,-0.102145,-0.825455,45.087704,551.444397,85.396027
1208,0.553017,-0.043216,-0.101002,-0.825895,45.258236,551.252502,85.502724
1209,0.552413,-0.043594,-0.100534,-0.826337,45.288342,550.965454,85.58197
1210,0.550704,-0.04303,-0.100998,-0.827449,45.224628,550.559326,85.795326
1211,0.549986,-0.043526,-0.100586,-0.827951,45.317669,550.094543,85.851791
1212,0.548607,-0.043246,-0.100565,-0.828883,45.33316,549.601685,85.998062
1213,0.547163,-0.042179,-0.10149,-0.829779,45.22121,549.130188,86.165245
1214,0.546561,-0.042787,-0.101201,-0.83018,45.278862,548.723572,86.215195
1215,0.545452,-0.043255,-0.100694,-0.830947,45.351318,548.40448,86.350632
1216,0.544413,-0.042899,-0.100737,-0.831641,45.325638,548.124329,86.47168
1217,0.543311,-0.043606,-0.100075,-0.832404,45.42334,547.766052,86.594788
1218,0.542145,-0.044073,-0.099607,-0.833196,45.494316,547.437866,86.724365
1219,0.540894,-0.043883,-0.099678,-0.83401,45.496658,547.078979,86.848099
1220,0.53989,-0.043872,-0.099507,-0.834681,45.486385,546.605652,86.939682
1221,0.53908,-0.0431,-0.099974,-0.835189,45.343071,545.959106,86.968567
1222,0.537538,-0.041275,-0.10143,-0.836099,45.048557,545.210266,87.077538
1223,0.536416,-0.040215,-0.102263,-0.836769,44.839062,544.477173,87.135933
1224,0.535488,-0.039866,-0.10256,-0.837344,44.715317,543.80072,87.152802
1225,0.534622,-0.039069,-0.102634,-0.837925,44.575439,543.259705,87.188156
1226,0.535254,-0.039708,-0.101476,-0.837633,44.652855,542.875,86.914604
1227,0.536404,-0.041396,-0.099158,-0.837093,44.875633,542.457581,86.441444
1228,0.535116,-0.039742,-0.099828,-0.837918,44.803143,542.016479,86.396164
1229,0.533495,-0.039154,-0.100239,-0.838929,44.715794,541.611145,86.526505
1230,0.532666,-0.040929,-0.098516,-0.839575,44.881447,541.324402,86.608963
1231,0.531708,-0.041275,-0.097613,-0.840271,44.946316,541.070557,86.695595
1232,0.530275,-0.0403,-0.097922,-0.841187,44.887058,540.73407,86.827103
1233,0.529369,-0.040511,-0.097797,-0.841762,44.919735,540.40564,86.891541
1234,0.528202,-0.041167,-0.097077,-0.842546,45.024754,540.101318,86.996605
1235,0.527044,-0.041305,-0.096593,-0.84332,45.076782,539.77655,87.114777
1236,0.525829,-0.040931,-0.096505,-0.844106,45.075607,539.426697,87.208092
1237,0.524678,-0.041188,-0.096118,-0.844854,45.129414,539.08313,87.302429
1238,0.52369,-0.041357,-0.095758,-0.845499,45.146671,538.773254,87.386566
1239,0.522569,-0.041285,-0.095337,-0.846244,45.138947,538.472961,87.494164
1240,0.521583,-0.04161,-0.094772,-0.846899,45.167309,538.195496,87.560013
1241,0.520374,-0.042054,-0.094296,-0.847674,45.184841,537.856201,87.650681
1242,0.518955,-0.041856,-0.094236,-0.848559,45.160568,537.424927,87.761536
1243,0.517589,-0.041524,-0.09397,-0.849439,45.134018,536.957275,87.84832
1244,0.516202,-0.041507,-0.093676,-0.850316,45.144012,536.454224,87.936752
1245,0.514849,-0.041239,-0.093787,-0.851137,45.103134,535.927734,88.035332
1246,0.513545,-0.041002,-0.093851,-0.851929,45.05518,535.370178,88.108589
1247,0.512188,-0.040618,-0.093815,-0.852767,44.987137,534.815796,88.163193
1248,0.510773,-0.039914,-0.093807,-0.85365,44.883457,534.31012,88.247093
1249,0.509456,-0.03999,-0.093391,-0.854478,44.876629,533.896057,88.345734
1250,0.508348,-0.040626,-0.09266,-0.855188,44.949139,533.574524,88.427696
1251,0.507055,-0.040609,-0.092303,-0.855995,44.985016,533.2453,88.522064
1252,0.505782,-0.040545,-0.092014,-0.856781,44.950481,532.859192,88.59845
1253,0.504482,-0.0406,-0.091746,-0.857573,44.933407,532.455444,88.689194
1254,0.503752,-0.041132,-0.091142,-0.858042,44.991226,532.108521,88.741173
1255,0.504074,-0.042318,-0.08997,-0.857918,45.091011,531.811218,88.680328
1256,0.504028,-0.043352,-0.088825,-0.858013,45.113018,531.418274,88.634605
1257,0.502182,-0.04241,-0.089236,-0.859099,44.97184,530.851196,88.731445
1258,0.500682,-0.041242,-0.090089,-0.859942,44.820808,530.331665,88.81369
1259,0.499688,-0.042231,-0.088919,-0.860594,44.90527,529.944092,88.863609
1260,0.498473,-0.042621,-0.088132,-0.86136,44.978775,529.661194,88.952072
1261,0.497434,-0.042283,-0.088058,-0.861985,44.918819,529.339905,89.00383
1262,0.496121,-0.042375,-0.087877,-0.862755,44.920975,528.989746,89.082344
1263,0.495433,-0.042796,-0.087175,-0.863201,44.966904,528.757629,89.105591
1264,0.494363,-0.04295,-0.086627,-0.863861,45.005592,528.488098,89.176628
1265,0.493452,-0.042611,-0.086675,-0.864394,44.981827,528.199463,89.221718
1266,0.49268,-0.042608,-0.086653,-0.864837,44.975964,527.944092,89.245316
1267,0.491645,-0.042863,-0.086268,-0.865451,44.99699,527.686401,89.303902
1268,0.491073,-0.042951,-0.085737,-0.865825,44.974888,527.443115,89.320068
1269,0.49007,-0.042916,-0.08556,-0.866412,44.947666,527.181946,89.393867
1270,0.489227,-0.043001,-0.085347,-0.866904,44.960793,526.938477,89.428513
1271,0.488362,-0.043012,-0.085064,-0.86742,44.966721,526.673584,89.462242
1272,0.487257,-0.042777,-0.08485,-0.868073,44.945908,526.379822,89.535957
1273,0.486507,-0.04303,-0.084324,-0.868533,44.950516,526.092224,89.549667
1274,0.485434,-0.043234,-0.083867,-0.869167,44.961872,525.737,89.596733
1275,0.484384,-0.043007,-0.083758,-0.869774,44.918926,525.35144,89.637787
1276,0.483349,-0.042914,-0.083655,-0.870364,44.880695,524.926086,89.663551
1277,0.482143,-0.042759,-0.083605,-0.871045,44.825863,524.468872,89.681526
1278,0.48104,-0.042331,-0.08376,-0.871661,44.706543,524.011169,89.713112
1279,0.48033,-0.042568,-0.083368,-0.872078,44.649048,523.602966,89.811714
1280,0.480076,-0.043839,-0.082477,-0.87224,44.690075,523.277588,89.858955
1281,0.478584,-0.043393,-0.082215,-0.873107,44.603756,522.905823,89.947723
1282,0.477158,-0.043056,-0.081925,-0.873931,44.514328,522.482971,90.011665
1283,0.475823,-0.044005,-0.081026,-0.874695,44.600285,522.014282,90.063637
1284,0.474597,-0.043834,-0.080807,-0.875389,44.564587,521.522461,90.10791
1285,0.473982,-0.043397,-0.080886,-0.875737,44.465858,520.960083,90.076736
1286,0.472879,-0.043869,-0.080428,-0.876352,44.419014,520.387695,90.08326
1287,0.471659,-0.043832,-0.080284,-0.877024,44.340759,519.827515,90.079666
1288,0.470105,-0.043059,-0.080622,-0.877865,44.202427,519.215271,90.108994
1289,0.468836,-0.042537,-0.080651,-0.878567,44.105526,518.645996,90.119003
1290,0.467699,-0.042827,-0.080135,-0.879205,44.076122,518.1297,90.098152
1291,0.465934,-0.042002,-0.080753,-0.880125,43.967064,517.64447,90.186157
1292,0.464891,-0.042113,-0.080366,-0.880706,43.952911,517.277832,90.2174
1293,0.463995,-0.042792,-0.079491,-0.881225,44.05125,516.957214,90.250938
1294,0.462777,-0.042472,-0.07947,-0.881884,44.034332,516.645325,90.331787
1295,0.461782,-0.04247,-0.079446,-0.882407,44.002892,516.279419,90.343575
1296,0.460613,-0.042884,-0.078983,-0.883039,44.05978,515.962341,90.405212
1297,0.459523,-0.043168,-0.078604,-0.883627,44.116859,515.677734,90.441032
1298,0.458381,-0.043315,-0.07835,-0.884235,44.142975,515.359436,90.493141
1299,0.45713,-0.043332,-0.078238,-0.884892,44.179405,515.021484,90.557648
1300,0.456132,-0.043687,-0.077793,-0.885428,44.235191,514.677856,90.609558
1301,0.45484,-0.043702,-0.077535,-0.886114,44.258446,514.307251,90.666534
1302,0.453789,-0.043728,-0.077435,-0.886661,44.247486,513.886963,90.660255
1303,0.452706,-0.043415,-0.077453,-0.887228,44.165745,513.356201,90.60363
1304,0.452586,-0.043089,-0.07723,-0.887324,44.054844,512.821411,90.395653
1305,0.452986,-0.043269,-0.076753,-0.887153,43.994339,512.153137,90.072266
1306,0.450498,-0.040917,-0.077987,-0.888423,43.597771,511.256805,90.099922
1307,0.448682,-0.038924,-0.079087,-0.889334,43.206444,510.510864,90.036263
1308,0.448157,-0.041034,-0.077809,-0.889616,43.306797,509.810699,89.794312
1309,0.445782,-0.039227,-0.078438,-0.890835,43.083992,509.149536,89.893616
1310,0.444662,-0.037526,-0.079324,-0.891389,42.814407,508.610901,89.81311
1311,0.443458,-0.039387,-0.078015,-0.892024,42.960999,508.035645,89.75267
1312,0.44199,-0.038355,-0.078506,-0.892754,42.846741,507.664551,89.804871
1313,0.440857,-0.037722,-0.07848,-0.893344,42.784954,507.312531,89.795807
1314,0.439711,-0.039086,-0.077037,-0.893975,42.981079,507.01947,89.875557
1315,0.438996,-0.039275,-0.076734,-0.894344,42.985565,506.755463,89.863289
1316,0.437364,-0.038855,-0.076895,-0.895148,42.887417,506.355988,89.93898
1317,0.436389,-0.039033,-0.076499,-0.89565,42.894871,506.022217,89.960243
1318,0.4355,-0.039305,-0.075925,-0.896119,42.93203,505.798584,89.968979
1319,0.4344,-0.039717,-0.075282,-0.896689,42.970901,505.615601,90.049454
1320,0.434556,-0.041337,-0.074046,-0.896644,43.110241,505.491272,89.983498
1321,0.433486,-0.042171,-0.072895,-0.897217,43.184093,505.21344,90.007385
1322,0.431659,-0.040755,-0.073279,-0.898131,43.045086,504.808136,90.06633
1323,0.430578,-0.040815,-0.073068,-0.898665,43.007683,504.376068,90.02684
1324,0.428999,-0.041833,-0.072399,-0.899427,43.125801,503.97403,90.089088
1325,0.428098,-0.041922,-0.072178,-0.899869,43.141582,503.663361,90.102554
1326,0.426716,-0.041651,-0.071838,-0.900566,43.120274,503.297333,90.16774
1327,0.425627,-0.041963,-0.071465,-0.901096,43.148754,502.949402,90.163811
1328,0.424525,-0.042183,-0.071218,-0.901625,43.168499,502.672089,90.203766
1329,0.42325,-0.042601,-0.070768,-0.90224,43.205929,502.33905,90.24572
1330,0.422346,-0.042384,-0.070527,-0.902692,43.197224,502.062073,90.241447
1331,0.420934,-0.042456,-0.070103,-0.903381,43.248539,501.794983,90.315979
1332,0.420561,-0.043909,-0.06911,-0.903562,43.460449,501.668091,90.328796
1333,0.420731,-0.045802,-0.067755,-0.903491,43.695423,501.54715,90.22937
1334,0.42081,-0.046255,-0.066899,-0.903495,43.708866,501.257172,89.997566
1335,0.420297,-0.046096,-0.066459,-0.903775,43.573635,500.758698,89.805687
1336,0.417713,-0.044912,-0.066879,-0.905001,43.433353,500.265137,89.935608
1337,0.416997,-0.045742,-0.066184,-0.90534,43.502136,499.974182,89.872391
1338,0.415365,-0.047062,-0.064759,-0.906125,43.667217,499.61496,89.929268
1339,0.413774,-0.046339,-0.064658,-0.906898,43.543217,499.149292,89.940887
1340,0.412385,-0.045692,-0.064901,-0.907546,43.429615,498.664124,89.920692
1341,0.410449,-0.046733,-0.063585,-0.908463,43.560371,498.2323,89.991974
1342,0.409652,-0.04735,-0.062792,-0.908846,43.642551,497.942139,89.924812
1343,0.407418,-0.04695,-0.062563,-0.909886,43.592407,497.504517,90.023346
1344,0.406209,-0.047671,-0.061835,-0.910439,43.605827,497.123871,89.972572
1345,0.40465,-0.048348,-0.06097,-0.911155,43.704945,496.711609,89.990524
1346,0.40266,-0.047894,-0.060667,-0.912081,43.691299,496.184814,90.047325
1347,0.401448,-0.047748,-0.060524,-0.912632,43.628136,495.616394,89.950874
1348,0.399148,-0.047996,-0.06022,-0.913647,43.592747,494.903015,89.945091
1349,0.397649,-0.047312,-0.060145,-0.914341,43.437607,494.221497,89.840874
1350,0.395567,-0.046911,-0.059987,-0.915275,43.333866,493.471832,89.770592
1351,0.394082,-0.047115,-0.059565,-0.915932,43.289413,492.807129,89.651573
1352,0.393315,-0.047351,-0.059387,-0.916261,43.236927,492.239105,89.477135
1353,0.392,-0.047681,-0.058782,-0.916846,43.227818,491.640564,89.386765
1354,0.391151,-0.048328,-0.058215,-0.917211,43.281189,491.224579,89.295029
1355,0.389223,-0.049406,-0.056917,-0.918055,43.376637,490.775116,89.325928
1356,0.387107,-0.04942,-0.056617,-0.918967,43.369965,490.248596,89.340744
1357,0.385604,-0.049475,-0.05625,-0.919618,43.324257,489.760681,89.274353
1358,0.383198,-0.04988,-0.0553,-0.920659,43.374046,489.200165,89.326653
1359,0.38189,-0.050362,-0.054599,-0.921218,43.410694,488.741455,89.24691
1360,0.379498,-0.050621,-0.054336,-0.922207,43.447845,488.243225,89.316322
1361,0.378032,-0.051557,-0.05336,-0.922814,43.545784,487.822235,89.285728
1362,0.376419,-0.051902,-0.052523,-0.923502,43.633541,487.448456,89.295258
1363,0.37456,-0.052354,-0.05163,-0.924283,43.721294,487.049408,89.361435
1364,0.373507,-0.053475,-0.050805,-0.92469,43.775768,486.623291,89.252403
1365,0.37168,-0.053275,-0.05038,-0.925461,43.658062,485.996246,89.144829
1366,0.369674,-0.051931,-0.050627,-0.926327,43.454609,485.341949,89.010101
1367,0.36779,-0.051852,-0.050146,-0.927107,43.298809,484.557373,88.793091
1368,0.366123,-0.050739,-0.050617,-0.927803,43.052628,483.774597,88.560829
1369,0.36412,-0.04943,-0.050609,-0.928661,42.827717,483.051758,88.40258
1370,0.36282,-0.050403,-0.049856,-0.929158,42.872688,482.47876,88.220093
1371,0.361636,-0.05143,-0.048662,-0.929627,42.954281,482.076141,88.154716
1372,0.359682,-0.052445,-0.047749,-0.930376,43.087891,481.716278,88.198753
1373,0.357961,-0.053547,-0.046863,-0.931021,43.187862,481.198883,88.12635
1374,0.355387,-0.052625,-0.046367,-0.932084,43.04496,480.560181,88.111763
1375,0.353293,-0.052691,-0.045686,-0.93291,42.939018,479.845062,87.936676
1376,0.351426,-0.052659,-0.045641,-0.933619,42.88641,479.113892,87.756119
1377,0.350544,-0.0527,-0.045175,-0.93397,42.871758,478.531097,87.543922
1378,0.34877,-0.054426,-0.043917,-0.934596,42.957054,477.972168,87.364311
1379,0.345607,-0.053914,-0.043576,-0.935815,42.902546,477.336639,87.438271
1380,0.344481,-0.053977,-0.043291,-0.93624,42.822269,476.770569,87.215752
1381,0.341748,-0.054435,-0.042654,-0.937244,42.863735,476.057892,87.170227
1382,0.339766,-0.053994,-0.042526,-0.937995,42.823078,475.503967,87.073166
1383,0.337926,-0.055039,-0.041738,-0.938634,42.863857,474.892975,86.953796
1384,0.335889,-0.055613,-0.040789,-0.939373,42.901844,474.240295,86.802696
1385,0.334775,-0.055657,-0.040282,-0.93979,42.855034,473.660858,86.549072
1386,0.331834,-0.05558,-0.040094,-0.940845,42.838856,472.955017,86.518723
1387,0.330258,-0.055833,-0.039596,-0.941406,42.821548,472.445953,86.41143
1388,0.327754,-0.056752,-0.038616,-0.942266,42.891567,471.882813,86.388161
1389,0.325699,-0.057148,-0.037816,-0.942987,42.880745,471.309601,86.288078
1390,0.323456,-0.056961,-0.037457,-0.943784,42.833363,470.670868,86.184273
1391,0.3209,-0.057268,-0.036904,-0.94466,42.844154,470.037262,86.100578
1392,0.319177,-0.05786,-0.036302,-0.94523,42.862572,469.477081,85.971016
1393,0.316387,-0.057875,-0.035728,-0.946189,42.843487,468.848572,85.907295
1394,0.314546,-0.057867,-0.035256,-0.94682,42.815277,468.301117,85.751762
1395,0.312384,-0.058097,-0.034671,-0.947544,42.782154,467.667572,85.618889
1396,0.310195,-0.057473,-0.034629,-0.948302,42.67469,467.041107,85.462669
1397,0.308583,-0.057235,-0.034458,-0.948849,42.564434,466.43222,85.230164
1398,0.30738,-0.05786,-0.033699,-0.949228,42.509899,465.841583,84.965569
1399,0.30642,-0.058664,-0.033019,-0.949513,42.444794,465.304016,84.702042
1400,0.303608,-0.057878,-0.032608,-0.950478,42.334877,464.761505,84.718681
1401,0.302329,-0.059085,-0.031649,-0.950844,42.411125,464.333527,84.562096
1402,0.300243,-0.05981,-0.030828,-0.951487,42.477337,463.917023,84.522385
1403,0.298393,-0.059729,-0.03034,-0.952089,42.450077,463.493591,84.444084
1404,0.29688,-0.059792,-0.029964,-0.95257,42.426765,463.045959,84.336174
1405,0.294617,-0.059951,-0.029273,-0.953284,42.386757,462.525604,84.274651
1406,0.293483,-0.05975,-0.029203,-0.953648,42.331131,462.14444,84.131714
1407,0.291244,-0.059967,-0.028733,-0.954335,42.328869,461.648773,84.085915
1408,0.289843,-0.060354,-0.028152,-0.954754,42.31461,461.229462,83.929604
1409,0.288847,-0.060621,-0.027641,-0.955054,42.229881,460.772827,83.676239
1410,0.287614,-0.060415,-0.027823,-0.955434,42.011131,460.145386,83.325752
1411,0.285627,-0.058215,-0.028236,-0.956154,41.652767,459.511414,83.106468
1412,0.284077,-0.058215,-0.027488,-0.956638,41.505276,458.985443,82.873047
1413,0.28311,-0.059125,-0.026974,-0.956883,41.50021,458.528992,82.631622
1414,0.28084,-0.057891,-0.027005,-0.957626,41.322899,458.047028,82.575943
1415,0.279598,-0.058229,-0.026501,-0.957983,41.277584,457.701538,82.422348
1416,0.277854,-0.059328,-0.025352,-0.958454,41.409504,457.335175,82.361046
1417,0.276228,-0.059216,-0.025046,-0.958939,41.384823,456.998932,82.28743
1418,0.274828,-0.059713,-0.024601,-0.959322,41.342415,456.620789,82.166702
1419,0.27277,-0.059568,-0.024216,-0.959928,41.313309,456.112427,82.055
1420,0.271486,-0.059024,-0.023979,-0.960331,41.195705,455.736267,81.889626
1421,0.269768,-0.059466,-0.023446,-0.960802,41.097343,455.233398,81.699982
1422,0.269091,-0.06016,-0.023172,-0.960955,40.910522,454.649567,81.39373
1423,0.268488,-0.058969,-0.023863,-0.96118,40.479832,453.952118,80.934357
1424,0.267149,-0.05678,-0.024213,-0.961676,39.8876,453.05072,80.354614
1425,0.265271,-0.053351,-0.02543,-0.962361,39.248997,452.160461,79.758232
1426,0.26323,-0.051669,-0.026176,-0.962993,38.854897,451.417633,79.339172
1427,0.262026,-0.052116,-0.02574,-0.963309,38.824993,451.012177,79.179199
1428,0.260583,-0.053627,-0.024633,-0.963646,38.963001,450.689301,79.108093
1429,0.259167,-0.0536,-0.02405,-0.964044,38.912746,450.370697,79.027283
1430,0.257616,-0.053455,-0.023692,-0.964477,38.799885,450.035522,78.948021
1431,0.25604,-0.054578,-0.022684,-0.964858,38.844006,449.711884,78.831375
1432,0.254588,-0.054799,-0.021965,-0.965246,38.868656,449.479889,78.814499
1433,0.253116,-0.055654,-0.021069,-0.965604,38.952061,449.325165,78.882217
1434,0.252226,-0.058071,-0.019894,-0.96572,39.133587,449.176666,78.849434
1435,0.250585,-0.058132,-0.019231,-0.966156,39.086273,448.956482,78.850609
1436,0.249311,-0.05815,-0.018302,-0.966503,38.914352,448.616302,78.664627
1437,0.247917,-0.058026,-0.017753,-0.966879,38.748608,448.25177,78.545914
1438,0.246636,-0.058102,-0.017359,-0.967209,38.611454,447.900604,78.388115
1439,0.245162,-0.057755,-0.017023,-0.967611,38.467712,447.597565,78.257355
1440,0.243614,-0.057853,-0.016326,-0.968008,38.350647,447.278503,78.105042
1441,0.242171,-0.057985,-0.015634,-0.968373,38.240013,446.986664,77.966042
1442,0.240518,-0.058325,-0.015023,-0.968774,38.153851,446.612122,77.824486
1443,0.238767,-0.05836,-0.014459,-0.969214,38.05946,446.197388,77.662048
1444,0.2368,-0.058212,-0.01368,-0.969717,37.949345,445.753235,77.498611
1445,0.235228,-0.058899,-0.012734,-0.970071,37.914303,445.400543,77.362358
1446,0.234889,-0.061307,-0.011539,-0.970018,38.106419,445.213959,77.279747
1447,0.233415,-0.064057,-0.009683,-0.970217,38.319054,444.937073,77.133652
1448,0.230666,-0.06289,-0.008884,-0.970958,38.113289,444.493896,77.060165
1449,0.2288,-0.063031,-0.008206,-0.971396,37.997616,444.095703,76.865707
1450,0.226758,-0.065004,-0.006747,-0.971756,38.028111,443.585907,76.649757
1451,0.224767,-0.064134,-0.006018,-0.972281,37.819096,443.155426,76.442902
1452,0.222712,-0.063584,-0.005495,-0.972793,37.645866,442.646576,76.200935
1453,0.22063,-0.064291,-0.00506,-0.973223,37.631855,442.162598,76.030884
1454,0.218788,-0.06481,-0.004467,-0.973608,37.587784,441.702759,75.827759
1455,0.216404,-0.064324,-0.00371,-0.974176,37.445721,441.16095,75.649429
1456,0.214772,-0.064229,-0.003266,-0.974545,37.313248,440.718994,75.418434
1457,0.212585,-0.064866,-0.002304,-0.974985,37.205002,440.258148,75.216522
1458,0.210428,-0.065,-0.001647,-0.975445,37.082581,439.770477,74.993256
1459,0.208335,-0.064399,-0.001119,-0.975935,36.951534,439.288727,74.777145
1460,0.206219,-0.065016,-0.000265,-0.976344,36.87846,438.825043,74.608261
1461,0.205032,-0.066156,0.000547,-0.976517,36.912537,438.502869,74.505249
1462,0.204985,-0.069016,0.001657,-0.976327,37.169994,438.306824,74.404465
1463,0.204923,-0.07212,0.00362,-0.976111,37.403629,438.10141,74.104454
1464,0.203149,-0.070784,0.004017,-0.976578,37.197033,437.723633,73.888168
1465,0.20129,-0.070756,0.004332,-0.976963,36.985718,437.21994,73.530472
1466,0.198648,-0.07129,0.005429,-0.97746,36.863747,436.667297,73.32653
1467,0.196816,-0.071624,0.006287,-0.977801,36.786442,436.214569,73.031761
1468,0.194131,-0.071476,0.007263,-0.978341,36.667862,435.654724,72.801834
1469,0.191712,-0.071932,0.008005,-0.978779,36.517223,435.077393,72.517899
1470,0.189659,-0.0717,0.008551,-0.979191,36.398697,434.585846,72.245277
1471,0.186871,-0.072178,0.009668,-0.979682,36.352783,433.99469,72.005013
1472,0.184603,-0.072347,0.010263,-0.980093,36.219582,433.434174,71.693123
1473,0.181281,-0.072239,0.010705,-0.980716,36.112858,432.655518,71.362747
1474,0.178408,-0.073127,0.011605,-0.981167,36.019146,431.880524,70.95784
1475,0.175656,-0.072535,0.012272,-0.981699,35.802338,431.179688,70.549385
1476,0.172926,-0.071553,0.012666,-0.982251,35.487404,430.459656,70.073639
1477,0.170902,-0.070968,0.012554,-0.982649,35.180828,429.800171,69.552467
1478,0.168062,-0.069565,0.012791,-0.983236,34.783432,429.054321,69.020531
1479,0.1659,-0.068569,0.013015,-0.98367,34.507515,428.450836,68.608002
1480,0.163635,-0.069629,0.014213,-0.983958,34.406372,427.833344,68.164604
1481,0.160946,-0.068962,0.014416,-0.984445,34.239651,427.190155,67.808556
1482,0.158085,-0.068538,0.015056,-0.984929,34.016594,426.552734,67.469536
1483,0.155767,-0.068942,0.01583,-0.985258,33.923279,426.012573,67.102051
1484,0.153236,-0.068955,0.016397,-0.985645,33.817692,425.477966,66.833961
1485,0.150846,-0.069071,0.017231,-0.985991,33.622749,424.951538,66.517952
1486,0.148552,-0.068919,0.017727,-0.986341,33.480278,424.42392,66.181
1487,0.146342,-0.068983,0.018287,-0.986656,33.370823,423.892029,65.85144
1488,0.144607,-0.06864,0.018969,-0.986923,33.128113,423.404602,65.416367
1489,0.142557,-0.067348,0.018984,-0.98731,32.770027,422.828857,64.895905
1490,0.140921,-0.066147,0.01884,-0.987629,32.331429,422.249359,64.305092
1491,0.138927,-0.064086,0.018809,-0.988048,31.846359,421.662445,63.718876
1492,0.137754,-0.063284,0.018734,-0.988265,31.490337,421.112,63.093037
1493,0.135809,-0.062393,0.018895,-0.988588,31.15732,420.561188,62.546612
1494,0.133506,-0.060983,0.018552,-0.988996,30.798882,419.981232,62.093819
1495,0.132033,-0.06053,0.018753,-0.989218,30.585304,419.531464,61.667854
1496,0.130354,-0.06102,0.019361,-0.989399,30.496435,419.051514,61.311356
1497,0.128925,-0.060449,0.019937,-0.989609,30.326532,418.699493,61.087814
1498,0.127006,-0.061527,0.020677,-0.989776,30.24115,418.277802,60.707531
1499,0.124871,-0.060559,0.020981,-0.990101,30.037455,417.910706,60.453541
1500,0.123482,-0.060224,0.021499,-0.990284,29.903755,417.621124,60.221729
1501,0.121757,-0.061986,0.022467,-0.990368,29.958237,417.311859,60.047596
1502,0.122273,-0.063749,0.022978,-0.990181,30.182964,417.274017,60.015148
1503,0.124089,-0.070049,0.024237,-0.989499,30.773331,417.277008,59.791328
1504,0.122605,-0.071626,0.025616,-0.989536,30.826292,416.963898,59.537987
1505,0.120369,-0.066634,0.02524,-0.990169,30.216038,416.576843,59.216881
1506,0.118541,-0.067968,0.02622,-0.990273,30.031464,416.044586,58.703594
1507,0.116392,-0.06927,0.027258,-0.99041,29.990845,415.653412,58.384701
1508,0.114191,-0.068434,0.02756,-0.990716,29.82682,415.298279,58.119766
1509,0.111974,-0.068939,0.028433,-0.990909,29.762068,414.862274,57.80595
1510,0.110108,-0.069177,0.029117,-0.991082,29.669727,414.478943,57.517059
1511,0.107706,-0.069017,0.029653,-0.991341,29.539438,414.065277,57.228504
1512,0.105448,-0.069689,0.030237,-0.991519,29.479429,413.612183,56.941166
1513,0.103611,-0.070886,0.031358,-0.991593,29.456257,413.201721,56.661674
1514,0.102381,-0.071628,0.031816,-0.991653,29.458441,412.88678,56.398033
1515,0.100362,-0.072246,0.032492,-0.991793,29.325018,412.50354,55.96386
1516,0.098075,-0.070031,0.032749,-0.992172,28.922922,412.120117,55.677391
1517,0.097023,-0.070653,0.033258,-0.992214,28.792727,411.841431,55.308582
1518,0.094841,-0.071586,0.034415,-0.992319,28.814075,411.48114,55.082047
1519,0.093394,-0.071216,0.034575,-0.992477,28.650146,411.178314,54.799179
1520,0.09143,-0.07074,0.034761,-0.992687,28.425915,410.772278,54.475613
1521,0.089688,-0.071311,0.035321,-0.992786,28.352528,410.393036,54.15897
1522,0.088203,-0.071112,0.035765,-0.992917,28.26116,410.085571,53.81852
1523,0.086043,-0.070503,0.036189,-0.993135,28.054592,409.666718,53.547634
1524,0.084966,-0.070636,0.036444,-0.993209,27.970081,409.410614,53.291553
1525,0.083196,-0.07083,0.036662,-0.993337,27.947836,409.117462,53.064255
1526,0.082248,-0.070602,0.037293,-0.993408,27.883095,408.916534,52.932365
1527,0.080965,-0.072149,0.038223,-0.993367,27.816402,408.658905,52.63195
1528,0.079609,-0.071585,0.038496,-0.993507,27.621637,408.385162,52.411572
1529,0.078926,-0.071264,0.038559,-0.993582,27.466755,408.16864,52.126781
1530,0.077557,-0.070935,0.038717,-0.993707,27.330532,407.851166,51.758778
1531,0.07656,-0.069332,0.038483,-0.993907,26.982578,407.576752,51.365662
1532,0.075078,-0.067826,0.03828,-0.994132,26.632992,407.214478,50.92458
1533,0.074268,-0.067765,0.038263,-0.994197,26.406057,406.878357,50.463413
1534,0.073235,-0.066628,0.038333,-0.994348,26.173754,406.549561,50.117851
1535,0.071537,-0.065458,0.038271,-0.994552,25.999517,406.23349,49.80719
1536,0.070446,-0.066378,0.038548,-0.994558,26.049751,405.990845,49.643684
1537,0.068941,-0.067919,0.039136,-0.994536,26.110161,405.697083,49.448353
1538,0.067696,-0.067432,0.039474,-0.994642,25.995613,405.439575,49.206825
1539,0.066226,-0.067239,0.039697,-0.994745,25.860291,405.143311,48.855259
1540,0.064599,-0.067011,0.03982,-0.994862,25.691208,404.81311,48.470661
1541,0.063292,-0.066381,0.040243,-0.994972,25.417545,404.488251,48.058754
1542,0.061744,-0.065179,0.040588,-0.995134,25.137871,404.127136,47.586948
1543,0.059957,-0.065043,0.041086,-0.995232,24.928324,403.794769,47.220779
1544,0.058383,-0.065367,0.04141,-0.995291,24.913113,403.516815,47.005199
1545,0.057131,-0.066504,0.042078,-0.99526,25.039999,403.286835,46.879066
1546,0.056195,-0.068416,0.043013,-0.995144,25.227768,403.118774,46.892498
1547,0.054799,-0.071079,0.044171,-0.994984,25.505169,402.93045,46.900749
1548,0.053541,-0.07225,0.045092,-0.994927,25.608652,402.761322,46.821766
1549,0.051887,-0.072403,0.045703,-0.994976,25.489624,402.509308,46.55714
1550,0.050088,-0.071572,0.045951,-0.995117,25.194344,402.2005,46.170807
1551,0.048513,-0.070982,0.046054,-0.995232,25.003702,401.875183,45.791946
1552,0.046698,-0.070833,0.046421,-0.995313,24.866632,401.533081,45.382099
1553,0.045116,-0.07042,0.046776,-0.995398,24.665022,401.205109,45.011204
1554,0.04357,-0.070156,0.0468,-0.995485,24.500845,400.826508,44.629005
1555,0.041972,-0.070025,0.047204,-0.995543,24.384577,400.518372,44.248478
1556,0.04027,-0.069729,0.047375,-0.995626,24.251749,400.195343,43.920326
1557,0.038759,-0.069656,0.047538,-0.995684,24.142513,399.854675,43.592484
1558,0.037177,-0.069855,0.047936,-0.995711,24.047367,399.540253,43.265633
1559,0.035403,-0.069915,0.048514,-0.995743,23.941544,399.222992,42.985077
1560,0.033897,-0.070247,0.048887,-0.995754,23.885792,398.954773,42.709042
1561,0.0325,-0.070172,0.049277,-0.995787,23.77257,398.685425,42.402882
1562,0.030927,-0.069542,0.049696,-0.99586,23.600245,398.4245,42.084587
1563,0.029686,-0.069738,0.049927,-0.995873,23.485336,398.154053,41.736889
1564,0.028225,-0.069427,0.050121,-0.995927,23.304226,397.854645,41.371628
1565,0.026887,-0.068439,0.050214,-0.996028,23.096453,397.580292,40.982738
1566,0.025335,-0.068492,0.05064,-0.996044,22.931656,397.266632,40.579826
1567,0.023854,-0.067977,0.050944,-0.9961,22.747677,396.969788,40.211426
1568,0.022585,-0.067912,0.051166,-0.996123,22.61603,396.707886,39.892128
1569,0.022283,-0.069487,0.051729,-0.995992,22.704721,396.55957,39.667538
1570,0.02259,-0.072474,0.052256,-0.995744,22.999441,396.518951,39.427151
1571,0.022397,-0.074062,0.053074,-0.995588,23.187328,396.471649,39.209164
1572,0.021094,-0.075034,0.053567,-0.995518,23.215176,396.248291,39.00058
1573,0.018943,-0.074186,0.05389,-0.995607,23.07197,395.88974,38.711849
1574,0.017364,-0.073592,0.054289,-0.995658,22.880732,395.612762,38.330471
1575,0.015257,-0.074823,0.055038,-0.99556,22.798206,395.23645,37.983646
1576,0.01387,-0.074707,0.055476,-0.995565,22.730652,394.960388,37.667267
1577,0.011937,-0.074413,0.056162,-0.995573,22.582031,394.670471,37.329136
1578,0.01011,-0.074986,0.056735,-0.995518,22.484667,394.393707,37.01276
1579,0.008528,-0.074922,0.057044,-0.99552,22.379204,394.183167,36.731319
1580,0.006738,-0.074734,0.057633,-0.995514,22.240883,393.9328,36.443218
1581,0.005404,-0.074904,0.057978,-0.995489,22.067024,393.73468,36.140614
1582,0.003592,-0.075332,0.058595,-0.995429,21.946678,393.432983,35.843311
1583,0.00209,-0.075602,0.059012,-0.995388,21.862898,393.176544,35.557529
1584,0.000339,-0.075359,0.059269,-0.995394,21.78347,392.880676,35.244926
1585,-0.001446,-0.076141,0.059727,-0.995306,21.706289,392.59436,34.919498
1586,-0.003033,-0.075899,0.059858,-0.995313,21.646795,392.332031,34.604366
1587,-0.00489,-0.075531,0.060343,-0.995304,21.536068,392.051392,34.262272
1588,-0.006126,-0.075813,0.061101,-0.995229,21.369268,391.826447,33.907185
1589,-0.00781,-0.075411,0.06138,-0.995231,21.218582,391.514313,33.541832
1590,-0.009231,-0.074683,0.061322,-0.995277,21.028999,391.277985,33.134148
1591,-0.010784,-0.074694,0.061787,-0.995232,20.844431,390.997284,32.720291
1592,-0.01231,-0.07414,0.061738,-0.995259,20.663403,390.716492,32.27058
1593,-0.013765,-0.073723,0.062087,-0.995249,20.466438,390.473877,31.828131
1594,-0.015549,-0.073318,0.06264,-0.995218,20.235779,390.176788,31.360876
1595,-0.016841,-0.07251,0.062596,-0.995259,20.012381,389.944366,30.955608
1596,-0.018626,-0.072434,0.063106,-0.995201,19.857658,389.663605,30.547735
1597,-0.019935,-0.072114,0.063464,-0.995176,19.745144,389.457489,30.191599
1598,-0.019662,-0.073199,0.063984,-0.995069,19.879662,389.409851,29.913214
1599,-0.021093,-0.076093,0.064185,-0.994809,19.999792,389.163605,29.512915
1600,-0.023778,-0.072883,0.06441,-0.994974,19.633011,388.818176,29.353189
1601,-0.024611,-0.074051,0.065214,-0.994816,19.63611,388.663483,29.008722
1602,-0.026779,-0.076392,0.06599,-0.994531,19.705172,388.330475,28.614868
1603,-0.028011,-0.07319,0.065598,-0.994764,19.303761,388.160522,28.410419
1604,-0.030176,-0.074653,0.066305,-0.994545,19.260786,387.866425,28.00481
1605,-0.03091,-0.076284,0.066849,-0.994362,19.305267,387.729126,27.597567
1606,-0.032001,-0.074008,0.067215,-0.994475,18.969252,387.609589,27.369356
1607,-0.034003,-0.075146,0.067854,-0.99428,18.881363,387.365875,27.019741
1608,-0.034651,-0.075956,0.06831,-0.994165,18.881815,387.279785,26.751654
1609,-0.037054,-0.074675,0.068988,-0.994128,18.679327,386.988373,26.546724
1610,-0.038186,-0.075617,0.069462,-0.993981,18.695024,386.810059,26.289301
1611,-0.039888,-0.077083,0.069818,-0.993777,18.760246,386.538025,25.989752
1612,-0.041871,-0.076114,0.070041,-0.993754,18.616079,386.225098,25.759315
1613,-0.043194,-0.077077,0.070404,-0.993598,18.663517,385.94043,25.448078
1614,-0.044194,-0.079019,0.070849,-0.99337,18.811157,385.692322,25.135893
1615,-0.045322,-0.078413,0.070755,-0.993374,18.681627,385.48465,24.83555
1616,-0.047714,-0.077021,0.070868,-0.993362,18.401741,385.134338,24.485607
1617,-0.048328,-0.078578,0.071029,-0.993199,18.389612,384.973114,24.022032
1618,-0.050148,-0.077548,0.071223,-0.993176,18.229355,384.665985,23.615032
1619,-0.051674,-0.075542,0.07127,-0.993249,17.909124,384.405029,23.175583
1620,-0.052982,-0.076703,0.071134,-0.993101,17.838247,384.140717,22.654388
1621,-0.054748,-0.075197,0.070768,-0.993147,17.629545,383.829681,22.1707
1622,-0.056031,-0.074007,0.071231,-0.993131,17.293619,383.576813,21.699333
1623,-0.05783,-0.07409,0.07118,-0.993026,17.239117,383.237061,21.179811
1624,-0.058886,-0.073876,0.071137,-0.992983,17.028969,383.033936,20.679686
1625,-0.060205,-0.072366,0.071065,-0.99302,16.828356,382.763306,20.260368
1626,-0.061418,-0.072956,0.070948,-0.992911,16.817078,382.494476,19.721575
1627,-0.063518,-0.072438,0.071099,-0.992806,16.554886,382.139496,19.243113
1628,-0.06487,-0.070778,0.070626,-0.992872,16.320362,381.802704,18.786026
1629,-0.066197,-0.071764,0.070686,-0.992709,16.285404,381.519867,18.261675
1630,-0.067494,-0.070413,0.070895,-0.992704,16.060396,381.287201,17.835854
1631,-0.067589,-0.069327,0.070818,-0.992779,15.934408,381.22226,17.473289
1632,-0.066594,-0.072153,0.070859,-0.992642,16.236259,381.299133,17.056377
1633,-0.065589,-0.073845,0.070979,-0.992576,16.284046,381.443665,16.645767
1634,-0.068162,-0.0698,0.071924,-0.992627,15.716043,381.222809,16.333174
1635,-0.068794,-0.069503,0.071893,-0.992607,15.489552,381.156494,15.926212
1636,-0.069649,-0.071623,0.071906,-0.992396,15.486124,381.072968,15.419265
1637,-0.07114,-0.067971,0.07257,-0.992498,14.966123,380.970612,15.149162
1638,-0.071391,-0.067383,0.072991,-0.992489,14.71904,380.999573,14.796142
1639,-0.072331,-0.069511,0.073743,-0.992219,14.639752,381.019409,14.354948
1640,-0.072557,-0.065598,0.07394,-0.992454,14.039331,381.187317,14.133473
1641,-0.073643,-0.064369,0.074804,-0.99239,13.676387,381.269226,13.783033
1642,-0.073263,-0.065919,0.075576,-0.992258,13.530458,381.501312,13.401301
1643,-0.074286,-0.063299,0.07637,-0.992292,13.056682,381.511322,13.253433
1644,-0.074824,-0.063082,0.076503,-0.992255,12.908794,381.475555,13.046014
1645,-0.07506,-0.06515,0.076778,-0.992082,13.058148,381.458344,12.977307
1646,-0.076644,-0.06488,0.07734,-0.991935,13.055851,381.279419,13.069721
1647,-0.076832,-0.066299,0.077554,-0.99181,13.204098,381.24823,13.101217
1648,-0.077913,-0.067965,0.077641,-0.991606,13.354596,381.102539,13.096307
1649,-0.078279,-0.067055,0.077842,-0.991623,13.261134,381.063477,13.092736
1650,-0.078975,-0.067314,0.078192,-0.991523,13.217877,380.992706,12.948237
1651,-0.07965,-0.067617,0.078343,-0.991436,13.173766,380.937347,12.77833
1652,-0.079846,-0.066604,0.078624,-0.991467,13.018193,380.946625,12.682134
1653,-0.080796,-0.067451,0.079053,-0.991299,12.975479,380.863281,12.539281
1654,-0.080682,-0.068369,0.079421,-0.991216,12.983491,380.899536,12.466455
1655,-0.081366,-0.068105,0.079669,-0.991158,12.939241,380.836243,12.436425
1656,-0.081604,-0.068554,0.079704,-0.991105,12.942069,380.817627,12.307011
1657,-0.082159,-0.067886,0.079867,-0.991092,12.887511,380.761383,12.214929
1658,-0.082776,-0.067835,0.079967,-0.991036,12.85056,380.656433,12.060494
1659,-0.083192,-0.067568,0.08001,-0.991016,12.803214,380.594879,11.900943
1660,-0.084096,-0.067177,0.079937,-0.990972,12.75955,380.459564,11.754917
1661,-0.084577,-0.067517,0.079852,-0.990915,12.763499,380.362518,11.571822
1662,-0.0854,-0.067542,0.079715,-0.990853,12.702168,380.246033,11.361019
1663,-0.086014,-0.066745,0.079946,-0.990836,12.491583,380.194275,11.079921
1664,-0.086508,-0.065385,0.079949,-0.990883,12.29489,380.133026,10.783978
1665,-0.08706,-0.065228,0.080203,-0.990825,12.143597,380.044983,10.546721
1666,-0.087417,-0.064833,0.08022,-0.990818,12.038567,379.991547,10.331387
1667,-0.088237,-0.065401,0.080468,-0.990688,11.979245,379.859619,10.078178
1668,-0.088247,-0.066419,0.080514,-0.990615,12.011426,379.830536,9.859289
1669,-0.089219,-0.066432,0.080584,-0.990522,11.966466,379.698303,9.596412
1670,-0.090312,-0.064897,0.080658,-0.990518,11.763049,379.553253,9.354694
1671,-0.090609,-0.064773,0.080569,-0.990507,11.667113,379.484283,9.00391
1672,-0.092021,-0.064142,0.080842,-0.990395,11.429641,379.337036,8.578069
1673,-0.092383,-0.061792,0.080609,-0.99053,11.085267,379.336273,8.200115
1674,-0.093145,-0.061622,0.080547,-0.990474,10.920626,379.251617,7.818016
1675,-0.093677,-0.060904,0.080824,-0.990446,10.731346,379.231018,7.498809
1676,-0.094351,-0.060064,0.081162,-0.990406,10.526333,379.184082,7.276036
1677,-0.094897,-0.060936,0.081594,-0.990264,10.532404,379.134491,7.146331
1678,-0.095005,-0.061263,0.081662,-0.990228,10.56809,379.145721,7.112603
1679,-0.095585,-0.061082,0.081814,-0.990171,10.541452,379.089661,7.082923
1680,-0.095459,-0.061337,0.081902,-0.99016,10.551682,379.109131,7.043624
1681,-0.095757,-0.061424,0.082044,-0.990114,10.542231,379.084106,7.031096
1682,-0.095756,-0.061246,0.082058,-0.990124,10.527226,379.101227,7.017419
1683,-0.095656,-0.06138,0.082044,-0.990127,10.537989,379.117523,7.019717
1684,-0.095693,-0.061361,0.082115,-0.990119,10.53236,379.128906,7.034753
1685,-0.095377,-0.061322,0.08216,-0.990148,10.510276,379.2034,7.071878
1686,-0.095528,-0.06142,0.08217,-0.990126,10.510859,379.197327,7.109251
1687,-0.095198,-0.061194,0.082114,-0.990177,10.504542,379.242401,7.172733
1688,-0.09529,-0.061348,0.08207,-0.990162,10.525429,379.224823,7.247097
1689,-0.095485,-0.061767,0.082103,-0.990114,10.595756,379.184509,7.346172
1690,-0.095456,-0.062177,0.081987,-0.990101,10.693818,379.151917,7.448134
1691,-0.095527,-0.062778,0.081793,-0.990072,10.814072,379.105988,7.54433
1692,-0.095268,-0.062677,0.081691,-0.990112,10.843204,379.130524,7.584527
1693,-0.095422,-0.062293,0.081722,-0.990119,10.787293,379.124908,7.559915
1694,-0.09524,-0.061913,0.08177,-0.990156,10.740436,379.175507,7.581857
1695,-0.095136,-0.062277,0.081757,-0.990145,10.75993,379.208954,7.60668
1696,-0.09502,-0.062295,0.08169,-0.99016,10.748719,379.221039,7.637294
1697,-0.095055,-0.061842,0.081683,-0.990186,10.708766,379.226685,7.617666
1698,-0.095141,-0.061996,0.081763,-0.990161,10.693631,379.192413,7.611412
1699,-0.095115,-0.062376,0.081741,-0.990142,10.733736,379.185059,7.61056
1700,-0.095317,-0.062511,0.081752,-0.990113,10.721267,379.1539,7.595023
1701,-0.095361,-0.062427,0.081949,-0.990098,10.659994,379.154938,7.551838
1702,-0.095471,-0.062449,0.082051,-0.990077,10.635097,379.163574,7.534497
1703,-0.095562,-0.062767,0.081999,-0.990053,10.647756,379.158447,7.528169
1704,-0.095587,-0.062681,0.082051,-0.990051,10.610821,379.156982,7.510936
1705,-0.095775,-0.062439,0.082152,-0.99004,10.549784,379.139862,7.473473
1706,-0.095727,-0.062549,0.082182,-0.990035,10.565381,379.147827,7.469748
1707,-0.095937,-0.062986,0.082182,-0.989987,10.617208,379.1073,7.45502
1708,-0.096045,-0.062897,0.082079,-0.989991,10.619068,379.082703,7.430444
1709,-0.096246,-0.062777,0.08207,-0.98998,10.610448,379.056946,7.395011
1710,-0.096369,-0.063014,0.082017,-0.989957,10.643321,379.028992,7.382348
1711,-0.096347,-0.063133,0.082088,-0.989946,10.657897,379.029114,7.376645
1712,-0.096469,-0.063029,0.082062,-0.989943,10.633533,379.012085,7.352121
1713,-0.096488,-0.06291,0.082165,-0.98994,10.603568,379.024261,7.327339
1714,-0.096618,-0.063168,0.082189,-0.989909,10.641436,379.009186,7.327876
1715,-0.096631,-0.063286,0.082246,-0.989896,10.663881,378.993164,7.31187
1716,-0.096728,-0.06308,0.082287,-0.989896,10.646008,378.987244,7.279814
1717,-0.096892,-0.06294,0.08236,-0.989882,10.630637,378.980865,7.254466
1718,-0.096919,-0.063176,0.082364,-0.989865,10.65654,378.978546,7.24536
1719,-0.097027,-0.063312,0.082419,-0.989841,10.657548,378.969452,7.231155
1720,-0.097056,-0.062959,0.082439,-0.989859,10.613253,378.974915,7.20231
1721,-0.097191,-0.062998,0.08254,-0.989834,10.598035,378.979675,7.187316
1722,-0.097174,-0.063284,0.082522,-0.989819,10.632065,378.982574,7.187723
1723,-0.097212,-0.063315,0.082631,-0.989805,10.630893,378.990479,7.177576
1724,-0.097309,-0.063105,0.082644,-0.989807,10.619678,378.977661,7.152948
1725,-0.097405,-0.063088,0.082557,-0.989806,10.630337,378.965759,7.134933
1726,-0.09747,-0.063468,0.082589,-0.989773,10.659771,378.946594,7.135
1727,-0.097478,-0.063298,0.082475,-0.989793,10.644144,378.93869,7.12901
1728,-0.097482,-0.063319,0.082516,-0.989788,10.608526,378.921326,7.119925
1729,-0.097513,-0.06319,0.082455,-0.989798,10.605117,378.914032,7.122728
1730,-0.097479,-0.063432,0.082512,-0.989781,10.621392,378.915161,7.134734
1731,-0.097465,-0.063359,0.082404,-0.989796,10.619912,378.916534,7.13838
1732,-0.097368,-0.063164,0.08242,-0.989817,10.615767,378.920929,7.145217
1733,-0.097363,-0.06324,0.08231,-0.989821,10.634238,378.91861,7.158347
1734,-0.09716,-0.06329,0.082325,-0.989837,10.654678,378.931915,7.190979
1735,-0.097072,-0.063305,0.082268,-0.989849,10.658372,378.932495,7.221198
1736,-0.096943,-0.063241,0.082208,-0.989871,10.653568,378.933228,7.247754
1737,-0.09677,-0.063274,0.082193,-0.989887,10.658716,378.948578,7.276408
1738,-0.096692,-0.063199,0.082204,-0.989899,10.642874,378.963104,7.305961
1739,-0.096595,-0.063163,0.082072,-0.989921,10.63312,378.990601,7.329534
1740,-0.096532,-0.063182,0.082218,-0.989914,10.641462,379.011261,7.344265
1741,-0.096477,-0.063195,0.082091,-0.989929,10.654417,379.012299,7.355364
1742,-0.096499,-0.063274,0.082215,-0.989912,10.662235,378.998383,7.356575
1743,-0.096527,-0.063169,0.082094,-0.989926,10.661921,378.988586,7.345101
1744,-0.096509,-0.063164,0.082051,-0.989931,10.651908,378.985779,7.347553
1745,-0.096525,-0.063138,0.082003,-0.989935,10.643222,378.981201,7.34445
1746,-0.096519,-0.063197,0.08208,-0.989926,10.62012,379.002411,7.339649
1747,-0.09657,-0.063175,0.08217,-0.989915,10.607571,379.017365,7.329052
1748,-0.096612,-0.063149,0.082131,-0.989916,10.614553,379.02005,7.319857
1749,-0.096673,-0.063272,0.082315,-0.989887,10.61156,379.023285,7.306847
1750,-0.09681,-0.063221,0.082413,-0.989868,10.610407,379.006958,7.290984
1751,-0.096812,-0.06318,0.082298,-0.98988,10.624747,378.979553,7.27366
1752,-0.09693,-0.063296,0.082349,-0.989857,10.626296,378.953827,7.258768
1753,-0.097064,-0.063264,0.082371,-0.989844,10.626629,378.945282,7.238164
1754,-0.097102,-0.063231,0.082432,-0.989837,10.626254,378.953308,7.222952
1755,-0.097158,-0.063383,0.082443,-0.989821,10.63707,378.962982,7.210858
1756,-0.097197,-0.063386,0.082571,-0.989807,10.654035,378.9758,7.199259
